AS / DISTILL CODE REVIEW AND FIX LOG
Date: 2026-07-11 UTC
Repository: /home/ubuntu/FAR/holosoma
Scope: PPO/distill/DAgger, adaptive sampling (AS), distributed checkpointing,
       rank-local motion shards, IsaacSim clip assets, and training launchers.

======================================================================
1. PPO / DISTILL / DAGGER
======================================================================

- Refresh the PPO coefficient before each rollout and immediately after resume.
  `switch_to_rl_after` is now derived with `>=`, preventing a late checkpoint
  from re-entering BC mode for one iteration.
- Reject teacher action mixing/take-teacher whenever the current or future
  schedule contains a PPO contribution. Such samples do not carry behavior
  policy-consistent log-probabilities and would make the PPO objective invalid.
  Pure DAgger remains supported.
- Change DAgger standard-deviation matching across action dimensions from a sum
  to a mean and keep it disabled by default.
- Project policy and teacher standard deviations with a shared interpolation
  rule that preserves the configured mean floor without violating the per-axis
  hard cap.
- Capture legacy MSE teacher labels during rollout with the teacher observation
  groups and teacher perception, instead of reconstructing them later from the
  wrong observation context.
- Respect normalization metadata in teacher checkpoints and support the strict
  actor observation aliases used by compatibility/legacy teachers.
- Wrap ONNX export mode changes in `try/finally` so the module training state is
  always restored.
- Make all ranks participate in environment-state collection during periodic
  and final checkpoint saves. Gather through the full-world Gloo group, let
  only the main rank write/export, store `env_state_by_rank`, restore by global
  rank, and retain compatibility with legacy `env_state` checkpoints.
- Apply `env.distributed_loss_weight` before gradient all-reduce so overlapping
  rank-local shard coverage does not bias the global actor/critic update.

======================================================================
2. ADAPTIVE SAMPLING / SHARDS / ISAACSIM
======================================================================

- Use `valid_start_counts` for failure bins and sampled starts. Exact FPS
  multiples no longer create an empty phantom tail bin.
- Compose adaptive failure density with contact/T1 reweighting in one discrete
  timestep distribution instead of allowing one mechanism to overwrite the
  other.
- Represent `start_at_timestep_zero_prob` as an explicit delta-at-zero mixture;
  entropy, T1-window, contact-stage, and effective probability metrics now
  describe the distribution that is actually sampled.
- Prefer exported contact sidecar `t1/t2` for pickup/drop-button stages, with a
  per-clip kinematic fallback only when sidecar data is absent.
- Save and strictly restore AS failure EMA, per-clip adaptive statistics, and
  sampling weights, including shard/clip/geometry validation.
- Preserve restored AS state across `load -> learn -> reset_all`.
- Fix the capability guard so non-sharded homogeneous banks participate in
  cross-rank adaptive-state synchronization. Rank-local banks explicitly skip
  it because clip identity and tensor shapes differ.
- Add global clip count, cover count, and rank loss scale to shard metadata.
  Sampling uses inverse-cover correction; stale metadata and incompatible
  world-size/rank assignments fail fast and require shard regeneration.
- Preserve the per-clip URDF sequence for fixed environment assignment while
  still deduplicating spawned assets. This keeps clip-weighted sampling from
  silently becoming object-weighted sampling.

======================================================================
3. LAUNCHERS AND CHECKPOINT CONTRACTS
======================================================================

- Infer full-resume hidden dimensions from checkpoint metadata and fail fast
  when the architecture cannot be determined safely.
- Normalize W&B HTTPS references to the checkpoint contract and reject an empty
  same-run resume target.
- Enforce one identity for custom bank copy/install/train paths.
- Permit `RESUME_FROM_BOX` only for a compatible drop-button MLP checkpoint;
  reject flow, dual-button, and generic base checkpoints before training.
- Ensure explicit `RESUME_FROM_BOX=0` does not change the default dataset.
- Validate convex banks from actual URDF/mesh geometry rather than filename
  heuristics.
- Enable finite checks, default `DAGGER_MATCH_STD` to false, cap early PPO noise
  at 0.1, and infer teacher observation history from local checkpoint metadata.
  Unknown remote teacher history now requires an explicit value.
- Update launcher notes to match the composed AS/contact sampling semantics and
  add launcher contract coverage.

======================================================================
4. VERIFICATION
======================================================================

- PPO/distill regression: 83 passed, 1 skipped.
- AS/checkpoint/shard targeted regression: 28 passed.
- Extended core regression: 81 passed, 2 skipped.
- Command-manager regression: 12 passed.
- ONNX regression: 2 passed.
- Launcher contract tests: passed.
- Shell syntax checks (`bash -n`): passed.
- Convex bank validation: 79/79 clips passed.
- Python compilation and `git diff --check`: passed.
- A two-process Gloo environment-state gather smoke test passed.

An actual Isaac rollout smoke test was attempted but did not reach rollout:
another long-running job was already using approximately 33 GiB of GPU memory,
and PhysX failed while requesting roughly 2 GiB more. This is recorded as an
environment-capacity block, not as a passing runtime test. Test processes and
the temporary approximately 6 GiB cache were cleaned up.

Full-repository collection still exposes pre-existing unrelated issues around
missing/inconsistent `holosoma_inference` tests, motion-geometry visualization,
and stale W&B mocks. They were not attributed to this change set.

======================================================================
5. INTENTIONAL NON-CHANGE / FOLLOW-UP DECISION
======================================================================

The default `start_at_timestep_zero_prob` schedule rises from 0.2 to 1.0. Thus,
near the end of training, the nonzero adaptive branch approaches zero weight.
The implementation and metrics are now internally correct, but changing that
schedule would alter training intent, so it was deliberately left unchanged.

======================================================================
6. GIT DELIVERY BOUNDARY
======================================================================

Only this log and `/home/ubuntu/FAR/holosoma/agent.md` are force-added despite
the repository's allow-list `.gitignore`. No other existing, modified, ignored,
or untracked files are staged by this handoff.

======================================================================
7. CONTINUED STUDENT-POLICY AND DISTRIBUTED REVIEW (2026-07-12/13 UTC)
======================================================================

Student-policy schedule and optimization:

- Corrected adaptive learning-rate gating. Only a scheduled pure-BC phase
  (`ppo_coeff <= 0`) suppresses KL-based actor LR adaptation. Any nonzero PPO
  contribution, including 0.01 or 0.1, uses the PPO KL adaptation path.
- Kept the intended fresh-run schedule explicit: iterations 0-699 use
  `ppo_coeff=0.0`, 700-1399 use 0.1, and each subsequent 700-iteration tier
  increases by 0.1 until 0.9 at iteration 6300. BC weight is `1-PPO`, so 0.1
  BC remains after iteration 6300.
- During the initial pure-BC actor phase, student rollout actions are the
  deterministic means. The actor learns only from supervised BC while the
  critic still learns its value target. At the first PPO tier the exploration
  standard deviation is capped at 0.1.
- A CPU reproduction showed that starting with a nonzero PPO coefficient can
  legitimately produce large KL and near-zero ratios after the BC update. The
  large KL seen in earlier canaries was real policy drift, not a KL-statistic
  implementation error.

Exact fixed-BC evaluation contract:

- Replaced the per-rank rounded budget with quotient/remainder allocation.
  For 4096 samples over 104 ranks, ranks 0-39 own 40 samples and ranks 40-103
  own 39 samples: `40*40 + 64*39 = 4096` exactly.
- Aligned MSE numerator and denominator with rank-shard loss weights. The raw
  all-reduced sample count is retained separately and must equal 4096; the
  weighted sample count is also reported.
- Checkpoints now persist allocation version, scheme, global budget, world
  size, rank, and local target. Resume validates all fields strictly. A legacy
  ready state fails closed unless
  `HOLOSOMA_ALLOW_FIXED_BC_EVAL_RESET_ON_RESUME=1` is explicit.
- The allocation handles budgets smaller than world size by supporting
  zero-target ranks.

Distributed topology and rank-visible execution:

- `train_agent_rank_visible.py` now exposes exactly one physical GPU per
  worker while preserving `HOLOSOMA_ORIGINAL_LOCAL_RANK` and
  `HOLOSOMA_ORIGINAL_LOCAL_WORLD_SIZE` for distributed topology, rank-local
  shards, and one-per-node progress/completion markers.
- Replaced the unstable 104-rank global NCCL gradient communicator with:
  13 local eight-rank NCCL reduce/broadcast groups, 13 local Gloo barrier
  groups, and one 13-rank CPU/Gloo leader all-reduce group.
- Added explicit CUDA fences around packing, local reduce, leader CPU copy,
  leader all-reduce, and local broadcast. Rank weights are applied once before
  reduction and the global sum is divided once by 104.
- The default process group is Gloo. Small/control collectives and model sync
  use Gloo; large gradients use the hierarchical path. Unsupported topology,
  hierarchical/Gloo-gradient conflicts, and CPU-leader-without-hierarchy now
  fail closed rather than silently falling back to global NCCL.

Execution provenance:

- Added typed runtime fields for `HOLOSOMA_RANK_VISIBLE_DEVICES`, `NPROC`,
  hierarchical reduce, CPU leader, Gloo small/gradient paths, TF32,
  contiguous minibatches, supervised microbatching, and related execution
  switches. Resume compares their exact values and types.
- NCCL runtime SHA is mandatory when either the default backend is NCCL or
  hierarchical local NCCL is enabled, even when the default backend is Gloo.
- Pinned NCCL runtime:
  `/home/ubuntu/FAR/holosoma_runs/.runtime/nccl/e4a7aee9c3eecf53fac780441d2f03b578ab8db8874b71f8e391bcec7adb2899/libnccl.so.2`
  with SHA256
  `e4a7aee9c3eecf53fac780441d2f03b578ab8db8874b71f8e391bcec7adb2899`.
- Teacher SHA256:
  `1c441a7eea24fb28d67cc4b5edeb123b91d589ec095d383034f32210a87b6c5b`.
  Student policy initializer SHA256:
  `7f62166a326423704841f87446fd953d6ea7d466a97872cb020f835f36db3081`.

======================================================================
8. LAUNCHER LIFECYCLE AND OWNERSHIP FIXES
======================================================================

- Validate `SESSION` and `RUN_STAMP` as safe basenames.
- Reserve the main and provenance rendezvous ports atomically on the master.
  Reservations carry version, token, session, port, and creation time, and are
  released only by the owning token on launch failure, stop, or rank-zero exit.
- Prepublish a version-2 launch intent on every node before starting any tmux
  session. Bind active state, tmux metadata, and the log header to snapshot,
  log directory, target iteration, launch token, command SHA256, and epoch.
- Status now distinguishes startup grace, running, finalizing, completed,
  stopping/stopped, and rollback states. A completion marker is authoritative
  only when it matches the active target and the exact tmux session has exited.
  Stale markers and logs from older launches are rejected.
- The launcher forwards and validates hierarchical reduce, CPU leader, and
  rank-visible switches. Hierarchical Gloo launches still verify and preload
  the pinned NCCL library used by local groups.
- During the first formal launch attempt, controlled stop exposed a real FD
  inheritance deadlock: the launcher held flock FD8 while calling
  `tmux new-session`; tmux and its long-running pane inherited FD8, so stop
  blocked waiting for the job to release the lock that stop needed to kill it.
- Fixed the deadlock by invoking `tmux new-session ... 8>&-`. The launcher
  parent retains the lock through tmux option and active-state binding, so the
  fix closes the FD only in the persistent child and does not introduce a
  check/create race.
- Added a dynamic regression assertion in the fake tmux process using
  `/proc/$$/fd/8`; the old implementation exits with an error and the fixed
  implementation sees FD8 closed. Dry-run contracts also require the explicit
  `8>&-` suffix.

======================================================================
9. MULTI-NODE CANARY CHRONOLOGY AND ROOT CAUSE
======================================================================

- r9-r11 fixed rank-local shard/visible-rank issues and W&B `AlreadyJoined`,
  then passed on eight GPUs.
- r12 stalled during startup. r13/r14 reproduced random single-rank stalls in
  the 104-rank flat NCCL path.
- r15 made rank-zero appear stuck in a Gloo KL wait, but full rank chronology
  showed rank59 was still in the previous minibatch's global NCCL gradient
  all-reduce. The Gloo wait was a consequence, not the root cause.
- r14/r15/r17 lagged on different ranks and nodes (42, 59, and 13), excluding
  a stable bad-host explanation. The common factor was global 104-rank NCCL
  interleaved with Isaac simulation/training; standalone NCCL stress did not
  reproduce the same interleave.
- r16 completed one iteration but used an older overlay and did not contain the
  final execution-provenance contract; it was not accepted as the final run.
- r17 used the then-final source but rank13 stalled at iteration 0 minibatch 4
  while the other 103 ranks entered the next collective. It produced no
  checkpoint and was stopped and fully cleaned.

r18 accepted canary:

- Session:
  `as_debug30_ws104_hier_gloo_canary_r18_20260713_014025`.
- Source snapshot:
  `src-3013a474b4f2a00e851c87ff8ce83d269c78f21064152dbe4118fa0708566b89`.
- Configuration: 13 nodes x 8 GPUs, 64 env/GPU, 6656 total envs, five
  iterations, 64 minibatches, one learning epoch, Gloo default/small
  collectives, hierarchical local NCCL + CPU/Gloo leaders, rank-visible.
- All 104 ranks completed all five iterations and all 64 minibatches per
  iteration: 33,280/33,280 updates and 520/520 rank-iteration exits. No update
  was skipped and no non-finite gradient, traceback, NCCL warning, timeout, or
  lagging rank occurred. The final collective across 104 ranks spanned only
  about 9 ms.
- Active GPU sampling showed exactly one CUDA process on every one of 104
  GPUs, approximately 25.65-25.95 GiB per GPU, and no duplicate contexts.
- Pure-BC learning moved in the correct direction:
  distill loss approximately 0.3129 -> 0.1894, fixed-BC MSE
  0.2161 -> 0.1642, and KL 481.23 -> 23.43.
- `model_00005.pt` was written (92,577,155 bytes). It contains actor/critic,
  both optimizer states, 104 rank-local environment states, 104 fixed-BC
  states, `next_iter=5`, and exact execution provenance. A recursive scan of
  1,252 tensors / 23,025,226 elements found no non-finite value.
- W&B run `n8rr1bka` synced successfully. All 13 tmux sessions and all 104
  CUDA processes exited naturally; both rendezvous reservations were removed.
- Isaac Kit printed identical headless Vulkan/renderer startup errors for
  non-rendering ranks. This experiment uses `enable_cameras=False` and the
  bundled Warp raycast perception path; nonzero finite `actor_perception`
  tensors were stored for all fixed-BC strata, so these renderer diagnostics
  did not disable the actual student perception input.

======================================================================
10. FORMAL LAUNCH STATUS
======================================================================

- The first formal r19 attempt was intentionally stopped before acceptance
  because internal `RUN_NAME`/`TRAINING_NAME` used generic launcher defaults.
  Its controlled stop exposed the FD8 deadlock described above. The exact
  token-owned sessions were removed, all 13 active states reached `stopped`,
  all 104 GPUs were cleared, and ports 29841/29842 were released.
- The launcher fix was frozen into source snapshot
  `src-2c6842ca880d9b6eb9c4b5eb2cd4e89ae4454fab654363fb4184eb09a334ae1f`.
  Archive SHA256:
  `8407ef6ce9257ad9353f6ad55374daec258d176d9ef8fa883ce77681cfd23c16`.
  Source bundle SHA256 recorded at runtime:
  `6bd394f9c4c6f63db8e71ce6e51e87d4d84e975817c1904db00b0814183bd302`.
- Exact Python overlay:
  `/home/ubuntu/FAR/holosoma_runs/.runtime/python/numpy-1.26.0-866c2b4f9a5822c04683586b086b032bda5413b89edb760788d5fc2fe7a861c4/site-packages`,
  manifest SHA256
  `866c2b4f9a5822c04683586b086b032bda5413b89edb760788d5fc2fe7a861c4`,
  890 files. It was exact-tree verified on all 13 nodes.
- Accepted formal session:
  `as_debug30_ws104_scientific_formal_r20_20260713_020500`.
  Internal run name is the same session; training name is
  `g1_29dof_as_debug30_ws104_scientific_formal_r20_20260713_020500`.
- Master endpoints: `10.99.1.60:29861` and provenance port 29862. The launch
  token is intentionally redacted from this pushable log and remains only in
  the node-local ownership records.
- Target is 40,000 fresh iterations; checkpoint and fixed-BC evaluation
  intervals are 100. Numerical/training configuration otherwise matches r18.
- Initial acceptance at 2026-07-13 02:12 UTC: nine consecutive progress
  markers, 104/104 ranks alive, exactly one process per GPU, 13/13 pane
  processes with FD8 closed, zero cross-node fatal errors, and no lagging rank.
  Iterations take approximately 10-11 seconds after startup.
- Iteration-zero metrics: distill loss 0.3128, fixed-BC MSE 0.2156, exact raw
  fixed-BC sample count 4096, rank strata 104, KL 481.04, PPO coefficient 0,
  and noise standard deviation 0.1. Through iteration 3, distill loss fell to
  0.2041 and KL to 31.79.
- W&B run: `fr0e6szp`.
  Training directory:
  `/home/ubuntu/FAR/holosoma_runs/training_logs/carry-any/20260713_020959-g1_29dof_as_debug30_ws104_scientific_formal_r20_20260713_020500-locomotion`.
- A complete monitoring window sampled all 13 nodes 12 times over 562 seconds.
  Progress increased by 49 iterations without a pause; every sample contained
  104 workers, 104 CUDA applications, 104 unique GPU identities, and 104
  unique PIDs. Cross-node fatal-error scans remained zero.
- The first formal checkpoint `model_00100.pt` is stable at 92,577,219 bytes;
  repeated stat checks had identical size/mtime/inode, there was no open writer
  or temporary sibling, and training continued through iteration 106.
- Deep checkpoint validation passed: `iter=99`, `next_iter=100`, 104
  environment states, 104 fixed-BC states, exact 4096 raw samples, 17 actor
  optimizer states, 8 critic optimizer states, and exact r20 execution
  provenance. All 1,252 tensors / 23,025,226 elements are finite. Actor std is
  exactly 0.1 on every action dimension at this pure-BC stage.

======================================================================
11. FINAL VERIFICATION UPDATE
======================================================================

- Extended Python regression: 522 passed, 3 skipped, 1 warning.
- PPO module regression after hierarchy/fixed-BC changes: 163 passed, 1
  skipped; hierarchy-targeted regression: 24 passed.
- Launcher lifecycle/FD regression: passed twice cleanly after the final fix.
- Snapshot content-addressed contract: passed.
- Shell syntax, Python compilation, `git diff --check`, and exact runtime
  overlay checks: passed.
- Broader environment discovery still finds the pre-existing unavailable
  `isaacgym` module in tests that require that optional backend; it was not
  caused by these changes.

The Git delivery boundary remains unchanged: only this log and `agent.md` are
staged. Source code and tests remain modified/untracked in the working tree and
are intentionally not added to the index by this review handoff.

======================================================================
12. SECOND SCIENTIFIC AUDIT: STUDENT POLICY, PERCEPTION, AND LAUNCH TOPOLOGY
======================================================================

The long-running r20 job remained numerically healthy, but a deeper audit found
two scientific contract violations that made its results unsuitable as the
final experiment:

- Adaptive KL control wrote the actor-selected learning rate into both the
  actor and critic optimizers. By iteration 5100 both effective rates were
  `1e-5`, even though the critic has an independent configured rate. The update
  path now changes only the actor optimizer and actor LR. During pure BC, KL is
  diagnostic-only; on resume, actor and critic rates are restored independently.
- `far_tracking_warp` advertised camera sensor noise and reset-pose
  randomization without consistently applying the sampled runtime state. All
  camera backends now apply noise exactly once, partial environment slices use
  matching sampled tensors, and far-tracking capture reads the latest reset
  position/quaternion offsets. Startup validates the effective std, dropout,
  translation, and rotation tensors and fails closed if configured state is
  absent.

The student-policy path was re-audited end to end:

- iteration-zero schedule refresh occurs before rollout; a fresh run therefore
  uses `ppo_coeff=0`, deterministic student mean actions, and pure actor BC;
- teacher labels and student inputs are derived from the same pre-step state;
- the critic still performs value backward, distributed reduction, and an
  optimizer step during the pure-BC actor phase;
- the first nonzero PPO tier switches to stochastic student actions and only
  then enables adaptive actor-KL control;
- checkpoints retain independent optimizers/LRs, `iter`/`next_iter`, all
  rank-local environment and fixed-BC states, and recompute the schedule from
  `next_iter` on resume;
- teacher and policy-initializer checkpoints were recursively scanned and all
  tensors were finite. Their observation/action/module contracts match the
  effective student profile exactly. A prior formal checkpoint also confirmed
  that the perception CNN receives and applies BC gradients.

Low-priority robustness follow-ups were recorded but do not block a fresh run:
resume could additionally assert `next_iter == iter + 1` and finite/in-range
optimizer LRs; policy-init loading could recursively scan finite values itself;
and an end-to-end `_update_algo_step` unit test could directly assert critic
parameter movement and perception gradients.

Launcher topology now fails on the controller before snapshot installation,
SSH, intent publication, or GPU use when any of these contradictions exist:

- Gloo gradient reduction and hierarchical reduction are both enabled;
- CPU leader reduction is enabled without hierarchical reduction;
- hierarchical reduction is requested for a single node or one rank per node.

The launcher contract suite now covers invalid single-node/one-rank hierarchy,
contradictory modes, valid 2x2 hierarchy, valid single-node flat Gloo, and the
requirement that these errors precede all remote mutation. The full launcher
suite passed twice after the change.

The video-evaluation-only compatibility path was also reviewed. The opt-in
`HOLOSOMA_EVAL_ALLOW_MISSING_CAMERA_SENSOR_NOISE_STATE` is injected only into
video child processes and is never forwarded by the training launcher. Normal
training stays fail-closed. Tests explicitly prove all three cases: default
missing noise state fails; video opt-in may continue without a randomizer; and
even with the opt-in, a configured randomization range whose sampled tensor is
missing still fails. Removing contact-export reward terms and rollout-reference
roots is likewise confined to an explicit video-eval flag and does not alter
policy actions or training configuration.

The control account's W&B netrc file was found with mode 0644. It was changed to
0600 and its parser/authentication path was verified without printing or
copying credentials.

Targeted final regression for the late perception/eval delta passed 45 tests.
The broader final results remain: 522 Python tests passed (3 skipped), the PPO
module and hierarchy suites passed, the full launcher suite passed twice,
shell/Python syntax and `git diff --check` passed, and the immutable Python/NCCL
runtime closures were verified.

======================================================================
13. R21 CANARIES AND FORMAL CUTOVER
======================================================================

The first seven-GPU canary intentionally used node 10.99.0.176 while excluding
GPU 3, which has three recorded ECC errors. It proved that every active rank saw
nonzero sensor-noise, dropout, camera-position, and camera-angle ranges, but it
failed before iteration zero because a single-node launch had incorrectly
enabled hierarchical reduction. It produced no checkpoint, was stopped by its
exact ownership token, and released all processes and ports. This failure
directly motivated the controller-side topology validation above.

The replacement canary
`as_debug30_ws7_bc2ppo_canary_r21c2_20260713_182003` compressed the curriculum
only for validation: coefficients across iterations 0-4 were
`0, 0.1, 0.2, 0.3, 0.4`. It completed all five iterations on GPUs
`0,1,2,4,5,6,7` using Gloo gradient reduction. Every rank reported real
far-tracking sensor/dropout/reset-pose randomization with nonzero ranges; all
logs were free of fatal/non-finite/NCCL errors.

Most importantly, the canary provided runtime proof of the LR fix. Model 1 had
actor/critic rates `1e-3/1e-3`; models 2-5 reduced only the actor to `1e-5`,
while the critic stayed `1e-3`. All five checkpoints contained 185 finite model
tensors, complete seven-rank environment/fixed-BC state, 17/8 optimizer states,
the exact 30-clip partition, and exact teacher/policy/source provenance. Final
model 5 SHA256 was
`feb9e0c192adab4f8a8bd5d4c17afc0068c8beb36f584177498cb8027d69d516`.
The canary completed naturally and released all GPUs and ports.

The superseded r20 formal was stopped at progress 5166 only after the accepted
r21 canary, final snapshot installation, and exact r21 dry-run were complete.
All 13 active states reached `stopped` with the original token, 13 tmux and 104
workers exited, 104 GPU compute-app slots were empty, and ports 29861/29862 were
released. Its last stable checkpoint was model 05100; r20 must not be resumed
for scientific results.

The final content-addressed r21 source is:

- snapshot: `src-25e653d70852ba3216288d0581266706126e240e6d497539d08be8620367e8bf`;
- archive SHA256:
  `47839f6f4c7bd8e708471b427e0f031441c692be1c43a9ad30cca59ca484f238`;
- runtime source-bundle SHA256:
  `06bdff082f66a395133d37ae00db77be7adec511d9b0ec7f88ecd4701c57fab3`.

It was built repeatedly with an identical hash, installed and manifest-verified
on all 13 formal nodes with `PREPARE_DATA=0`, and passed an exact-name dry run:
13/13 preflights, intents, launch payloads, teacher stagings, and policy-init
stagings. All training/W&B/previous-policy resume aliases and both video-eval
overrides were explicitly unset.

Formal r21 launch metadata:

- session/run name:
  `as_debug30_ws104_scientific_formal_r21_20260713_183354`;
- training name:
  `g1_29dof_as_debug30_ws104_scientific_formal_r21_20260713_183354`;
- launch token: intentionally redacted from this pushable log; the exact value
  remains only in the node-local ownership records;
- master/provenance endpoints: `10.99.1.60:29871/29872`;
- W&B run: `bpnn852h`;
- training directory:
  `/home/ubuntu/FAR/holosoma_runs/training_logs/carry-any/20260713_184552-g1_29dof_as_debug30_ws104_scientific_formal_r21_20260713_183354-locomotion`;
- main log:
  `/home/ubuntu/FAR/holosoma_runs/src-25e653d70852ba3216288d0581266706126e240e6d497539d08be8620367e8bf/logs/batch_ne/as_debug30_ws104_scientific_formal_r21_20260713_183354_20260713_183354/node_0_10.99.1.60.log`.

The launch completed transactionally on 13/13 nodes. Initial runtime
provenance already confirms fresh start, exact source/teacher/policy/runtime,
104-rank hierarchical topology, offline contact guidance, 30 clips, 6656 total
environments, actor/critic initial rates `1e-3/1e-3`, and the intended
`0 -> 0.9`/700/6300 schedule. Rank-zero reported real far-tracking stochastic
semantics with nonzero std, dropout, position, and angle ranges. Full
multi-iteration acceptance and the first checkpoint audit are recorded below as
they complete.

Initial multi-rank acceptance subsequently passed. All 13 active states and
tmux sessions match the same token, command SHA, epoch, source, and target;
every node has eight rank workers and eight distinct GPU compute applications
(104/104 total). Each of the 104 rank logs contains exactly one camera
stochastic-semantics record with nonzero std/dropout/position/angle ranges.
Cross-rank fatal, RuntimeError, NCCL, OOM, NaN, and non-finite scans were zero.
The hierarchical group initialized as 104 ranks, eight local ranks, 13 nodes,
with CPU/Gloo leaders.

Iteration-zero runtime metrics confirm the fresh scientific contract:
`ppo_coeff=0`, actor/critic LR `1e-3/1e-3`, raw fixed-BC samples 4096, rank
strata 104, fixed-BC MSE about 0.2205, and actor noise std 0.1. Through the
first ten iterations, pure-BC distill loss fell from about 0.3366 to 0.1928 and
mean reward rose from about 1.49 to 3.24. Progress remained continuous at
roughly 10.7 seconds per iteration.

An independent acceptance pass directly hashed the source manifest, Python
overlay, NCCL runtime, teacher, policy initializer, data package, motion-shard
manifest, and contact-sidecar manifest on all 13 nodes; every digest matched.
It also parsed every rank's semantics record. Across 104 ranks, sensor-noise std
spanned approximately `1.39e-5..0.049998`, dropout
`4.99e-6..0.025000`, position offsets `-0.024999..0.024998`, and angle
`0.125..4.537` degrees. No video-eval override was present in any sampled
training process environment.

Iteration zero further showed actor loss equal to BC loss (about 0.3366), BC
weight 1.0, critic loss about 0.5320, and a nonzero offline-contact reward.
This directly confirms that the actor was pure supervised BC while the critic
continued to learn. All 104 GPU corrected and uncorrected ECC counters were
zero during acceptance.

The first formal checkpoint, `model_00100.pt`, was observed only after it was
stable across two samples and had no temporary sibling or open writer. Its
SHA256 is
`a11800b58dfb40a4b1c44f3575d8c9e73dea80b7000ea7d64dc7159a706cbdec`
and its size is 92,577,347 bytes. A read-only recursive audit found 1,252
tensors (23,025,226 elements), including 832 floating tensors; every value was
finite. The checkpoint records `iter=99`, `iteration=99`, and `next_iter=100`.
Actor/critic state contains 17/8 tensors, both optimizer states are complete
with independent `1e-3` rates, and the 29-dimensional actor standard deviation
is exactly 0.1.

Both `env_state_by_rank` and `fixed_bc_eval_by_rank` contain exactly 104 rank
keys. The saved clip union is exactly the intended 30 clips. The fixed-BC
allocation is exactly 4096 samples: ranks 0-39 have 40 each and ranks 40-103
have 39 each, with matching observation/action/perception shapes and rank/world
metadata. Source, teacher, policy initializer, Python overlay, NCCL, data,
motion/contact manifests, distributed topology, and fresh-start provenance all
match the launch contract. No writer or temporary file remained after save.
During this audit progress continued from 111 through 123.

Three complete 10-minute health windows through progress 125 remained green:
13/13 token/binding/tmux states, 104/104 workers and GPU applications, fresh
logs, zero volatile ECC, and zero fatal/NCCL/CUDA/OOM/non-finite/NaN matches.
Peak observed GPU temperature was 50 C. Iteration 124 still had
`ppo_coeff=0` and actor/critic LR `1e-3/1e-3`, as required before iteration
700. Monitoring continues; this entry is not a claim that the 40,000-iteration
experiment has completed.

======================================================================
14. POST-SNAPSHOT RESUME/POLICY-INIT FAIL-CLOSED HARDENING
======================================================================

A separate workspace follow-up closed the low-priority checkpoint validation
gaps identified above. This change is deliberately *not* part of the immutable
r21 source snapshot and does not justify restarting the healthy fresh r21 job;
it applies to future snapshots and resume/policy-init operations.

The shared checkpoint validator now rejects missing, boolean, fractional,
negative, or contradictory completed/next iteration counters. Legacy files may
omit `next_iter`, but an explicit value must equal `iter + 1`. Model,
normalizer, and optimizer trees are recursively checked for non-finite numeric
values. Every optimizer parameter-group LR must be a finite positive real
inside the independently configured actor or critic bounds; the first actor
and critic group rates are restored separately.

Full PPO resume performs these checks for actor, critic, enabled normalizers,
and both optimizer states before mutating any live model, normalizer,
optimizer, iteration, fixed-BC, or environment state. Actor-only policy init
checks the actor and, when enabled, the actor normalizer before mutation; the
unused critic is intentionally ignored. The launcher preflights and direct PPO
load paths share the same numerical validators, so an alternate caller cannot
silently load non-finite numerical state.

Regression covering policy-init/resume preflight, direct PPO loads, schedule,
distillation, and fixed-BC semantics passed 193 tests. The fixed
`model_39999.pt` policy initializer also passed the new preflight. Python
compilation and diff/whitespace checks passed; `ruff` was unavailable in the
active environment.

======================================================================
15. AS/STUDENT/TEACHER RESUME ATOMICITY AND ALL-RANK CONTRACT CLOSURE
======================================================================

The post-snapshot audit continued through the exact student, teacher, AS, and
distributed save/resume paths. These changes remain workspace-only and are not
part of the immutable, already-running r21 source snapshot.

Actor noise state and student/teacher correctness:

- A finite but invalid checkpoint actor `std` could previously be copied into
  a live actor and then silently projected by `_sanitize_actor_std`. Full
  resume, actor-only policy init, and strict teacher load now compare the saved
  tensor with the exact pure runtime projection before any module mutation and
  reject any value that would change.
- The projection order had a real edge-case error: an oversized component
  could make the pre-cap mean appear above `min_mean_noise_std`, then the final
  cap could leave the effective mean below the requested floor. The common
  projection now applies the component cap before evaluating the mean floor;
  `[2.0, 0.1]` with mean floor/cap `0.8` correctly becomes `[0.8, 0.8]`.
- `init_noise_std`, `min_noise_std`, `min_mean_noise_std`, and `max_noise_std`
  must now be finite and positive when present. Component and mean floors are
  explicitly mutually exclusive, removing the former truthiness-dependent
  interpretation of zero or contradictory settings.
- Strict teacher loading now requires a parseable serialized actor config,
  recursively finite actor state, prevalidated module compatibility, and a
  valid saved `std`. The intentional non-strict extra-input compatibility path
  validates every shared tensor before loading instead of relying on a failed
  `load_state_dict` that may already have partially copied parameters.
- Teacher observation normalizers are validated across every alias before any
  alias is loaded: exact keys/shapes/dtypes/layouts, finite values,
  non-negative count/variance, positive std, and std/variance/eps consistency.
  Thus one bad late alias cannot leave earlier aliases partially restored.

Adaptive-sampler resume contract:

- `AdaptiveTimestepsSampler.state_dict()` is now version 3 and records
  `adaptive_kernel_size`, `adaptive_lambda`, `adaptive_uniform_ratio`, and
  `adaptive_alpha`. Version-3 restore compares all four exactly. Versions 1/2
  predate these fields and are accepted only when the runtime uses the
  historical production defaults `(1, 0.8, 0.1, 0.001)`; non-default legacy
  restores fail closed.
- The v1 failure-only migration previously assigned unit exposure to every
  valid bin. Legitimate old failure EMAs greater than one would load but fail
  at the next probability calculation. Migration now uses a clip-wise constant
  `max(1, max_failure)` exposure, preserving relative legacy priorities while
  satisfying `failure <= exposure`. A `[2, 4]` repro migrates to exposure
  `[4, 4]` and produces finite normalized probabilities.

Distributed checkpoint atomicity:

- Fixed-BC save no longer evaluates rank-local state before its collective.
  Every rank, including a zero-budget rank, first joins the real all-rank Gloo
  envelope with its actual group rank/world, state or error, and runtime
  allocation fingerprint. Local serialization/contract failures are reported
  identically by all ranks after the gather rather than stranding peers.
- The fingerprint covers allocation version/scheme, global budget, world size,
  rank/local quotient-remainder target, and DAgger enablement. Resume validates
  the same fingerprint and rejects unknown actions or a `noop` mixed with
  `restore/clear`; an explicit reset requested by any rank still becomes one
  global reset plan.
- Budget parsing and fingerprint construction themselves are inside the error
  envelope. Tests force those functions to raise and prove
  `all_gather_object` is still called exactly once. Environment-state save was
  hardened analogously so a rank-local serialization/non-finite error cannot
  leave other ranks blocked in its object gather.

Validation evidence after the final delta:

- Broad student/teacher/PPO/AS/resume/preflight/provenance suite:
  `420 passed, 1 skipped`.
- Focused fixed-BC collective suite: `26 passed`.
- Full launcher contracts passed, including transactional rollback, ownership
  and FD boundaries, MuJoCo perception metadata, and content-addressed source
  snapshot stability.
- Python compilation and `git diff --check` passed.
- Independent validation of formal r21 `model_00100.pt` passed for all 104/104
  legacy-v2 sampler states under the default-only compatibility gate; all 104
  fixed-BC strata total exactly 4096 rows and world-size-104 resume preflight
  passes. The formal teacher actor/config/observation/robot/action contracts are
  finite and compatible with the new strict checks.

The formal r21 job was not restarted because these are future snapshot/resume
guards, not defects in its fresh immutable execution. At the 20:17:15 UTC
health window it advanced from progress 415 to 472: 13/13 nodes, 104/104
workers and GPU applications, correct state/tmux/log ownership, zero scanned
errors, zero ECC, 50 C peak temperature, and actor/critic rates
`1e-3/1e-3` at iteration 471. Ten-minute monitoring continues.

======================================================================
16. POST-SNAPSHOT IMMUTABLE BANK AND RUNTIME-ASSET CLOSURE
======================================================================

The AS bank/launcher audit was extended from path identity to content closure.
These fixes are workspace-only and are not part of the already-running r21
snapshot.

- Single-slot and solid generations now use a content-addressed version-3
  schema. NPZ, object map, URDF, contact, metadata, and manifest payloads are
  real read-only files. Publication rejects payload symlinks, writable files,
  digest drift, and invalid expected-digest identities.
- Publication recursively fsyncs payload files/directories, performs an atomic
  rename, and fsyncs the parent. The fixed custom-output compatibility path may
  still atomically replace an invalid generation only when no expected digest
  was supplied.
- Visual/collision mesh fields and transitive OBJ/MTL/texture, glTF
  buffer/image, COLLADA image, PLY TextureFile, and URDF texture dependencies
  are included. Remote and unknown dependencies fail closed. All `map_*` PBR
  extensions and CRLF OBJ `mtllib` lines are covered.
- Runtime provenance formerly decoded and `shlex`-parsed every geometry line
  in every OBJ. On the real asset tree that consumed one CPU for more than nine
  minutes without completing. It now memory-maps the OBJ and strictly decodes
  only anchored `mtllib` directives; irrelevant geometry bytes are never
  interpreted as shell syntax. Empty or invalid-UTF8 directives still fail
  closed.
- A deterministic regression proves only the one directive line is parsed in
  a 50,000-line OBJ, while quoted material/texture names, opaque non-directive
  bytes, empty directives, invalid directive UTF-8, CRLF, and PBR maps retain
  correct semantics.

Real-data evidence:

- Immutable-bank unit tests: 63 passed; the complete distill launcher contract
  passed.
- The 195-clip generalist single bank is 174 MiB with zero payload symlinks;
  reuse took 37.95 s at 118800 KiB RSS. The 79-clip solid bank is 129 MiB/638
  files, with zero symlinks and zero writable payloads; initial/reuse time was
  39.34/18.38 s.
- The real success133 provenance completed in 27.86 s at 585512 KiB RSS:
  motion/object closure 25.648 s, contact 0.606 s, source 0.082 s, and teacher
  SHA 0.009 s. The ws104 rank-source digest completed in 26.73 s.
- A real 195-clip `train_as_general.sh` dry run produced the intended
  history-5 student command. Python compilation, shell syntax, whitespace, and
  staged-file checks passed.

The important residual boundary is explicit: the external generalist mesh
source is approximately 5.9 GiB/3768 files. URDFs bind those bytes by digest
and the simulator revalidates them again before construction, but generations
do not duplicate the entire tree. Eliminating the final preflight-to-open
TOCTOU requires a shared CAS/reflink asset store. Blindly copying 5.9 GiB per
generation is not an acceptable substitute. Generations also require explicit
safe garbage collection only after their sessions end.

======================================================================
17. PURE-RL PROVENANCE, CONTACT-ID, AND STUDENT INFERENCE CLOSURE
======================================================================

The object-generalist launcher previously exported no
`HOLOSOMA_TRAINING_PROVENANCE`; runtime finalization, data/source revalidation,
cross-rank equality, checkpoint lineage, and checkpoint embedding therefore
all became no-ops. This was a real scientific-resume gap.

- Provenance v2 now explicitly distinguishes `distillation` and `pure_rl` and
  records `teacher_enabled`. Pure RL uses a domain-separated disabled-teacher
  digest rather than inventing a teacher artifact. Legacy v2 payloads normalize
  only to distillation, preserving old distill checkpoint compatibility.
- The generalist generator content-hashes motion/map/transitive objects,
  contact, source, policy-init, and training-resume inputs. Checkpoint
  references are first resolved to exact local immutable files. Source is
  recomputed on every pre-simulator helper invocation even when the large-data
  identity cache is reusable.
- The launcher binds adaptive contact roots to the hashed contact tree,
  rejects teacher-rollout reference rewards until those assets receive their
  own manifest, rejects `command:*`/`reward:*` selectors, and canonicalizes
  underscore/hyphen spellings before protecting provenance-owned CLI fields.
- NCCL execution requires the pinned library path and SHA256. Old generalist
  checkpoints with no saved provenance intentionally cannot be scientific
  resumes; they may only be treated as explicitly validated policy initializers.

Contact directory matching was also corrected. Splitting every name at the
first underscore corrupted exact IDs such as `box_10`. The parser now removes
only a nonempty decimal exporter prefix. When active motion IDs are available,
an exact active name wins before prefix interpretation, so a real ID such as
`2024_box_10` remains intact. Exact and numbered directories resolving to the
same active clip are rejected. Invalid metadata for an active clip fails
closed in adaptive sampling, offline guidance, rollout reward, validation, and
split inference. Shell-side launch validators use the same priority.

Student inference contracts now explicitly cover current split/history-1
175-D, object-velocity-v2/history-1 181-D, and current/legacy history-5 875-D
observations with exact aliases and eval selection. Split MuJoCo uses simulator
time, finite-value checks, and the timestamped shared-memory protocol; readers
select an observation at or before the requested simulation timestamp and may
not consume a future perception frame.

Validation after these changes:

- provenance/runtime/resume/policy/launcher: 157 passed;
- contact validator/adaptive/offline/rollout/inference: 174 passed;
- PPO/BC/DAgger, rollout batching, schedules, module dimensions, observation
  history, split alignment, object velocity, inference, and ONNX: 344 passed,
  1 skipped;
- shell syntax, Python compilation, `git diff --check`, and the exact staged
  list all passed.

======================================================================
18. FORMAL R21 PPO BOUNDARY AND MODEL-1000 AUDIT
======================================================================

The formal immutable r21 run remains unchanged. Its first BC-to-PPO boundary
was observed directly:

- iteration 699: PPO coefficient 0, DAgger 1, actor loss equals BC loss,
  actor/critic LR `1e-3/1e-3`;
- iteration 700: PPO/DAgger `0.1/0.9`, mixed actor objective active, actor LR
  protected to `1e-5`, critic LR remains `1e-3`;
- iteration 701: the same coefficients and separate rates, while measured KL
  fell from the boundary spike to approximately 0.0521.

The observed objective is exactly `0.1 * PPO + 0.9 * BC`; the critic remains
active. The boundary KL behavior is consistent with switching a pure-BC actor
whose diagnostic KL was not used to control LR. It is a configuration tuning
question for the next canary, not evidence that the implemented mixed loss or
critic update is wrong.

`model_00800.pt` and `model_01000.pt` were loaded only after stable size/mtime
sampling. Model 1000 SHA256 is
`251a5a01bf7e29c2704172a0b7d1473bc28505b0280d744b6f55ed2abff167c8`;
it records iteration 999/next 1000. Actor, critic, both optimizers, and the
29-dimensional actor std are finite. Actor std min/max/mean is approximately
0.08271/0.09928/0.09229. Actor/critic LR is `1e-5/1e-3`, optimizer steps are
both 64000, exactly 12800 above model 800 (`200 * 64` minibatches), and all
104 environment/fixed-BC rank states plus source/data/checkpoint provenance
match.

At 22:10:36 UTC, progress advanced 999 to 1060 in the ten-minute window:
13/13 nodes and 104/104 workers/GPU applications healthy, correct binding,
zero scanned errors, zero ECC, logs 3-4 seconds old, and peak 52 C. Iteration
1059 remained finite with PPO/DAgger `0.1/0.9`, actor loss 0.1339, BC 0.1477,
critic/value loss 0.4759, KL 0.0189, std 0.0917, and rates `1e-5/1e-3`.
Measured rollout fields included reward 5.62, episode length 51.96,
bad-tracking fraction 0.0176, object-position error 0.1027, hand-contact
fraction 0.1446, and offline-contact reward 0.1869. No explicit success field
exists, so these are health/trend observations and not a success-rate claim.
Monitoring continues; the 40,000-iteration experiment is not complete.

======================================================================
19. POST-SNAPSHOT SEED, RNG, AND CHECKPOINT-BYTE INTEGRITY
======================================================================

The fresh-run boundary was moved after W&B initialization, distributed
barriers, and final asset preflight, immediately before environment
construction.  `PYTHONHASHSEED` and `CUBLAS_WORKSPACE_CONFIG` are now set and
validated before importing torch/CUDA-facing modules.  Base seed, maximum
global-rank offset, topology, and the uint32 upper bound are checked before
Python, NumPy, torch CPU/CUDA, simulator, or Warp RNG state can be mutated.
The batch launcher forwards the canonical seed through every independent
remote shell and the terminal distill command consumes it as exactly one
`--training.seed` argument.  Seed/hash/CUBLAS settings are recorded in
training provenance and compared on resume.

Lazy student modules are materialized before model broadcast and optimizer
construction.  Materialization preserves and restores Python, NumPy, torch
CPU, and torch CUDA RNG state even on failure, and optimizer coverage is
checked for every trainable parameter.  Checkpoints now serialize rank-local
RNG state.  Exact continuation includes curriculum and process RNG state, but
the production configuration still uses non-deterministic CUDA/TF32 settings;
it supports statistical reproducibility, not a bitwise trajectory claim.

Every production checkpoint reader used by training, eval, inference, batch,
AS, terrain, Viser, and MuJoCo routes through the shared safe loader.  It opens
a regular file with `O_NOFOLLOW`, hashes and deserializes the same file
descriptor with `weights_only=True`, compares identity and SHA256 before and
after load, and can require the provenance-authenticated digest.  No direct
production `torch.load` call remains outside that loader.  Hostile-pickle,
symlink, mutation, wrong-digest, and schema regressions passed.

These contracts are workspace-only.  Formal r21 predates `rng_state_by_rank`;
the new code therefore rejects an r21 checkpoint as an exact deterministic
resume unless `ALLOW_NONDETERMINISTIC_RNG_RESUME=1` is explicitly authorized
and the non-bitwise lineage is recorded.

======================================================================
20. STUDENT POLICY, PURE-BC, DEF-MATERIALIZATION, AND BN SEMANTICS
======================================================================

The pure-BC update used to construct a PPO likelihood ratio even when its
coefficient was exactly zero.  A stale log probability around `-1e30` could
therefore overflow `exp(new_logp-old_logp)` and poison the nominally inactive
objective.  Permanently pure BC and scheduled coefficient-zero updates now
skip action log-probability and ratio construction completely, return an exact
zero surrogate, optimize the actor only from BC, and continue optimizing the
critic.  Hybrid updates still construct and use the PPO ratio.  Adaptive KL is
diagnostic-only in pure BC and actor-LR-active whenever PPO can contribute;
critic LR remains independent.

DeFM-style lazy encoders now expose `materialize_for_setup(device)`.  Actor,
critic, and strict teacher modules are materialized before schema validation,
broadcast, load, and optimizer creation.  Parameterless and buffer-only
device discovery is handled explicitly.  Frozen DeFM backbones override
`train()` so their BatchNorm layers remain in eval mode.  Any actor BatchNorm
that could update while PPO contributes is rejected; only frozen eval-mode BN
with running statistics is accepted.  The actual external DeFM source tree is
not installed in this workspace, so the real-backbone integration test is the
single expected skip; mocked lifecycle and optimizer-coverage tests pass.

======================================================================
21. FINAL MULTI-NODE LAUNCHER CONTRACT CLOSURE
======================================================================

The batch launcher now canonicalizes `TRAINING_SEED`/legacy `SEED`, validates
the complete rank-offset range, forwards only the canonical value, and clears
the stale alias on remote nodes.  `distill_torso_box.sh` repeats the range
check and places the seed in the actual final training command.  Tests parse
`final_train_command` rather than accepting an exported-but-unused variable.

Controller-side EULA values are shell-quoted before here-document expansion.
All four PhysX capacity settings are required to be positive integers before
snapshot creation or remote execution, closing command-injection and invalid
capacity paths.  `HOLOSOMA_SKIP_GRAD_FINITE_CHECK`,
`HOLOSOMA_SKIP_LOSS_FINITE_CHECK`, and
`HOLOSOMA_SKIP_LOSS_DICT_ACCUMULATION` are normalized and any truthy request
fails before snapshot publication.  PPO itself now enforces the same rule for
direct entry points.  Direct object-generalist rank-visible mode selects
`train_agent_rank_visible.py` rather than merely exporting metadata while
running the ordinary entry point.

The complete launcher contract passed after the final delta, including shell
syntax, immutable source snapshot/rollback, ownership/FD boundaries, exact
seed consumption, EULA newline/semicolon injection cases, invalid PhysX
values, scientific skip flags, MuJoCo perception metadata, and rank-visible
selection.  The source snapshot created by this validation was a dry-run test
artifact and did not launch a GPU job.

======================================================================
22. END-TO-END NON-FINITE FAIL-CLOSED TRAINING BOUNDARIES
======================================================================

The numerical audit found several real masking paths: actor mean/std could be
`nan_to_num`-projected, teacher `clamp` could turn an infinity into a finite
target, non-finite logging values could be recorded as zero, only the two
headline losses were checked, gradient failures could skip an update, and a
checkpoint could be published with corrupt optimizer or buffer state.

The corrected contract is:

- Actor loc is never sanitized.  Std/scale projections modify finite entries
  only and preserve NaN/Inf.  Actor optimizer steps validate raw std before
  applying finite domain constraints.
- Every rollout step collapses raw/normalized actor and critic observations,
  all active student/teacher perception tensors, actor action/mean/std/log
  probability, critic value, multi-teacher selector, teacher action, and the
  exact `actions_to_step` into one device-side two-bit
  `[runtime_error, nonfinite]` verdict.  One all-rank MAX occurs before
  `env.step`; no tensor-by-tensor host synchronization occurs on success.
- Actor/critic forward, missing perception, teacher observation construction,
  multi-teacher selector/forward, fixed-BC capture/mixing, and log-probability
  exceptions reach that same verdict.  A bad rank and all healthy peers stop
  before PhysX sees the transition.
- The completed floating rollout storage, including rewards, returns and
  advantages, is checked before minibatch generation.  Teacher clipping only
  changes finite entries.
- Every numerical PPO loss field is checked before backward.  Non-finite loss
  or gradient verdicts raise on every rank; no update is skipped and no value
  is logged as zero.  `max_grad_norm` must be finite and positive, and actor
  and critic clipping use `error_if_nonfinite=True`.
- Ordinary backward, streamed supervised microbatch forward/loss/backward,
  gradient clipping, optimizer step, and std projection use synchronized
  rank-error envelopes.  At the iteration boundary actor/critic parameters,
  floating buffers (including BN running state), and floating optimizer
  tensors/scalars are checked.
- Before checkpoint publication, actor/critic state (including buffers), std
  constraints, both optimizer schemas/LRs/states, enabled normalizers, and the
  final collected payload must all be finite and compatible.  Any rank-local
  validation error prevents publication.

Validation evidence after this closure:

- focused PPO/student/module/distill/schedule/fixed-BC suite: 310 passed,
  1 expected DeFM skip;
- broad PPO/student/eval/resume/RNG/seed/safe-loader/provenance/inference/ONNX
  suite with both source roots active: 667 passed, 1 expected skip;
- complete launcher contracts: PASS;
- Python compilation, shell syntax, `git diff --check`, and the exact staged
  list passed.

Two real-process CPU/Gloo harnesses exercised both the WORLD-gradient and
secondary-Gloo control planes.  A single-rank NaN loss, clip failure,
optimizer failure, optimizer-state Inf, teacher-rollout Inf, selector
exception, pre-env Inf action, model-buffer NaN, and streamed microbatch
backward exception made both ranks terminate with identical collective order
and no deadlock.  For selector and Inf-action cases, both fake environment
`step_count` values remained exactly zero.  The final two-bit/streamed harness
ran with `CUDA_VISIBLE_DEVICES=` and exited 0 in 7.39 seconds; its temporary
script SHA256 was
`306081a510fa9db24c102425bbda6003630ef3839233285e2e3fa343f8050dc2`.

The remaining boundary is operational rather than silent numerical masking:
an unrecoverable backend/network failure inside a distributed collective can
still require the launcher watchdog to terminate the session.  No optimizer
transaction rollback is attempted after a local optimizer kernel has already
mutated state; instead all ranks fail and no checkpoint is published.

======================================================================
23. FORMAL R21 MODEL-2000 AND CONTINUED HEALTH AUDIT
======================================================================

Formal r21 continues from its immutable source and was not restarted for any
workspace-only fix.  The second scheduled boundary was observed directly:
iteration 1399 retained PPO/DAgger `0.1/0.9`; iteration 1400 changed to
`0.2/0.8`; iteration 1401 remained `0.2/0.8`.  Actor and critic rates remained
`1e-5/1e-3`.

`model_02000.pt` was loaded only after two stable size/mtime samples
(`92577411:1783991446`).  Its SHA256 is
`5be13ce0261a758901cc29aff1842ef8cf23d12c1caa3488b7c5fb9e8ce6a943`;
it records iteration 1999/next 2000.  Actor, critic, both optimizer states and
moments, and actor std are finite.  Optimizer steps are both 128000, exactly
6400 above model 1900.  Actor 17/17 and critic 8/8 parameter tensors changed
from model 1900.  Std min/max/mean is approximately
0.0732407/0.0948322/0.0858732.  All 104 environment and 104 fixed-BC rank
states are finite.  Source, manifest, runtime bundle, teacher, policy-init,
and data provenance match earlier checkpoints; resume remains false.

At 2026-07-14 01:19:45 UTC, the ten-minute window advanced progress from 1987
to 2047.  All 13 nodes, 104 workers, 13 torchrun parents, and 104 GPU
applications had the exact token/command/epoch binding.  Error regex and
volatile uncorrected ECC counts were zero, logs were 5-7 seconds old, and peak
temperature was 52 C.  Iteration 2046 was finite: PPO/DAgger `0.2/0.8`,
surrogate 0.0112, actor 0.1345, BC 0.1653, critic 0.6371, KL 0.0191, std
0.0856, and actor/critic rates `1e-5/1e-3`.  Reward 7.92, episode length
66.46, bad-tracking fraction 0.0137, object-position error 0.1054,
hand-contact fraction 0.1675, and offline-contact reward 0.2546 are health
signals only; the run has no explicit success field.  Monitoring continues
and the 40,000-iteration experiment remains incomplete.

======================================================================
24. TEACHER/STUDENT ROLLOUT CONTRACT AND EXACT CONTINUATION CLOSURE
======================================================================

The active observation set is now derived from the objective that will
actually be collected at the current iteration.  The loaded teacher's real
perception input is included while teacher labels, teacher rollout control,
or fixed-BC capture need it, and is removed once the effective BC weight is
zero and PPO is the only objective.  Pure PPO therefore neither constructs,
resets, nor advances a teacher or teacher-only stochastic observation group.
The objective/schedule and active groups are prepared before the initial
canonical reset, including after resume, so that reset-time stateful/noisy
observations cannot be computed under a stale schedule.

Deterministic label modes now reject a Flow teacher with nonzero inference
noise; explicitly stochastic DAgger remains supported.  Strict teacher load
requires a valid actor config and an explicit normalization boolean, plus
normalizer epsilon when normalization is enabled.  Legacy teacher-MSE mode
rejects DAgger-only controls that it would otherwise ignore.  At PPO
coefficient one the BC/teacher path is not evaluated, while the PPO loss still
retains its coefficient.  A fixed-BC dataset that is still incomplete when
the DAgger weight reaches zero fails on every rank before entering pure PPO.
The startup noise cap now checks component and mean floors and cannot silently
violate either the configured cap or the policy's noise domain.

Full training resume is now exact-continuation-only: it requires both actor
and critic optimizer states and `load_optimizer=true`.  Resetting optimizer
moments or adaptive learning rates is a warm start and is rejected after all
preflight validation but before model/environment mutation.  The resume
preflight applies the same rule, while policy-init remains actor-only by
design.  PPO canonical checkpoint resets clear actor, critic, single-teacher,
and multi-teacher recurrent state.  The locomotion episode tracker snapshot
owns its CPU storage and its one-shot suppression guard is consumed exactly
once; restoring the adaptive snapshot after the forced reset does not arm it
again.  Frozen DeFM parameters are excluded from every gradient-reduction
payload.

Independent student-policy review verified the live r21 schemas directly:
teacher `model_67000` is a non-normalized 175-input MLP with no perception
input; policy-init is a non-normalized `MLPPerceptionEncoder` with 94
structured inputs plus a 32-dimensional visual encoding.  Neither uses Flow.
The active runtime actor first layer is therefore correctly 126 rather than
94 dimensions.  Student-policy tests passed 353 cases; inference/ONNX,
normalization, RNG, policy-init and resume tests passed another 235 cases.

======================================================================
25. ROLLOUT-WIDE VALID-SAMPLE BC NORMALIZATION
======================================================================

A scientific weighting bug was found in the current AS student objective.
BC was divided independently by each minibatch's valid-mask count.  With
contiguous time-major minibatches, valid density differs across minibatches
because default-pose and initial-step masks are structured in time.  The old
formula consequently gave one sparse minibatch the same aggregate influence
as one dense minibatch and over-weighted each sparse valid sample.

The corrected implementation computes the global weighted number of valid BC
samples once over the filled rollout, divides it by the number of
minibatches, and injects that fixed denominator into every BC loss path:
ordinary hybrid DAgger, supervised-only updates, non-streamed microbatches,
and streamed backward.  A per-minibatch global presence reduction is retained
so an all-empty pure-BC minibatch still skips the optimizer step without
changing collective order.  If `V = sum_r(weight_r * valid_r)`, world size is
`W`, and there are `M` minibatches, each local BC sum is divided by
`(V/W)/M`; DDP's weighted SUM/W then makes the average of the M step gradients
equal the global valid-sample mean.  The same denominator on each epoch and
each streamed microbatch is intentional and mathematically correct.

Uneven-mask gradient-equivalence tests, DDP denominator tests, multi-epoch
reasoning, and streamed collective-order review passed.  The combined PPO,
student, fixed-BC, schedule, storage, module, resume, locomotion and rank-local
suite passed 470 tests (six expected external-xFormers warnings only).

Formal r21 uses its older immutable snapshot and therefore still has the
per-minibatch denominator.  It remains useful as a health and diagnostic run,
but it is no longer a final scientific result and must not be used to decide
the corrected student's objective quality.  A fresh replacement should be
launched from a final new snapshot after validation and when the authorized
GPUs can be safely reassigned; the healthy owned r21 session is not killed
before that boundary.

======================================================================
26. FINAL AS LAUNCHER/IMMUTABLE-SNAPSHOT AUDIT DELTA
======================================================================

Rank-visible wrappers now reject invalid booleans, negative ranks, and empty,
duplicate, or `-1` CUDA-visible entries.  Parent launchers clear stale
topology aliases before torchrun, while the wrapper always derives preserved
physical topology from the current torchrun environment.  Rank-local shard
selection never falls back from an invalid global rank or world size, and the
launcher validates `NPROC_PER_NODE` against visible GPUs before shard
preparation.

Exact-resume execution identity now includes node count and Gloo-barrier mode,
not only processes per node.  Multi-node launches require an explicit shared
rendezvous, force elastic max-restarts to zero, and validate NCCL and Gloo
interfaces.  Checkpoint staging is SHA256-content-addressed, uses one stable
no-follow descriptor for local sources, and rejects symlinks and traversal.
Snapshot install and post-prepare intent validation recheck the signed regular
file closure, symlink target/count closure, special files, and unexpected
top-level package injection.  Stop/rollback requires the active-state v2
token, command digest, epoch, and tmux ownership to match exactly.

The complete launcher contract and immutable snapshot tests passed; related
pytest coverage passed 201 cases, with focused provenance/resume, rank-shard,
resolver and rank-wrapper suites also green.  Shell syntax, Python compile,
`git diff --check`, and the exact two-file staged boundary passed.  No broad
network scan, remote stop, or unowned process action was performed.

======================================================================
27. LOCOMOTION PENALTY-CURRICULUM SCIENTIFIC CORRECTNESS
======================================================================

`PenaltyCurriculum.reset()` previously ignored `env_ids`.  `BaseTask` calls
all manager reset hooks on every control step, including with an empty reset
selection, so the penalty scale was changing every step even when no episode
ended.  Both the stateful and legacy penalty paths now return on `None` or an
empty selection and change scale only for an actual reset batch.

The distributed locomotion synchronizer previously broadcast only
`env.reward_penalty_scale`, which is a logging mirror; it did not update the
authoritative term or the live reward weights.  It now broadcasts the
authoritative scale in float64 and atomically realigns
`PenaltyCurriculum.current_scale`, every `original_weight * scale` reward
configuration, the environment mirror, and `log_dict`.  Legacy state receives
the same treatment.  A requested multi-rank sync without an initialized
process group fails rather than silently continuing.

PPO cannot make a rank-local adaptive penalty objective scientific merely by
synchronizing at rollout boundaries: terminations inside the multi-step
rollout can make ranks use different reward weights.  PPO therefore rejects
multi-rank penalty curricula with nonzero degree.  Degree zero and single-rank
training remain valid.  FastSAC is not globally rejected because it
synchronizes before every sampled environment step, now using the corrected
authoritative synchronization.

Penalty configuration now requires explicit booleans, a nonempty tag, finite
scales/thresholds/degree, ordered nonnegative bounds and thresholds, and
`0 <= degree < 1`.  Enabled curricula must match at least one active reward;
all original and full-range derived weights are validated before any live
reward mutation.  The legacy public entry point shares the same contract.
The episode-average horizon must also be finite and positive.  State restore
uses one scale-application path so a canonical restore cannot leave the log
at a temporary reset value while the real objective has already reverted.
The full curriculum/WBT unit file passed 45 tests and the combined regression
passed 470 tests.

At 2026-07-14 04:28 UTC r21 had advanced to progress 3035 (latest complete
iteration 3034).  All 13 node bindings, 104 workers, 104 unique GPU
applications and process ownership matched; logs were current, error/ECC
counts were zero, and peak temperature was 50 C.  Iteration 3034 was finite
with PPO/DAgger `0.4/0.6`, actor/BC/critic losses
`0.1183/0.1894/0.8080`, KL `0.0213`, rates `1e-5/1e-3`, reward `10.17`,
and episode length `79.70`.  `model_03000.pt` SHA256 is
`8f96d2bee29c3a293bde24e458e1394bad296d156e70a51ed338bd3dda11ab1c`;
all model/optimizer/fixed-BC/rank state and provenance checks passed.  This is
a health observation under the old BC weighting, not a corrected-objective
scientific conclusion.

======================================================================
28. PARTIAL-RESET PERCEPTION AND TEMPORAL-NOISE CORRECTNESS
======================================================================

The environment reset callback now carries the exact reset `env_ids` into
perception, and shared actor/critic/teacher manager aliases are deduplicated by
object identity.  WBT and locomotion therefore refresh only the reset subset;
surviving environments keep their camera observations and latency buffers.
A targeted reset is not a second control-frame sensor tick, so it also leaves
the global camera frequency phase unchanged.

A second independent review found that the first partial-reset implementation
normalized the full-update slice into an env-id tensor before preprocessing.
The Perlin hole generator consequently classified every ordinary full camera
refresh as partial and never advanced `frame_idx`.  Full sensor refreshes now
explicitly advance the temporal field once, whereas a reset-subset refresh
reuses the most recent field without advancing it.

The same review found that normalizing a subset Perlin frame by subset extrema
changes its hole mask relative to the identical environment in the preceding
full tick.  Full-tick extrema are now cached as derived state and reused for a
partial refresh.  The cache is deliberately cleared at canonical reset and
checkpoint load: if a resume first performs a partial refresh, the full-batch
extrema are deterministically rebuilt from authenticated `frame_idx - 1`
(`frame_idx == 0` uses frame zero) without consuming the temporal clock.
Regression tests prove the partial mask is bit-identical to the selected full
mask, including cache loss and the frame-zero boundary.  Latency, additive,
edge and depth-buffer writes remain restricted to reset environments.

The combined partial-reset, perception-manager and WBT checkpoint suite passed
99 tests.  Python compilation and `git diff --check` also passed.

======================================================================
29. CONTACT CONSUMERS AND LIVE EXECUTION-PROVENANCE BINDING
======================================================================

Contact t1/t2 sidecars were previously loaded only when adaptive sampling or
uniform-T1 sampling was enabled.  That was insufficient: contact-aware sparse
root commands and pickup/drop button observation terms consume the same
contact window even when the sampler itself is disabled.  WBT now detects
those configured observation consumers and loads a configured nonempty
contact root for them.  Sampler/uniform-T1 modes retain their strict root and
coverage requirements, while a no-root non-sampler configuration retains its
intentional kinematic fallback.  Command/contact coverage tests passed 26
cases, and the broader student/checkpoint/contact regression passed 201.

Execution provenance is now a live pre-simulator contract rather than only a
launch-time record.  Generator and worker share strict parsers for the
distributed backend, pinned NCCL digest, TF32, Gloo/hierarchical/contiguous and
rank-visible modes, supervised-only/actor-only/microbatch/streaming controls,
critic-sync behavior, `NPROC`, `NNODES`, `PYTHONHASHSEED`, cuBLAS workspace and
the semantic environment map.  The recorded `execution_runtime` mapping must
exactly match the current 20-key schema.  Boolean values reject surrounding
whitespace and consumer-conflicting spellings; integer controls accept ASCII
decimal digits only.

`TORCH_ALLOW_TF32_CUBLAS_OVERRIDE` accepts exactly `0` or `1`, matching the
installed PyTorch c10 pre-start parser.  `batch_ne.sh` rejects any other value
before snapshot construction or SSH.  Workers also prove the rank-invariant
topology `WORLD_SIZE == NPROC * NNODES`, rank range, local-rank modulo mapping,
rank-visible original/remapped aliases and optional `NODE_RANK` relation
before simulator startup.  Rank-local identities themselves are not added to
the cross-rank provenance or resume identity.

The direct generalist launcher previously exported `NPROC` but omitted
`NNODES` before provenance generation, so a legitimate two-node launch would
be falsely recorded as one node.  It now exports both and has single- and
two-node dry-run assertions.  The focused generalist suite passed 6 tests;
the combined provenance/resume/policy-init/W&B/generalist suite passed 241.
An independent execution-runtime review passed 279 related tests.  The full
launcher contract, including immutable snapshot and AS contact preflights,
reported `[PASS] launcher contracts`.

======================================================================
30. STUDENT PURE-BC OPTIMIZER ISOLATION AND INPUT-SLICE CLOSURE
======================================================================

Pure BC correctly removed the likelihood-ratio objective, but its live entropy
tensor was still multiplied by an exact zero PPO coefficient.  That produces
a material zero gradient for a trainable Gaussian `std`; AdamW can then create
optimizer state and apply decoupled weight decay even though PPO and explicit
std matching are both inactive.  In pure BC, entropy is now a detached
diagnostic.  `dagger_match_std` remains the only intentional supervised std
gradient.  The regression proves the value is still logged while `std` is
unchanged, `std.grad is None`, and no optimizer state is created for it.

Policy observation slice tables are keyed by group name.  A repeated actor,
critic or teacher group previously overwrote the first slice even though the
rollout concatenation still included both occurrences, silently misaligning
normalization and ONNX/inference inputs.  Slice construction now requires
unique ordered group names and fails before model setup with the complete
duplicate/input list.

The latest student-policy core regression passed 363 tests.  The full current
Python tree passed 1521 tests with 2 expected skips; no test failed.  The full
launcher contract passed, as did shell syntax, Python compilation and
`git diff --check`.

Formal r21 remains healthy but uses the older immutable source and is not a
scientific result for these post-snapshot fixes.  At 2026-07-14 10:28 UTC its
strict ten-minute window reached exact progress 4920, +55 from the previous
window.  All 13 nodes, 13 parents, 104 workers and 104 unique GPU applications
matched token/PID/GPU ownership; main/rank errors and volatile ECC counts were
zero, logs were 7-10 seconds old, and peak temperature was 50 C.  The 4900
schedule boundary was exact: iteration 4899 used PPO/DAgger `0.6/0.4`, while
4900 and 4901 used `0.7/0.3`; the logged actor loss reconstructs from the
weighted surrogate and BC terms within display rounding.

`model_04900.pt` is 92,577,411 bytes with SHA256
`23324d087ded4e0393764f78afd82889f1e0b7a16c650bc925a96240e2219f50`.
It records iteration 4899/next 4900 and contains 1252 tensors total; all 832
floating tensors and their 23,024,806 elements are finite.  Actor 17/17 and critic 8/8
parameter tensors changed from model 4800; optimizer step 313600 and both LRs
are correct.  Std min/max/mean is approximately
0.0640710/0.0930640/0.0767293.  All 104 environment and fixed-BC states,
the exact 4096 allocation (`40 x 40 + 64 x 39`), 30-clip coverage and
provenance passed; no temporary or open checkpoint writer was present.

At 2026-07-14 10:43 UTC, `model_05000.pt` also stabilized and passed the
same deep audit.  It is 92,577,411 bytes with SHA256
`804ea66a4f0b546d78554bd5440d8e56f24bfe3de086f9f144b2d2cc47c03cef`,
records iteration 4999/next 5000, and contains 1252 tensors total; all 832
floating tensors and 23,024,806 floating elements are finite.  Actor 17/17
and critic 8/8 tensors changed from model 4900; both optimizer steps are
320000 with LRs `1e-5/1e-3`.  Std min/max/mean is approximately
0.0643381/0.0949393/0.0767764.  The 104 environment states, 104 fixed-BC
states, exact 4096 allocation, 30-clip/104-rank coverage and provenance are
complete and unchanged; resume is false and no temporary/open writer exists.

======================================================================
31. CONTACT-OBSERVATION COVERAGE AND ONNX METADATA UNIQUENESS
======================================================================

An explicitly configured contact sidecar root is part of the student input
semantics whenever an actor/critic observation consumes contact-aware sparse
root or pickup/drop window terms.  Previously, direct checkpoint/evaluation
entrypoints that did not inherit the launcher's ambient coverage flag could
load zero or only part of the active clip bank and silently replace missing
windows with a kinematic estimate.  That changes a saved policy input without
changing its apparent tensor shape.

Code now automatically requires 100% active-clip window coverage when both a
nonempty root and a contact-window observation consumer are configured.  The
legacy no-root kinematic fallback remains intentional, and partial banks remain
valid for sampler/metrics-only users that do not feed the windows to a policy.
Regression tests cover zero-of-one and one-of-two configured observation banks.
The focused command file passed 28 tests; the complete contact/timestep/reset/
reward/checkpoint/rank review passed 229 tests.  The half-open `[t1,t2)`, FPS
ceil conversion, runtime-prepend compensation, reset-before-resample outcome,
reward/termination order, rollout label alignment and rank-local resume mapping
were also rechecked end to end.

ONNX `metadata_props` was another silent ambiguity boundary.  The SDK loader
previously assigned properties into a dictionary, so a duplicate key used
consumer-dependent last-wins semantics.  Python's default JSON parser also
accepts non-standard `NaN` and positive/negative `Infinity`.  The loader now
rejects empty or duplicate keys, malformed JSON and every non-finite JSON
constant before constructing an ONNX Runtime session.

The training-side metadata publisher now first validates all pre-existing
properties as unique, nonempty, strict finite JSON.  Updating an existing key
replaces it instead of appending a second entry, and new values use
`json.dumps(..., allow_nan=False)`.  Any validation/serialization failure leaves
the original ONNX bytes unchanged, so a producer cannot report success for an
artifact the SDK will deterministically reject.

The complete checkpoint/ONNX/SDK/export regression passed 140 tests.  The
expanded current Python tree, now including the ONNX exporter file, passed
1535 tests with 2 expected skips.  Python compilation and `git diff --check`
passed; no code or test file was staged.  The full launcher contract was then
rerun against immutable source snapshot
`src-a64fe33ab31adea02cf56e045daabc2726f35495d90eef50c0d931cbe62c689f`;
the real 133-clip single-slot bank and contact preflights covered 133/133 clips,
and the suite ended with `[PASS] launcher contracts`.

At 2026-07-14 10:58 UTC, the read-only r21 strict health window converged to
exact progress 5083 on every rank, +55 from the preceding window.  All 13
nodes, 13 parents, 104 workers and 104 unique GPU applications retained exact
token/PID/GPU ownership; logs were 6-8 seconds old, main/rank error counts and
volatile ECC counts were zero, and the peak temperature was 51 C.

`model_05100.pt` subsequently stabilized and passed the full checkpoint audit.
It is 92,577,411 bytes with SHA256
`10028311e57f450911d6e9d6b35becd774064ec6bd32bfd1bea7aa18f00068d9`,
records iteration 5099/next 5100, and contains 1252 tensors total; all 832
floating tensors and 23,024,806 floating elements are finite.  Actor 17/17 and
critic 8/8 parameter tensors changed from model 5000; both optimizer steps are
326400 with LRs `1e-5/1e-3`.  Std min/max/mean is approximately
0.0644743/0.0959619/0.0766708.  The 104 environment states, 104 fixed-BC states,
exact 4096 allocation, 30-clip/104-rank coverage and provenance remain complete
and unchanged; resume is false and no temporary/open writer exists.

The next strict confirmation at 2026-07-14 11:08:06 UTC reached exact progress
5131 on all ranks, +48 from the preceding window.  One rank had crossed its log
write during the first concurrent sample; all ranks converged 8.6 seconds later,
which confirms write timing rather than rank drift.  Ownership remained
13/13/13 for active/tmux/main logs with 13 parents and 104/104/104
workers/applications/unique GPUs; PID matching was 13/13, log age 7-8 seconds,
main/rank errors and volatile ECC counts zero, and peak temperature 51 C.  The
latest complete iteration remained finite with PPO/DAgger `0.7/0.3`, actor/BC/
critic `0.0820/0.2474/0.9635`, KL `0.0209`, LRs `1e-5/1e-3`; the actor loss
reconstructed from the logged weighted terms within `1e-5`.

======================================================================
32. LAUNCHER EXACT-IDENTITY, SHARED-LOG AND CONTROL-PROTOCOL CLOSURE
======================================================================

The final launcher review found that both `/proc` identity scanners inherited
the status of the last comparison executed in their `while read` body.  A
same-token process whose last environment field contained a wrong epoch could
therefore make the loop return one and be misclassified as unrelated.  Each
body now terminates with an unconditional success sentinel; wrong, missing,
duplicate or malformed token/command/epoch fields reach the exact post-loop
validation and fail closed.  Real `/proc` fixtures cover terminal status and
predecessor cleanup for wrong/missing epochs.  Fixture processes now remain
alive for the whole test and are removed only by exact PID+token cleanup.

Generated startup and stop commands had two shell-expansion defects.  Startup
health referenced an unbound remote `EXPORT_ONNX` instead of the immutable
controller value.  The stop heredoc also let `$#` in a sed end-of-line pattern
expand to the controller's positional count, producing an invalid expression.
The expected export mode is now explicitly embedded, and the sed anchor is
escaped.  Manual launch, two readiness rounds and exact stop/process closure
were exercised in addition to the contract suite.

Training completion is a whitespace-delimited control record, so final
`LOGGER_BASE_DIR` and `TRAINING_NAME` values now reject whitespace/control
characters before snapshot or remote mutation.  `TRAINING_NAME` is also a
bounded safe basename and cannot contain slash or traversal.  Resume and local
checkpoint helpers share one persisted actor validator for canonical MLP,
MLP-perception, Flow and Flow-perception types, ordered unique inputs, hidden
dims and Flow parameters.  This removes launcher-only reinterpretations of the
same checkpoint schema.

The first fresh-log hardening required every node to create the entire
run-specific log directory.  That is invalid when `RUN_REPO` is shared/NFS:
rank zero creates it and rank one necessarily sees a collision.  The launcher
now creates a per-publisher token/node/PID staging directory, writes a mode
0400 one-line/eight-field owner record
`(version,snapshot,session,log,target,nnodes,token,epoch)`, validates it, and
atomically publishes the directory with `mv -T --no-clobber`.  A losing node
may share the destination only when all eight fields match; it removes only
its own exact staging path.  Missing, extra-field, wrong-target, foreign or
symlinked owners remain untouched and fail closed.  Per-node log files still
use no-clobber creation.  A two-node shared-filesystem fixture proves both
logs coexist, subset/reordered stop is rejected, and full ordered stop closes
both sessions and releases the rendezvous pair.

The two-node partial-rollback watchdog was 14 seconds while the deliberately
injected startup, lifecycle transition, rollback and final-closure sequence
can legitimately take about 14.1-14.5 seconds under its unchanged internal
two-second bounds.  Only the test's outer watchdog is now 30 seconds; the
production startup, probe, cleanup and lock bounds remain unchanged.  The
fixture proves rank zero reaches exact process/session closure, the hanging
rank remains `rolling_back`, and both ports stay quarantined.

The main full launcher run passed with evidence in `/tmp/tmp.0orMr8mBts`.
An independent frozen-source rerun also exited zero with `[PASS] launcher
contracts`; its evidence is `/tmp/tmp.D9fD5dsx1w`.  Both runs exercised the
real 133-clip immutable bank/contact preflights.  Shell syntax and whitespace
checks passed, and no code/test file was staged.

======================================================================
33. FINAL STUDENT-POLICY NUMERICS, RNG BOUNDARY AND PROXY CONTRACTS
======================================================================

Rollout action selection and the actor objective previously disagreed for a
positive Python PPO coefficient that rounds to zero in the float32 graph.
PPO presence, teacher-control legality, stochastic student actions and the PPO
loss multiplier now use one operational float32 coefficient.  Positive start,
target or first discrete PPO tiers that materialize as zero are rejected.
The BC complement is still computed in Python before its own float32
materialization, preserving the real positive BC semantics near
`nextafter(1, 0)`.

The initial BC tier alone was not sufficient.  A smallest-positive float32
`dagger_loss_coef` could be operational at iteration zero yet underflow to zero
later in the ramp, silently ending DAgger before its declared boundary.  For a
target below one, setup now checks the persistent end tier; for a target of
one it checks the final mathematically positive `end-1` tier.  Linear and
stepped schedules were independently tested for off-by-one behavior and legal
pure-BC boundary cases.

Required ONNX export is now validated before train mode, canonical reset or
rollout for every objective, including pure BC.  Recurrent `time_gru` and a
Flow actor with positive inference noise fail immediately rather than after a
full training run whose final export would represent a different policy.

Flow configuration no longer truncates booleans/floats or accepts strings,
NaN, Infinity, negative values and unbounded work.  Pydantic config, direct
`ConditionalFlowMLP`, checkpoint/resume validation and launcher preflight now
share `flow_integration_steps <= 4096` and noise std `<= 1e18`; epsilon remains
in `[0,0.49]`.  The noise bound keeps approximately an 18-sigma squared sample
below float32 maximum.  Independent stress tests kept 240,960 sampled losses
finite, and a 4096-step forward completed with finite output.  Values 4097 or
`1e19` fail before snapshot/SSH.

Checkpoint publication used to validate live state before capturing RNG.  A
custom state-dict/validation hook could therefore consume randomness and move
both the serialized and next-training boundary.  Every rank now captures its
RNG state first, then runs validation, environment/fixed-BC collection,
serialization and publication inside one `finally` restoration scope.
Injected success and failed-preflight side effects prove Python, NumPy and
torch streams all resume at the exact pre-save boundary.

IsaacSim proxy accessors were also reconciled with the environment-major,
interleaved `ObjectRegistry` layout.  Bounds errors are explicit, clone order
matches the registry contract, and reset/state-accessor mocks test the real
ordering rather than a stale object-major assumption.

The final student-policy combination passed 843 tests.  RNG/resume/checkpoint,
safe load, IsaacSim proxy, ONNX and evaluation integration passed 321 tests.
The broad Python range passed 1730 tests with four expected skips when the one
external IsaacGym e2e file was excluded.  Including it produced the same 1730
passes/four skips and exactly one environment error: this host has no
`isaacgym` module; no code assertion failed.  Independent student review
passed 527 focused tests and found no remaining P0/P1/P2 issue.

At the formal r21 iteration-6300 boundary, iteration 6299 used PPO/DAgger
`0.8/0.2` and 6300 switched exactly to `0.9/0.1`; actor reconstruction matched
within display rounding.  `model_06300.pt` is 92,577,411 bytes with SHA256
`da824af61b385a6bfd6224be30747552d32516dd788a0aebf75201292e28135f`,
records iteration 6299/next 6300, and has 1252 tensors/832 floating tensors/
23,024,806 floating elements, all finite.  Actor 17/17 and critic 8/8 tensors
changed from model 6200; optimizer step 403200, LRs, 104 env/fixed-BC states,
exact 4096 allocation and provenance all passed.

The latest strict window at 2026-07-14 15:48:15 UTC reached exact progress
6605 on all ranks and rank-zero progress 6606.  Active/tmux/main-log ownership
was 13/13/13, with 13 parents and 104/104/104 workers/applications/unique GPUs;
PID identity was 13/13, errors and volatile ECC were zero, and peak temperature
was 50 C.  All metrics were finite at PPO/DAgger `0.9/0.1`; `model_06600.pt`
was stable with no temporary writer.  This remains a health/diagnostic run on
its older immutable snapshot, not a scientific result for the post-snapshot
fixes recorded above.

======================================================================
34. DIRECT RUNSIM CAMERA RESET RANDOMIZATION AND EPISODE-PAIRING CLOSURE
======================================================================

Direct RunSim previously instantiated a perception producer without replaying
the training environment's reset camera randomizer.  It could therefore render
from one fixed mount and omit the per-episode multiplicative depth-noise scale
and pixel-drop probability even when the student artifact had been trained
with all three effects.  The direct config and `mj_track.sh` handoff now carry
the authenticated camera translation XYZ ranges, rotation RPY ranges,
`noise_std_mult_range`, `noise_drop_prob_range`, producer tick period and seed
from the selected ONNX metadata.  Explicit launcher values must match the
artifact; missing, legacy, non-finite, reversed, out-of-domain, duplicate-term
or lifecycle-incompatible contracts fail before run_sim is launched.

RunSim now builds the real `RandomizationManager` with the canonical
`randomize_camera_raycast` reset term.  Every physical episode first clears the
perception history, then samples the mount translation/orientation and the two
noise parameters, and finally renders the targeted reset frame.  The live
camera path applies translation in the mount frame and adds RPY jitter without
rotating the mount lever arm.  Sensor noise is the training expression
`depth + randn * (depth * std_mult)`; dropout independently replaces selected
pixels with the configured maximum sensor distance.  Both are applied once
before observation preprocessing.  The direct producer is clocked by the
authenticated training control-step period rather than render-loop speed and
fails if a producer tick is skipped.

The initialization lifecycle now matches `BaseTask.reset_all`: reset manager
state, sample reset randomization, execute one isolated nominal-PD control tick,
perform the ordinary perception update, then install the targeted reset
output.  External bridge input is detached during that warm-up and its control
phase is cleared before and after, so queued lowcmd cannot replace the training
zero-action tick or leave a nonzero decimation phase.  Reset output may be
republished while physics is frozen, but this reads the cached frame and never
advances perception state or consumes another RNG sample.  The contract is
honestly distribution-equivalent: vectorized training and one-env RunSim use
different global-RNG call interleavings, so a shared seed does not promise the
same batch sample path.

Reset transport races were closed end-to-end.  Each run_sim producer starts
from a random bounded 62-bit episode base and increments it at every physical
reset, preventing a restarted producer from reusing old `(generation, t=0)`
identity.  Sim-state, lowcmd and every ZMQ/SHM perception frame carry this same
generation.  The SHM generation is committed in the same odd/even seqlock as
payload, simulator time and checksum; reset atomically invalidates the current
slot before advancing generation, while the writer's private sequence remains
monotonic.  WBT pins one validated sim-state snapshot per control tick and the
policy accepts only a perception frame with both `time <= pinned time` and an
exact generation match.  Missing generation now fails closed rather than
falling back to an unpaired latest frame.

The external relay preserves generation on both transports, publishes no
unauthenticated filler, never refreshes the wall age of a disconnected ZMQ
source, keys SHM freshness by `(segment generation, sequence)`, and includes
episode/time in its duplicate-frame identity.  Thus identical pixels at a new
episode and sequence 2 from a recreated SHM segment are still forwarded.  A
file source must explicitly declare a one-episode target generation.  External
renderers must carry the *target run_sim* generation; an unrelated local
counter is rejected, and the launcher now states this requirement.

Verification after the final transport fixes included 366 manager/direct/
eval/student/reset/protocol tests, 284 direct/student/transport tests, 37
invalidate/concurrency producer tests and an independent adversarial set of 61
tests; all passed.  The real MuJoCo ONNX metadata launcher suite ended with
`[PASS] MuJoCo perception metadata launcher contracts`.  Python compilation,
`bash -n`, `git diff --check`, concurrent marker/generation seqlock pairing and
same-name SHM restart tests also passed.

The scientific guarantee here is the authenticated direct `ZMQ + MuJoCo
Classic` path.  An external relay still cannot independently prove that a
source's generation belongs to the target simulator without subscribing to
target sim-state; mismatch is safe but currently manifests as a policy
timeout.  A single-slot SHM reader that starts only after its required frame
has been overwritten by a future same-episode frame also times out rather than
substituting the future frame.  These are fail-closed liveness limits, not
cross-episode correctness failures.  Generic DDS and MuJoCo Warp physical-reset
equivalence were not claimed by this closure.

At 2026-07-14 19:16:15 UTC the unchanged r21 diagnostic snapshot remained
healthy at exact progress 7696 on all 13 nodes, with 104/104 strict GPU
bindings, zero errors/ECC and peak temperature 49 C.  `model_07700.pt` was
subsequently published complete with no temporary writer.  No running job was
restarted or mutated for these post-snapshot fixes.

======================================================================
35. FIXED-BC FORGETTING GUARD AND R22 SCIENTIFIC HANDOFF
======================================================================

The old r21 fixed-set series exposed a scientific failure mode that ordinary
finite-loss and reward health checks cannot detect.  Its deterministic
mean-action MSE reached about 0.0803 during pure BC, then rose through 0.0878,
0.0868, 0.1037, 0.1145, 0.1249, 0.1380, 0.1496, 0.1524 and 0.1626 at the
successive 0.1 PPO tiers.  It was 0.2943 at iteration 10600 and 0.2982 at
iteration 10700 even though rewards, gradients, optimizer state and every
checkpoint tensor remained finite.  This makes r21 useful diagnostic evidence
but not an acceptable final scientific result.

The corrected r22 schedule therefore keeps a real pure-BC phase and increases
PPO by 0.1 every 700 iterations only through 0.7 at iteration 4900, retaining
0.3 BC thereafter.  The 0.7 choice is evidence-based: the old fixed-set value
at that tier remained below the 0.160 absolute ceiling, while later tiers
approached or crossed it.  This is a new fresh-run contract, not a resume or a
reinterpretation of r21's 0.9/6300 schedule.

A fail-closed fixed-BC guard now authenticates an exact global 4096-sample
dataset distributed by quotient/remainder over all 104 ranks.  The dataset is
digested locally and globally at its first evaluation and can never be silently
re-based.  The guard requires at least three aligned evaluations in a pure-BC
reference window, freezes
`min(reference_min * max_reference_ratio, absolute_max_mu_mse)`, and starts its
consecutive-exceedance counter only after the configured PPO ramp completes.
The formal contract uses reference end 600, ratio 2.0, absolute ceiling 0.160,
start 4900, interval 100 and patience 3.

Every guard transition validates the complete prior state, exact evaluation
timeline, weighted sample count, rank strata, allocation, dataset digests and
configuration fingerprint.  Metric, timeline, digest, transition, checkpoint,
RNG and logging failures are synchronized before any rank enters the next
collective.  Fixed evaluation and guard bookkeeping capture and restore
Python, NumPy, torch CPU and CUDA RNG state, so the diagnostic is
observational.  Normal checkpoints must contain complete non-tripped,
resumable state.  A tripped run first atomically publishes a diagnostic
checkpoint and marker whose state is explicitly non-resumable, then attempts
terminal W&B logging, and finally makes every rank exit in the same protocol.

This guard is intentionally described narrowly.  Because each rank fills its
small local quota from the first valid rollout batch, the current 4096 samples
are primarily a deterministic reset-state forgetting sentinel.  They do not
claim full on-policy occupancy coverage; motion/reward/contact metrics and the
real multi-node canary remain separate acceptance evidence.

W&B startup was also made an all-rank contract.  Rank zero must create the
expected cloud entity/project/run, and its exact identity or failure is
broadcast before any worker constructs the simulator.  Ambient run/project/id
aliases are cleared while credentials are preserved.  Epoch logging and
terminal guard logging now return an all-rank outcome, preventing rank-zero I/O
failure from stranding peers at checkpoint barriers.  The reference minimum is
summarized as `min`; the frozen threshold, counter and last MSE use `last`.

The final legacy-process review changed `/proc` environment reads to binary-safe
current-UID scans and rechecks UID, PPID and process start time immediately
before every signal.  Missing, duplicate, malformed or mismatched launch
identity remains fail-closed.  Launcher-side guard numeric checks now mirror
the Python/CLI checks, including finite real values, interval alignment,
pure-BC reference semantics and enough remaining evaluations to reach the
configured patience before the run target.

After these changes, the project-owned Python range ran 89 test files and
finished with 2209 passed, four expected skips and zero failures.  This scope
includes the IsaacSim state-accessor unit tests and excludes only vendored
packages, archived inference clones and the external IsaacGym/GPU-simulator
e2e.  The first full launcher rerun correctly rejected one sentinel fixture
that changed the fixed-BC interval to 37 while accidentally inheriting the new
enabled guard.  That non-guard fixture now explicitly disables the guard; no
production validation was weakened, and the complete launcher suite was
restarted from the beginning.  That clean rerun exited zero after 1573.30
seconds with `[PASS] launcher contracts`; both real bank/contact preflight
rounds covered 133/133 clips.

At 2026-07-15 04:51:03 UTC, r21 still had exact progress 10731 on all 13 nodes
and 104 ranks.  Active/tmux/parent/PID/GPU ownership was exact, errors and ECC
counts were zero, peak temperature was 52 C, W&B remained fresh, and no new
critic spike or non-finite value appeared.  It remains untouched until the
corrected immutable snapshot and replacement canary are ready for an exact
handoff.

======================================================================
36. R22 SNAPSHOT REPRODUCIBILITY AND EXACT-13 READINESS
======================================================================

The required two-controller snapshot check caught one more reproducibility
bug before any GPU handoff.  With identical source bytes, `umask 022` produced
snapshot `src-5d2afe...`, while `umask 077` produced `src-0a3148...`.
Their content manifests differed only at `source_modes.nul`: the defm branch
created the structural `submodules` parent with `mkdir -p`, so it became 0555
under the first umask but 0500 under the second.  Because signed directory
modes are intentionally part of source identity, both the manifest and archive
digest correctly exposed this builder-side nondeterminism.

The defm branch now copies the source modes of both `submodules` and
`submodules/defm` onto those generated staging directories before the existing
global write-bit removal.  This preserves the source permission contract
instead of hard-coding a mode.  The snapshot fixture now creates a real defm
`model_factory.py`, uses distinctive 0751/0750 source directory modes, compares
independent 022/077 caches, and checks the extracted parent is 0551.  The
targeted snapshot suite, shell syntax and diff checks passed.  Two independent
real-repository builds then had identical manifest bytes, snapshot ID, archive
SHA256 and byte-for-byte tar output; an independent reviewer reproduced the
same result.

The resulting r22 candidate is
`src-4c16760193077a478e56aa94aa4289451e0ee4e9f3cd8eed6df380a319228d1d`,
with archive SHA256
`c92722599c7de310c11b4b12f5249c5244d4cd0ef8d48eca40fc1a8c891dce99`.
The authenticated archive was placed in the controller cache, then installed
and verified on the exact 13 authorized nodes.  A second idempotent prepare
returned zero with 13/13 source verifications and 13/13 immutable NumPy runtime
overlay verifications.  `PREPARE_DATA=0` left every node-local bank unchanged
and no GPU process was started or stopped.

The complete canary dry-run returned zero for 13 nodes x 8 GPUs and 6656
environments.  All 13 generated rank controls carried target/save 8/8,
fixed-BC and motion intervals 1/1, PPO tiers 0.0 through 0.7 at iterations
0 through 7, reset curricula 0 through 8, and an explicitly disabled terminal
guard with start -1.  The formal dry-run likewise generated 13 exact controls
with target 40000, save/fixed intervals 100, motion interval 4, PPO target 0.7,
700-step tiers through iteration 4900, and the enabled reference-600/start-4900/
ratio-2.0/absolute-0.160/patience-3 forgetting guard.  Both used fresh W&B
identity semantics and no training-resume aliases.

An independent launch-environment review then caught a controller-only typo in
the initially reconstructed NCCL CAS digest.  Dry-run and `PREPARE_DATA=0` do
not load that library, so they correctly did not authenticate the nonexistent
path.  The operational environment was corrected to the exact local/runtime
digest `e4a7aee9c3eecf53fac780441d2f03b578ab8db8874b71f8e391bcec7adb2899`.
The regular, non-symlink 0444 `libnccl.so.2` payload now rehashes to this value
on all 13 nodes.  Both canary and formal dry-runs were repeated; each emitted
13 exact NCCL exports, 13 launch ranks and no errors.  This operational fix did
not change the signed source snapshot.

The apparent r21 lifecycle warning was also resolved without weakening the
new atomic contract.  All 13 r21 sessions are a uniform legacy layout: the
three tmux environment identity fields are truly absent, while all three
legacy options exactly match active token/command/epoch; the immutable control,
ordered rank topology, master ports and unique pane identities also match.
The current helper's narrow legacy-stop path accepts only this complete
options-only shape plus five explicit authorization fields, captures a stable
PID/start-time/UID process-tree receipt, and proves descendant closure before
releasing the exact reservation pair.  The frozen r21 stop lacks those
guarantees and will not be used.  No stop occurred during this audit.

At 2026-07-15 05:19:19 UTC r21 remained healthy at exact progress 10879 on all
13 nodes with 104/104 processes and GPUs, zero errors/ECC, peak temperature
50 C and fresh W&B/logs.  Its fixed-set MSE remained about 0.3016 at iteration
10800, reinforcing the need for the fresh r22 schedule and guard while leaving
the diagnostic job untouched until the final regression and exact handoff.

======================================================================
37. R21 DIAGNOSTIC CLOSURE AND EXACT RESOURCE HANDOFF
======================================================================

The r21 diagnostic was kept alive until the post-snapshot lifecycle helper had
proved its narrow legacy authorization boundary.  It reached
`HOLOSOMA_PROGRESS completed_iteration=12451`; the final fixed-set observations
were still around 0.3231, confirming that the healthy finite run did not satisfy
the student-retention objective.  Its last rank-zero log write was 2026-07-15
10:24:06 UTC.

The handoff used the current helper rather than the frozen r21 stop path.  Every
node had to match the explicit snapshot/token/epoch/run-stamp/target tuple, the
single hash-bound control-script pane, and the captured PID/start-time/UID/
PPID/process-group/session receipt.  Exact descendant and cgroup closure was
proved before the two rendezvous reservations were released.  The post-stop
audit found no r21 tmux, training worker, GPU application or listener on its
ports.  No process-name `pkill`, wildcard session match or unrelated task kill
was used, and r21 remains diagnostic evidence only rather than a resume source.

======================================================================
38. LIFECYCLE/CGROUP HARDENING AND RELEASE-TEST INVOCATION BOUNDARY
======================================================================

The lifecycle namespace was hardened for cross-UID/group access: mutable
per-user directories are 0700, state/incoming files are private, lock targets
are authenticated regular files, and atomic tmux environment identity is
checked together with legacy options.  The real cgroup-v2 fixtures cover
freeze intent, canonical receipt publication, controller disconnect, tmux
failure/retry, a `setsid` descendant and a reparented member which must remain
fail-closed.  This is an ownership and accidental-interference boundary; a
malicious process running as the same UID remains outside the claim.

A release rerun also exposed a test-runner assumption rather than a production
stop defect.  The legacy wrong-pane fixture wrote `$$` and assumed the top-level
test shell was not a process-group/session leader.  A PTY makes that shell its
own leader, so production correctly advanced to the stricter argv rejection
while the fixture expected the earlier leader rejection.  The fixture now uses
a uniquely tokened background child which inherits, but cannot lead, the
caller's group/session under either PTY or non-PTY execution.  It registers the
PID for token-safe EXIT cleanup and explicitly checks the intended precondition
before invoking the stop validator.

======================================================================
39. TERMINAL FIXED-BC PROOF, RNG BOUNDARY AND RESUME EQUIVALENCE
======================================================================

The final fixed-BC observation is now forced on the last actual update when the
run target is off cadence.  Periodic guard history remains on its original
timeline; an off-grid terminal proof cannot retroactively change the guard.
The strict terminal state binds completed/target/checkpoint iterations,
cadence, scheduled/guard flags, exact sample and weighted counts, rank strata,
frozen dataset SHA256, guard configuration/state/threshold/verdict and its own
canonical digest.  A guard-enabled terminal MSE must be within the frozen
threshold even if that final point is the only terminal observation.

Checkpoint collection, the terminal proof and dataset consensus all preserve
Python, NumPy, torch CPU and CUDA RNG streams, including synchronized error
paths.  The configured final checkpoint and ONNX export must authenticate the
same terminal state/digest before the single completion marker can be emitted.
Full resume validates and then clears stale terminal proof; actor-only policy
initialization clears it without importing critic/optimizer/iteration/env
state; matching evaluation re-export may preserve it.  An aligned final guard
trip can still publish its explicit non-success diagnostic checkpoint without
forging a completion proof.

A new honestly scoped single-rank core resume A/B test performs a real
`PPO.save`, safe `PPO.load`, canonical reset and next SGD update.  It compares
actor/critic parameters and outputs, optimizer groups/LRs/moments, RNG and a
toy environment/curriculum across a legal iteration-4 PPO/DAgger schedule.  It
is a core checkpoint equivalence smoke, not a claim of real AS/perception or
multi-rank trajectory equivalence.  Fixed/core/logging/resume combinations
passed 492 tests; checkpoint/ONNX/load combinations passed 186.  The final
project-owned Python range passed 2228 tests with four expected skips and zero
failures across 90 files, excluding only vendored/archived clones and three
external simulator e2e files.

======================================================================
40. FIRST R22 CANARY FAILURE, TRANSACTIONAL ROLLBACK AND ROOT CAUSE
======================================================================

The first post-terminal-proof candidate was independently built under umask
022 and 077 as
`src-acd691213cbc6e807d22c64f6d313b0d85c9bda71640aaa781d47a6610330fcf`
with archive SHA256
`bd049482e3c88a7a2420940b4a46e6ae010477bfdb320a3e4b9c588e9329b4da`.
Exact-13 canary/formal dry-runs and two `PREPARE_DATA=0` source/runtime passes
succeeded.  The fresh canary
`as_debug30_ws104_scientific_canary_r22_20260715_131536` then started all 13
node transactions but never reached distributed provenance acceptance.  Two
nodes exited and the startup controller rolled back every exact owned session,
active record and rendezvous reservation.  A post-rollback audit found 13/13
tmux absent, 104 GPUs idle and ports 29881/29882 free.  Failure occurred before
a W&B run was finalized.

The validator correctly reported that provenance had recorded
`HOLOSOMA_PERCEPTION_INJECT_INTO_POLICY_MODULES` and
`HOLOSOMA_RESET_TO_DEFAULT_POSE` as unset, while delegated box/torso wrappers
later changed them to `True` and `False`.  The direct AS launcher now
canonicalizes its two aliases, accepts equivalent boolean spellings, rejects
conflicts/invalid values and exports the HOLOSOMA mappings before phase-one
provenance.  The batch node payload first erases both aliases/mappings and then
sets the fixed scientific values exactly once.  An adversarial schema audit
found no third post-provenance field drift, but did find
`FORCE_EIGHT_GPU_CONFIG`: a node-local value could rewrite NPROC/GPU tokens in
the terminal torso wrapper.  Batch controls now erase it as well.  Real dry-run
payload tests prove an ambient forced-eight value neither leaks nor changes the
controller NPROC, and provenance/final-command tests bind the two semantic
values.  Focused provenance regression passed 119 tests; syntax, whitespace,
invalid/conflict cases and two independent reviews found no P0/P1/P2 blocker.

======================================================================
41. R22 PACKAGE-DRIFT FAILURE, CLEAN ROLLBACK AND SCIENTIFIC DEPENDENCY PROFILE
======================================================================

The next exact-13 canary reached the source/runtime preflight but stopped before
simulator construction because the node environments did not have one package
identity: Hugging Face and OmegaConf versions differed across the fleet.  The
startup transaction rolled every node back to one authenticated `rolled_back`
terminal state; no tmux session, GPU application, rendezvous listener or W&B
training run remained.  This failure established that checking only NumPy was
insufficient even though the effective r22 actor is the small tracking CNN and
the critic is an MLP.

The active AS configuration dependency graph was therefore derived from the
real preset and imports.  Its explicit runtime roots are `attrs`, `numpy` and
`omegaconf`; the exact active transitive closure is
`antlr4-python3-runtime`, `attrs`, `numpy`, `omegaconf` and `pyyaml`.
Hugging Face is not part of the HoloSoma scientific DeFM contract: DeFM weights
must be local, SHA-authenticated and strict-loaded, and the network/pretrained
download branch is forbidden.  Provenance now records only this active AS
runtime plus torch/Isaac identities; the asset manifest requires torchvision,
OmegaConf and Pillow only when a DeFM encoder is actually selected.

An initial lazy-import change inside the DeFM gitlink was rejected as
undeliverable from a fresh superproject clone.  The submodule was restored
clean.  The parent HoloSoma factory now imports the pinned architecture modules
directly, reads the pinned YAML with OmegaConf, forces CNN constructors to
`pretrained=False`, validates the model/config identity, and retains the local
SHA plus strict state-dict load.  With Hugging Face imports actively blocked,
the three real ViT, RegNet and EfficientNet checkpoints all passed SHA
validation, strict load and finite forward; neither `defm.model_factory` nor a
Hugging Face module was imported.

======================================================================
42. EXACT AS-CORE OVERLAY, TRANSACTIONAL INSTALLER AND PRE-INTENT BARRIER
======================================================================

The old NumPy-named overlay was upgraded to runtime contract v2 with the full
AS-core closure.  Its signed distribution contract binds the exact profile,
full Python version, cache tag, SOABI, machine architecture, distribution
metadata, import roots and complete file tree.  The verifier rejects writable,
extra, missing, aliased and bytecode entries; enforces the exact reachable
distribution closure; proves every contracted metadata/module import resolves
inside the overlay; rejects already-preloaded contracted modules; and, in the
normal non-isolated launch process, proves the live interpreter is actually
bound to the requested overlay.  Independent controller builds under umask
022/077 and different locales produce identical runtime identity and archive
bytes.

The batch launcher now distributes and installs that archive on every node.
The controller first binds the caller archive by inode, owner, mode, size and
SHA, copies the authenticated FD stream into a private mode-0700 controller
namespace while hashing the same bytes, and performs gzip/embedded-manifest
checks and every SCP from that sealed single-link snapshot.  This closes the
previous verify-by-FD/use-by-path replacement window.  Remote SCP input is
accepted independently of login umask, then normalized to 0400 before the
installer re-authenticates it.  Remote paths are restricted to a canonical
shell-safe absolute character set so legacy SCP cannot interpret a configured
root as shell syntax.

The new installer validates a private runtime/incoming/lock namespace, exact
transport digest and size, canonical tar names/parents/modes/uid/gid/mtime,
member/count/size limits, and rejects traversal, duplicate, link, sparse or
special members.  Extraction uses no-follow/exclusive files in a private
same-filesystem candidate.  A per-runtime FD-bound lock now covers stale
candidate cleanup, extraction, strict isolated verification, atomic publication
and final re-verification.  An archive authenticated before the lock is checked
again by stable pathname identity while holding the lock; controller token
revocation therefore prevents a disconnected old process from publishing
late.  Ambiguous publish failures perform exact token cleanup and a same-lock
probe: only a strict verified final plus cleanup is promoted to success, while
cleanup plus missing is a terminal failed transaction.  Invalid arguments can
no longer delete arbitrary same-UID files or their parent directories.

Scientific prepare/launch/all now require the exact overlay by default; only
an explicit compatibility value disables it.  Status and stop deliberately
ignore even malformed stale runtime variables.  Prepare installs or strictly
reuses the overlay, then verifies its live binding.  Launch performs the same
installer probe and normal-process live-binding verification in parallel on
all nodes before lifecycle hardening, launch intent, rendezvous reservation or
tmux creation; prepare, launch preflight, health and train payload retain their
own repeated checks.

The focused dependency/overlay/provenance/resume range passed 250 tests.  The
real overlay/installer matrix passed deterministic dual builds, fresh/probe/
reuse, concurrent publication, corrupt-final fail-closed behavior, malicious
tar inputs, unauthenticated-input preservation, stale-candidate recovery and
the open-FD pathname-revocation race.  Two independent adversarial reviews
found no remaining P0/P1 in this runtime transaction.  Full launcher and
project-wide regression, final artifact identities and the replacement canary
are recorded in the next section after they reach terminal evidence.

======================================================================
43. R22 STUDENT-POLICY TERMINAL GATE, RESET ENDPOINTS AND FINAL LAUNCHER FIXES
======================================================================

Fresh/policy-init reset curricula now use an exclusive update target.  For an
eight-update canary the two reset schedules cover iterations 0 through 7; for
the 40,000-update formal run they cover 2500 through 39999.  Partial, reversed,
overflowing and target-equal fresh schedules fail before arithmetic or
simulator construction.  The box wrappers pass one validated eight-field
reset contract to the base launcher, and forwarded target/reset/checkpoint
options are rejected instead of being allowed to override controller values.
The base positional parser also now classifies every option-shaped first token
before a `.pt` suffix, so `--training.checkpoint=...pt` and
`--training.policy-init-checkpoint=...pt` cannot be consumed as a teacher path
and hidden from the owned-option guard.

Policy initialization for the formal run is accepted only from a private,
single-link, mode-0400 content-addressed checkpoint under a mode-0700 cache and
mode-0500 sealed object directory.  The controller requires terminal target 8,
completed iteration 7, next iteration 8, exact 104-rank fixed-BC proof, exact
W&B run, fresh-run provenance and the exact immutable source snapshot.  Direct
`train(config)`, `TrainingContext` and the normal CLI all execute this gate
before simulator imports; PPO validates the terminal payload and live actor
shape/dtype again before changing actor state.  Only actor and its enabled
normalizer are loaded.  Critic, both optimizers, iteration, RNG, environment,
curricula and W&B identity remain fresh.

Direct RunSim now reproduces episode camera pose randomization, multiplicative
depth noise and dropout with the same reset ordering and authenticated sensor
state used in training.  The final scientific launch contracts keep all four
experimental supervised shortcuts disabled.  A launcher regression also
found and fixed a test synchronization race: the runtime archive revocation
fixture now waits for both the authenticated archive FD and install-lock FD,
so it tests the intended lock-internal recheck rather than racing pre-lock
hash authentication.

The source builder now pins `LC_ALL=C` before every path discovery/sort/tar
operation.  Real case-sensitive paths had different collation under C and
en_US.utf8; the updated locale/umask test and two full-repository builds prove
identical snapshot ID, manifest, archive digest and archive bytes.  The final
Python range covered 90 project test files and passed 2344 tests with 4
expected skips.  The final launcher suite completed with rc=0, 7 PASS, 0 FAIL
in 1840 seconds.

======================================================================
44. R22 REPLACEMENT CANARY AND ACTIVE FORMAL RUN
======================================================================

The final immutable source was independently built under umask 022/C/UTC and
umask 077/en_US.utf8/Pacific-Honolulu, then installed and authenticated on the
exact 13 authorized nodes.  First prepare installed source on 13/13 and reused
the exact Python runtime on 13/13; a second prepare reused both identities on
13/13 with PREPARE_DATA=0.  Pre-launch checks found 104/104 GPUs idle, no live
training/lifecycle/rendezvous owner and all canary/formal ports free.

The fresh replacement canary ran as session
`as_debug30_ws104_r22c_20260716_014429`, W&B
`zihanw22/carry-any/gwinraxq`, on 13 nodes x 8 GPUs with 64 environments per
GPU and target 8.  All ranks reached progress 8; W&B finalized successfully
with `model_00008.pt` and `model_00008.onnx`.  The private controller gate
authenticated completed=7, next=8, target=8, world=104, the terminal fixed-BC
proof, W&B identity and source snapshot before permitting formal policy init.

The active formal session is
`as_debug30_ws104_r22f_20260716_020038`, W&B
`zihanw22/carry-any/fdbn50pr`.  It uses 13 x 8 = 104 ranks, 64 environments per
GPU (6656 total), rank-visible GPUs, eight-rank local NCCL reduction and 13
CPU/Gloo leaders.  The target is 40,000 updates, save/fixed-BC intervals are
100, and motion metrics run every 4 iterations.  The MLP actor dimensions are
`[512,256,128]`; one epoch and 64 minibatches use actor/critic LR 1e-3,
initial/minimum std 0.01 and zero entropy coefficient.  PPO rises from 0.0 to
0.7 in 700-update tiers through iteration 4900, retaining BC weight 0.3.  The
fixed-BC reference closes at 600 and the forgetting guard starts at 4900 with
ratio 2.0, absolute mu-MSE 0.160 and three consecutive evaluations.

The bounded launch handshake passed on all nodes.  Two initial health windows
showed 13/13 live sessions, 104/104 GPU applications, all-rank progress first
8-9 and then exactly 14, and zero Traceback/RuntimeError/NCCL/OOM/non-finite
patterns.  This is the current scientific run to monitor; it is not a resume
of the earlier r21 lineage.

At 2026-07-16 02:17 UTC the first ten-minute formal health window reported
13/13 live sessions, all-rank progress 34-35, maximum log age 17 seconds,
W&B state `running`, and zero fatal/NCCL/OOM/non-finite patterns.

======================================================================
45. W&B BOXER RUN-CHECKPOINT RETENTION CLEANUP
======================================================================

At 2026-07-16 19:22 UTC the user-authorized cleanup of run files in
`zihanw22/boxer` completed.  For runs whose recorded runtime was at least one
hour, retention was applied independently by extension: the five newest
`.pt` files and the five newest `.onnx` files were retained.  Runs shorter
than one hour had all `.pt` and `.onnx` run files removed.  Runtime came from
W&B summary `_runtime` when available and otherwise from the server-recorded
heartbeat/creation interval; all 154 runs were classifiable and none was
running during the cleanup.

The deletion plan contained 3,562 files totaling 62,693,173,648 bytes.  All
3,562 server deletions succeeded with zero API failures.  An independent
fresh Public API scan of all 154 runs then found 450 checkpoint files totaling
10,659,752,108 bytes: exactly 225 `.pt` and 225 `.onnx`.  No sub-hour run
retained a checkpoint and no eligible run exceeded five files of either
extension.  W&B storage-accounting dashboards may update asynchronously after
file deletion.

======================================================================
46. TRAINING-STEP SYNCHRONIZATION REDUCTION (WORKSPACE CANDIDATE)
======================================================================

At 2026-07-16 UTC the reviewed documentation baseline was committed and
pushed to `origin/main` as `7914b196` before any performance work began.  The
active r22 formal run continues from its immutable source snapshot; none of
the workspace changes below can alter its code, environment or processes.

Read-only phase timing showed that the 64-minibatch training step spent most
of its time in fixed-latency collectives rather than actor/critic arithmetic.
The workspace candidate therefore removes the post-reduction standalone
gradient-finite scan and scalar verdict.  Actor and critic clipping remain
separate and continue to use `clip_grad_norm_(error_if_nonfinite=True)`;
their existing synchronized failure verdict still completes before either
optimizer may mutate state.  This preserves finite-gradient and fail-closed
semantics while removing one parameter scan and one all-rank collective from
each minibatch.

For the production `HOLOSOMA_CONTIGUOUS_MINIBATCHES=1` path, all local DAgger
valid counts are now computed from the same time-major slices as the rollout
generator and reduced as one short vector per iteration.  Each minibatch
receives its exact global boolean presence marker together with the existing
rollout-wide denominator.  Pure-BC all-empty minibatches therefore still skip
the actor optimizer on every rank, remote-only valid minibatches still step on
every rank, the critic behavior is unchanged, and distributed-loss weights
remain part of the global-presence definition.  Randomized/recurrent paths
retain the old per-minibatch fallback instead of changing their RNG or batch
ordering.

For the active 64-minibatch protocol this changes the small-collective count
from 451 to 324 per iteration: 127 fewer, or 28.2%.  Applying the measured
r22 phase costs predicts roughly 2.1 seconds less training time
(`11.46 s -> about 9.35 s`) and total iteration time near 15.7 seconds, but
these are pre-canary estimates rather than claimed production measurements.

The focused CPU regression passed 420 PPO core/student-step tests.  Adjacent
PPO schedule, DAgger/distill, fixed-BC, checkpoint-resume and rollout-storage
coverage added 157 passes, for 577 passing tests and zero failures.  A real
NaN backward-gradient test confirms both model parameters and both optimizer
states remain unchanged when clipping rejects the update.  A simulated
two-rank presence test confirms that the complete contiguous plan performs
one vector reduction and handles a locally empty but remotely valid
minibatch.  No GPU test, profiler attachment, source deployment or live-job
mutation was performed.

======================================================================
47. W&B SUB-TWO-HOUR RUN CLEANUP OUTSIDE CARRY-ANY
======================================================================

At 2026-07-16 20:00 UTC the user-authorized cleanup of complete runs shorter
than two hours completed for every `zihanw22` project other than `boxer` and
`carry-any`.  Runtime was taken from W&B summary `_runtime` when present and
otherwise from the server-recorded heartbeat/creation interval.  No candidate
was running.  Run deletion intentionally used `delete_artifacts=False`: each
run's metrics, media, configuration and run files were deleted, while shared
Artifact/Registry objects were not cascade-deleted.

All 216 planned deletions succeeded with zero API failures: 188 from
`holosomatest`, 6 from `sgm`, 21 from `show-pi3x-baseline`, and 1 from
`terrain-aware`.  A fresh API scan found zero planned IDs still present and
zero remaining non-running runs shorter than two hours in those four
projects.  `carry-any` was not mutated; the protected replacement canary
`gwinraxq` remained `finished`, and the active formal run `fdbn50pr` remained
`running` after verification.

======================================================================
48. HIERARCHICAL TRAINING DATA/CONTROL PLANE (WORKSPACE CANDIDATE)
======================================================================

At 2026-07-16 UTC the performance work moved from scalar synchronization
cleanup to the two measured infrastructure bottlenecks.  The active formal
session `as_debug30_ws104_r22f_20260716_020038` still executes only its sealed
immutable source snapshot and its original CPU-leader environment.  No GPU,
remote node, live process, profiler, source deployment or running-job setting
was touched by this workspace work.

Historical phase evidence shows why this is material.  The current protocol
performs 64 gradient reductions and originally about 448 small control
collectives per iteration.  The CPU-leader gradient block measured about
50.84 ms per minibatch, or 3.254 seconds per iteration.  The closest historical
flat-NCCL observation measured about 17.16 ms per minibatch, but it came from a
different source/fail-closed protocol and only one completed training
iteration, so it is an upper-bound anchor rather than an A/B result.  Current
control collectives cost roughly 10--15 ms each.  Combining those observations
supports a realistic pre-canary total-iteration saving of about 2.8--5.5
seconds (roughly 1.19x--1.46x throughput at the current 17.5--17.8 s cadence),
not a production claim.

The candidate keeps the existing node-local NCCL reduction but allows the 13
node leaders to reduce the gradient payload directly on GPU by setting
`HOLOSOMA_HIERARCHICAL_GRAD_REDUCE_CPU_LEADER=0`.  This removes the per-
minibatch GPU-to-CPU copy, 13-leader Gloo payload reduction and CPU-to-GPU copy.
The GPU-leader unit contract proves the healthy-path order local NCCL reduce ->
leader NCCL all-reduce -> local Gloo barrier -> local NCCL broadcast, with no
detach/cpu/to/copy path and no fallback to the flat world group.  It does not
prove immediate method-level propagation of a failed leader to nonleaders;
that failure-boundary gap is addressed by the explicit subgroup timeout work
recorded below.

The new explicit `HOLOSOMA_HIERARCHICAL_SMALL_COLLECTIVES` flag is default
false.  With Gloo small collectives and hierarchical gradient topology enabled,
int32/int64 verdicts use node-local Gloo reduce -> 13-leader Gloo all-reduce ->
node-local Gloo broadcast.  There is deliberately no extra local barrier.
Floating KL, BC denominators, metrics, bool, complex and narrower integer
tensors retain the established flat Gloo path, preserving the floating
reduction tree.  GPU-gradient mode creates both the leader NCCL payload group
and a separate leader Gloo control group in one deterministic order.

Before any subgroup creation, every distributed rank now executes one default-
group agreement check over the frozen flags, global world/rank and preserved
rank-visible local topology.  A divergent flag, world, local world or local rank
therefore makes all ranks fail before `new_group`, instead of leaving peers to
time out in different group orders.  Single-rank evaluation safely ignores an
inherited training-only hierarchy flag.  Once a collective starts there is no
backend fallback.

Launcher help/defaults, strict boolean parsing, dependency validation, remote
export and per-node startup output expose the new setting and its integral-only
scope.  The flag is part of the execution-runtime fingerprint and exact resume
identity; enabling it requires `HOLOSOMA_GLOO_SMALL_COLLECTIVES=1` and
`HOLOSOMA_HIERARCHICAL_GRAD_REDUCE=1`, but does not require a CPU gradient
leader.  An older provenance-v2 payload cannot have enabled this previously
nonexistent path, so absence of this one additive field is canonically migrated
to false.  Explicit true, partial dependencies, all other missing/extra fields
and runtime drift remain fail-closed.

The exact future canary profile is therefore:

  HOLOSOMA_GLOO_GRAD_REDUCE=0
  HOLOSOMA_GLOO_SMALL_COLLECTIVES=1
  HOLOSOMA_HIERARCHICAL_GRAD_REDUCE=1
  HOLOSOMA_HIERARCHICAL_SMALL_COLLECTIVES=1
  HOLOSOMA_HIERARCHICAL_GRAD_REDUCE_CPU_LEADER=0

`scripts/debug_nccl_allreduce.py` was reduced to a focused 376-line harness. It
preserves the legacy environment interface, reproduces both CPU/GPU leader
gradient protocols, interleaves flat or hierarchical integer controls, checks
finite/value agreement, and reports warmup-excluded all-rank p50/p95/p99/max.
A real four-process loopback Gloo test ran 96 mixed SUM/MIN/MAX reductions over
int32/int64 scalar/vector payloads on a logical 2x2 topology, and the harness
also passed a real two-process CPU/Gloo smoke.  The merged PPO/provenance/resume
regression passed 278 tests; the harness contract adds 11 passes.  Launcher
default, enabled GPU-leader, missing-dependency and invalid-boolean dry runs all
returned the expected result.  Shell syntax, Python compilation and diff checks
passed.

This candidate remains disabled and unlaunched.  Release still requires an
independent 13x8 stress run using the pinned NCCL runtime, zero timeouts/rank
lag/non-finite results, followed by same-source/same-seed CPU-leader versus
GPU-leader simulator canaries.  Only measured p50/p95/p99 and end-to-end
iteration improvement may decide activation; the historical estimates above
must not be reported as achieved speedup.

======================================================================
49. STUDENT-UPDATE HOT PATH AND DISTRIBUTED FAILURE ATOMICITY
======================================================================

At 2026-07-16 UTC the next workspace candidate removed host synchronization
from the diagnostic side of every PPO minibatch without weakening training
checks.  Loss values now remain as detached device scalars through the full
optimizer loop.  At the iteration boundary they are grouped by device, copied
to the host in bulk, and added as Python floats in the historical minibatch
order.  Non-scalar diagnostics still take their mean in the original dtype.
The batched finite check reports the exact invalid field with one boolean-vector
transfer per device rather than one `.item()` per field.  Complex diagnostics
are rejected explicitly instead of being cast to real and silently losing the
imaginary component.

Forward/loss construction, finite validation and backward now share one
all-rank outcome verdict.  The local loss region has no collective: KL is
computed locally; distributed KL payload construction, loss-weight lookup,
shape/device allocation and finite validation all finish before the verdict;
the actual KL SUM runs only after the synchronized gradient reduction and
before clipping/optimizer mutation.  Adaptive actor LR therefore still changes
before the actor optimizer step, while neither the current backward graph nor
gradient reduction observes a different LR.  A failed rank cannot leave peers
inside an earlier KL collective.  Healthy ranks that completed ordinary or
streamed partial backward clear actor and critic gradients when any peer fails.

DAgger controls use a rollout-selected authoritative mode rather than deciding
from each rank's minibatch mapping.  In the contiguous production path every
rank skips fallback count collectives; a missing local denominator/presence
raises inside the collective-free compute region and joins the common verdict.
Randomized/recurrent fallback ranks all enter the same count protocol, with
both a local preflight verdict and a post-count finalization verdict.  Thus a
rank-local error in teacher-mask preparation, host presence extraction,
mapping construction or `torch.where` cannot strand peers in a different
collective sequence.

Two real CPU/Gloo ranks validated the protocol: rank zero injected an actor
forward failure while rank one completed local backward.  Both ranks received
the same all-rank failure envelope, both parameter sets remained byte-equal to
their initial values, and all gradients were cleared.  Unit coverage also
injects a KL-payload allocation failure before any gradient collective and a
post-count DAgger fallback failure after the count SUM.

The same hot-path pass batches rollout logging reductions by device, gates
fixed-BC evaluation to its configured cadence plus the forced terminal proof,
and removes repeated std-cap `.item()` calls after the one-time activation
announcement.  Step-level heartbeat logging now depends only on
`HOLOSOMA_DEBUG_HEARTBEAT_VERBOSE`; the coarse heartbeat flag no longer emits
four messages and a reset-count device synchronization on every environment
step.  At the active formal topology, the old coarse/verbose mix could create
about 9,984 extra log messages and 2,496 reset-count host synchronizations per
iteration.  These changes affect only future snapshots; the sealed r22 source
and its live processes were not edited, restarted, profiled or attached.

The merged PPO/student/distill/fixed-BC/schedule/resume/rollout/logging/
heartbeat/motion/provenance selection passed 873 tests.  After the final
fallback/provenance compatibility edits, the affected PPO core and provenance
selection passed 541 tests.  The real two-rank failure test, focused motion
suite, and minibatch launcher contract passed independently.  Python compile,
shell syntax and full `git diff --check` also passed.

======================================================================
50. MOTION TELEMETRY SPLIT, BOUNDED SUBGROUPS AND EXPLICIT THROUGHPUT A/B
======================================================================

The configured motion-metrics interval previously had no effect whenever an
enabled WObject curriculum consumed one `motion/*` key: the command recomputed
all tracking, lift/contact and adaptive-sampler diagnostics on every environment
step.  The future candidate now refreshes only the enabled curriculum's exact
tracking-error key every step.  Full diagnostics follow
`HOLOSOMA_MOTION_METRICS_INTERVAL`.  The supported live set is the 13 reference,
body, joint and object tracking errors; any empty, misspelled, lift, sampler or
otherwise unsupported similarity key fails at environment setup.  Selective
values are new tensors, and direct lift views are cloned before the logging
meter retains them.

The BaseTask ordering remains termination -> reward -> pre-reset metric update
-> command reset -> curriculum reset.  Reward, BadTracking/motion-end
termination, reset sampling, AS exposure/failure state and clip weighting read
live command/simulator state rather than the throttled diagnostics.  The split
therefore leaves training, curriculum and RNG mathematics unchanged.  W&B
diagnostics intentionally become interval sample-and-hold telemetry.  Focused
motion, AS and checkpoint coverage passed 100 tests, and an independent
consumer/alias audit found no training-semantic dependency on the throttled
fields.

Every hierarchical NCCL/Gloo subgroup is now created with the frozen
`HOLOSOMA_HIERARCHICAL_PG_TIMEOUT_SEC` value, default 300 seconds, and that
value is part of execution provenance and exact-resume drift validation.
Launcher defaults enable the PyTorch NCCL watchdog/monitoring with a 300-second
heartbeat and 65,536-event trace buffer.  NCCL socket retry defaults are
34 attempts at 100 ms rather than the former 120 attempts at 1,000 ms; the
latter triangular backoff could wait about 121 minutes before surfacing an
unreachable peer.  `TORCH_DIST_TIMEOUT_SEC=3600` remains the separate default-
group/checkpoint/I/O bound.  Legacy provenance that predates the subgroup
timeout safely normalizes to 300.  Targeted provenance coverage passed 134
tests; default, explicit 53-second and invalid-zero launcher paths were checked.
The monolithic launcher suite was deliberately interrupted after its earlier
fixtures rather than consuming another roughly 30 minutes, so a future release
still needs the normal full launcher gate.

Finally, the launcher exposes a real throughput experiment without silently
changing the reference algorithm.  The default remains 64 minibatches.  The
16-minibatch candidate requires both
`HOLOSOMA_MINIBATCH_THROUGHPUT_CANARY=1` and explicit
`NUM_MINI_BATCHES=16`, plus one learning epoch.  The horizon is parsed from the
authenticated source snapshot's `PPOConfig.num_steps_per_env`; non-divisible
rollouts fail before launch or `all` performs any remote preparation.  Startup
logs show local/global rollout size, samples per minibatch update and update
rounds.  The canary label is execution provenance; old v2 checkpoints that
could not have enabled it normalize a missing field to false.

For the formal 104-rank, 64-environment, 24-step geometry, one iteration has
1,536 local and 159,744 global samples.  The reference performs 64 minibatch
update rounds with 24 local / 2,496 global samples each.  The opt-in canary
performs 16 rounds with 96 local / 9,984 global samples each.  It covers the
same rollout once but changes Adam step count, PPO update granularity and the
resulting trajectory; it is explicitly marked `math_equivalent=0`.  Based on
the observed fixed-latency dominance, it is the highest-leverage next A/B, but
no speedup is claimed until a same-source canary measures end-to-end iteration
time, learning curves, fixed-BC guard behavior and checkpoint health.

No new job or W&B run was launched.  The active immutable formal run remains
session `as_debug30_ws104_r22f_20260716_020038`, W&B
`zihanw22/carry-any/fdbn50pr`.

======================================================================
51. EMPTY-GPU INVENTORY, PAIRED MB16 A/B AND INDEPENDENT R23 EXPERIMENT
======================================================================

At 2026-07-16 UTC a fresh read-only inventory found five fully idle eight-L40S
nodes: 10.99.1.134, 10.99.0.117, 10.99.0.18, 10.99.0.116 and 10.99.0.165.
The first two were not safe launch targets: they lacked the required local
data/runtime state and had only about 4.18/3.69 GB of local free space.  The
other three had the authenticated data/runtime closure, sufficient disk, no
tmux or compute applications, and all 24 GPUs at 0 MiB, 0% utilization and
zero volatile uncorrected ECC immediately before each launch.  Partially busy
10.99.0.239 and the GPU3 ECC-affected 10.99.0.176 were also explicitly
excluded.  No existing process was stopped or displaced.

The candidate source was frozen as immutable snapshot
`src-b56f370d2ac85e47ce2bf777ecc77aa0cd32ecfd684851cb6e7596f0fc73e1bc`.
Its archive SHA256 is
`3ab9a6d64b886857f58c3dde29fd5867de20945eac889283b27f31dcb6bb81d8`;
974 source files were recursively verified.  The AS-core Python runtime
overlay manifest is
`2dcddba9d88fd6b5a3fe701e2b74c59eae988071e52d8bdb44a2474bc16b9e1f`,
and the exact NCCL payload SHA256 is
`e4a7aee9c3eecf53fac780441d2f03b578ab8db8874b71f8e391bcec7adb2899`
(NCCL 2.26.2+cuda12.2).  The teacher checkpoint SHA256 is
`1c441a7eea24fb28d67cc4b5edeb123b91d589ec095d383034f32210a87b6c5b`.
All three nodes reused the same authenticated 30-clip motion bank, contact
sidecars, single-slot object map and rank-local shards.

The 24-rank MB16 bounded canary was session
`as_debug30_ws24_b56f370d2ac8_mb16_gpu_c1_20260716_220015`, W&B
`zihanw22/carry-any/um7o81cn`.  It used three nodes x eight GPUs, 64 env/GPU,
seed 42, one epoch, 16 minibatches and 32 fresh learning iterations.  The
schedule was intentionally compressed only for the bounded semantic exercise:
PPO stepped every four iterations to target 0.7, DAgger ended at 28 and reset
curriculum covered 0--31.  All 32 iterations completed; rank logs covered
global ranks 0--23 and scans found zero fatal, NCCL, OOM or non-finite events.
All 24 GPUs were fully released afterwards.

Excluding warmup iterations 0--4, its 27 steady-state observations were:

  metric                         mean       median       p95
  iteration seconds              4.9626      4.8800      5.3000
  collection seconds             4.4304      4.3370      4.7826
  learning seconds               0.53219     0.5270      0.5598
  rollout steps/second        7439.8      7560.0      7741.4

The terminal checkpoint was 93,162,449 bytes with SHA256
`7400d0b10ff4466109fca660a828fd779bd13ac816942021988e98178fb5f06`.
All 744 tensors and all 23,046,027 floating elements were finite; iteration
31/next 32/target 32, both optimizer states and all 24 RNG/environment/fixed-BC
states were complete.  The terminal ONNX was 1,214,170 bytes with SHA256
`c9179184ed976a0a4ba84096ac74ddb94ba9aacb799eed5459b12f531332a21c`;
full checker, finite initializer, byte-level PT binding, metadata binding and
CPU ONNX Runtime inference all passed.  Its terminal fixed-BC mu-MSE was
0.47946085 with the guard deliberately disabled, so it is not a quality pass.

The exact paired default-reference canary changed only the minibatch count to
64 and disabled the opt-in throughput label.  It was session
`as_debug30_ws24_b56f370d2ac8_mb64_gpu_ref_20260716_221807`, W&B
`zihanw22/carry-any/lvv2vs0o`.  It also completed 32/32 iterations with all
24 ranks represented, zero fatal/NCCL/OOM/non-finite findings and full GPU
release.  Its warmup-excluded measurements were:

  metric                         mean       median       p95
  iteration seconds              6.40259     6.3300      6.8640
  collection seconds             4.34189     4.2970      4.6299
  learning seconds               2.06130     2.0130      2.3289
  rollout steps/second        5765.7      5826.0      5926.4

Its terminal checkpoint was 93,162,449 bytes with SHA256
`bbdcdcb5a69a320c708d9bc0f5c5d48c16b5b9e5f663ffa5b00341968e4feabc`;
the terminal ONNX was 1,214,141 bytes with SHA256
`9e36c8916c3bd36fcd5c95b4ce9e70df2eb3d2fe4c4cf0c32507497d5149d690`.
The same deep finite, state, optimizer, provenance, ONNX and CPU-inference
checks passed.

Therefore MB16 versus MB64 on the same source, nodes, seed and remaining
configuration measured 1.29017x mean end-to-end speedup (22.49% lower
iteration time, about 29.0% more throughput) and 3.87323x learning-section
speedup (74.18% lower learning time).  Median end-to-end/learning speedups were
1.297x/3.820x and p95 speedups were 1.295x/4.160x.  Collection time was
essentially unchanged, exposing the approximately 4.3-second Amdahl floor.

This is an algorithm-changing A/B, not a math-equivalent infrastructure
optimization.  Both ws24 variants collect 36,864 rollout samples per iteration.
MB16 uses 2,304 global samples/update, close to r22's 2,496; MB64 on ws24 uses
576.  A 40k ws24 MB16 run still has only about 23.1% of r22's global rollout
samples and 25% of its Adam steps.  The two bounded runs also ended on visibly
different optimization trajectories (including fixed-BC mu-MSE 0.47946 versus
0.29085), so neither learning-quality equivalence nor direct replacement of
r22 is claimed.  The measured 1.29017x applies only to the paired ws24 MB16
versus MB64 experiment.

After both canaries and artifact audits, the complete launcher contract suite
was rerun from the beginning under low CPU/I/O priority.  It finished in about
32 minutes with rc=0 and `[PASS] launcher contracts`; the prior note that the
monolithic gate was still outstanding is superseded by this result.

The independent long experiment was then launched transactionally from the
same immutable source:

  session: as_debug30_ws24_b56f370d2ac8_mb16_gpu_exp_20260716_223353
  run stamp: r23exp_20260716_223353
  W&B: zihanw22/carry-any/bgivas1t
  W&B URL: https://wandb.ai/zihanw22/carry-any/runs/bgivas1t
  nodes: 10.99.0.18 10.99.0.116 10.99.0.165
  topology: 3 x 8 = 24 ranks, 64 env/GPU, 1,536 env total
  seed/source: fresh seed 42 / src-b56f370d2ac8...
  target: 40,000 learning iterations
  checkpoint/fixed-BC/motion intervals: 100 / 100 / 4
  optimizer geometry: one epoch, 16 minibatches, explicit canary opt-in
  communication: node-local NCCL, GPU/NCCL leaders, hierarchical gradients,
                 hierarchical int32/int64 controls, subgroup timeout 300 s
  identity reuse: no resume, no policy init, no W&B reuse

The sealed launch environment was mode 0600 and had SHA256
`97dc602fe36f3cdb67fce8e31ec546402753be8c780677f7fa1506708167e7b8`.

The experiment retains PPO 0.0 -> 0.7 in 700-iteration steps, DAgger end 4900,
and reset probability 0.2 -> 1.0 over executable iterations 2500--39999.  The
fixed-BC guard establishes reference through 600, starts enforcement at 4900,
uses ratio 2.0/absolute 0.160 and requires three consecutive failures.  Its
schedule notes explicitly call the run algorithm-changing and not sample- or
Adam-step-matched to ws104 r22, with planned external reviews at iterations
100, 600, 700, 800 and 1400.

The launch's three-node bounded startup handshake proved 24/24 stable workers
and rank/provenance coverage.  At 2026-07-16 22:49:50 UTC each node had exactly
one matching tmux, one torchrun parent, eight workers and eight GPU compute
applications.  All three logs were at progress 32; a second read-only window at
22:50:36 UTC found exact progress 41 on all nodes, a synchronized increase of
nine iterations in 46 seconds.  The logs covered the unique rank union 0--23
and were only two seconds old.

At the second window, GPU memory was 25,863--26,172 MiB on 10.99.0.18,
25,863--26,158 MiB on 10.99.0.116 and 25,867--26,142 MiB on 10.99.0.165.
Utilization samples were 10--35%, temperatures 40--45 C, all 24 cards were P0,
and every volatile uncorrected ECC count was zero.  Full-log scans on all three
nodes found zero fatal, Traceback, RuntimeError, NCCL error/timeout, OOM and
non-finite/NaN/Inf events.  Runtime lines agreed on world size 24, local world
size eight, three nodes, GPU leader, hierarchical small controls and the
300-second subgroup timeout.

W&B independently reported state `running`, created at 22:46:26 UTC, with a
fresh heartbeat and advancing history.  Node0 completed iteration 35 while the
API was at step 28--31, consistent with upload latency.  Isaac headless startup
emitted its known transient graphics-device warnings, as in both successful
bounded canaries; all ranks recovered and continued training, so those warnings
are not treated as a failure.

The first formal checkpoint gate then passed without pausing the job.
`model_00100.pt` was atomically published at 93,162,980 bytes with SHA256
`f37f2c00de0c7a283f7bb0e59ec912e06fee573d592281d0af5a0bb8731217dd`.
Its semantics were completed iteration 99, next iteration 100 and target
40,000: exactly 100 completed updates.  Every floating tensor in the entire
payload, including model, optimizer and environment state, was finite.  Actor
AdamW contained 16 normal parameter states for 17 parameters (the frozen std
correctly had no moment), critic contained 8/8, all moment shapes matched, and
every step was exactly 1,600 = 100 iterations x 16 minibatches x one epoch.

RNG, environment and fixed-BC state maps each had exact global-rank keys 0--23.
All 24 RNG schemas validated and were distinct.  Every environment state was
v4 at motion iteration 99; 30 clips were covered exactly with no omission, and
each rank recorded 64 perception environments with aligned stream/hole
counters.  The frozen fixed-BC set contained 4,096 finite samples across 24
strata; rank-local and global digests matched the guard, including global
digest `4b0dda...a91b`.  The checkpoint's guard reference from iteration zero
was mu-MSE 0.380712, was not tripped, and correctly had no enforcement threshold
before reference-end iteration 600.  The subsequent live cadence observation
reported mu-MSE about 0.2619; this is early diagnostic evidence, not a final
quality verdict.

The paired `model_00100.onnx` was 1,213,251 bytes with authenticated SHA256
`bf482b5f513af7c2f6c71e76f83dcede2064bc8ccc03384a17ce250120c4b8e4`.
The intermediate checkpoint correctly contained the motion-transition contract
and its SHA, and correctly did not contain a terminal fixed-BC proof; that proof
is required only for the terminal model_40000 artifact.

An independent final read-only release window found all 24 ranks had completed
iteration 148, with three-node log age 3--5 seconds.  Fatal, Traceback,
RuntimeError, NCCL, OOM, non-finite and guard-trip scans remained zero.  Two
steady timing windows measured about 5.05 seconds/iteration with 1.6--1.9%
coefficient of variation, approximately 4.36 seconds rollout and 0.496 seconds
training_step.  The live perception contract also confirmed sensor noise,
reset-pose randomization, nonzero multiplicative depth-noise range and dropout;
iteration-zero canonical reset completed.  Source snapshot, runtime, teacher,
fresh W&B identity, no-resume/no-policy-init state and actual torchrun/hierarchy
all matched the launch contract.

A final non-invasive liveness read at 2026-07-16 23:02:32--23:02:33 UTC found
all three nodes at exact progress 180.  W&B remained `running`, history was at
step 177 and its heartbeat was only about six seconds old; the small difference
was normal asynchronous upload latency.

The protected r22 session `as_debug30_ws104_r22f_20260716_020038`, source
`src-c48cd96be8a6ef87162a2c9b3e4856050378999bf9a5f5f0c5ddf02c0d8e6660`
and W&B `zihanw22/carry-any/fdbn50pr` were never attached, modified, restarted
or stopped during inventory, canaries, full-gate execution or r23exp launch.
R22 remains the scientific reference.  R23exp is an additional long-running
algorithm-changing experiment on otherwise idle resources.

======================================================================
52. W&B CARRY-ANY SUB-TWO-HOUR COMPLETED-RUN CLEANUP
======================================================================

At 2026-07-16 22:56 UTC the user-authorized `carry-any` cleanup removed all
five non-running runs whose recorded runtime was below two hours.  The deleted
IDs were `e1fv368w`, `k67xz7z0`, `gwinraxq`, `um7o81cn`, and `lvv2vs0o`;
complete run records and run files were removed with zero API failures, while
shared Artifact/Registry objects were not cascade-deleted.  A fresh API scan
found none of the planned IDs and zero remaining non-running sub-two-hour
runs.

The independent 40,000-iteration r23 experiment `bgivas1t` was only about ten
minutes old and actively advancing when the cleanup ran.  It was deliberately
not deleted while live; deleting its W&B identity would race active writers
and damage the experiment.  The r22 formal reference `fdbn50pr` also remained
live and untouched.  Thus every eligible completed/crashed short run was
removed, while active scientific jobs were preserved.

======================================================================
53. SIMULATOR/COLLECTION PROFILE, CORRECTNESS FIXES AND PAIRED A/B
======================================================================

The optimization focus was moved from the already-small neural-network update
section to the simulator/collection critical path.  `batch_ne.sh` gained a
bounded, default-off collection timing gate:

  HOLOSOMA_COLLECTION_PROFILE_CANARY=0|1
  HOLOSOMA_COLLECTION_PROFILE_SYNC_CUDA=0|1
  HOLOSOMA_COLLECTION_PROFILE_INTERVAL=<positive integer>

CUDA synchronization is accepted only together with the explicit canary,
profiling is fresh-run only, the target is bounded to at most 64 iterations,
and node launch payloads first unset ambient values before exporting the
controller's canonical values.  The first diagnostic launch found that the
idle nodes lacked the exact NCCL payload and exited before any training worker
was created; the transactional launcher released all reservations/sessions.
After installing and verifying the required NCCL SHA256
`e4a7aee9c3eecf53fac780441d2f03b578ab8db8874b71f8e391bcec7adb2899`,
the exact old-source profile completed normally.

That profile was session
`as_debug30_ws24_b56_collprof_sync_r1_20260716_2333`, W&B
`zihanw22/carry-any/ze5mrmpu`, immutable source
`src-b56f370d2ac85e47ce2bf777ecc77aa0cd32ecfd684851cb6e7596f0fc73e1bc`,
three nodes x eight L40S GPUs, 64 env/GPU, seed 42, MB16 and 16 iterations.
The intrusive synchronized timing was used only for attribution.  Across
steady iterations 5--15, mean rollout was 4775.848 ms and training was
641.461 ms.  Mean environment-step time was 3915.579 ms.  Within collection,
physics was 1368.785 ms; write-data-to-sim was 591.720 ms; sim.step was
604.690 ms; perception was 100.218 ms; reward was 331.994 ms; offline contact
guidance was 105.835 ms; log update was 234.162 ms; motion metrics were
228.504 ms; tasks were 138.276 ms; normal observations were 462.285 ms;
final observations were 445.679 ms on the iterations where they occurred;
reset refresh was 470.355 ms; and total post-physics was 2533.675 ms.  Thus
collection, not model forward/backward, was the approximately 85--89% Amdahl
floor.

The audit found and fixed the following collection-path issues:

1. IsaacLab's generic ContactSensor performed a CUDA `nonzero()` host
   synchronization both in every physics-step `update()` and on every `.data`
   read.  Holosoma's fixed all-env/every-physics-step sensors now use an eager
   compatible fast path with fixed-shape device updates and automatically fall
   back for incompatible history/update-period configurations.  Partial reset
   now clears the main source sensor as well as filtered sensors before the
   derived history refresh, preventing previous-episode contact history from
   being copied straight back into reset rows.  A repository-wide consumer
   audit also proved that air/contact-time buffers were unused, so
   `track_air_time` is disabled and its norm/where kernels and four timer
   buffers are removed.

2. The G1 articulation instantiated 29 separate IdealPD actuator groups,
   forcing 29 Python dispatches and hundreds of tiny kernels per physics
   substep.  It now uses one all-joints group while exact escaped-name maps
   preserve each joint's effort limit, velocity limit, armature and friction;
   stiffness/damping remain zero.  Identity DOF mappings use a cached
   `slice(None)` view for state/torque hot paths, but only when the mapping
   covers the articulation's complete joint count; permutations and leading
   subsets preserve their explicit selector.  P/T control no longer copies or
   resets the action-term previous-velocity buffer that only V control reads.

3. Every object state property previously traversed `AllRootStatesProxy`,
   whose access path performed two device boolean reductions and a Python
   `.item()`.  MotionCommand now refreshes one active-object `[env,13]`
   snapshot per control phase, and all position/quaternion/velocity consumers,
   perception, reset, clip rollover and curriculum-assist writes share and
   update that snapshot.  Single-object IsaacSim uses its direct state adapter;
   multi-object/other backends retain a safe fallback.

4. A partial reset previously performed the full 64-environment dynamic-mesh
   depth raycast and sliced the result.  The fixed-shape Warp graph now owns a
   device int32 active-environment mask, and every depth kernel returns before
   ray or mesh access for inactive rows.  Full capture fills the mask; targeted
   reset capture updates only the requested rows.  The graph launches on the
   current PyTorch CUDA stream so pose/mask writes, Warp execution and Torch
   reads are ordered even on a non-default stream.  Normal training no longer
   clones large debug tensors unless a debug dump is actually configured.

5. Ordinary non-timeout terminals previously recomputed every observation as
   if it were needed for timeout bootstrap, and stale `final_observations`
   could survive in the reused extras dictionary.  Final observations are now
   transition-local, computed only when a timeout exists, and stored only for
   timeout rows that remain eligible after WBT's preview validation.

6. Adaptive-sampling interval mass/entropy metrics were vectorized and share
   one effective bin-probability construction, removing per-bin `.item()`
   loops without changing the configured intervals.

The combined local regression was `739 passed, 1 expected GPU-only skip` in
29.41 seconds.  Independent focused reviews additionally reported 26 contact
tests, 33 combined simulator tests, 24 actuator/FastSAC tests and 133 object
snapshot-related tests passing.  `py_compile`, `git diff --check`, launcher
syntax and the targeted launcher guards passed.  An isolated real-L40S Warp
test then JIT-compiled the modified kernel and passed on a non-default Torch
stream.  It covered first-capture targeted mode, full mode, unsorted/duplicate
IDs, empty IDs and a camera pose change; selected targeted rows were bitwise
equal to the corresponding full-capture rows and inactive rows were unchanged.

The final source was frozen as
`src-a568f63db03d6db1c73527e05ba02cba086d59ec482b9f36e4d175c18de74907`,
archive SHA256
`bdf3d557f4d4e6c468b880f4c0793ec9354aac45b02b6ff1619ee36917d31616`.
A strict paired A/B used only the fully idle nodes `10.99.0.77`,
`10.99.0.186`, and `10.99.1.154`; both variants used the same 24 ranks,
64 env/GPU, seed 42, 32 fresh iterations, one epoch, MB16, motion/data/teacher,
runtime, communication settings and profiling disabled.  The old baseline was
session `simcol_ab_old_b56_ws24_20260716_1`, W&B
`zihanw22/carry-any/ppr63r5g`.  The candidate was session
`simcol_ab_new_a568f63d_ws24_20260717_1`, W&B
`zihanw22/carry-any/9e298mw1`.

Using the same rank-zero heartbeat boundaries over iterations 5--30 (26
observations) produced:

  metric                    old mean/std       new mean/std
  rollout seconds           4.438231/0.233670  2.881962/0.291644
  training-step seconds     0.663462/0.009208  0.671423/0.009684
  iteration seconds         5.106923/0.233580  3.558846/0.291301

Collection time fell 35.065%, giving 1.540x collection throughput.  End-to-end
iteration time fell 30.313%, giving 1.435x end-to-end throughput (+43.499%).
Training-step time changed only +1.2%, within this short-run noise and
consistent with the optimization being entirely in simulator/collection.

Both runs completed 32/32 on every node, covered all 24 ranks, emitted terminal
checkpoint and authenticated ONNX completion markers, synchronized W&B, and
released all GPU memory/tmux sessions.  Full log scans found zero fatal,
Traceback, RuntimeError, NCCL, OOM, CUDA and non-finite failures; volatile
uncorrected ECC remained zero.  Old/new terminal fixed-BC mu-MSE was
0.47831530/0.47938482 over the identical 4096-sample set, a 0.22% difference.
The new checkpoint is 93,162,385 bytes with SHA256
`7b4d63cfcb9720cfe214c1da7c1cbfda6123db860b6ec36a582ad2145a321ca4`;
the strict terminal policy-init validator confirmed completed iteration 31,
next 32, target 32, world size 24, fresh source snapshot and W&B binding.  Its
ONNX SHA256 is
`e56f0a60d7c0b2731351754404609c19266c3eea3b5d5ed8bbc465d85f29dde8`.

The protected r22 session/W&B `fdbn50pr` and r23 long experiment/W&B
`bgivas1t` were never attached, profiled, changed, restarted or stopped.  No
code file was staged: the Git index remained exactly `agent.md` plus this log.

======================================================================
54. FOLLOW-UP COLLECTION ITERATIONS, REJECTED PARTIAL REFRESH AND RESIDUAL PROFILE
======================================================================

The post-section-53 simulator/collection work continued on the same three
dedicated idle nodes (`10.99.0.77`, `10.99.0.186`, `10.99.1.154`) without
touching the protected r22 or r23 experiments.  The selected follow-up source
was frozen as
`src-d283cbd758eb0aa85e9014d98f65d4b31a58c5b3f745a62528f2cc5aee486e7d`;
its archive SHA256 is
`f66670437f9b1b0f9e79c428cc34ed0b63c570d66afd310b5846ab530a18574a`.
The bounded 24-rank R3b run was session
`simcol_canary_compact_sampler_ws24_20260717_r3b`, W&B
`zihanw22/carry-any/n6x5ucme`.  It completed 32/32 with 24/24 rank coverage,
terminal checkpoint and ONNX artifacts, zero fatal/NCCL/OOM/non-finite
findings, and exact resource release.

Using the same rank-zero heartbeat boundaries over iterations 5--30 produced
the following mean/sample-standard-deviation values:

  metric                    b56 mean/std        R3b mean/std
  rollout seconds           4.438231/0.233670  2.483269/0.234348
  training-step seconds     0.663462/0.009208  0.643846/0.010544
  iteration seconds         5.106923/0.233580  3.127115/0.233662

Relative to the pre-optimization b56 reference, R3b therefore measured
`1.787253x` collection throughput and `1.633110x` end-to-end throughput.  The
terminal checkpoint SHA256 is
`6bacbb5e3872fdcbbbe53b0a09888b6c3349c30b6864c8236dc9f2c46fd7d176`
and the authenticated ONNX SHA256 is
`a31a35fdbeb0def3a6b7986a186d7132d272eb0df51fc9cf99334d5961c78f28`;
terminal fixed-BC mu-MSE was `0.41022264344003423`, and the
terminal proof SHA256 was
`cf5f335e5d3487282c6d5dcded48c573b3afc0dcd7b357c169e320708a3aefbc`.

A separate partial simulator-refresh candidate was frozen as
`src-ae3ae2d5396df3272977e3cf7189292cc89864021df5d921443298f4f177c104`
and run as `simcol_canary_partial_refresh_ws24_20260717_r4`, W&B
`zihanw22/carry-any/ka10vj2k`.  It was rejected: rollout time regressed
2.842%, total iteration time regressed 2.207%, and p90 also worsened.  The
candidate was manually reverted to the exact R3b behavior; the focused
post-revert regression finished with 200 tests passing.  This is direct
evidence that the backend still needs the full body/FK refresh for post-reset
observations, so partial refresh must not be reintroduced as an assumed fast
path.

An intrusive synchronized attribution run then profiled the exact R3b source:
session `simcol_profile_r3b_sync_ws24_20260717_r5p`, W&B
`zihanw22/carry-any/0v0qntlk`, 16/16 completed.  Across steady iterations
5--14, mean per-iteration environment-step time was 2117.026 ms.  Its major
components were PhysX simulation 617.167 ms, reset handling 330.431 ms,
targeted reset refresh 168.590 ms, observations 286.226 ms, reward 230.182 ms,
tasks 98.974 ms and perception 93.069 ms.  Earlier hot paths had already fallen
from about 592 to 45 ms for simulator writes, 572 to 21 ms for actuators and
228 to 20 ms for motion metrics.  The remaining priorities are therefore
observation duplicate computation, reset/perception initialization and
rank-local CPU/NUMA placement; changing dt, solver iterations, collision
geometry, self-collision or contact semantics is outside the equivalence
contract.

======================================================================
55. EXACT OBSERVATION BASE-TERM REUSE AND R6 24-RANK ACCEPTANCE
======================================================================

The active AS observation configuration contained 39 base-term calls but only
20 unique audited computations.  Nineteen calls were exact duplicates,
including repeated base velocities, joint state, actions, motion command,
reference orientation and object pose/target/size terms.  The observation
manager now supports a default-off, same-`compute()` raw-result cache.  Reuse
requires all three conditions: the AS configuration explicitly opts in, the
term has empty params, and the function carries an explicit deterministic,
read-only, no-RNG decorator.  Stateful or unmarked terms are never cached.
Noise, scaling, clipping, history, concatenation and consumer order remain
independent and unchanged, and no value survives across environment steps.

Focused tests cover double opt-in/fail-closed params, call counts, noisy output
and RNG-state bitwise equality, history and subset reset, preview mode, active
groups, ephemeral lifetime and view/clone isolation.  The new tests plus
history/CLI coverage passed 14 tests; the broader relevant group passed 64.
The actual AS preset plan was inspected directly: 31 marked occurrences, 12
unique marked terms and exactly 19 eliminated calls.

The candidate was frozen as
`src-f0f5ae24986222d29cd5bb901450a441e060389723260bb98ae08300b2c0fc89`,
archive SHA256
`02468ea6264339188f00f9b1ca5bde2cc7a0033014671fd4b87ec3999498a47d`.
Its manifest differed from immutable R3b only in the five expected runtime
files plus the new test.  The bounded R6 run was session
`simcol_canary_obs_cse_ws24_20260717_r6`, W&B
`zihanw22/carry-any/ht0x9jn7`; the three-node startup gate proved stable 24/24
workers and provenance before accepting the launch.  All ranks completed
32/32, fatal/NCCL/OOM/non-finite scans were zero, and W&B finished normally.

Using the exact heartbeat timing method over iterations 5--30 (population
standard deviation in this table):

  metric                    R3b mean/std       R6 mean/std       R6 p50/p90
  rollout seconds           2.483269/0.229797  2.355923/0.188538  2.2930/2.6705
  training-step seconds     0.643846/0.010339  0.668308/0.096999  0.6455/0.6650
  iteration seconds         3.127115/0.229124  3.024231/0.208414  2.9400/3.3515

R6 improved collection by 5.128% (`1.05405x`) and total time by 3.290%
(`1.03402x`).  One iteration-17 learning outlier of 1.149 seconds inflated the
learning mean; its median changed only +0.545%.  Total median improved 3.210%
and p90 improved 1.658%.  This clears the predeclared 2% collection acceptance
threshold, so the exact-reuse optimization is retained.

The R6 terminal checkpoint SHA256 is
`fa5a43412a7d6cf70de46ada2a23ed1b4f88006e3f11b86837071a6bd2f83a2f`;
the ONNX SHA256 is
`f31d7ff051f98edc04b6aab04d7caa91d0a5ef4dd8abe1e45d5b9df6a1f00efe`.
The checkpoint completed iteration 31/next 32/target 32 and retained the exact
actor, critic and optimizer key/shape/dtype schemas.  Configuration comparison
found no scientific difference beyond the explicit
`observation.reuse_exact_base_terms=True`; the other differences were run
name, notes and source provenance.

R3b and R6 did not freeze the same cross-run fixed-BC tensor bytes: R6 matched
66/72 fixed-BC tensors exactly, 21/24 ranks had completely identical datasets,
and 99.8249% of all elements were bitwise equal, but ranks 8/17/21 differed and
therefore changed the global dataset digest.  Their terminal mu-MSE values
cannot be treated as a same-dataset quality comparison.  This is established
fresh-run variability rather than evidence of a reuse bug: a second run of the
unchanged R3b source (R5p) also produced a different global dataset digest and
larger step-16 actor/critic RMS differences than R6.  The execution contract
uses `torch_deterministic=False`; the direct observation tests, which hold the
environment and RNG state fixed, remain bitwise equal.

After natural completion, the R6 lifecycle was closed using its exact session
identity only.  All three safe nodes were rechecked at tmux=0, matching
process=0, GPU compute applications=0 and listeners on ports 30571/30572=0.
The protected r22/r23 sessions and their nodes were not addressed or modified.

======================================================================
56. REJECTED R7 RESET FUSION AND FINAL SIMULATOR/CONTACT AUDIT
======================================================================

The next reset-fusion candidate was tested as W&B
`zihanw22/carry-any/4gpqq98b` under the same bounded 24-rank contract.  It
completed 32/32, but mean steady collection time was 2.386615 seconds versus
2.355923 seconds for retained R6, and total time was about 0.7% slower.  The
candidate therefore failed the acceptance gate and was exactly reverted; it
is not present in the final worktree behavior.

The remaining contact and collision assumptions were then checked before
making any physics change.  The active run intentionally had object contact
reporters disabled.  Robot-side filtered sensors still supplied the required
object-contact forces; enabling object reporters would also change PhysX sleep
behavior.  Only 24 of 32 robot bodies were live contact consumers, but a
selective reporter implementation would require a full 32-body scatter and
new sleep/reporting semantics for only eight omitted bodies, so it was not
introduced.  All 30 object collision meshes were watertight, winding
consistent and convex; source-to-hull volume delta was approximately
`4.11e-14%`.  Five ball meshes nevertheless had 128k--222k faces, motivating
the later measured collider A/B rather than an unmeasured default change.

The configured height scanner was also confirmed unused by the policy, but
the synchronized profile attributed only about 43 ms/iteration to the full
scene update.  Removing it was therefore lower priority than the verified
reward and observation paths and was not attempted.

======================================================================
57. EXACT CONTACT/ROLLOVER HOST-SYNC FIXES AND LAUNCHER SEMANTICS
======================================================================

Two exact collection-path fixes are retained.  In reward `wbt.py`, simulator
body-name resolution now caches both the immutable host-name tuple and the
device index tensor.  Object-contact rewards no longer execute
`selected_indexes.detach().cpu().tolist()` every control step merely to
reconstruct names already known on the host.  For the active 24-step rollout
this removes 24 device-to-host synchronization points per rank, or 576
rank-local synchronization points per 24-rank iteration, without changing the
selected bodies or downstream contact-force tensor.  The new
`test_object_contact_reward_hotpath.py` covers cache identity, missing/empty
selection failures and output semantics.

In command `wbt.py`, the standard episodic `motion_ends` contract now skips a
provably empty per-step `torch.where/nonzero` rollover path.  The fast path is
fail-closed: it applies only when the canonical termination manager owns the
clip end, motion-end reset is enabled and timeout/custom-wrapper ambiguity is
absent.  Continuing execution, custom terms, missing metadata and disabled
motion-end reset retain the original rollover implementation.
`test_motion_clip_rollover_contract.py` covers both the accepted and fallback
paths.

An attempted deferral of PPO rollout finite checks was rejected.  A two-rank
fault injection showed that a rank-local Python construction error could make
its peer wait until timeout if the synchronized verdict was deferred.  The
patch was exactly reverted.  The final PPO still performs the synchronized
per-step finite/error envelope before `env.step`; two-rank NaN and construction
fault probes made both ranks exit in approximately 2--11 ms without timeout,
and the 432-test PPO regression passed.

`batch_ne.sh` now owns and seals two previously ambient physics settings before
snapshot/remote execution:

  * `HOLOSOMA_OBJECT_COLLIDER_TYPE`, default `convex_decomposition`, accepting
    only `convex_decomposition` or `convex_hull`;
  * `HOLOSOMA_ACTIVATE_OBJECT_CONTACT_SENSORS`, canonical default `0`.

Both values are cleared from ambient node state, exported in the authenticated
payload and logged.  Invalid/default/candidate launcher contract cases pass.
The focused collection/PPO regression passed 481 tests; runtime asset and
provenance coverage passed 175 tests; `bash -n`, focused launcher cases and
`git diff --check` passed.

======================================================================
58. CONVEX-DECOMPOSITION VERSUS CONVEX-HULL 24-RANK A/B
======================================================================

A sequential collider-only A/B was run on the three dedicated safe nodes with
the frozen source
`src-9bf523be1bd5f871106e9847105a78856d283a54fef17074f7db2389f51126b3`
(archive SHA256
`70c62db32a3e1942534b4c8273706022a730ca9057ce1ca94613c57bbd9686e4`).
Both runs used world size 24, 64 env/GPU, seed 42, 32 fresh iterations, one
epoch, MB16, identical teacher/data/runtime/communication settings and object
reporters disabled:

  * decomposition baseline: W&B `zihanw22/carry-any/cbb3wnff`, runtime
    manifest SHA256
    `cd794f5e242bcc84a8a4e6b3dd092a93820c907468d551a2cdcaa4c370dd510f`;
  * hull candidate: W&B `zihanw22/carry-any/cdwlh649`, runtime manifest SHA256
    `e83c110fc77cbe64730b6d4aff10305ed6854ae8aa4c330562c80e947acc4e1a`.

A recursive manifest comparison had exactly one semantic difference:
`object_loader.semantics.collider_type` changed from
`convex_decomposition` to `convex_hull`.  Over W&B steps 3--31 (n=29,
mean/sample standard deviation), the measured performance was:

  metric                    decomposition       convex hull       change
  collection seconds        2.339549/0.268380    2.316159/0.154743  -1.000%
  learning seconds          0.646516/0.011486    0.645305/0.008015  -0.187%
  total seconds             2.986065/0.266310    2.961465/0.154968  -0.824%
  total FPS                 12415.10/820.96      12476.62/579.76    +0.496%

The paired total-time 95% interval crossed zero and hull was faster on only
15/29 steps, so this was not a credible material speedup.  At the same time,
mean reward changed 2.20803 -> 2.03322 (-7.92%), mean episode length 24.2197
-> 22.5863 (-6.74%), bad-tracking fraction rose 5.87%, reference angular
velocity error rose 10.84%, and terminal fixed-BC mu-MSE changed 0.434331 ->
0.726607 (+67.29%).  This single-seed canary cannot prove universal quality
degradation, but the approximately 1% timing change is far below the
predeclared 5% collider threshold and carries clear physical/learning risk.
`convex_hull` is therefore rejected as the production default;
`convex_decomposition` remains canonical.  Hull remains only an explicit
diagnostic opt-in.

Both runs naturally completed 32/32, W&B finished, terminal checkpoint/ONNX
and 24-rank state closure were present, and all three nodes released their
tmux sessions and GPUs.  The protected r22/r23 jobs were not touched.

======================================================================
59. ROLLOUT-REFERENCE GATHER CANARY REJECTED AND EXACTLY REVERTED
======================================================================

The final audited reward hotspot was rollout-reference sampling.  The active
sample is cached once per reward computation but gathers 17 bank fields.  The
old helper first materializes `[E,T,...]` with `index_select` and then gathers
one timestep.  At E=64, T=320 and 14 tracked bodies, those intermediates total
18,124,800 bytes/control step, approximately 435 MB/rank over a 24-step
rollout.  A direct `(clip,timestep)` implementation was bitwise equal on valid
inputs and its CPU helper microbenchmark was 0.679156 -> 0.341717 ms.  It also
preserved malformed negative-index failure by mapping negatives to a positive
out-of-bounds index.

The candidate was frozen as
`src-3cfee7d95d3ecdf3072fbc8c7fa87d94a9d87ab07bfd0cd5760e1ad74ce45bd9`
(archive SHA256
`4c09a689eed9f27ecbf96d7229efb2b0bd8ea171941779bd43320bcc91cae7e4`).
Recursive comparison with the decomposition baseline snapshot found only the
gather helper and its test file different.  The 24-rank canary was session
`simcol_reference_direct_gather_ws24_20260717_c`, W&B
`zihanw22/carry-any/nfnvnumc`.  It passed all 24 worker provenance/startup
gates and naturally completed 32/32.  Its checkpoint SHA256 was
`2fcb0ff5603c3d103549366fc180f90bd907ae53091ed0e17f0c2130ed44d801`,
ONNX SHA256 was
`3c8163458cde13e0eca4abad7d7f31655944627a414d3f62217c0051d14b88f7`,
and terminal fixed-BC mu-MSE was `0.46001269744970658` over 4096 samples.

The same W&B steps 3--31 (n=29) did not show a gain:

  metric                    baseline            candidate          change
  collection seconds        2.339549/0.268380    2.406391/0.313317  +2.857%
  learning seconds          0.646516/0.011486    0.643548/0.009386  -0.459%
  total seconds             2.986065/0.266310    3.049939/0.311563  +2.139%
  total FPS                 12415.10/820.96      12186.59/1023.54   -1.841%

The paired interval crossed zero, but the candidate supplied no positive
end-to-end evidence.  A post-run synchronized L40S microbenchmark explained
the regression: the old 17-field batch took 0.489 ms, unguarded direct indexing
0.151 ms, but preserving fail-closed negative-index semantics separately in
each of the 17 calls took 1.148 ms because it launched two additional
`torch.where` kernels per field.  Hoisting the guards once reduced the helper
batch to 0.213 ms, but its theoretical saving was only about 6.6 ms per full
iteration and did not justify another 24-GPU experiment or a more complex
internal contract.

The direct-gather code and tests were therefore exactly reverted.  Byte
comparison against the accepted decomposition snapshot returned equality for
both files, and the post-revert focused reward/contact/rollover suite passed 45
tests with `git diff --check` clean.  The exact lifecycle stop then verified on
all three nodes: matching tmux=0, GPU compute applications=0 and listeners on
30701/30702=0.  The final worktree retains the proven R6 observation reuse and
the exact contact/rollover fixes, but not R7 reset fusion, convex hull, deferred
finite checks or direct reference gather.

One visibility caveat remains explicit: the scientific batch launcher seals
`convex_decomposition` and object reporters off, and both values are present
in the runtime asset manifest/W&B/checkpoint provenance.  A bare direct
RunSim invocation with neither environment variable set currently follows the
runtime library defaults (`convex_hull`, reporters on).  Such a bare invocation
must not be presented as the training-physics reproduction; direct scientific
evaluation must export the two recorded values until the direct launcher owns
and seals the same contract.

======================================================================
60. KINEMATIC REPLAY IMMUTABLE-BANK PATH FIX
======================================================================

The dedicated port-18093 replay initially showed the grey `Training G1` in
its default joint pose.  This was a viewer path-resolution failure, not a
motion-data failure.  All 30 rollout metadata entries still named the legacy
flat path `_single_slot_motion_bank/<clip>.npz`, while the exact r22/r23 input
bank is immutable and content-addressed under
`_single_slot_motion_bank/by-source/737945...a5d4/<clip>.npz`.  The viewer
ignored its explicitly supplied `--original-motion-dir`, resolved 0/30 grey
robot trajectories, and deliberately entered `showing default G1 pose`.

The grey-robot loader now treats the explicitly supplied original-motion
directory as authoritative and only falls back to legacy rollout metadata
when the requested clip is absent there.  It does not modify immutable data,
create compatibility symlinks, or glob across potentially ambiguous source
generations.

Data-integrity checks independently showed that all 30 clips contain finite
`(319, 36)` floating-base joint trajectories; every clip has time-varying
DOFs, maximum per-joint ranges are 1.8757--2.5348 rad, root travel is
1.795--2.065 m, and object travel is 1.787--2.097 m.  A direct loader
regression resolved and loaded 30/30 exact files as 319 frames and 29 named
joints with no default-pose status.  `py_compile` and `git diff --check`
passed.  The exact tmux session `as_kinematic_replay_18093` was then restarted
on the same port; HTTP returned 200 and the process uses no GPU.  No training
job, port 18092 viewer, immutable bank, or unrelated process was changed.

======================================================================
61. ONE-MOTION TRANSITION LINEAGE AND FORMAL REPLAY GATE
======================================================================

The first filtered `unscale__any_ball_29` attempt exposed a second, distinct
single-motion bug.  Filtering the 30-clip scientific source down to one active
clip had also caused the derived solid/single-slot/rank-shard artifacts to be
classified as a native standalone one-clip source.  The live command therefore
materialized a static default-pose splice directly into the motion tensors.
That is not the timeline used by the original 30-clip source: the source keeps
the motion tensors intact and performs an IsaacSim runtime prepend.  Reusing
the active objective count to choose both loss weighting and transition
implementation made the replay wrong and would have changed the motion clock,
reward horizon, reset window and contact-sidecar alignment during training.

Transition lineage is now an independent immutable record with the exact
schema

  {"version": 1,
   "source_clip_count": 30,
   "source_semantics": "global_multi_clip_runtime"}

for all three filtered objectives.  It is inferred before filtering and is
carried through the solid-bank object map, single-slot generation, rank-shard
manifest and rank payload.  MotionLoader, MotionCommand and the kinematic
replay all consume the same record.  Partial presence, malformed fields,
source-count/semantics inconsistency, or disagreement between the loader and
rank payload now fails closed.  Legacy artifacts with no explicit record keep
their previous fallback only for compatibility.

This lineage does not change the learning objective.  Each formal ws8 run has
exactly one global objective clip duplicated once per rank: global clip count
1, cover count 8, inverse-cover mass 0.125 and distributed loss weight 1.0 on
every rank.  The explicit source count 30 controls only the transition
implementation; it cannot accidentally introduce a 1/30 loss scale.  Focused
bank/shard/runtime/visual regressions on the exact frozen source passed 102
tests in 6.94 seconds.

The resulting code was frozen as
`src-f51464f69b20762924e79e47011656924b949c15c8e9cb70ea298247685f36f4`.
Its deterministic archive is
`/tmp/holosoma-simcol-contactsync-collider-20260717-snapshot-cache/`
`src-f51464f69b20762924e79e47011656924b949c15c8e9cb70ea298247685f36f4.tar.gz`
with SHA256
`20270039ec627a3e94bfd953ec117831e1db8ef07fd8e198379e5e03c437f4a0`.
The controller and all three selected nodes installed that exact snapshot
read-only.

Before any formal worker was started, the first and only objective clip for
each run was replayed from these final inputs with the actual joint/quaternion
mapping, matching object URDF/mesh and the global-runtime prepend plan.  Manual
contact-sheet review confirmed the correct robot/object motion in all three
videos.  Each MP4 is H.264, 1280x720, 50 FPS, 327 frames and 6.54 seconds; the
video SHA256 values are:

  unscale__any_ball_29       c96818b4212f28cc906b97a79ffc63779928a78f44de16dbba9a4f96398ccf38
  unscale__any_bin_29        f6fe1f9ebe922475b6a5ccabe51d85a734b46eba23f3c7d6609115f42a0368ff
  scaledown__any_barrel_25   8cdba69eacbd518d38365795ac9ce3794fd901c027ac034af2dde2b07bddd6d1

All three use motion-clock SHA256
`e8e7a0804938bdb0b04f00a249b1a13bf7ee05991e77d10cbc7a966d4b69e60a`
and transition digest
`ab8439024b6e619f59638fc967734433ab08cec607698433c2641b75b7163442`.
Rule 90 was added to `agent.md`: future formal launches must derive the first
trajectory from the final effective training bank, record exactly one reviewed
MP4, bind all source/motion/object/shard/transition digests, and verify the
same run's exact `vis/replay` key before allocating formal workers.

======================================================================
62. R25 FLAT-NCCL FREEZE REPRODUCTION AND EXACT ROLLBACK
======================================================================

The first formal one-motion r25 launches all passed 8/8 startup and did real
training, but then hung at different points inside `training_step`: ball at
iteration 4, bin at 7, and barrel at 86.  In every case all eight workers
remained alive in futex waits, all eight GPUs retained approximately 26 GiB,
and GPU utilization fell to 0--1 percent with no further log progress.  There
was no Python traceback, non-finite metric, CUDA OOM, NCCL diagnostic, Xid,
ECC error, disk pressure or host-memory pressure.  The different clips and
failure iterations argue against, but do not strictly exclude, a fixed
clip-specific or fixed-iteration motion/object branch.

A pure eight-process communication canary then used the exact pinned NCCL
2.26.2 library (SHA256
`e4a7aee9c3eecf53fac780441d2f03b578ab8db8874b71f8e391bcec7adb2899`),
approximately 3.08 million float gradient elements, 16 NCCL payload
all-reduces per outer round and interleaved Gloo controls.  It reproduced
stochastic freezes on
`10.99.1.21` and `10.99.1.122`; `10.99.0.141` completed separate 3,200- and
4,800-operation samples, which is consistent with a low-probability transport
failure rather than a permanently bad node.  The same nodes have matching
kernel, driver, topology and healthy 8xL40S hardware.  Because the pure canary
contains no student policy, W&B, simulator collection or motion bank, this
strongly implicates the single-node flat-NCCL/mixed-control path.  It does not
by itself prove that the r25 freezes had an identical root cause.

Only the three exact r25 sessions were stopped.  Their launch tokens, tmux
sessions, torchrun/workers, compute applications and rendezvous/provenance
ports were checked closed before reuse.  No unrelated session or GPU process
was touched, and none of the stale r25 W&B identities was resumed.

======================================================================
63. THREE FRESH R26 WS8 TRAINING RUNS
======================================================================

The stable r26 profile changes only the distributed transport.  Relative to
r25, the default process group changes from NCCL to Gloo and gradient SUM
changes from flat NCCL to Gloo (`TORCH_DIST_BACKEND=gloo`,
`HOLOSOMA_GLOO_GRAD_REDUCE=1`).  The already-enabled Gloo barrier and small
control flags remain enabled (`HOLOSOMA_GLOO_BARRIER=1`,
`HOLOSOMA_GLOO_SMALL_COLLECTIVES=1`).  Policy
architecture, observations, one-motion data, reward/loss definitions,
optimizer settings, seed 42, 64 environments per rank, 16 minibatches, one
learning epoch, physics and the 40,000-iteration curriculum are unchanged.
Changing the reduction backend can change floating-point reduction order, so
r26 is a fresh scientific identity rather than a bitwise continuation of r25.

Each run first passed the reviewed-replay verifier against W&B, final source
snapshot and runtime-asset provenance, idle-node/GPU gate, and then the formal
8/8 distributed-provenance and 8/8 final-worker gate.  The launcher accepted
each session only after those markers remained healthy for another 10 seconds.
The fresh identities are:

  clip                         node          W&B ID    replay manifest SHA256
  unscale__any_ball_29         10.99.1.21    1x5hd1in  95ae8fdebac5444a23879b826cf635f1c0820f53088d81f8a5a05819659731eb
  unscale__any_bin_29          10.99.0.141   hk07h1af  33eef8b4df6729327e6eb47a3a1b876655ee2d82bc6eb37c79b2b4e61db67392
  scaledown__any_barrel_25     10.99.1.122   uwyau5wp  12d942fc7a4cfa5a063ae390e15fc82785a76fcb3ddc39aff16016dfe2288f3c

After training was live, the W&B public API independently reported all three
runs as `running`.  A second replay audit returned status `ok` for every run,
with exactly one non-empty MP4 at the exact summary key `vis/replay` and the
video hashes listed above.

The first sustained health gate observed `HOLOSOMA_PROGRESS
completed_iteration=166` for all three (166 completed updates, through
zero-based iteration index 165), well beyond the previous maximum freeze at
86 and through the iteration-100 checkpoint/fixed-BC cadence.  Every node
still had exactly eight
workers and eight GPU compute applications with one process per GPU; memory
was approximately 25.7--26.1 GiB per card.  Typical iteration time was
2.6--2.8 seconds, collection approximately 2.16--2.26 seconds and learning
approximately 0.38--0.43 seconds.  Representative distillation losses were
finite (ball 0.2852 at index 165, bin 0.2832 at index 161, barrel 0.2609 at
index 154); DAgger weight was 1 and PPO
coefficient 0 as required at this phase.  Strict runtime scans remained zero
for traceback, RuntimeError, CUDA/OOM, collective timeout, non-finite values,
NCCL/Gloo error and kernel Xid/OOM.  The jobs remain running; this is a launch
and sustained-health result, not a claim that the 40,000-iteration experiment
has already completed.

The extended gate then observed ball/bin/barrel at completed iterations
327/337/331 respectively.  Over the final five-iteration samples they advanced
at 2.845/2.668/2.744 seconds per iteration, with all 24 rank-to-GPU mappings
still exact and all strict runtime, non-finite and kernel error counts still
zero.  The iteration-200 checkpoint and ONNX were regular non-empty files for
all three runs (checkpoint sizes 92,537,476 / 92,537,412 / 92,537,540 bytes;
ONNX sizes 1,207,958 / 1,207,940 / 1,208,015 bytes), and each job continued
for more than 125 additional iterations after publishing them.  W&B also
reported live history beyond 300 for every fresh run.

CPU Gloo gradient reduction was observed roughly 0.07--0.12 seconds higher in
the learning phase than surviving pre-freeze flat-NCCL samples.  This is not a
controlled paired overhead estimate.  The Gloo profile had not reproduced the
hang through the extended 300-update window; completion of the 40,000-update
target remains the final stability proof.  A future performance experiment may implement the already
validated node-local NCCL reduce -> local Gloo barrier -> node-local NCCL
broadcast protocol while skipping a redundant single-node leader all-reduce.
That is deliberately not hot-patched into these formal runs.

======================================================================
64. R26 STUDENT-LEARNING FAILURE AND TRUTHFUL W&B TERMINATION
======================================================================

The three r26 jobs did not complete their 40,000-update target.  All three
were deliberately stopped by the fixed-BC guard at iteration 5101 after three
consecutive post-ramp evaluations exceeded the absolute 0.160 mu-MSE cap.
The 4900/5000/5100 values were respectively:

  ball    0.380256 / 0.378425 / 0.374865
  bin     0.330505 / 0.328691 / 0.325596
  barrel  0.283579 / 0.285706 / 0.288165

This was not a simulator, Gloo, CUDA, OOM, Xid or worker-liveness failure.
At the first positive PPO tier at step 700, diagnostic KL was approximately
1286/1763/1903 for ball/bin/barrel and the adaptive scheduler immediately
reduced the shared actor LR from 1e-3 to its 1e-5 floor.  Because the same
optimizer and LR serve both PPO and BC, the trust-region response also
throttled subsequent imitation learning.  The current online DAgger path
trains only the latest student-rollout batch; it does not aggregate a replay
dataset.  Offline recomputation on the authenticated terminal ball checkpoint
matched its fixed MSE to 7e-7, while a fresh AdamW optimizer fitted the same
frozen data below 0.16 in 25 steps and to 0.0387 in 500 steps.  Capacity,
forward/backward and loss scaling are therefore functional; the reproduced
failure is the online distribution/hybrid transition and forgetting regime.

The old code called wandb.finish() without an exit code even after the guard
raised, so W&B labeled all three terminated runs as `finished`.  The finalizer
now requires an explicit non-negative exit code and every success/error/final
cleanup path supplies the authoritative result.  The focused W&B suite passed
46 tests, py_compile and git diff --check.  The new source snapshot differs
from r26 in exactly train_agent.py and its W&B startup/cleanup unit test; an
rsync checksum comparison found no other executable-source change.

======================================================================
65. THREE R27 WS8 PURE-BC STUDENT BOOTSTRAP RUNS
======================================================================

Repeating r26 unchanged would knowingly reproduce the same failure.  A
bounded Stage-1 experiment was therefore launched independently for the three
requested clips.  It keeps the r26 simulator, data, contact, student MLP,
seed42, 64 env/rank, 16 minibatches, one epoch and flat Gloo profile, but holds
PPO exactly at zero for all 1000 updates.  Actor/critic LR are 1e-3 and
init/min policy std are 0.1.  The reset distribution is held at the r26
bootstrap value (start-at-zero 0.2, freeze 0.0) instead of compressing the
40k reset curriculum into this short test.

The fixed 4096-sample, eight-rank-stratum evaluation remains fail-closed every
100 updates.  Its reference window ends at 600, guard counting starts at 700,
the threshold is min(2x reference minimum, 0.160), and three consecutive
breaches terminate at 900.  Stage-1 acceptance requires step-600 mu-MSE <=
0.160, finite metrics, actor skipped-no-signal=0, stable actor LR=1e-3 and an
unchanged fixed-dataset identity.  Only a passing motion may seed its own
actor-only PPO transition canary; generic box or cross-motion initialization
is excluded.

The frozen source is
`src-3ed93464e82ff5b78b0083502ddab10de006589ad8cfae9c87e79383d355d377`.
Its deterministic archive is
`/tmp/holosoma-r27-20260718-snapshot-cache/src-3ed93464e82ff5b78b0083502ddab10de006589ad8cfae9c87e79383d355d377.tar.gz`,
size 6,022,503 bytes, SHA256
`06af018c3b0951e92e0e44a8bd6514f3de6a2d45965a07cfade701bf588a09ae`.
The r26 replay videos remain semantically valid because the only runtime
source change is W&B process-finalization after training; each new manifest
explicitly records the original capture source and this exact two-file
equivalence rather than pretending the video was recaptured.

Fresh run identities and replay manifest SHA256 values are:

  clip                        node          W&B ID   replay manifest SHA256
  unscale__any_ball_29        10.99.0.167   vp43rmai 9f870f516fedb34cead67a094f39f455e334484d81c6ab056167892d80e78d18
  unscale__any_bin_29         10.99.0.141   d8lgzoss 667f336e7c54927b8dfb0d4df72cdcb2354e292cd4e00b3114dbb0d78d1917e1
  scaledown__any_barrel_25    10.99.0.165   4xheno9a 4df694eff4bede5b62ff6d0fc48396c511d566c074ed3af8d73dd7039a4cc709

Before worker allocation, the preflight helper independently verified exactly
one MP4 at each fresh run's exact `vis/replay` summary key.  All three nodes
were then rechecked as completely idle 8xL40S hosts.  Runtime outputs use
`/data/holosoma_runs`; exact source/runtime/data/teacher/NCCL digests were
verified.  The final data manifests are ball 28445620c56d..., bin
7726f5e25fbf... and barrel 914b60a8d1da..., all retaining
source_clip_count=30/global_multi_clip_runtime.  Similar old /tmp target tar
files were explicitly rejected because they omit motion_transition_source and
would be interpreted as single_clip_static.

Each launcher reached distributed_provenance=8/8 and final_workers=8/8, then
held healthy for the required 10-second stability window.  The first status
sample observed completed iterations 5/8/5 and 2.49--2.56 seconds/iteration.
Every node had exactly eight compute applications and approximately
25.7--26.0 GiB per GPU; kernel Xid/OOM matches were zero.  W&B independently
reported all three runs running with world_size=8, the expected source and
reviewed replay, PPO coefficient zero, actor LR 1e-3 and zero skipped-no-signal
actor steps.  Step-0 fixed mu-MSE was 0.422380 ball, 0.383715 bin and 0.397482
barrel.  These are baselines, not success claims; the decisive scientific
gate remains the fixed evaluation at steps 600 and 700--900.

The first cadence evaluation at step 100 was subsequently visible in all
three W&B histories.  Fixed-BC mu-MSE changed from step 0 to 100 as follows:

  ball    0.422380 -> 0.331072
  bin     0.383715 -> 0.341447
  barrel  0.397482 -> 0.308193

All three retained actor LR 1e-3, PPO coefficient zero and
skipped-no-signal=0.  Each node atomically published a non-empty
model_00100.pt (92,537,284 / 92,537,220 / 92,537,348 bytes) and matching ONNX
(1,207,726 / 1,207,708 / 1,207,783 bytes) and continued training.  This is a
real downward learning trend and an execution-integrity pass, but every value
is still above 0.160; it is not a premature Stage-1 acceptance.

======================================================================
66. R27 PURE-BC FAILURE, LEARNABILITY DIAGNOSIS, AND EXACT CLOSURE
======================================================================

All three r27 jobs remained execution-healthy through the complete bounded
learning test.  The exact fixed-BC trajectories at steps 0/100/200/300/400/
500/600 were:

  ball    .422380 .331072 .340293 .344324 .354997 .309249 .314394
  bin     .383715 .341447 .299993 .299554 .297290 .281024 .278482
  barrel  .397482 .308193 .309615 .311614 .263864 .297566 .284076

PPO stayed exactly zero, actor and critic LR stayed 1e-3, skipped-no-signal
stayed zero, and every node retained eight GPU applications with finite
training metrics.  Thus r26's first-PPO-tier KL/LR collapse was removed as a
confounder, but none of the three students met the predeclared 0.160
acceptance gate at the end of the pure-BC reference window.

The fail-closed guard then counted one, two and three consecutive breaches at
steps 700, 800 and 900.  The terminal step-900 MSE values were .345611 ball,
.334910 bin and .265235 barrel.  Fresh W&B runs vp43rmai, d8lgzoss and
4xheno9a all ended in the truthful `failed` state at step 900 rather than the
old misleading `finished` state.  Each run published a regular 92.55 MB
diagnostic_fixed_bc_guard_00901.pt.  Their SHA256 values were respectively:

  5fe9e361a29c341ac934d43ee342805e343eaaa52ebdf9c4b9bae76ba25aa358
  ddff7f34e385512459de72fa0a5d13a2daa6d6d652348a2c6831c8ab78b48475
  678ff01df230f4ca84efb02ebd96a482efdbb3b1c31a38670f98545841d0bb86

After proving W&B/checkpoint finalization, only the exact three launch
identities were closed.  The modern lifecycle controller returned rc=0 for
all three and released only their token-bound reservation pairs.  Final
checks on 10.99.0.167, 10.99.0.141 and 10.99.0.165 found zero GPU compute
applications, zero matching tmux sessions and zero listeners on 30911/30912,
30921/30922 and 30941/30942.  No unrelated process or job was controlled.

The code audit found that the internal `dagger` path is VideoMimic-style
current-occupancy BC, not classic dataset aggregation: after 16 minibatches it
clears the only rollout storage and never rehearses earlier teacher-labelled
student states.  The frozen fixed set is evaluation-only.  This exactly
matches the observed learn-then-forget trajectory, especially ball/barrel,
but it is not the only limitation.

An authenticated offline test reconstructed the exact r26 ball fixed dataset
and deterministic student mean network.  Starting from the terminal policy,
a stratified 80/20 split reached held-out MSE .148568 after 25 updates and
.089143 after 500; leaving rank 7 out reached .154866 and .132605.  This
proves the network, MSE scale, backward path and same-distribution capacity can
cross .160.  A harder fresh-random four-fold protocol trained on six complete
rank strata and held out two.  Full-depth train/test MSE averaged
.120101/.182170 after 500 updates, versus .121136/.185141 without depth.  The
four full-depth held-out results were .190063, .191177, .178060 and .169378.
These are operating points, not a Bayes lower bound, but they show that fitting
the all-rank sentinel does not prove generalization to a new camera/RNG/phase
stratum.

The observability audit explains that gap.  The teacher receives a 175-D
privileged actor observation including the full target joint trajectory and
exact object state; the student receives 94 low-dimensional values plus one
noisy/latent depth frame and has neither clip phase nor temporal history.  Its
contact-aware root command is exactly zero in 94.92% of the authenticated
fixed rows.  In addition, at least 67 teacher input dimensions are independently
noised each step even though teacher actions are deterministic means.  The
student camera independently has 3/4-frame latency, pose randomization,
holes/dropout and additive/multiplicative noise.  Action-space, clipping,
normalization, stochastic-teacher and pre/post-step alignment mismatches were
separately ruled out.

The next scientific Stage-1 therefore needs a bounded deterministic replay
buffer disjoint from the fixed gate, exact checkpoint/resume state, and a true
supervised actor-only objective.  A deployable pickup command plus the already
used drop command, temporal history and deterministic teacher-label A/B must
be evaluated explicitly; clip phase remains diagnostic-only.  No r27 actor is
eligible for PPO initialization.

======================================================================
67. R28 BOUNDED DAGGER REPLAY AND THREE INDEPENDENT WS8 RUNS
======================================================================

R27 established that removing PPO/KL interference was necessary but not
sufficient: all three pure-BC students still forgot earlier student-occupancy
states and missed the predeclared fixed-set gate.  R28 therefore implements a
bounded rank-local DAgger reservoir that is default-off and is admitted by the
formal launcher only for an operationally zero-PPO, unit-BC, no-std-matching
Stage-1.  It stores raw current-rollout student observations and deterministic
teacher means only after the all-rank fixed-BC dataset has been frozen.  Each
rank uses an independent CPU generator and Algorithm R reservoir sampling;
current and replay losses are combined as `(1-f)*current + f*replay` with the
same global weighted denominator semantics as distributed BC.  Full resume
restores each rank's buffer, counters, generator state and fixed-set binding;
actor-only policy initialization deliberately clears that lineage.

The supervised path now has a true actor-only optimizer step: PPO surrogate,
value and entropy objectives are operationally zero, the critic receives no
optimizer update, and the ordinary all-rank weight-consistency checks remain
enabled.  The launcher also makes the PPO controller explicit rather than
accepting ambient defaults: schedule=fixed, desired_KL=0.01, actor/critic
initial LR=1e-3 and bounds=[1e-5,1e-2].  Resume preflight canonicalizes only
legacy implicit-None LR bounds and continues to reject real schema or recipe
drift.  Focused validation passed 428 PPO/replay tests, 98 resume tests and 78
train-CLI tests; the replay and LR launcher contracts and independent archive
diff audit also passed.  The previously found single-rank replay denominator
bug was fixed without changing the already-correct eight-rank branch.

The immutable source is
`src-26e70b910747dcf48f746683da8a08b577077428b8666322a844e88938e67c7b`.
Its deterministic archive SHA256 is
`1aa1f8b857a7ac29dbbbbd453df385acee1ce29ade769a7302c5505a206e3fe4`.
Relative to r27 it has exactly three expected new tests and ten expected
modified replay/LR/resume/launcher files, with no deletion, mode drift,
simulator/data/camera/student-architecture/teacher-checkpoint drift, or asset
link change.  Both archive and internal source manifests verified in full.

Rule 90 was repeated from the final r28 source and exact final single-motion
banks; no r27 media was reused.  Each fresh W&B run contains exactly one
manually reviewed H264 1280x720, 50-fps, 327-frame, 6.54-second MP4 at
`vis/replay`.  The clips, video SHA256 values and replay-manifest SHA256 values
are:

  unscale__any_ball_29
    video    72facb2e95110eebf8c97bf26ab4c171eb48d3d0ae85ec61d512bd917c1c78a4
    manifest a9b763cc74008b842f683dace7153440bd94d640e090b4fff0c3ff5b445c61ae
  unscale__any_bin_29
    video    d2dd7f93bf53e51bd564c27f520f2c1b8c5403629c601236e6da3b306eb83def
    manifest 9540e5fbd537758cdae84cdd859509d60b4134a9c3d9952e6d667f9ea25da79b
  scaledown__any_barrel_25
    video    8a2f770c83b73704400f2b27f48bd88fb89e83db39859127f98d18b5c5eaa496
    manifest a21580af22e69c5d9de15ea6a99f19d99f093418822626e3f04532ece3177726

Three fresh one-node jobs were launched only after the target nodes were
confirmed idle and the replay/W&B/source/runtime/data/teacher provenance and
8/8 transactional worker gates passed:

  clip                        node          W&B ID   ports
  unscale__any_ball_29        10.99.0.167   j3jangxj 30911/30912
  unscale__any_bin_29         10.99.0.141   ae540b96 30921/30922
  scaledown__any_barrel_25    10.99.0.165   jx8pwxcw 30941/30942

Every run is fresh, seed42, one motion, 8 ranks x 64 environments, 16
minibatches, one epoch, Gloo transport, target 1000, checkpoint interval 100,
replay capacity/batch/fraction=512/96/0.5 per rank, and no resume or policy
initialization.  PPO remains exactly zero for the complete target.  The
fixed-BC reference window and fail-closed threshold remain unchanged.

W&B directly confirmed the runtime transition from step-0 replay inactive and
empty to replay active with a full 512-row rank-local reservoir and increasing
seen/sample counters on all three runs.  Representative live updates had
finite current/replay BC losses and reconstructed actor loss, actor LR=1e-3,
critic loss=0, PPO coefficient=0 and skipped-no-signal=0.  At the first
scheduled fixed-set evaluation, step-0 -> step-100 mu-MSE was:

  ball    0.422158 -> 0.282207
  bin     0.383715 -> 0.274364
  barrel  0.397906 -> 0.282896

Each evaluation still used exactly 4096 samples across eight rank strata.
The corresponding `model_00100.pt` files were regular non-empty files of
174,417,396 / 174,417,396 / 174,417,460 bytes, and their SHA256 values were
respectively:

  d012c1ef5a9ebdf3e50df1e14aeb14cb024d5e45eefa727ebaf7f0a3c0dd25ea
  9ea7e47484cb96aa774527d48a005bd8edda985e115b608995c40d603bff6a74
  10c488ab5c333cb3b497db8cc403075a690873b3af79460585f320321f654f4a

Matching ONNX files were also published.  These early improvements and
execution checks are encouraging but are not a scientific acceptance claim;
the predeclared step-600 fixed-set gate and held-out/generalization evidence
still determine whether a same-motion actor is eligible for a later PPO
transition canary.

An independent full-history W&B audit proved that replay was operational, not
merely configured.  From step 1 onward every rank drew exactly 16*96=1536
replay rows per iteration, the draw counter was exactly `1536*step`, seen
counts were monotonic, and all buffers remained at capacity 512.  Across all
three histories the maximum residual in
`bc_loss - 0.5*(current_bc_loss + replay_bc_loss)` was 2.33e-9;
`actor_loss == distill_loss == bc_loss`.  Actor LR remained 1e-3 and skipped
no-signal remained zero, while PPO, surrogate, KL, value, critic, entropy and
symmetry losses remained exactly zero.  Fractional seen counts in W&B are the
expected mean of eight integer rank-local counters, not corrupted state.

The first sustained health gate at 2026-07-18 06:36:19--20 UTC was 12 minutes
49--50 seconds after the logs were created.  Ball/bin/barrel had reached
iterations 255/257/252 and 3,145,728/3,170,304/3,108,864 total samples,
respectively, a gain of 243/243/241 iterations from the initial snapshot.
One-minute samples from 06:31 through 06:35 were all monotonic.  Every node
still had the exact live tmux owner and immutable command, eight distinct GPU
processes on eight distinct cards, 25,773--26,114 MiB per card, 42--48 C and
zero volatile uncorrected ECC.  Targeted worker-log and kernel-journal scans
were empty for OOM, Xid, fatal, traceback, segfault, collective abort, killed
process and uncorrectable errors.

A same-node, same-motion r27 comparison over iterations 20--170 measured true
wall time rather than the optimistic internal FPS.  R28 ball/bin/barrel were
2.6633/2.6739/2.7108 seconds per iteration, or 4613.9/4595.5/4533.0 samples/s,
which was 3.28/2.08/1.53 percent faster than r27.  Approximately 79--80
percent of wall time remained simulator/collection, 14--15 percent learning,
and 6 percent logging/curriculum/other unreported overhead.  This is evidence
that bounded replay caused no end-to-end regression, not a claim that the
small speed difference is attributable to one change; the dominant remaining
performance opportunity is still simulator/collection.

======================================================================
68. R28 SCIENTIFIC OUTCOME AND OPERATOR-REQUESTED LONG-RUN RELAUNCH
======================================================================

R28 remained execution-healthy through its predeclared fail-closed decision.
At step 600, fixed-BC mu-MSE was 0.28312564097322246 / 0.28137309118334486 /
0.2992390787159654 for ball/bin/barrel, so none met the 0.160 scientific
acceptance ceiling.  Step 700 and 800 recorded consecutive exceedance counts
1 and 2.  At step 900 the final values were 0.27540571523478036 /
0.2982220062305772 / 0.2796725015911894 and the count reached 3 exactly.
W&B runs j3jangxj/ae540b96/jx8pwxcw were truthfully finalized as failed and
each published model_00900 plus diagnostic_fixed_bc_guard_00901.  The three
diagnostic checkpoint SHA256 values are, in ball/bin/barrel order:

  a1bac8142c950754c8fbe81e438f8a91d79642646f2e2f885a5e42bd7b7a8ca5
  dfc2021ee2a4b81c808460ecc80b820598aca500524359029b6a4733cab4d6ed
  f46a52a5cd51e80ead60953251d19fbf648b0cdb831da1a4f5a3008ac90a5cab

After W&B finalization, all three exact old sessions disappeared and the
three old nodes had zero matching processes, zero GPU applications and zero
listeners on their assigned ports.  No unrelated process was controlled.

The operator then explicitly prioritized three continuously running trainings
over threshold-based early termination.  Three fresh W&B identities were
created and each was pre-bound to exactly one reviewed Rule-90 replay from the
exact same immutable r28 source and one-motion bank.  The new replay manifest
SHA256 values are:

  ball    62233243ef3b5b547711fe528ffb11534422d93d5ebc7b85898ce2d62b4fa421
  bin     8b7c430ff589d0d1fbb4f77aea9bfc7189803822140601dfacac6dfd929bb99d
  barrel  747a272715afc0c932e26cbb15b3cf9817026c6024b10da21bc87a5dff905f81

The replay implementation requires the fixed-set guard to remain structurally
enabled because its authenticated capture boundary keeps replay disjoint from
evaluation.  The long-run recipe therefore keeps fixed evaluation every 100
steps but neutralizes the quality stop ceiling to min(reference_min*100,100).
It targets 40,000 fresh iterations, keeps PPO exactly zero, actor-only BC,
replay 512/96/0.5, 8 ranks x 64 envs, MB16, one epoch, Gloo, seed42, LR 1e-3,
save100, and uses neither resume nor policy initialization.  Immutable source
remains src-26e70b910747dcf48f746683da8a08b577077428b8666322a844e88938e67c7b
with archive SHA256
1aa1f8b857a7ac29dbbbbd453df385acee1ce29ade769a7302c5505a206e3fe4.

Three independent idle 8xL40S nodes passed source/runtime/data/teacher/replay,
transactional port reservation, 8/8 distributed provenance, 8/8 final-worker
and 10-second stability gates:

  clip                        node          W&B ID   ports
  unscale__any_ball_29        10.99.1.21    ujovfciq 31111/31112
  unscale__any_bin_29         10.99.1.60    06hwut8r 31121/31122
  scaledown__any_barrel_25    10.99.1.122   hbhgoyhb 31141/31142

At 2026-07-18 07:18:48 UTC, ball/bin/barrel had reached iterations 17/31/18.
Every node had one live exact session, eight compute applications on eight
unique GPUs, and zero targeted fatal/OOM/collective/guard-trip lines.  The
three W&B runs were independently confirmed state=running at steps 15/27/15.
All three launch controllers returned rc=0 only after their bounded startup
health handshakes passed.

======================================================================
69. DUAL PICKUP/DROP DEPLOYMENT CONTRACT CLOSURE (NOT IN R28B SOURCE)
======================================================================

The next-source dual-button path was completed without touching the running
r28b jobs.  ManualRootCommandPub now carries an optional pickup_button while
omitting the key by default; WBT inference parses pickup/drop symmetrically as
one finite scalar and gives a valid explicit pickup override precedence over
the unchanged automatic sidecar-t1 fallback.  Viser/MuJoCo manual control and
reset paths expose the same optional pickup signal, pickup-only WBT models are
recognized, and the dual-button mj_track preset now defaults to motion index
offset 1 while preserving explicit override priority.  Malformed, non-scalar
or non-finite values fail closed.  The related suite passed 359 tests, the
MuJoCo launcher contract passed, and bash syntax plus git diff --check passed.
These working-tree changes are not in immutable r28b and remain unstaged.

======================================================================
70. R28B TEN-MINUTE SUSTAINED-HEALTH GATE
======================================================================

At 2026-07-18 07:28:31--07:28:33 UTC, more than ten minutes after the
post-launch stable sample, all three exact r28b tmux sessions remained live.
Ball/bin/barrel had reached completed iterations 231/250/234 of 40,000.  Each
node exposed exactly eight compute applications on eight distinct GPU UUIDs;
all GPUs reported zero volatile uncorrected ECC errors, temperatures were
37--48 C, and the exact session panes were alive rather than dead/restarted.
The most recent actor and distillation losses were identical, as required by
the actor-only recipe, and no fatal/traceback/OOM/collective/guard termination
was present in the sampled session output.

An independent W&B API read immediately afterward confirmed all three run
states as running and monotonically newer summary steps: ujovfciq=234,
06hwut8r=252, and hbhgoyhb=236.  Their latest actor/distillation losses were
0.1836707, 0.1379548, and 0.1783837 respectively.  This closes the initial
ten-minute sustained-health gate; it does not claim convergence.

To avoid perturbing these 24 GPUs, the next dual-button candidate was copied
by immutable archive SHA256
9496b3f0c5dbef80b877463856dcdcbdc9c655d5075f74327ec2d8c20928ab08
to idle node 10.99.1.154, which had zero GPU applications.  CPU-only isolated
validation there passed 297 student-policy inference tests, bash syntax, and
the MuJoCo perception metadata launcher contract (the real ONNX dry-run was
explicitly skipped because compatible local fixtures/runtimes were absent).

======================================================================
71. R28B SECOND TEN-MINUTE WINDOW AND DUAL-LABEL SEMANTIC BLOCKER
======================================================================

The independent read-only interval 2026-07-18 07:23:41--07:33:41 UTC
confirmed monotonically increasing W&B steps ball 122->342 (+220), bin
140->364 (+224), and barrel 124->346 (+222), with every run state=running.
At 07:34:24 the exact logs were at completed iterations 359/381/363 and no
more than two seconds stale.  The session owner token, immutable source and
control-command digest did not change; all panes stayed alive.  Every node
kept eight distinct GPU UUIDs with exactly one compute worker per UUID,
37--48 C temperatures, approximately 25.8--26.1 GiB per worker, and zero
corrected or uncorrected ECC.  Exact post-launch consolidated logs and kernel
journals contained no OOM, Xid, CUDA bad-state, traceback/runtime error,
NCCL/Gloo timeout, segfault, non-finite or guard-trip event.

Step 300 still proved the requested recipe rather than merely process
liveness: PPO=0, critic=0, actor LR=1e-3, replay active/capacity=512,
cumulative draw=460800, and fixed-BC mu-MSE ball/bin/barrel
0.2966912/0.2602686/0.2874832.  Each W&B identity still had exactly one
vis/replay MP4.

The dual-button delivery audit also closed an inference alias bug without
touching r28b: the canonical dual config and both registered public aliases
now all default to motion-index offset 1, while explicit offset overrides
retain priority.  The parameterized launcher contract, bash syntax and diff
check pass; these source/test changes remain unstaged.

A separate data-semantics audit found a real blocker for the *next* dual
experiment.  The current wrist-first sidecar selection gives compensated
button windows ball/bin/barrel [262,279), [30,282), [16,283), but the exact
motion-relative-height carry-window implementation gives [59,232), [58,226),
[60,231).  In particular, ball's selected raw right-wrist interval [272,289)
starts after the object has already been lowered, so it cannot scientifically
represent carry-start/pickup.  Current r28b has no pickup-button actor input,
so the bad pickup bit is not one of its actor features.  However, the ball run
does enable both adaptive and uniform-T1 sampling, which reuse the same
selector; its reset-density focus is therefore also incorrectly near the clip
end.  Bin29 and barrel25 have the same selected and all-carry-region-union
windows and do not show that selector drift.  The operator-requested healthy
r28b jobs remain running as baselines, but the ball result must not be called
scientifically corrected.  No formal dual launch may reuse the old Rule-90
media or proceed until the selector/label contract is fixed, rebound in a new
immutable source, and made visible in a fresh replay; a fresh corrected ball
identity is required rather than silently relabeling ujovfciq.

======================================================================
72. R28B THIRD HEALTH WINDOW AND CONTACT-SELECTOR V2 IMPLEMENTATION
======================================================================

The next independent interval, 2026-07-18 07:38:47--07:49:39 UTC, also
closed green.  Exact remote completed-iteration deltas were ball 456->695
(+239), bin 480->724 (+244), and barrel 461->701 (+240).  All W&B states and
timestamps remained running/monotonic.  The exact tmux pane identities and
all 24 worker PIDs were unchanged; every job retained eight ubuntu-owned
workers on eight distinct GPU UUIDs tied to its expected session, W&B ID and
immutable source.  Temperatures were 37--48 C, volatile UECC was zero on all
24 GPUs, master listeners were present, and exact logs plus kernel journals
had zero fatal/OOM/Xid/traceback/collective/non-finite/guard events.

At iterations ball694/bin724/barrel701, actor=distill=BC remained exactly the
half-current/half-replay objective, cumulative replay draws were exactly
iteration*1536, replay capacity was 512, PPO and critic were zero, and actor
LR was 1e-3.  Latest authenticated fixed-set MSE values were ball step600
0.2882808881, bin step700 0.2942448644, and barrel step600 0.3094869459; each
used 4096 weighted samples over eight rank strata with exceedance count zero.

The contact-envelope fix is now implemented in the working tree, without
affecting those immutable jobs.  Training, standalone inference and patched
artifact construction no longer return early on a wrist-yaw interval; they
all select the union of every recognized wrist/elbow/roll/pitch/torso carry
region, with unknown-region fallback retained.  Focused isolated validation
on idle node 10.99.1.154 passed 27 tests, including the shared selector and
embedded contact-sidecar artifact suite.  A read-only full-bank measurement
proves the old selector had 3/30 windows with zero lift overlap, whereas the
new union has 30/30 overlap.  This is the contact/adaptive-sampling layer only;
it is not being misrepresented as the final dual pickup/drop phase label,
which still requires the explicit kinematic-lift mode under implementation.

======================================================================
73. R28B FOURTH SUSTAINED-HEALTH WINDOW
======================================================================

A further read-only window started from exact remote completed-iteration
baselines at 2026-07-18 07:55:48 UTC and was sampled again at
08:09:55--08:09:57 UTC.  Ball/bin/barrel advanced from 829/863/839 to
1140/1177/1153, or +311/+314/+314 without a worker restart.  W&B independently
reported all three states as running at summary steps 1136/1174/1146; the
small difference from the remote logs is normal backend propagation lag.

All original 24 worker PIDs still appeared as the only compute applications,
partitioned as eight distinct GPU UUIDs per job.  Temperatures were 37--49 C
and every GPU reported zero volatile uncorrected ECC errors.  Complete current
training logs (approximately 19 MB per job) contained zero targeted traceback,
runtime-error, CUDA OOM, child-exit, NCCL/Gloo abort/timeout, non-finite, or
fixed-BC guard-trip matches.  Kernel journals since before launch contained
zero Xid/OOM/uncorrectable-hardware matches.  The latest scheduled step-1100
fixed-BC mu-MSE values were ball/bin/barrel 0.2790/0.3136/0.2764; each used
4096 weighted examples across eight rank strata and retained zero guard
exceedances.  No monitor or candidate-code test attached to, restarted, or
mutated these immutable jobs.

======================================================================
74. R28B FIFTH SUSTAINED-HEALTH WINDOW
======================================================================

A further complete read-only window ran from 2026-07-18 08:12:58 UTC to
08:25:03--08:25:05 UTC.  Exact remote completed iterations advanced ball
1207->1474 (+267), bin 1244->1515 (+271), and barrel 1221->1491 (+270).
An independent pane read at 08:26 observed continued monotonic progress to
1495/1537/1511.  All original 24 worker PID identities were unchanged, with
exactly eight compute applications on eight unique GPU UUIDs for each job.
Temperatures were 37--49 C and all 24 GPUs reported volatile UECC=0.

Full current logs had zero runtime matches for traceback, RuntimeError, CUDA
OOM, child failure, NCCL/Gloo abort or timeout, non-finite state, guard trip,
segfault, or killed worker.  Kernel journals since 07:06 likewise had zero
Xid/OOM/hardware hard hits.  Each complete log does contain 77 startup-only
Isaac headless GPU-foundation/UI-renderer lines tagged `[Error]` at 07:16--17;
these did not recur at runtime and the same workers subsequently progressed
for more than 1,400 iterations.  They are disclosed here rather than hidden or
misclassified as runtime failures.

W&B independently reported all three runs as running: ujovfciq at backend
step 1489, 06hwut8r at 1532, and hbhgoyhb at 1502.  Latest fixed-set results
were respectively step 1400 MSE 0.2604796448, step 1500 MSE 0.3022740897, and
step 1400 MSE 0.2794506136; every result used 4096 weighted examples across
eight rank strata and had guard exceedance count zero.  Monitoring made no
edit, attach, stop, restart, or other mutation to the jobs.

======================================================================
75. DUAL BUTTON KINEMATIC-LIFT AND FORMAL-ENTRYPOINT CLOSURE
======================================================================

The next-source dual label is now explicitly independent from both the
contact/adaptive envelope and the root carry window.  A new
contact_aware_button_window_mode accepts legacy contact_interval or strict
kinematic_lift; both dual entrypoints force kinematic_lift.  Button t1/t2 are
computed from source-motion object_z-root_z with threshold
min+max(0.10 m, 0.35*range) and a required five-frame sustained lift.  Missing,
non-finite, rank-invalid, no-lift, or one-frame-spike inputs fail closed.  Root
carry remains peak_height and adaptive sampling remains the union-v2 contact
selector.  A read-only validation covered 30/30 source motions; the three
requested source windows are ball29 [59,232), bin29 [58,226), and barrel25
[60,231).

Training, ONNX patching, and standalone WBT inference now share a digest-bound
integer button-window artifact contract.  It records and verifies source and
materialized windows, transition/motion digests, prepend and append counts;
static splice materialization is independently recomputed, while global
runtime prepend mapping preserves a source t1 of zero.  Resume and policy-init
preflight reject mode or window drift.  Isolated CPU validation on idle node
10.99.1.154 passed 15 artifact tests, 22 patch-timeline tests, 299 student-policy
tests, 169 resume/policy-init tests, and 60 command/config tests (565 total),
plus the new button launcher, existing box-contact launcher, dual-entrypoint
launcher, bash syntax, py_compile, and git diff checks.  The exact shared-tree
file hashes matched the tested snapshot.

The formal fresh launcher now allowlists the legacy single and explicit dual
solid entrypoints, binds the selected exact path and SHA from the authenticated
source archive, and re-verifies that identity in sealed control, launch, and
modern stop paths.  Dual formal-fresh requires the exact ordered 95D actor
contract and rejects all resume/policy-init aliases and forwarded overrides.
A real heredoc bug was also fixed: an unquoted modern-stop template expanded
the path-regex `$#` as shell argc and produced an unterminated sed expression;
the source now escapes the dollar and a dynamic regression verifies that the
generated remote command retains literal `$#\\1#p`.  Focused dual, legacy UID,
real-tmux legacy stop, lifecycle/security, bash syntax, and diff checks pass.
The long monolithic launcher suite was not rerun after this focused sed fix;
that remaining evidence and Rule-90 v2 are required before freezing or
launching the corrected fresh source.

None of these working-tree changes are present in immutable r28b, none were
staged, and none touched its three running jobs.  In particular ujovfciq must
remain labeled as the old-selector baseline rather than the corrected ball
experiment.

======================================================================
76. R28B SIXTH SUSTAINED-HEALTH WINDOW
======================================================================

The read-only interval 2026-07-18 08:32:11--08:32:13 UTC through
08:45:16--08:45:19 UTC advanced exact completed iterations ball 1630->1917
(+287), bin 1676->1971 (+295), and barrel 1649->1941 (+292).  The three exact
tmux panes remained alive with their original pane PIDs, all original 24
workers remained present, and every worker cwd still resolved to immutable
source src-26e70b910747dcf48f746683da8a08b577077428b8666322a844e88938e67c7b.
Each task had exactly eight compute applications, eight original PIDs, and
eight unique GPU UUIDs.  Temperatures were 37--48 C and volatile UECC was zero
on all 24 cards.

The approximately 30 MB complete log for each job had zero targeted runtime
hard hits, and kernel journals since 07:06 had zero Xid/OOM/hardware hits.
Each log's 77 tagged renderer/GPU-foundation startup errors was confined to
ball 07:17:28--44, bin 07:16:54--07:17:09, and barrel 07:17:28--44; every job
had zero such line after its first training progress marker.

W&B independently reported ujovfciq/06hwut8r/hbhgoyhb state=running at
summary steps 1934/1988/1960.  Their latest fixed-set result was step 1900 for
all three, with mu-MSE 0.260053633645/0.282545072343/0.269231848290.  Each used
4096 weighted samples, eight rank strata, and guard consecutive-exceedances
zero.  Monitoring performed no attach, stop, restart, edit, or launch.

======================================================================
77. R28B SEVENTH SUSTAINED-HEALTH WINDOW
======================================================================

From 2026-07-18 08:49:32 UTC through 09:01:14--09:01:16 UTC, exact completed
iterations advanced ball 2011->2270 (+259), bin 2066->2331 (+265), and barrel
2035->2297 (+262).  All exact panes remained alive with pane PIDs
1770019/1229395/2699379, and the original 24 ubuntu workers retained their
W&B identities, commands, and immutable src-26e70b... working directories.
Each task still had exactly eight original compute PIDs on eight unique GPU
UUIDs.  Temperatures were 37--48 C and volatile UECC was zero on all cards.

Complete logs were approximately 35.9/36.9/36.3 MB.  Every targeted hard
pattern after the first training-progress line was zero, as were kernel
Xid/OOM/hardware hits since 07:06.  The same 77 startup-only Isaac renderer
errors remained entirely before progress.  Two additional matches from a
deliberately broad pre-progress regex were false positives: a single
provenance JSON line contains both `NCCL_LIB_SHA256` and
`HOLOSOMA_HIERARCHICAL_PG_TIMEOUT_SEC`, so `NCCL.*timeout` crossed unrelated
fields.  Neither was a runtime diagnostic.

W&B reported all three states running at summary steps 2286/2348/2311.  Latest
fixed-set values were ball step 2200 MSE 0.24991420318605762, bin step 2300
0.27610268952817263, and barrel step 2300 0.26957354082951945.  All used 4096
weighted examples, eight strata, and zero guard exceedances.  The monitor did
not attach, stop, restart, edit, or launch anything.

======================================================================
78. FINAL R29 SOURCE, REPLAY TIMELINE, AND RULE-90 V2 GATE
======================================================================

The final corrected source was frozen as
src-b39f4d2476443c694c8abfaf09c9305857b0cb7ad0151054b7ea2c61ee4203ff.
Its authenticated archive SHA256 is
437b4a5bed3eed4b79c0b37f08a6fa25683857bf2aeb01d9d35369ac12f94e40;
the selected single and dual entrypoints are respectively
distill_as_button_solid.sh SHA256
bf160a0645cc95337cc829c375c4e015b4f3dc36ca4ec1fb58cc7838341bdfeb
and distill_as_dual_button_solid.sh SHA256
4314540df4f702de882cdc329615e48f17a77fc8b1e467365cb8a1b61c08e22b.
Independent final validation passed 595 focused Python tests, both critical
launcher contracts, eight bash syntax checks, fourteen py_compile checks,
snapshot closure, and git diff checks.  The monolithic launcher's later half
is not claimed as a separate pass because its isolated harness used a
hard-coded external asset-repo path; no candidate-source assertion failed.

The replay materialization bug was fixed at its source: the initial alpha=0
frame is captured without advancing, the terminal visible frame is source
L-1, and malformed frame/time closure now fails closed.  For ball29 this
means all 319 source frames plus ten prepend frames are materialized as exactly
329 frames.  Source lift window [59,232) maps to materialized [69,242), and
the final materialized index 328 maps to source frame 318.  The motion clock
has 329 data rows and SHA256
d06f06287b92aaedbda5d61f5dd101e3c33cadecdfa15f93380a0737246de2c4.

The corrected single replay is H264 1280x720, 50 fps, 329 frames, 6.58 s,
SHA256 67e2d79886170840fd799e6c177b675a88c194ff3f63f6f25b2f096717d233e8.
Its v1 manifest SHA256 is
09e92369e55b3d984634d1f03bad654c290e68445a69ef3197e07d7445c4cbbc,
and upload plus an independent remote verify proved that fresh W&B run
zihanw22/carry-any/f46s6237 contained exactly one non-empty summary video at
vis/replay before training.

The corrected dual replay burns the ordered fields frame/index/pickup/drop
into the sole MP4 and binds the exact run/source/95D actor/union-v2 contact/
kinematic-lift semantics into its MP4 comment.  Its canonical binding digest
is 38b1722bae6e44d3489be4b75b3bd7b5d0e3a2153be668ce9ca8604a14a38f73;
the MP4 SHA256 is
84add64d33371cff21ef00eb9170aa07f3a51705f92f5bf629ba6bdfc6413b02,
and the v2 manifest SHA256 is
051215ca4d0233eef16c2cc246c66a322ee913b42d28b4ec4adb715987c7db54.
Local authoritative validation, NPZ/clock recomputation, contact-sheet review,
upload, and independent remote verify all passed.  Visible boundary values are
pickup index 68/69 = 1/0 and drop index 241/242 = 0/1.  Fresh W&B run
zihanw22/carry-any/8hdketa1 likewise had exactly one vis/replay before training.

======================================================================
79. CORRECTED SINGLE/DUAL BALL29 FORMAL LAUNCH
======================================================================

The existing r28b ball/bin/barrel baselines were never stopped, restarted,
attached to, or edited.  Read-only monitoring through 10:41 UTC found the
latest complete window 10:29:39 -> 10:41:18--20 advanced exact iterations
4210/4322/4268 -> 4466/4586/4528 (+256/+264/+260).  All original 24 workers,
panes, GPU UUIDs, and immutable r28b cwd identities remained unchanged;
temperatures were 37--48 C, UECC was zero, and post-progress runtime/kernel
hard-error scans were zero.  W&B states remained running.

Two additional idle 8xL40S nodes were used for the corrected experiments.
Both reuse exact b39f source, runtime manifest 2dcddba9..., NCCL library
e4a7aee9..., teacher 1c441a7e..., ball29 c028d bank, seed 42, eight ranks x
64 env, Gloo, 16 minibatches x one epoch, actor-only supervised BC, bounded
replay 512/96/0.5, PPO coefficient zero, target 40000, and save/fixed-set
interval 100.  Neither uses resume nor policy initialization.

The dual formal-fresh run started first on 10.99.1.154 under session
as_corrected_dual_ball29_ws8_b39f_r29_20260718_100627, ports 31221/31222,
W&B zihanw22/carry-any/8hdketa1.  Its active-state token is
d643d924d1b03548cb376e2897d46d04568790be483e04b2aa82b80d399cc67f and
control SHA256 af8f34006b2fd2b8eb1b72406c7fe880d87c624c9adc4e216afde04d17bbff75.
The exact actor is the ordered 95D, history-one tuple
root_contact_aware/pickup_button/drop_button/proprio_with_actions_no_linvel;
button mode is kinematic_lift and the adaptive contact selector is union-v2.
Initial independent evidence found pane DEAD=0, eight exact workers in the
b39f cwd, eight compute applications on eight unique GPU UUIDs, UECC=0, W&B
running, and monotonic progress through at least iteration 231.

The first single controller retry correctly refused a pre-existing empty log
identity and rolled back before starting a worker.  The next isolated attempt
exposed a real target-node asset-closure omission: 10.99.0.117 lacked the
external base ball29 URDF referenced by the otherwise immutable source map.
It exited before torchrun and the launcher released the exact session and both
rendezvous reservations.  The missing map and URDF were installed only on the
idle target from controller-authenticated bytes, with SHA256
8eb70e846d270e57a6f9ec271f5e77690802d368c29a9cfbaeb67ba085a8ede7 and
0a0cdd79553dee857f3e5ba1e2ae0ee58bca03d111b2b603121dc53f56f388ce;
the already-required mesh has SHA256
9734a65b4cd1127c96fad2b499832cbe5f5c7608200c593127c45db31b92d5b9.
A read-only exact CHECK_ONLY pass then proved 30 map entries and exactly one
selected ball29 motion with valid mesh geometry.

The corrected single run subsequently passed the complete eight-worker plus
ten-second transactional startup handshake on 10.99.0.117.  Its session is
as_corrected_single_ball29_ws8_b39f_r29_20260718_100627, ports 31211/31212,
W&B zihanw22/carry-any/f46s6237, active token
57ee41a87202919eb28f3a30af525229bced8bb142320ae3b7f2d2403f1ccf63, and
control SHA256 9581ad837d134a160db17f3040a68c98fe7e2ac23132a17e4503f89c43bffd19.
Its actor is root_contact_aware/drop_button/proprio_with_actions_no_linvel,
with actor/proprio/action history one and contact feature history five.
Independent startup evidence found pane DEAD=0, eight exact b39f workers,
eight unique compute GPU UUIDs, UECC=0, W&B running, and monotonic progress
through at least iteration 42.  Headless renderer/GPU-foundation diagnostics
occurred only during startup; all eight workers survived them and progressed.

Separate strict read-only ten-minute monitoring is active for both corrected
runs, while the original independent monitor continues guarding all three
r28b baselines.  No output artifact or code file was staged by these launches.

======================================================================
80. DEBUG REPLAY PRODUCER/ARTIFACT FAIL-CLOSED CONTRACT
======================================================================

The first exact replay attempt exposed a launcher false-success path.  The
video recorder intentionally catches an exception in its recording thread and
does not interrupt the main thread; when zero frames remain, its encoder also
returns without publishing a file.  Consequently replay.py can exit zero after
printing a traceback, while the previous debug_as_replay_record.sh trusted only
that exit status and incorrectly printed Completed.

The debug launcher now fingerprints the target directory before each producer
invocation and, after a zero exit status, requires exactly one newly created or
changed MP4.  That artifact must be a non-symlink, non-empty regular file and
ffprobe must decode a positive-size video stream containing at least one frame.
Producer failure, no artifact, a stale artifact, multiple changed artifacts,
or an invalid artifact therefore cannot be reported as successful.  This is a
launcher-only working-tree repair; it does not alter the frozen b39f source or
any live job.

A CPU-only launcher regression covers a nonzero producer, an exit-zero producer
with no MP4, an exit-zero producer with a corrupt MP4, and a valid two-frame
MP4.  Independent reruns passed bash syntax, the complete regression,
shellcheck, and targeted git diff checks.  The code and test remain unstaged;
the staged allowlist is still exactly agent.md plus this review log.

======================================================================
81. FIVE-RUN SUSTAINED HEALTH: R28B THREE-MOTION AND R29 CORRECTED
======================================================================

The next strict read-only r28b window covered 2026-07-18 10:54:44 UTC through
11:05:28--30 UTC.  Exact completed iterations advanced ball 4760->4996
(+236), bin 4888->5131 (+243), and barrel 4826->5067 (+241).  All three exact
panes were alive; each retained 8/8 original workers, eight compute apps on
eight distinct GPU UUIDs, and zero volatile uncorrected ECC errors.  Runtime
hard-error matches after progress, new Isaac Error tags, and kernel Xid/OOM/
hardware hits were all zero.  W&B independently reported ujovfciq, 06hwut8r,
and hbhgoyhb running at summary steps 4996/5133/5071.  Latest fixed-set MSE was
0.273467922684/0.281991154610/0.270406268597, each with 4096 samples, eight
rank strata, and guard exceedance zero.

The first corrected >=10-minute window ran from 10:53:04 through 11:05:11 UTC.
Single and dual advanced exactly 129->400 and 319->590, respectively +271 in
12m07s.  Both panes were alive and each retained 8/8 workers, ranks 0--7, eight
apps/eight GPU UUIDs, exact b39f cwd, and UECC zero.  W&B reported f46s6237 and
8hdketa1 running at summary steps 404/596; latest fixed MSE was 0.3408/0.3287
with guard exceedance zero.  Runtime traceback/non-finite/OOM/collective/
segfault hits and kernel hard hits were zero.  The 86 known generic Isaac
startup Error tags per run had not recurred after startup.  Both monitors
continued into their next windows without attaching to or mutating a job.

======================================================================
82. EXTERNAL-AS CLOSURE, MANDATORY GPU-IDLE GATES, AND FINAL REGRESSION
======================================================================

The corrected single-ball launch on 10.99.0.117 exposed a real formal-launch
gap: the selected immutable motion/map existed, but the external base URDF was
missing on the target.  Replay and W&B verification had already completed, and
the old preflight did not discover the missing dependency until the target
wrapper ran immediately before torchrun.  The transaction failed closed and
released its exact session and rendezvous reservations, but a formal launch
must reject this condition before any W&B/lifecycle mutation.  This was the
production reason for the external-AS closure work below; it was not merely a
test-hardening exercise.

`batch_ne.sh` now performs a complete external-AS barrier on every target from
the authenticated source snapshot.  The barrier binds the exact selected
motion NPZ, object map, URDF and recursively referenced mesh bytes, solid
selection/contact data, single-slot source/view, and source-derived rank plan.
All nodes must report identical path, digest, and world-size identities before
W&B replay verification, intent publication, port reservation, or tmux.  The
generated train control seals those values, and the real solid/perception
entrypoints revalidate them immediately before worker entry.  A manifest can
no longer authenticate a rank plan merely by describing itself: publication
and current verification both derive the expected plan from the immutable
source closure.

The selected-GPU idle check is now a mandatory two-boundary contract.  An
early, read-only `nvidia-smi` probe runs before heavy asset/runtime work for
`prepare`, `all`, and `launch`; it uses only the resolved stdlib Python and
cannot import torch, create lifecycle state, start tmux, or initialize W&B.
After optional node health/contact checks, `launch` repeats the same selected
GPU probe immediately before staging and worker creation.  Consequently
`SKIP_NODE_HEALTH_CHECK=1` skips only the optional health bundle and can never
skip either mandatory idle gate.  A busy or malformed selected GPU set fails
before consuming the requested cards.

Published source/view/rank namespaces are mode-sealed (`0444` regular files,
`0555` directories) and rechecked across publication, all-node barrier,
control execution, and wrapper entry.  The migration path correctly thaws an
older v3 mode-only tree only while exchanging its namespace, then reseals it.
Output roots and all relevant ancestors are checked lexically so a symlink or
non-directory cannot redirect validation or publication outside the intended
tree.  The replay producer was also made fail-closed: exit zero is accepted
only when exactly one new/changed non-symlink, non-empty MP4 is published and
ffprobe confirms a decodable positive-frame video stream.

The dynamic launcher fixture was repaired without changing production order.
Optional node-health failure and mandatory pre-launch-idle failure now use
separate injection points and independently prove exact rollback before tmux.
The repeated generic lifecycle cases use a temporary, content-closed one-clip
box28 external bank, reducing each closure-heavy case from about 127 seconds
to roughly 6--13 seconds.  The dedicated contract still exercises the real
r29 Rule-90 v2 motion/map/URDF/mesh closure and all three digests, so this
fixture optimization does not replace production-scale coverage.  A final
test-only failure was traced to an obsolete dry-run prefix assertion: the
mandatory probe uses `bounded-ssh`, not the older bare `ssh` label.  Independent
reproduction proved exactly one bounded early probe, zero transfers, and the
expected local SHA rejection; the assertion was corrected accordingly.

Final validation from the resulting working tree passed:

* complete launcher contracts: `[PASS] launcher contracts`, rc=0,
  2158.23 seconds;
* dedicated real external-AS contract: rc=0, 52.81 seconds, including busy-GPU
  early failure, complete closure success, and solid/contact/source/view/rank
  drift rejection before training;
* rank-plan unit tests: 68 passed;
* bash syntax for the affected launchers/contracts, Python compilation for
  `prepare_as_rank_shards.py`, and targeted `git diff --check`;
* no launcher-test process, runtime-transfer directory, suite temp directory,
  or `.external-as-contract-test-*` residue after cleanup.

The live jobs were never attached to, restarted, or mutated during this work.
The latest complete r28b window, 15:57:09 -> 16:08:17--19 UTC, advanced exact
iterations ball 11381->11625 (+244), bin 11633->11883 (+250), and barrel
11516->11763 (+247).  All original 24 workers, exact source/run identities,
eight apps/eight GPU UUIDs per run, and panes remained intact; UECC, post-
progress hard errors, new runtime Error tags, and kernel hard hits were zero.
W&B `ujovfciq`, `06hwut8r`, and `hbhgoyhb` remained running; fixed-set MSE was
0.279263/0.291621/0.250410 with 4096 samples, eight strata, and exceedance zero.

The corrected b39f single/dual jobs were likewise process-healthy through
16:09:17 UTC, advancing 6944->7203 (+259) and 7172->7433 (+261), with 8/8
workers/apps/UUIDs, UECC zero, W&B running, and no runtime/kernel hard errors.
The single fixed-set metric is a scientific soft warning rather than a crash:
it rose as high as 0.4335 and most recently measured 0.3773 versus reference
0.3253, while dual remained 0.2866 versus reference 0.3224.  The current intentionally
wide long-run guard does not react to this; monitoring continues, and dual is
the more stable corrected candidate so far.  No causal claim or early stop was
made from this observation.

Only `agent.md` and this log remain in the Git index allowlist.  All production
code and launcher/unit-test changes described above remain unstaged.

======================================================================
83. W&B SHORT-RUN STORAGE CLEANUP
======================================================================

At the user's explicit request, the `zihanw22/carry-any` cleanup boundary was
set to non-running runs with an authoritative runtime below three hours.  The
five active r28b/r29 runs and every run at or above three hours were excluded.
Because an earlier cleanup had used `delete_artifacts=False`, 22 bounded
canary/failed-run identities were first restored with W&B's exact-ID
`undeleteRuns` mutation.  Each restored record was independently checked for
`state != running` and `_runtime < 10800` seconds before deletion.  The sole
missing-runtime record, `e1fv368w`, was deleted only after W&B proved a
31-second created-at-to-heartbeat upper bound and zero history rows/files.

All 22 qualifying identities were then deleted with
`Run.delete(delete_artifacts=True)`: `e1fv368w`, `k67xz7z0`, `gwinraxq`,
`um7o81cn`, `lvv2vs0o`, `ze5mrmpu`, `ppr63r5g`, `9e298mw1`, `n6x5ucme`,
`ka10vj2k`, `0v0qntlk`, `ht0x9jn7`, `4gpqq98b`, `cbb3wnff`, `cdwlh649`,
`nfnvnumc`, `vp43rmai`, `d8lgzoss`, `4xheno9a`, `j3jangxj`, `ae540b96`, and
`jx8pwxcw`.  The 21 records with run files accounted for 10,546,444,702 bytes
(about 10.55 GB) and 238,294 bytes of directly associated artifact versions;
all delete calls succeeded.  A fresh API client proved all 22 run identities
absent and found zero remaining recent non-running runs below three hours.

W&B still exposes eight system-managed Parquet history-export collections for
already deleted short runs, totaling about 0.48 MB.  Both version deletion and
collection deletion were attempted and truthfully rejected by the backend as
`cannot delete system managed artifact`; even the supported
restore-then-`delete_artifacts=True` path does not remove these system-managed
exports synchronously.  They are disclosed as W&B Cloud garbage-collection
residue rather than misreported as deleted.  Final verification kept
`ujovfciq`, `06hwut8r`, `hbhgoyhb`, `f46s6237`, and `8hdketa1` in `running`
state and did not mutate their processes or files.

======================================================================
84. ACTIVE-RUN CHECKPOINT STORAGE PRUNING AND MONITOR STOP
======================================================================

At the user's explicit storage-cleanup request, monitoring was stopped before
this operation.  No training process, tmux session, local checkpoint, replay,
configuration, metric history, or run identity was attached to, restarted, or
modified.  A W&B file inventory showed that the five protected active runs had
accumulated 1,078 `model_<step>.{pt,onnx}` files at the configured 100-step
save interval, totaling about 94.67 GB.  This checkpoint backlog, rather than
the previously deleted short-run metadata, explained the roughly 100 GB
increase in reported project storage.

Only already-uploaded historical W&B model files were pruned.  For each run,
both PT and ONNX were retained at every 5,000-step scientific milestone and at
the latest committed step visible when cleanup began; every replay and all
non-model files were retained.  The exact retained steps were:

* `ujovfciq`: 5000, 10000, 12400;
* `06hwut8r`: 5000, 10000, 12700;
* `hbhgoyhb`: 5000, 10000, 12600;
* `f46s6237`: 5000, 8000;
* `8hdketa1`: 5000, 8200.

W&B confirmed successful deletion of 1,052 historical model files totaling
92,382,547,244 bytes (about 92.38 GB).  A fresh post-delete inventory proved
that no selected retained file was missing and no selected deletion remained:
26 model files totaling 2,283,220,103 bytes remained across the five runs.
The earlier bounded short-run cleanup and this active-run checkpoint pruning
therefore removed about 102.93 GB of direct run files in total.  W&B's storage
dashboard and object-store garbage collection can lag the API-visible file
deletions.  Per the user's final instruction, no recurring monitor or cleanup
task remains active after this record was written.

======================================================================
85. 1,000-STEP W&B CHECKPOINT RETENTION
======================================================================

The user subsequently set an exact 1,000-step retention policy for the six
API-confirmed runs above 10 GB.  Their current training configuration still
saves and uploads every 100 steps; this cleanup did not attach to, restart, or
modify any live process.  Only W&B files matching
`model_<step>.{pt,onnx}` with `step % 1000 != 0` were deleted.  Replay,
configuration, metric history, local checkpoints, and all other run files were
left untouched.

W&B confirmed deletion of 652 files totaling 57,790,000,638 bytes (about
57.79 GB): 9,308,142,172 from `ujovfciq`, 9,659,391,830 from `06hwut8r`,
9,308,151,977 from `hbhgoyhb`, 9,483,849,882 from `f46s6237`, 9,661,794,873
from `8hdketa1`, and 10,368,669,904 from the 39.64-hour crashed run
`bpnn852h`.  A fresh post-delete API inventory proved zero non-1,000-step
model files across all six.  Seventy-six retained PT/ONNX files totaled
7,785,008,967 bytes.  This is an immediate bounded cleanup, not a recurring
monitor: the five active processes retain their already-loaded 100-step upload
cadence and can accumulate new intermediate files until completion or another
explicit cleanup.

======================================================================
86. FORMAL AS CHECKPOINT GENERATION CONTRACT: EXACTLY 1,000 STEPS
======================================================================

The preceding retention-only interpretation was insufficient: the user
required the generation cadence itself to be recorded in `agent.md` and
enforced for formal training.  `agent.md` now states an explicit hard contract
that formal AS training generates/uploads periodic PT and ONNX checkpoints
only every 1,000 learning iterations and that the independent 100-step
fixed-BC evaluation cadence must never lower checkpoint cadence.

`batch_ne.sh` now defaults `SAVE_INTERVAL` to 1000 in both its documented and
executable configuration.  After canonical-integer validation, every
non-control action rejects any value other than exactly 1000 before source
snapshot construction, W&B initialization, SSH, or remote state changes.  The
launcher contract fixtures no longer treat 8, 73, or 500 as valid scientific
save intervals; they assert the 1000 default/propagation and explicitly prove
that 100 fails before snapshot or remote action.

Validation passed: bash syntax for the launcher and its contract suite,
targeted diff-check, a real dry-run payload using the resulting source
`src-e7e3c7edf9bf58a18cdbe5aad754a364bc33b417c6aeaf785a58c9c126a61927`
with `export SAVE_INTERVAL=1000`, and a direct `SAVE_INTERVAL=100` rejection
with no snapshot/SSH marker.  Existing live processes remain on their
already-loaded 100-step configuration because changing an in-memory cadence
requires restart; they were not attached to, signaled, or restarted.

======================================================================
87. STOPPED-RUN REPLAY/EVALUATION MEDIA REPAIR AND FINAL RETENTION
======================================================================

After the user explicitly stopped all five r28b/r29 jobs, their exact modern
lifecycle identities were closed on nodes 10.99.1.21, 10.99.1.60,
10.99.1.122, 10.99.0.117, and 10.99.1.154.  The first stop attempt used the
wrong remote run root and failed closed without mutation; the corrected
`/data/holosoma_runs` invocation closed only the five requested tmux/process
identities and released their rendezvous reservations.  No training job was
relaunched and no recurring monitor remains.

The missing W&B media had two distinct causes.  Each pre-launch replay MP4 had
been uploaded only through `run.summary`, deliberately avoiding history step
0; the file and summary value existed, but W&B had no `vis/replay` history key
from which to create a workspace Media panel.  No evaluation MP4 had ever been
generated or uploaded.  The evaluation helper also exposed two fail-closed
configuration defects for these checkpoints: disabling uniform-T1 sampling
without neutralizing its dependent density/target fields, and forcing
`NUM_ENVS=1` despite the checkpoints' authenticated camera-warp reference
batch size of 64.  Evaluation therefore preserved checkpoint identity,
neutralized the dependent sampler fields, used 64 environments, and did not
use an identity bypass.

One student-policy video was recorded from an existing retained 1,000-step
checkpoint for every original run: `ujovfciq/model_18000.pt`,
`06hwut8r/model_19000.pt`, `hbhgoyhb/model_18000.pt`,
`f46s6237/model_14000.pt`, and `8hdketa1/model_14000.pt`.  Each recording used
the run's exact immutable source, one-motion bank, object map, and clip.  Local
ffprobe validation proved all five MP4s are 640x360, 50 fps, 10.020 seconds,
and 501 frames.  Their SHA256 values are respectively
`c3d447a0487e732e0f71caf5b89e18a8adc5ae0b3e0b1d280d5db2c9fbaab196`,
`e90d9e55b1c0a140047aed90de98344b4c800de742604dbdd89b9e51bfa8e6b2`,
`e8e3b5750c225bd54d7b84be285c76ebbc9fff351a3a5dedc8b5ef0248ff8595`,
`87cc63581753a0d6c9789483c72bfab48c9cef382a3c4d11ee2b6c25d142ef5d`,
and `8b402a45fb8b3c7d67f71512915425ad2c7c6b634e5f137390024f8ae6457e34`.
After validation, the exact evaluation process groups 2950761, 3336789,
3314177, 1545390, and 1538806 were terminated; `pgrep -g` proved every group
empty.  The failed first single-policy recording attempt on the full-disk
10.99.0.117 node was not hidden or "fixed" by deleting unknown data; it was
rerun in isolation on a free GPU at 10.99.1.154.

Each original training run was then resumed only long enough to publish the
authenticated replay and evaluation as history media at steps
18648/19105/18880/14365/14598, with checkpoint step, frame count, duration,
SHA256, and explicit user-stop metadata.  The runs were finalized with
`lifecycle/user_stopped=1` and `lifecycle/training_target_reached=0`; this does
not claim that their 40,000-step training targets completed.  Fresh Public API
clients independently proved for all five runs: state `finished`, exactly one
joint media history row, both `vis/replay` and `vis/evaluation` in
`historyKeys`, valid nonempty summary-referenced remote files, and the expected
evaluation checkpoint step.

Only after that verification, the five now-unreferenced summary-only replay
copies were deleted (7,253,939 bytes).  Eighteen non-1,000-step PT checkpoints
that had accumulated between the preceding cleanup and the explicit stop were
also deleted (3,139,676,584 bytes): 18300--18600 for `ujovfciq`,
18800/18900/19100 for `06hwut8r`, 18500--18800 for `hbhgoyhb`,
14100--14300 for `f46s6237`, and 14300--14600 for `8hdketa1`.  The bounded
operation removed 23 files and 3,146,930,523 bytes total.  A final fresh API
audit proved zero matching non-1,000-step checkpoints and no old
`replay_summary` files while both history-backed media files remained valid in
every run.  Git staging remains restricted to `agent.md` and this log.

======================================================================
88. AUTHENTICATED TEACHER/STUDENT SINGLE-ROBOT EVALUATION PAIRS
======================================================================

The user accepted the existing `vis/replay` media and requested two explicit
evaluation results per stopped training run: one teacher policy and one student
policy, both rendered with exactly one robot.  The previous `vis/evaluation`
videos recorded env 0 from a 64-environment simulator and therefore did not
satisfy this presentation contract even though their checkpoint identity was
valid.

Two fail-closed issues were fixed rather than bypassed.  First,
`viser_physics_rollout.py` did not call
`_bind_training_perception_reference_batch` after the final single-environment
count was known.  A valid student checkpoint consequently failed policy-init
identity with checkpoint camera-warp reference batch 64 versus runtime 1.  The
entrypoint now preserves the authenticated training reference batch while the
simulator itself remains `NUM_ENVS=1`; no raw perception CLI override or
identity-disable flag is used.  Second, teacher selection occurs only after the
student checkpoint and finalized provenance are loaded, but PPO had already
filtered active observation groups for student-only evaluation.  The first
authenticated teacher attempt therefore failed with `KeyError: actor_obs`.
Teacher evaluation now explicitly keeps its late-bound observation and
perception groups active and recomputes the active group set before the first
environment reset.

Teacher evaluation deliberately does not load the old teacher file as the
primary modern policy checkpoint: that file predates the authenticated
`motion_transition_contract`.  Both modes enter through the exact retained
student checkpoint.  `HOLOSOMA_EVAL_POLICY=student` uses its actor;
`HOLOSOMA_EVAL_POLICY=teacher` resolves `policy_to_clone` from the saved source
distill config, verifies it against the loaded checkpoint's finalized
`teacher_sha256`, loads the exact teacher observation contract, and uses
deterministic teacher actions.  All five prove the same teacher SHA256
`1c441a7eea24fb28d67cc4b5edeb123b91d589ec095d383034f32210a87b6c5b`.
The focused regression is 4 passed / 70 deselected; Python compilation and
targeted `git diff --check` also passed.  The evaluation overlay SHA256 values
are PPO `d11b9c2a4b3f332d6480ce9235bf914eed81f07d0b078d74e2c518d0cecc4999`
and rollout entrypoint
`b384836e82aec795bcb33c7bbb7fdd958987e68b85a8815b0d874662c4cf0071`.

The exact evaluated student checkpoints were:

* `ujovfciq/model_18000.pt` SHA256
  `f0f5a2c3a813d9123231c4868d41d766f369e02f039b64ba70753841e705b025`;
* `06hwut8r/model_19000.pt` SHA256
  `be54f7c19f9cb8421f3447174b459e18b47e06d53c67b21622e540fcd2709b34`;
* `hbhgoyhb/model_18000.pt` SHA256
  `f4becc81d2b7aa286c7f7fab1aa3255c5aac55681aa24aff663aa2c6afcda37d`;
* `f46s6237/model_14000.pt` SHA256
  `7a3e45a22d655eb63799446b91c3685b2a6e67828686a2d7052ec9cbf2bfcce2`;
* `8hdketa1/model_14000.pt` SHA256
  `162e3aabad4cf4d478fbb75528e40f8240728155e23d15a70f650723e675c484`.

Student/teacher video SHA256 pairs, in the same order, are:

* `96c0aa44b388bf380d306661d31dffcd58c5feab249b1b0e499a3ef5fe0c6c44` /
  `34b99c4f4f8dc11963b9166213a3fb282290330990743ae7eee2a93cbc27c7a1`;
* `4b21ab7354e6db55da6000828437eb664f66b20cb42e7fb0e9839243f57b55c0` /
  `b8432d4ab72c6639ad46533d970daf42b8296f980cd9c88473ff2116f640492d`;
* `c0a16c6a95b0f3d0e1e65689f31cd750e5017f8013165bfa8aedd9d3b13226cb` /
  `58bfdb34f82335cc02c5ce091cf012ded8f4eda7a7b3324f2100ad9b06bd9234`;
* `c0056fef41bd2276c8db98fe353bb4912be03b93d19a73f4ccc388ab7b52f8c0` /
  `84d54b214b47d379bdd85dc4027bc8e5d37f1c741b015e5eb02f27b705cb0822`;
* `853d72f3cfe22ce68ae39809203576b792becbe17b361409703a712a79a4614e` /
  `b495cf6615e77df6f4269334649cd673f6209289ab361221ff13a24dd753d41d`.

All ten files independently passed ffprobe as 640x360, 50 fps, 501 frames,
and 10.020 seconds.  Representative frames from every pair were visually
inspected and contain exactly one robot.  The images also honestly show the
policies' behavior: several teachers and later students fall during this
trajectory; no frame was replaced by kinematic replay or selected to conceal
failure.  An initial launch on nodes without persisted Omniverse acceptance
failed before simulator/GPU allocation because only `ACCEPT_EULA=Y` was set;
the corrected launches also set the actual Isaac Kit variable
`OMNI_KIT_ACCEPT_EULA=YES`.  Those pre-simulator failures produced no media and
were not published.

Each original W&B run was resumed only for one new joint history row containing
both `vis/evaluation_student` and `vis/evaluation_teacher`.  Their exact W&B
steps are `18649/19106/18881/14366/14599` for
`ujovfciq/06hwut8r/hbhgoyhb/f46s6237/8hdketa1`.  A completely fresh Public API
audit proved, for every run: state `finished`; exactly one paired row; history
type count one for each new key; summary SHA256 and remote file size equal to
the validated local bytes; checkpoint step correct; `evaluation/num_envs=1`;
`evaluation/robot_count=1`; and lifecycle remains user-stopped with target not
reached.  Existing `vis/replay` paths, SHA256 values, and remote sizes were
unchanged.  The old 64-environment `vis/evaluation` files remain available for
audit with an explicit deprecated marker; the two new keys are recorded as the
primary evaluation outputs.  No new W&B run was created, no training was
relaunched, all exact evaluation process groups were terminated after video
finalization, and the participating nodes ended with zero evaluation GPU apps.

## 2026-07-18 — correction: motion-generator teacher identity and source-faithful evaluation

The preceding evaluation section used the exact teacher recorded by each
student checkpoint's *distillation provenance*, but incorrectly described it
as the teacher that generated the input motion.  Those roles are not the same
for this dataset.  All eight original teacher-rollout shard summaries identify
the motion generator as
`wandb://zihanw22/carry-any/u8udzw0u/model_05000.pt`; the recovered checkpoint
is 7,056,575 bytes with SHA256
`80cb13e13590239d015ba0a29bdbae901b7785a9789d144745c7bd330059cd68`
and embeds `wandb_run_path=zihanw22/carry-any/u8udzw0u`, iteration 5000.  The
student runs instead recorded label teacher
`wandb://zihanw22/carry-any/bcleb5oi/model_67000.pt`, SHA256
`1c441a7eea24fb28d67cc4b5edeb123b91d589ec095d383034f32210a87b6c5b`.
Consequently the existing ambiguous `vis/evaluation_teacher` media evaluates
the label teacher and is not valid evidence about whether the generator can
reproduce its own motion; it must be treated as deprecated/misnamed.

The generator checkpoint identity was independently authenticated against the
saved rollout reference for `unscale__any_bin_29`.  Reconstructing actor input
from `teacher_rollout_reference.npz` and running the recovered u8 checkpoint
reproduced the first 318 executed action rows with maximum absolute error below
`3.82e-6`.  The final saved state row has a zero action because the terminal
state was captured after the last executed action; it is a state-valid but not
action-valid row, not evidence of a policy mismatch.  The original clip
metadata reports success, 328 steps, and final object error approximately
0.0402 m.

Two isolated one-GPU, one-robot evaluations then used the exact u8 generator,
the selected bin29 motion, source-faithful reset semantics, and no training
randomization/noise.  On the original real-mesh asset the teacher crouched,
grasped, carried, and placed the object successfully.  The 640x360, 50 fps,
501-frame, 10.020-second MP4 is
`/data/holosoma_eval_media_v6/u8udzw0u_bin29_realmesh_norand_v2/episode_3_1784418995.mp4`,
SHA256
`1fefdd0fd3a9c7be3abb977aaf581e0db0fd4c10afd8e3c5551325352c9afd1f`.
On the current solid/convex bin asset it again completed the main pickup,
carry, and placement; only the extra hold after the commanded motion ended
showed late forward instability.  That MP4 has the same stream geometry at
`/data/holosoma_eval_media_v6/u8udzw0u_bin29_solid_norand/episode_3_1784419274.mp4`,
SHA256
`4e814324f25785381f6ab6305cb3a3b5b1a34266576177fac5c63ed47d674148`.
Thus the motion is valid and the solid conversion is not the cause of the
reported teacher failure.  The primary defect was checkpoint-role mismatch;
the secondary defect was that the old direct eval inherited training domain
randomization because `get_eval_config()` does not disable it.

The old u8 checkpoint predates the modern `motion_transition_contract`.
`ppo.py` now allows it only in evaluation mode when all of the following hold:
`HOLOSOMA_EVAL_ALLOW_AUTHENTICATED_LEGACY_MOTION_CONTRACT=1`, an exact valid
`HOLOSOMA_EXPECTED_EVALUATION_CHECKPOINT_SHA256` is pinned, runtime experiment
configuration is attached so actor/observation semantic identity validation
runs, and neither modern transition field is partially present.  Training,
resume, warm-start, malformed payload, and unpinned legacy loads remain
rejected.  `viser_physics_rollout.py` also closes the simulator from an outer
`finally` path when evaluation setup or policy construction fails.  The
focused legacy-loader tests passed 6 tests with 409 deselected; evaluation
setup/DEFM tests passed 13 tests; Python compilation and targeted diff checks
passed.

Future motion publications now carry the generator checkpoint ref, saved W&B
path, and actual SHA in authenticated `teacher_lineage`.  New
`scripts/motion_generator_teacher.py` validates the canonical lineage and its
publication-payload digest.  `prepare_immutable_solid_bank.py` version 5 seals
the canonical generator identity plus source rollout-manifest file record into
`source_identity/source_digest`; `prepare_immutable_single_slot_bank.py`
version 5 carries them into its manifest and view digest and rechecks them
before atomic publication.  Legacy banks with no lineage are deliberately
represented as unbound rather than guessed.

`batch_ne.sh` now makes that lineage an 11th field of the all-node external-AS
closure, seals it in the immutable train control and training semantic
environment, always hashes the resolved label-teacher file, and compares the
two roles before worker entry.  The default is
`REQUIRE_MOTION_GENERATOR_TEACHER_MATCH=1`.  A legacy bank must supply exact
`MOTION_GENERATOR_TEACHER_EXPECTED_SHA256`; a missing, malformed, partially
authenticated, cross-node-inconsistent, or mismatched identity fails before
W&B verification, launch intent, ports, tmux, torchrun, or simulator startup.
An intentionally different label teacher requires the explicit
`REQUIRE_MOTION_GENERATOR_TEACHER_MATCH=0` scientific setting, while still
recording both SHA values.  The combined lineage, immutable-bank, and training
provenance suite passed 172 tests; the real external-AS closure contract and a
dedicated launch-order contract also passed.  No training job was changed or relaunched during these diagnostics;
only the exact completed evaluation processes were terminated after ffprobe
validated their finalized MP4s.

Because the original W&B run is now deleted, the byte-authenticated recovered
u8 generator checkpoint was also copied (without Git staging) to the durable
controller cache
`/home/ubuntu/.cache/holosoma/checkpoints/motion_generators/80cb13e13590239d015ba0a29bdbae901b7785a9789d144745c7bd330059cd68/model_05000.pt`.
The cached file is mode 0400, 7,056,575 bytes, and was rehashed after the copy
to the same `80cb13e...cd68` digest.  A source-faithful legacy-bank launch must
set both `TEACHER_CHECKPOINT` to this exact local file and
`MOTION_GENERATOR_TEACHER_EXPECTED_SHA256` to its full digest; the launcher
stages and re-verifies the local checkpoint per node.

The affected bin29 training run was corrected in place without creating a new
W&B run.  Finished run `zihanw22/carry-any/06hwut8r` now has one history-backed
`vis/evaluation_motion_generator_teacher` row at step 19107 containing the
source-realmesh, randomization-disabled u8 video above.  A fresh Public API
read verified remote size 2,293,092 bytes, SHA256
`1fefdd0fd3a9c7be3abb977aaf581e0db0fd4c10afd8e3c5551325352c9afd1f`,
the exact generator SHA `80cb13e...cd68`, and run state still `finished`.
Summary now sets that new key as `evaluation/primary_teacher_key`, marks the
old ambiguous `vis/evaluation_teacher` deprecated, and records its actual role
as `distill_label_teacher` with SHA `1c441a7e...c5b`.  Existing student/replay
media and training files were not modified; the correction added only this
single 2.29 MB video.

The other four finished runs (`ujovfciq/hbhgoyhb/f46s6237/8hdketa1`) received
summary-only, zero-media corrections: the legacy teacher key is deprecated and
labeled `distill_label_teacher`, its exact bcle SHA is retained, and the
motion-generator result is explicitly `missing_source_faithful_evaluation`
rather than falsely pointing at the label policy.  Fresh API reads verified all
five states remain `finished`; no additional media, history rows, runs, or
checkpoint storage were created for those four runs.

The runtime selector was also made role-explicit.  The ambiguous
`HOLOSOMA_EVAL_POLICY=teacher` value now fails with instructions instead of
silently resolving the student provenance label policy.  `checkpoint_actor`
(with backward-compatible `student` alias) evaluates the exact checkpoint
given to the entrypoint and is therefore the correct mode for a separately
authenticated motion generator; `distill_label_teacher` is the only mode that
loads the DAgger label policy from student provenance.  Internal observation,
action, reset, and logging branches use that canonical role name.
The four focused role-selection/action-path tests and five authenticated legacy
evaluation-load tests pass.  Generator SHA and match mode are stored as an
optional paired provenance-v2 extension: new AS checkpoints retain both, while
older v2 checkpoints lacking both fields remain readable for evaluation; a
partial pair or a required-match SHA mismatch is rejected.

## 2026-07-19 — r30 same-generator-teacher single-motion relaunch

The three requested formal jobs were relaunched with the exact policy that
generated the input motions also serving as the distillation-label teacher.
The pinned checkpoint is
`wandb://zihanw22/carry-any/u8udzw0u/model_05000.pt`, restored read-only at
`/home/ubuntu/.cache/holosoma/checkpoints/motion_generators/80cb13e13590239d015ba0a29bdbae901b7785a9789d144745c7bd330059cd68/model_05000.pt`,
SHA256
`80cb13e13590239d015ba0a29bdbae901b7785a9789d144745c7bd330059cd68`.
`REQUIRE_MOTION_GENERATOR_TEACHER_MATCH=1` was enforced; the mismatched bcle
checkpoint was not used.

The immutable training snapshot is
`src-46291ccac7340a0bdd8e6c8d5fefd47a7e00fad507f1f0d642dfb1189726af3e`
with archive SHA256
`e337a2595ff23bdfaa5a037c4174a5b8b76219c26713924b29dd637b9803415e`.
All jobs are fresh seed-42 runs with one motion, 8 ranks x 64 environments,
Gloo, one epoch, 16 minibatches, the explicit minibatch-throughput canary,
actor-only supervised BC, rank-local bounded replay (capacity 512, batch 96,
fraction 0.5, seed 42), PPO coefficient exactly zero, fixed actor LR 1e-3,
fixed-BC evaluation every 100 iterations, and a 40,000-iteration target. No
resume or policy initialization was allowed. Periodic PT and ONNX checkpoint
creation/upload is fixed at exactly 1,000 iterations, independently of the
100-iteration fixed-BC cadence.

The exact launched identities are:

* ball `unscale__any_ball_29`: node `10.99.1.21`, session
  `as_same_teacher_ball29_ws8_r30_20260719_012337`, ports `31411/31412`, W&B
  `zihanw22/carry-any/q9qn6xb9`, lifecycle token
  `3f0f9607fb8bbcf00492ef2b14d5bc37fa1ef6301d76b8456ca8bdcc903809c2`,
  command SHA256
  `7add0477b2f9f73fce48b08a59116ad801298f6b4d2aa60c413150b9c928573e`;
* bin `unscale__any_bin_29`: node `10.99.1.60`, session
  `as_same_teacher_bin29_ws8_r30_20260719_012337`, ports `31421/31422`, W&B
  `zihanw22/carry-any/b72gh1wx`, lifecycle token
  `ac971a6fd23fbc18e1800114601eb1248df86bd2ab3da6c6b3b7eea8495294a0`,
  command SHA256
  `0b3797bcce8d28420305340c57c124178d716e58c804e5b871cb3523d191c14d`;
* barrel `scaledown__any_barrel_25`: node `10.99.1.122`, session
  `as_same_teacher_barrel25_ws8_r30_20260719_012337`, ports `31431/31432`, W&B
  `zihanw22/carry-any/5utvhw89`, lifecycle token
  `b3e0afc415c55b973c2c789067aa268d0e432fd18302718594f16b0fcc12027d`,
  command SHA256
  `5debc9a933fafee228f08ea771e89c7cbaf6ad07a716f1819c075ebd7516c328`.

Each final one-motion bank passed the independent external-AS closure. The
solid/source/view/rank digests were, respectively: ball
`7e46823ba0cf87a3d2b9bba20c717d589854a96dd0214dc0fa5fb71e8825ee7e` /
`8c6b2764c578a8900ef25e8cda18a5138d29494944ea70c256b00071ce28520b` /
`fa4df7d3163ba36db2634099afb2c11d4b70465c894be6b1f47e997376da4148` /
`ee780e2276467d928356c3c0649d0866d7f48c1bb5dd2d1e2264c04f7df07b10`;
bin
`3a47e17abfc6efb0609bd2ceae72c2439a7ef0bf2ddb70066a80f2e9e728f662` /
`1cf79ef79126337dabc1f6250007954c539fc09f82acdf7cdea5087e8c227d5c` /
`19a086fa493933ddd7faf75a5b1e5a3833db3ef64c9e356d434b0d6ae1fc553f` /
`3ba8955a459c8977d4d0ba58fe88a5be6a69a5a1e88bfd3f177fceffef8280d8`;
barrel
`79ac8251e8e1f76b117348d993dcebef31630784a7e645fe321746e801e7bc2f` /
`9393f62e45b370301f4c9753aec8df4d087e1cefdf9e291244df23f853ed3803` /
`c15a17642a04cffd7a4c61683256358c363d27473cf6c22146743f86b4689eba` /
`7df37692b02db1eb0f30c55b50007072dcdde70ffed3be2cf18f5614fb1635d5`.

Before GPU allocation, one new Rule-90 video per final job was recorded,
ffprobe-validated, visually sampled, uploaded to the corresponding sole
pre-launch `vis/replay`, and re-read through the W&B API. All are single-robot
H264 1280x720, 50 fps, 419 frames, and 8.38 seconds, with continuous intended
pickup/carry motion and no default-pose substitution. Ball/bin/barrel MP4
SHA256 values are
`02795f502af34cd77d1e643bb407e735a021478cceae1b6f69b6c6949baf667c`,
`14d42b7b9e3c995a41ecabfd656b62dad3a82c129565190a92f006f1536caca1`,
and `5cbf07b380bf6e1a15384382bfd990c18936d8941ac267b0528628238aa22b42`.
Their replay-manifest SHA256 values are
`f0e764a59490003b8035bc6a8225ca11aeb9675b8fe82306f33e1db6dab031a1`,
`4b089dc54f3d75823cd6f993c3188cca54a3bfa67b0be2c023d02cb260f2747e`,
and `9da9581838baca033074b42dbd2b5ad973e22780bbf35ab4036a0974cc05c72b`.

Two fail-closed preflight outcomes preceded the successful worker start. The
first invocation found that the new snapshot was not installed on the three
nodes and stopped before W&B, lifecycle, or GPU allocation. A snapshot-only
`batch_ne.sh prepare` with `PREPARE_DATA=0` installed and byte-verified it; no
training process was created. The next invocation passed the authoritative
external-AS exact-one-motion closure but the optional generic node-health pass
still compared the raw 30-motion source bank against an expected count of one.
The launcher rolled back the exact lifecycle identity, processes, and ports
before any worker started. The final retry set `SKIP_NODE_HEALTH_CHECK=1`
only for that redundant optional check. Both mandatory selected-GPU idle
checks, snapshot/runtime barrier, exact external-asset closure, generator/label
teacher equality, W&B replay verification, distributed provenance, 8/8 final
worker, and 10-second stability checks remained enabled and passed.

At 2026-07-19 01:40 UTC, read-only acceptance found all three exact tmux
sessions alive. Ball/bin/barrel had reached completed iteration 38/46/40 with
iteration times 3.11/3.09/3.21 seconds; each node had exactly eight compute
PIDs on eight unique GPUs. Fresh W&B API reads returned `running` for all
three, summary steps 39/46/40, and a present `vis/replay` key. A separate read
of each actual run config confirmed `algo.config.save_interval=1000`,
`fixed_bc_eval_log_interval=100`, one learning epoch, and 16 minibatches. This
was a bounded initial-health verification only; no periodic monitor was
created.

## 2026-07-19 04:31--05:03 UTC — r30 step-3000 paired evaluation delivery

Scope and isolation
-------------------

The requested evaluation was produced from the three already-running r30
training identities without attaching to, restarting, or changing any
training process:

* ball: `q9qn6xb9`, `unscale__any_ball_29`;
* bin: `b72gh1wx`, `unscale__any_bin_29`;
* barrel: `5utvhw89`, `scaledown__any_barrel_25`.

Each exact `model_03000.pt` existed before evaluation and decoded to completed
iteration 2999 / next iteration 3000. Their byte SHA256 values were,
respectively,
`68a040e3c1a445fef207b961a428325da4cf79f7f04adc18d0400d9756b153a2`,
`ea05f677ebcc36f63bd56d04c1fba727a2b4dbe425bcebb9e031977104cbb282`,
and
`b4b880af5b40da8418c460a54513274797b42c67a24db1902668f18336941f67`.
The evaluation node was the otherwise idle `10.99.1.154`; all exact eval
sessions/processes were removed after finalized media validation and the node
ended with zero evaluation GPU applications.

Fail-closed corrections before publication
------------------------------------------

No media from a rejected attempt was uploaded.

1. Direct execution inside the read-only immutable source exposed Isaac URDF
   conversion-cache writes. Separate per-policy writable runtime clones were
   made from source
   `src-46291ccac7340a0bdd8e6c8d5fefd47a7e00fad507f1f0d642dfb1189726af3e`;
   every clone passed all 1008 source-manifest hashes before use and again
   after evaluation.
2. The first term-by-term randomization disable was rejected because several
   startup terms do not define a generic `enabled` parameter. The accepted
   run used the canonical non-null empty manager `randomization:disabled`.
   Every final log reports `Event Manager contains 0 active terms`.
3. An attempted explicit
   `--perception.camera_apply_sensor_noise False` was correctly rejected by
   the checkpoint perception-identity guard before simulator construction.
   The final run preserved the saved perception config while the empty event
   manager supplied no camera-noise state. Runtime logs prove
   `reset_pose_randomization=False`, std-mult=none, drop-prob=none; the
   depth-noise application path therefore returned the clamped input unchanged.
4. Six-way simultaneous Isaac URDF conversion succeeded for ball/bin but
   collided for the two barrel converters. Those failed eval-only processes
   ended before video recording. Barrel student and teacher were rerun
   sequentially from fresh, separately verified source clones.
5. Raw recordings were 501 frames / 10.02 seconds, but each authenticated
   motion NPZ contains only 319 frames at 50 Hz. Frames after 318 are a
   post-motion hold and were excluded from the main tracking evaluation.
   Renderer inspection also found four warm-up frames before a clean image.
   Final delivery uses decoded frames 4 through 318 inclusive: 315 frames,
   6.30 seconds. This prevents post-motion instability or renderer warm-up
   artifacts from being misreported as motion-tracking behavior.

Policy, data, and environment identity
-------------------------------------

All six final simulations used `NUM_ENVS=1`, one robot,
`start_at_timestep_zero_prob=1`, freeze probability 0, initial-pose noise 0,
adaptive/uniform window sampling off, and automatic/motion-end/clip-end resets
off. Student role was `checkpoint_actor`. Teacher role was the authenticated
`distill_label_teacher`; the student provenance proves it is also the exact
motion-generator checkpoint:
`80cb13e13590239d015ba0a29bdbae901b7785a9789d144745c7bd330059cd68`.
Both durable teacher copies rehashed to that value immediately after the runs.

Motion NPZ SHA256 values were ball
`87644e984e4af1e7b75f3e3f83d822a0ee18e2b7604968d38f16d5b80cae46bb`,
bin
`9c981f20edb97a9d598fee7beb15c42278ad4bb0bc1725812540fd243f35adb4`,
and barrel
`382e0aaffc8a6e4dd4c1906eaed50c5ed3e244bdd3e769e5581f374e60f06126`.
The corresponding canonical single-slot URDF hashes were
`2e9d3d7c47f5915415e2aefa0b76b7294a829bfb5bb74dc637466a40dc38d556`,
`c2009cb217f8157bfd581bceffe1ad422d98722b425af8341057674118e1c385`,
and
`0a69875d5a2d4ed19a62040a1ee326e81f68b49c934f4ed659d21b23828843e3`.
Object-mesh hashes were
`9734a65b4cd1127c96fad2b499832cbe5f5c7608200c593127c45db31b92d5b9`,
`daae95872696e55484f37a166978fca182303ce1bb73b26d851b0d085784890d`,
and
`24d046ad6047fa8f33c63138c9be35975d5a0e078bc6df321b2068442d64f4c5`.

Final media and W&B verification
--------------------------------

All delivered files are H.264, 640x360, 50 fps, 315 frames, and 6.30 seconds.
Six-timepoint contact sheets were inspected for every file and showed exactly
one robot with the correct ball/bin/barrel object.

* `q9qn6xb9`, history step 3748:
  `vis/evaluation_student` = 818,463 bytes,
  SHA256 `6b034fd48251d7991ab2e4740ddc5b53ff275b66f3faf0f8fced8e543da73828`;
  `vis/evaluation_motion_generator_teacher` = 807,891 bytes,
  SHA256 `fd0f9edf5bb9d9b2446c972a1f82b5a59b07360f6fcca2ea657a0a4dd7e3d58d`.
* `b72gh1wx`, history step 3818:
  student = 540,121 bytes,
  SHA256 `ca484913d02618916dcd713d62df93c2786f51546e1def78c3d460b789a5b882`;
  motion-generator teacher = 772,234 bytes,
  SHA256 `a7ba356d7c5f604156565c7695ae8bd64da7864dd5f689a152e441352c7bf8a9`.
* `5utvhw89`, history step 3784:
  student = 760,462 bytes,
  SHA256 `f89f9aaaa21f1bd88a20b7c655a1eb341ee74562dd79ae21007d8ca872dbbf29`;
  motion-generator teacher = 797,726 bytes,
  SHA256 `695baeacc554e4e43ec795aaea5d53fddbce0d4028cc8a971cea464e372cd7a8`.

Each pair was sent in one `run.log` payload by a W&B shared secondary writer
configured with `x_primary=False` and `x_update_finish_state=False`; no eval
run was created and secondary finish could not close the primary run. A fresh
API instance found exactly one row per run containing both media keys and
`evaluation/checkpoint_step=3000`, `num_envs=1`, `robot_count=1`, zero
active randomization terms, the exact teacher/data/asset hashes, and the final
video frame contract. The API then streamed all six remote W&B files and
recomputed the full SHA256 and byte size above. At that final read, all three
training runs remained `running` and had independently advanced to summary
steps 3793 / 3836 / 3802.

## 2026-07-19 05:15--07:19 UTC — rollout30 64-GPU privileged-teacher audit, fixes, replay, and formal launch

Requested outcome and training identity
---------------------------------------

The requested artifact is a new privileged PPO teacher trained on the roughly
30 motion-object trajectories generated by the earlier u8 teacher rollout. It
is not a student/distillation run and it does not resume the old critic,
optimizer, RNG, or iteration counter. The exact old actor is used only as a
warm start:

* source W&B lineage: `zihanw22/carry-any/u8udzw0u/model_05000.pt`;
* checkpoint file SHA256:
  `80cb13e13590239d015ba0a29bdbae901b7785a9789d144745c7bd330059cd68`;
* startup log explicitly reports actor parameter loading, iteration=5000,
  critic, optimizers, critic normalizers, and env state ignored, actor
  normalizers not restored, and training starting from iteration 0;
* final W&B provenance reports `training_regime=pure_rl`,
  `teacher_enabled=false`, `policy_init_enabled=true`, and the exact policy
  init digest. Here `teacher_enabled=false` correctly means there is no
  separate distillation-label teacher inside this pure-PPO run.

Data/object/contact closure
---------------------------

The raw source root is
`data/ds_as_data/prism_debug30_convexhull_allmesh_solid_box_bin_barrel_ball`
and contains exactly 30 clips. The immutable single-slot view is rooted at
`_scientific_teacher64_single_slot/by-source/77738917deb60e578dc695841b3a07b10ad4f50371d3c0500474f41c78f71f90`;
its source/view digests are
`3db7dfedfe10ff798c192a51a682bad0a036a511ecd221a74eba638e29dcb11a` /
`77738917deb60e578dc695841b3a07b10ad4f50371d3c0500474f41c78f71f90`
and its raw manifest SHA256 is
`fa243691f3cf81f3d5f98a23708df94005e4b560944aec5d53574bf9e07bba34`.

The 64 rank shards are under `_scientific_teacher64_rank_shards`; their source
digest/raw manifest SHA256 are
`87ac0a2f07830203d461aa9c9eaa32fbd28c03662fef09067214b29524e1adba` /
`475dff39cbe73580467ff9a3eb042a4c475bcc11db6d42fe784a41fadd8ab90a`.
Because only 30 unique clips exist, clips are duplicated only as necessary to
cover 64 ranks. Per-shard inverse-cover weights recover the exact uniform
30-clip objective; the semantic shard provenance digest is
`8bb025b05d6028f3d85c133b8e10ba19ddb54e80b77e8f54ff1f123fed6d5175`,
and every observed training iteration reports a distributed weight sum of
64.0000002543.

All 30/30 clips passed exact contact-interval and target coverage against
`debug39_realmesh_rollout_u8udzw0u_model05000_retake4gpu_20260706_0205_target/contact_export_from_teacher_realmesh_rollout`.
The contact manifest digest is
`d661adf18c7359b82c4eb633b484fb3dafc03ea552c3751793c70de9278a7c07`;
the transition digest is
`ab8439024b6e619f59638fc967734433ab08cec607698433c2641b75b7163442`.

Correctness fixes made before launch
------------------------------------

1. `train_object_generalist_ds.sh` validated contact sidecars using runtime
   default-pose prepend compensation but did not pass that semantic into the
   live `MotionCommand` CLI or pure-RL provenance. The launcher now parses the
   boolean strictly, rejects a conflicting raw CLI override, requires the
   offline-contact/default-prepend combination to agree, records it in
   provenance, and passes
   `contact-interval-runtime-prepend-compensation=True` to the live command.
   `scripts/compute_training_provenance.py`,
   `src/holosoma/holosoma/utils/training_provenance.py`, and tests were updated
   consistently. Shell syntax, Python compilation, and the relevant 142-test
   combination passed.
2. During the first formal distributed preflight, the launcher failed closed
   because `HOLOSOMA_MOTION_SHARD_MANIFEST` was revalidated by each worker but
   was omitted from controller-side `compute_training_provenance.py`. The
   launcher now derives the exact manifest from
   `HOLOSOMA_RANK_LOCAL_MOTION_ROOT` when needed, requires it to exist,
   canonicalizes/exports it, and passes `--motion-shard-manifest`. The new
   regression `test_generalist_rank_shard_manifest_matches_worker_revalidation`
   and the complete targeted launcher file (8 tests) passed. A dry run then
   proved controller and worker both selected
   `8bb025b05d6028f3d85c133b8e10ba19ddb54e80b77e8f54ff1f123fed6d5175`.
3. The node wrapper's UECC query used an unsupported short field alias on the
   installed NVIDIA driver. It was corrected before formal workers to use
   `ecc.errors.uncorrected.volatile.total`; all 64 twice-sampled selected-GPU
   gates subsequently reported zero memory, utilization, applications, and
   uncorrectable ECC.

The final immutable source is
`src-fa0be8d228aefac39e3f1fbd062c55997d9e3e886c3e88b76ef780ef7f312746`;
its source-manifest digest is the snapshot suffix and the archive SHA256 is
`4dd42c39329799d892c4c8892b765e26adf577cdb821c6bbc9b60bc963d3a1cf`.
All eight nodes installed it and passed `sha256sum -c`. Runtime-overlay and
pinned-NCCL digests are
`2dcddba9d88fd6b5a3fe701e2b74c59eae988071e52d8bdb44a2474bc16b9e1f`
and
`e4a7aee9c3eecf53fac780441d2f03b578ab8db8874b71f8e391bcec7adb2899`.

Rule-90 replay and W&B storage closure
--------------------------------------

After the final source fix, the first global multi-clip entry
`scaledown__any_ball_24` was recorded again from that exact snapshot. The
accepted video is
`outputs/formal_priv_teacher_rollout30_ws64_20260719_0635/replay_v2/videos/0000_scaledown_any_ball_24/episode_0_1784444944.mp4`:
H.264, 1280x720, 50 fps, 419 frames, 8.38 seconds, 1,442,200 bytes, SHA256
`0a8bd73f5a20852654eef8dcebbfdbe0e0c94495d5b813ea9afc9aee6f595ac2`.
The final global-multi-clip semantics correctly avoid the legacy in-place
two-second default-pose transition. Contact-sheet review confirmed one robot,
the expected ball, and continuous approach, grasp, carry, and return with no
default-pose substitution, object mismatch, or multi-robot occlusion.

The replay manifest is
`outputs/formal_priv_teacher_rollout30_ws64_20260719_0635/replay/replay_preflight_manifest.json`,
SHA256
`b4a19dd04dbe3218fc142d3281d5d6b596b2f6add5df893a68a78576fd22f49a`.
It was prebound to the exact fresh training identity and independently re-read
after training began. The remote summary contains exactly one video at
`vis/replay`; its remote SHA256 and size match the reviewed MP4. An earlier
prebind-only run `71qcdequ` had state=finished, history step=-1, empty history,
and only the older replay. It and its artifacts were deleted after verification
so that the rejected identity would not consume duplicate W&B media storage.

Formal topology and configuration
---------------------------------

The accepted run is:

* W&B: `zihanw22/carry-any/toxsjobi`;
* name: `priv_teacher_rollout30_ws64_u8init_dynmatch_srcfix_20260719_071125`;
* topology: 8 nodes x 8 NVIDIA L40S = 64 ranks;
* nodes: `10.99.0.141` (master), `10.99.0.186`, `10.99.1.154`,
  `10.99.0.167`, `10.99.0.77`, `10.99.0.165`, `10.99.0.227`, and
  `10.99.0.18`; master port 31641;
* session on each node: `priv_teacher_r30_ws64_toxsjobi`;
* run root:
  `/home/ubuntu/FAR/holosoma_runs/formal_priv_teacher_rollout30_ws64_20260719_0635`;
* per rank/global envs: 1024 / 65,536, preserving the prior teacher's global
  32x2048 batch size; 24 rollout steps, 7 epochs, 4 minibatches;
* actor/critic `[512,256,128]`, starting LR `1e-5/1e-5`, adaptive KL target
  0.01, gamma/lambda `0.99/0.95`, clip 0.2, entropy 0.005, value coefficient
  1, max-grad norm 1, initial noise 1, seed 42;
* 40,000 updates, checkpoint exactly every 1000 updates, no training video,
  no ONNX export. PPO saves only when the next iteration is a positive
  multiple of 1000, so no `model_00000.pt` is emitted;
* current rollout-motion tracking plus exact offline contact guidance,
  `g1_29dof_wbt_w_object_with_action_delay`, uniform clip weighting,
  adaptive timestep sampler off, timestep-zero probability 0.2, runtime
  default-pose prepend 0.2 seconds with contact compensation enabled;
* default/small collectives over Gloo, hierarchical gradients with intra-node
  NCCL and inter-node CPU/Gloo leaders, rank-visible GPUs, CPU affinity, and
  contiguous minibatches.

`outputs/formal_priv_teacher_rollout30_ws64_20260719_0635/worker.sh` has SHA256
`05b69aea8a09d24cc55c7a97ab289ac6062c3dfd7c4ca5ece65fb3cb67fd1f2c`.
The adjacent `run_contract.json` has SHA256
`12dc0233996490172f70129017dbb2f641763dbf6f2367748bd5b9671f621425`.

Rejected starts and live acceptance
-----------------------------------

Two fail-closed attempts preceded the accepted run. One placed the raw
`--logger.base-dir` before the `logger:wandb` subcommand, which Tyro correctly
rejected as an implicit `logger:disabled` conflict. The next reached distributed
provenance and exposed the motion-shard omission described above. In both
cases, all workers exited before simulator training, GPU learning steps,
checkpoint publication, or W&B history rows. Their logs remain as
`node_rank_N.prelaunch_logger_order_failure.log` and
`node_rank_N.prelaunch_shard_provenance_failure.log`. The defects were fixed,
a new source snapshot was built, and Rule-90 replay was regenerated before the
accepted identity started.

At 2026-07-19 07:19 UTC:

* all eight exact tmux sessions were alive;
* every node had exactly eight NVIDIA compute applications and no exit marker;
* all node logs had zero fatal/Traceback/NCCL/OOM matches;
* each node recorded eight final-worker preflight markers, 64 total, only after
  simulator/environment/model synchronization, policy-init validation, and
  the distributed barrier;
* W&B state was `running` with 43 consecutive history rows, steps 0 through 42;
* step 0 to 42: mean reward `1.0663 -> 12.3670`, offline contact reward
  `0.008739 -> 0.233950`, throughput `277,341 -> 366,168 steps/s`;
* `Loss/ppo_coeff=1`, `Loss/bc_loss=0`, `Loss/distill_loss=0`, and distributed
  loss-weight sum 64.0000002543 in both first and latest rows;
* the training directory was about 1.2 MiB and contained no initial or
  non-canonical checkpoint, as expected before iteration 1000.

The three existing r30 student runs `q9qn6xb9`, `b72gh1wx`, and `5utvhw89`
were not attached, stopped, relaunched, or otherwise modified during this
teacher launch. No recurring monitor was created by this bounded acceptance.

2026-07-19 state-robust privileged-teacher correction and relaunch
===================================================================

The earlier `toxsjobi` teacher used the broad
`g1_29dof_wbt_w_object_with_action_delay` preset. That mixed a useful motion
tracking objective with sim-to-real effects that are not wanted for the label
teacher, and its checkpoint publisher reset all 65,536 live environments after
each save. The exact `priv_teacher_r30_ws64_toxsjobi` sessions were stopped on
all eight nodes only after their process ancestry and immutable source cwd had
been verified. The protected r30 student runs `q9qn6xb9`, `b72gh1wx`, and
`5utvhw89` were not touched.

Reset-order bug and teacher randomization contract
--------------------------------------------------

Code inspection found that the old DOF-state randomizer did not affect WBT
motion resets. `BaseTask.reset_envs_idx()` called the randomization manager
before the command manager; `MotionCommand.reset()` then overwrote the
randomized joint state with the motion reference. A new
`MotionRelativeResetRandomizerState` validates and exposes the preset, while
the final `MotionCommand` state write now applies the effective noise. The
motion initial-pose contract also gained DOF-velocity noise.

The new `g1_29dof_wbt_w_object_teacher_state_robust` preset contains only:

* joint position +/-0.20 rad and joint velocity +/-0.35 rad/s;
* root position +/-[0.08, 0.08, 0.025] m and rotation
  +/-[0.15, 0.15, 0.30] rad;
* root linear velocity +/-[0.20, 0.20, 0.10] m/s and angular velocity
  +/-[0.25, 0.25, 0.35] rad/s;
* object position +/-[0.08, 0.08, 0.0] m; object z remains exact to avoid
  injecting spawn penetration;
* bounded recovery pushes every 4--8 seconds with maximum absolute velocity
  [0.25, 0.25, 0.10, 0.20, 0.20, 0.30].

It deliberately contains no action delay, PD/KD gain, RFI, motor-strength,
mass/COM/inertia, friction/material, joint-sensor bias, camera-pose, depth
multiplicative-noise, or depth-dropout term. The published W&B config was
independently read back and its randomization tree contains only the
motion-relative reset state, push state/schedule, and push application terms.
The exact contract has SHA256
`6477e9657a1d635dc287350972fe2f88139c523a02b6c7e46504ced9031960f3`.

Checkpoint publication now defaults to preserving the live rollout stream.
`reset_rollout_at_checkpoint=false` is explicit in the formal CLI and W&B
config. A normal checkpoint at each positive multiple of 1000 iterations no
longer resets every environment. The canonical reset logged at iteration zero
is the one-time fresh-training rollout initialization and is not a save-time
reset. An opt-in true value remains available only for experiments that
explicitly require the old canonical-reset semantics.

Verification and immutable inputs
---------------------------------

The final source snapshot is
`src-a3d2416dc71f953488fa3c447fc110e9880ae1c8536d58ec4951e4f1d0d8738c`;
its archive SHA256 is
`73b90f6c880ee8c7b91556168eadc13465d7f18b11eda24d570cf96b8c5c381e`.
It passed Python compilation and shell syntax, 529 focused
randomization/checkpoint/resume/Tyro tests, 229 launcher/provenance/preflight
tests, the exact formal launcher dry-run, and the exact Tyro training CLI
preflight. All eight training nodes installed and byte-verified this snapshot.

The mandatory replay uses the first training clip
`scaledown__any_ball_24`. An initial candidate was rejected because the replay
tool's legacy default inserted 2.0 seconds instead of the formal training
timeline's 0.2 seconds. The accepted replay uses exactly 10 prepended frames,
then the motion from timestep zero. Its sole MP4 is H.264, 1280x720, 50 fps,
329 frames, 6.58 seconds, 1,322,412 bytes, SHA256
`be87e675d03a3cd249a442e1d1206562c2079368348b6b7ea401d6308563c9a7`.
Manual contact-sheet review confirmed one robot and the expected ball through
continuous approach, grasp, carry, and return. W&B independently verified the
same bytes under the exact summary key `vis/replay`; replay-manifest SHA256 is
`c7419b5f67fe45374c189deb27c92d05d9f0a371adf8f70db3a5e74ee637adc9`.

Accepted 64-GPU run
-------------------

The fresh accepted run is:

* W&B `zihanw22/carry-any/aofybnlc`;
* name `priv_teacher_rollout30_ws64_state_robust_u8init_noreset_20260719_163821`;
* session `priv_teacher_r30_ws64_aofybnlc` on every node;
* run root
  `/home/ubuntu/FAR/holosoma_runs/formal_priv_teacher_rollout30_ws64_state_robust_20260719_163821`;
* master `10.99.0.141:31651`, plus `10.99.0.186`, `10.99.1.154`,
  `10.99.0.167`, `10.99.0.77`, `10.99.0.165`, `10.99.0.227`, and
  `10.99.0.18`;
* 8 nodes x 8 L40S, 1024 environments per rank and 65,536 globally;
* exact 30 rollout motion-object trajectories with the existing uniform
  inverse-cover distributed objective;
* actor-only initialization from u8 checkpoint SHA256
  `80cb13e13590239d015ba0a29bdbae901b7785a9789d144745c7bd330059cd68`,
  with fresh critic, optimizer, RNG, and iteration state;
* 24 rollout steps, 7 epochs, 4 minibatches, 1e-5 actor/critic learning rate,
  40,000 iterations, checkpoint every 1000, no ONNX or training video.

At 2026-07-19 17:02 UTC all eight sessions were alive and every node had
exactly eight GPU compute applications. The 64 ranks passed distributed
provenance, and all node logs emitted the exact reset-randomization parameters.
There were zero fatal, Traceback, OOM, or NCCL-error matches. W&B independently
reported state=running and consecutive history steps 0--10. At step 10,
mean reward was 12.3345083, offline-contact reward 0.1923669, and total
throughput 345,894 simulation steps/s; PPO coefficient was 1 and BC/distill
losses were zero, as required for a pure-RL privileged teacher. This was a
bounded launch acceptance; no recurring monitor was created.

2026-07-19 strong-push teacher replacement
===========================================

The teacher recovery-push distribution was raised from the initial
state-robust range (4--8 seconds, maximum absolute root-velocity delta
[0.25, 0.25, 0.10, 0.20, 0.20, 0.30]) to the exact distribution used by all
three protected r30 students: 0.5--2.0 seconds and
[0.7, 0.7, 0.25, 0.7, 0.7, 1.0]. This gives the privileged teacher coverage
of the externally disturbed states on which it will later label the student.
The range was not extended beyond the authenticated student contract.

Only the recovery push changed. Motion-relative reset-state ranges, motion
bank, object/contact objective, PPO settings, actor initialization, and
distributed weighting remained fixed. Action delay, PD/KD, RFI, motor
strength, joint calibration bias, rigid-body mass/COM/inertia, material
properties, camera pose, and depth noise/dropout remain absent from the
teacher preset. A regression test now compares the teacher and student push
parameters directly, in addition to the existing forbidden-term and reset
writer checks. The focused randomization and Tyro suite passed 14 tests.

The replacement immutable source is
`src-6a871a6c74d045b8ff1686002f6dcc8eacae438022151013e6630b3227a28eca`;
the archive SHA256 is
`fde43506f51194f90880d9e53b908867f4a9516cbd9ae66ff117b087aa44713c`.
All eight training nodes installed it and passed the complete source-manifest
verification. The randomization contract SHA256 is
`6601a161cf11bb3db89645199e4eddb544ba3a7645ba41c390db70eb3f0508d7`;
the worker and run-contract SHA256 values are
`2911aa8b4bf9993cbfed759ae6d4531fdd596d946ac542974cdfa39a4051ee61`
and `67f48962c665f818f4b9dd984494ab0caca7f1ddd0aa716f44ec07f7b68efc1c`.

Rule-90 was repeated from the final source rather than inherited from the
weaker-push run. The first training clip remains `scaledown__any_ball_24`,
with randomization disabled and the exact 0.2-second/10-frame training
prepend. The accepted single-robot H.264 replay is 1280x720 at 50 fps, 329
frames and 6.58 seconds; SHA256 is
`4288840a0784835247516079ca41911673e533c64f6d92723e84c25d990bdc1d`.
Manual contact-sheet review found the expected approach, grasp, carry, and
return with no grey/default-pose substitution. W&B upload and independent
download verification passed under the sole `vis/replay` key; replay manifest
SHA256 is
`4d8ba540bea7c95b8edacde9a6cc7c1e1bb9ae5965c6ffa2f83826d5f3138224`.

Cutover was transactional. New artifacts were first copied and byte-verified
while `aofybnlc` remained healthy. Immediately before replacement, the old
run was at W&B step 714, with 8/8 sessions, 8 GPU applications per node and
zero fatal matches. Every GPU PID and pane command was verified to belong to
the exact `priv_teacher_r30_ws64_aofybnlc` process tree and worker W&B ID.
Only then were those eight sessions stopped; every node subsequently reported
zero remaining compute applications. W&B summary metadata records
`lifecycle/superseded_by=zihanw22/carry-any/li1gcc1v` and
`lifecycle/training_target_reached=0`. Because the backend still showed a
dead process as running after the successful stop signal, the exact ID was
resumed only by a no-training/no-media W&B lifecycle client and immediately
finished. Fresh API readback reports `aofybnlc` as `finished`, with the
supersession metadata intact. The protected student runs
`q9qn6xb9`, `b72gh1wx`, and `5utvhw89` were not contacted or changed.

The replacement run is `zihanw22/carry-any/li1gcc1v`, named
`priv_teacher_rollout30_ws64_state_robust_student_push_u8init_noreset_20260719_174027`.
Its tmux session is `priv_teacher_r30_ws64_li1gcc1v` on each of the same eight
nodes, with master `10.99.0.141:31661`. Topology remains 8 nodes x 8 L40S,
64 ranks, 1,024 environments per rank and 65,536 total. It is fresh PPO with
fresh critic, optimizers, RNG and iteration state; only the actor is initialized
from u8 SHA256
`80cb13e13590239d015ba0a29bdbae901b7785a9789d144745c7bd330059cd68`.

At 2026-07-19 17:59 UTC, all eight exact sessions were alive, every node had
eight compute applications, each node emitted eight world-size-64 provenance
records, and all logs had zero fatal/Traceback/NCCL/OOM matches. Runtime log
output confirmed the exact strong push
[0.7, 0.7, 0.25, 0.7, 0.7, 1.0] at [0.5, 2.0] seconds and the unchanged
motion-relative reset ranges. Fresh W&B readback showed only the intended
reset/push terms, `save_interval=1000`,
`reset_rollout_at_checkpoint=false`, distillation disabled and PPO coefficient
one. The run was `running` through step 10 with 344,690 steps/s, mean reward
10.9658 and mean episode length 91.14. This is an execution and early-health
acceptance; robustness and action-label quality require stratified nominal and
strong-push single-robot evaluation at retained thousand-step checkpoints.

2026-07-20 new-teacher 8k binding and three single-robot rollouts
================================================================

Checkpoint acceptance and distillation identity
------------------------------------------------

The new label-teacher candidate is the exact W&B file
`wandb://zihanw22/carry-any/li1gcc1v/model_08000.pt`. W&B and the controller
copy independently reported 8,327,905 bytes and SHA256
`a6093a6fbfb84932517002323fab735aff4759214d3b56acd65e8db934929124`.
The payload decodes to completed iteration 7999 / next iteration 8000, pure-RL
provenance, no internal teacher, and a 175 -> [512,256,128] -> 29 actor. It is
retained read-only at
`/home/ubuntu/.cache/holosoma/checkpoints/distill_teachers/zihanw22_carry-any_li1gcc1v/by-sha256/a6093a6fbfb84932517002323fab735aff4759214d3b56acd65e8db934929124.pt`.

This changes the *distillation-label* role, not the identity that generated
the three input motions. Their generator remains
`wandb://zihanw22/carry-any/u8udzw0u/model_05000.pt`, SHA256
`80cb13e13590239d015ba0a29bdbae901b7785a9789d144745c7bd330059cd68`.
The next fresh distillation therefore has an explicit cross-teacher contract:

* `TEACHER_CHECKPOINT=wandb://zihanw22/carry-any/li1gcc1v/model_08000.pt`;
* `TEACHER_CHECKPOINT_EXPECTED_SHA256=a6093a6fbfb84932517002323fab735aff4759214d3b56acd65e8db934929124`;
* `MOTION_GENERATOR_TEACHER_EXPECTED_SHA256=80cb13e13590239d015ba0a29bdbae901b7785a9789d144745c7bd330059cd68`;
* `REQUIRE_MOTION_GENERATOR_TEACHER_MATCH=0`.

The already-running `q9qn6xb9/b72gh1wx/5utvhw89` processes were not hot
swapped, attached, restarted, or stopped. They loaded the old u8 teacher at
startup; changing a resident label policy mid-optimizer would produce an
unauditable objective discontinuity. The exact future binding is recorded in
`outputs/formal_teacher8k_eval3_20260720/future_distill_binding.json` and is not
Git staged.

Evaluation isolation and rejected media
---------------------------------------

Evaluation ran only on otherwise idle `10.99.0.116`, using the immutable
training source
`src-6a871a6c74d045b8ff1686002f6dcc8eacae438022151013e6630b3227a28eca`
and three per-role writable clones. The checkpoint was staged read-only and
rehash-verified before and after inference. Each exact one-motion bank, object
map, canonical URDF, and object mesh was also byte-verified. The three motion
SHA256 values were ball
`87644e984e4af1e7b75f3e3f83d822a0ee18e2b7604968d38f16d5b80cae46bb`,
bin `9c981f20edb97a9d598fee7beb15c42278ad4bb0bc1725812540fd243f35adb4`,
and barrel
`382e0aaffc8a6e4dd4c1906eaed50c5ed3e244bdd3e769e5581f374e60f06126`.

All accepted inference used `NUM_ENVS=1`, one robot,
`HOLOSOMA_EVAL_POLICY=checkpoint_actor`, `randomization:disabled`, timestep-zero
probability one, freeze probability zero, initial-pose noise zero, and disabled
auto/motion-end/clip-end resets. There was no camera-pose randomization, depth
multiplicative noise, or depth dropout.

Two fail-closed eval-only problems were found before upload:

1. the first generic recorder returned valid-looking 501-frame H.264 files,
   but all three were byte-identical black HUD-only videos. Contact-sheet
   inspection rejected them; none reached W&B. The accepted run used the same
   headless Viser/Isaac video path that produced the verified r30 3k pair;
2. each source clone preserved `holosoma/data` as an absolute symlink to the
   host data tree. Consequently three nominally separate local-rank-0 robot
   converters actually collided in the same `converted_rank0` temporary USD
   directory. A stale ball attempt failed with `Output Path Cannot be Opened`.
   The final path explicitly cleaned generated conversion output and assigned
   distinct `HOLOSOMA_ORIGINAL_LOCAL_RANK` values. All final source manifests
   passed after use.

The raw accepted videos contain 501 frames for audit. As in the prior paired
evaluation, renderer frames 0--3 and post-motion frames 319--500 are excluded;
the delivered interval is frames 4--318 inclusive, exactly 315 frames, H.264
640x360 at 50 fps and 6.30 seconds. Six-timepoint contact sheets for all three
show exactly one robot and the matching ball/bin/barrel. The eval node ended
with zero inference processes and zero GPU compute applications.

W&B transactional delivery
---------------------------

Only the requested middle item was uploaded, under the role-exact history key
`vis/evaluation_distill_label_teacher`. A shared secondary writer used
`x_primary=False` and `x_update_finish_state=False`, so it could not finalize
the training identity. Exact results were:

* ball `q9qn6xb9`: history step 30518, 399,771 bytes, SHA256
  `b3349bb2589d0657f05365f7bc3fb231e0f8a4363edeb11fb34558e42addcb75`;
* bin `b72gh1wx`: history step 30668, 391,190 bytes, SHA256
  `acba4e0f1095569d3fac41ed25387d4697c5cdb72a744461fbfbdfa16bb97ec1`;
* barrel `5utvhw89`: history step 30644, 388,415 bytes, SHA256
  `954d20817633d79e59c65f737c4bd27a11df6e806ca5ab020a94f5bde2f97e7d`.
  Its media filename contains writer-local step 30640 because the primary
  training writer advanced concurrently; the authoritative history row is
  30644 and carries `evaluation/checkpoint_step=8000`.

A fresh Public API instance downloaded every new remote file, recomputed the
full SHA256, reran ffprobe, and checked the exact checkpoint/data/role metadata.
Only after all three passed did the transaction retire the old
`vis/evaluation_motion_generator_teacher` files. Their SHA256 values
`fd0f9edf5bb9d9b2446c972a1f82b5a59b07360f6fcca2ea657a0a4dd7e3d58d`,
`a7ba356d7c5f604156565c7695ae8bd64da7864dd5f689a152e441352c7bf8a9`, and
`695baeacc554e4e43ec795aaea5d53fddbce0d4028cc8a971cea464e372cd7a8` were first
preserved in the local audit output. A second fresh API read proved each run now has exactly
three relevant MP4 files: replay, `evaluation_distill_label_teacher`, and
student. Summary metadata names the new primary teacher ref/SHA and separately
retains the u8 generator ref/SHA. All three student runs and teacher run
`li1gcc1v` remained `running`; no eval run was created.

Rollout difference and action-label gate
----------------------------------------

The new rollouts are not copies of the u8 result. Aligned-frame luminance SSIM
for ball/bin/barrel is 0.706108 / 0.706753 / 0.675360 (all-channel SSIM
0.803372 / 0.803774 / 0.782855), and manual side-by-side sheets show altered
pickup/carry/return poses. No main-motion row was done or non-finite.

An offline actor comparison used the authenticated u8 rollout
`actor_obs_norm` sequences. Re-evaluating the old actor reproduced its stored
actions with maximum error below `9.54e-6`. On those identical physical states,
old versus new action-L2 means were 8.53/8.33 (ball), 7.36/7.90 (bin), and
7.74/8.51 (barrel); new-versus-old per-component RMSE was 1.324/1.091/1.181.
Thus the new actor has a reasonable action scale near the reference manifold.

However, the separate closed-loop policy-I/O recorder exposed an important
distillation risk: after its own state drift, mean raw action L2 over frames
4--318 rose to 35.83/39.46/38.28, with maxima 47.71/60.76/54.00. The robot can
still look stable because the environment clips torques, while current raw-MSE
distillation labels are not torque-equivalence projected and
`clip_teacher_actions` is false. Therefore the checkpoint identity is selected
for the next fresh cross-teacher distillation, but raw label quality is not
declared scientifically accepted from video alone. Before launching a new
student, the action acceptance/projection contract must be explicit and tested
on student-state rollouts. This is central to the user's earlier action-label
concern, not a cosmetic follow-up.

The complete machine-readable delivery record is
`outputs/formal_teacher8k_eval3_20260720/delivery_manifest.json`, SHA256
`4f9fa9eaf78b21f28a015c364a9402581699411a22d1b831535b708512a3c254` at
creation. These output artifacts are intentionally untracked. Only this log
and `agent.md` remain in the requested Git staging scope.

2026-07-20 three-motion, teacher-linvel, fresh 32+32 GPU A/B
================================================================

Requested cutover and experimental question
--------------------------------------------

The user requested a clean replacement of all previous carry-any
teacher/distillation jobs by two controlled privileged-teacher experiments.
Both arms use exactly `scaledown__any_barrel_25`, `unscale__any_ball_29`, and
`unscale__any_bin_29`, add base linear velocity to the teacher policy input,
and train every model state from scratch. The only intended A/B variable is
the reference trajectory: one 32-GPU arm uses the original retarget motions,
and a second 32-GPU arm uses the simulator rollouts of those same three clips.

Before allocating either arm, the exact old carry-any teacher/student process
trees on `10.99.0.141`, `.186`, `10.99.1.154`, `.0.167`, `.0.77`, `.0.165`,
`.0.227`, `.0.18`, `.1.21`, `.1.60`, and `.1.122` were checked by PID, cwd,
launch token, and W&B identity and then stopped. Unrelated numeric tmux
sessions and other users' jobs were not touched. W&B IDs `li1gcc1v`,
`q9qn6xb9`, `b72gh1wx`, and `5utvhw89` were finalized with explicit lifecycle
metadata; the carry-any project then had zero running jobs before this A/B was
prebound.

Teacher-only velocity observation
---------------------------------

The G1 WBT observation registry now has a dedicated
`actor_obs_w_object_teacher_linvel` group. It preserves the ordered privileged
teacher terms and appends
`holosoma.managers.observation.terms.wbt:base_lin_vel` with scale 1.0 and no
noise. New observation/experiment presets are
`g1_29dof_wbt_observation_w_object_teacher_linvel` and
`g1_29dof_wbt_w_object_generalist_teacher_linvel`; a corresponding future
distillation-compatible preset was added without changing any student group.
The live actor observation registered as 178 dimensions, exactly three more
than the current history-1 175-D student/old-teacher contract. A new regression
test proves the appended term, ordering, scale/noise, and student isolation.
The focused observation/experiment/randomization/CLI suite completed 187
tests with no failure. These code and test changes remain unstaged; the user's
Git delivery boundary still contains only this log and `agent.md`.

True original-versus-rollout data identity
------------------------------------------

An early candidate was rejected before launch because both sides ultimately
resolved to copies of rollout data. No GPU training or W&B training history
was produced from that false A/B. The accepted original payload comes from
`/nfs/zzzihanw/ds_as_data/debug` and has 320 source frames per clip. Its motion
SHA256 values are:

* barrel `bb6e45d37b2bd5077a1e4e09d57659d92cfdaf4722daea963c1881dcb1cf4297`;
* ball `6797ebd9f4523e00c89209f81ac94e8c9df89cb6a37f9ccb4b33acbb1b79bb96`;
* bin `7f332ccce879c7c61e80ad84040bf1de13997dc2d464613dd7cb37b57092768e`.

The accepted rollout payload has 319 source frames per clip and was generated
by `wandb://zihanw22/carry-any/u8udzw0u/model_05000.pt`, checkpoint SHA256
`80cb13e13590239d015ba0a29bdbae901b7785a9789d144745c7bd330059cd68`.
Its motion SHA256 values are barrel
`382e0aaffc8a6e4dd4c1906eaed50c5ed3e244bdd3e769e5581f374e60f06126`,
ball `87644e984e4af1e7b75f3e3f83d822a0ee18e2b7604968d38f16d5b80cae46bb`,
and bin `9c981f20edb97a9d598fee7beb15c42278ad4bb0bc1725812540fd243f35adb4`.
For every clip, 13 of the 17 common motion arrays have matching schema but
different numeric values, proving that this is a real trajectory A/B rather
than a directory-name distinction.

The final immutable banks are
`teacher_ab3_true_original_solid_sharedphys__src_d67ffcdb2f5676d8ae59c8fd0450f5e2c7d498617113ab58e33da6871266fd2d`
and
`teacher_ab3_true_rollout_u8_solid_sharedphys__src_5ae3055eeff0098dad099ec26d721b76ac7675207e7d41a6ee3aaa2a15080b49`.
They share byte-identical object maps (SHA256
`02acd5041a0dc9f5a60e0f3a09b9de7014a1d6fc4032113d8ead2682ac6c5afc`),
URDF/mesh assets, physics configuration, and contact sidecars. Contact
provenance SHA256 is
`22fd1479d5644885750799365a23721de9d8e05c3cc34f78155e824d231a14be`;
all three clips have valid `[t1,t2)` coverage under episodic motion-end and the
exact ten-frame/0.2-second runtime-prepend compensation. Original 320-frame
motions correctly expose 319 reward transitions; they were not incorrectly
trimmed to make file lengths look equal.

Each side was sharded for 32 ranks with the same assignment: 11 barrel, 11
ball, and 10 bin covers in the same rank order. Original and rollout shard
manifest SHA256 values are respectively
`f935854de44e003887445411538235977d7c2a23e0cf1fec33c1c3e56a8f0233`
and `5335d513dc6ffac141754df3b04f4eb3eab76a9b29afc45d528948cf2c475776`.
This fixes geometry, contact objective, and distributed clip weighting across
the comparison.

Frozen source, configuration, and Rule-90
-----------------------------------------

The common immutable source is
`src-a8879814e247e78b0e686fb8bdf94b985d008b2960aa187b482ef8de7b644399`;
archive SHA256 is
`dcbf88cdc3c274799240b078a52fb7019a3bd0637e2339422fae6287f3357de2`.
All eight nodes installed and rehashed the full source manifest. The final
worker SHA256 is
`ceeacc7b054d79b6ea09ba8fb2fbcbb8d19e222920acd4737df3f68fb12bc9b0`.
The randomization and complete A/B contract SHA256 values are
`aecbfa4551e9f64e1ca21ffa10a44498dc1f72094c8322a63e7ca582e4a96762`
and `3f9c91e09e3b06070f87a7d98d3994e2fe8f93524930b8a39b45b8141252ed68`.

Both arms are fresh privileged PPO: no training checkpoint, no actor policy
initializer, and fresh actor, critic, optimizer, RNG, and iteration state.
The W&B resume flag only reconnects to a run that was prebound for Rule-90; it
does not restore training state. Each arm has 32 ranks, 2,048 environments per
rank and 65,536 environments globally; 24 steps/environment, seven learning
epochs, four minibatches, 40,000 updates, `[512,256,128]` actor/critic MLPs,
gamma/lambda 0.99/0.95, entropy 0.005, clip 0.2, max gradient norm 1, adaptive
KL target 0.01, initial actor/critic LR 1e-3, and independent LR bounds
[1e-5,1e-2]. Action scale remains 0.25 with effort-limit/P-gain scaling.
Checkpoint cadence is exactly 1,000 updates, save does not reset the live
rollout, and training video/ONNX export are disabled.

The state-robust teacher preset randomizes only motion-relative simulation
state and recovery pushes: joint position/velocity +/-0.20 rad and +/-0.35
rad/s; root position +/-[0.08,0.08,0.025], rotation
+/-[0.15,0.15,0.30], linear velocity +/-[0.20,0.20,0.10], angular velocity
+/-[0.25,0.25,0.35], object xy +/-0.08 m, and a root-velocity push up to
[0.7,0.7,0.25,0.7,0.7,1.0] every 0.5--2.0 seconds. Action delay, PD/KD, RFI,
motor, mass/inertia/friction, joint bias, camera, and depth sim2real
randomization are absent.

Rule-90 was independently produced from each final effective bank's canonical
first sorted clip, `scaledown__any_barrel_25`, with one robot, zero
randomization, and exactly ten prepend frames. The original MP4 is 1280x720
H.264 at 50 fps, 330 frames/6.60 seconds, SHA256
`8fc998e7b9c5769ea68fb8dab2f0f80b8a29c147aacf9590597516851094d270`.
The rollout MP4 is 329 frames/6.58 seconds with identical codec/geometry,
SHA256
`472bba238e80c2c841e8ba6b275ea7a390638159e4e19d7f464ed6405b62b7df`.
Manual contact-sheet inspection confirmed the correct barrel, bend, grasp,
lift, carry, lowering, and return in both. Fresh remote download verified the
same bytes under the sole `vis/replay` key before GPU allocation.

Fail-closed launch corrections
------------------------------

Two formal attempts were rejected before simulator creation, model creation,
optimizer construction, checkpoint publication, or training step zero:

1. The first found that the final solid map referenced three absolute source
   URDF dependencies that had not been installed on every node. Those exact
   URDFs were synchronized and the worker now hashes all three URDFs plus all
   three transitive object meshes before any GPU use. All eight nodes then
   passed the expanded preflight.
2. The second reached Tyro but found duplicate actor/critic initial-learning-
   rate options. `train_object_generalist_ds.sh` already derives those options
   from `ACTOR_LR` and `CRITIC_LR`; the worker also supplied duplicate CLI
   arguments. Only the duplicate CLI lines were removed. The authoritative
   environment values remain exactly 1e-3 and all four explicit adaptive
   min/max bounds remain unchanged.

After the correction, the exact generated command passed
`validate_train_cli.py` without importing a simulator. It parsed the intended
teacher-linvel experiment, episodic `motion_ends`, offline contact body map,
PPO coefficients, LR bounds, and all scientific invariants. All eight final
workers then repeated source/data/dependency/runtime/GPU/ECC preflight with
exit zero.

Accepted live runs
------------------

The original arm is W&B `zihanw22/carry-any/rukkpmdv`, name
`teacher_scratch_linvel_original3_ws32_20260720_062837`, on
`10.99.0.141`, `10.99.0.186`, `10.99.1.154`, and `10.99.0.167`, with master
port 31701 and session `teacher_ab3_original_rukkpmdv`. The rollout arm is
W&B `zihanw22/carry-any/ppclmh15`, name
`teacher_scratch_linvel_rollout3_ws32_20260720_062837`, on `10.99.0.77`,
`10.99.0.165`, `10.99.0.227`, and `10.99.0.18`, with master port 31711 and
session `teacher_ab3_rollout_ppclmh15`. Their common audit root is
`outputs/formal_teacher_ab3_ws32_scratch_linvel_20260720_062837` locally and
`/home/ubuntu/FAR/holosoma_runs/formal_teacher_ab3_ws32_scratch_linvel_20260720_062837`
on workers.

At the bounded acceptance on 2026-07-20 06:59 UTC, all four original nodes
reported the same completed iteration 26 and all four rollout nodes reported
iteration 30. Every one of the eight sessions was alive, each node had exactly
eight compute applications, all 64 L40S GPUs carried training memory and
utilization, every volatile UECC count was zero, and there were no worker exit
files. Iteration time after initialization was approximately 3.6--4.2 seconds.
Fresh W&B API reads reported both runs `running`, current heartbeats, finite
loss/reward/KL summaries, `ppo_coeff=1`, zero BC/distill loss, and explicit
`policy_init_enabled=false` / `training_resume_enabled=false`.

Each node emitted 77 startup-severity Isaac headless renderer/GPU-foundation
`[Error]` lines while eight rank-visible processes probed graphics devices and
no viewport was required. This fact is retained rather than hidden. The
physics CUDA contexts, eight-per-node compute processes, NCCL 2.26.2 groups,
and training loop all initialized successfully; the count remained fixed and
the exact post-first-progress scan found zero new Isaac `[Error]`, Traceback,
OOM, unrecognized CLI option, NCCL failure, segmentation fault, or
ChildFailedError on every node through iterations 26/30. The errors are thus
classified as startup-only headless graphics diagnostics, not training
failures. This was a bounded launch acceptance; no recurring monitor was
created.

History-backed replay promotion after live startup
--------------------------------------------------

The pre-launch Rule-90 gate intentionally created summary-only media so PPO
iteration zero remained available. Once both primary writers had produced
real training history, a fresh API audit correctly found zero `vis/replay`
history rows. The exact reviewed bytes were therefore promoted once per run:

* original history step 97, remote path
  `media/videos/vis/replay_97_8fc998e7b9c5769ea68f.mp4`, 1,339,594 bytes,
  SHA256 `8fc998e7b9c5769ea68fb8dab2f0f80b8a29c147aacf9590597516851094d270`;
* rollout history step 178, remote path
  `media/videos/vis/replay_178_472bba238e80c2c841e8.mp4`, 1,322,033 bytes,
  SHA256 `472bba238e80c2c841e8ba6b275ea7a390638159e4e19d7f464ed6405b62b7df`.

Both history uploads used secondary writers with `x_primary=false` and
`x_update_finish_state=false`; neither writer could finish or take ownership
of the training run. Each remote history file was downloaded into a fresh
temporary directory and rehashed before the old summary-only file was
eligible for retirement.

The first summary rebind attempt exposed an important live-W&B detail. A
Public API summary mutation can be overwritten by the primary training
writer's already-consolidated startup summary on a later metric flush. The
transaction initially stopped before deleting the original old file when it
could not prove the new summary path. A second attempt verified the new
history bytes before retirement but then observed the primary writer restore
the stale summary path; this was not accepted as complete, and the dangling
summary was not left as the final state.

The durable correction attached a short-lived client to each *existing*
rank-zero `wandb-core` service via its exact local Unix service socket and run
ID. It updated the consolidated summary owned by the live primary writer to
the already-uploaded history media JSON; it did not call `finish`, log another
history row, or alter training state. The rollout binding persisted on the
first attached update. The original writer had one older queued summary flush,
so its exact service was updated a second time after that queue drained. A
subsequent 25-second/multiple-iteration API window proved both primary
summaries remained bound to their history paths with
`replay/history_backed=true` and the exact history step.

Only after byte and primary-summary verification were both old
`replay_summary_<sha-prefix>.mp4` objects deleted. The final fresh API audit
found exactly one `vis/replay` history row, exactly one MP4 run file, and an
identical summary/history path, SHA256, and size on each run. Both run states
remained `running`. At 2026-07-20 07:17 UTC, all original ranks had advanced
uniformly to iteration 291 and all rollout ranks to iteration 334; all eight
sessions still had eight GPU compute processes per node, no exit file, and
zero post-first-progress hard-error additions. Thus replay promotion neither
stopped nor restarted training and left no duplicate long-term media storage.

2026-07-20 matched linvel-teacher 32+32 distillation cutover
------------------------------------------------------------

The original-motion teacher was frozen at
`wandb://zihanw22/carry-any/rukkpmdv/model_09000.pt`, completed iteration
8999/next iteration 9000, SHA256
`7a342bb21830024495dfe3f95100b2d8c50de54398ed740cd158983f76a75a07`.
The rollout-motion teacher was frozen at
`wandb://zihanw22/carry-any/ppclmh15/model_10000.pt`, completed iteration
9999/next iteration 10000, SHA256
`3700483de167cdac73c4ed495997e7071d7d9fb2b5283ab16194c63e8b561587`.
Both content-addressed controller assets were rehashed and validated as exact
`178 -> [512,256,128] -> 29` actors whose checkpoint `actor_obs` metadata ends
in `base_lin_vel`. Selection was checkpoint-exact and did not depend on later
queued W&B heartbeats (the finalized parent summaries reached about steps
9030/10348).

The eight exact parent-teacher tmux sessions were stopped only after source,
data, teacher, replay, runtime, GPU, and ECC inputs for both students had been
prebound. Every old node then had zero GPU applications. The parent W&B runs
carry explicit user-stopped-for-distillation lifecycle metadata and now read
`finished`; no unrelated process was stopped. The same 64 GPUs were divided
into two matched four-node jobs:

* original: `zihanw22/carry-any/tigpqe1l`,
  `distill_linvel_original3_ws32_t9k_20260720_172020`, master
  `10.99.0.141:31721`, nodes `10.99.0.141/10.99.0.186/10.99.1.154/10.99.0.167`,
  session `distill_ab3_original_tigpqe1l`;
* rollout: `zihanw22/carry-any/ugqc8xn0`,
  `distill_linvel_rollout3_ws32_t10k_20260720_172020`, master
  `10.99.0.77:31731`, nodes `10.99.0.77/10.99.0.165/10.99.0.227/10.99.0.18`,
  session `distill_ab3_rollout_ugqc8xn0`.

Each job is 4 nodes x 8 L40S = 32 ranks, 64 environments per rank and 2,048
global environments. Both are fresh students with no resume or policy init,
seed 42, 24 rollout steps, one learning epoch, 16 minibatches, fixed actor LR
1e-3, and a 40,000-update target. The student actor input groups are exactly
`actor_obs_root_contact_aware`, `actor_obs_drop_button`, and
`actor_obs_proprio_with_actions_no_linvel`; their concatenated 94-D storage
does not include base linear velocity. The strict teacher is independently
built from its checkpoint actor configuration and queries the runtime 178-D
privileged `actor_obs`; strict state compatibility and checkpoint/runtime
observation semantics passed before iteration zero. This distinction explains
the correct log pair of a 178-D teacher contract and a 94-D student storage
registration.

The optimization is pure actor-supervised DAgger: BC weight 1, PPO coefficient
exactly zero throughout, student exploration/std floor 0.1, rank-local replay
capacity 512, 96 replay samples per update, 0.5 replay fraction, and seed 42.
Teacher mean actions are explicitly clipped to +/-8 before MSE labeling. The
student retains the intended noisy D435i depth path (sensor noise, edge noise,
holes probability 0.2, additive and depth-offset std 0.03), contact-aware and
adaptive motion sampling, exact contact sidecars, offline contact guidance,
and strong state pushes `[0.7,0.7,0.25,0.7,0.7,1.0]` every 0.5--2.0 seconds.
Checkpoint cadence is exactly 1,000 updates, checkpoint save does not reset
rollouts, and no step-zero model is saved.

Motion identity remains matched within each arm. Original uses the three true
retarget clips `scaledown__any_barrel_25`, `unscale__any_ball_29`, and
`unscale__any_bin_29`. Rollout uses the corresponding three u8 simulator
rollouts. The latter records its motion-generator teacher independently as
SHA256 `80cb13e13590239d015ba0a29bdbae901b7785a9789d144745c7bd330059cd68`;
because the new label teacher is intentionally different,
`REQUIRE_MOTION_GENERATOR_TEACHER_MATCH=0`, and both roles remain explicit in
provenance. This is not an accidental identity substitution.

The immutable source is
`src-a8879814e247e78b0e686fb8bdf94b985d008b2960aa187b482ef8de7b644399`.
The final worker SHA256 is
`59cb41fa8be88ccb899b305d26c4a74a0385d85151c1a24f179113ac64f86332`;
the run-contract SHA256 is
`ec55853de00a09cf31f1cf76f21ee5bf9c8253b119362f93e0e079cbf2def93b`.
Original/rollout replay-manifest SHA256 values are respectively
`50e5ac347a28fcb75dac90a4c317c831a63ff85280a6626b9ae19f9c20e03ba8`
and `c2b4b84abd26ad75f037d88983fdc51dc32d3f2699b876790fa26f5b8f38703a`.
All run-specific material is under the untracked audit root
`outputs/formal_distill_ab3_ws32_linvel_teachers_20260720_172020`.

Two dry-run failures were intentionally fail-closed before simulator, GPU,
model, optimizer, or step zero. The first detected fixed-BC CLI options already
generated authoritatively by the launcher environment; duplicate trailing
arguments were removed. The second detected that the selected experiment did
not inherit the offline-contact reward term required by the explicit term
overrides; the exact generalist offline-contact-guidance reward preset was
added. The final exact Tyro command for both arms exited zero before worker
allocation.

Rule-90 reused the previously reviewed exact bytes because immutable source,
world size, bank, and first sorted clip were unchanged. Original replay is
1,339,594 bytes, H.264 1280x720 at 50 fps, 330 frames/6.60 seconds, SHA256
`8fc998e7b9c5769ea68fb8dab2f0f80b8a29c147aacf9590597516851094d270`.
Rollout replay is 1,322,033 bytes, 329 frames/6.58 seconds with identical
codec/geometry, SHA256
`472bba238e80c2c841e8ba6b275ea7a390638159e4e19d7f464ed6405b62b7df`.
Each run has exactly one MP4. A single history row at original step 25 and
rollout step 34 references that existing file under `vis/replay`; fresh API
reads verified one media row, one run MP4, exact size, and exact SHA without a
duplicate upload.

At the bounded 2026-07-20 17:52 UTC acceptance, all eight tmux sessions were
alive, every node had exactly eight GPU compute applications, all volatile
UECC totals were zero, no worker exit file existed, and each node log had zero
matches for Traceback, ChildFailedError, CUDA OOM, NCCL error, segmentation
fault, or segfault. Original nodes were at iterations 138--139 and rollout
nodes at 156--157. Fresh W&B reads showed both runs `running`. Original had
BC/distill loss 0.30303, current/replay loss 0.31139/0.29468, reward 4.73194;
rollout had BC/distill loss about 0.31011, current/replay 0.31411/0.30610, and
reward about 5.82. Both replay buffers were full at 512, actor LR was 1e-3,
PPO loss/coefficient was zero, and all values were finite. This is evidence of
actual student updates and healthy bounded launch, not a claim that early BC
loss proves final policy quality. No recurring monitor was created.

No source-code file was changed for this cutover; the launcher/contract and
manifests remain untracked audit artifacts. Per the user's Git-scope rule, the
only paths permitted in the index remain `agent.md` and this log.

2026-07-20 rollout-input teacher-only fresh PPO, 8 nodes / 64 GPUs
-----------------------------------------------------------------

The requested job is now live as `zihanw22/carry-any/crjedc0u`, named
`teacher_rl_linvel_rollout3_ws64_fresh_20260720_200722`. It trains a fresh
privileged teacher directly with PPO on the exact three motions used by the
rollout distillation arm: `scaledown__any_barrel_25`,
`unscale__any_ball_29`, and `unscale__any_bin_29`. Distillation, BC, DAgger,
label-teacher loading, policy initialization, and training resume are all
disabled. The u8 generator SHA256
`80cb13e13590239d015ba0a29bdbae901b7785a9789d144745c7bd330059cd68`
is retained only as input-motion lineage.

Eight new homogeneous 8x L40S nodes were selected: master
`10.99.0.24:31741`, then `10.99.0.39`, `.54`, `.61`, `.180`, `.183`, `.201`,
and `.244`. The topology is 64 ranks with 1,024 environments per rank and
65,536 globally. The protected existing distill jobs `tigpqe1l` and
`ugqc8xn0` were not touched. The exact tmux session on every node is
`teacher_rl_rollout3_ws64_crjedc0u`.

The actor contract is the 178-D privileged observation ending in base-frame
`base_lin_vel`, a `[512,256,128]` MLP, and 29-D action. PPO uses 24 rollout
steps, seven epochs, four minibatches, actor/critic LR 1e-3 with adaptive
bounds `[1e-5,1e-2]`, desired KL 0.01, entropy 0.005, gamma/lambda 0.99/0.95,
and 40,000 target updates. Periodic checkpoints are exactly every 1,000
updates, checkpoint saves do not reset the rollout, no step-zero checkpoint is
created, and training video/ONNX export are off.

Randomization is the reviewed teacher state-robust contract: joint position
and velocity +/-0.20 rad and +/-0.35 rad/s; root position, rotation, linear
velocity, and angular velocity ranges +/-`[0.08,0.08,0.025]`,
`[0.15,0.15,0.30]`, `[0.20,0.20,0.10]`, and `[0.25,0.25,0.35]`; object xy
+/-0.08 m; and recovery push `[0.7,0.7,0.25,0.7,0.7,1.0]` every 0.5--2.0 s.
No action delay, PD/motor, mass/friction, camera, or depth sim2real nuisance is
active.

The immutable source is
`src-a8879814e247e78b0e686fb8bdf94b985d008b2960aa187b482ef8de7b644399`.
Final worker SHA256 is
`8ac6fe72cc248ece7b445d800e3096c8152f30c7d57c4b12930264d7d900d1cf`;
run-contract SHA256 is
`897a17d2b590627144b72fa44098ca8ffa797346905d8033264f37cd61b939d4`;
the ws64 shard manifest is
`311cd1a9507b2ee8a218ad36ecf7284a774bd752bd5af04cb248528cc302c6be`.
The 64 deterministic shards cover barrel/ball/bin 21/22/21 times. Every node
passed immutable source, runtime, NCCL, data, contact, single-slot URDF, mesh,
GPU, ECC, and worker byte gates. The generated 111-argument final command
passed the simulator-free Tyro scientific parser with episodic
`bad_tracking/motion_ends/timeout` term semantics.

Several failures were deliberately kept before acceptance. Pre-GPU checks
caught a source archive that had been copied but not extracted, a contact
validator invoked before its exact PYTHONPATH, missing `.201` object meshes,
missing source URDF dependencies, and an invalid logger option ordering. The
first live startup then stopped before iteration zero because `.244` lacked
the canonical `/data/logs_new`. An initial controller-local permission check
was not valid evidence for remote `.244`; attempt2 reproduced the same remote
permission error and all ranks exited cooperatively. The correction performed
an actual remote `namei`, owner/mode check and write probe, created the missing
directory as `ubuntu:ubuntu` mode 0775, verified all eight nodes idle/UECC0,
then started attempt3. No rejected attempt produced a training checkpoint.
The attempt-specific logs are retained in the run root.

Rule-90 uses the exact first rollout barrel clip and reviewed bytes: H.264
1280x720 at 50 fps, 329 frames/6.58 seconds, 1,322,033 bytes, SHA256
`472bba238e80c2c841e8ba6b275ea7a390638159e4e19d7f464ed6405b62b7df`.
Once primary training history existed, the same bytes were written once at
history step 17 under `vis/replay`. The summary was rebound through the exact
live primary W&B Unix service without calling finish. After the binding
survived multiple primary metric flushes, the history file was freshly
downloaded and rehashed; only then was the redundant summary-only file
deleted. The run now has one replay history row, one MP4, and summary metadata
`replay/history_backed=true`, `replay/history_step=17`.

At bounded acceptance on 2026-07-20 20:39 UTC, all eight nodes reported the
same completed iteration 124, all eight exact tmux sessions were alive, every
node had eight GPU compute applications, all volatile UECC totals were zero,
no worker exit file existed, and every attempt3 log had zero matches for
Traceback, ChildFailedError, CUDA OOM, NCCL error, permission error, no-space,
or segmentation fault. Fresh W&B read `running` at step 118 with PPO
coefficient 1, BC/distill/current/replay BC losses all zero, finite actor and
critic loss, and mean reward 4.0588. This was a bounded launch acceptance; no
recurring monitor was created.

The run contract, replay manifest, final worker, and exact dry-run output are
under the untracked audit root
`outputs/formal_teacher_rl_rollout3_ws64_fresh_20260720_200722/`. No tracked
source file was changed for this launch. Per the user's standing Git rule, the
only index paths remain `agent.md` and this log.

2026-07-20/21 correction: depth-student pure-RL rollout3, 8 nodes / 64 GPUs
----------------------------------------------------------------------------

The user corrected the target immediately: the requested artifact was not a
privileged teacher trained with PPO, but the new depth-observing student policy
interface trained with pure RL. The prior `crjedc0u` run had disabled
distillation correctly but still instantiated the 178-D privileged teacher
actor, so it was the wrong policy role. All eight exact
`teacher_rl_rollout3_ws64_crjedc0u` sessions were stopped. Each node was then
verified to have zero old training processes, zero old session, and zero GPU
compute applications before reuse. W&B `crjedc0u` was finalized as `finished`
with `training_target_reached=0` and `lifecycle/stop_reason`
`wrong_target_teacher_training_replaced_by_depth_student_pure_rl`. Protected
distillation runs `tigpqe1l` and `ugqc8xn0` were not attached, stopped, or
modified.

The accepted replacement is `zihanw22/carry-any/rvxqm5y5`, named
`student_pure_rl_depth_rollout3_ws64_fresh_20260720_235642`; its exact session
on every node is `student_pure_rl_depth_ws64_rvxqm5y5`. The topology is eight
nodes x eight L40S GPUs: master `10.99.0.24:31751`, followed by
`10.99.0.39`, `.54`, `.61`, `.180`, `.183`, `.201`, and `.244`. There are 64
ranks, 64 environments per rank, and 4,096 environments globally. Reducing
the per-rank count from the privileged teacher's 1,024 is intentional because
each student environment renders and encodes depth.

This is a fresh pure-PPO run. `distill.enabled=false`, PPO coefficient is one,
and label-teacher loading, BC, DAgger, training resume, and policy
initialization are all absent. Actor, critic, optimizers, RNG, and iteration
start fresh. Runtime provenance says `training_regime=pure_rl`,
`teacher_enabled=false`, `policy_init_enabled=false`, and
`training_resume_enabled=false`. Its recorded `teacher_sha256`
`bd1ae4f79c070415da8991960ddcc95a8e734989ef15be2bc8b2053a7a973cb2`
is the domain-separated disabled sentinel emitted by provenance, not a teacher
checkpoint. The worker environment explicitly unsets all teacher-checkpoint
variables, and no teacher path appears in the training arguments.

The experiment preset is reused only to instantiate the established student
observation/module interface. Active actor groups are exactly
`actor_obs_root_contact_aware`, `actor_obs_drop_button`, and
`actor_obs_proprio_with_actions_no_linvel`, totaling 94 scalar dimensions;
`base_lin_vel` is absent. The D435i preset supplies far-tracking warp depth at
raw 60x106 / processed 58x87, encoded by the small CNN to 32 dimensions and
concatenated with scalar observations. Runtime module construction confirms
the first actor layer is 126 -> 512, followed by 256/128 and 29 actions. The
critic has the state-privileged 377-D interface; perception is not injected
into the critic.

The depth contract is the actual noisy student training interface: reset-time
camera-pose randomization; three-to-four-frame camera latency; multiplicative
sensor noise; edge noise and holes with probability 0.2; additive noise and
depth offset standard deviations 0.03 m; robot mesh and selected object mesh
included. The runtime stochastic-state log proves `sensor_noise=True`,
`reset_pose_randomization=True`, and instantiated noise/dropout state. Student
dynamics remain `g1_29dof_wbt_w_object_with_action_delay`; strong root pushes
are `[0.7,0.7,0.25,0.7,0.7,1.0]` every 0.5--2.0 seconds.

The data are the exact three u8 simulator-rollout clips used by the rollout
distillation arm: barrel25, ball29, and bin29. Their immutable motion-generator
SHA remains lineage only and is never loaded as a policy. The 64 rank shards
cover the clips 21/22/21. Adaptive timestep sampling, fixed timestep-zero
probability 0.2, uniform-T1 window 50 with density boost 7, contact-interval
button windows, peak-height carry windows, tracking-error sparse-root
selection, 0.2-second prepend, 2.0-second append, and offline contact guidance
are active. Termination is episodic with `bad_tracking`, `motion_ends`, and
`timeout`.

PPO uses 24 steps per environment, seven epochs, four minibatches, actor and
critic initial learning rates 1e-3 with adaptive bounds `[1e-5,1e-2]`, desired
KL 0.01, entropy 0.005, gamma/lambda 0.99/0.95, and initial action noise std
1.0. The target is 40,000 updates. Checkpoints are exactly every 1,000 updates,
do not reset rollout state, and skip step zero; ONNX export is enabled and
training video is disabled.

The final immutable source is
`src-a8879814e247e78b0e686fb8bdf94b985d008b2960aa187b482ef8de7b644399`,
archive SHA256
`dcbf88cdc3c274799240b078a52fb7019a3bd0637e2339422fae6287f3357de2`.
Worker, run-contract, and replay-manifest SHA256 values are respectively
`c715d02648476555c69b46f8e3194dfe55864a9299eb1c14e4cf06ab7b97a29c`,
`a0dc0f91a5ccd729f1e6649c541203d2b343738cbe1e1bda98c5e88c483945a2`,
and `e2b7533166972c9650efeb647b1c47ab11000530f256e9af85897285a5d83e3e`.
They are under untracked audit root
`outputs/formal_student_pure_rl_depth_rollout3_ws64_fresh_20260720_235642/`.

Two preflight attempts failed closed before simulator/model/optimizer/history.
The first correctly rejected the distillation-only `student_motion_end_mode`
field from pure-RL provenance; it was removed from provenance only, while the
actual episodic termination CLI remained unchanged. The second reached the
rank-zero W&B gate and rejected a replay absolute path not present on the new
master. Exact reviewed bytes were copied to that path and SHA256 verified;
the final all-node parser and preflight then passed.

Rule-90 is the first canonical rollout barrel trajectory: single-robot H.264,
1280x720 at 50 fps, 329 frames/6.58 seconds, 1,322,033 bytes, SHA256
`472bba238e80c2c841e8ba6b275ea7a390638159e4e19d7f464ed6405b62b7df`.
After primary training history existed, a non-primary writer with
`x_primary=false` and `x_update_finish_state=false` logged the exact bytes once
at history step 84. The summary was rebound through the exact live rank-zero
primary W&B Unix service, without finish or another history row. That binding
survived subsequent primary metric flushes. The history file was freshly
downloaded and rehashed before the summary-only duplicate was deleted. A fresh
API read proves exactly one `vis/replay` row, one MP4, matching path/SHA/size,
`replay/history_backed=true`, and `replay/history_step=84`; the run remained
`running`.

Bounded acceptance at 2026-07-21 00:15 UTC found all eight exact tmux sessions
alive, eight compute applications per node, 64 GPUs total, volatile UECC zero,
no exit file, and zero Traceback, ChildFailedError, CUDA OOM, NCCL abort,
segfault, or killed matches in all node logs. Each node retains 77 Isaac
headless graphics/GPU-foundation `[Error]` lines from startup; rank zero has
zero such additions after its first training progress line, consistent with
the already-audited no-viewport startup pattern. Rank zero had reached
iteration 118. Fresh W&B was `running` at step 115 with total throughput
23,468 steps/s, collection/learning times 2.327/1.861 seconds, mean reward
2.1769, finite actor/critic loss, PPO coefficient one, and all distill, BC,
current-BC, and replay-BC losses exactly zero. This is a bounded launch
acceptance only; no recurring monitor was created.

No tracked source file was changed for this correction/launch. Per the user's
standing Git rule, only `agent.md` and this log may be staged.

## 2026-07-21: replace rollout3 depth pure-RL with CORL79 at 1,024 env/GPU

The prior depth-student pure-RL run `zihanw22/carry-any/rvxqm5y5` was stopped
only after exact session/PID/W&B identity checks on all eight nodes. All old
sessions, processes, and GPU applications were then absent. Its W&B lifecycle
was finalized at last step 4,448 with `training_target_reached=0` and stop
reason `user_requested_replace_with_corl79_pure_rl_1024_per_gpu`; its final
state is `finished` and it must not be resumed.

The replacement is `zihanw22/carry-any/3m8lkcxf`, named
`student_pure_rl_depth_corl79_ws64_e1024_20260721_060531`, with session
`student_pure_rl_depth_corl79_e1024_3m8lkcxf` on each of
`10.99.0.24/.39/.54/.61/.180/.183/.201/.244`. The topology is eight nodes,
eight L40S GPUs per node, 64 ranks, exactly 1,024 environments per rank/GPU,
and 65,536 environments globally. Fresh W&B config independently reports
requested/effective totals 65,536, per-rank 1,024, and world size 64.

The input is the actual 79-clip CORL80 bank
`carryany_filter_scale_noscale_keep169_20260513_plus_box_teacher_rollout_success155_bcleb5oi58000_final0p5_primitiveproj_solid80_clean_box_bin_barrel_ball`:
25 box, 15 bin, 35 barrel, and four ball clips. Object mapping and contact
windows cover 79/79 clips; wrist targets cover left 79/right 78. Immutable
single-slot and ws64 manifests are SHA256
`910399359c1bf8d236ec446667b27902de0037c24c7dfcb40aa70a1bf6d0522d`
and `2378e682cf8906854050731bc45a340a157c61be9eaeefb24fe31ef14ed4f470`.
The 64 shards cover every source clip exactly once with one or two clips per
rank.

This is fresh noisy-depth student PPO, not teacher training or distillation.
`distill.enabled=false`, PPO coefficient is one, and teacher, BC, DAgger,
policy initialization, and training resume are absent. The actor remains the
94-D no-linear-velocity scalar interface plus D435i depth CNN; the critic is
state privileged. Reward, contact-aware/adaptive sampling, depth stochastic
semantics, action-delay dynamics, and strong-push logic match the accepted
rollout3 pure-RL run. PPO remains 24 steps/environment, seven epochs, four
minibatches, adaptive actor/critic LR from 1e-3, and 40,000 target updates.
Periodic PT/ONNX is exactly every 1,000 updates, ordinary saving does not reset
rollout, and step-zero checkpointing is disabled.

Immutable source is
`src-a8879814e247e78b0e686fb8bdf94b985d008b2960aa187b482ef8de7b644399`
with archive SHA256
`dcbf88cdc3c274799240b078a52fb7019a3bd0637e2339422fae6287f3357de2`.
Worker, run-contract, and replay-manifest SHA256 are respectively
`33d4317b316a72ec03c35bd0a492e1cbbf03d154524373c9f11fc8d27aa33523`,
`86011f08b807f3f5c027060c0c3899d02d9922a423ff5dd1f7c49c151d46038c`,
and `bc8133f25922fb91ef076f64aa8d8b61f7a6571201b137cbcb9238439571e3fd`.
Audit artifacts remain untracked under
`outputs/formal_student_pure_rl_depth_corl79_ws64_e1024_20260721_060531/`.

Rule-90 used the final bank's canonical first clip `box_10`, exact 0.2-second
prepend and 2.0-second append, and disabled randomization. The reviewed
single-robot H.264 is 1280x720 at 50 fps, 368 frames/7.36 seconds, 1,540,060
bytes, SHA256
`42ed3c334792cecd4edf14ad96dcd67f40c671885f2d32f86d0ce706deca2ea4`.
Manual contact-sheet review found continuous approach, pickup, carry, and
return with the correct box and no grey/default substitution. Once training
history existed, the same bytes were logged exactly once at history step 21.
Fresh remote download reproduced SHA/size, summary was rebound to the history
path, and the summary-only duplicate was deleted. One replay history row and
one replay MP4 remain.

Bounded launch acceptance found 8/8 exact sessions, eight compute applications
per node, 64 GPU applications total, no exit file, and all nodes synchronized
through at least iteration 13. Runtime logs explicitly show 1,024 fixed
environments per rank, verified 64-GPU parameter synchronization, and enabled
hierarchical gradient reduction. Peak memory was approximately 27--29 GiB per
GPU, so 1,024 did not OOM. Exact scans across all node logs found zero
Traceback, ChildFailedError, CUDA OOM, NCCL abort/error, nonfinite, or NaN
events. W&B was `running`, with `training_regime=pure_rl`, teacher/resume false,
PPO coefficient one, replay-BC loss zero, and early aggregate throughput about
188,000 steps/s. No recurring monitor was created.

No tracked source file was changed for this data/scale replacement. Per the
user's standing Git rule, only `agent.md` and this log may be staged.

[2026-07-23] no-contact CORL79 student model-12000 evaluation

The latest complete checkpoint in running W&B run
`zihanw22/carry-any/34qv1qqp` was `model_12000.pt`, SHA256
`160b15676191d3a14ccb19ab38d408293b233376570a285ec8861efdeace13ed`,
with completed iteration 11999. The run remained running and was not paused,
stopped, or mutated by the evaluator.

The single-robot evaluation used immutable source
`src-a8879814e247e78b0e686fb8bdf94b985d008b2960aa187b482ef8de7b644399`,
canonical CORL79 clip `box_10`, seed 42, timestep zero, no initial-pose noise,
no adaptive/T1 sampling, no physical randomization, and no automatic,
motion-end, or clip-end reset. Checkpoint-exact noisy-depth preprocessing
remained active: far-tracking warp sensor/edge/hole noise, hole probability
0.2, additive/depth-offset standard deviation 0.03, and latency frames [3,4].

`scripts/record_checkpoint_inference.py` lacked the training-reference-batch
binding already used by the formal evaluator. With one live evaluation
environment, policy identity therefore rejected an implicit hole-noise
reference-batch migration from 1024 to 1 before loading weights. The recorder
now calls `_bind_training_perception_reference_batch` after contract
validation. This preserves the training producer distribution without
changing the actor, observations, checkpoint, or motion. The patched harness
SHA256 is
`c642da8fb7a3850316bfb5f35ab0d94345c3fee8f2f03bd4b86aa6962e5ec770`.

A non-headless attempt on the display-less controller produced a structurally
valid but black 501-frame video and was rejected by visual review. Re-recording
with Isaac's headless rendering kit and tracking camera produced visible
frames. Both attempts generated byte-identical 501-row policy/action/object
metrics, proving that only the renderer changed.

The delivered H.264 yuv420p MP4 is 640x360 at 50 fps, 501 frames/10.02
seconds, 543,318 bytes, SHA256
`50a23c4e151a7ae5e6ec698b43c634fc7160e28955ef3c4d8a925193252b48fc`.
Visual review found one robot and the correct box with no reset, but the
student did not carry the box to the end: robot/object net displacement was
approximately 2.283m/0.560m and their separation increased from 0.768m to
1.973m. This failure was retained rather than edited out.

The original W&B run now contains exactly one `vis/evaluation_student`
history media and exactly one matching remote MP4. A fresh remote download
reproduced the local SHA, size, codec, dimensions, frame count, and duration;
checkpoint/source/motion/asset/perception provenance was logged in the same
payload. The run was still `running` after remote verification.

[2026-07-23] model-12000 evaluation initialized after pickup

The follow-up used the same authenticated `34qv1qqp/model_12000.pt`,
`box_10`, seed 42, single environment, checkpoint-exact noisy depth, zero
initial-pose noise, disabled adaptive/T1/physical randomization, and disabled
automatic/motion-end/clip-end reset. The only task change was initialization
at runtime timestep 110: after the ten-frame static prepend, this is source
motion frame 100, whose reference object height is approximately 0.828m
versus the 0.110m floor state.

Evaluation reset previously forced timestep zero unconditionally.
`MotionCommand` now has a default-disabled exact forced-reset timestep.
It is applied before robot, joint, and object reset targets are read, rejects
values beyond `clip_length - 2`, and is not overwritten by the start-at-zero
mixture. `scripts/record_checkpoint_inference.py` exposes it as
`--initial-motion-timestep` and records effective motion timestep and clip
index in each metrics row. The default is `None`, so training behavior is
unchanged.

Reset happened at timestep 110; the existing reset warm-up and first policy
step make the first of 370 metrics rows timestep 112. The final row freezes at
467. Initial actor input contained a small nonzero root tracking error and a
zero drop button, confirming that this was the real checkpoint interface and
not a joystick velocity or isolated object teleport.

Manual review shows the robot holding the correct box from the first frame,
carrying it through the main trajectory, and lowering/releasing it during the
reference drop. Object and robot net displacement were 2.582m and 2.315m.
Across the 256 rows still mapped directly to source reference frames, aligned
object-position error had mean/median/max 0.1067/0.0999/0.2366m. This isolates
the dominant failure to grasp establishment from the floor rather than the
already-grasped carry behavior.

The final H.264 yuv420p file is 640x360 at 50fps, 370 frames/7.40 seconds,
481,148 bytes, SHA256
`28b0fdc452749076205aced17073ad7e490652522e36286cb571bb6bed2b6622`.
It is stored at
`/home/ubuntu/FAR/holosoma_runs/formal_student_34qv1qqp_carry_init_eval_20260723/final/34qv1qqp_model_12000_student_box_10_carry_init_t110.mp4`.
The user subsequently explicitly requested W&B logging. Exactly one history
media was added to the original run at key
`vis/evaluation_student_carry_init`, history step 13350; no new run was
created and the existing `vis/evaluation_student` was not overwritten. The
remote file is
`media/videos/vis/evaluation_student_carry_init_13350_28b0fdc452749076205a.mp4`.
A fresh API download reproduced SHA256, 481,148-byte size, H.264/yuv420p,
640x360, 50fps, 370 frames, and 7.40-second duration. The run state was
`running` before and after upload. No live training process was changed. The
recorder used only idle controller GPU 4, which returned to approximately
905MiB and 0% utilization afterward.

`py_compile` passed for the changed command/recorder sources, and
`tests/unit/test_evaluation_setup_order.py` reported 6 passed. Per the user's
standing Git restriction, only `agent.md` and this log are staged; the two
source edits remain unstaged.

[2026-07-23] carry-init evaluation with persistent forward command

The same checkpoint, motion, timestep-110 initialization, noisy-depth
contract, and disabled physical randomization were used. The only policy
input change was a persistent robot-heading-frame relative pose command
`[dx, dy, dyaw] = [0.5m, 0, 0]`; manual mode kept the drop button at zero.
This is not a 0.5m/s velocity command: the 0.5m relative displacement error
remains present as the robot advances. The recorder now exposes this
default-disabled behavior through `--manual-forward-command-m`, leaving
training and ordinary evaluation unchanged.

All first 40 policy-I/O debug rows contained exactly `[0.5, 0, 0, 0]` for
root command plus drop button. The robot initially carried the box forward
for about two seconds, then lost balance and fell. Robot root height first
fell below 0.5m at 2.74s, object height below 0.4m at 2.80s, and robot-object
separation exceeded 0.7m at 3.04s. Final separation was 2.087m. The failed
tail was retained without editing.

The H.264/yuv420p file is 640x360 at 50fps, 370 frames/7.40 seconds, 530,183
bytes, SHA256
`4c56db4f844b5c337372f9ec33fc1a588522d11945f6a5c86e779e7eca54398e`.
It was logged exactly once on the original run at
`vis/evaluation_student_carry_init_forward_0p5`. The remote filename is
`media/videos/vis/evaluation_student_carry_init_forward_0p5_13456_4c56db4f844b5c337372.mp4`;
fresh history returned step 13464 because the live primary writer advanced
concurrently. A fresh download reproduced SHA, size, codec, dimensions, FPS,
frame count, and duration, and the run remained `running`.

The local final is
`/home/ubuntu/FAR/holosoma_runs/formal_student_34qv1qqp_forward_0p5_eval_20260723/final/34qv1qqp_model_12000_student_box_10_carry_init_t110_forward_0p5.mp4`.
Only idle controller GPU 5 was used and it returned to approximately 905MiB
and 0% utilization. `py_compile` and the six evaluation-setup tests passed.
Only `agent.md` and this log remain staged.

[2026-07-23] carry-init forward-command sweep at 0.05/0.10/0.15/0.20m

After the user rejected 0.5m as too large, four otherwise identical
evaluations used persistent heading-frame relative-pose dx commands 0.05,
0.10, 0.15, and 0.20m. The checkpoint, box_10 source, runtime timestep-110
initialization, zero drop button, noisy-depth contract, and disabled physical
randomization were unchanged. Each output has 370 frames/7.40 seconds.

Forty policy-I/O rows per video contained only the expected float32 encodings
`0.050000000745`, `0.100000001490`, `0.150000005960`, and `0.200000002980`;
dy, dyaw, and drop were all zero. At 0.05 the robot did not fall but began
lowering the object near the ground around 1.68s, ending at object z=0.217m
and robot-object distance 0.509m. The 0.10, 0.15, and 0.20 runs retained the
object for the full video, ending at object z 0.820/0.870/0.915m and
robot-object distance 0.306/0.289/0.320m. Robot/object net displacements were
1.976/1.991m, 3.829/3.478m, 4.645/4.318m, and 7.286/7.163m respectively.

The four distinct W&B keys were written in one history row at step 13523:
`vis/evaluation_student_carry_init_forward_0p05`,
`vis/evaluation_student_carry_init_forward_0p10`,
`vis/evaluation_student_carry_init_forward_0p15`, and
`vis/evaluation_student_carry_init_forward_0p20`. Remote size/SHA pairs were:

- 0.05: 445,756 bytes,
  `22ddbe16fae25239864152438e92b8671632fb4a2e6c053f18b224666c4ea779`
- 0.10: 535,229 bytes,
  `1f58e6e224004909b5490baf713f36b43c2075a2278077b9fe23404a615c42f3`
- 0.15: 570,194 bytes,
  `e812527da0867c1acaec4d272fd493217c3414e25cb2e22b6bed34b7061e3181`
- 0.20: 589,017 bytes,
  `b692dc9b2ad7cd8e26a695fecbbf4da1340f90f763b81fd3266094a1a6e9fd61`

Fresh API downloads independently reproduced all SHA values and H.264,
yuv420p, 640x360, 50fps, 370-frame, 7.40-second probes. The original run
remained `running`. Recording used only idle controller GPUs 3/4/6/7 with
distinct converter ranks and caches; all four returned to approximately
905MiB and 0% utilization. The training job was not modified. Only
`agent.md` and this log remain staged.

[2026-07-23] eight-object carry-init forward-command sweep

The box_10 result was expanded to four categories with two different
canonical clips in each category, while preserving the exact
`zihanw22/carry-any/34qv1qqp` model-12000 checkpoint (SHA256
`160b15676191d3a14ccb19ab38d408293b233376570a285ec8861efdeace13ed`),
CORL79 immutable source, checkpoint-exact noisy-depth input, seed 42, disabled
adaptive/T1/physical randomization and disabled automatic resets. The selected
clips were box_20, box_28, noscale__any_ball_3, noscale__any_ball_6,
noscale__any_barrel_1, noscale__any_barrel_12, noscale__any_bin_32, and
noscale__any_bin_34.

Carry initialization was selected per motion rather than reusing the box_10
frame. Source/runtime timesteps were 93/103, 124/134, 105/115, 108/118,
144/154, 134/144, 134/144, and 132/142 in the clip order above. Each clip was
run separately with persistent robot-heading-frame relative-pose dx commands
0.10, 0.15, and 0.20m, for 24 videos total. These values are displacement
errors, not m/s velocities. Forty policy-I/O debug rows per video reproduced
the exact float32 dx values; dy, dyaw and drop were always zero. Every result
has 370 metric rows and a 370-frame/7.40-second H.264 yuv420p
640x360@50fps video.

Manual review of eight three-row contact sheets confirmed the intended object
geometry/texture in every rollout and no default pose or fallback asset. The
gray box_20/box_28 appearance is the canonical asset. The strict terminal gate
(robot z above 0.5m, object z above 0.5m, separation below 0.7m) passed 19 of
24:

- box_20 and box_28 passed at 0.10/0.15/0.20;
- ball_3 passed all three, while ball_6 at 0.10 lowered to object z=0.474m
  with the robot still upright and passed at 0.15/0.20;
- barrel_1 passed all three; barrel_12 dropped the object at 0.10 and 0.15
  but passed at 0.20;
- bin_32 at 0.10 lowered to object z=0.398m and passed at 0.15/0.20;
- bin_34 at 0.10 fell at approximately 6.6s and passed at 0.15/0.20.

All 24 videos were logged to the original run in one history row, step 13830,
with keys
`vis/evaluation_student_object_sweep/<category>/<clip>/forward_0p10`,
`.../forward_0p15`, and `.../forward_0p20`. A fresh API query found exactly
24 such history values in that row and exactly 24 matching remote MP4 files.
Every remote file was downloaded independently. Its SHA256, byte size, frame
count and duration matched the local analysis row. The sorted expected and
remote verification manifests have the identical SHA256
`1675420e9ded31cd1af1726aa38d61cfee485261f34457877bddb6d07d54f85b`;
total media size is 13,133,288 bytes. The live run had advanced to step 13854
and remained `running` during final verification.

The full audit root is
`/home/ubuntu/FAR/holosoma_runs/formal_student_34qv1qqp_object_forward_sweep_20260723`;
`analysis.json` contains all per-video command, trajectory, outcome, SHA,
size and probe records, `review/*_compare.png` contains the visual audit, and
`remote_verify_13830` contains the fresh W&B downloads. Only idle controller
GPUs 3--7 were used, with independent caches and converter ranks. They
returned to approximately 905MiB and 0% utilization. GPU0--2 and all live
training processes were untouched. Per the user's standing Git restriction,
only `agent.md` and this log are staged.

[2026-07-23] latest model-15000 autonomous pickup evaluation

The latest complete integer checkpoint on the still-running
`zihanw22/carry-any/34qv1qqp` run was `model_15000.pt`, SHA256
`fb7e737163943a7d8f8d019b07ecd883d4a4c9d498397759bee3f8a31d5c6652`.
The downloaded payload reported both `iter` and `iteration` as 14999.

For a direct comparison with the failed model-12000 pickup evaluation, this
run used the same canonical box_10 motion/object, seed 42, one environment,
timestep zero, zero initial-pose noise, disabled adaptive/T1/physical
randomization, and disabled automatic/motion-end/clip-end resets. No forced
carry-init timestep and no manual forward command were provided. The object
URDF nominal mass remained 0.1kg. Thus this evaluated autonomous grasp
establishment from the ground rather than already-grasped carrying.

The 501-step trajectory and manual contact-sheet review agree that pickup
succeeded. Object z started at 0.1105m, remained at least 0.30m above the
initial height for ten consecutive frames beginning around 2.00s, and
remained at least 0.50m above it beginning around 2.52s. Peak object z was
0.9177m at approximately 3.48s. While the object was at least 0.30m above its
initial height, robot-object distance never exceeded 0.5274m. By step 300
(approximately 6s) object horizontal displacement was 2.4755m, and minimum
robot root z over the full rollout was 0.6467m. The lowering and floor
placement around 7--8s follow the source motion's release phase and are not
an early drop. This is a real improvement over model-12000 on the same
deterministic clip, but is not a 79-clip success-rate estimate.

The untrimmed final video is H.264/yuv420p, 640x360 at 50fps, 501 frames and
10.02 seconds, 654,740 bytes, SHA256
`3953be9b7e6a7e3722dd6e9659cba6e36c47fab7fa60ccfc246a9569235938f4`.
It was logged exactly once on the original run at
`vis/evaluation_student_pickup_from_t0_model_15000`. The media filename uses
step 15379 and a fresh history scan found the one media row at step 15386,
because the live primary writer continued advancing. A fresh remote download
reproduced SHA, size, codec, dimensions, FPS, frames and duration. The run
was still `running` at step 15393.

The audit root is
`/home/ubuntu/FAR/holosoma_runs/formal_student_34qv1qqp_model15000_pickup_eval_20260723`.
Only idle controller GPU3 was used. After all 501 metrics and the final video
were saved, Isaac Sim hung during application cleanup; only that isolated
evaluation process was interrupted. GPU3 returned to approximately 905MiB
and 0% utilization, and no training process was attached or changed. Only
`agent.md` and this log remain staged.

[2026-07-23] model-15000 zero-command pickup then forward-command replacement

Implemented the requested two-phase evaluation command without changing the
training default. At evaluation setup, the actor raw command slice is forced
to `[dx, dy, dyaw, drop] = [0, 0, 0, 0]`. After object world-z has risen at
least 0.30m relative to the post-warm-up baseline for ten consecutive control
steps, that slice is directly replaced with `[0.10|0.15|0.20, 0, 0, 0]`.
The value is a persistent heading-frame relative-pose displacement, not a
velocity and not an additive offset to a source-motion command. Drop remains
zero throughout.

`MotionCommand.configure_manual_forward_after_lift()` validates the contract,
captures per-environment baseline object height and initializes a consecutive
counter, latched trigger and trigger episode step. The update runs after the
post-physics object snapshot and before observation calculation, so the next
actor forward observes the replaced value. The feature is disabled unless
explicitly configured. The checkpoint recorder exposes
`--manual-forward-after-lift-command-m`,
`--manual-forward-after-lift-rel-z-delta-m` and
`--manual-forward-after-lift-consecutive-steps`, rejects simultaneous use of
the old immediate manual command, records trigger state in every metrics row,
and fails closed if the stable-lift trigger never occurs.

`python -m py_compile` passed for the recorder and command term.
`pytest -q tests/unit/test_manual_forward_after_lift.py
tests/unit/test_evaluation_setup_order.py` passed all 11 tests, covering zero
hold, threshold reset, consecutive triggering, replacement, drop zero and
invalid configuration.

Three deterministic 501-step evaluations used the exact
`zihanw22/carry-any/34qv1qqp` model-15000 checkpoint (SHA256
`fb7e737163943a7d8f8d019b07ecd883d4a4c9d498397759bee3f8a31d5c6652`),
canonical box_10, nominal 0.1kg object, timestep zero, seed 42, one
environment, and the preceding disabled adaptive/T1/physical-randomization
and automatic-reset settings. All three triggered at metrics step 129,
approximately 2.65s, with internal episode step 131. Policy-I/O logs prove
steps 0--129 contain exactly `[0,0,0,0]`; step 130 onward contains only the
respective float32 dx value `0.10000000149`, `0.15000000596`, or
`0.20000000298`, with dy/dyaw/drop always zero.

Manual contact-sheet review and trajectories agree that all three variants
pick up from the floor and continue carrying for the remaining approximately
7.4s with no done. Minimum robot root z was 0.6453m and minimum post-trigger
object z was 0.5774m. Final object height deltas above the initial height were
0.5072, 0.5628 and 0.6605m. Post-trigger robot/object horizontal displacement
magnitudes were approximately 4.88/5.00m, 6.35/6.44m and 9.19/9.27m. This is
a deterministic box_10 check, not a CORL79 success-rate estimate.

The three untrimmed H.264 640x360@50fps videos each contain 501 frames and
10.02s. They were logged in one original-run history row at step 15653 under:

- `vis/evaluation_student_zero_then_forward_after_pickup_model_15000_0p10`
- `vis/evaluation_student_zero_then_forward_after_pickup_model_15000_0p15`
- `vis/evaluation_student_zero_then_forward_after_pickup_model_15000_0p20`

Their size/SHA256 pairs are 689,983 bytes /
`8627d2a2405bab2c1a8ad30f2d752fc22be16b4d1458c5008be0f2a76836e149`,
705,521 /
`fd2d0acdf949f54f9e69c029fcc35299d97696c40e7a7542eb54e70ba8eaa92f`,
and 740,353 /
`f9da5b5f93477cee7611883e2261cb0df09a476ea227ac9ab1c406e73d4858fb`.
A fresh W&B API session found exactly those three matching remote media files
and exactly one history row with all three keys. Independent remote downloads
matched local SHA, size, codec, dimensions, FPS, frame count and duration.
The live training run remained `running`.

The audit root is
`/home/ubuntu/FAR/holosoma_runs/formal_student_34qv1qqp_model15000_zero_then_forward_sweep_20260723`;
`remote_verify_15653` contains the remote readback. The evaluations used only
idle controller GPUs 3/4/5 with converter ranks 151/152/153. Isaac Sim
cleanup reached the outer 150s timeout only after all 501 rows and videos had
been written, so the recorded exit code 124 is a cleanup timeout rather than
a rollout failure. GPUs 3--5 returned to approximately 905MiB at 0%; GPU0--2
training was not attached, paused or modified. Only `agent.md` and this log
remain staged.

[2026-07-24] model-15000 zero-then-forward sweep for eight additional objects

Expanded the exact preceding model-15000 evaluation protocol to all eight
previously selected canonical objects, with three commands per object:
box_20, box_28, noscale__any_ball_3, noscale__any_ball_6,
noscale__any_barrel_1, noscale__any_barrel_12, noscale__any_bin_32 and
noscale__any_bin_34 at dx 0.10, 0.15 and 0.20m. Every run used timestep zero,
seed 42, one environment, the exact checkpoint SHA256
`fb7e737163943a7d8f8d019b07ecd883d4a4c9d498397759bee3f8a31d5c6652`,
and the canonical single-pair motion/object map. The actor raw slice starts
at `[0,0,0,0]`, then is replaced by `[dx,0,0,0]` only after object world-z
has remained at least 0.30m above its initial value for ten control steps.

A canary showed that the shorter box_20 motion reached episodic motion-end
termination at step 365, reset to timestep zero and split the video. The 24
formal recordings therefore explicitly set
`HOLOSOMA_DISABLE_AUTO_RESET=1`,
`HOLOSOMA_DISABLE_MOTION_END_RESET=1`,
`HOLOSOMA_DISABLE_CLIP_END_RESET=1`, and
`HOLOSOMA_DISABLE_BAD_TRACKING_RESET=1`. This is evaluation-only. Each motion
freezes at its terminal frame instead of resetting; all 24 metrics files have
501 rows and `any_done=false`, and every final MP4 is a continuous 501-frame,
10.02-second H.264/yuv420p 640x360@50fps artifact.

All 24 trajectories reached the stable-lift trigger. Trigger episode steps
were deterministic across the three commands for each clip: ball3=112,
ball6=141, barrel1=123, barrel12=116, bin32=135, bin34=152, box20=117 and
box28=126. Each task retained 180 policy-I/O rows. All 24 prove a strictly
zero four-value command before the transition and the appropriate float32 dx
from the immediately following actor forward onward; dy, dyaw and drop are
always zero. Thus none of the media is an immediate-command or additive
source-command recording.

Manual review of one three-command contact sheet per object confirmed the
correct assets and no default pose or fallback substitution. No robot fell.
The strict terminal retention gate
`robot_z>0.5m && object_delta_z>0.3m && separation<0.7m` passed 21/24:
box20/28, ball3/6 and barrel1 passed all commands. Barrel12, bin32 and bin34
at 0.10m remained near the robot but ended with object height deltas only
0.2034, 0.1783 and 0.1247m, so they did not satisfy the elevated-retention
threshold. Their 0.15 and 0.20m variants passed. These lower-retention
results were preserved without trimming.

All 24 final videos were logged to the existing
`zihanw22/carry-any/34qv1qqp` run in one history row, step 16222, under
`vis/evaluation_student_zero_then_forward_other_objects_model_15000/<category>/<clip>/forward_0p10|0p15|0p20`.
No new run was created. Total uploaded media size is 16,506,251 bytes. A
fresh API session found exactly 24 matching remote MP4s and exactly one row
containing all 24 keys. Every remote file was downloaded and reprobed:
24/24 matched local SHA, size, 501 frames and 10.02 seconds. The expected and
remote SHA/size manifests share SHA256
`86b62e5f3d688262252b97c488afa63e72948fb407e876086c71d617d58618b3`.
The source run remained `running` and had advanced to step 16245.

The audit root is
`/home/ubuntu/FAR/holosoma_runs/formal_student_34qv1qqp_model15000_other_objects_zero_then_forward_final_20260724`.
`analysis.json`, `review/`, and `remote_verify_16222/` contain the trajectory
audit, visual review and remote readback. The first parallel attempt created
one full Isaac/XDG cache per task and filled the controller disk. Only the
invalid canary and this attempt's temporary caches were removed; training
checkpoints, datasets and existing media were untouched. Remaining work
reused one cache per GPU, all final caches were removed, and policy-I/O logs
were gzip-compressed. Evaluations used idle GPUs 3--7, which returned to
approximately 905MiB and 0%. GPU0--2 training was not attached, paused or
modified. Only `agent.md` and this log remain staged.

[2026-07-24] exact model-25000 zero-then-forward comparison sweep

Repeated the complete preceding eight-object by three-command evaluation with
only the checkpoint changed to the exact `34qv1qqp/model_25000.pt`. The local
cache resolves to SHA256
`145e8d37f503a9069624c085ccb97cf27caa5fad742986cad5e0ffac8dad9b00`;
the payload reports `iter=iteration=24999`. The clips, object maps, seed 42,
timestep-zero initialization, single environment, disabled physical
randomization/reset, 501 control steps, stable-lift threshold of 0.30m for ten
consecutive steps, and replacement command values 0.10/0.15/0.20m were
otherwise unchanged.

All 24 metrics files contain 501 rows and all 24 policy-I/O traces contain 180
rows. Every rollout triggered, every trace proves `[0,0,0,0]` before the
transition followed only by the intended float32 `[dx,0,0,0]`, and none
reported `done`. Trigger episode steps were box20=92, box28=115, ball3=110,
ball6=111, barrel1=110, barrel12=120, bin32=134 and bin34=128. All eight
three-command contact sheets were manually inspected and showed the correct
asset with continuous pickup/carry and no default-pose substitution.

The strict final retention gate
`robot_z>0.5m && object_delta_z>0.3m && separation<0.7m` passed 24/24. Across
the batch, the minimum final object height delta was 0.3896m, maximum final
robot-object separation was 0.4551m, and minimum robot root z was 0.6326m.
The matched model-15000 sweep passed 21/24. In particular, barrel12, bin32 and
bin34 at 0.10m improved from final height deltas 0.203/0.178/0.125m to
0.402/0.394/0.549m. This is a deterministic eight-clip comparison and is not
reported as a full CORL79 success rate.

The 24 final H.264/yuv420p 640x360@50fps videos each contain 501 frames and
last 10.02 seconds; their total size is 16,417,039 bytes. They were logged to
the existing run under
`vis/evaluation_student_zero_then_forward_other_objects_model_25000/<category>/<clip>/forward_0p10|0p15|0p20`.
Media filenames carry upload step 26517, while the concurrent live writer
caused the fresh API history row containing all 24 keys to settle at step
26521. A fresh API session confirmed exactly 24 matching remote MP4s, exactly
one full 24-key history row, and run state `running`. All files were downloaded
and reprobed; remote/local SHA, size, 501 frames and 10.02-second duration
matched for 24/24. The identical expected/remote SHA-size manifest digest is
`158b83a65022d6388024a39b0caa0fc464b4841572e5755b966d81c240c38cab`.

The audit root is
`/home/ubuntu/FAR/holosoma_runs/formal_student_34qv1qqp_model25000_other_objects_zero_then_forward_20260724`;
`analysis.json`, `review/`, `wandb_remote_verification.json` and
`remote_verify_26521/` retain the numerical, visual and remote evidence.
Evaluation used only idle GPUs 3--7 with one reusable cache per GPU. The
regenerable caches were removed and large policy-I/O traces were gzip
compressed after validation. GPUs 3--7 returned to approximately 905MiB and
0%; GPU0--2 training was not attached, paused or modified. A final fresh read
found the run still `running` at step 26566. Only `agent.md` and this log are
allowed in the Git index.

[2026-07-24] CORL79 COM-only object-physics calibration candidate

Implemented an explicit `source_urdf` mass mode in
`scripts/build_mesh_physics_object_bank.py`. This mode preserves each source
URDF's exact nominal mass while recomputing the inertial origin and inertia
tensor from the referenced collision mesh. Visual and collision mesh paths,
origins, scales, motion payloads and runtime randomization configuration are
not changed. The existing category-prior behavior remains the default, and
incompatible source-mass/prior arguments fail closed. The builder now also
excludes stale derived immutable views and packaging manifests when it
materializes a child bank.

The generated candidate bank is
`/home/ubuntu/FAR/holosoma/data/ds_as_data/carryany_filter_scale_noscale_keep169_20260513_plus_box_teacher_rollout_success155_bcleb5oi58000_final0p5_primitiveproj_solid80_clean_box_bin_barrel_ball_cominertia_preserve_mass_v1`.
Its exact immutable single-slot view is
`_scientific_corl79_single_slot/by-source/cd0b792ed609907c7d76b57ef8d9907cf43ccfc704c6e029c503e098ac93b0f3`.
The source digest is
`b3fba0713952eb7e0baac3e9271dfaf530e997dde89b7276e3176a029d0a531c`,
the view digest is
`cd0b792ed609907c7d76b57ef8d9907cf43ccfc704c6e029c503e098ac93b0f3`,
and the immutable manifest SHA256 is
`76d4774c218dfda0d8b95c19caf8a9f4d97b4903c34fb357d33c3584be06dfdd`.

Full validation covered 79/79 clips. All 79 masses remain exactly 0.1kg, all
79 visual/collision path-origin-scale tuples match the source, and every
motion payload resolves to the same source file. Fifty-four meshes received a
nonzero COM correction; the maximum absolute xyz offsets are
`[0.00879963362, 0.0276728878, 0.0115003112]m`. Seventy-seven watertight
meshes used direct volume integration and the two non-watertight bin85 meshes
used the declared convex-hull fallback. All 79 inertia matrices are positive
definite, with minimum eigenvalue `0.000223353727124`.

`scripts/verify_object_bank_geometry.py` passed all 79 objects with zero
missing/invalid geometry, bad extents, size mismatches or box-grounding
failures. The root object-map, physics manifest, validation report and
aggregate generated-URDF SHA256 values are respectively
`6ae1b93c76c9807ade4a5ad71571f30f189101e7c600673cf620b5ce897061d3`,
`f5e5590312341af4e8c2cd61dc072e1d09291609f1c98ccd097048bd6f72e93b`,
`48fe93c81c4d22ece03e693e9da843d95c15b85f60249be73a2291131998ebf7`
and `9f3495e29f1617920fed88cb4783eceb98326b1579c8a83874a54ab2d15bcda6`.
The targeted unit test passed (1 passed) and both modified Python files
compiled successfully.

The live `zihanw22/carry-any/34qv1qqp` training job was not attached,
modified, paused or hot-swapped. No GPU simulator or W&B write was used for
this asset-only task. A future fresh run must bind the exact immutable view,
regenerate rank shards and pass the Rule-90 replay gate. Code, test and data
remain unstaged; only `agent.md` and this log are permitted in the Git index.

[2026-07-24] CORL79 category-mass and coupled-inertia candidate

Updated the exact category-prior nominal masses to ball=0.5kg, bin=1.0kg,
barrel=1.5kg and box=1.0kg. For these four categories the prior
default/min/max values are identical, so no second nominal-mass draw is
hidden in the asset build. Updated the student object-dynamics startup scale
to Uniform(0.33,3.0). One sampled factor is applied to both mass and the full
inertia tensor while COM remains fixed; this represents a density change for
fixed geometry and does not use the old independent inertia-axis randomizer.
The effective mass supports are ball=[0.165,1.5]kg, bin=[0.33,3.0]kg,
barrel=[0.495,4.5]kg and box=[0.33,3.0]kg.

Generated a fresh bank instead of mutating the earlier COM-only candidate:
`/home/ubuntu/FAR/holosoma/data/ds_as_data/carryany_filter_scale_noscale_keep169_20260513_plus_box_teacher_rollout_success155_bcleb5oi58000_final0p5_primitiveproj_solid80_clean_box_bin_barrel_ball_cominertia_categorymass_v2`.
Its exact immutable view is
`_scientific_corl79_single_slot/by-source/c9e02244ac1e3c870564f70837a963b03a337430bb1b4a58dc50610868df8027`.
The source and view digests are respectively
`89e1f7d099a741b03a6153654e1821e52deaf023eac8072927e965415b766fac`
and
`c9e02244ac1e3c870564f70837a963b03a337430bb1b4a58dc50610868df8027`.
The root map, immutable map and immutable manifest SHA256 values are
`5943790f5ed8153793c9050af552920d058a1489ab8b89186c4a0ec352615da8`,
`cddc45058f70751d1d4d033b8138ab3a4a33d78bd973ab5c038124f05ca1af9b`
and `db4fcf5945cce3c83034791f33c0af4b73352ce2dd60077277baa5ec084047b9`.

Full validation covered all 79 clips: ball4/barrel35/bin15/box25. Root and
immutable motion files matched all 79 source hashes, and all visual/collision
mesh paths, origins and scales matched the source URDFs. Fifty-four objects
retain a nonzero mesh-derived COM with maximum absolute xyz offsets
`[0.00879963362,0.0276728878,0.0115003112]m`. Seventy-seven meshes used
watertight volume integration and two used the declared convex-hull fallback.
All 79 inertia matrices are positive definite; the minimum eigenvalue is
`0.00223353727124`. All 159 immutable manifest file records passed size and
SHA verification, and there are no broken symlinks.

The geometry verifier reported 79 checked clips, zero missing/invalid files,
zero bad extents, zero object-size mismatches and zero box-grounding failures;
the first-frame box-bottom range is [-0.00016669,+0.00071592]m. Python
compilation passed and the focused test set reported 12 passed, including the
exact category-mass and Uniform(0.33,3.0) coupled mass/full-inertia contracts.

This affects only future fresh processes that explicitly bind the new
immutable view and select the object-dynamics randomization preset. No live
training process was attached, stopped, modified or hot-swapped; no GPU
simulator and no W&B write were used. Formal training must regenerate rank
shards and pass Rule-90 before launch. Code, tests and data remain unstaged;
only `agent.md` and this log are allowed in the Git index.

[2026-07-24] coupled object static/dynamic friction sampling

Replaced independent object static/dynamic friction sampling with the exact
contract `static ~ Uniform(0.1,0.7)`,
`ratio ~ Uniform(0.7,0.99)`, and `dynamic = static * ratio`. The resulting
dynamic-friction support is [0.07,0.693], every bucket has
`0.7 <= dynamic/static <= 0.99`, and there is no point mass at ratio one.
Object restitution remains independently Uniform(0,1). Robot material
randomization and its existing independent ranges are unchanged.

The implementation preserves IsaacLab's 64 startup material buckets and its
original three uniform RNG draws. IsaacLab samples the second bucket column
from the ratio range, then HoloSoma converts it to `static * ratio` before the
standard material assignment. This consumes no additional RNG and does not
create one unique PhysX material per environment. Environments/shapes still
select randomly among the 64 coupled buckets.

The new path validates all ranges and bucket values before assignment, rejects
ambiguous simultaneous legacy dynamic-range and new ratio-range parameters,
and fails closed if the installed IsaacLab randomizer no longer exposes the
bucket tensor. After assignment it reads the actual PhysX material buffer and
verifies every observed dynamic/static ratio against [0.7,0.99]; a mismatch
raises before training, while a successful startup logs the observed ratio
minimum and maximum.

Both object randomization presets, with and without action delay, were read
back with exact config values static=[0.1,0.7], ratio=[0.7,0.99] and
restitution=[0,1], with no independent dynamic-friction range. Python
compilation and whitespace checks passed. The focused suite reported
18 passed and covers distribution bounds/means, invalid inputs, IsaacLab
bucket replacement, assignment invocation, PhysX readback, config provenance,
category mass, and coupled mass/full-inertia contracts.

This change affects only future fresh simulator startup; existing PhysX
materials cannot be hot-updated through this config edit. No live training
job was attached, paused, stopped, or modified, and no GPU simulator or W&B
write was used. Code and tests remain unstaged; only `agent.md` and this log
are allowed in the Git index.

[2026-07-24] launched fresh CORL79 depth-student pure RL with new object physics

Started exactly one formal 32-GPU run on four previously idle 8xL40S nodes:
`zihanw22/carry-any/998gj8c5`,
`student_pure_rl_depth_corl79_newphysics_ws32_e1020_20260724_231107`.
The nodes are 10.99.1.134, 10.99.0.116, 10.99.0.117 and 10.99.0.77;
master is 10.99.1.134:31821. Each rank uses 1020 environments for a global
32,640. Two independent idle gates passed before allocation, all four nodes
reported eight L40S GPUs and zero volatile UECC, and no existing job or other
node was modified.

The run uses immutable source
`src-f77271b1e9e87aca0140c0f75ed8db892e1f9bab492f77c101295bf520041383`
at Git commit `6259df92ee6280183a92d0673f9521ec63fff8d5`. Before launch, 263
targeted tests passed. Every node verified the same source, Python runtime,
NCCL library, new CORL79 single-slot view, exact ws32 rank shards, all 79
contact sidecars and episodic train CLI. The ws32 shards cover the 79 clips
exactly once, with two or three clips per rank; 1020 is divisible by both.

The live W&B config confirms the intended new physics: coupled object
mass/full-inertia scale Uniform(0.33,3.0), static friction Uniform(0.1,0.7),
dynamic/static ratio Uniform(0.7,0.99), and restitution Uniform(0,1). Nominal
masses in the immutable bank are ball=0.5kg, bin=1.0kg, barrel=1.5kg and
box=1.0kg with mesh-derived COM/inertia. The run deliberately preserves the
established 34qv1qqp student comparison: noisy depth, pure PPO,
distill=false, no teacher/resume/policy init, offline contact reward weight
zero, uniform clips plus existing adaptive/T1 sampling, 40k updates, and
checkpoint interval 1000 with no rollout reset. ONNX and training video are
disabled to avoid redundant storage.

Rule-90 was regenerated from the final view's canonical `box_10` and passed
manual review plus ffprobe: H.264 1280x720 at 50fps, 368 frames/7.36s,
1,542,374 bytes, SHA256
`d8eb25f717e1bd811819988979be83b005686110a3b77e0c86cd446731ae7251`.
After training history existed, the same bytes were written once to
`vis/replay` at history step 16. The live primary service rebound summary to
that history path; a fresh API download matched size/SHA and only then was
the temporary summary-only copy deleted. Final remote state has one replay
history row and one MP4.

At 2026-07-24 23:35 UTC all four sessions were alive and synchronized at
completed iteration 29, each node had eight compute applications, no exit
file and UECC zero. Traceback, CUDA OOM, ChildFailed, distributed/NCCL fatal
and nonfinite scans were all zero. W&B remained running with finite values:
mean reward 0.66543, KL 0.01360, total FPS 106,725, PPO coefficient 1, and
zero BC/distillation loss. The complete untracked audit root is
`/home/ubuntu/FAR/holosoma_runs/formal_student_pure_rl_depth_corl79_newphysics_ws32_e1020_20260724_231107`.

[2026-07-25] launched 34q-equivalent CORL79 depth pure RL with new physics and naive adaptive sampling

The reference run `zihanw22/carry-any/34qv1qqp` had completed its 40,000
updates. It was not resumed or mutated. A fresh run was created as
`zihanw22/carry-any/lc4kly4n`,
`student_pure_rl_depth_corl79_newphysics_naive_as_ws64_e1024_20260725_185338`,
on the eight now-idle former 34q nodes 10.99.0.24, .39, .54, .61, .180,
.183, .201 and .244. The master is 10.99.0.24:31831 and the exact session
name is `hs_lc4kly4n`. This is 64 L40S ranks with 1,024 environments per
rank and 65,536 globally. Three idle gates passed. The separate live run
`998gj8c5` and all other jobs were untouched.

The policy and optimizer reproduce the 34q depth-student pure-PPO contract:
94 scalar actor dimensions plus a 32-dimensional noisy-depth encoding,
[512,256,128] actor/critic hidden layers, 29 actions, a privileged critic,
and no teacher, distillation, BC, DAgger, resume or policy initialization.
PPO uses 40,000 updates, 24 rollout steps, seven epochs, four minibatches,
initial actor/critic learning rates 1e-3 with adaptive scheduling, desired KL
0.01 and entropy 0.005. Checkpoints skip iteration zero, save exactly every
1,000 updates, and do not reset the rollout. PT and ONNX exports are retained
at that cadence to match 34q; training video is disabled.

The final input is the new-physics immutable CORL79 view with 79 actual clips
(box25, bin15, barrel35 and ball4), view digest
`c9e02244ac1e3c870564f70837a963b03a337430bb1b4a58dc50610868df8027`.
The 64 rank shards cover every clip exactly once with one or two clips per
rank; their manifest SHA256 is
`c32f9d8009740a814665916638b2a5bb115732cd7d47fc0bcbc5c17e69ae8e3a`.
Fresh W&B config reads back the intended physics: coupled object mass and
full-inertia scale [0.33,3], static friction [0.1,0.7], dynamic/static ratio
[0.7,0.99], restitution [0,1], mesh-derived COM/inertia, and nominal masses
ball=0.5kg, bin=1kg, barrel=1.5kg and box=1kg.

Naive adaptive sampling means uniform clip selection and a fixed 20-percent
timestep-zero branch. The remaining 80 percent is
`0.9 * normalized per-clip failure/exposure + 0.1 * uniform_nonzero`;
before failures are observed it is uniform over nonzero timesteps. The old
T1 contact-window reset boost is completely disabled: enabled=false,
half-width=0 and density boost=1.0. Freeze-at-zero is zero. Contact windows
remain available for the observation/window definitions but no longer bias
reset sampling, and offline-contact reward weight remains zero.

The immutable source is
`src-f77271b1e9e87aca0140c0f75ed8db892e1f9bab492f77c101295bf520041383`
at Git commit `6259df92ee6280183a92d0673f9521ec63fff8d5`. The focused test suite
reported 263 passed. All eight nodes verified byte-identical source, runtime,
NCCL, object bank, 64-rank shards, 79/79 contact coverage, no broken links,
and the episodic scientific CLI. Run-contract, replay-manifest and worker
SHA256 values are respectively
`e511711eea5bbdd6a67634f9f44a8d860d6ba4f861d6600efec4ba755e6fe524`,
`693995f568c024c41005915cd81f01316a394cc52c9a638e7852b2e16e63d168`,
and `93de190e7b6f0b518fbafa03ce17a8209448e4d5321def04e1b8b281f1339415`.

Rule-90 was newly recorded from the final canonical `box_10` input and
manually accepted: single robot, randomization disabled, H.264 1280x720 at
50fps, 368 frames/7.36s, 1,536,911 bytes, SHA256
`5a6255dca7ec0dc338c1958698833e4633256fecc8f74fdefdbd343a1f59eda4`.
The reviewed bytes occur once in history at step 9. Summary was rebound
through the exact live primary W&B Unix service; a fresh remote download
matched SHA/size before the temporary summary-only file was deleted. The run
has exactly one replay history row and one replay MP4.

At bounded acceptance on 2026-07-25 19:14 UTC, rank zero had completed
iteration 28. All eight sessions were alive, all nodes had exactly eight
compute applications, volatile UECC and exit-file counts were zero, and
fatal log scans found no traceback, child failure, CUDA OOM, NCCL failure,
segfault or killed process. W&B was running; step 27 reported 185,128 total
FPS, collection/learning times 6.069/2.427 seconds, mean reward 0.67172, KL
0.01438, finite actor/critic losses, PPO coefficient one, and all BC and
distillation losses zero. This was a bounded launch acceptance, not a
recurring monitor. The untracked audit root is
`/home/ubuntu/FAR/holosoma_runs/formal_student_pure_rl_depth_corl79_newphysics_naive_as_ws64_e1024_20260725_185338/`.

[2026-07-25] fixed manual forward yaw drift without changing the policy interface

The manual forward adapter previously held the actor root command at
`[command_m, 0, 0]` in the robot's instantaneous heading frame. Any
contact-induced yaw therefore rotated the commanded forward direction with
the robot, while the fixed zero yaw slot supplied no restoring error.

Both immediate manual forward and stable-lift-triggered manual forward now
latch the robot root world yaw when activated. On every control step, the
same existing actor slots are updated as
`[command*cos(e_yaw), command*sin(e_yaw), e_yaw]`, where
`e_yaw=wrap(anchor_yaw-current_yaw)`. The external command flags, 94 scalar
actor dimensions, 32 depth features, 29 actions, checkpoint format and ONNX
policy interface are unchanged. Evaluation metrics now expose the anchor,
effective actor command, heading error, along-track displacement and
cross-track displacement.

Focused command/evaluation/observation/launcher regression reported 88
passed. Python compilation and `git diff --check` also passed. Ruff is not
installed in the active environment and was not claimed.

A real Isaac Sim A/B used the known severe case
`34qv1qqp/model_25000.pt` SHA256
`145e8d37f503a9069624c085ccb97cf27caa5fad742986cad5e0ffac8dad9b00`,
`noscale__any_barrel_12`, one environment, seed 42, disabled
randomization, and a 0.15m command after a stable 0.30m lift. Over the common
first-episode forward interval (steps 118 through 325), the old constant
body-frame command accumulated 231.84 degrees of root yaw; the new
world-heading lock accumulated 12.21 degrees with a 25.29-degree total yaw
range. The new rollout advanced 3.409m along the latched forward direction.
At the last pre-reset frame the object remained lifted at z=0.721m and
0.390m from the robot in XY. Manual frame review confirmed continuous
pickup/carry and no spinning.

The current episodic motion-end reset occurred at step 326, so post-reset
frames were excluded rather than conflated with the first episode. The
untracked diagnostic root is
`/home/ubuntu/FAR/holosoma_runs/diagnostic_heading_locked_forward_barrel12_model25000_20260725/`.
Only idle GPU7 was used; GPU3--7 returned to approximately 905MiB and zero
utilization afterward. Existing GPU0--2 work was not attached, stopped or
modified. Nothing was written to W&B and no formal training or push was
started. Code and tests remain unstaged; the Git index remains restricted to
`agent.md` and this log.

[2026-07-25] recorded terminal 34qv1qqp old-versus-heading-lock comparison

Fresh W&B state confirmed that `zihanw22/carry-any/34qv1qqp` is finished.
The comparison used its terminal `model_40000.pt`, whose internal completed
iteration is 39999 and whose SHA256 is
`ec7a2de8d0f5a9e7a74ac8b1e70d50f11c346de24670a2eaa73bdd560dae52fe`.
It did not substitute the earlier model_25000 diagnostic checkpoint.

An evaluation-only `manual_forward_heading_lock` A/B switch was added. It was
used for the world-heading-lock side of this comparison. A subsequent
deployment-semantics audit restored the current default to the constant
robot-frame `[0.15,0,0]` command; world-heading lock is now explicit opt-in
diagnostic behavior. The policy observation and action interface is unchanged.
A legacy-path unit test increased the focused suite to 90 passing tests;
compileall and `git diff --check` passed.

Both sides used `noscale__any_barrel_12`, one environment, seed 42, timestep
zero, disabled randomization, zero initial-pose noise, and a 0.15 command only
after a stable 0.30m lift. Robot and object states were bit-identical before
forward activation. Over common first-episode steps 117 through 325, the old
logic accumulated 202.12 degrees of net yaw and a 202.12-degree yaw range,
with along/cross displacement 1.359m/1.491m. The heading-locked logic
accumulated 11.85 degrees net and a 25.06-degree range, with along/cross
displacement 3.692m/-1.240m. At the last pre-reset frame both objects remained
lifted: old/new z was 0.701m/0.670m and root-object XY distance was
0.395m/0.404m. Step 326 was a motion-end reset and was not mixed into the
comparison.

The final side-by-side deliverable is one H.264 stream at 1280x360, 50fps,
325 frames, 6.50 seconds and 1,407,777 bytes. The identical first two renderer
warm-up frames were removed. Full decode, ffprobe, and a six-frame visual
contact-sheet review passed. Video SHA256 is
`0027b4e2858960063beea1421c2972381afd6d29cf3522c93cb3ce6916311074`.
The audit root is
`/home/ubuntu/FAR/holosoma_runs/34qv1qqp_terminal40000_heading_lock_comparison_20260725/`.

Only idle GPU6 and GPU7 were used and both returned to approximately 905MiB
and zero utilization. Existing GPU0--2 jobs were not attached, stopped or
modified. Nothing was uploaded to W&B. Code and tests remain unstaged; the Git
index remains restricted to `agent.md` and this log.

[2026-07-25] audited HIL-style task-sparse straight-line reward direction

The user clarified that straight walking must be learned from training reward,
not supplied by a simulator-state command adapter at deployment. The HIL
heading objective is a per-step low-dimensional task reward,
`w_vel*exp(-alpha*(v_target-d_hat^T v)^2) + w_face*(f_hat^T q_hat)`.
The RSS follow-up similarly calls its position/orientation error plus reach
bonus sparse relative to dense full-body imitation; neither objective is a
purely terminal binary reward.

The exact `34qv1qqp/model_40000.pt` config shows that its "pure RL" label means
PPO without teacher, BC, or distillation. Its active reward remains dense
reference tracking for root/body pose and velocity plus object pose, with
positive maximum weight seven and bad-tracking termination. Its command mode
is `tracking_error`, so training automatically exposes a nonzero reference
relative dyaw after heading drift. A deployment input held at
`[0.15,0,0,0]` does not provide that correction. The run is therefore not an
HIL-style goal/task-sparse experiment.

The scientifically appropriate next contract is to warm start from a
pickup/carry tracking checkpoint and train parallel tracking and task
environments. Tracking environments retain dense imitation for motion quality.
Task environments receive deployment-faithful sample-and-hold commands after a
stable lift, remove full-body reference tracking, and optimize desired-direction
velocity, lateral velocity, initial-heading facing, cross-track error, yaw rate,
object hold, and waypoint/reach bonuses. Only the privileged critic may receive
a task indicator. World pose can be used to compute reward without entering
the actor or deployment interface.

There is a necessary observability boundary. The current feed-forward actor
sees body angular velocity but a fixed dyaw of zero contains no accumulated
heading error. Reward can teach strong yaw-rate damping and reduce
self-induced drift, but strict recovery to the original world heading after an
arbitrary external rotation cannot be guaranteed. HIL supplies target heading
and facing to the actor. Strong recovery would require a dynamic relative
heading error in the same command slots or a recurrent/history policy that can
integrate yaw rate.

To prevent future evaluation confusion, both the recorder
`manual_forward_heading_lock` flag and the core after-lift `heading_lock`
argument now default to false. Raw constant command is deployment-faithful;
the simulator world-heading adapter is explicit opt-in diagnostic behavior.
The focused suite remains 90 passing tests, compileall passed, and
`git diff --check` passed. No training, W&B mutation, or GPU use occurred.

[2026-07-26] implemented and validated hybrid Stage-2, formal 32-GPU launch waiting for idle nodes

Implemented a dedicated hybrid Stage-2 preset without changing the deployed
actor interface. The actor remains the exact 94-dimensional scalar plus
32-dimensional depth-latent interface from `34qv1qqp`, with 29 actions and
512/256/128 MLP hidden dimensions. The task identifier is critic-only.
Tracking environments retain dense reference imitation. Task environments
also track before pickup, then receive the exact raw actor command
`[0.15,0,0,0]` and switch to low-dimensional forward velocity, lateral
velocity, pickup-heading, cross-track, yaw-rate, and robot-relative object
pose-hold rewards. The pickup root pose and object pose in the robot frame are
latched at stable pickup or at a reset already beyond the clip pickup phase.
Task termination permits intentional planar reference divergence while
retaining gravity/orientation failure and a 0.35m object-hold safety bound.

The first real 1024-environment canary correctly failed before learning
because a full 79-clip view cannot be represented exactly by 1024 fixed
env-to-clip rows. Changing the canary to 1032 environments was also correctly
rejected: the terminal policy-init checkpoint binds the depth-hole generator
reference batch size to 1024. The fix preserved 1024 rather than weakening
either guard. `prepare_as_rank_shards.py` now has an explicit
`--environments-per-rank` contract and deterministically chooses exact
per-rank clip counts that divide that environment count. For CORL79 on 32
ranks, the plan is eight 4-clip ranks, twenty-three 2-clip ranks, and one
1-clip rank. It covers all 79 clips exactly once; every count divides 1024.
The immutable shard manifest SHA256 is
`2eb12afba67bea4858db5bb1fb819aaa919ac2f8066bf593d9a28057045cdfd9`
and its source digest is
`cf926c0ec4c3df2dc203d4ed0e9b569c6cf921b1f591d0ec4c018e121628fc54`.

Review found and fixed a second topology bias before formal launch. A global
alternating 50/50 task mask is perfectly correlated with a two-clip
round-robin: one entire clip becomes task and the other tracking. Hybrid
assignment is now deterministic but independently stratified inside each
fixed clip, so each clip has the requested tracking/task ratio without
consuming any policy, physics, or sampler RNG. The full rank-shard,
provenance, and hybrid focused suite reported 209 passed; the additional
hybrid/manual-forward focused suite reported 14 passed.

The final immutable source is
`src-40c3f3f9697c21e331d7d6a067e76a4c967dd627b0cdd21b38e7999ab6871c7f`
with archive SHA256
`a7d7735d806068dd84f8ca00cba32f74fb5b5e56aa72102ae1a28d596b03f61e`.
A real IsaacSim canary ran on the fully idle node `10.99.0.97` with 1024
environments and the representative 4-clip rank shard. It verified exactly
512 task and 512 tracking rows, stratified by fixed clip. Actor-only policy
initialization loaded exact terminal checkpoint
`34qv1qqp/model_40000.pt` SHA256
`ec7a2de8d0f5a9e7a74ac8b1e70d50f11c346de24670a2eaa73bdd560dae52fe`,
ignored its critic/optimizers/env state/iteration, and started a fresh critic,
optimizers, RNG, and iteration zero. Two PPO updates completed at about 4612
then 5795 steps/s. Every hybrid task reward reported nonzero statistics, the
run atomically saved `model_00002.pt`, emitted `HOLOSOMA_RUN_COMPLETE`, and
released the GPU process.

The complete visible prelaunch contract is
`/home/ubuntu/FAR/holosoma_runs/formal_student_hybrid_stage2_corl79_ws32_e1024_init34q40000_20260726_061000/experiment_contract_prelaunch.json`,
SHA256
`412ccc237ded0b232d05a2a57ea335a60100b3af986c846fa68f642b4e11c00f`.
The latest read-only inventory found only `10.99.0.97` as a fully idle
8xL40S node. Every other accessible eight-GPU node has live compute
applications. Per the user's instruction, no existing job was stopped,
attached to, moved, or oversubscribed. Therefore the requested four-node
32-GPU formal DDP run has not been partially launched, no target W&B run has
been created, and Rule-90 replay has not been uploaded. Those lifecycle
mutations remain fail-closed until four exact idle nodes can be bound. Code
and tests remain unstaged; the Git index remains restricted to `agent.md` and
this log.

[2026-07-26 21:59 UTC] launched and accepted formal 32-GPU hybrid Stage-2 run

A later read-only inventory identified four fully idle, zero-UECC 8xL40S
nodes: `10.99.1.21`, `10.99.0.141`, `10.99.0.186`, and `10.99.1.122`.
No existing job was stopped, attached to, migrated, or oversubscribed. Every
node passed a full worker dry-run and a second immediately-pre-launch idle
gate; master port 32131 was free.

The formal W&B run is `zihanw22/carry-any/wgcsw25u`:
https://wandb.ai/zihanw22/carry-any/runs/wgcsw25u . Before any worker
started, Rule-90 recorded the canonical first `box_10` reference motion as one
single-robot H.264 video at 1280x720, 50 fps, 368 frames, and 7.36 seconds.
The file is 1,543,015 bytes with SHA256
`892a480a96dc7bac4305c179ac7173dd5505cc7d65ad10da2e4c730abc4c213e`.
Full decode, ffprobe, and manual multi-frame review passed. A fresh W&B API
verification proved that summary key `vis/replay` points to exactly this MP4.
The immutable replay manifest SHA256 is
`06fa6dfe298bff71e757e6976e3c44f2150ca82ea9d1f5a0bcd5bea3fa0fbeb8`.

The immutable formal contract is
`/home/ubuntu/FAR/holosoma_runs/formal_student_hybrid_stage2_corl79_ws32_e1024_init34q40000_20260726_061000/run_contract.json`,
SHA256
`4b40e0e773f43e43ec430327ef83e9cdb163f147c467fa4f09279f477e219e21`.
The exact worker SHA256 is
`20681487cb19192c0007f678863558f4b783c1e38b7e388377109df6f06282a6`.
All four nodes independently verified source, runtime, NCCL, motion, object,
contact, 32-rank shard, contract, replay, and actor-init checkpoint digests,
then passed the complete CLI validator.

The run uses four nodes and 32 ranks, 1024 environments per rank, and 32768
environments globally. It uses the exact-once CORL79 compatible shard,
24 rollout steps per environment, seven PPO epochs, four minibatches, and
40000 updates. Checkpoints are saved every 1000 updates without resetting the
rollout. Distillation and teacher loading are disabled. Actor-only policy init
loaded exact `34qv1qqp/model_40000.pt` and explicitly ignored the old
iteration 39999, critic, optimizers, critic normalizers, and environment
state; the formal run began with a fresh critic, optimizer state, RNG, and
iteration zero.

Every rank reported exactly 512 task and 512 tracking environments,
stratified within each fixed clip, with deployment-faithful raw forward
command 0.15m. Bounded startup acceptance reached completed iteration five.
Throughput was 61,724 steps/s at iteration zero, 91,131 steps/s at iteration
two, and 108,955 steps/s at iteration four. Fresh W&B API state was `running`
and all seven hybrid task rewards were nonzero at step two. It also verified
world size 32, 1024 environments per rank, global 32768 environments, and the
retained Rule-90 `vis/replay`. All four tmux sessions remained up with eight
GPU compute applications each and no Traceback, OOM, ChildFailed, or NCCL
fatal signature. The formal run is accepted as successfully training; bounded
acceptance ended without enabling recurring polling.

[2026-07-27 20:31 UTC] corrected and sealed the original 30-clip real-mesh bank

Bound the user's "original 30" request to the exact source
`/home/ubuntu/FAR/holosoma/data/ds_as_data/debug39_realmesh_rollout_u8udzw0u_model05000_retake4gpu_20260706_0205_target`.
Its source object-map SHA256 is
`9af9da48f24d0c0f076de7147d80f21786e13bbeabc58b6a138d56f979f30f51`.
This is the 30-clip real-mesh accepted reference/retarget bank whose map
records `*_original.npz` lineage. It is not the later
`prism_debug30_convexhull_allmesh` teacher bank and is not a policy-rollout
motion bank. The source directory was not modified.

Generated the new derivative
`/home/ubuntu/FAR/holosoma/data/ds_as_data/debug30_original_realmesh_rollout_u8udzw0u_model05000_cominertia_categorymass_v2`
with:

`python scripts/build_mesh_physics_object_bank.py --input-bank /home/ubuntu/FAR/holosoma/data/ds_as_data/debug39_realmesh_rollout_u8udzw0u_model05000_retake4gpu_20260706_0205_target --output-bank /home/ubuntu/FAR/holosoma/data/ds_as_data/debug30_original_realmesh_rollout_u8udzw0u_model05000_cominertia_categorymass_v2 --mass-mode category_priors --asset-mode symlink --non-watertight-fallback convex_hull`

The clip set is exactly 30: five ball, one barrel, and 24 bin clips. All 30
motion files are byte-identical to the source and every NPZ key/array passed
an explicit equality check. All visual and collision entries still reference
the original `object_mesh_yup.obj`; no collision or render geometry was
replaced by a convex hull.

Recomputed each URDF inertial origin and full inertia tensor from the scaled
collision mesh. Every COM is nonzero, with COM norm in
`[0.004118177053, 0.031572490922] m`; all 30 tensors are positive definite and
the global minimum eigenvalue is `0.005782960179 kg m^2`. Twenty-eight source
meshes were watertight and used direct volume integration. Only
`scaledown_any_bin_27` and `unscale_any_bin_27` were non-watertight; their
recorded convex-hull fallback is used only to estimate COM/inertia. Their
actual visual and collision meshes remain the original real meshes.

Applied exact nominal category masses: ball 0.5 kg, bin 1.0 kg, barrel 1.5 kg
(and the builder contract remains box 1.0 kg). Artifact digests are:

- derivative object map:
  `fad0b688ad65e8c811cc961938e26a566a8cf48b6c28d7fbe930ca88f002479a`
- mesh physics manifest:
  `f1dec081766327fbd68694d821a9a201f46ee4e670a550685c180e0c21ddc61b`
- mesh physics CSV report:
  `7df22426db8d6b695b99bc863fecd0e6ee4b484f24cd57cf49c3cc7abd9ef681`
- copied source rollout-validation manifest:
  `c14c271ffec47c2eb467bc8e8d2a7cd11c914a698da063405b48c45edcaa207c`

`verify_object_bank_geometry.py` checked all 30 training-path entries with
zero missing/invalid clips, zero bad URDF extents, and zero object-size
mismatches.

The first immutable publication attempt correctly failed because the generic
mesh-physics builder had materialized `realmesh_rollout_manifest.json` as a
symlink under `--asset-mode=symlink`. That manifest is a provenance snapshot,
and `prepare_immutable_solid_bank.py` requires a regular source file. Fixed
the builder so this one provenance file is always copied while bulk
motion/object assets may remain symlinked, added a regression assertion, and
reran the mesh-physics plus immutable suites: 25 tests passed.

Published the immutable read-only single-slot view:

`/home/ubuntu/FAR/holosoma/data/ds_as_data/debug30_original_realmesh_cominertia_categorymass_v2_scientific_single_slot__src_1f3966245545689a2e14909dda31d6673790bdf888168362449a0ac1902f3510`

Its source digest is
`1f3966245545689a2e14909dda31d6673790bdf888168362449a0ac1902f3510`,
manifest SHA256 is
`e2c53df92e5af02048de9b0e062ea6dde03db9b1ee493dfc42591da606dd53b7`,
and object-map file SHA256 is
`412e86f38c3376b456d5f97e58876f6189eff1345da92e9903b9752030c9e742`.
All 30 motion copies match the original and derivative SHA256 three ways.
The view contains no symlink and no writable file. Its contact snapshot
contains 1,140 regular files covered by the immutable manifest. The retained
transition contract is version 1 `global_multi_clip_runtime` with source clip
count 30.

The URDF bank intentionally freezes only nominal mass, mesh-derived COM, and
inertia. Current training-time object uncertainty remains explicit startup
randomization: static friction Uniform(0.1, 0.7), dynamic/static ratio
Uniform(0.7, 0.99), restitution Uniform(0, 1), and one shared
Uniform(0.33, 3.0) multiplier for both mass and inertia. No random distribution
was collapsed into one URDF constant.

This operation did not start, stop, attach to, or modify any training job. It
used no GPU and made no W&B write. The builder and test changes remain
unstaged. The Git index remains restricted to `agent.md` and this log.

[2026-07-27 21:55 UTC] launched separate original30-reference pure-RL on 64 GPUs

Preserved the existing CORL79 bank, run identities, artifacts, and jobs
unchanged. The corrected original 30 clips are used only as policy-free
reference motions in a separate fresh PPO environment. They are not merged
into CORL79 and are not teacher rollouts or action labels. Distillation, BC,
DAgger, teacher loading, policy initialization, and training resume are all
disabled.

The formal W&B run is `zihanw22/carry-any/6urn4jvc`:
https://wandb.ai/zihanw22/carry-any/runs/6urn4jvc

Run name:
`student_pure_rl_depth_original30_reference_newphysics_naive_as_ws64_e1024_20260727_213011`

The final topology is eight nodes and 64 L40S GPUs:

- rank 0 / master: `10.99.1.134:31841`
- rank 1: `10.99.0.116`
- rank 2: `10.99.0.117`
- rank 3: `10.99.0.167`
- rank 4: `10.99.1.154`
- rank 5: `10.99.0.77`
- rank 6: `10.99.0.97`
- rank 7: `10.99.1.69`

Each rank/GPU runs 1024 environments, for 65,536 globally. The exact tmux
session is `hs_6urn4jvc` on every node. Three originally selected nodes
(`10.99.0.18`, `.165`, and `.227`) acquired unrelated pointworld jobs before
launch. The worker idle gate refused them; no process was stopped, attached
to, or oversubscribed. Replacement nodes passed a complete dry-run and a
second launch-instant idle/UECC/hash/port gate.

On `10.99.0.77`, the root volume was full while `/data` had 6.5 TB free.
Purged only 11,498.9 MB of reproducible pip download cache, not any run,
checkpoint, source, or user artifact. Stored the 30-clip data on `/data` and
preserved its authenticated absolute-path contract through a symlink.
`/data/nfs -> /nfs` was added on `10.99.0.77`, `10.99.0.97`, and
`10.99.1.69` so the unchanged URDF relative mesh URI resolves to the same
read-only NFS mesh after data-volume indirection.

The immutable input view is
`debug30_original_realmesh_cominertia_categorymass_v2_scientific_single_slot__src_1f3966245545689a2e14909dda31d6673790bdf888168362449a0ac1902f3510`,
containing exactly 30 references: ball 5, barrel 1, and bin 24. With 64 ranks,
each rank has one clip. Twenty-six clips are covered twice and four are
covered three times. Inverse-cover distributed loss weights make every clip's
global weight exactly 64/30, preserving a uniform-clip objective rather than
biasing the four triplicated clips. The rank-shard manifest SHA256 is
`e1952bb3fc05b8690c41f59a31dd303225d06fe1a5473a87e4d65d7eed99bb0c`;
its source digest is
`bdd1011b2704b8e83134070e6d2b9d605496e7c8005a83e9fee6a2e0b9e602ab`.

Before launch, Rule-90 replayed canonical first clip
`scaledown__any_ball_24` directly as a reference motion with one robot,
randomization disabled, timestep zero, and zero reset-pose noise. The reviewed
H.264 MP4 is 1280x720, 50 fps, 329 frames, 6.58 seconds, and 1,326,443 bytes;
SHA256 is
`dfa432c01bce6f40afe755e764a360b5ab599a0c57ce1967ec6aa28d1e2ced35`.
ffprobe, full decode, and an eight-frame manual review passed. After training
history existed, the replay was promoted at W&B history step 15. The live
primary summary now points to that history media, the prebind duplicate was
deleted, and a fresh API read proved exactly one replay history row and one
remote MP4. Replay manifest SHA256 is
`76b487dd9e5921ac2134be8684ef83c4e7f91e9c28363c1ebca98836feb895eb`.

The immutable run-contract SHA256 is
`63a9ca99a879b4862a7377fb477e97b422fcfe0f6d890491641f7c5f1e0b9ed9`;
worker SHA256 is
`ab9ee6f8f662c503a297ca79c008ddc82f1e6c245641a812ed6bbead9d3c8d84`.
The sealed source remains
`src-f77271b1e9e87aca0140c0f75ed8db892e1f9bab492f77c101295bf520041383`.
An earlier prebind-only W&B identity `7cyvqnws` had zero training history and
was deleted after the final topology changed, avoiding an empty stale run.

The training contract matches the CORL79 pure-RL baseline except for the
separate 30-reference bank: 94D scalar actor input plus a 32D depth encoding,
MLP `[512,256,128]`, 29 actions, privileged critic, 24 rollout steps, seven
epochs, four minibatches, adaptive 1e-3 actor/critic learning rates, desired
KL 0.01, entropy coefficient 0.005, and 40,000 updates. Naive adaptive
sampling uses uniform clip weights, explicit `P(t=0)=0.2`, and no T1 boost.
Offline contact-guidance reward weight is zero. Object randomization remains
mass+inertia shared Uniform(0.33, 3.0), static friction Uniform(0.1, 0.7),
dynamic/static ratio Uniform(0.7, 0.99), and restitution Uniform(0, 1).
PT and ONNX checkpoints are written every 1,000 updates, step zero is skipped,
and `reset_rollout_at_checkpoint=False`.

Bounded acceptance reached iteration 22. Throughput was 116,605 steps/s at
iteration 0, 151,968 at iteration 5, 167,245 at iteration 20, and 154,052 at
iteration 22; mean reward improved from -0.25 to 0.51. All eight sessions were
up with eight GPU compute applications per node, no exit files, and zero
Traceback/OOM/NCCL/Gloo/segfault fatal signatures. Fresh W&B API reads proved
state `running`, pure-RL provenance, teacher/policy-init/training-resume all
false, world size 64, 1024 environments per rank, 65,536 globally, one
history-backed replay, and no non-finite latest metrics. Bounded acceptance
ended without installing recurring monitoring.

No code file was staged by this launch. The Git index remains restricted to
`agent.md` and this log.

[2026-08-04 17:44 UTC] Launched and bounded-accepted fresh 32-GPU pure-PPO
formal run `zihanw22/carry-any/0mcqao8k` on four ap-northeast-2a nodes
(`zzzihanw-15/27/35/42`, eight L40S each). Each rank owns 2,048 environments,
for world size 32 and 65,536 environments globally. The run has no resume,
policy initialization, teacher, distillation, BC, or offline contact-guidance.
Its final actor command is drop-exclusive: whenever drop is active it is
exactly `[0,0,0,1]`, with root x/y/yaw zeroed.

The immutable effective bank is exact CORL79 plus debug30: 109 clips (box 25,
ball 9, barrel 36, bin 39), data-closure SHA256
`3219b4de13c6eb7f89dbd1f46619f9fdcf7aca75fb02473798423bc0cf2c158f`.
Visual/depth geometry is the original real mesh and collision uses real-mesh
convex decomposition; missing geometry fails closed. The ws32 exact-once shard
manifest SHA256 is
`19500fe84e4fef7c70cadc574b2581a41f1e85b5bf5e6cede7fa58a57ab8c858`,
with no asset or DataLoader double sharding.

The camera contract matches `sx9wctkd`: torso-link translation
`[0.0576235,0.01753,0.41987]` m and pitch 47.6 degrees (not 49), with
`camera_depth_d435i` and strict `far_tracking_warp` depth. Frozen source ID is
`src-309efb4303690cea9960b10a2e459041608243842e284f2732cd27f0cccbca57`.
The formal tmux identity is `hs_form_dropzero_0mcqao8k` on all four nodes.

An exact-topology two-update canary generated a native same-iteration PT+ONNX
pair and passed ONNX checker, ORT loading, and PyTorch-vs-ORT parity (maximum
absolute error `8.568167686462402e-8`). The formal contract pins
`training.export_onnx=true`, atomic paired PT+ONNX publication every 1,000
updates, and fail-closed behavior. At bounded acceptance the formal run had not
yet reached its first 1,000-update checkpoint; the canary artifacts are not
reported as formal checkpoints.

Rule-90 replay for canonical clip `box_10` was reviewed and promoted to W&B
history step 6 as the only `vis/replay` MP4. Its SHA256 is
`796667afa1c1a5e27b0395a9ab8d8d2c8be3d00a2a6d207f593629736874f1b2`.
Bounded acceptance passed at W&B step 18 with 95,148 total steps/s,
13.489-second collection, 3.041-second learning, distributed weight sum 32,
all 32 ranks alive, and no fatal Traceback/OOM/NCCL/Gloo/segfault or exit
marker. Acceptance record SHA256 is
`eb51015de948ae2b86fd4d75a621f256fe414549e9180fbb09d57ceef45400ea`.
The local audit root is
`/home/ubuntu/FAR/holosoma_runs/formal_corl79_debug30_dropzero_d435urdf_ws32_e2048_20260804_165326/`.

[2026-08-04 19:47 UTC] Synchronized the exact derived CORL79+debug30
turn-then-forward data to every currently SSH-accessible zzzihanw node. Added the
separate installer `cp_corl79_debug30_turn_forward.sh` without changing the
older `cp_corl79_debug30.sh` contract. The new installer authenticates the
903,331,462-byte base archive, verifies all 1,995 bank files against the
immutable generated-record inventory, refuses to replace an invalid existing
target, and publishes only through an atomic same-filesystem rename. Its
SHA256 is
`8466a814050a7dab792eb33e1db4e4059243ef38650f2c26e681de3fa3e169d6`.

The installed base digest is
`307e9662d498bd507b9d17ca9abf74a3654f7bf66ac6ab989c6f19c3889bddef`;
manifest and object-map SHA256 are respectively
`2de9ee5ca188b70e877c32dd9f0d2975eea99d11aa077bb077cf06ea9ab897bb`
and `70b466aad04837a79f6dd0f4491cb345a73c687209981acd3eb7f4a0365d8f5c`.
Each verified node has 109 NPZ, 109 URDF, 81 real OBJ meshes, and 109 contact
clip directories. The exact ws32/e2048 view was also published as a 29,022-byte
NFS archive with SHA256
`4d72c044a97dbd45fcbfd903afc69309bef235f9b0720df3b148945f0e9d800c`.
Every node has 32 rank directories, 109 exact-once NPZ links, no double
sharding, zero broken links, and zero incoming directories.

Independent post-sync checks passed on 28 nodes: `z1hanw` and
`zzzihanw-15/17/25/26/27/28/30/31/34/35/39/40/42/45/46/47/49/65/71/72/79/93/102/c/e/f/z`.
The user-supplied inventory node `zzzihanw-66` remained unreachable because
EC2 reported system status `ok` but instance status `impaired`, with TCP/22
timing out. Newly discovered extra node `zzzihanw-7`, which was not in the
user's 28-node inventory, rejected the current controller keys; this role also
lacks EC2 Instance Connect permission. Neither node was rebooted or stopped.

Post-sync, all four live `0mcqao8k` training tmux sessions remained up with
eight GPU processes each, equal completed iteration 849, and zero fatal
markers. The audit root and machine-readable result are
`/home/ubuntu/FAR/holosoma_runs/sync_corl79_debug30_turn_forward_20260804_193235/`
and its `sync_manifest.json`.
