# https://github.com/mikedh/trimesh
v 0.18811731 2.21431708 0.49867344
v 0.21905993 2.74116683 0.56316704
v 0.55141342 2.19068742 0.51740289
v 0.58235592 2.71753716 0.58189666
v 0.55698943 2.45194125 0.57213211
v 0.21076572 2.47446060 0.55428267
v 0.55610675 2.40216589 0.52645558
v 0.20988305 2.42468524 0.50860620
v 0.40237066 2.74414659 0.55894572
v 0.40016615 2.73972416 0.59612769
v 0.36990222 2.19131780 0.49127185
v 0.36769769 2.18689561 0.52845377
v 0.20064056 2.47796154 0.53054070
v 0.18852867 2.22528434 0.52230197
v 0.19072220 2.22968435 0.48530579
v 0.19767903 2.20379138 0.48352325
v 0.19558860 2.19959807 0.51878101
v 0.21786998 2.72486901 0.58345801
v 0.22006351 2.72926903 0.54646182
v 0.22998479 2.75385070 0.55085826
v 0.22789437 2.74965763 0.58611590
v 0.56985962 2.45394683 0.54957563
v 0.55000490 2.20177317 0.54093772
v 0.55219835 2.20617318 0.50394154
v 0.54217398 2.18138433 0.50128365
v 0.54008353 2.17719126 0.53654128
v 0.57934618 2.70135760 0.60209376
v 0.58153969 2.70575762 0.56509757
v 0.57447970 2.73144388 0.56861854
v 0.57238930 2.72725058 0.60387623
v 0.38385874 2.46316314 0.56352550
v 0.56343049 2.71464515 0.60365832
v 0.53264230 2.19042611 0.53948671
v 0.23512436 2.73599887 0.58673275
v 0.20433623 2.21177983 0.52256107
v 0.38296163 2.41257620 0.51710421
v 0.56573212 2.71926212 0.56483847
v 0.53494400 2.19504309 0.50066686
v 0.23742600 2.74061584 0.54791284
v 0.20663784 2.21639681 0.48374116
v 0.40174896 2.74687505 0.57444680
v 0.36875117 2.18503308 0.50566959
v 0.18683776 2.23112273 0.50081635
v 0.18692702 2.21687627 0.52001470
v 0.18898162 2.22099781 0.48536170
v 0.19191298 2.20824003 0.48484683
v 0.18995492 2.20431232 0.51787132
v 0.21582051 2.72460198 0.56122500
v 0.21728125 2.73370719 0.58328187
v 0.21933584 2.73782849 0.54862899
v 0.22372603 2.74990988 0.55115479
v 0.22176798 2.74598241 0.58417922
v 0.55462712 2.20720100 0.51977760
v 0.55073249 2.19321346 0.53877056
v 0.55278707 2.19733477 0.50411767
v 0.54830039 2.18505955 0.50322032
v 0.54634237 2.18113208 0.53624475
v 0.58360988 2.70067978 0.58018631
v 0.58108670 2.71004415 0.60203779
v 0.58314133 2.71416569 0.56738484
v 0.58011341 2.72672963 0.56952822
v 0.57815534 2.72280192 0.60255265
v 0.54813957 2.21769810 0.54337096
v 0.57562238 2.68563938 0.60065347
v 0.54601020 2.45262575 0.57180810
v 0.56811488 2.69765997 0.60204327
v 0.53927678 2.20664454 0.54193622
v 0.19217664 2.24085069 0.52501947
v 0.21965949 2.70879197 0.58230191
v 0.22171633 2.47371864 0.55508929
v 0.22847509 2.71975088 0.58453333
v 0.19963706 2.22873545 0.52442622
v 0.55040884 2.22224998 0.50509763
v 0.57789177 2.69019127 0.56238008
v 0.54511660 2.40223479 0.52556664
v 0.57043129 2.70230651 0.56297332
v 0.54159331 2.21129107 0.50286627
v 0.19444588 2.24540281 0.48674607
v 0.22192873 2.71334386 0.54402858
v 0.22082274 2.42332768 0.50884783
v 0.23079157 2.72439742 0.54546332
v 0.20195353 2.23338199 0.48535621
v 0.24103500 2.75498581 0.55102909
v 0.56370991 2.73399830 0.56766444
v 0.55584872 2.72895145 0.56570619
v 0.24833716 2.74895263 0.54985255
v 0.40250161 2.74742532 0.56054181
v 0.23887239 2.75064778 0.58750391
v 0.56154728 2.72966027 0.60413921
v 0.55358219 2.72440505 0.60393399
v 0.24607062 2.74440622 0.58808035
v 0.40043673 2.74328327 0.59536856
v 0.20852102 2.20138168 0.48326027
v 0.53119594 2.18039441 0.49989569
v 0.52399766 2.18663573 0.49931920
v 0.21648619 2.20663714 0.48346555
v 0.36963162 2.18775868 0.49203098
v 0.20635845 2.19704366 0.51973510
v 0.52903336 2.17605639 0.53637046
v 0.52173120 2.18208933 0.53754693
v 0.21421964 2.20209050 0.52169335
v 0.36756673 2.18361688 0.52685773
v 0.18656319 2.24116826 0.52290231
v 0.18862014 2.24529433 0.48820996
v 0.21407737 2.70964217 0.58024997
v 0.21613428 2.71376824 0.54555762
v 0.19047156 2.20854139 0.52012372
v 0.20228471 2.47512484 0.55292612
v 0.19369960 2.21673274 0.52220255
v 0.19262987 2.21287060 0.48372126
v 0.20144349 2.42768788 0.50939560
v 0.19596431 2.22127557 0.48400545
v 0.19589859 2.20079398 0.49735498
v 0.20077203 2.20816326 0.48303509
v 0.20807689 2.19847798 0.48462510
v 0.19854277 2.20369148 0.52063447
v 0.20611663 2.19454598 0.51768714
v 0.22176155 2.74130535 0.58534145
v 0.22399363 2.73253822 0.58534431
v 0.22391988 2.74563479 0.54893899
v 0.22625832 2.73708129 0.54714727
v 0.22836688 2.75361991 0.56502861
v 0.23255953 2.74939775 0.54928982
v 0.24090950 2.75750756 0.55305803
v 0.23033026 2.74492598 0.58688909
v 0.23894922 2.75357533 0.58612013
v 0.55393410 2.21727371 0.54184192
v 0.55599099 2.22139978 0.50714958
v 0.58144820 2.68574762 0.59918958
v 0.58350515 2.68987370 0.56449723
v 0.54614842 2.18540716 0.53846049
v 0.56557918 2.45149517 0.57165563
v 0.54381007 2.19396091 0.54025227
v 0.54830682 2.18973660 0.50205803
v 0.56473786 2.40405822 0.52812511
v 0.54607469 2.19850373 0.50205517
v 0.54212642 2.17827415 0.51520473
v 0.53973806 2.18611598 0.50051045
v 0.53111911 2.17746663 0.50127935
v 0.53750879 2.18164420 0.53810972
v 0.52915889 2.17353463 0.53434145
v 0.57743841 2.71817136 0.60367823
v 0.57410407 2.70976639 0.60339409
v 0.57959682 2.72250080 0.56727576
v 0.57636869 2.71430922 0.56519705
v 0.57459462 2.73110056 0.58287823
v 0.57152557 2.72735047 0.56676507
v 0.56395167 2.73649597 0.56971240
v 0.56929630 2.72287869 0.60436440
v 0.56199151 2.73256397 0.60277438
v 0.55223078 2.69895005 0.60144985
v 0.52335989 2.20737576 0.54127431
v 0.24436927 2.71897411 0.58557814
v 0.21549840 2.22739959 0.52540267
v 0.39934909 2.72662878 0.59545457
v 0.36840606 2.19977283 0.53096014
v 0.55456996 2.70364237 0.56199688
v 0.52569908 2.21206784 0.50182140
v 0.24670844 2.72366619 0.54612523
v 0.21783757 2.23209190 0.48594975
v 0.40166229 2.73126912 0.55643940
v 0.37071928 2.20441318 0.49194491
v -0.78007185 2.68818212 0.56087446
v 0.47427997 2.75370717 0.57366699
v -0.75114739 2.14382172 0.51301527
v 0.50320441 2.20934677 0.52580780
v -0.12477987 2.18734288 0.54357016
v -0.15234508 2.70612216 0.58918035
v -0.25411612 2.18403363 0.50304341
v -0.28168136 2.70281291 0.54865360
v 0.51975358 2.48448777 0.53480268
v 0.51954466 2.48119187 0.57216573
v -0.79645038 2.41573167 0.52137929
v -0.79665929 2.41243577 0.55874234
v -0.15313044 2.72540236 0.56743294
v -0.74766517 2.68657207 0.58310521
v -0.74745739 2.68985128 0.54592872
v -0.80687296 2.67391324 0.54507095
v -0.80707109 2.67078781 0.58050036
v 0.44177207 2.74870586 0.59523571
v 0.44197991 2.75198531 0.55805928
v 0.50273782 2.74232483 0.55842704
v 0.50253969 2.73919940 0.59385651
v -0.12373442 2.17216682 0.51879346
v -0.71888560 2.14493823 0.53548574
v -0.71867782 2.14821768 0.49830925
v -0.77944541 2.15772414 0.49968851
v -0.77964360 2.15459871 0.53511798
v 0.47055158 2.20707226 0.54761630
v 0.47075945 2.21035171 0.51043981
v 0.53016531 2.22613573 0.51304466
v 0.52996719 2.22301054 0.54847407
v -0.13856424 2.44670439 0.56669486
v 0.49855167 2.23337436 0.55101645
v -0.74953693 2.16817641 0.53828782
v 0.47241306 2.72530603 0.59426630
v -0.77567554 2.66010833 0.58153760
v -0.27000919 2.44334102 0.52550739
v 0.49876982 2.23681545 0.51200742
v -0.74931884 2.17161775 0.49927878
v 0.47263119 2.72874737 0.55525714
v -0.77545744 2.66354942 0.54252857
v 0.53039902 2.48372316 0.54993427
v -0.80726391 2.41384602 0.53629208
v -0.74052662 2.69360471 0.56179285
v -0.76828182 2.68734837 0.58187193
v -0.76808727 2.69042015 0.54705012
v -0.79736561 2.68324566 0.54707813
v -0.79755110 2.68031812 0.58026356
v 0.43437463 2.75497937 0.57377517
v 0.46221644 2.75162721 0.59442121
v 0.46241108 2.75469899 0.55959940
v 0.49227104 2.75061393 0.56023055
v 0.49208549 2.74768639 0.59341598
v -0.71124446 2.14251161 0.51334172
v -0.73931682 2.14222455 0.53394562
v -0.73912221 2.14529634 0.49912381
v -0.76899123 2.14923716 0.50012898
v -0.76917678 2.14630961 0.53331447
v 0.46365681 2.20388603 0.52532405
v 0.49118143 2.20650363 0.54649490
v 0.49137610 2.20957541 0.51167309
v 0.52064538 2.21660542 0.51328146
v 0.52045977 2.21367788 0.54646689
v -0.68143976 2.15097976 0.53687483
v 0.43265963 2.20917845 0.54823697
v -0.12565422 2.20375133 0.54525709
v 0.45947576 2.22280717 0.54999262
v -0.70955992 2.16173887 0.53807008
v -0.70978045 2.68435264 0.58376795
v 0.40431896 2.74255085 0.59513015
v -0.15147343 2.68967104 0.58797830
v 0.43243474 2.73172116 0.59473538
v -0.73660100 2.67065310 0.58281291
v -0.68122470 2.15437269 0.49841487
v 0.43287465 2.21257091 0.50977707
v -0.25659013 2.20040107 0.50422913
v 0.45969522 2.22627068 0.51073211
v -0.70934057 2.16520238 0.49880958
v -0.70956540 2.68774509 0.54530805
v 0.40453401 2.74594378 0.55667019
v -0.28240934 2.68632102 0.54695028
v 0.43265420 2.73518467 0.55547488
v -0.73638153 2.67411637 0.54355240
v 0.50782925 2.72625184 0.55642128
v 0.53351957 2.24275780 0.51391333
v 0.51948321 2.25349355 0.51389432
v 0.49500012 2.71426702 0.55440468
v 0.52788657 2.48480868 0.53606892
v 0.50762433 2.72301841 0.59307384
v 0.53331465 2.23952436 0.55056590
v 0.51926851 2.25010490 0.55230844
v 0.49478540 2.71087837 0.59281880
v 0.52769089 2.48172140 0.57106543
v -0.81022042 2.65739918 0.54297912
v -0.78453004 2.17390513 0.50047112
v -0.77169114 2.18604517 0.50072622
v -0.79617423 2.64681864 0.54123658
v -0.80459672 2.41520214 0.52247959
v -0.81042540 2.65416598 0.57963169
v -0.78473496 2.17067194 0.53712374
v -0.77190590 2.18265653 0.53914034
v -0.79638898 2.64342999 0.57965064
v -0.80479228 2.41211486 0.55747610
v -0.71085852 2.69302511 0.58271360
v -0.71066362 2.69610023 0.54785222
v 0.40450895 2.75128937 0.59408879
v 0.40470386 2.75436497 0.55922735
v -0.78693068 2.68019009 0.58202213
v -0.15301947 2.71899271 0.58938378
v -0.76652634 2.67699480 0.58276302
v -0.78672624 2.68341708 0.54544222
v -0.27627930 2.71583915 0.55076098
v -0.76631171 2.68038082 0.54437977
v -0.81031460 2.67379427 0.55926561
v -0.79614103 2.67042351 0.54363734
v -0.81670332 2.65718579 0.54465210
v -0.79635233 2.66709042 0.58141989
v -0.81688899 2.65425491 0.57787532
v 0.48150256 2.74645066 0.59495825
v 0.46153134 2.74114609 0.59528744
v 0.48170710 2.74967766 0.55837834
v 0.46174592 2.74453235 0.55690414
v 0.50588351 2.74254990 0.57268894
v 0.49245921 2.73773766 0.55677921
v 0.51426357 2.72671294 0.55822605
v 0.49224797 2.73440456 0.59456170
v 0.51407790 2.72378230 0.59144920
v -0.68160963 2.14255857 0.53431767
v -0.68141472 2.14563417 0.49945617
v 0.43375784 2.20082331 0.54569280
v 0.43395275 2.20389867 0.51083136
v -0.75861281 2.14724588 0.53516662
v -0.12409516 2.17463493 0.54152477
v -0.73865169 2.15239143 0.53664088
v -0.75840831 2.15047312 0.49858677
v -0.24735497 2.17148113 0.50290203
v -0.73843712 2.15577745 0.49825764
v -0.78274906 2.15500879 0.51365495
v -0.76915371 2.16251898 0.49898326
v -0.79098368 2.17314148 0.50209582
v -0.76936495 2.15918612 0.53676581
v -0.79116940 2.17021060 0.53531897
v 0.50982040 2.21350646 0.54810280
v 0.48940593 2.21654296 0.54916525
v 0.51002496 2.21673346 0.51152289
v 0.48962054 2.21992874 0.51078206
v 0.53344905 2.22376442 0.52707821
v 0.51944655 2.22983313 0.51212513
v 0.53998327 2.24266863 0.51566970
v 0.51923525 2.22650003 0.54990768
v 0.53979754 2.23973775 0.54889286
v 0.45887494 2.24663305 0.55228490
v -0.71149141 2.18549538 0.54034889
v 0.43436399 2.70793080 0.59284139
v -0.73600239 2.64679313 0.58090532
v 0.48862079 2.47949529 0.57277149
v -0.76574570 2.41396976 0.55997878
v 0.45909661 2.25013041 0.51263970
v -0.71126974 2.18899274 0.50070369
v 0.43458569 2.71142817 0.55319613
v -0.73578072 2.65029049 0.54126012
v 0.48883989 2.48295379 0.53356624
v -0.76552653 2.41742826 0.52077347
v -0.07142410 2.15493393 0.36590934
v 0.54891455 2.18686199 0.36527359
v -0.05721228 1.87808323 0.32949102
v 0.56312639 1.91001117 0.32885540
v 0.25280136 1.89754546 0.35295582
v 0.23925740 2.16138625 0.38766277
v 0.18842643 1.89936543 0.31399846
v 0.17488247 2.16320610 0.34870541
v 0.57119691 2.05121446 0.33186972
v 0.57148612 2.04633737 0.36905885
v -0.07973071 2.01771188 0.33253670
v -0.07944157 2.01283503 0.36972582
v 0.23862760 2.17318463 0.36566150
v -0.05516641 2.15219235 0.38771892
v -0.05545412 2.15704513 0.35071528
v -0.08483110 2.14893150 0.35076416
v -0.08455690 2.14430666 0.38602865
v 0.53306890 2.18246794 0.38711607
v 0.53278112 2.18732095 0.35011256
v 0.56283593 2.18226600 0.35010040
v 0.56311011 2.17764115 0.38536501
v 0.25307113 1.89182007 0.32864952
v -0.04102580 1.87672853 0.35148299
v -0.04131350 1.88158143 0.31447947
v -0.07135472 1.88640821 0.31623054
v -0.07108054 1.88178325 0.35149515
v 0.54720944 1.90700412 0.35088015
v 0.54692179 1.91185701 0.31387663
v 0.57631230 1.91974258 0.31556690
v 0.57658648 1.91511786 0.35083139
v 0.24603185 2.02942419 0.37062740
v 0.56107080 1.92026961 0.35343993
v -0.05617047 1.88850093 0.35407245
v 0.54822773 2.17045641 0.38635063
v -0.06901351 2.13868761 0.38698316
v 0.18060738 2.03127384 0.33103490
v 0.56076890 1.92536163 0.31461239
v -0.05647232 1.89359295 0.31524491
v 0.54792583 2.17554832 0.34752309
v -0.06931537 2.14377975 0.34815562
v 0.57661945 2.04952645 0.34681654
v -0.08492068 2.01547813 0.34749448
v -0.05186423 2.15762877 0.36633074
v -0.06537443 2.15271091 0.38667417
v -0.06564387 2.15725636 0.35201442
v -0.08011588 2.15357065 0.35247195
v -0.07985909 2.14923859 0.38550293
v 0.52918220 2.18753457 0.36573529
v 0.54316753 2.18403196 0.38605046
v 0.54289806 2.18857741 0.35139072
v 0.55767292 2.18639660 0.35181832
v 0.55792964 2.18206477 0.38484931
v -0.03747663 1.87735379 0.32946205
v -0.05114267 1.87547195 0.35020483
v -0.05141210 1.88001740 0.31554508
v -0.06617434 1.88198447 0.31674612
v -0.06591754 1.87765265 0.34977722
v 0.54356986 1.90725970 0.32886660
v 0.55739927 1.90679288 0.34958112
v 0.55712986 1.91133833 0.31492138
v 0.57161450 1.91481066 0.31609261
v 0.57187122 1.91047871 0.34912372
v -0.02249946 1.87970424 0.35237885
v 0.52847743 1.90806234 0.35181427
v 0.25237429 1.90586960 0.35429633
v 0.54174560 1.91492879 0.35301697
v -0.03640005 1.88517225 0.35360944
v -0.03642443 2.15096664 0.38806212
v 0.51455247 2.17932463 0.38749754
v 0.23968822 2.15299869 0.38680482
v 0.52845919 2.17375207 0.38706386
v -0.04968644 2.14399576 0.38765633
v -0.02279710 1.88472462 0.31409800
v 0.52817976 1.91308272 0.31353343
v 0.18720317 1.90771210 0.31485713
v 0.54144180 1.92005360 0.31393921
v -0.03670387 1.89029717 0.31453168
v -0.03672208 2.15598702 0.34978127
v 0.51425481 2.18434501 0.34921670
v 0.17451708 2.15484118 0.34736574
v 0.52815545 2.17887712 0.34798610
v -0.04999026 2.14912057 0.34857857
v 0.56534469 2.17413926 0.34839594
v 0.57796746 1.92824388 0.31604970
v 0.57101846 1.93379450 0.31593978
v 0.55898887 2.16813469 0.34676600
v 0.57523143 2.05126715 0.33304334
v 0.56562829 2.16935492 0.38487792
v 0.57825100 1.92345941 0.35253167
v 0.57131565 1.92878020 0.35417509
v 0.55928606 2.16312003 0.38500142
v 0.57550228 2.04669881 0.36787701
v -0.08649568 2.14058995 0.34906387
v -0.07387295 1.89469445 0.31671762
v -0.06753075 1.90092933 0.31659412
v -0.07956031 2.13526917 0.34742045
v -0.08374698 2.01735044 0.33371854
v -0.08621207 2.13580537 0.38554585
v -0.07358933 1.88990998 0.35319960
v -0.06723350 1.89591467 0.35482955
v -0.07926308 2.13025475 0.38565576
v -0.08347613 2.01278234 0.36855221
v -0.03697509 2.15553212 0.38684332
v -0.03724488 2.16008282 0.35214412
v 0.51462901 2.18392253 0.38627815
v 0.51435930 2.18847322 0.35157895
v -0.07458900 2.14901614 0.38715124
v 0.23891637 2.16801071 0.38760161
v -0.06448927 2.14729142 0.38775957
v -0.07487205 2.15379119 0.35074162
v 0.17756589 2.16974521 0.35047460
v -0.06478629 2.15230179 0.34955490
v -0.08638459 2.14766550 0.36490107
v -0.07953668 2.14724565 0.34931064
v -0.08968376 2.14034152 0.35079229
v -0.07924432 2.14231372 0.38691735
v -0.08942664 2.13600469 0.38386083
v 0.55271363 2.18130279 0.38650846
v 0.54284567 2.17855024 0.38713717
v 0.55243057 2.18607783 0.35009885
v 0.54254866 2.18356037 0.34893262
v 0.56454015 2.18116760 0.36423409
v 0.55773962 2.18004560 0.34865761
v 0.56854486 2.17421985 0.35011780
v 0.55803198 2.17511368 0.38626420
v 0.56880200 2.16988301 0.38318634
v -0.02260386 1.87557614 0.35001659
v -0.02287366 1.88012683 0.31531739
v 0.52900022 1.90396643 0.34945142
v 0.52873045 1.90851712 0.31475222
v -0.06067521 1.87797153 0.35149670
v 0.25312814 1.89116120 0.35118353
v -0.05079327 1.88048887 0.35266292
v -0.06095826 1.88274658 0.31508708
v 0.19177765 1.89289582 0.31405640
v -0.05109030 1.88549912 0.31445837
v -0.07284047 1.88382161 0.33019388
v -0.06627662 1.88893569 0.31533122
v -0.07704660 1.89416635 0.31840909
v -0.06598426 1.88400376 0.35293794
v -0.07678950 1.88982952 0.35147774
v 0.56662744 1.91025805 0.35085392
v 0.55654168 1.91174746 0.35204065
v 0.56634438 1.91503310 0.31444430
v 0.55624461 1.91675794 0.31383610
v 0.57808423 1.91732395 0.32952678
v 0.57099968 1.92173553 0.31467819
v 0.58118200 1.92804456 0.31773472
v 0.57129210 1.91680360 0.35228491
v 0.58143914 1.92370772 0.35080326
v 0.54145455 1.92702889 0.35480094
v -0.03734915 1.89723861 0.35539401
v 0.52941132 2.16163564 0.38566220
v -0.04939244 2.13184524 0.38625538
v 0.55620229 2.04542994 0.36999130
v -0.06414355 2.01350164 0.37062693
v 0.54114783 1.93220401 0.31534016
v -0.03765595 1.90241361 0.31593335
v 0.52910453 2.16681075 0.34620154
v -0.04969925 2.13702059 0.34679461
v 0.55589885 2.05054760 0.33096850
v -0.06444697 2.01861930 0.33160412
v -0.75069469 2.13314247 0.36566484
v 0.51995671 2.18054438 0.37511182
v -0.73966128 1.84545267 0.32516491
v 0.53099012 1.89285445 0.33461177
v -0.10464470 1.87268782 0.35373783
v -0.11515968 2.14685822 0.39233458
v -0.23579869 1.87328184 0.31378865
v -0.24631366 2.14745235 0.35238540
v 0.55683440 2.04000354 0.33993483
v 0.55675346 2.03477192 0.37707686
v -0.77647293 1.99026418 0.33002210
v -0.77655387 1.98503244 0.36716413
v -0.11545845 2.15922046 0.37049198
v -0.71783584 2.13056517 0.38769734
v -0.71775520 2.13577080 0.35074067
v -0.77836674 2.12665415 0.35020995
v -0.77844357 2.12169313 0.38542986
v 0.48705754 2.17551398 0.39665532
v 0.48713818 2.18071961 0.35969877
v 0.54826152 2.17614436 0.36007309
v 0.54818487 2.17118335 0.39529300
v -0.10424511 1.86684024 0.32933164
v -0.70685762 1.84431636 0.34740019
v -0.70677698 1.84952199 0.31044364
v -0.76790428 1.85385275 0.31180596
v -0.76798105 1.84889162 0.34702575
v 0.49803576 1.88926518 0.35635817
v 0.49811640 1.89447105 0.31940162
v 0.55872405 1.90334296 0.32166898
v 0.55864733 1.89838183 0.35688889
v -0.10990289 2.00972819 0.37335396
v 0.52723676 1.90337849 0.35933876
v -0.73706996 1.85621333 0.34993899
v 0.51726592 2.16336036 0.39593816
v -0.74704075 2.11619520 0.38653839
v -0.24319513 2.01033187 0.33275342
v 0.52732128 1.90884089 0.32056057
v -0.73698545 1.86167562 0.31116068
v 0.51735049 2.16882277 0.35715985
v -0.74695617 2.12165761 0.34776008
v 0.56767058 2.03830552 0.35494900
v -0.78737426 1.98775518 0.34487462
v -0.71052182 2.13639235 0.36643064
v -0.73866582 2.13087654 0.38650203
v -0.73859042 2.13575220 0.35188639
v -0.76843292 2.13158321 0.35206354
v -0.76850480 2.12693644 0.38505256
v 0.47964644 2.18079185 0.37527919
v 0.50782204 2.17737699 0.39576936
v 0.50789744 2.18225288 0.36115360
v 0.53796178 2.18031859 0.36177623
v 0.53788984 2.17567182 0.39476526
v -0.69935197 1.84514427 0.32542968
v -0.72761691 1.84278321 0.34594524
v -0.72754151 1.84765899 0.31132948
v -0.75760931 1.84936428 0.31233358
v -0.75768119 1.84471750 0.34532273
v 0.49081635 1.88954389 0.33427823
v 0.51887095 1.88928378 0.35521257
v 0.51894635 1.89415956 0.32059693
v 0.54878539 1.89809966 0.32204640
v 0.54871351 1.89345276 0.35503542
v -0.66878420 1.84783292 0.34862912
v 0.45979226 1.88993478 0.35701966
v -0.10497823 1.88133705 0.35520113
v 0.48736852 1.89737988 0.35853434
v -0.69685811 1.85320199 0.34972990
v -0.67959493 2.12971592 0.38831151
v 0.44898146 2.17181778 0.39670217
v -0.11482719 2.13814163 0.39135325
v 0.47705355 2.16633654 0.39639711
v -0.70717305 2.12215877 0.38759267
v -0.66870087 1.85321832 0.31039667
v 0.45987555 1.89532018 0.31878734
v -0.23775434 1.88193810 0.31475782
v 0.48745358 1.90287733 0.31950617
v -0.69677299 1.85869956 0.31070173
v -0.67951167 2.13510132 0.35007918
v 0.44906479 2.17720318 0.35846984
v -0.24760330 2.13874292 0.35090995
v 0.47713861 2.17183399 0.35736907
v -0.70708793 2.12765622 0.34856462
v 0.55286860 2.16775012 0.35828066
v 0.56266832 1.91222739 0.32230914
v 0.54882771 1.91784692 0.32217753
v 0.53948843 2.16136169 0.35645878
v 0.56507713 2.04014540 0.34117246
v 0.55278909 2.16261768 0.39471638
v 0.56258887 1.90709507 0.35874486
v 0.54874450 1.91246784 0.36036444
v 0.53940517 2.15598273 0.39464557
v 0.56500131 2.03524518 0.37596190
v -0.78230834 2.11794090 0.34835398
v -0.77250856 1.86241829 0.31238246
v -0.75912470 1.86905336 0.31245339
v -0.76846403 2.11256838 0.34673440
v -0.78472078 1.98979092 0.33113706
v -0.78238779 2.11280870 0.38478971
v -0.77258801 1.85728598 0.34881818
v -0.75920790 1.86367428 0.35064018
v -0.76854718 2.10718918 0.38492131
v -0.78479666 1.98489058 0.36592638
v -0.68040657 2.13446069 0.38715410
v -0.68033111 2.13934231 0.35249889
v 0.44945449 2.17661047 0.39555430
v 0.44952998 2.18149209 0.36089909
v -0.75775832 2.12681794 0.38678002
v -0.11541690 2.15374637 0.39237058
v -0.73722559 2.12525082 0.38751805
v -0.75767905 2.13194013 0.35041654
v -0.24040903 2.15431237 0.35429823
v -0.73714232 2.13062525 0.34936202
v -0.78176016 2.12523961 0.36431241
v -0.76763856 2.12502670 0.34881139
v -0.78886014 2.11760211 0.35003042
v -0.76772040 2.11973643 0.38637030
v -0.78893220 2.11295009 0.38305700
v 0.52715743 2.17475224 0.39633298
v 0.50678992 2.17165899 0.39676702
v 0.52723676 2.17987442 0.35996950
v 0.50687319 2.17703390 0.35861087
v 0.55154115 2.17497873 0.37422514
v 0.53770632 2.17372298 0.35851622
v 0.55940181 2.16789937 0.36005437
v 0.53762454 2.16843247 0.39607525
v 0.55932975 2.16324735 0.39308095
v -0.66924942 1.84354389 0.34619975
v -0.66917390 1.84842551 0.31154466
v 0.46061164 1.88569379 0.35460007
v 0.46068716 1.89057529 0.31994486
v -0.74695611 1.84516168 0.34712934
v -0.10438348 1.86605775 0.35187078
v -0.72659260 1.84800231 0.34848809
v -0.74687690 1.85028386 0.31076598
v -0.22937563 1.86662364 0.31379855
v -0.72650933 1.85337698 0.31033182
v -0.77124500 1.85106575 0.32571518
v -0.75734401 1.85660362 0.31102359
v -0.77904928 1.86178863 0.31401789
v -0.75742584 1.85131299 0.34858263
v -0.77912128 1.85713661 0.34704447
v 0.53795958 1.89309585 0.35668242
v 0.51742291 1.89441073 0.35773695
v 0.53803879 1.89821804 0.32031894
v 0.51750612 1.89978528 0.31958079
v 0.56205630 1.90080500 0.33562791
v 0.54800087 1.90529966 0.32072854
v 0.56921273 1.91208601 0.32404184
v 0.54791909 1.90000927 0.35828745
v 0.56914073 1.90743387 0.35706854
v 0.48755959 1.90996051 0.36050189
v -0.69801497 1.86573219 0.35168755
v 0.47820970 2.15375233 0.39482212
v -0.70736492 2.10952425 0.38600767
v 0.52543086 2.03347445 0.37775958
v -0.74523526 1.98607183 0.36831260
v 0.48764548 1.91551185 0.32109129
v -0.69792914 1.87128365 0.31227684
v 0.47829556 2.15930390 0.35541141
v -0.70727903 2.11507559 0.34659708
v 0.52551579 2.03896427 0.33878624
v -0.74515027 1.99156165 0.32933927
v 0.60791540 1.65720129 0.16859329
v -0.63479745 1.59256911 0.15465617
v 0.59495789 1.90497863 0.17490363
v -0.64775485 1.84034634 0.16096640
v -0.02632196 1.86623991 0.19090176
v -0.01397343 1.63010657 0.18488801
v 0.10241944 1.87393785 0.15299809
v 0.11476796 1.63780427 0.14698446
v -0.67176437 1.71526194 0.14216387
v -0.67213416 1.71428752 0.17965817
v 0.63222688 1.78308129 0.15678847
v 0.63185698 1.78210688 0.19428277
v -0.01333309 1.62287140 0.16134465
v 0.57550901 1.65557551 0.19034553
v 0.57587695 1.65654480 0.15303838
v 0.63509464 1.66540897 0.15473008
v 0.63474399 1.66448510 0.19028401
v -0.60289174 1.59428787 0.17712951
v -0.60252380 1.59525728 0.13982236
v -0.66236448 1.59792924 0.14017892
v -0.66271514 1.59700537 0.17573273
v -0.02650179 1.87468815 0.16775775
v 0.56261647 1.90211153 0.19662428
v 0.56298441 1.90308082 0.15931714
v 0.62280780 1.90036333 0.16071379
v 0.62245715 1.89943945 0.19626772
v -0.61578423 1.84082389 0.18340826
v -0.61541635 1.84179330 0.14610112
v -0.67465132 1.83288360 0.14616263
v -0.67500198 1.83195984 0.18171656
v -0.02015086 1.74816489 0.18821561
v -0.64425546 1.82797754 0.18371379
v 0.59225243 1.89228714 0.19758141
v -0.63254589 1.60406446 0.17801118
v 0.60396194 1.66837394 0.19187891
v 0.11068947 1.75598824 0.14969397
v -0.64386928 1.82899475 0.14456773
v 0.59263855 1.89330435 0.15843534
v -0.63215977 1.60508156 0.13886523
v 0.60434800 1.66939127 0.15273285
v -0.68254292 1.71431732 0.15711963
v 0.64270800 1.78324223 0.17198265
v 0.56863683 1.65361643 0.16833103
v 0.59590220 1.65586960 0.18937182
v 0.59624684 1.65677762 0.15442777
v 0.62540132 1.66080964 0.15564179
v 0.62507278 1.65994430 0.18894374
v -0.59536278 1.59307802 0.15527654
v -0.62317860 1.59246647 0.17569971
v -0.62283391 1.59337437 0.14075565
v -0.65226912 1.59435904 0.14131260
v -0.65259761 1.59349382 0.17461455
v 0.55551910 1.90445840 0.17471933
v 0.58292657 1.90399444 0.19569099
v 0.58327121 1.90490246 0.16074693
v 0.61269027 1.90387487 0.16183221
v 0.61236179 1.90300965 0.19513416
v -0.60848051 1.84391987 0.16166484
v -0.63615417 1.84059119 0.18201888
v -0.63580960 1.84149921 0.14707482
v -0.66498017 1.83742464 0.14750278
v -0.66530865 1.83655918 0.18080473
v 0.52538896 1.89827383 0.19680166
v -0.57837284 1.84086800 0.18442285
v -0.02593329 1.85875535 0.19095457
v -0.60529900 1.83387578 0.18437755
v 0.55288929 1.89411235 0.19736683
v 0.53808481 1.65549779 0.19061875
v -0.56567705 1.59809208 0.17823994
v -0.01436691 1.63757861 0.18532169
v -0.59318537 1.60223281 0.17847812
v 0.56500304 1.66246927 0.19146740
v 0.52576965 1.89927661 0.15820670
v -0.57799214 1.84187102 0.14582789
v 0.10440041 1.86654830 0.15258217
v -0.60491031 1.83489954 0.14497924
v 0.55327803 1.89513576 0.15796852
v 0.53846550 1.65650058 0.15202379
v -0.56529635 1.59909499 0.13964486
v 0.11596678 1.64537156 0.14694941
v -0.59279674 1.60325646 0.13907981
v 0.56539172 1.66349292 0.15206909
v -0.66692781 1.60516870 0.13970792
v -0.67843646 1.82524145 0.14531255
v -0.66484433 1.82078588 0.14444625
v -0.65387648 1.61105490 0.13910496
v -0.67984015 1.71481156 0.14326096
v -0.66729063 1.60421300 0.17648911
v -0.67879921 1.82428575 0.18209374
v -0.66522455 1.81978416 0.18299532
v -0.65425676 1.61005342 0.17765391
v -0.68018645 1.71389902 0.17838037
v 0.63889188 1.67308307 0.15435290
v 0.62738323 1.89315581 0.15995753
v 0.61434942 1.88731539 0.15879273
v 0.62531728 1.67758465 0.15345132
v 0.64027911 1.78346980 0.15806627
v 0.63852912 1.67212737 0.19113410
v 0.62702054 1.89220011 0.19673872
v 0.61396921 1.88631380 0.19734168
v 0.62493706 1.67658293 0.19200039
v 0.63993281 1.78255713 0.19318569
v 0.53893423 1.65168715 0.18872118
v 0.53927940 1.65259612 0.15373731
v -0.56608403 1.59421611 0.17632818
v -0.56573892 1.59512520 0.14134431
v 0.61453998 1.65959597 0.19053543
v -0.01365990 1.62430918 0.18381560
v 0.59443134 1.66043055 0.19126427
v 0.61490202 1.66054976 0.15382707
v 0.10903300 1.63164532 0.14769268
v 0.59481132 1.66143131 0.15274632
v 0.63824898 1.66461968 0.16891539
v 0.62459999 1.66678357 0.15348077
v 0.64528018 1.67324603 0.15614212
v 0.62422609 1.66579854 0.19139600
v 0.64495134 1.67237973 0.18948197
v -0.64212376 1.59423816 0.17644167
v -0.62223148 1.59715307 0.17761910
v -0.64176166 1.59519196 0.13973331
v -0.62185150 1.59815383 0.13910115
v -0.66573638 1.59680068 0.15429091
v -0.65204376 1.60038674 0.13916302
v -0.67333704 1.60466599 0.14135361
v -0.65241766 1.59940147 0.17707813
v -0.67366588 1.60379970 0.17469347
v 0.52583152 1.90224349 0.19510233
v 0.52617669 1.90315259 0.16011846
v -0.57918674 1.84477270 0.18270934
v -0.57884163 1.84568155 0.14772546
v 0.60185438 1.90217686 0.19671333
v -0.02661727 1.87208533 0.19012582
v 0.58194423 1.89921486 0.19734550
v 0.60221642 1.90313077 0.16000497
v 0.09607562 1.87942147 0.15400290
v 0.58232415 1.90021586 0.15882742
v 0.62590033 1.90075600 0.17492914
v 0.61251032 1.89796734 0.15936840
v 0.63375843 1.89356911 0.16175318
v 0.61213636 1.89698207 0.19728363
v 0.63342965 1.89270282 0.19509304
v -0.65480942 1.83681905 0.18261957
v -0.63471860 1.83593750 0.18370032
v -0.65444732 1.83777285 0.14591122
v -0.63433862 1.83693814 0.14518237
v -0.67808497 1.83293688 0.16030478
v -0.66413337 1.83157027 0.14505064
v -0.68485868 1.82498908 0.14696467
v -0.66450733 1.83058512 0.18296587
v -0.68518752 1.82412279 0.18030453
v -0.60539341 1.82299995 0.18428719
v 0.55411339 1.88330472 0.19729125
v -0.59441316 1.61303043 0.17893982
v 0.56509364 1.67333519 0.19194388
v -0.64151138 1.71585679 0.18092608
v 0.60121596 1.78048980 0.19486344
v -0.60500103 1.82403362 0.14450276
v 0.55450588 1.88433850 0.15750682
v -0.59402072 1.61406410 0.13915539
v 0.56548613 1.67436886 0.15215945
v -0.64112329 1.71687901 0.14158320
v 0.60160410 1.78151202 0.15552056
v -0.63054788 1.55359256 0.03662050
v 0.59812111 1.59914768 0.01586068
v -0.61954743 1.25897276 0.04116976
v 0.60912150 1.30452788 0.02041006
v -0.00509456 1.28904390 0.05380094
v -0.01557805 1.56981874 0.04946542
v -0.13263875 1.28370714 0.01659703
v -0.14312224 1.56448197 0.01226151
v 0.63366461 1.45271528 0.00231802
v 0.63427603 1.45331705 0.03981698
v -0.65559000 1.40491378 0.02410138
v -0.65497863 1.40551567 0.06160033
v -0.01630676 1.57876813 0.02597475
v -0.59836733 1.55438805 0.05819440
v -0.59897560 1.55378938 0.02088261
v -0.65756071 1.54473555 0.02286017
v -0.65698099 1.54530632 0.05841851
v 0.56671625 1.59758568 0.03850901
v 0.56610805 1.59698689 0.00119734
v 0.62523580 1.59229755 0.00118589
v 0.62581551 1.59286821 0.03674424
v -0.00512699 1.27934492 0.03059840
v -0.58742207 1.26124406 0.06272101
v -0.58803022 1.26064527 0.02540922
v -0.64712954 1.26536274 0.02717412
v -0.64654982 1.26593339 0.06273246
v 0.57766151 1.30444157 0.04303563
v 0.57705331 1.30384278 0.00572395
v 0.63566697 1.31292474 0.00549996
v 0.63624668 1.31349540 0.04105818
v -0.01033107 1.42943633 0.05195391
v 0.60589957 1.31897140 0.04326224
v -0.61663443 1.27364361 0.06391823
v 0.59595871 1.58521557 0.03915095
v -0.62657535 1.53988802 0.05980706
v -0.13995472 1.42401278 0.01414347
v 0.60526139 1.31834292 0.00411129
v -0.61727273 1.27301526 0.02476728
v 0.59532040 1.58458734 0.00000000
v -0.62721360 1.53925955 0.02065611
v 0.64442021 1.45334697 0.01721728
v -0.66585398 1.40476608 0.03935575
v -0.59170038 1.55686080 0.03615296
v -0.61853200 1.55456793 0.05733800
v -0.61910176 1.55400705 0.02238953
v -0.64793974 1.54993856 0.02374649
v -0.64739686 1.55047309 0.05705261
v 0.55914468 1.59953046 0.01670825
v 0.58677179 1.59925675 0.03697312
v 0.58620209 1.59869587 0.00202465
v 0.61529160 1.59677505 0.00240290
v 0.61583453 1.59730959 0.03570890
v -0.58056390 1.25859702 0.04075861
v -0.60751611 1.25953507 0.06189370
v -0.60808581 1.25897419 0.02694523
v -0.63714856 1.26092136 0.02820933
v -0.63660562 1.26145589 0.06151545
v 0.57028121 1.30126655 0.02131391
v 0.59778774 1.30422390 0.04152882
v 0.59721798 1.30366290 0.00658035
v 0.62608290 1.30775797 0.00686574
v 0.62662572 1.30829239 0.04017186
v -0.55059731 1.26485801 0.06270707
v 0.54069084 1.30531943 0.04426861
v -0.00542260 1.29793990 0.05390704
v 0.56735605 1.31294227 0.04411352
v -0.57774365 1.27048564 0.06346118
v -0.56137574 1.55353093 0.05824947
v 0.52991247 1.59399247 0.03981102
v -0.01524207 1.56093037 0.04984605
v 0.55707186 1.58837771 0.03986037
v -0.58802778 1.54592109 0.05920804
v -0.55122650 1.26423848 0.02410722
v 0.54006171 1.30470002 0.00566888
v -0.13454431 1.29253721 0.01624298
v 0.56671375 1.31230986 0.00471032
v -0.57838589 1.26985312 0.02405798
v -0.56200486 1.55291152 0.01964974
v 0.52928334 1.59337294 0.00121129
v -0.14436379 1.55552769 0.01218200
v 0.55642962 1.58774531 0.00045717
v -0.58867007 1.54528868 0.01980484
v 0.62968928 1.58359337 0.00063896
v 0.63945973 1.32191575 0.00467956
v 0.62605327 1.32756186 0.00392306
v 0.61674190 1.57694256 0.00007236
v 0.64165694 1.45302999 0.00337088
v 0.63028890 1.58418381 0.03742480
v 0.64005935 1.32250607 0.04146552
v 0.62668169 1.32818079 0.04247701
v 0.61737031 1.57756138 0.03862607
v 0.64222956 1.45359373 0.03849471
v -0.66137338 1.53572488 0.02245271
v -0.65160292 1.27404714 0.02649355
v -0.63868439 1.28066957 0.02529216
v -0.64799571 1.53005016 0.02144134
v -0.66354358 1.40463722 0.02542365
v -0.66077369 1.53631520 0.05923867
v -0.65100330 1.27463758 0.06327939
v -0.63805592 1.28128839 0.06384599
v -0.64736724 1.53066897 0.05999517
v -0.66297096 1.40520096 0.06054747
v -0.56219894 1.55810463 0.05638278
v -0.56276929 1.55754316 0.02139461
v 0.53033149 1.59861219 0.03792334
v 0.52976114 1.59805059 0.00293517
v -0.63697368 1.55059743 0.05858493
v -0.01585155 1.57672572 0.04843414
v -0.61710024 1.54908800 0.05919063
v -0.63757211 1.55000806 0.02187216
v -0.13740353 1.57163966 0.01297820
v -0.61772817 1.54846966 0.02066791
v -0.66058213 1.54554594 0.03706932
v -0.64720601 1.54285622 0.02154016
v -0.66767728 1.53566682 0.02427840
v -0.64658797 1.54346490 0.05946004
v -0.66713369 1.53620207 0.05762231
v 0.60548836 1.59666383 0.03759229
v 0.58581299 1.59368801 0.03886616
v 0.60488993 1.59607458 0.00087941
v 0.58518511 1.59306979 0.00034332
v 0.62866682 1.59334707 0.01528609
v 0.61501026 1.58965516 0.00021362
v 0.63603818 1.58400440 0.00225067
v 0.61562830 1.59026384 0.03813362
v 0.63658178 1.58453965 0.03559470
v -0.55107516 1.26018035 0.06098318
v -0.55164552 1.25961876 0.02599502
v 0.54145527 1.30068779 0.04252374
v 0.54088491 1.30012631 0.00753558
v -0.62620395 1.26215637 0.06303895
v -0.00485118 1.28210711 0.05298352
v -0.60649914 1.26516116 0.06357503
v -0.62680238 1.26156712 0.02632606
v -0.12640315 1.27702117 0.01752758
v -0.60712701 1.26454294 0.02505219
v -0.65009856 1.26476789 0.04140496
v -0.63694233 1.26796710 0.02578473
v -0.65789574 1.27369130 0.02832365
v -0.63632429 1.26857579 0.06370473
v -0.65735221 1.27422655 0.06166768
v 0.61625814 1.30822289 0.04204619
v 0.59641415 1.30976129 0.04325044
v 0.61565965 1.30763352 0.00533342
v 0.59578621 1.30914295 0.00472760
v 0.63915038 1.31256902 0.01962173
v 0.62527394 1.31476605 0.00445831
v 0.64581966 1.32202899 0.00629592
v 0.62589198 1.31537473 0.04237819
v 0.64636326 1.32256413 0.03963995
v 0.56752980 1.32585502 0.04409659
v -0.57887334 1.28335011 0.06346619
v 0.55820793 1.57551956 0.04024136
v -0.58819526 1.53301454 0.05961108
v 0.60400534 1.45220912 0.04125309
v -0.62467796 1.40665340 0.06201303
v 0.56688130 1.32521641 0.00430715
v -0.57952195 1.28271139 0.02367699
v 0.55755937 1.57488084 0.00045204
v -0.58884382 1.53237593 0.01982164
v 0.60336393 1.45157754 0.00190532
v -0.62531936 1.40602183 0.02266526
v -0.78918225 2.71915317 0.74213308
v -0.23947901 2.75451660 0.73975849
v -0.78988510 2.71979380 0.58895975
v -0.24018191 2.75515723 0.58658516
v -0.51353300 2.71438432 0.59126818
v -0.51286304 2.71377373 0.73724347
v -0.57283491 2.75000858 0.59168929
v -0.57216501 2.74939799 0.73766458
v -0.22726007 2.77098656 0.66318172
v -0.22485279 2.73355556 0.66301411
v -0.80406922 2.73387933 0.66567338
v -0.80166197 2.69644833 0.66550577
v -0.51433957 2.73705792 0.74219549
v -0.77354133 2.69800997 0.74158925
v -0.77593654 2.73525429 0.74175596
v -0.80222893 2.73269987 0.73828608
v -0.79994631 2.69720602 0.73812705
v -0.25228608 2.73154330 0.73933750
v -0.25468132 2.76878762 0.73950428
v -0.22830921 2.76962137 0.73580676
v -0.22602649 2.73412728 0.73564792
v -0.51505393 2.73770905 0.58652484
v -0.77424067 2.69864726 0.58918321
v -0.77663589 2.73589158 0.58934993
v -0.80289555 2.73330760 0.59303957
v -0.80061281 2.69781351 0.59288067
v -0.25298542 2.73218060 0.58693147
v -0.25538066 2.76942492 0.58709824
v -0.22897574 2.77022886 0.59056038
v -0.22669302 2.73473501 0.59040141
v -0.51317745 2.71375895 0.66425437
v -0.24004273 2.73206043 0.59386444
v -0.78700113 2.69687343 0.59622717
v -0.23940752 2.73148155 0.73228526
v -0.78636599 2.69629455 0.73464805
v -0.57344621 2.74996400 0.66468239
v -0.24255604 2.77114034 0.59403938
v -0.78951448 2.73595333 0.59640217
v -0.24192084 2.77056146 0.73246026
v -0.78887922 2.73537445 0.73482305
v -0.22159018 2.75623965 0.66309392
v -0.80780339 2.71852732 0.66562629
v -0.77175480 2.72005129 0.74300420
v -0.78261214 2.69860864 0.74212450
v -0.78485566 2.73349380 0.74228066
v -0.79776841 2.73184705 0.74076915
v -0.79563028 2.69860125 0.74062032
v -0.25686973 2.75317478 0.74078000
v -0.24336240 2.73329973 0.73979497
v -0.24560596 2.76818466 0.73995119
v -0.23260213 2.76820540 0.73832768
v -0.23046398 2.73495936 0.73817885
v -0.77246642 2.72070003 0.58793628
v -0.78331614 2.69925022 0.58873630
v -0.78555965 2.73413515 0.58889252
v -0.79845804 2.73247552 0.59050864
v -0.79631984 2.69922948 0.59035975
v -0.25758138 2.75382352 0.58571208
v -0.24406630 2.73394108 0.58640683
v -0.24630985 2.76882648 0.58656299
v -0.23329167 2.76883364 0.58806717
v -0.23115353 2.73558784 0.58791834
v -0.75768602 2.69906163 0.59027123
v -0.26944667 2.73047113 0.58816212
v -0.51349616 2.71412206 0.59589010
v -0.25736752 2.73082995 0.59154946
v -0.76968211 2.69787192 0.59376252
v -0.75699735 2.69843388 0.74035281
v -0.26875791 2.72984338 0.73824370
v -0.51286864 2.71355033 0.73261935
v -0.25671035 2.73023105 0.73474878
v -0.76902491 2.69727302 0.73696190
v -0.76016408 2.73759151 0.59044379
v -0.27192461 2.76900101 0.58833462
v -0.57353157 2.75018692 0.59631646
v -0.25989705 2.77016187 0.59172559
v -0.77221161 2.73720384 0.59393865
v -0.75947535 2.73696375 0.74052536
v -0.27123591 2.76837325 0.73841625
v -0.57290411 2.74961519 0.73304570
v -0.25923988 2.76956296 0.73492491
v -0.77155453 2.73660493 0.73713803
v -0.22652061 2.77037215 0.73120165
v -0.22714493 2.77094126 0.59515500
v -0.23307586 2.77143145 0.59838098
v -0.23248093 2.77088904 0.72803444
v -0.22361676 2.77003074 0.66316092
v -0.22415908 2.73365307 0.73103726
v -0.22478339 2.73422194 0.59499061
v -0.23060088 2.73294735 0.59820873
v -0.23000593 2.73240495 0.72786212
v -0.22136198 2.73497033 0.66300398
v -0.80413854 2.73321295 0.73369688
v -0.80476290 2.73378181 0.59765023
v -0.79891610 2.73502994 0.60082531
v -0.79832107 2.73448753 0.73047876
v -0.80756003 2.73246455 0.66568345
v -0.80177706 2.69649363 0.73353249
v -0.80240136 2.69706273 0.59748578
v -0.79644108 2.69654584 0.60065305
v -0.79584622 2.69600344 0.73030645
v -0.80530524 2.69740415 0.66552657
v -0.75738019 2.70020866 0.74276698
v -0.75962627 2.73513341 0.74292338
v -0.26858494 2.73165369 0.74065548
v -0.27083105 2.76657844 0.74081188
v -0.79087561 2.69720030 0.74044281
v -0.51290584 2.71468139 0.74084634
v -0.78197592 2.69687104 0.73922712
v -0.79323250 2.73384690 0.74060690
v -0.56942177 2.74863195 0.74124759
v -0.78444886 2.73532414 0.73939925
v -0.80276132 2.71846581 0.73859423
v -0.79770631 2.73417950 0.73710591
v -0.80685818 2.73131275 0.73377883
v -0.79527211 2.69632840 0.73693639
v -0.80471754 2.69802904 0.73362976
v -0.23500140 2.73296094 0.73804158
v -0.24379572 2.73149347 0.73690224
v -0.23735821 2.76960731 0.73820561
v -0.24626873 2.76994634 0.73707443
v -0.22595476 2.75557280 0.73610258
v -0.23299412 2.77050877 0.73466635
v -0.22357939 2.76883626 0.73125917
v -0.23055984 2.73265743 0.73449695
v -0.22143883 2.73555255 0.73111010
v -0.75809097 2.70085645 0.58787555
v -0.76033711 2.73578119 0.58803195
v -0.26929575 2.73230147 0.58576411
v -0.27154186 2.76722622 0.58592051
v -0.79156375 2.69782758 0.59048182
v -0.51360875 2.71532202 0.58767360
v -0.78265327 2.69748855 0.59161299
v -0.79392064 2.73447394 0.59064591
v -0.57012469 2.74927258 0.58807498
v -0.78512627 2.73594141 0.59178525
v -0.80343121 2.71907616 0.59261727
v -0.79836214 2.73477745 0.59419054
v -0.80748320 2.73188233 0.59757733
v -0.79592788 2.69692612 0.59402108
v -0.80534261 2.69859862 0.59742832
v -0.23568958 2.73358798 0.58808059
v -0.24447311 2.73211074 0.58928823
v -0.23804639 2.77023458 0.58824462
v -0.24694613 2.77056384 0.58946037
v -0.22662461 2.75618339 0.59012556
v -0.23364995 2.77110648 0.59175110
v -0.22420442 2.76940584 0.59505767
v -0.23121566 2.73325539 0.59158158
v -0.22206385 2.73612213 0.59490865
v -0.25703278 2.73062801 0.59824651
v -0.76993048 2.69763231 0.60046214
v -0.25643715 2.73008537 0.72804749
v -0.76933485 2.69708967 0.73026311
v -0.23834322 2.73176098 0.66306847
v -0.78805280 2.69639707 0.66544318
v -0.25958714 2.77034545 0.59842438
v -0.77248484 2.73734975 0.60064000
v -0.25899148 2.76980257 0.72822535
v -0.77188921 2.73680687 0.73044097
v -0.24086918 2.77103782 0.66324431
v -0.79057884 2.73567390 0.66561896
v -0.74500448 2.14155197 0.50067890
v 0.51247275 2.20035958 0.50958651
v -0.74425292 2.14534569 0.36952543
v 0.51322436 2.20415330 0.37843287
v -0.11444750 2.15157127 0.37639916
v -0.11516380 2.14795589 0.50138938
v -0.24617158 2.18479633 0.37660527
v -0.24688789 2.18118095 0.50159562
v 0.54313368 2.21899295 0.44466734
v 0.54489273 2.18154073 0.44359422
v -0.77634984 2.15728545 0.43532062
v -0.77459079 2.11983323 0.43424737
v -0.11628279 2.17115355 0.50620836
v -0.71142781 2.12101102 0.49994850
v -0.71317810 2.15827632 0.50101638
v -0.77335590 2.15467215 0.49749935
v -0.77168787 2.11915851 0.49648166
v 0.48097315 2.17677546 0.50839496
v 0.47922280 2.21404052 0.50946283
v 0.53951800 2.21607065 0.50679928
v 0.54118609 2.18055677 0.50578153
v -0.11551891 2.17500901 0.37291658
v -0.71067995 2.12478566 0.36945188
v -0.71243030 2.16205072 0.37051976
v -0.77264321 2.15826941 0.37313318
v -0.77097505 2.12275577 0.37211549
v 0.48172098 2.18055010 0.37789845
v 0.47997069 2.21781516 0.37896633
v 0.54023075 2.21966791 0.38243318
v 0.54189885 2.18415403 0.38141537
v -0.11479061 2.14944339 0.43888509
v 0.51112860 2.18083334 0.38406765
v -0.74006987 2.12231922 0.37520468
v 0.51044941 2.17740488 0.50258958
v -0.74074906 2.11889100 0.49372649
v -0.24866231 2.18320990 0.43909466
v 0.50929195 2.21993518 0.38518822
v -0.74190652 2.16142130 0.37632525
v 0.50861275 2.21650696 0.50371009
v -0.74258572 2.15799308 0.49484706
v 0.55459708 2.20443797 0.44431210
v -0.78639883 2.14172435 0.43481290
v -0.70517474 2.14317322 0.50176585
v -0.73206735 2.12121654 0.50025702
v -0.73370677 2.15612149 0.50125718
v -0.76330346 2.15395355 0.49968469
v -0.76174110 2.12068915 0.49873137
v 0.47265399 2.19825602 0.51010919
v 0.50149697 2.17890596 0.50899506
v 0.49985752 2.21381068 0.50999534
v 0.52954668 2.21441555 0.50884271
v 0.53110904 2.18115091 0.50788957
v -0.70441383 2.14701390 0.36899018
v -0.73131466 2.12501574 0.36891937
v -0.73295408 2.15992045 0.36991966
v -0.76256615 2.15767527 0.37102520
v -0.76100373 2.12441063 0.37007201
v 0.47341493 2.20209646 0.37733352
v 0.50224966 2.18270469 0.37765765
v 0.50061029 2.21760964 0.37865782
v 0.53028399 2.21813703 0.38018334
v 0.53184628 2.18487263 0.37923002
v -0.67289269 2.12587976 0.37069607
v 0.44398275 2.17811203 0.37860763
v -0.11445876 2.15121365 0.38035071
v 0.47152129 2.17891335 0.38173771
v -0.70042735 2.12410569 0.37343597
v -0.67362911 2.12216258 0.49920237
v 0.44324630 2.17439485 0.50711393
v -0.11512971 2.14782739 0.49742401
v 0.47081858 2.17536664 0.50435108
v -0.70112997 2.12055898 0.49604940
v -0.67470348 2.16443133 0.37180078
v 0.44217202 2.21666360 0.37971234
v -0.24781209 2.18484974 0.38055933
v 0.46967292 2.21826720 0.38286531
v -0.70227569 2.16345954 0.37456369
v -0.67543983 2.16071415 0.50030708
v 0.44143558 2.21294641 0.50821865
v -0.24848302 2.18146324 0.49763274
v 0.46897015 2.21472073 0.50547874
v -0.70297843 2.15991282 0.49717712
v 0.54374170 2.21699524 0.50290811
v 0.54440933 2.22036481 0.38641930
v 0.53088105 2.22053838 0.38908625
v 0.53024483 2.21732736 0.50010097
v 0.55134916 2.21818829 0.44469118
v 0.54546732 2.18025541 0.50185537
v 0.54613495 2.18362474 0.38536644
v 0.53268963 2.18203282 0.38798273
v 0.53205335 2.17882180 0.49899757
v 0.55299693 2.18310857 0.44368589
v -0.77759206 2.15520144 0.49354827
v -0.77692443 2.15857077 0.37705934
v -0.76351053 2.16000438 0.37991726
v -0.76414669 2.15679336 0.49093199
v -0.78445405 2.15571761 0.43522882
v -0.77586645 2.11846137 0.49249554
v -0.77519882 2.12183094 0.37600660
v -0.76170194 2.12149882 0.37881374
v -0.76233810 2.11828780 0.48982847
v -0.78280628 2.12063789 0.43422353
v -0.67436129 2.12387681 0.50130880
v -0.67600256 2.15882134 0.50231016
v 0.44378534 2.17616868 0.50922924
v 0.44214410 2.21111321 0.51023066
v -0.75103229 2.11948872 0.49862969
v -0.11522482 2.14879012 0.50449723
v -0.73074597 2.11956024 0.49774241
v -0.75275457 2.15615559 0.49968052
v -0.24076028 2.18045402 0.50469369
v -0.73255306 2.15803504 0.49884486
v -0.77599502 2.14036083 0.49738336
v -0.76287419 2.15637302 0.49660969
v -0.78398639 2.15317798 0.49351943
v -0.76109540 2.11850047 0.49552441
v -0.78242230 2.11987543 0.49256527
v 0.52056158 2.17895651 0.50763720
v 0.50037158 2.17713523 0.50646323
v 0.51883936 2.21562338 0.50868797
v 0.49856445 2.21561003 0.50756574
v 0.54348260 2.20206809 0.50673008
v 0.52893692 2.21678638 0.50576043
v 0.55029672 2.21557736 0.50297105
v 0.53071576 2.17891383 0.50467515
v 0.55186093 2.18227506 0.50201678
v -0.67360121 2.12771320 0.36868417
v -0.67524248 2.16265774 0.36968553
v 0.44454545 2.18000484 0.37660468
v 0.44290420 2.21494937 0.37760603
v -0.75029647 2.12320280 0.37022674
v -0.11447319 2.15258360 0.37334430
v -0.73002160 2.12321639 0.37134898
v -0.75201869 2.15986967 0.37127757
v -0.24000868 2.18424773 0.37354076
v -0.73182869 2.16169119 0.37245154
v -0.77527875 2.14397645 0.37239158
v -0.76217288 2.15991235 0.37423956
v -0.78331810 2.15655112 0.37689793
v -0.76039404 2.12204003 0.37315428
v -0.78175384 2.12324882 0.37594366
v 0.52129745 2.18267059 0.37923431
v 0.50109601 2.18079114 0.38006985
v 0.51957512 2.21933746 0.38028502
v 0.49928886 2.21926594 0.38117230
v 0.54419893 2.20568371 0.38173831
v 0.52963823 2.22032571 0.38339031
v 0.55096519 2.21895075 0.38634956
v 0.53141713 2.18245316 0.38230503
v 0.55252928 2.18564820 0.38539529
v 0.47216451 2.17858577 0.38747299
v -0.70111817 2.12371540 0.37916195
v 0.47152752 2.17537093 0.49861407
v -0.70175511 2.12050080 0.49030304
v 0.51394027 2.17916799 0.44334817
v -0.74355155 2.12035966 0.43444049
v 0.47029799 2.21832538 0.38861179
v -0.70298463 2.16345525 0.38030064
v 0.46966100 2.21511078 0.49975288
v -0.70362163 2.16024065 0.49144173
v 0.51209444 2.21846652 0.44447422
v -0.74539739 2.15965843 0.43556666
v 0.54231966 2.20195985 0.38619077
v 0.04831884 2.18456793 0.38362932
v 0.54161936 2.20530844 0.49851465
v 0.04761851 2.18791676 0.49595296
v 0.29544500 2.17343473 0.49528825
v 0.29611239 2.17024302 0.38824296
v 0.34508967 2.21454740 0.49437213
v 0.34575710 2.21135616 0.38732672
v 0.03525302 2.20110679 0.43926871
v 0.03656635 2.16363788 0.44039392
v 0.55361301 2.21935630 0.44195652
v 0.55492634 2.18188739 0.44308174
v 0.29531693 2.19346523 0.38398755
v 0.53030926 2.17943597 0.38706911
v 0.52900249 2.21671772 0.38594937
v 0.55268079 2.21675324 0.38872349
v 0.55392611 2.18122363 0.38979053
v 0.06187369 2.16294432 0.38464010
v 0.06056696 2.20022607 0.38352048
v 0.03691732 2.19859529 0.38604915
v 0.03816265 2.16306543 0.38711619
v 0.29460517 2.19686842 0.49814260
v 0.52961242 2.18276811 0.49883008
v 0.52830571 2.22004986 0.49771047
v 0.55201674 2.21992874 0.49523437
v 0.55326205 2.18439889 0.49630141
v 0.06117685 2.16627645 0.49640107
v 0.05987013 2.20355821 0.49528146
v 0.03625324 2.20177054 0.49256003
v 0.03749857 2.16624093 0.49362695
v 0.29578996 2.17151833 0.44177520
v 0.04969175 2.16479778 0.49124110
v 0.54122585 2.18210292 0.49378991
v 0.05032462 2.16177177 0.38973546
v 0.54185873 2.17907691 0.39228427
v 0.34624404 2.21330142 0.44084418
v 0.04832059 2.20391726 0.49006629
v 0.53985471 2.22122240 0.49261510
v 0.04895345 2.20089126 0.38856065
v 0.54048765 2.21819639 0.39110935
v 0.03155548 2.18589330 0.43969917
v 0.55836660 2.20444012 0.44243097
v 0.52668661 2.20117021 0.38542163
v 0.53835565 2.18089056 0.38671541
v 0.53713167 2.21581125 0.38566661
v 0.54879850 2.21543479 0.38689852
v 0.54996490 2.18215537 0.38789797
v 0.06397580 2.18488026 0.38302231
v 0.05374902 2.16382957 0.38420260
v 0.05252506 2.19875002 0.38315392
v 0.04090143 2.19755363 0.38426495
v 0.04206786 2.16427422 0.38526440
v 0.52597755 2.20456052 0.49913454
v 0.53765428 2.18424416 0.49919665
v 0.53643030 2.21916461 0.49814796
v 0.54811150 2.21871996 0.49708617
v 0.54927790 2.18544054 0.49808562
v 0.06326680 2.18827033 0.49673533
v 0.05304772 2.16718292 0.49668384
v 0.05182375 2.20210361 0.49563503
v 0.04021443 2.20083880 0.49445260
v 0.04138087 2.16755939 0.49545205
v 0.51480508 2.18157673 0.49792027
v 0.07603990 2.16612959 0.49564517
v 0.29547465 2.17309022 0.49190545
v 0.06525190 2.16527224 0.49307764
v 0.52565271 2.18148112 0.49546492
v 0.51549137 2.17829561 0.38786376
v 0.07672610 2.16284847 0.38558853
v 0.29609978 2.17010117 0.39164031
v 0.06590663 2.16214156 0.38806796
v 0.52630746 2.17835045 0.39045537
v 0.51345330 2.22014570 0.49676192
v 0.07468805 2.20469856 0.49448681
v 0.34573337 2.21471143 0.49097800
v 0.06387192 2.20464373 0.49189520
v 0.52427274 2.22085261 0.49428260
v 0.51413947 2.21686459 0.38670540
v 0.07537425 2.20141745 0.38443029
v 0.34635854 2.21172237 0.39071286
v 0.06452665 2.20151305 0.38688552
v 0.52492744 2.21772194 0.38927281
v 0.03521307 2.19925070 0.38939524
v 0.03459105 2.20222473 0.48915982
v 0.03986687 2.20322466 0.48681664
v 0.04045969 2.20039010 0.39174032
v 0.03208900 2.19980717 0.43928778
v 0.03650140 2.16249442 0.39049911
v 0.03587939 2.16546845 0.49026370
v 0.04121711 2.16470170 0.48797345
v 0.04180992 2.16186738 0.39289713
v 0.03331914 2.16471171 0.44034159
v 0.55429989 2.21752572 0.39208686
v 0.55367798 2.22049975 0.49185145
v 0.54836947 2.22112679 0.48945332
v 0.54896224 2.21829247 0.39437699
v 0.55686027 2.21828246 0.44200885
v 0.55558830 2.18076944 0.39319074
v 0.55496627 2.18374348 0.49295533
v 0.54971969 2.18260407 0.49061024
v 0.55031252 2.17976952 0.39553392
v 0.55809033 2.18318701 0.44306278
v 0.51568884 2.18005633 0.38604724
v 0.51446342 2.21501637 0.38499737
v 0.07642411 2.16459155 0.38376963
v 0.07519873 2.19955158 0.38271964
v 0.54584861 2.18030953 0.38803720
v 0.29609650 2.17108822 0.38557625
v 0.53792435 2.17915130 0.38888359
v 0.54456282 2.21699309 0.38693559
v 0.34340879 2.21026921 0.38470316
v 0.53657520 2.21764302 0.38772774
v 0.55447572 2.20263672 0.38888752
v 0.54849678 2.21781301 0.38952136
v 0.55690426 2.21589398 0.39209485
v 0.54982483 2.17992353 0.39065921
v 0.55807191 2.18257666 0.39309549
v 0.04630215 2.16272259 0.38544691
v 0.05427903 2.16212392 0.38637590
v 0.04501638 2.19940591 0.38434529
v 0.05292988 2.20061588 0.38521981
v 0.03611796 2.18438745 0.38619959
v 0.04100792 2.19994617 0.38688982
v 0.03273015 2.19743967 0.38937700
v 0.04233599 2.16205692 0.38802767
v 0.03389791 2.16412258 0.39037752
v 0.51498067 2.18344259 0.49963081
v 0.51375520 2.21840262 0.49858093
v 0.07571593 2.16797781 0.49735320
v 0.07449055 2.20293784 0.49630320
v 0.54516292 2.18358827 0.49800527
v 0.29539615 2.17443681 0.49789953
v 0.53724951 2.18237829 0.49713063
v 0.54387718 2.22027159 0.49690366
v 0.34270847 2.21361804 0.49702644
v 0.53590035 2.22087026 0.49597466
v 0.55380827 2.20582819 0.49593401
v 0.54784334 2.22093725 0.49432278
v 0.55628145 2.21887159 0.49197304
v 0.54917139 2.18304801 0.49546063
v 0.55744922 2.18555450 0.49297357
v 0.04561651 2.16600108 0.49541497
v 0.05360412 2.16535115 0.49462283
v 0.04433073 2.20268464 0.49431336
v 0.05225496 2.20384288 0.49346685
v 0.03545053 2.18757892 0.49324620
v 0.04035449 2.20307064 0.49169123
v 0.03210739 2.20041752 0.48925495
v 0.04168256 2.16518116 0.49282920
v 0.03327516 2.16710019 0.49025559
v 0.06502727 2.16492367 0.48816943
v 0.52595204 2.18115091 0.49055946
v 0.06562074 2.16208577 0.39298499
v 0.52654558 2.17831302 0.39537501
v 0.04877542 2.16314292 0.44048488
v 0.54278201 2.18053508 0.44304633
v 0.06363375 2.20468116 0.48697555
v 0.52455860 2.22090840 0.48936558
v 0.06422722 2.20184326 0.39179099
v 0.52515209 2.21807051 0.39418101
v 0.04739738 2.20245910 0.43930411
v 0.54140395 2.21985126 0.44186568
v -0.72279692 1.84708440 0.31482303
v 0.54463476 1.89853263 0.31906962
v -0.72248995 1.85027289 0.18457472
v 0.54494172 1.90172112 0.18882120
v -0.08784181 1.85282409 0.18919516
v -0.08813436 1.84978557 0.31332266
v -0.22034727 1.88682425 0.18971515
v -0.22063984 1.88378572 0.31384277
v 0.57541484 1.91668773 0.25442302
v 0.57693869 1.87922108 0.25350940
v -0.75451398 1.86270261 0.24996710
v -0.75299013 1.82523596 0.24905360
v -0.08909287 1.87301123 0.31801367
v -0.68910235 1.82634294 0.31406832
v -0.69061869 1.86362255 0.31497729
v -0.75128913 1.86035657 0.31170857
v -0.74984407 1.82482886 0.31084228
v 0.51273799 1.87512875 0.31809509
v 0.51122165 1.91240823 0.31900406
v 0.57197773 1.91407156 0.31614208
v 0.57342279 1.87854385 0.31527579
v -0.08878089 1.87625134 0.18564188
v -0.68879694 1.82951546 0.18447244
v -0.69031328 1.86679494 0.18538141
v -0.75099814 1.86337984 0.18820071
v -0.74955302 1.82785213 0.18733454
v 0.51304340 1.87830114 0.18849921
v 0.51152706 1.91558075 0.18940818
v 0.57226878 1.91709483 0.19263422
v 0.57371384 1.88156712 0.19176793
v -0.08797505 1.85098433 0.25125110
v 0.54269820 1.87843966 0.19452202
v -0.71840495 1.82724810 0.19029677
v 0.54242080 1.87555826 0.31222594
v -0.71868241 1.82436693 0.30800056
v -0.22264086 1.88553894 0.25177968
v 0.54110712 1.91755676 0.19547594
v -0.71999609 1.86636543 0.19125068
v 0.54082966 1.91467559 0.31317973
v -0.72027349 1.86348403 0.30895448
v 0.58686882 1.90206409 0.25409198
v -0.76474267 1.84719849 0.24956346
v -0.68265039 1.84847605 0.31575775
v -0.70989591 1.82667124 0.31444514
v -0.71131617 1.86158967 0.31529665
v -0.74115729 1.85958886 0.31384671
v -0.73980367 1.82631135 0.31303537
v 0.50450224 1.89666569 0.31973529
v 0.53343338 1.87714124 0.31861079
v 0.53201318 1.91205943 0.31946242
v 0.56192726 1.91248441 0.31821275
v 0.56328082 1.87920713 0.31740129
v -0.68233961 1.85170388 0.18389845
v -0.70958847 1.82986426 0.18401408
v -0.71100873 1.86478245 0.18486571
v -0.74085617 1.86271656 0.18607521
v -0.73950255 1.82943928 0.18526387
v 0.50481296 1.89989364 0.18787599
v 0.53374088 1.88033402 0.18817997
v 0.53232062 1.91525245 0.18903136
v 0.56222838 1.91561234 0.19044125
v 0.56358194 1.88233483 0.18962979
v -0.65071124 1.83039272 0.18557262
v 0.47500548 1.87608850 0.18934429
v -0.08784118 1.85248470 0.19312036
v 0.50276953 1.87674212 0.19235361
v -0.67845649 1.82879293 0.18839598
v -0.65101206 1.82726860 0.31319189
v 0.47470474 1.87296450 0.31696355
v -0.08811521 1.84963870 0.30938566
v 0.50248253 1.87376130 0.31412065
v -0.67874348 1.82581234 0.31016302
v -0.65227997 1.86895919 0.18651295
v 0.47343677 1.91465509 0.19028461
v -0.22198552 1.88690543 0.19364679
v 0.50116819 1.91611135 0.19331360
v -0.68005782 1.86816239 0.18935585
v -0.65258074 1.86583519 0.31413221
v 0.47313604 1.91153097 0.31790400
v -0.22225952 1.88405943 0.30991220
v 0.50088120 1.91313076 0.31508052
v -0.68034482 1.86518157 0.31112301
v 0.57622546 1.91495359 0.31225979
v 0.57649809 1.91778529 0.19657505
v 0.56287789 1.91805089 0.19926918
v 0.56261808 1.91535211 0.30951774
v 0.58368760 1.91583502 0.25442159
v 0.57772046 1.87819922 0.31136370
v 0.57799309 1.88103116 0.19567883
v 0.56444478 1.87953019 0.19832993
v 0.56418496 1.87683141 0.30857849
v 0.58511496 1.88074160 0.25356591
v -0.75556839 1.86089253 0.30779767
v -0.75529575 1.86372447 0.19211280
v -0.74176025 1.86509228 0.19489801
v -0.74202007 1.86239350 0.30514657
v -0.76269025 1.86118209 0.24991059
v -0.75407338 1.82413840 0.30690157
v -0.75380075 1.82697010 0.19121671
v -0.74019343 1.82657158 0.19395876
v -0.74045318 1.82387280 0.30420732
v -0.76126289 1.82608867 0.24905491
v -0.65173107 1.82899678 0.31527865
v -0.65315294 1.86395490 0.31613111
v 0.47526726 1.87474477 0.31905460
v 0.47384539 1.90970266 0.31990707
v -0.72902197 1.82504737 0.31290245
v -0.08817913 1.85063422 0.31640530
v -0.70858449 1.82499564 0.31195080
v -0.73051387 1.86172879 0.31379676
v -0.21445926 1.88303697 0.31690097
v -0.71014994 1.86348546 0.31288934
v -0.75404227 1.84606075 0.31166291
v -0.74072009 1.86199141 0.31078184
v -0.76202452 1.85890663 0.30779970
v -0.73917907 1.82410431 0.30985785
v -0.76066941 1.82559121 0.30698752
v 0.55263805 1.87707341 0.31719649
v 0.53227890 1.87536573 0.31610823
v 0.55114609 1.91375470 0.31809092
v 0.53071338 1.91385520 0.31704676
v 0.57588071 1.90004551 0.31611872
v 0.56131727 1.91484451 0.31514418
v 0.58282119 1.91349721 0.31230569
v 0.56285834 1.87695730 0.31422043
v 0.58417630 1.88018203 0.31149328
v -0.65142071 1.83222103 0.18356943
v -0.65284252 1.86717892 0.18442190
v 0.47557768 1.87796879 0.18734550
v 0.47415584 1.91292691 0.18819785
v -0.72872138 1.82816899 0.18538558
v -0.08787217 1.85382259 0.18615758
v -0.70828867 1.82806849 0.18642974
v -0.73021328 1.86485028 0.18628013
v -0.21415231 1.88622534 0.18665326
v -0.70985419 1.86655796 0.18736827
v -0.75374967 1.84909928 0.18753386
v -0.74043363 1.86496639 0.18925607
v -0.76175159 1.86174166 0.19198322
v -0.73889261 1.82707918 0.18833232
v -0.76039648 1.82842648 0.19117081
v 0.55293852 1.88019490 0.18967974
v 0.53257465 1.87843823 0.19058728
v 0.55144662 1.91687632 0.19057405
v 0.53100920 1.91692805 0.19152570
v 0.57617325 1.90308416 0.19198978
v 0.56160372 1.91781938 0.19361866
v 0.58309412 1.91633248 0.19648898
v 0.56314480 1.87993228 0.19269478
v 0.58444923 1.88301706 0.19567680
v 0.50343627 1.87643695 0.19804764
v -0.67913425 1.82843351 0.19408548
v 0.50317603 1.87373531 0.30842161
v -0.67939448 1.82573164 0.30445945
v 0.54573512 1.87702930 0.25338221
v -0.72171134 1.82558036 0.24913573
v 0.50181919 1.91619205 0.19901705
v -0.68075138 1.86818838 0.19505489
v 0.50155902 1.91349018 0.30939102
v -0.68101150 1.86548674 0.30542886
v 0.54413605 1.91634333 0.25434077
v -0.72331041 1.86489439 0.25009429
v 0.58419681 1.61907542 0.04667258
v -0.59830976 1.56409693 0.04495096
v 0.58458394 1.60793602 0.13651562
v -0.59792262 1.55295753 0.13479400
v -0.00560858 1.55778551 0.13069701
v -0.00597750 1.56840134 0.04507601
v 0.11470529 1.60248029 0.13572013
v 0.11433636 1.61309612 0.05009913
v -0.62797940 1.57234824 0.09171486
v -0.62624389 1.53516531 0.08709717
v 0.61283684 1.63003778 0.09352124
v 0.61457229 1.59285486 0.08890355
v -0.00707025 1.59190369 0.04510760
v 0.55462241 1.59571135 0.04413176
v 0.55289549 1.63270855 0.04872632
v 0.60959035 1.63421261 0.05080044
v 0.61123598 1.59895384 0.04642177
v -0.56668788 1.54357803 0.04249918
v -0.56841469 1.58057535 0.04709387
v -0.62501019 1.57681203 0.04900312
v -0.62336457 1.54155338 0.04462445
v -0.00667683 1.58058274 0.13641536
v 0.55500758 1.58462775 0.13352454
v 0.55328077 1.62162507 0.13811922
v 0.60995740 1.62364972 0.13599396
v 0.61160308 1.58839107 0.13161528
v -0.56630266 1.53249454 0.13189209
v -0.56802946 1.56949174 0.13648677
v -0.62464309 1.56624925 0.13419664
v -0.62299746 1.53099048 0.12981796
v -0.00577820 1.56277537 0.08784699
v -0.59392375 1.53080583 0.12763715
v 0.58267844 1.58550978 0.12935019
v -0.59427357 1.54087234 0.04644716
v 0.58232868 1.59557629 0.04816020
v 0.11649723 1.60819888 0.09295213
v -0.59573573 1.56962681 0.13245833
v 0.58086640 1.62433076 0.13417125
v -0.59608555 1.57969332 0.05126834
v 0.58051664 1.63439739 0.05298126
v -0.63739645 1.55692816 0.08984351
v 0.62364942 1.61555827 0.09167933
v 0.54675460 1.61718678 0.04603565
v 0.57392108 1.59781861 0.04401731
v 0.57230359 1.63247252 0.04832089
v 0.60022104 1.63284051 0.04917765
v 0.60176253 1.59981513 0.04507625
v -0.56085211 1.56569064 0.04442310
v -0.58609837 1.54388559 0.04232848
v -0.58771574 1.57853949 0.04663205
v -0.61554945 1.57631552 0.04740763
v -0.61400795 1.54329014 0.04330623
v 0.54714644 1.60590959 0.13698983
v 0.57430869 1.58666360 0.13398635
v 0.57269114 1.62131751 0.13828993
v 0.60060090 1.62191308 0.13731205
v 0.60214233 1.58888757 0.13321078
v -0.56046027 1.55441344 0.13537729
v -0.58571070 1.53273058 0.13229752
v -0.58732820 1.56738448 0.13660109
v -0.61516970 1.56538808 0.13554215
v -0.61362821 1.53236258 0.13144076
v 0.51952302 1.58242261 0.13271189
v -0.53076434 1.53359151 0.13118279
v -0.00560901 1.55788028 0.12795544
v -0.55664939 1.53223944 0.12907720
v 0.54542780 1.58347845 0.13068175
v 0.51914364 1.59333718 0.04468238
v -0.53114367 1.54450595 0.04315329
v -0.00595455 1.56782377 0.04775774
v -0.55701131 1.54265344 0.04508448
v 0.54506582 1.59389257 0.04668891
v 0.51773655 1.62069714 0.13746512
v -0.53255075 1.57186604 0.13593602
v 0.11619293 1.60312796 0.13304079
v -0.55847293 1.57131064 0.13392949
v 0.54360414 1.62254965 0.13553393
v 0.51735729 1.63161170 0.04943562
v -0.53293008 1.58278048 0.04790652
v 0.11584739 1.61307144 0.05284297
v -0.55883485 1.58172464 0.04993665
v 0.54324228 1.63296378 0.05154109
v -0.62900484 1.57690120 0.05177104
v -0.62866098 1.56700742 0.13156843
v -0.61604196 1.56870532 0.12982070
v -0.61636961 1.57813430 0.05377328
v -0.63559777 1.57081389 0.09155738
v -0.62730235 1.54042530 0.04724109
v -0.62695855 1.53053153 0.12703848
v -0.61425769 1.53047645 0.12507308
v -0.61458528 1.53990531 0.04902565
v -0.63397223 1.53598619 0.08723223
v 0.61355138 1.63467145 0.05357993
v 0.61389524 1.62477779 0.13337731
v 0.60117817 1.62529778 0.13159275
v 0.60085052 1.63472676 0.05554533
v 0.62056512 1.62921691 0.09338617
v 0.61525381 1.59819567 0.04905009
v 0.61559767 1.58830190 0.12884736
v 0.60296249 1.58706892 0.12684524
v 0.60263479 1.59649777 0.05079770
v 0.62219065 1.59438920 0.08906102
v 0.51965183 1.59533048 0.04349506
v 0.51803255 1.63002384 0.04780352
v -0.53183115 1.54644370 0.04196417
v -0.53345037 1.58113694 0.04627275
v 0.59184724 1.59765053 0.04493988
v -0.00602937 1.56957960 0.04307914
v 0.57286054 1.59578300 0.04548895
v 0.59014821 1.63405418 0.04946077
v 0.10863195 1.61217463 0.04786623
v 0.57107776 1.63398123 0.05023265
v 0.61335003 1.62033737 0.04884636
v 0.59963518 1.63483822 0.05161524
v 0.61971951 1.63325393 0.05333138
v 0.60139012 1.59723783 0.04694557
v 0.62126261 1.60019088 0.04922545
v -0.60393429 1.54205489 0.04319894
v -0.58485788 1.54195702 0.04380357
v -0.60563332 1.57845831 0.04771984
v -0.58664078 1.58015525 0.04854727
v -0.62746054 1.56264818 0.04703999
v -0.61515844 1.57835865 0.04984653
v -0.63501394 1.57491732 0.05150485
v -0.61340344 1.54075825 0.04517710
v -0.63347077 1.54185426 0.04739881
v 0.52004331 1.58406615 0.13434565
v 0.51842397 1.61875951 0.13865423
v -0.53143972 1.53517938 0.13281488
v -0.53305894 1.56987274 0.13712347
v 0.59222621 1.58674479 0.13289869
v -0.00564227 1.55844021 0.13292158
v 0.57323360 1.58504784 0.13207114
v 0.59052712 1.62314820 0.13741946
v 0.10901906 1.60103524 0.13770890
v 0.57145077 1.62324607 0.13681495
v 0.61371893 1.60972130 0.13446844
v 0.59999639 1.62444484 0.13544130
v 0.62006366 1.62334883 0.13321972
v 0.60175127 1.58684444 0.13077188
v 0.62160683 1.59028578 0.12911367
v -0.60355526 1.53114903 0.13115776
v -0.58448482 1.53122199 0.13038576
v -0.60525441 1.56755257 0.13567865
v -0.58626765 1.56942010 0.13512945
v -0.62709165 1.55203211 0.13266206
v -0.61479717 1.56796527 0.13367283
v -0.63466972 1.56501222 0.13139307
v -0.61304229 1.53036499 0.12900329
v -0.63312662 1.53194928 0.12728691
v -0.55728453 1.53250599 0.12512326
v 0.54604697 1.58380342 0.12672949
v -0.55761254 1.54194570 0.04898918
v 0.54571897 1.59324300 0.05059552
v -0.59705323 1.53560376 0.08702576
v 0.58546722 1.59058297 0.08874738
v -0.55912608 1.57196009 0.13002288
v 0.54420549 1.62325740 0.13162923
v -0.55945408 1.58139968 0.05388892
v 0.54387742 1.63269699 0.05549526
v -0.59887427 1.57462013 0.09187114
v 0.58364612 1.62959933 0.09359264
v -0.93640500 5.11377907 1.64050233
v -0.86909580 3.41682649 1.16731739
v -0.93060189 4.80547190 2.74699068
v -0.86329269 3.10851908 2.27380586
v -0.87397689 3.96512151 2.48452425
v -0.87950730 4.25894070 1.43003297
v -0.92025799 4.13888979 2.53318524
v -0.92578846 4.43270874 1.47869384
v -0.87983292 3.22025037 1.70881295
v -0.84235209 3.22168088 1.70901489
v -0.95046121 5.00088024 2.20533037
v -0.91298032 5.00231075 2.20553231
v -0.90302640 4.26780748 1.39488876
v -0.91255969 5.06994009 1.63114858
v -0.94985348 5.06851673 1.63094771
v -0.95206589 5.14263344 1.67947900
v -0.91652459 5.14398956 1.67967057
v -0.84873384 3.46080685 1.18245173
v -0.88602757 3.45938373 1.18225074
v -0.88179141 3.37092328 1.18544865
v -0.84625018 3.37227964 1.18564010
v -0.89712858 3.95447350 2.51941681
v -0.90678561 4.76317739 2.73209429
v -0.94407946 4.76175404 2.73189354
v -0.94656307 4.85028172 2.72870517
v -0.91102183 4.85163784 2.72889662
v -0.84295976 3.15404415 2.28339767
v -0.88025355 3.15262103 2.28319669
v -0.87628865 3.07857132 2.23467469
v -0.84074736 3.07992744 2.23486614
v -0.87642145 4.11204338 1.95728040
v -0.84073186 3.12848043 2.22182703
v -0.90770501 4.81696033 2.69264913
v -0.84597611 3.40709400 1.22190702
v -0.91294920 5.09557390 1.69272923
v -0.92345709 4.28864479 2.00673461
v -0.87986404 3.12698722 2.22161627
v -0.94683713 4.81546688 2.69243836
v -0.88510823 3.40560079 1.22169614
v -0.95208132 5.09408045 1.69251823
v -0.86418766 3.20631003 1.70484662
v -0.93596733 5.01597071 2.20945907
v -0.93409115 5.06195164 1.61867499
v -0.91486108 5.09865808 1.63533998
v -0.94979268 5.09732533 1.63515174
v -0.95049930 5.13421154 1.65760732
v -0.91720927 5.13548231 1.65778661
v -0.87104535 3.47248387 1.17546177
v -0.84883183 3.43397546 1.17115355
v -0.88376343 3.43264222 1.17096531
v -0.88129669 3.38952327 1.17111182
v -0.84800667 3.39079380 1.17129111
v -0.92821634 4.74983120 2.73884892
v -0.90904975 4.78991890 2.74338007
v -0.94398141 4.78858519 2.74319196
v -0.94480658 4.83176708 2.74305415
v -0.91151649 4.83303785 2.74323368
v -0.86517048 3.16036320 2.29563546
v -0.84302062 3.12523580 2.27919364
v -0.87795216 3.12390280 2.27900529
v -0.87560397 3.08707881 2.25655866
v -0.84231395 3.08834958 2.25673795
v -0.90416455 4.71458054 2.70949197
v -0.84438145 3.20736837 2.28921556
v -0.87390882 3.97443581 2.45112991
v -0.84263629 3.17714977 2.25399780
v -0.90536743 4.75868273 2.69499850
v -0.90985060 5.01666498 1.62533784
v -0.85006744 3.50945258 1.20506120
v -0.87908888 4.24964476 1.46343005
v -0.84806156 3.46538138 1.21955919
v -0.91079259 5.04691410 1.66055989
v -0.94274580 4.71310806 2.70928431
v -0.88296258 3.20589614 2.28900743
v -0.92076242 4.15035391 2.50039244
v -0.88202053 3.17564678 2.25378561
v -0.94475168 4.75717974 2.69478631
v -0.94843185 5.01519251 1.62513006
v -0.88864857 3.50798035 1.20485330
v -0.92594248 4.42556238 1.51269269
v -0.88744587 3.46387839 1.21934688
v -0.95017689 5.04541159 1.66034758
v -0.88200426 3.35593295 1.21708202
v -0.87684995 3.08209825 2.19985127
v -0.87857574 3.10667777 2.18182397
v -0.88348776 3.36764431 1.24523807
v -0.87820923 3.20928383 1.70574880
v -0.84523606 3.35733604 1.21728027
v -0.84008181 3.08350134 2.20004940
v -0.84004033 3.10814834 2.18203163
v -0.84495252 3.36911488 1.24544561
v -0.84310222 3.21062374 1.70593798
v -0.95273143 5.13906002 1.71429598
v -0.94757724 4.86522532 2.69706488
v -0.94786078 4.85344601 2.66889954
v -0.95277286 5.11441278 1.73231363
v -0.94971097 5.01193714 2.20840740
v -0.91596329 5.14046288 1.71449411
v -0.91080904 4.86662817 2.69726324
v -0.90932554 4.85491657 2.66910744
v -0.91423756 5.11588335 1.73252130
v -0.91460407 5.01327705 2.20859671
v -0.91178066 5.02229404 1.60819483
v -0.94675207 5.02095985 1.60800648
v -0.85192937 3.51336670 1.18743968
v -0.88690084 3.51203203 1.18725121
v -0.91493219 5.12090302 1.65487850
v -0.88056749 4.26614904 1.40403199
v -0.91289991 5.09126472 1.65574467
v -0.95162737 5.11950254 1.65468073
v -0.92467427 4.43175316 1.45040655
v -0.95140415 5.08979511 1.65553713
v -0.93809772 5.14836502 1.67815900
v -0.95263821 5.12603045 1.68392944
v -0.95136094 5.14801884 1.71618247
v -0.91473651 5.12747669 1.68413365
v -0.91803288 5.14929056 1.71636200
v -0.84686732 3.40489984 1.17638159
v -0.84700155 3.42988348 1.19247890
v -0.88356256 3.40349936 1.17618382
v -0.88550586 3.42841411 1.19227147
v -0.86746985 3.36774278 1.18164372
v -0.88349122 3.38274407 1.19782484
v -0.87994051 3.34741664 1.21409571
v -0.84558952 3.38419056 1.19802904
v -0.84661251 3.34868860 1.21427524
v -0.90591246 4.71052885 2.72709417
v -0.94088387 4.70919418 2.72690582
v -0.84606117 3.20160127 2.30633879
v -0.88103265 3.20026684 2.30615044
v -0.90925074 4.81906128 2.73816156
v -0.87476438 3.95784259 2.51051545
v -0.90730733 4.79414701 2.72207403
v -0.94594592 4.81766081 2.73796368
v -0.91887116 4.12344742 2.55689001
v -0.94581163 4.79267740 2.72186661
v -0.93256724 4.85454226 2.73266268
v -0.94722378 4.83837080 2.71631622
v -0.94620079 4.87387228 2.70007014
v -0.90932208 4.83981705 2.71652079
v -0.91287279 4.87514400 2.70024967
v -0.84118587 3.10305834 2.25966454
v -0.84140909 3.13276601 2.25880814
v -0.87788111 3.10165787 2.25946689
v -0.87991339 3.13129663 2.25860071
v -0.86193931 3.07392025 2.23614740
v -0.87807673 3.09508419 2.23021173
v -0.87478036 3.07327032 2.19798326
v -0.84017503 3.09653044 2.23041582
v -0.84145230 3.07454228 2.19816279
v -0.84266150 3.18974090 2.20535469
v -0.90546393 4.77307415 2.64685726
v -0.84757906 3.45100451 1.26770258
v -0.91038162 5.03433752 1.70920515
v -0.84308714 3.26354456 1.72068346
v -0.91039717 4.96051741 2.19387364
v -0.88243169 3.18822336 2.20514011
v -0.94523418 4.77155638 2.64664292
v -0.88734931 3.44948673 1.26748824
v -0.95015180 5.03282022 1.70899081
v -0.88241607 3.26204371 1.72047150
v -0.94972605 4.95901632 2.19366169
v -0.86976123 3.41785169 1.28354323
v -0.84636289 2.95864296 0.19337332
v -0.83741146 2.51644516 1.66393411
v -0.81401306 2.05723643 0.57376426
v -0.80336565 2.30890250 1.11003590
v -0.83419520 3.16794920 0.74752069
v -0.84511149 2.35483074 1.22242188
v -0.87594098 3.21387768 0.85990667
v -0.84490931 2.49603415 0.35660815
v -0.80742842 2.49746442 0.35681021
v -0.86946148 2.97788644 1.50053442
v -0.83198059 2.97931671 1.50073647
v -0.85855448 3.19558668 0.73535627
v -0.84698564 3.40455461 1.25640607
v -0.88427943 3.40313125 1.25620520
v -0.88376790 3.40409517 1.31732202
v -0.84822673 3.40545177 1.31751347
v -0.82479817 2.96911049 0.22265399
v -0.86209196 2.96768713 0.22245312
v -0.85933882 2.92465663 0.17912602
v -0.82379752 2.92601299 0.17931736
v -0.82567722 2.27948403 1.12194884
v -0.81479794 2.50766349 1.63489151
v -0.85209173 2.50624013 1.63469064
v -0.85309237 2.54933786 1.67802715
v -0.81755108 2.55069423 1.67821860
v -0.79261047 2.07221937 0.60113949
v -0.82990426 2.07079601 0.60093856
v -0.82866323 2.06989908 0.53983116
v -0.79312193 2.07125568 0.54002255
v -0.81845981 2.73843813 0.92878002
v -0.79262108 2.10266924 0.55829179
v -0.81590265 2.55958509 1.64301813
v -0.82185513 2.91725922 0.21453726
v -0.84513676 3.37417483 1.29926360
v -0.86088616 2.78511524 1.04299831
v -0.83175313 2.10117579 0.55808097
v -0.85503477 2.55809140 1.64280736
v -0.86098725 2.91576576 0.21432638
v -0.88426882 3.37268138 1.29905283
v -0.82963961 2.49268126 0.34736431
v -0.85459203 2.98238945 1.50994062
v -0.86900228 3.40889120 1.24666643
v -0.84865344 3.41491532 1.27302349
v -0.88358504 3.41358209 1.27283537
v -0.88298559 3.41523576 1.30242217
v -0.84969544 3.41650605 1.30260158
v -0.84708595 2.97876883 0.22554779
v -0.82569999 2.96443892 0.20358491
v -0.86063164 2.96310616 0.20339668
v -0.85892904 2.94310951 0.18158591
v -0.82563895 2.94437981 0.18176520
v -0.83625233 2.49633598 1.63176203
v -0.81625825 2.51224470 1.65394795
v -0.85118991 2.51091170 1.65375972
v -0.85125095 2.53097081 1.67557931
v -0.81796086 2.53224134 1.67575872
v -0.81433606 2.06621337 0.61064351
v -0.79330492 2.06176853 0.58450925
v -0.82823646 2.06043553 0.58432108
v -0.82719445 2.05884457 0.55474299
v -0.79390430 2.06011510 0.55492240
v -0.81369704 2.50073743 1.59927022
v -0.79291493 2.09287381 0.63099509
v -0.80409878 2.33611774 1.09855628
v -0.79272771 2.10308385 0.59857875
v -0.81453466 2.53105903 1.61459959
v -0.84539384 3.38394904 1.22655737
v -0.82461166 2.97608590 0.25828230
v -0.83297557 3.14075232 0.75900286
v -0.82297099 2.94579458 0.24295735
v -0.84477794 3.37376976 1.25897813
v -0.85227823 2.49926496 1.59906232
v -0.83149606 2.09140158 0.63078719
v -0.84636086 2.38261414 1.21233237
v -0.83211195 2.10158086 0.59836650
v -0.85391891 2.52955604 1.61438727
v -0.88397497 3.38247681 1.22634947
v -0.86319286 2.97461343 0.25807440
v -0.87523770 3.18724895 0.87277889
v -0.86235523 2.94429159 0.24274504
v -0.88416219 3.37226677 1.25876594
v -0.85890210 2.89601874 0.18687892
v -0.83016938 2.09540081 0.52473724
v -0.83197880 2.11909819 0.52847290
v -0.85936117 2.88209295 0.20649147
v -0.84357047 2.49309945 0.34954047
v -0.82213396 2.89742184 0.18707705
v -0.79340130 2.09680414 0.52493536
v -0.79344356 2.12056875 0.52868056
v -0.82082593 2.88356352 0.20669901
v -0.80846363 2.49443913 0.34972966
v -0.88348866 3.37854671 1.33240926
v -0.85475594 2.57792902 1.67026758
v -0.85606402 2.59178734 1.65064549
v -0.88344634 3.35478210 1.32866406
v -0.86842626 2.98091149 1.50761497
v -0.84672052 3.37994981 1.33260727
v -0.81798780 2.57933187 1.67046571
v -0.81752872 2.59325790 1.65085316
v -0.84491116 3.35625243 1.32887161
v -0.83331943 2.98225117 1.50780416
v -0.84771842 3.39826488 1.22112644
v -0.88268983 3.39693046 1.22093797
v -0.82691276 2.98993707 0.25174916
v -0.86188406 2.98860264 0.25156081
v -0.84776354 3.41180849 1.29376864
v -0.83587909 3.18909192 0.73857868
v -0.84623456 3.39754653 1.27914226
v -0.88445878 3.41040802 1.29357100
v -0.87566358 3.23286247 0.84568465
v -0.88473892 3.39607739 1.27893484
v -0.86974788 3.40799093 1.31935370
v -0.88450611 3.39334512 1.31107998
v -0.88190538 3.38143253 1.33783948
v -0.84660441 3.39479160 1.31128418
v -0.84857738 3.38270450 1.33801901
v -0.82410240 2.94744468 0.19136035
v -0.82332665 2.94796395 0.21182501
v -0.86079770 2.94604421 0.19116271
v -0.86183101 2.94649458 0.21161747
v -0.84519583 2.92614079 0.17543256
v -0.86046886 2.92159843 0.19114435
v -0.85707784 2.89417553 0.18108261
v -0.82256716 2.92304468 0.19134855
v -0.82374984 2.89544725 0.18126225
v -0.81500584 2.48674798 1.60578382
v -0.84997720 2.48541355 1.60559535
v -0.79420006 2.07842040 0.63640666
v -0.82917148 2.07708573 0.63621819
v -0.81609219 2.52930641 1.66618192
v -0.80352944 2.28768921 1.11896789
v -0.81505889 2.52885604 1.64572716
v -0.85278749 2.52790618 1.66598427
v -0.84331393 2.33146000 1.22607386
v -0.85356325 2.52738690 1.64551961
v -0.83891797 2.54893446 1.68187320
v -0.85432279 2.55230594 1.66599596
v -0.85314006 2.57990336 1.67608237
v -0.81642109 2.55375242 1.66620028
v -0.81981206 2.58117509 1.67626190
v -0.79243118 2.06494260 0.56377369
v -0.79215097 2.07927346 0.57840985
v -0.82912636 2.06354213 0.56357604
v -0.83065534 2.07780409 0.57820231
v -0.81436592 2.06708407 0.53795207
v -0.83028555 2.08055925 0.54606044
v -0.82831252 2.09264636 0.51932555
v -0.79238379 2.08200550 0.54626465
v -0.79498452 2.09391832 0.51950508
v -0.79393727 2.14227152 0.58136487
v -0.81576890 2.57073379 1.59854209
v -0.82135081 2.90613461 0.25901687
v -0.84318250 3.33459687 1.27619421
v -0.80708116 2.50881863 0.38368702
v -0.83047980 2.96803284 1.47386956
v -0.83370739 2.14075398 0.58115047
v -0.85553920 2.56921601 1.59832776
v -0.86112100 2.90461683 0.25880253
v -0.88295269 3.33307910 1.27597976
v -0.84641010 2.50731778 0.38347507
v -0.86980873 2.96653199 1.47365761
v -0.86110461 3.25591063 0.82389987
v -0.83812422 2.50665545 1.86552584
v -0.88024628 3.71119404 1.15181315
v -0.85726577 2.96193838 2.19343925
v -0.84519947 3.32675052 1.66504598
v -0.82695740 2.89286232 1.35254216
v -0.88690209 3.40263629 1.55724990
v -0.86866003 2.96874833 1.24474609
v -0.86242670 2.71524024 2.05508137
v -0.82494575 2.71667075 2.05528331
v -0.88654029 3.50144148 0.96209276
v -0.84905928 3.50287175 0.96229464
v -0.84968698 2.87756300 1.34203851
v -0.83846885 3.23850656 0.85179287
v -0.87576264 3.23708320 0.85159200
v -0.87643456 3.28364849 0.80936372
v -0.84089327 3.28500462 0.80955529
v -0.81667763 2.52802610 1.83951330
v -0.85397142 2.52660322 1.83931231
v -0.85244173 2.50138569 1.89687741
v -0.81690043 2.50274181 1.89706886
v -0.86914080 3.34026885 1.67529809
v -0.85751456 3.69150877 1.17806387
v -0.89480835 3.69008589 1.17786288
v -0.89458555 3.71537018 1.12030721
v -0.85904437 3.71672630 1.12049878
v -0.83572340 2.98102880 2.16578412
v -0.87301719 2.97960544 2.16558313
v -0.87059271 2.93310738 2.20782089
v -0.83505142 2.93446350 2.20801258
v -0.83575785 3.10981870 1.50879574
v -0.83339316 2.94276261 2.17517161
v -0.85625881 3.68827677 1.13874674
v -0.81609511 2.53132868 1.87884045
v -0.83896077 3.27684307 0.84241533
v -0.87814039 3.18694162 1.39924228
v -0.87252522 2.94126892 2.17496085
v -0.89539093 3.68678331 1.13853574
v -0.85522717 2.52983546 1.87862945
v -0.87809289 3.27534938 0.84220451
v -0.84716052 2.70940638 2.06407237
v -0.87166727 3.50842547 0.95326412
v -0.86004043 3.22937465 0.85486138
v -0.83996469 3.24926543 0.83368659
v -0.87489623 3.24793220 0.83349848
v -0.87481266 3.27027416 0.81229609
v -0.84152257 3.27154446 0.81247550
v -0.83851558 2.52757716 1.83051085
v -0.81742120 2.51425815 1.85550451
v -0.85235286 2.51292515 1.85531616
v -0.85118580 2.49994230 1.88322294
v -0.81789571 2.50121260 1.88340235
v -0.87941879 3.69028878 1.18683052
v -0.85913312 3.70518684 1.16205990
v -0.89406478 3.70385385 1.16187167
v -0.89359033 3.71689939 1.13397384
v -0.86030024 3.71816969 1.13415313
v -0.85789394 2.98849130 2.16247988
v -0.83658969 2.97017980 2.18387771
v -0.87152135 2.96884680 2.18368959
v -0.86996341 2.94656754 2.20490074
v -0.83667332 2.94783783 2.20508003
v -0.85603547 3.66557837 1.20685983
v -0.83562452 3.00009942 2.13201880
v -0.84437859 3.31301856 1.65515029
v -0.83428979 2.97347903 2.14746380
v -0.85570717 3.67177296 1.17668533
v -0.83728021 3.21948504 0.88556522
v -0.81686932 2.55400586 1.81072426
v -0.82729191 2.90661287 1.36244035
v -0.81639457 2.54784203 1.84090304
v -0.83781201 3.24613595 0.87012434
v -0.89461666 3.66410613 1.20665193
v -0.87420577 2.99862695 2.13181090
v -0.88659698 3.38984275 1.54602098
v -0.87367404 2.97197604 2.14725184
v -0.89509147 3.67026997 1.17647314
v -0.87586153 3.21801257 0.88535732
v -0.85545051 2.55253363 1.81051624
v -0.86951029 2.98343730 1.25331116
v -0.85577887 2.54633904 1.84069073
v -0.87719625 3.24463296 0.86991209
v -0.85355270 2.51251435 1.91022539
v -0.87055409 2.91689110 2.20147395
v -0.87128437 2.91538262 2.18346691
v -0.85508192 2.53000855 1.90590501
v -0.86109048 2.71042371 2.06184697
v -0.81678450 2.51391768 1.91042352
v -0.83378583 2.91829419 2.20167208
v -0.83274901 2.91685319 2.18367481
v -0.81654668 2.53147912 1.90611279
v -0.82598370 2.71176338 2.06203604
v -0.87770015 3.29981780 0.81570411
v -0.89470154 3.70419455 1.10695267
v -0.89493936 3.68663287 1.11126339
v -0.87873697 3.30125880 0.83370143
v -0.88550234 3.50634861 0.95533991
v -0.84093195 3.30122089 0.81590223
v -0.85793328 3.70559764 1.10715067
v -0.85640407 3.68810344 1.11147094
v -0.84020168 3.30272937 0.83390903
v -0.85039550 3.50768828 0.95552915
v -0.83879620 3.21264672 0.87988055
v -0.87376767 3.21131229 0.87969202
v -0.81836212 2.54641008 1.80609274
v -0.85333347 2.54507565 1.80590415
v -0.83964449 3.26572204 0.82160908
v -0.82743156 2.88213062 1.34483302
v -0.83851671 3.25718570 0.84089029
v -0.87633973 3.26432180 0.82141125
v -0.86717492 2.95445108 1.24210155
v -0.87702107 3.25571632 0.84068280
v -0.86229056 3.28507042 0.80592299
v -0.87756801 3.28079295 0.82057631
v -0.87608868 3.30351138 0.81018430
v -0.83966619 3.28223920 0.82078052
v -0.84276074 3.30478311 0.81036389
v -0.81640613 2.50805545 1.87492836
v -0.81601804 2.52363682 1.86068130
v -0.85310131 2.50665522 1.87473071
v -0.85452235 2.52216721 1.86047375
v -0.83817703 2.49887276 1.89890683
v -0.85396004 2.51108003 1.89064264
v -0.85170460 2.50849199 1.91543210
v -0.81605840 2.51252651 1.89084685
v -0.81837660 2.50976372 1.91561174
v -0.85815251 3.67303634 1.21147192
v -0.89312392 3.67170191 1.21128345
v -0.83771837 3.00679970 2.13768411
v -0.87268978 3.00546527 2.13749552
v -0.85838473 3.71145678 1.14264536
v -0.84657305 3.33741188 1.67274499
v -0.85696369 3.69594479 1.15690231
v -0.89507991 3.71005654 1.14244771
v -0.88631648 3.40973234 1.57001340
v -0.89546794 3.69447517 1.15669477
v -0.88053280 3.71896362 1.11843038
v -0.89542764 3.70558548 1.12652934
v -0.89310938 3.70834827 1.10176444
v -0.85752600 3.70703197 1.12673354
v -0.85978138 3.70962000 1.10194397
v -0.83514625 2.95379019 2.19596481
v -0.83446497 2.96239567 2.17669344
v -0.87184149 2.95238996 2.19576693
v -0.87296927 2.96092629 2.17648578
v -0.85641938 2.93276596 2.21141410
v -0.87181979 2.93587279 2.19659567
v -0.86872530 2.91332889 2.20701218
v -0.83391804 2.93731904 2.19679976
v -0.83539736 2.91460061 2.20719194
v -0.83324742 2.95317674 2.13367605
v -0.85468918 3.65226579 1.16179228
v -0.81702656 2.56736445 1.85579813
v -0.83846831 3.26645303 0.88391447
v -0.82458818 2.73517442 2.02961302
v -0.84756893 3.48443842 0.98797506
v -0.87301767 2.95165896 2.13346148
v -0.89445949 3.65074778 1.16157806
v -0.85679680 2.56584644 1.85558379
v -0.87823862 3.26493526 0.88370013
v -0.86391711 2.73367357 2.02940106
v -0.88689786 3.48293757 0.98776311
v 0.64557981 1.79843354 0.97346359
v 0.51235563 3.45237112 1.89032078
v 0.62938762 1.70417178 1.14115167
v 0.49616343 3.35810947 2.05800891
v 0.54017085 2.53288198 1.59315455
v 0.55560213 2.62271404 1.43334663
v 0.59305286 2.36286116 1.50268793
v 0.60848409 2.45269370 1.34287989
v 0.51619250 3.44633174 1.99841559
v 0.47890899 3.44556355 1.99438381
v 0.65598601 1.71083832 1.03634810
v 0.61870241 1.71007025 1.03231621
v 0.57932705 2.62617540 1.43054986
v 0.62011915 1.84054172 0.99523175
v 0.65721655 1.84130597 0.99924356
v 0.66234827 1.75985706 0.95914841
v 0.62699419 1.75912869 0.95532519
v 0.49378958 3.40888572 1.86464024
v 0.53088689 3.40964985 1.86865211
v 0.52325505 3.48665714 1.91639674
v 0.48790097 3.48592854 1.91257346
v 0.56287092 2.53037667 1.60097182
v 0.60400808 1.74675202 1.16207981
v 0.64110535 1.74751627 1.16609168
v 0.64699399 1.67047334 1.11815846
v 0.61163992 1.66974497 1.11433518
v 0.47767845 3.31509590 2.03148842
v 0.51477587 3.31586003 2.03550005
v 0.50790077 3.39727330 2.07540679
v 0.47254676 3.39654469 2.07158351
v 0.54756755 2.57779145 1.51321614
v 0.47438866 3.35804796 2.04516983
v 0.60694760 1.71236873 1.13289046
v 0.48902133 3.44323111 1.89363194
v 0.62158036 1.79755211 0.98135275
v 0.60131168 2.40499902 1.42127454
v 0.51331466 3.35884976 2.04937911
v 0.64587361 1.71317077 1.13709998
v 0.52794731 3.44403315 1.89784145
v 0.66050631 1.79835403 0.98556226
v 0.50006270 3.46017027 2.00463724
v 0.64213538 1.69638205 1.02688456
v 0.64124382 1.85139227 1.00143993
v 0.62352645 1.81379735 0.97981465
v 0.65827405 1.81451321 0.98357236
v 0.66043288 1.77454531 0.96358269
v 0.62731814 1.77386308 0.96000159
v 0.51645803 3.40056944 1.86022341
v 0.49283579 3.43628287 1.87923634
v 0.52758336 3.43699861 1.88299406
v 0.52346110 3.47500801 1.90623116
v 0.49034640 3.47432590 1.90264988
v 0.62485123 1.75596452 1.17120218
v 0.60731155 1.71940327 1.14773786
v 0.64205915 1.72011912 1.15149558
v 0.64454859 1.68207598 1.12808192
v 0.61143380 1.68139374 1.12450075
v 0.50006557 3.30514193 2.02998543
v 0.47662085 3.34188867 2.04715967
v 0.51136845 3.34260464 2.05091715
v 0.50757676 3.38253880 2.07073045
v 0.47446206 3.38185644 2.06714916
v 0.59948981 1.79712284 1.18827200
v 0.48116174 3.26612926 2.00261307
v 0.54041755 2.53572178 1.58806729
v 0.47820875 3.30445695 2.01888013
v 0.60237151 1.76301384 1.16438389
v 0.61535525 1.88948202 1.02396870
v 0.49702716 3.35848808 1.83830965
v 0.55487150 2.61986399 1.43838155
v 0.49334660 3.39258099 1.86211133
v 0.61750937 1.85113776 1.00761509
v 0.63786775 1.79791355 1.19242227
v 0.51953977 3.26691985 2.00676298
v 0.59395367 2.36359835 1.49648166
v 0.51738560 3.30526423 2.02311683
v 0.64154840 1.76382089 1.16862071
v 0.65373319 1.89027274 1.02811897
v 0.53540516 3.35927916 1.84245992
v 0.60840750 2.44774055 1.34679604
v 0.53252339 3.39338803 1.86634791
v 0.65668619 1.85194492 1.01185179
v 0.52293080 3.48940206 1.92458260
v 0.50854915 3.40567994 2.07352114
v 0.51119316 3.38994694 2.06029463
v 0.52489901 3.46973491 1.91835511
v 0.51414722 3.45704007 2.00423765
v 0.48635632 3.48864865 1.92062747
v 0.47197458 3.40492654 2.06956577
v 0.47286087 3.38915730 2.05614901
v 0.48656672 3.46894503 1.91420960
v 0.47922525 3.45632052 2.00046110
v 0.66292036 1.75147533 0.96116608
v 0.64853865 1.66775310 1.11010456
v 0.64832824 1.68745673 1.11652219
v 0.66203409 1.76724470 0.97458273
v 0.65566969 1.70008147 1.03027081
v 0.62634581 1.75072181 0.95721078
v 0.61196411 1.66699958 1.10614920
v 0.60999590 1.68666697 1.11237681
v 0.62370181 1.76645494 0.97043735
v 0.62074775 1.69936192 1.02649438
v 0.61747223 1.89016294 1.02106655
v 0.65225935 1.89087963 1.02482855
v 0.49900949 3.36084151 1.83633447
v 0.53379661 3.36155796 1.84009647
v 0.62448269 1.78771508 0.96773165
v 0.55690151 2.62494755 1.42950630
v 0.62131476 1.81359315 0.98367506
v 0.66098464 1.78846717 0.97167909
v 0.60729915 2.46291494 1.34328997
v 0.65961617 1.81438220 0.98781711
v 0.64865261 1.75544882 0.95481795
v 0.66228324 1.77301574 0.96823001
v 0.66190350 1.74297154 0.95617545
v 0.62458122 1.77223897 0.96415293
v 0.62875104 1.74228871 0.95259023
v 0.48976290 3.46021986 1.89488149
v 0.49088329 3.43286037 1.88131285
v 0.52626491 3.46097183 1.89882898
v 0.52918476 3.43364930 1.88545489
v 0.50885981 3.49093437 1.91688120
v 0.52542162 3.47211194 1.91012096
v 0.52054203 3.49793077 1.92903376
v 0.48771954 3.47133517 1.90604389
v 0.48738962 3.49724770 1.92544842
v 0.60109836 1.79484379 1.19063544
v 0.63588548 1.79556048 1.19439745
v 0.48263565 3.26552224 2.00590324
v 0.51742280 3.26623893 2.00966549
v 0.60863000 1.69543016 1.13190293
v 0.54070944 2.53068614 1.59719372
v 0.60571015 1.72275245 1.14527714
v 0.64513201 1.69618201 1.13585043
v 0.59110695 2.36865354 1.51097727
v 0.64401168 1.72354162 1.14941907
v 0.63322109 1.66561556 1.11462784
v 0.64717543 1.68506670 1.12468803
v 0.64750534 1.65915418 1.10528338
v 0.60947335 1.68428981 1.12061095
v 0.61435288 1.65847111 1.10169828
v 0.47391030 3.36793470 2.05905294
v 0.47527874 3.34201956 2.04291487
v 0.51041222 3.36868691 2.06300020
v 0.51358020 3.34280872 2.04705691
v 0.49342820 3.40110111 2.07669091
v 0.51031375 3.38416290 2.06657910
v 0.50614393 3.41411328 2.07814169
v 0.47261170 3.38338614 2.06250191
v 0.47299150 3.41343021 2.07455635
v 0.47865433 3.30945301 2.01201177
v 0.60295844 1.76625514 1.15654302
v 0.49237582 3.38933158 1.86991084
v 0.61667991 1.84613383 1.01444197
v 0.48127377 3.40477633 1.97168458
v 0.61449939 1.75081956 1.05481660
v 0.51821506 3.31026816 2.01628995
v 0.64251918 1.76707017 1.16082108
v 0.53193653 3.39014673 1.87418902
v 0.65624070 1.84694886 1.01872015
v 0.52039558 3.40558219 1.97591531
v 0.65362120 1.75162554 1.05904734
v 0.59790736 3.75918269 2.27790475
v 0.74140370 2.05391312 1.32094204
v 0.45853359 3.74796009 2.27700377
v 0.60202998 2.04269075 1.32004094
v 0.53433281 2.88432884 1.81872559
v 0.66715693 2.89502382 1.81958425
v 0.51819068 3.07962298 1.88321424
v 0.65101480 3.09031820 1.88407290
v 0.67474091 2.01371360 1.28353572
v 0.67600000 1.99544823 1.31627250
v 0.52416861 3.80307007 2.28768635
v 0.52542770 3.78480482 2.32042313
v 0.67078400 2.90675068 1.79923105
v 0.60201329 3.70426512 2.27243352
v 0.60076058 3.72243929 2.23986030
v 0.59065878 3.80343652 2.28644562
v 0.59185272 3.78611660 2.31748819
v 0.73808360 2.08724546 1.36499500
v 0.73683083 2.10541964 1.33242166
v 0.74047679 2.02304339 1.28732491
v 0.74167073 2.00572348 1.31836760
v 0.52913797 2.89534545 1.79831529
v 0.46333781 3.69309878 2.27153707
v 0.46208498 3.71127295 2.23896360
v 0.45849788 3.79279518 2.28559113
v 0.45969182 3.77547503 2.31663394
v 0.59940809 2.07607913 1.36409843
v 0.59815526 2.09425330 1.33152509
v 0.60831583 2.01240182 1.28647053
v 0.60950983 1.99508178 1.31751323
v 0.60075563 2.88951993 1.81943488
v 0.60915637 2.03627586 1.34256959
v 0.46637645 3.73303080 2.29475403
v 0.73510671 2.04641771 1.34338379
v 0.59232676 3.74317241 2.29556823
v 0.58435029 3.08799839 1.88497496
v 0.60784185 2.05534601 1.30839050
v 0.46506190 3.75210071 2.26057482
v 0.73379213 2.06548738 1.30920482
v 0.59101224 3.76224256 2.26138926
v 0.67647457 1.99178338 1.28851211
v 0.52344745 3.81031275 2.30903411
v 0.60332108 3.70514011 2.24779367
v 0.60007179 3.73278737 2.28706789
v 0.59889841 3.74981022 2.25655770
v 0.59412038 3.78949451 2.27982426
v 0.59523857 3.77327156 2.30890083
v 0.73772842 2.10788226 1.35144496
v 0.74083942 2.05994630 1.34830332
v 0.73966599 2.07696939 1.31779313
v 0.74165332 2.03625584 1.29594195
v 0.74277157 2.02003288 1.32501853
v 0.46222350 3.69377851 2.24688148
v 0.46050262 3.72154903 2.28616571
v 0.45932922 3.73857212 2.25565529
v 0.45739695 3.77848554 2.27894020
v 0.45851529 3.76226258 2.30801678
v 0.59663087 2.09652090 1.35053277
v 0.60127026 2.04870820 1.34740102
v 0.60009682 2.06573105 1.31689084
v 0.60492998 2.02524686 1.29505801
v 0.60604829 2.00902390 1.32413459
v 0.46872622 3.64165974 2.24336791
v 0.59617794 2.12706113 1.39340580
v 0.53854758 2.88454890 1.81896520
v 0.60246485 2.08977485 1.37282085
v 0.46872848 3.67905879 2.26469469
v 0.60528672 3.65265560 2.24425077
v 0.73273844 2.13805699 1.39428866
v 0.66295856 2.89456654 1.81976962
v 0.73276311 2.10026670 1.37366331
v 0.59902674 3.68955064 2.26553726
v 0.46743017 3.66046143 2.20967007
v 0.59488183 2.14586258 1.35970783
v 0.52220571 3.08225870 1.88425136
v 0.60114187 2.10896778 1.33842158
v 0.46740550 3.69825172 2.23029542
v 0.60399067 3.67145729 2.21055293
v 0.73144233 2.15685868 1.36059082
v 0.64661682 3.09227633 1.88505578
v 0.73144019 2.11945963 1.33926404
v 0.59770375 3.70874357 2.23113775
v 0.73675340 2.01726913 1.28354287
v 0.61296350 2.00730157 1.28274262
v 0.61430514 2.02623463 1.29224157
v 0.73227793 2.03573394 1.29300427
v 0.67571187 2.00206947 1.27836263
v 0.73798859 1.99935114 1.31565726
v 0.61419857 1.98938346 1.31485701
v 0.61559963 2.00745559 1.32589936
v 0.73357236 2.01695490 1.32666206
v 0.67689127 1.98496115 1.30902588
v 0.58596998 3.80913496 2.28910184
v 0.46218002 3.79916716 2.28830147
v 0.46659625 3.78156352 2.27729678
v 0.58456904 3.79106283 2.27805948
v 0.52327740 3.81355715 2.29493284
v 0.58720511 3.79121685 2.32121611
v 0.46341521 3.78124905 2.32041597
v 0.46789074 3.76278448 2.31095457
v 0.58586347 3.77228403 2.31171703
v 0.52445668 3.79644895 2.32559609
v 0.60734171 3.65457368 2.24317217
v 0.60616690 3.67161608 2.21262741
v 0.73493856 2.13825059 1.39224267
v 0.73376375 2.15529299 1.36169767
v 0.59637243 3.75801802 2.30229878
v 0.67040038 2.89573765 1.81879842
v 0.59764445 3.73004627 2.28768015
v 0.59513962 3.77590060 2.27024794
v 0.65501660 3.08185649 1.88025737
v 0.59635103 3.74881053 2.25404954
v 0.59109008 3.80104113 2.30132699
v 0.59076041 3.78964472 2.27739334
v 0.58535939 3.81708264 2.29553199
v 0.59203357 3.77117443 2.31049776
v 0.58647895 3.80084109 2.32464147
v 0.74147964 2.03360510 1.33459294
v 0.73813289 2.06052327 1.35077763
v 0.74024701 2.05148745 1.30254221
v 0.73683941 2.07928729 1.31714690
v 0.74166167 2.01169276 1.29718089
v 0.73817486 2.03781486 1.29430187
v 0.73762047 2.00765634 1.28011847
v 0.73944801 2.01934457 1.32740617
v 0.73874009 1.99141479 1.30922806
v 0.46640480 3.64322519 2.24226093
v 0.46523002 3.66026783 2.21171618
v 0.59400165 2.12690234 1.39133143
v 0.59282690 2.14394474 1.36078644
v 0.45992160 3.74703074 2.30141640
v 0.53102732 2.88451529 1.81789756
v 0.46332923 3.71923113 2.28681183
v 0.45868894 3.76491332 2.26936579
v 0.51564354 3.07063437 1.87935627
v 0.46203575 3.73799515 2.25318098
v 0.45826435 3.79034591 2.30046844
v 0.46072057 3.77917385 2.27655244
v 0.46142852 3.80710363 2.29473066
v 0.46199378 3.76070356 2.30965662
v 0.46254811 3.79086208 2.32384014
v 0.60502893 2.02261782 1.33371079
v 0.60381770 2.04970789 1.34990931
v 0.60379630 2.04050040 1.30166018
v 0.60252416 2.06847215 1.31627858
v 0.60883594 2.00099754 1.29632211
v 0.60813504 2.02734399 1.29346108
v 0.61368966 1.99767721 1.27931726
v 0.60940820 2.00887370 1.32656538
v 0.61480922 1.98143566 1.30842686
v 0.60864311 2.08926725 1.37252128
v 0.47475448 3.68036032 2.26541042
v 0.72675014 2.09877729 1.37328482
v 0.59286147 3.68987036 2.26617384
v 0.67249399 2.03703165 1.34066796
v 0.52899587 3.74232125 2.29764175
v 0.60730708 2.10864806 1.33778489
v 0.47341850 3.69974113 2.23067379
v 0.72541410 2.11815810 1.33854842
v 0.59152555 3.70925117 2.23143744
v 0.67117274 2.05619717 1.30631697
v 0.52767462 3.76148701 2.26329088
v -0.78962630 2.97946811 0.77367496
v 0.44413143 3.04025507 0.78114289
v -0.77629977 2.71225262 0.74710125
v 0.45745790 2.77303934 0.75456923
v -0.15976052 2.74663496 0.77446991
v -0.17246076 3.00129342 0.79979485
v -0.28714383 2.74425364 0.73453373
v -0.29984412 2.99891210 0.75985861
v 0.48123056 2.90966177 0.75280583
v 0.48118758 2.90594792 0.79013026
v -0.81336379 2.84587765 0.74496961
v -0.81340677 2.84216356 0.78229403
v -0.17285579 3.01206255 0.77739787
v -0.75769389 2.97818303 0.79579854
v -0.75765115 2.98187828 0.75866050
v -0.81644094 2.97263455 0.75855428
v -0.81648165 2.96911287 0.79394716
v 0.41221514 3.03582406 0.80288005
v 0.41225785 3.03951955 0.76574194
v 0.47166854 3.03609943 0.76635128
v 0.47162786 3.03257775 0.80174410
v -0.15931202 2.74049020 0.75039095
v -0.74443412 2.71230602 0.76935792
v -0.74439138 2.71600127 0.73221987
v -0.80380404 2.71924782 0.73335576
v -0.80384475 2.71572614 0.76874858
v 0.42547491 2.76994705 0.77643937
v 0.42551762 2.77364230 0.73930138
v 0.48430541 2.78271270 0.74115276
v 0.48426470 2.77919078 0.77654558
v -0.16611101 2.87393236 0.78745168
v 0.45370963 2.78347564 0.77874249
v -0.77388775 2.72299242 0.77131182
v 0.44166669 3.02495551 0.80275673
v -0.78593063 2.96447206 0.79532605
v -0.29557115 2.87151217 0.74686432
v 0.45375445 2.78735328 0.73977381
v -0.77384293 2.72686982 0.73234314
v 0.44171149 3.02883291 0.76378804
v -0.78588587 2.96834970 0.75635737
v 0.49176660 2.90868855 0.76787639
v -0.82393438 2.84386444 0.75991243
v -0.75063580 2.98302436 0.77429289
v -0.77792871 2.97816181 0.79458535
v -0.77788860 2.98162317 0.75979960
v -0.80683720 2.97738075 0.76016951
v -0.80687535 2.97408199 0.79332066
v 0.40497574 3.03996086 0.78128785
v 0.43236718 3.03779268 0.80191123
v 0.43240723 3.04125404 0.76712549
v 0.46162608 3.03987741 0.76784760
v 0.46158797 3.03657889 0.80099863
v -0.73714447 2.71250343 0.74739057
v -0.76458341 2.71057129 0.76797438
v -0.76454341 2.71403265 0.73318863
v -0.79376417 2.71524644 0.73410124
v -0.79380226 2.71194792 0.76725227
v 0.41846707 2.76944017 0.75438547
v 0.44571242 2.77020240 0.77530026
v 0.44575247 2.77366376 0.74051452
v 0.47469917 2.77774334 0.74177921
v 0.47466105 2.77444458 0.77493036
v -0.70748544 2.71609497 0.77042490
v 0.38832259 2.77008510 0.77705783
v -0.16016302 2.75467563 0.77551419
v 0.41503990 2.77737975 0.77821815
v -0.73480242 2.72072744 0.77125818
v -0.72054297 2.97791719 0.79646218
v 0.37526506 3.03190732 0.80309510
v -0.17205884 2.99320436 0.79923499
v 0.40258110 3.02719545 0.80306149
v -0.74726129 2.97054315 0.79610151
v -0.70744133 2.71991801 0.73200476
v 0.38836673 2.77390814 0.73863769
v -0.28912184 2.75226498 0.73508406
v 0.41508505 2.78128242 0.73899835
v -0.73475736 2.72462988 0.73203838
v -0.72049880 2.98174024 0.75804204
v 0.37530920 3.03573036 0.76467496
v -0.30101761 2.99079347 0.75880486
v 0.40262628 3.03109813 0.76384169
v -0.74721611 2.97444558 0.75688171
v 0.47621965 3.02834010 0.76496738
v 0.48805609 2.79100227 0.74136502
v 0.47456190 2.79601526 0.74095970
v 0.46328175 3.02219987 0.76345301
v 0.48923510 2.90993857 0.75403637
v 0.47617751 3.02469659 0.80158210
v 0.48801395 2.78735900 0.77797967
v 0.47451773 2.79219699 0.77933407
v 0.46323755 3.01838136 0.80182737
v 0.48919496 2.90645981 0.78899664
v -0.82019013 2.96446633 0.75712019
v -0.80835378 2.72712874 0.73351777
v -0.79541385 2.73344398 0.73327255
v -0.80669391 2.95962834 0.75576580
v -0.82137114 2.84536552 0.74610317
v -0.82023227 2.96082306 0.79373485
v -0.80839592 2.72348523 0.77013248
v -0.79545796 2.72962570 0.77164686
v -0.80673814 2.95581007 0.79414016
v -0.82141137 2.84188676 0.78106350
v -0.72137380 2.98226070 0.79507828
v -0.72133368 2.98572588 0.76025289
v 0.37568152 3.03631234 0.80171871
v 0.37572160 3.03977752 0.76689339
v -0.79643667 2.97416592 0.79505324
v -0.17277281 3.00766301 0.79949909
v -0.77647930 2.97300744 0.79587060
v -0.79639459 2.97780204 0.75851119
v -0.29417142 3.00539351 0.76143920
v -0.77643514 2.97682261 0.75752705
v -0.81972849 2.97170949 0.77269757
v -0.80600542 2.97122741 0.75723928
v -0.82655144 2.96411777 0.75880814
v -0.80604887 2.96747160 0.79498279
v -0.82658958 2.96081543 0.79199696
v 0.45117128 3.03563499 0.80260503
v 0.43141603 3.03252006 0.80318201
v 0.45121336 3.03927112 0.76606303
v 0.43146023 3.03633523 0.76483852
v 0.47486013 3.03549337 0.78053379
v 0.46143869 3.03367376 0.76491123
v 0.48256353 3.02861762 0.76673222
v 0.46139517 3.02991819 0.80265462
v 0.48252532 3.02531528 0.79992104
v -0.70789784 2.71204782 0.76820648
v -0.70785779 2.71551299 0.73338115
v 0.38915744 2.76609945 0.77484697
v 0.38919750 2.76956487 0.74002159
v -0.78338957 2.71255422 0.76903683
v -0.15944636 2.74044824 0.77292562
v -0.76363641 2.71549010 0.77026135
v -0.78334755 2.71619034 0.73249483
v -0.28084502 2.73817897 0.73486567
v -0.76359230 2.71930528 0.73191786
v -0.80702811 2.71704769 0.74737239
v -0.79357141 2.72190714 0.73244524
v -0.81470156 2.72651005 0.73517883
v -0.79361486 2.71815157 0.77018863
v -0.81473976 2.72320771 0.76836765
v 0.46421835 2.77402329 0.77658868
v 0.44425887 2.77500272 0.77757281
v 0.46426043 2.77765965 0.74004662
v 0.44430304 2.77881789 0.73922932
v 0.48756054 2.78083205 0.75520855
v 0.47387263 2.78435373 0.74011713
v 0.49441335 2.79100990 0.74310291
v 0.47382918 2.78059793 0.77786058
v 0.49437514 2.78770757 0.77629173
v 0.41511121 2.78907990 0.77957654
v -0.73604000 2.73236299 0.77260864
v 0.40381819 3.01552176 0.80209541
v -0.74733293 2.95880485 0.79512751
v 0.45077541 2.90435791 0.79086632
v -0.78299671 2.84357047 0.78339827
v 0.41515678 2.79302073 0.73997235
v -0.73599440 2.73630381 0.73300445
v 0.40386376 3.01946259 0.76249123
v -0.74728745 2.96274567 0.75552332
v 0.45082051 2.90825510 0.75170159
v -0.78295165 2.84746742 0.74423355
v 0.02250152 2.76608419 0.75457501
v 0.01137039 3.00343490 0.77557361
v 0.53878695 2.78900242 0.76920146
v 0.52765584 3.02635336 0.79020005
v 0.52052987 2.90507603 0.80238199
v 0.02850610 2.88323474 0.78844291
v 0.52263391 2.88407326 0.76102340
v 0.03061013 2.86223197 0.74708432
v 0.26960993 3.02211213 0.76816052
v 0.26870042 3.01876521 0.80550861
v 0.28128994 2.77305746 0.74612653
v 0.28038043 2.76971054 0.78347462
v 0.01273285 2.88459325 0.76472729
v 0.02297056 2.77031064 0.77716589
v 0.02387555 2.77364063 0.74000430
v 0.03645365 2.76272845 0.74021339
v 0.03559121 2.75955462 0.77562869
v 0.01241548 2.99537826 0.79707772
v 0.01332045 2.99870849 0.75991613
v 0.02483216 3.01053548 0.76213706
v 0.02396972 3.00736213 0.79755223
v 0.53743559 2.90788507 0.77959216
v 0.53666991 2.79311442 0.79171896
v 0.53757483 2.79644442 0.75455743
v 0.52602059 2.78446078 0.75408286
v 0.52515817 2.78128719 0.78949809
v 0.52611482 3.01818204 0.81163079
v 0.52701974 3.02151203 0.77446926
v 0.51439911 3.03226805 0.77600646
v 0.51353669 3.02909446 0.81142169
v 0.27451017 2.89412689 0.79573184
v 0.50226307 3.02260256 0.81236994
v 0.51333863 2.78643680 0.79147631
v 0.03570218 3.00189161 0.79915226
v 0.04677774 2.76572585 0.77825856
v 0.27664855 2.87278152 0.75369906
v 0.50321257 3.02609706 0.77337658
v 0.51428819 2.78993106 0.75248289
v 0.03665176 3.00538588 0.76015884
v 0.04772732 2.76922011 0.73926514
v 0.26914901 3.02279687 0.78335637
v 0.28101945 2.76968169 0.76096308
v 0.01895094 2.77343988 0.75536686
v 0.02152634 2.76645780 0.77559841
v 0.02237399 2.76957703 0.74079061
v 0.02788744 2.76414251 0.74126273
v 0.02707963 2.76117015 0.77443480
v 0.00852487 2.99575710 0.77503538
v 0.01060690 2.99929523 0.79619759
v 0.01145456 3.00241446 0.76138979
v 0.01644319 3.00817013 0.76285207
v 0.01563537 3.00519753 0.79602408
v 0.54162192 2.79664159 0.77017421
v 0.53853577 2.78940821 0.79024535
v 0.53938341 2.79252744 0.75543755
v 0.53435493 2.78662515 0.75561100
v 0.53354716 2.78365254 0.78878307
v 0.53119594 3.01895881 0.78984272
v 0.52761626 3.02224565 0.81084454
v 0.52846402 3.02536488 0.77603674
v 0.52291071 3.03065276 0.77720028
v 0.52210289 3.02768016 0.81037235
v 0.53240252 2.80001068 0.79288006
v 0.52251595 3.01082301 0.81153065
v 0.50494158 2.90436268 0.80218291
v 0.51066387 3.01546955 0.81206203
v 0.52103788 2.79426241 0.79249173
v 0.02653813 2.77755475 0.77854890
v 0.01665159 2.98836708 0.79719949
v 0.04408260 2.88390470 0.78912669
v 0.02799674 2.99404359 0.79838800
v 0.03837077 2.77283621 0.77881777
v 0.53333873 2.80345559 0.75443566
v 0.52345222 3.01426792 0.77308625
v 0.50707161 2.88310003 0.76031280
v 0.51161951 3.01898670 0.77281737
v 0.52199358 2.79777908 0.75324714
v 0.02747432 2.78099990 0.74010444
v 0.01758781 2.99181199 0.75875509
v 0.04621267 2.86264229 0.74725658
v 0.02895242 2.99756050 0.75914341
v 0.03932644 2.77635312 0.73957306
v 0.04031396 3.01207709 0.76203561
v 0.49887216 3.03243303 0.77502656
v 0.48823839 3.02949071 0.77361602
v 0.05122913 3.01009154 0.76123542
v 0.26950887 3.02354622 0.76947963
v 0.03942175 3.00879383 0.79867345
v 0.49798000 3.02914977 0.81166440
v 0.48730329 3.02604985 0.81201458
v 0.05029403 3.00665069 0.79963416
v 0.26865697 3.02041149 0.80446208
v 0.05201035 2.76267290 0.73997074
v 0.51056862 2.78302884 0.75296170
v 0.49969631 2.78517222 0.75200099
v 0.06268701 2.76577282 0.73962051
v 0.28133336 2.77141142 0.74717307
v 0.05111815 2.75938988 0.77660859
v 0.50967634 2.77974582 0.78959954
v 0.49876121 2.78173113 0.79039967
v 0.06175192 2.76233196 0.77801913
v 0.28048149 2.76827645 0.78215551
v 0.01848164 2.77723622 0.77651012
v 0.01933027 2.78035879 0.74166274
v 0.00858382 2.98828840 0.79518199
v 0.00943245 2.99141097 0.76033461
v 0.02744906 2.76304626 0.77632320
v 0.01639883 2.88277888 0.78717864
v 0.03120329 2.76696110 0.77767450
v 0.02833950 2.76632309 0.73975801
v 0.01840404 2.86276269 0.74776322
v 0.03213761 2.77039933 0.73930669
v 0.03490804 2.76078629 0.75423187
v 0.04031765 2.76499605 0.73932451
v 0.05176496 2.76128578 0.74156922
v 0.03939794 2.76161170 0.77709186
v 0.05095622 2.75830984 0.77477902
v 0.01619297 3.00306177 0.79755753
v 0.02030550 2.99933672 0.79823291
v 0.01708338 3.00633860 0.76099229
v 0.02123982 3.00277495 0.75986505
v 0.02322809 3.00984001 0.77626574
v 0.02888259 3.00882769 0.76089638
v 0.03995393 3.01313400 0.76385033
v 0.02796287 3.00544333 0.79866374
v 0.03914519 3.01015806 0.79706013
v 0.54055792 2.80041170 0.79130054
v 0.54140645 2.80353427 0.75645316
v 0.53066009 3.01146388 0.80997241
v 0.53150862 3.01458645 0.77512503
v 0.53290695 2.78548408 0.79064286
v 0.53268194 2.90569711 0.80180502
v 0.52875054 2.78904772 0.79177004
v 0.53379738 2.78876090 0.75407761
v 0.53468716 2.88568091 0.76238960
v 0.52968490 2.79248595 0.75340223
v 0.52693760 2.78262782 0.76817107
v 0.52202743 2.78637958 0.75297141
v 0.51084507 2.78166461 0.75457501
v 0.52110773 2.78299522 0.79073876
v 0.51003647 2.77868891 0.78778476
v 0.52165079 3.02549958 0.81187707
v 0.51785272 3.02142334 0.81232846
v 0.52254122 3.02877641 0.77531195
v 0.51878703 3.02486157 0.77396059
v 0.51525754 3.03168154 0.79020494
v 0.51059240 3.03021121 0.77454329
v 0.49903411 3.03351283 0.77685612
v 0.50967264 3.02682662 0.81231064
v 0.49822542 3.03053713 0.81006593
v 0.48807302 3.01457596 0.81162578
v 0.49845892 2.79311681 0.79203320
v 0.05056636 2.99515462 0.79923123
v 0.06095221 2.77369547 0.77963859
v 0.26895234 3.01283240 0.80591172
v 0.28008363 2.77547860 0.78491294
v 0.48903814 3.01812720 0.77199656
v 0.49942395 2.79666805 0.75240391
v 0.05153143 2.99870586 0.75960195
v 0.06191727 2.77724671 0.74000937
v 0.26990670 3.01634431 0.76672220
v 0.28103796 2.77899051 0.74572343
v 0.50389814 2.79499769 0.59389073
v -0.72773731 2.71286798 0.59808642
v 0.50495595 2.78727984 0.75332117
v -0.72667950 2.70514989 0.75751692
v -0.10935371 2.72335052 0.75054723
v -0.11036178 2.73070574 0.59860885
v 0.01524635 2.77105832 0.75203001
v 0.01423826 2.77841353 0.60009164
v -0.75858933 2.72224164 0.67865044
v -0.75610280 2.68485999 0.67682433
v 0.53377819 2.80842137 0.67424786
v 0.53626472 2.77103949 0.67242175
v -0.11194335 2.75422359 0.59470010
v 0.47349682 2.77082276 0.59332234
v 0.47102270 2.80801773 0.59513938
v 0.53010410 2.81089759 0.59862179
v 0.53246194 2.77545047 0.59689015
v -0.69439983 2.69294286 0.59730101
v -0.69687396 2.73013806 0.59911799
v -0.75578970 2.72514939 0.60300231
v -0.75343180 2.68970227 0.60127074
v -0.11086832 2.74638009 0.75672978
v 0.47454929 2.76314330 0.75195420
v 0.47207516 2.80033851 0.75377119
v 0.53110719 2.80357909 0.74980146
v 0.53346503 2.76813197 0.74806982
v -0.69334728 2.68526363 0.75593281
v -0.69582140 2.72245860 0.75774980
v -0.75478661 2.71783090 0.75418204
v -0.75242871 2.68238378 0.75245041
v -0.10983647 2.72670841 0.67456239
v -0.72212917 2.68277907 0.74870789
v 0.50335658 2.76449919 0.74453306
v -0.72308511 2.68975401 0.60463250
v 0.50240064 2.77147365 0.60045773
v 0.01679502 2.77519417 0.67606938
v -0.72472525 2.72180772 0.75061446
v 0.50076056 2.80352736 0.74643970
v -0.72568119 2.72878218 0.60653913
v 0.49980459 2.81050229 0.60236430
v -0.76812476 2.70650959 0.67795211
v 0.54531306 2.79409409 0.67347777
v 0.46490023 2.79222679 0.59302706
v 0.49357370 2.77336955 0.59280014
v 0.49125633 2.80820870 0.59450209
v 0.52035528 2.80924749 0.59599084
v 0.52256387 2.77604532 0.59436893
v -0.68872339 2.71529937 0.59695697
v -0.71464026 2.69280148 0.59691608
v -0.71695763 2.72764063 0.59861797
v -0.74592602 2.72480702 0.60030466
v -0.74371755 2.69160509 0.59868270
v 0.46597105 2.78441358 0.75442934
v 0.49463299 2.76564074 0.75245422
v 0.49231562 2.80047989 0.75415611
v 0.52139288 2.80167603 0.75238955
v 0.52360147 2.76847434 0.75076753
v -0.68765259 2.70748568 0.75835931
v -0.71358097 2.68507266 0.75657010
v -0.71589828 2.71991181 0.75827205
v -0.74488848 2.71723604 0.75670326
v -0.74267995 2.68403387 0.75508136
v 0.43759719 2.76009345 0.75083917
v -0.65632576 2.68714666 0.75456572
v -0.10936949 2.72334099 0.74572343
v -0.68329370 2.68512106 0.75105637
v 0.46457076 2.76166487 0.74714601
v 0.43656069 2.76765561 0.59462672
v -0.65736222 2.69470882 0.59835333
v -0.11031371 2.73023033 0.60340887
v -0.68428260 2.69233656 0.60200727
v 0.46358189 2.76888037 0.59809697
v 0.43503767 2.79857254 0.75271887
v -0.65888530 2.72562575 0.75644547
v 0.01677163 2.77163887 0.74722457
v -0.68590653 2.72440100 0.75297523
v 0.46195799 2.80094481 0.74906492
v 0.43400115 2.80613470 0.59650648
v -0.65992182 2.73318791 0.60023302
v 0.01582742 2.77852821 0.60491002
v -0.68689543 2.73161650 0.60392624
v 0.46096909 2.80816031 0.60001582
v -0.75994158 2.72525334 0.60783416
v -0.75900209 2.71839833 0.74943823
v -0.74588847 2.72032022 0.74610919
v -0.74678373 2.72685313 0.61115944
v -0.76650274 2.72052479 0.67861986
v -0.75750232 2.68858242 0.60604274
v -0.75656283 2.68172741 0.74764687
v -0.74333203 2.68188715 0.74423164
v -0.74422735 2.68842006 0.60928190
v -0.76417369 2.68551087 0.67690939
v 0.53423822 2.81155396 0.60342538
v 0.53517771 2.80469894 0.74502945
v 0.52190268 2.80486131 0.74179029
v 0.52100742 2.81139421 0.60684055
v 0.54184902 2.80777049 0.67416281
v 0.53667748 2.77488303 0.60163397
v 0.53761697 2.76802802 0.74323803
v 0.52445912 2.76642823 0.73991275
v 0.52356386 2.77296090 0.60496300
v 0.54417813 2.77275658 0.67245233
v 0.43704695 2.76961827 0.59220946
v 0.43472689 2.80449724 0.59391332
v -0.65812117 2.69658852 0.59594023
v -0.66044122 2.73146749 0.59764409
v 0.51226807 2.77364564 0.59447730
v -0.11044791 2.73180866 0.59490812
v 0.49251404 2.77136254 0.59572220
v 0.50983369 2.81024361 0.59626520
v 0.00829822 2.77727485 0.59632128
v 0.48995963 2.80976510 0.59759814
v 0.53427494 2.79701042 0.59754074
v 0.51971895 2.81132793 0.59992760
v 0.54069346 2.81026506 0.60323936
v 0.52223331 2.77352691 0.59808093
v 0.54290444 2.77702546 0.60161555
v -0.73319376 2.69059396 0.59872013
v -0.71330357 2.69095445 0.59982991
v -0.73562819 2.72719169 0.60050803
v -0.71585798 2.72935653 0.60170597
v -0.75808686 2.71083117 0.60194325
v -0.74554491 2.72695589 0.60423779
v -0.76616961 2.72311878 0.60769129
v -0.74303055 2.68915439 0.60239124
v -0.76395863 2.68987894 0.60606754
v 0.43811664 2.76181388 0.75342810
v 0.43579656 2.79669285 0.75513190
v -0.65705150 2.68878412 0.75715888
v -0.65937161 2.72366309 0.75886273
v 0.51330364 2.76608968 0.75056416
v -0.10939013 2.72409081 0.75433785
v 0.49353337 2.76392484 0.74936628
v 0.51086920 2.80268741 0.75235206
v 0.00935599 2.76955700 0.75575101
v 0.49097896 2.80232692 0.75124228
v 0.53528303 2.78965521 0.74948084
v 0.52070588 2.80412698 0.74868095
v 0.54163402 2.80340242 0.74500465
v 0.52322030 2.76632547 0.74683434
v 0.54384500 2.77016258 0.74338090
v -0.73215824 2.68303776 0.75480700
v -0.71228427 2.68351626 0.75347406
v -0.73459262 2.71963549 0.75659490
v -0.71483862 2.72191882 0.75534999
v -0.75707871 2.70347571 0.75388348
v -0.74455792 2.71975446 0.75299126
v -0.76522911 2.71625590 0.74945664
v -0.74204355 2.68195343 0.75114459
v -0.76301807 2.68301630 0.74783283
v -0.68398046 2.68522263 0.74407631
v 0.46519059 2.76185346 0.74016154
v -0.68487680 2.69176292 0.60897303
v 0.46429425 2.76839399 0.60505813
v -0.72568274 2.68596292 0.67667586
v 0.50596714 2.76809359 0.67248017
v -0.68661880 2.72488737 0.74601406
v 0.46255219 2.80151844 0.74209917
v -0.68751514 2.73142791 0.61091065
v 0.46165586 2.80805874 0.60699588
v -0.72829181 2.72518778 0.67859203
v 0.50335819 2.80731845 0.67439634
v 0.51037657 3.06614494 0.87700343
v -0.74498963 3.00025916 0.89023852
v 0.49209422 3.41658449 0.88742709
v -0.76327193 3.35069871 0.90066230
v -0.13488026 3.37473464 0.91691220
v -0.11745708 3.04076338 0.90697837
v -0.00569490 3.38268471 0.87620646
v 0.01172827 3.04871368 0.86627251
v -0.78526658 3.17429996 0.88047469
v -0.78481406 3.17320848 0.91796488
v 0.53200185 3.24343467 0.86658692
v 0.53245437 3.24234319 0.90407705
v -0.11716022 3.03035188 0.88330734
v 0.47811404 3.06467462 0.89946651
v 0.47766370 3.06576061 0.86216354
v 0.53738236 3.07708144 0.86264962
v 0.53781140 3.07604647 0.89819962
v -0.71228516 3.00219846 0.91201669
v -0.71273547 3.00328469 0.87471378
v -0.77328753 3.00829315 0.87646782
v -0.77285850 3.00725818 0.91201782
v -0.13574061 3.38650489 0.89390099
v 0.45992330 3.41335845 0.90983802
v 0.45947295 3.41444468 0.87253505
v 0.52004623 3.40938520 0.87253392
v 0.52047533 3.40834999 0.90808392
v -0.73047596 3.35088253 0.92238826
v -0.73092622 3.35196853 0.88508528
v -0.79062366 3.34059691 0.88635218
v -0.79019457 3.33956170 0.92190212
v -0.12616479 3.20773959 0.91226596
v -0.75897956 3.33331728 0.92314118
v 0.49011832 3.39887404 0.90997207
v -0.74245799 3.01662946 0.91372138
v 0.50663984 3.08218622 0.90055233
v 0.00512674 3.21581960 0.87089652
v -0.75945204 3.33445716 0.88399941
v 0.48964584 3.40001392 0.87083036
v -0.74293059 3.01776910 0.87457967
v 0.50616729 3.08332586 0.86141062
v -0.79582274 3.17329764 0.89566123
v 0.54292190 3.24355912 0.88154709
v 0.47073483 3.06188488 0.87757617
v 0.49870539 3.06466389 0.89803505
v 0.49828362 3.06568122 0.86309487
v 0.52770001 3.07078838 0.86371028
v 0.52810198 3.06981874 0.89700848
v -0.70511651 3.00017238 0.88997298
v -0.73278785 3.00003099 0.91101855
v -0.73320967 3.00104833 0.87607837
v -0.76297957 3.00304914 0.87731773
v -0.76257753 3.00207973 0.91061592
v 0.45222637 3.41665864 0.88812882
v 0.48039740 3.41559482 0.90847343
v 0.47997567 3.41661215 0.87353319
v 0.50976539 3.41456342 0.87393582
v 0.51016730 3.41359401 0.90723407
v -0.72362500 3.35494614 0.90052563
v -0.75109589 3.35096192 0.92145693
v -0.75151753 3.35197926 0.88651669
v -0.78091419 3.34682441 0.88754326
v -0.78051221 3.34585500 0.92084152
v 0.42237031 3.40870214 0.91080028
v -0.69262999 3.35018325 0.92255557
v -0.13432553 3.36415076 0.91684085
v -0.71970481 3.34085608 0.92301273
v 0.45027632 3.40226030 0.91067791
v 0.44028366 3.06533623 0.90058696
v -0.67471665 3.00681734 0.91234225
v -0.11800594 3.05133295 0.90753621
v -0.70261300 3.01323581 0.91326779
v 0.46736810 3.07464027 0.90093291
v 0.42190447 3.40982580 0.87220955
v -0.69309580 3.35130692 0.88396484
v -0.00354238 3.37219930 0.87563169
v -0.72018027 3.34200287 0.88361889
v 0.44980079 3.40340734 0.87128395
v 0.43981782 3.06645989 0.86199623
v -0.67518252 3.00794101 0.87375146
v 0.01277722 3.05938172 0.86632699
v -0.70308852 3.01438284 0.87387383
v 0.46689257 3.07578707 0.86153901
v -0.77806675 3.01861310 0.87621182
v -0.79430497 3.32986927 0.88546997
v -0.78048557 3.32328725 0.88422692
v -0.76501042 3.02665806 0.87540382
v -0.79339838 3.17383814 0.88174784
v -0.77762282 3.01754236 0.91298902
v -0.79386097 3.32879853 0.92224717
v -0.78002030 3.32216525 0.92277163
v -0.76454520 3.02553606 0.91394854
v -0.79297453 3.17281556 0.91686338
v 0.54104877 3.08784461 0.86230457
v 0.52481061 3.39910078 0.87156272
v 0.51173300 3.39110732 0.87060326
v 0.52720809 3.09447789 0.86178011
v 0.54016232 3.24382758 0.86768836
v 0.54149276 3.08677387 0.89908177
v 0.52525455 3.39803004 0.90833998
v 0.51219821 3.38998508 0.90914798
v 0.52767330 3.09335589 0.90032482
v 0.54058617 3.24280500 0.90280390
v 0.44118345 3.05992007 0.89861119
v 0.44076127 3.06093860 0.86363125
v -0.67508608 3.00133467 0.91037989
v -0.67550826 3.00235295 0.87539995
v 0.51749438 3.06955481 0.89883363
v -0.11703871 3.03255677 0.90580934
v 0.49716112 3.07115316 0.90003115
v 0.51705128 3.07062364 0.86212933
v 0.00607730 3.04013371 0.86701602
v 0.49669623 3.07227421 0.86151749
v 0.54089320 3.07600641 0.87675220
v 0.52671534 3.07923055 0.86165935
v 0.54754263 3.08795667 0.86395162
v 0.52717286 3.07812667 0.89957035
v 0.54794496 3.08698630 0.89728779
v -0.75196463 3.00292969 0.91221732
v -0.73188967 3.00664830 0.91298896
v -0.75240767 3.00399804 0.87551308
v -0.73235458 3.00776982 0.87447518
v -0.77636927 3.00687218 0.89063990
v -0.76292717 3.01154590 0.87525582
v -0.78450060 3.01804662 0.87799525
v -0.76246959 3.01044202 0.91316682
v -0.78409821 3.01707625 0.91133136
v 0.42269605 3.41429019 0.90915185
v 0.42227381 3.41530848 0.87417185
v -0.69357347 3.35570478 0.92092055
v -0.69399565 3.35672307 0.88594055
v 0.49959543 3.41264510 0.90903866
v -0.13532093 3.38299465 0.91623300
v 0.47954237 3.40887356 0.91007656
v 0.49915239 3.41371369 0.87233442
v -0.01220494 3.39057159 0.87743968
v 0.47907746 3.40999484 0.87156284
v 0.52346987 3.40998149 0.88668621
v 0.50965738 3.40620112 0.87138498
v 0.53128600 3.39956689 0.87322038
v 0.51011491 3.40509748 0.90929592
v 0.53168833 3.39859653 0.90655655
v -0.76986349 3.34601951 0.92242247
v -0.74950844 3.34436893 0.92303425
v -0.77030659 3.34708834 0.88571811
v -0.74997336 3.34549022 0.88452059
v -0.79379267 3.34084725 0.90057385
v -0.77998507 3.33851647 0.88498145
v -0.80075717 3.32965684 0.88726395
v -0.77952749 3.33741283 0.92289245
v -0.80035478 3.32868648 0.92060012
v -0.71956873 3.32548881 0.92275697
v 0.45174417 3.38696289 0.91040802
v -0.70407617 3.02852178 0.91392380
v 0.46723676 3.08999634 0.90157485
v -0.75385910 3.17480588 0.91856283
v 0.50152171 3.24069214 0.90532756
v -0.72004902 3.32664680 0.88297695
v 0.45126393 3.38812137 0.87062794
v -0.70455641 3.02968025 0.87414372
v 0.46675655 3.09115434 0.86179483
v -0.75433391 3.17595100 0.87922424
v 0.50104690 3.24183750 0.86598897
v 0.46923122 3.41447449 0.91327530
v -0.76404226 3.35656595 0.91714460
v 0.47024530 3.40274262 1.06090939
v -0.76302814 3.34483433 1.06477869
v -0.14533989 3.35103846 1.05753803
v -0.14630629 3.36221886 0.91684169
v -0.01979193 3.39621067 1.06026530
v -0.02075833 3.40739107 0.91956896
v -0.79465371 3.36451697 0.99227333
v -0.79290926 3.32716775 0.98929334
v 0.49943268 3.42528081 0.98821330
v 0.50117713 3.38793135 0.98523331
v -0.14742444 3.38584375 0.91402465
v 0.43835005 3.39093494 0.91198897
v 0.43661436 3.42809796 0.91495407
v 0.49575585 3.42972445 0.91814935
v 0.49741003 3.39430785 0.91532362
v -0.73109990 3.33602357 0.91565800
v -0.73283559 3.37318659 0.91862309
v -0.79184818 3.36926508 0.92218918
v -0.79019403 3.33384848 0.91936344
v -0.14639385 3.37392068 1.06406569
v 0.43935898 3.37926197 1.05888355
v 0.43762329 3.41642499 1.06184864
v 0.49671742 3.41860008 1.05814326
v 0.49837154 3.38318348 1.05531740
v -0.73009098 3.32435060 1.06255257
v -0.73182666 3.36151338 1.06551766
v -0.79088658 3.35814047 1.06218302
v -0.78923243 3.32272387 1.05935729
v -0.14580816 3.35630918 0.98716438
v -0.75892729 3.32261634 1.05583024
v 0.46818841 3.38023543 1.05198026
v -0.75984371 3.33321810 0.92241514
v 0.46727198 3.39083719 0.91856515
v -0.01821334 3.40221786 0.98993611
v -0.76074857 3.36161113 1.05894148
v 0.46636713 3.41923046 1.05509150
v -0.76166499 3.37221289 0.92552638
v 0.46545070 3.42983222 0.92167634
v -0.80450147 3.34900475 0.99110836
v 0.51068312 3.41075945 0.98698205
v 0.43017739 3.41249561 0.91246754
v 0.45847720 3.39309740 0.91154623
v 0.45685151 3.42790651 0.91432357
v 0.48597234 3.42833400 0.91567433
v 0.48752174 3.39516068 0.91302752
v -0.72498071 3.35825539 0.91609168
v -0.75134355 3.33629012 0.91534197
v -0.75296926 3.37109923 0.91811925
v -0.78199315 3.36879659 0.91965240
v -0.78044379 3.33562326 0.91700572
v 0.43120399 3.40061879 1.06192768
v 0.45949271 3.38134909 1.05938733
v 0.45786697 3.41615844 1.06216466
v 0.48696718 3.41682529 1.06050086
v 0.48851657 3.38365197 1.05785418
v -0.72395408 3.34637856 1.06555176
v -0.75032812 3.32454205 1.06318307
v -0.75195378 3.35935116 1.06596041
v -0.78099841 3.35728788 1.06447911
v -0.77944899 3.32411456 1.06183231
v 0.40234530 3.37697053 1.05782831
v -0.69303268 3.32553697 1.06126499
v -0.14535919 3.35115027 1.05306292
v -0.72004336 3.32413244 1.05800104
v 0.42934778 3.37810206 1.05439496
v 0.40135166 3.38846540 0.91317421
v -0.69402623 3.33703208 0.91661084
v -0.14626436 3.36162233 0.92127824
v -0.72099143 3.33510017 0.91998041
v 0.42839974 3.38907003 0.91637421
v 0.40054971 3.41541648 1.06089568
v -0.69482827 3.36398292 1.06433249
v -0.01825841 3.39688110 1.05582380
v -0.72187632 3.36337852 1.06113243
v 0.42751482 3.41734838 1.05752635
v 0.39955607 3.42691135 0.91624165
v -0.69582194 3.37547803 0.91967827
v -0.01916359 3.40735340 0.92403924
v -0.72282439 3.37434649 0.92311162
v 0.42656678 3.42831612 0.91950554
v -0.79599476 3.36932921 0.92668444
v -0.79509413 3.35890937 1.05781114
v -0.78194457 3.36065507 1.05475903
v -0.78280282 3.37058520 0.92979425
v -0.80260128 3.36295843 0.99220413
v -0.79428351 3.33269000 0.92376125
v -0.79338288 3.32227015 1.05488801
v -0.78015107 3.32225490 1.05169523
v -0.78100944 3.33218527 0.92673045
v -0.80096734 3.32797480 0.98941290
v 0.49990630 3.43017840 0.92261869
v 0.50080693 3.41975856 1.05374539
v 0.48753276 3.42026329 1.05077612
v 0.48667449 3.43019342 0.92581141
v 0.50749075 3.42447376 0.98809379
v 0.50161755 3.39353895 0.91969544
v 0.50251818 3.38311911 1.05082214
v 0.48932627 3.38186336 1.04771233
v 0.48846796 3.39179349 0.92274761
v 0.50912470 3.38949013 0.98530257
v 0.40187517 3.39047742 0.91099781
v 0.40024757 3.42532611 0.91377831
v -0.69474959 3.33898544 0.91443837
v -0.69637722 3.37383413 0.91721886
v 0.47717839 3.39296293 0.91306925
v -0.14637311 3.36341524 0.91344655
v 0.45737973 3.39103985 0.91419065
v 0.47547066 3.42952967 0.91598672
v -0.02672360 3.40646505 0.91604573
v 0.45558771 3.42940903 0.91725200
v 0.49965060 3.41579556 0.91666144
v 0.48537990 3.43032622 0.91939902
v 0.50633585 3.42876840 0.92238742
v 0.48714387 3.39255762 0.91638565
v 0.50788707 3.39555717 0.91973770
v -0.76994002 3.33440471 0.91698200
v -0.75004154 3.33434534 0.91797882
v -0.77164781 3.37097120 0.91989946
v -0.75183356 3.37271452 0.92104018
v -0.79442996 3.35503197 0.92072153
v -0.78156662 3.37083697 0.92337394
v -0.80226535 3.36732292 0.92649305
v -0.77980268 3.33306813 0.92036057
v -0.80071425 3.33411193 0.92384326
v 0.40290064 3.37861419 1.06028783
v 0.40127304 3.41346312 1.06306827
v -0.69372422 3.32712221 1.06372833
v -0.69535172 3.36197090 1.06650877
v 0.47817120 3.38147736 1.05760717
v -0.14535907 3.35168338 1.06107998
v 0.45835698 3.37973404 1.05646646
v 0.47646341 3.41804385 1.06052470
v -0.02570956 3.39473343 1.06367922
v 0.45656496 3.41810298 1.05952787
v 0.50061709 3.40461516 1.05735946
v 0.48632613 3.41938043 1.05714607
v 0.50723761 3.41833663 1.05366337
v 0.48809004 3.38161159 1.05413270
v 0.50878876 3.38512540 1.05101359
v -0.76894724 3.32291889 1.06151986
v -0.74906427 3.32303953 1.06025457
v -0.77065504 3.35948539 1.06443739
v -0.75085634 3.36140871 1.06331599
v -0.79346347 3.34385157 1.06141949
v -0.78062040 3.35989094 1.06112099
v -0.80136365 3.35689116 1.05776894
v -0.77885646 3.32212210 1.05810761
v -0.79981250 3.32368016 1.05511928
v -0.72073287 3.32442236 1.05153096
v 0.42996651 3.37845349 1.04792070
v -0.72159219 3.33436394 0.92642397
v 0.42910722 3.38839507 0.92281377
v -0.76246715 3.32767415 0.98912454
v 0.47082093 3.38558316 0.98525524
v -0.72258383 3.36405325 1.05469286
v 0.42811555 3.41808438 1.05108261
v -0.72344315 3.37399507 0.92958593
v 0.42725626 3.42802596 0.92597568
v -0.76429749 3.36686516 0.99225140
v 0.46899047 3.42477417 0.98838210
v 0.50692451 3.03737807 0.78851122
v -0.74338222 3.00572586 0.79208440
v 0.50722104 3.03586555 0.87885046
v -0.74308568 3.00421333 0.88242358
v -0.11735534 2.99696183 0.87812549
v -0.11763788 2.99840331 0.79203153
v 0.01078828 3.03957105 0.87841839
v 0.01050573 3.04101253 0.79232442
v -0.77444696 3.01949191 0.83759958
v -0.77349961 2.98200035 0.83696878
v 0.53751242 3.05270481 0.83385015
v 0.53845978 3.01521325 0.83321935
v -0.11823705 3.02179313 0.78956521
v 0.47513101 3.01445985 0.78845817
v 0.47418845 3.05176425 0.78908581
v 0.53411043 3.05236864 0.79101121
v 0.53500873 3.01681733 0.79041308
v -0.71047062 2.98444581 0.79184639
v -0.71141315 3.02175021 0.79247403
v -0.77127707 3.01932192 0.79474187
v -0.77037877 2.98377085 0.79414362
v -0.11793575 3.02025580 0.88137734
v 0.47542590 3.01295495 0.87834489
v 0.47448340 3.05025935 0.87897253
v 0.53439158 3.05093431 0.87667531
v 0.53528982 3.01538324 0.87607706
v -0.71017563 2.98294091 0.88173312
v -0.71111822 3.02024531 0.88236076
v -0.77099591 3.01788783 0.88040584
v -0.77009761 2.98233652 0.87980771
v -0.11748851 2.99736190 0.83507311
v -0.73939705 2.98135066 0.87767702
v 0.50466675 3.01284480 0.87412173
v -0.73966491 2.98271751 0.79603857
v 0.50439882 3.01421165 0.79248327
v 0.01274431 3.04066586 0.83537078
v -0.74038607 3.02049351 0.87833565
v 0.50367767 3.05198765 0.87478036
v -0.74065393 3.02186036 0.79669726
v 0.50340986 3.05335450 0.79314190
v -0.78476095 3.00414729 0.83737648
v 0.54858816 3.03790164 0.83356607
v 0.46733102 3.03616691 0.78806210
v 0.49556443 3.01616430 0.78812993
v 0.49468157 3.05110574 0.78871787
v 0.52417922 3.05101562 0.78954208
v 0.52502054 3.01771617 0.78898185
v -0.70378137 3.00651956 0.79140890
v -0.73096567 2.98511410 0.79163516
v -0.73184860 3.02005553 0.79222310
v -0.76129854 3.01847291 0.79321581
v -0.76045716 2.98517346 0.79265553
v 0.46763119 3.03463578 0.87951857
v 0.49586135 3.01464963 0.87859589
v 0.49497846 3.04959106 0.87918377
v 0.52446997 3.04953170 0.87816340
v 0.52531135 3.01623225 0.87760311
v -0.70348120 3.00498843 0.88286543
v -0.73066872 2.98359942 0.88210112
v -0.73155165 3.01854086 0.88268900
v -0.76100773 3.01698899 0.88183713
v -0.76016641 2.98368955 0.88127685
v 0.43789241 3.01137209 0.87775588
v -0.67261416 2.98325896 0.88092953
v -0.11735816 2.99676418 0.87539476
v -0.69999009 2.98219824 0.87897146
v 0.46527553 3.01169753 0.87564135
v 0.43760201 3.01285410 0.78924012
v -0.67290455 2.98474121 0.79241371
v -0.11762277 2.99811435 0.79475403
v -0.70026731 2.98361206 0.79451478
v 0.46499830 3.01311159 0.79118460
v 0.43691736 3.04996395 0.87840521
v -0.67358917 3.02185106 0.88157886
v 0.01237038 3.03990054 0.87569124
v -0.70098549 3.02159357 0.87963432
v 0.46428016 3.05109310 0.87630415
v 0.43662691 3.05144620 0.78988945
v -0.67387962 3.02333307 0.79306310
v 0.01210575 3.04125071 0.79505056
v -0.70126271 3.02300763 0.79517758
v 0.46400294 3.05250692 0.79184747
v -0.77548957 3.01978374 0.79747713
v -0.77522612 3.01844049 0.87771523
v -0.76186031 3.01969481 0.87580657
v -0.76211125 3.02097511 0.79933900
v -0.78253025 3.01809907 0.83760279
v -0.77456021 2.98300529 0.79685825
v -0.77429682 2.98166203 0.87709641
v -0.76088637 2.98114872 0.87515801
v -0.76113731 2.98242903 0.79869044
v -0.78164303 2.98298240 0.83701187
v 0.53830963 3.05304313 0.79372251
v 0.53857303 3.05169988 0.87396067
v 0.52515012 3.05227613 0.87212849
v 0.52489918 3.05355644 0.79566097
v 0.54565585 3.05172276 0.83380711
v 0.53923893 3.01626468 0.79310369
v 0.53950232 3.01492143 0.87334186
v 0.52612406 3.01373005 0.87147993
v 0.52587306 3.01501036 0.79501235
v 0.54654306 3.01660609 0.83321613
v 0.43818372 3.01469922 0.78785032
v 0.43729982 3.04968047 0.78843892
v -0.67358679 2.98655415 0.79102755
v -0.67447072 3.02153540 0.79161614
v 0.51449639 3.01574397 0.78907174
v -0.11766819 2.99936295 0.78992462
v 0.49439877 3.01431823 0.78980607
v 0.51356888 3.05244946 0.78968930
v 0.00445501 3.03997040 0.79020375
v 0.49342558 3.05283332 0.79045415
v 0.53775066 3.03829265 0.79054809
v 0.52361149 3.05327249 0.79174846
v 0.54479074 3.05148625 0.79362953
v 0.52456939 3.01536036 0.79111052
v 0.54563308 3.01814890 0.79306865
v -0.74984640 2.98373652 0.79268497
v -0.72969848 2.98332953 0.79330432
v -0.75077385 3.02044225 0.79330254
v -0.73067170 3.02184463 0.79395247
v -0.77420288 3.00507975 0.79429746
v -0.76083326 3.02075624 0.79541922
v -0.78188396 3.01790094 0.79742092
v -0.75987530 2.98284388 0.79478133
v -0.78104156 2.98456359 0.79685998
v 0.43848354 3.01316977 0.87920278
v 0.43759963 3.04815102 0.87979138
v -0.67328703 2.98502469 0.88238001
v -0.67417097 3.02000594 0.88296860
v 0.51478660 3.01426315 0.87751639
v -0.11737173 2.99785018 0.88026351
v 0.49468449 3.01286054 0.87686646
v 0.51385915 3.05096865 0.87813395
v 0.00475148 3.03845787 0.88054252
v 0.49371123 3.05137563 0.87751460
v 0.53803307 3.03685117 0.87664306
v 0.52388811 3.05186129 0.87603766
v 0.54505438 3.05014157 0.87395895
v 0.52484602 3.01394892 0.87539977
v 0.54589677 3.01680422 0.87339801
v -0.74955606 2.98225570 0.88112962
v -0.72941279 2.98187184 0.88036478
v -0.75048357 3.01896119 0.88174719
v -0.73038602 3.02038693 0.88101286
v -0.77392036 3.00363851 0.88039243
v -0.76055676 3.01934481 0.87970841
v -0.78162032 3.01655626 0.87775034
v -0.75959867 2.98143268 0.87907046
v -0.78077793 2.98321891 0.87718940
v -0.70066148 2.98205471 0.87501901
v 0.46593070 3.01158738 0.87168509
v -0.70091277 2.98333645 0.79846442
v 0.46567950 3.01286912 0.79513061
v -0.74265718 2.98185635 0.83686513
v 0.50766402 3.01350880 0.83329189
v -0.70166671 3.02183604 0.87568831
v 0.46492556 3.05136871 0.87235445
v -0.70191795 3.02311778 0.79913384
v 0.46467426 3.05265069 0.79579991
v -0.74365121 3.02119637 0.83752704
v 0.50667000 3.05284882 0.83395380
v -0.84003723 3.69567227 1.08227694
v -0.37379122 3.70563364 1.07830203
v -0.83339381 3.37524390 1.05853295
v -0.36714777 3.38520503 1.05455816
v -0.60019386 3.38604927 1.08016348
v -0.60652512 3.69141984 1.10279155
v -0.64874661 3.38792062 1.04132462
v -0.65507782 3.69329143 1.06395268
v -0.35912842 3.54679298 1.05106485
v -0.35875046 3.54402900 1.08846986
v -0.84836507 3.53634048 1.05523574
v -0.84798712 3.53357649 1.09264064
v -0.60697067 3.70328164 1.08025491
v -0.82773340 3.69349861 1.10415888
v -0.82810950 3.69624853 1.06694078
v -0.85027969 3.68821812 1.06745076
v -0.84992141 3.68559718 1.10291982
v -0.38561624 3.70294428 1.10038972
v -0.38599229 3.70569444 1.06317163
v -0.36349377 3.69861817 1.06330085
v -0.36313540 3.69599724 1.09876990
v -0.60021895 3.37762928 1.05612385
v -0.82112330 3.37467504 1.08053398
v -0.82149935 3.37742519 1.04331589
v -0.84398013 3.38437223 1.04493558
v -0.84362179 3.38175154 1.08040476
v -0.37900609 3.38412094 1.07676482
v -0.37938213 3.38687086 1.03954673
v -0.35719416 3.39477229 1.04078567
v -0.35683584 3.39215136 1.07625484
v -0.60335618 3.53871107 1.09179735
v -0.36839968 3.39891410 1.07867312
v -0.83231777 3.38900256 1.08262813
v -0.37440327 3.68848133 1.10013008
v -0.83832127 3.67856979 1.10408521
v -0.65270048 3.54061294 1.05232549
v -0.36879426 3.40179968 1.03962040
v -0.83271235 3.39188814 1.04357541
v -0.37479785 3.69136691 1.06107748
v -0.83871591 3.68145537 1.06503248
v -0.35498831 3.54576683 1.06606984
v -0.85220128 3.53514409 1.07030880
v -0.82531005 3.69795322 1.08251548
v -0.83539784 3.69444966 1.10312140
v -0.83575004 3.69702578 1.06826067
v -0.84666491 3.69345903 1.06893098
v -0.84632921 3.69100428 1.10215354
v -0.38859603 3.70728350 1.07879233
v -0.37801820 3.70422173 1.09922218
v -0.37837043 3.70679736 1.06436133
v -0.36730340 3.70370030 1.06484437
v -0.36696771 3.70124555 1.09806693
v -0.81858456 3.37356162 1.05847788
v -0.82874513 3.37357211 1.07934427
v -0.82909733 3.37614775 1.04448342
v -0.84014779 3.37912393 1.04563868
v -0.83981210 3.37666917 1.07886124
v -0.38187045 3.38289165 1.05475473
v -0.37136549 3.38334370 1.07544506
v -0.37171769 3.38591981 1.04058421
v -0.36078626 3.38936520 1.04155207
v -0.36045063 3.38691044 1.07477450
v -0.80716550 3.37735820 1.08123708
v -0.39305171 3.38620543 1.07770681
v -0.60039198 3.39570260 1.08112276
v -0.38298690 3.39359260 1.07855380
v -0.81752074 3.38430905 1.08225822
v -0.81367481 3.69131899 1.10450172
v -0.39956102 3.70016646 1.10097134
v -0.60632217 3.68173099 1.10231757
v -0.38919774 3.69315648 1.10075152
v -0.82373154 3.68387270 1.10445607
v -0.80755448 3.38020301 1.04273427
v -0.39344072 3.38905048 1.03920376
v -0.64954513 3.39759707 1.04180360
v -0.38338399 3.39649677 1.03924942
v -0.81791782 3.38721323 1.04295397
v -0.81406385 3.69416404 1.06599879
v -0.39995006 3.70301127 1.06246841
v -0.65547532 3.68362546 1.06299853
v -0.38959482 3.69606042 1.06144726
v -0.82412869 3.68677688 1.06515169
v -0.36173210 3.68907428 1.06196213
v -0.35583150 3.40447354 1.04087317
v -0.36097389 3.41111922 1.04052949
v -0.36659715 3.68234563 1.06062746
v -0.35609096 3.54676986 1.05222380
v -0.36136135 3.68636298 1.09865570
v -0.35546076 3.40176225 1.07756674
v -0.36058530 3.40827751 1.07898664
v -0.36620861 3.67950392 1.09908462
v -0.35573694 3.54418135 1.08725941
v -0.85165477 3.67860723 1.06613886
v -0.84575427 3.39400649 1.04504991
v -0.84090698 3.40086555 1.04462111
v -0.84653032 3.67209196 1.06471896
v -0.85137862 3.53618836 1.05644619
v -0.85128415 3.67589593 1.10283244
v -0.84538341 3.39129519 1.08174348
v -0.84051841 3.39802384 1.08307815
v -0.84614170 3.66925025 1.10317612
v -0.85102463 3.53359962 1.09148180
v -0.81403309 3.69647789 1.10307527
v -0.81438571 3.69905663 1.06817484
v -0.39944783 3.70533538 1.09954083
v -0.39980048 3.70791435 1.06464052
v -0.84236491 3.69064951 1.10379589
v -0.60669053 3.69901633 1.10242724
v -0.83480102 3.68828821 1.10445261
v -0.84273493 3.69335556 1.06717515
v -0.65296209 3.70079970 1.06541324
v -0.83518928 3.69112778 1.06602657
v -0.85137713 3.68791223 1.08164775
v -0.84633625 3.68595052 1.06605899
v -0.85404152 3.67859101 1.06788790
v -0.84595412 3.68315554 1.10388374
v -0.85370547 3.67613339 1.10114837
v -0.37088475 3.70072246 1.09977639
v -0.37832859 3.69804072 1.10056114
v -0.37125477 3.70342827 1.06315565
v -0.37871680 3.70088005 1.06213498
v -0.36214262 3.69836450 1.07747698
v -0.36735997 3.69618368 1.06197560
v -0.35931742 3.68916082 1.06367028
v -0.36697778 3.69338870 1.09980035
v -0.35898140 3.68670297 1.09693074
v -0.80731505 3.37245536 1.07906508
v -0.80766767 3.37503409 1.04416478
v -0.39272988 3.38131285 1.07553077
v -0.39308253 3.38389158 1.04063022
v -0.83586079 3.37694120 1.08054996
v -0.60004711 3.37858915 1.07868361
v -0.82839876 3.37948942 1.08157063
v -0.83623081 3.37964702 1.04392910
v -0.64631867 3.38037252 1.04166949
v -0.82878697 3.38232875 1.04314446
v -0.84504575 3.38253760 1.05901945
v -0.84013778 3.38698077 1.04390526
v -0.84813416 3.39366651 1.04677498
v -0.83975559 3.38418603 1.08173001
v -0.84779811 3.39120865 1.08003533
v -0.36438066 3.38701391 1.07653046
v -0.37192628 3.38924170 1.07767916
v -0.36475065 3.38971996 1.03990972
v -0.37231451 3.39208126 1.03925288
v -0.35581130 3.39299011 1.05484867
v -0.36116147 3.39721394 1.03982186
v -0.35341009 3.40423608 1.04255724
v -0.36077923 3.39441919 1.07764661
v -0.35307404 3.40177846 1.07581758
v -0.38302818 3.40759778 1.07978284
v -0.81805658 3.39830375 1.08349144
v -0.38865790 3.67913318 1.09990358
v -0.82368636 3.66983867 1.10361242
v -0.37023377 3.54371524 1.08948994
v -0.83648533 3.53375387 1.09346485
v -0.38342920 3.41053081 1.04009318
v -0.81845766 3.40123630 1.04380202
v -0.38905892 3.68206573 1.06021404
v -0.82408738 3.67277169 1.06392276
v -0.37063029 3.54661560 1.05024076
v -0.83688182 3.53665423 1.05421567
v -0.83145100 3.70828104 1.08846843
v 0.36224481 3.77734447 1.07086337
v -0.81078631 3.34407806 1.06088138
v 0.38290951 3.41314149 1.04327643
v -0.21398433 3.38544583 1.07578278
v -0.23367798 3.73253393 1.10207331
v -0.33802322 3.38124251 1.03835905
v -0.35771689 3.72833085 1.06464958
v 0.40171677 3.59808540 1.04137158
v 0.40242991 3.59529328 1.07876945
v -0.85084039 3.52561665 1.05984461
v -0.85012722 3.52282429 1.09724247
v -0.23477596 3.74579883 1.07966256
v -0.80009145 3.70751047 1.10998392
v -0.80080092 3.71028876 1.07277274
v -0.85748255 3.69840312 1.07384562
v -0.85680634 3.69575572 1.10930812
v 0.33182907 3.77299976 1.09328997
v 0.33111957 3.77577806 1.05607879
v 0.38880041 3.77050924 1.05546510
v 0.38947660 3.76786137 1.09092760
v -0.21377431 3.37565780 1.05162597
v -0.77953011 3.34513164 1.08253515
v -0.78023958 3.34790993 1.04532397
v -0.83788717 3.35304832 1.04768634
v -0.83721089 3.35040045 1.08314896
v 0.35239035 3.41062093 1.06584120
v 0.35168087 3.41339922 1.02863014
v 0.40839574 3.42515397 1.02930582
v 0.40907198 3.42250657 1.06476831
v -0.22382507 3.55896616 1.08924782
v 0.37937200 3.42879367 1.06760621
v -0.80836356 3.36007500 1.08512330
v 0.36069754 3.75791931 1.09253621
v -0.82703805 3.68920064 1.11005330
v -0.34988618 3.55469418 1.05121410
v 0.37862751 3.43170905 1.02856064
v -0.80910808 3.36299038 1.04607773
v 0.35995305 3.76083469 1.05349076
v -0.82778251 3.69211602 1.07100785
v 0.41221407 3.59755349 1.05625713
v -0.86076432 3.52390313 1.07503140
v -0.79377043 3.71270442 1.08829904
v -0.81971782 3.70763564 1.10918200
v -0.82038236 3.71023798 1.07432783
v -0.84829509 3.70483041 1.07528007
v -0.84766179 3.70235038 1.10849643
v 0.32431686 3.77739334 1.07180917
v 0.35127810 3.77538562 1.09191179
v 0.35061353 3.77798796 1.05705750
v 0.37897950 3.77583671 1.05717993
v 0.37961283 3.77335644 1.09039617
v -0.77284998 3.34399676 1.06037080
v -0.79902411 3.34292173 1.08155644
v -0.79968864 3.34552407 1.04670215
v -0.82802337 3.34755325 1.04821777
v -0.82739007 3.34507322 1.08143413
v 0.34523726 3.40868568 1.04388094
v 0.37197182 3.41067171 1.06428611
v 0.37130725 3.41327405 1.02943194
v 0.39925125 3.41855931 1.03011751
v 0.39988455 3.41607928 1.06333387
v -0.74382734 3.34992123 1.08285809
v 0.31639835 3.41126251 1.06722152
v -0.21460338 3.39642000 1.07685792
v 0.34208176 3.42092705 1.06785631
v -0.77042377 3.35656095 1.08426404
v -0.76407486 3.70677304 1.10988820
v 0.29615077 3.76811433 1.09425163
v -0.23304966 3.72152352 1.10148335
v 0.32276255 3.76141453 1.09364700
v -0.78974289 3.69704866 1.11005449
v -0.74456131 3.35279536 1.04436231
v 0.31566432 3.41413665 1.02872574
v -0.34017640 3.39216495 1.03897142
v 0.34133238 3.42386103 1.02855945
v -0.77117312 3.35949516 1.04496694
v -0.76480889 3.70964718 1.07139242
v 0.29541674 3.77098846 1.05575597
v -0.35862267 3.71726847 1.06359684
v 0.32201317 3.76434875 1.05435002
v -0.79049230 3.69998264 1.07075763
v 0.39342469 3.75985003 1.05396533
v 0.41177890 3.43636942 1.02946293
v 0.39854291 3.44329596 1.02934575
v 0.38105133 3.75157523 1.05269659
v 0.40948531 3.59844518 1.04244161
v 0.39412424 3.75711060 1.09065199
v 0.41247845 3.43363023 1.06614971
v 0.39927611 3.44042540 1.06779552
v 0.38178447 3.74870443 1.09114659
v 0.41015330 3.59582973 1.07747078
v -0.86088902 3.68727946 1.07246435
v -0.84253478 3.36379910 1.04796195
v -0.83019501 3.37220526 1.04746747
v -0.84768659 3.68048429 1.07081854
v -0.85856390 3.52507997 1.06114328
v -0.86018944 3.68454027 1.10915112
v -0.84183520 3.36105967 1.08464861
v -0.82946187 3.36933446 1.08591735
v -0.84695345 3.67761374 1.10926831
v -0.85789585 3.52246475 1.09617233
v -0.76503706 3.71259069 1.10852933
v -0.76570243 3.71519589 1.07363546
v 0.29639539 3.77400160 1.09287500
v 0.29572999 3.77660704 1.05798113
v -0.83752006 3.70245099 1.11001956
v -0.23418106 3.74115944 1.10179961
v -0.81813300 3.70070505 1.11042738
v -0.83821827 3.70518470 1.07340562
v -0.35239238 3.73715377 1.06613410
v -0.81886554 3.70357347 1.07200837
v -0.86039680 3.69803572 1.08808494
v -0.84735042 3.69629836 1.07231069
v -0.86701292 3.68697977 1.07428527
v -0.84662932 3.69347453 1.11012840
v -0.86637890 3.68449688 1.10753942
v 0.36957642 3.77228975 1.09221685
v 0.35054031 3.76832056 1.09319139
v 0.36887822 3.77502346 1.05560291
v 0.34980771 3.77118921 1.05477238
v 0.39215481 3.77050424 1.06961203
v 0.37893790 3.76724744 1.05422497
v 0.39959326 3.76026177 1.05560493
v 0.37965903 3.76442385 1.09204268
v 0.40022734 3.75777864 1.08885908
v -0.74414057 3.34430265 1.08063293
v -0.74480593 3.34690809 1.04573894
v 0.31729189 3.40571380 1.06497860
v 0.31662652 3.40831900 1.03008461
v -0.81728876 3.34588623 1.08301103
v -0.21351640 3.37695789 1.07421267
v -0.79821831 3.34972048 1.08384156
v -0.81798697 3.34861994 1.04639709
v -0.33172777 3.37295222 1.03854728
v -0.79895079 3.35258913 1.04542267
v -0.84070283 3.35094357 1.06179416
v -0.82806951 3.35648584 1.04657125
v -0.84863788 3.36313128 1.04975486
v -0.82734847 3.35366225 1.08438897
v -0.84800380 3.36064816 1.08300912
v 0.38980773 3.41572499 1.06520844
v 0.37045503 3.41733623 1.06660557
v 0.38910952 3.41845870 1.02859449
v 0.36972246 3.42020464 1.02818656
v 0.41184872 3.42341232 1.04332101
v 0.39821881 3.42743516 1.02848554
v 0.41796836 3.43641281 1.03107464
v 0.39893988 3.42461157 1.06630325
v 0.41860241 3.43392992 1.06432879
v 0.34181476 3.43687797 1.06924617
v -0.77195710 3.37243891 1.08567238
v 0.32430324 3.74550819 1.09262371
v -0.78946865 3.68106890 1.10905004
v 0.37302375 3.59352207 1.08012533
v -0.82068604 3.52445793 1.09773040
v 0.34105811 3.43984079 1.02956402
v -0.77271372 3.37540150 1.04599035
v 0.32354653 3.74847078 1.05294168
v -0.79022527 3.68403172 1.06936789
v 0.37227550 3.59645176 1.04088354
v -0.82143432 3.52738762 1.05848873
v -0.84068519 3.71934795 1.22348166
v -0.37579331 3.72871542 1.22071922
v -0.84141082 3.71869469 1.09914970
v -0.37651893 3.72806215 1.09638739
v -0.60848129 3.70027471 1.10080862
v -0.60778975 3.70089722 1.21929777
v -0.65729165 3.73865700 1.10089183
v -0.65660012 3.73927975 1.21938097
v -0.36500308 3.74392605 1.15840650
v -0.36424631 3.70642519 1.15859914
v -0.85281879 3.73409677 1.16130507
v -0.85206199 3.69659591 1.16149771
v -0.60823786 3.72426558 1.22311282
v -0.82821161 3.69748807 1.22321224
v -0.82896459 3.73480129 1.22302055
v -0.85123330 3.73346066 1.22025156
v -0.85051572 3.69790077 1.22043419
v -0.38737851 3.70637059 1.22059286
v -0.38813153 3.74368382 1.22040117
v -0.36586127 3.74324083 1.21736765
v -0.36514363 3.70768070 1.21755028
v -0.60897541 3.72360182 1.09675384
v -0.82893348 3.69683814 1.09950316
v -0.82968652 3.73415136 1.09931147
v -0.85192144 3.73284101 1.10235405
v -0.85120380 3.69728112 1.10253668
v -0.38810048 3.70572066 1.09688377
v -0.38885349 3.74303389 1.09669209
v -0.36654931 3.74262118 1.09947002
v -0.36583173 3.70706129 1.09965277
v -0.60812896 3.70026517 1.16005492
v -0.37718004 3.70504975 1.10249972
v -0.83975059 3.69572902 1.10524845
v -0.37652436 3.70564008 1.21485710
v -0.83909488 3.69631958 1.21760559
v -0.65773511 3.73927331 1.16013944
v -0.37797016 3.74420238 1.10229874
v -0.84054071 3.73488188 1.10504723
v -0.37731445 3.74479270 1.21465588
v -0.83988494 3.73547220 1.21740448
v -0.36072221 3.72892833 1.15846038
v -0.85649103 3.71893907 1.16140628
v -0.82595313 3.71943045 1.22416401
v -0.83584213 3.69851828 1.22364998
v -0.83654737 3.73346853 1.22347045
v -0.84749728 3.73241973 1.22227049
v -0.84682524 3.69911194 1.22244155
v -0.39050752 3.72820449 1.22157669
v -0.37979096 3.70770764 1.22094011
v -0.38049629 3.74265766 1.22076058
v -0.36952806 3.74205065 1.21943033
v -0.36885589 3.70874286 1.21960139
v -0.82668769 3.71876907 1.09829450
v -0.83656877 3.69786429 1.09914362
v -0.83727407 3.73281431 1.09896421
v -0.84820914 3.73177910 1.10030282
v -0.84753698 3.69847131 1.10047388
v -0.39124212 3.72754312 1.09570706
v -0.38051763 3.70705342 1.09643388
v -0.38122287 3.74200344 1.09625435
v -0.37023988 3.74140978 1.09746277
v -0.36956772 3.70810223 1.09763384
v -0.81495398 3.69648027 1.10036683
v -0.40204301 3.70480013 1.09791338
v -0.60845441 3.70005131 1.10456240
v -0.39183825 3.70461822 1.10064816
v -0.82510996 3.69588804 1.10322261
v -0.81424314 3.69712019 1.22218919
v -0.40133202 3.70544028 1.21973574
v -0.60780668 3.70063424 1.21554649
v -0.39115989 3.70522881 1.21688414
v -0.82443160 3.69649863 1.21945858
v -0.81573296 3.73508167 1.10016859
v -0.40282199 3.74340153 1.09771514
v -0.65786844 3.73890829 1.10464668
v -0.39263344 3.74402332 1.10044575
v -0.82590514 3.73529291 1.10302019
v -0.81502211 3.73572159 1.22199094
v -0.40211099 3.74404168 1.21953750
v -0.65722072 3.73949122 1.21563077
v -0.39195508 3.74463391 1.21668172
v -0.82522678 3.73590374 1.21925616
v -0.36433160 3.74386644 1.21362138
v -0.36497608 3.74328613 1.10319138
v -0.36995909 3.74408340 1.10581112
v -0.36934489 3.74463630 1.21105170
v -0.36196238 3.74279904 1.15839469
v -0.36358923 3.70707870 1.21381032
v -0.36423367 3.70649862 1.10338032
v -0.36918107 3.70552802 1.10600913
v -0.36856684 3.70608068 1.21124971
v -0.36125356 3.70767379 1.15857506
v -0.85283136 3.73402333 1.21652400
v -0.85347581 3.73344326 1.10609388
v -0.84849823 3.73444104 1.10865450
v -0.84788394 3.73499393 1.21389520
v -0.85581148 3.73284817 1.16132915
v -0.85208899 3.69723582 1.21671295
v -0.85273349 3.69665551 1.10628295
v -0.84772021 3.69588566 1.10885251
v -0.84710598 3.69643855 1.21409321
v -0.85510272 3.69772267 1.16150963
v -0.81450313 3.69893169 1.22413325
v -0.81520933 3.73392153 1.22395360
v -0.40112206 3.70726109 1.22167706
v -0.40182814 3.74225068 1.22149742
v -0.84286231 3.69748735 1.22230530
v -0.60779136 3.70183706 1.22221410
v -0.83536750 3.69672799 1.22131300
v -0.84360313 3.73420167 1.22211671
v -0.65430850 3.73841619 1.22229350
v -0.83614492 3.73525262 1.22111511
v -0.85216647 3.71927142 1.22062814
v -0.84736919 3.73471475 1.21927643
v -0.85518998 3.73225451 1.21660984
v -0.84660399 3.69679332 1.21947110
v -0.85451710 3.69890904 1.21678114
v -0.37275153 3.70695972 1.21951199
v -0.38022089 3.70589900 1.21860850
v -0.37349242 3.74367428 1.21932340
v -0.38099831 3.74442339 1.21841073
v -0.36435294 3.72910047 1.21772969
v -0.36978406 3.74433804 1.21643865
v -0.36190277 3.74219394 1.21367884
v -0.36901879 3.70641637 1.21663332
v -0.36122990 3.70884848 1.21385002
v -0.81523693 3.69827104 1.09840691
v -0.81594300 3.73326087 1.09822726
v -0.40185580 3.70660043 1.09595060
v -0.40256187 3.74159026 1.09577096
v -0.84357262 3.69684768 1.10058093
v -0.60851699 3.70118380 1.09788275
v -0.83606678 3.69609857 1.10149360
v -0.84431350 3.73356223 1.10039234
v -0.65503407 3.73776269 1.09796202
v -0.83684421 3.73462296 1.10129571
v -0.85285795 3.71864891 1.10213757
v -0.84804624 3.73410559 1.10327089
v -0.85583514 3.73167348 1.10605419
v -0.84728098 3.69618392 1.10346568
v -0.85516226 3.69832826 1.10622549
v -0.37346193 3.70632029 1.09778762
v -0.38092014 3.70526934 1.09878922
v -0.37420279 3.74303460 1.09759903
v -0.38169757 3.74379396 1.09859133
v -0.36504447 3.72847819 1.09923899
v -0.37046111 3.74372864 1.10043311
v -0.36254799 3.74161291 1.10312319
v -0.36969581 3.70580697 1.10062790
v -0.36187512 3.70826745 1.10329437
v -0.39155602 3.70445871 1.10608542
v -0.82532090 3.69571853 1.10866272
v -0.39094111 3.70501232 1.21144581
v -0.82470608 3.69627213 1.21402323
v -0.37568682 3.70527005 1.15867198
v -0.84058416 3.69590235 1.16143441
v -0.39235899 3.74424982 1.10588109
v -0.82612389 3.73550963 1.10845852
v -0.39174411 3.74480319 1.21124148
v -0.82550901 3.73606324 1.21381879
v -0.37648094 3.74461961 1.15846992
v -0.84137821 3.73525190 1.16123235
v 0.48446885 3.77731681 1.09874821
v -0.78178519 3.70489836 1.09852982
v 0.48331538 3.79707479 1.23536587
v -0.78293866 3.72465634 1.23514748
v -0.14847848 3.73755336 1.23536193
v -0.14737916 3.71872401 1.10516429
v -0.01991679 3.78392148 1.22974157
v -0.01881746 3.76509213 1.09954405
v -0.81444627 3.72811866 1.16463828
v -0.81232774 3.69105792 1.17001581
v 0.51424700 3.80410790 1.16486752
v 0.51636559 3.76704717 1.17024517
v -0.14866167 3.74117279 1.09749246
v 0.45294935 3.75365090 1.10225403
v 0.45084131 3.79052663 1.09690332
v 0.51152074 3.79359102 1.10023236
v 0.51352966 3.75844836 1.10533166
v -0.74777430 3.68498015 1.10204697
v -0.74988234 3.72185588 1.09669602
v -0.81051666 3.71798229 1.10000420
v -0.80850762 3.68283939 1.10510361
v -0.14983401 3.76125264 1.23633742
v 0.45180163 3.77330995 1.23818731
v 0.44969362 3.81018567 1.23283648
v 0.51042694 3.81232643 1.22977972
v 0.51243591 3.77718353 1.23487914
v -0.74892205 3.70463920 1.23798013
v -0.75103003 3.74151492 1.23262930
v -0.81161040 3.73671746 1.22955167
v -0.80960149 3.70157480 1.23465109
v -0.14791070 3.72782183 1.17030907
v -0.77842134 3.70113540 1.23187006
v 0.48151013 3.77319217 1.23208749
v -0.77737892 3.68328023 1.10841048
v 0.48255256 3.75533700 1.10862780
v -0.01725299 3.77494574 1.16459715
v -0.78063327 3.73982882 1.22625554
v 0.47929820 3.81188560 1.22647285
v -0.77959085 3.72197366 1.10279584
v 0.48034063 3.79403043 1.10301328
v -0.82442570 3.71259832 1.16679859
v 0.52592999 3.78982687 1.16703153
v 0.44438607 3.77468562 1.09792781
v 0.47361159 3.75594068 1.10165012
v 0.47163710 3.79048085 1.09663832
v 0.50152147 3.79157805 1.09815598
v 0.50340325 3.75866103 1.10293245
v -0.74166352 3.70685410 1.09772313
v -0.76856261 3.68489957 1.10143590
v -0.77053708 3.71943951 1.09642386
v -0.80035228 3.71712255 1.09793139
v -0.79847050 3.68420577 1.10270774
v 0.44321826 3.79468775 1.23623514
v 0.47245637 3.77572632 1.23845935
v 0.47048190 3.81026626 1.23344755
v 0.50038981 3.81096005 1.23217559
v 0.50227159 3.77804327 1.23695207
v -0.74283129 3.72685623 1.23603046
v -0.76971781 3.70468497 1.23824501
v -0.77169228 3.73922515 1.23323321
v -0.80148393 3.73650479 1.23195100
v -0.79960215 3.70358777 1.23672736
v 0.41382036 3.77034855 1.23723650
v -0.71085054 3.70602751 1.23704243
v -0.14842992 3.73671675 1.23127341
v -0.73853070 3.70360088 1.23402607
v 0.44159776 3.77109361 1.23422980
v 0.41495061 3.75098968 1.10337639
v -0.70972025 3.68666863 1.10318244
v -0.14740022 3.71907997 1.10932255
v -0.73745227 3.68512964 1.10630441
v 0.44267619 3.75262213 1.10650802
v 0.41163957 3.80849719 1.23170090
v -0.71303129 3.74417615 1.23150694
v -0.01827816 3.78365803 1.22558367
v -0.74075693 3.74254370 1.22837532
v 0.43937156 3.81003618 1.22857893
v 0.41276982 3.78913832 1.09784091
v -0.71190107 3.72481728 1.09764683
v -0.01724846 3.76602149 1.10363269
v -0.73967850 3.72407222 1.10065365
v 0.44044998 3.79156494 1.10085726
v -0.81484532 3.71893859 1.10401821
v -0.81586993 3.73648715 1.22536016
v -0.80233067 3.73772454 1.22238469
v -0.80135423 3.72100043 1.10674489
v -0.82259595 3.72647500 1.16480708
v -0.81276709 3.68258262 1.10929358
v -0.81379169 3.70013142 1.23063564
v -0.80015248 3.69962096 1.22791362
v -0.79917598 3.68289709 1.11227369
v -0.82061154 3.69176173 1.16984415
v 0.51571095 3.79503441 1.10424781
v 0.51468635 3.81258321 1.22558975
v 0.50109529 3.81226873 1.22260964
v 0.50207174 3.79554486 1.10696971
v 0.52253079 3.80340409 1.16503918
v 0.51778924 3.75867844 1.10952318
v 0.51676464 3.77622724 1.23086512
v 0.50327349 3.77416539 1.22813845
v 0.50424993 3.75744128 1.11249876
v 0.52451527 3.76869082 1.17007625
v 0.41550675 3.75250077 1.10097265
v 0.41353002 3.78708005 1.09595501
v -0.71044421 3.68810630 1.10077834
v -0.71242094 3.72268581 1.09576082
v 0.49279600 3.75638485 1.10330844
v -0.14740425 3.71917343 1.10182214
v 0.47245896 3.75447655 1.10448122
v 0.49072185 3.79266882 1.09804344
v -0.02488264 3.76336288 1.09646583
v 0.47028252 3.79254889 1.09895682
v 0.51564884 3.77973413 1.10193849
v 0.50084037 3.79430199 1.10110068
v 0.52232873 3.79369664 1.10442662
v 0.50298274 3.75682497 1.10653877
v 0.52421260 3.76074243 1.10920835
v -0.78767312 3.68315363 1.10308743
v -0.76725155 3.68357611 1.10426736
v -0.78974730 3.71943736 1.09782243
v -0.76942796 3.72164869 1.09874296
v -0.81303841 3.70374489 1.10170937
v -0.79998720 3.71990609 1.10087633
v -0.82126755 3.71685481 1.10419488
v -0.79784483 3.68242931 1.10631430
v -0.81938368 3.68390059 1.10897660
v 0.41434029 3.77248001 1.23912263
v 0.41236353 3.80705953 1.23410499
v -0.71161067 3.70808578 1.23892832
v -0.71358746 3.74266505 1.23391068
v 0.49166662 3.77572846 1.23706090
v -0.14855780 3.73893118 1.23843908
v 0.47134730 3.77351713 1.23614049
v 0.48959246 3.81201220 1.23179591
v -0.02603617 3.78312063 1.23308277
v 0.46917087 3.81158972 1.23061597
v 0.51454943 3.79856372 1.23213756
v 0.49976414 3.81273651 1.22856903
v 0.52130300 3.81126523 1.22590673
v 0.50190651 3.77525973 1.23400712
v 0.52318686 3.77831101 1.23068857
v -0.78880250 3.70249701 1.23683989
v -0.76836318 3.70261693 1.23592663
v -0.79087669 3.73878098 1.23157501
v -0.77053970 3.74068928 1.23040211
v -0.81413776 3.72257447 1.23190844
v -0.80106348 3.73834085 1.22834456
v -0.82229334 3.73442340 1.22567499
v -0.79892111 3.70086384 1.23378265
v -0.82040942 3.70146918 1.23045671
v -0.73914099 3.70250726 1.22807860
v 0.44233075 3.77007699 1.22828245
v -0.73816347 3.68576431 1.11230707
v 0.44330829 3.75333405 1.11251092
v -0.78106326 3.69192934 1.17015386
v 0.48520562 3.76434851 1.17037225
v -0.74138898 3.74183178 1.22237241
v 0.44008273 3.80940127 1.22257626
v -0.74041152 3.72508883 1.10660100
v 0.44106025 3.79265857 1.10680473
v -0.78328633 3.73081732 1.16451108
v 0.48298252 3.80323648 1.16472948
v 0.47924617 3.79559255 1.24851370
v -0.72630745 3.74263573 1.23506391
v 0.46315658 4.16364193 1.24153781
v -0.74239707 4.11068487 1.22808790
v -0.13951884 4.12894154 1.25809515
v -0.12418531 3.77818799 1.26474333
v -0.01453265 4.13368607 1.22013545
v 0.00080089 3.78293252 1.22678363
v -0.76389211 3.92507243 1.21593845
v -0.76434088 3.92576385 1.25343823
v 0.50110745 3.98064065 1.23005152
v 0.50065875 3.98133183 1.26755118
v -0.12339674 3.76610970 1.24161696
v 0.44774699 3.79555154 1.27024841
v 0.44819343 3.79486394 1.23293591
v 0.50555605 3.80601835 1.23429394
v 0.50513059 3.80667377 1.26985300
v -0.69541776 3.74533510 1.25749469
v -0.69497126 3.74464750 1.22018218
v -0.75310695 3.75072837 1.22025168
v -0.75353247 3.75138402 1.25581062
v -0.13974866 4.14015913 1.23452735
v 0.43173799 4.16175699 1.26330733
v 0.43218443 4.16106939 1.22599483
v 0.49029908 4.15502024 1.22767901
v 0.48987362 4.15567589 1.26323795
v -0.71142679 4.11154079 1.25055373
v -0.71098024 4.11085320 1.21324122
v -0.76836389 4.09973097 1.21363664
v -0.76878935 4.10038614 1.24919581
v -0.13185591 3.95357084 1.26173997
v -0.73888803 4.09351778 1.25147724
v 0.46064618 4.14621019 1.26485991
v -0.72434795 3.76091599 1.25778139
v 0.47518620 3.81360841 1.27116406
v -0.00483200 3.95839238 1.22316146
v -0.73841947 4.09279585 1.21232557
v 0.46111470 4.14548826 1.22570837
v -0.72387952 3.76019430 1.21862972
v 0.47565472 3.81288671 1.23201239
v -0.77438456 3.92489743 1.23090053
v 0.51123917 3.98137164 1.24524379
v 0.44116324 3.79164338 1.24834919
v 0.46754447 3.79521656 1.26930928
v 0.46796262 3.79457235 1.23436022
v 0.49620748 3.79959345 1.23542714
v 0.49580887 3.80020738 1.26873398
v -0.68803072 3.74204087 1.23575115
v -0.71508384 3.74326658 1.25611520
v -0.71466565 3.74262261 1.22116613
v -0.74325854 3.74514699 1.22159898
v -0.74365711 3.74576092 1.25490570
v 0.42487463 4.16424465 1.24128699
v 0.45143229 4.16378212 1.26232350
v 0.45185047 4.16313744 1.22737443
v 0.48042378 4.16064405 1.22858381
v 0.48002517 4.16125774 1.26189065
v -0.70431942 4.11464214 1.22868896
v -0.73119593 4.11183214 1.24912953
v -0.73077780 4.11118793 1.21418035
v -0.75904220 4.10619736 1.21475565
v -0.75944078 4.10681105 1.24806249
v 0.39564875 4.15738583 1.26360059
v -0.67510867 4.11035061 1.25165439
v -0.13903615 4.11783791 1.25854909
v -0.70115179 4.10092974 1.25191844
v 0.42240497 4.15028477 1.26445353
v 0.41141355 3.79676580 1.27043557
v -0.65934390 3.74973011 1.25848961
v -0.12467384 3.78930092 1.26477611
v -0.68610978 3.75684619 1.25844026
v 0.43744695 3.80620098 1.27097523
v 0.39611059 4.15667439 1.22500002
v -0.67464685 4.10963869 1.21305406
v -0.01250409 4.12264109 1.22011983
v -0.70068032 4.10020351 1.21251440
v 0.42287648 4.14955854 1.22504950
v 0.41187540 3.79605412 1.23183513
v -0.65888208 3.74901867 1.21988916
v 0.00185821 3.79410410 1.22634697
v -0.68563825 3.75611997 1.21903610
v 0.43791845 3.80547500 1.23157120
v -0.75763804 3.76159191 1.21938312
v -0.77192861 4.08848858 1.21318710
v -0.75866735 4.08135891 1.21259284
v -0.74504828 3.76982379 1.21849751
v -0.77172929 3.92475104 1.21703875
v -0.75807822 3.76226974 1.25616980
v -0.77236885 4.08916664 1.24997377
v -0.75912875 4.08206940 1.25114751
v -0.74550968 3.77053428 1.25705218
v -0.77214956 3.92539835 1.25216317
v 0.50913543 3.81723809 1.23351598
v 0.49484491 4.14413452 1.22731996
v 0.48227632 4.13586998 1.22643745
v 0.49589539 3.82433534 1.23234224
v 0.50891620 3.98100615 1.23132646
v 0.50869524 3.81791592 1.27030253
v 0.49440473 4.14481306 1.26410651
v 0.48181498 4.13658094 1.26499200
v 0.49543405 3.82504582 1.27089691
v 0.50849593 3.98165345 1.26645088
v 0.41229725 3.79098058 1.26874614
v 0.41271591 3.79033589 1.23375726
v -0.65967906 3.74389148 1.25678658
v -0.65926039 3.74324656 1.22179770
v 0.48558348 3.80015087 1.27031696
v -0.12379624 3.76952410 1.26398277
v 0.46604696 3.80213499 1.27095199
v 0.48602274 3.79947448 1.23360324
v -0.00468211 3.77404547 1.22780669
v 0.46650791 3.80142498 1.23242831
v 0.50859052 3.80554080 1.24851167
v 0.49535123 3.80835366 1.23294747
v 0.51533037 3.81735635 1.23530972
v 0.49489748 3.80905247 1.27086806
v 0.51493138 3.81797075 1.26865435
v -0.73350388 3.74659967 1.25671613
v -0.71423560 3.75028825 1.25778401
v -0.73306459 3.74592280 1.22000253
v -0.71377462 3.74957824 1.21926045
v -0.75640357 3.74997282 1.23439872
v -0.74311876 3.75395083 1.21913040
v -0.76385790 3.76116490 1.22103834
v -0.74357253 3.75464988 1.25705099
v -0.76425683 3.76177931 1.25438297
v 0.39602712 4.16315794 1.26169181
v 0.39644575 4.16251326 1.22670317
v -0.67594922 4.11606884 1.24973249
v -0.67553055 4.11542368 1.21474349
v 0.46983132 4.16048145 1.26348710
v -0.13988578 4.13757181 1.25700688
v 0.45054132 4.15682602 1.26422918
v 0.47027057 4.15980482 1.22677362
v -0.02077167 4.14209318 1.22083068
v 0.45100227 4.15611601 1.22570550
v 0.49325678 4.15629864 1.24186349
v 0.48033917 4.15175486 1.22643864
v 0.50102347 4.14462471 1.22910666
v 0.47988543 4.15245342 1.26435935
v 0.50062454 4.14523983 1.26245129
v -0.74925607 4.10693026 1.24988639
v -0.72974122 4.10497952 1.25106120
v -0.74881679 4.10625362 1.21317267
v -0.72928023 4.10426950 1.21253765
v -0.77173728 4.10073042 1.22775054
v -0.75813079 4.09735203 1.21262157
v -0.77816468 4.08843374 1.21483541
v -0.75858450 4.09805107 1.25054216
v -0.77856368 4.08904839 1.24817991
v -0.70108980 4.08480835 1.25240958
v 0.42374584 4.13421917 1.26495874
v -0.68745530 3.77291846 1.25832105
v 0.43738043 3.82232976 1.27087033
v -0.73463601 3.92708611 1.25469422
v 0.47093186 3.98004365 1.26814413
v -0.70061374 4.08407497 1.21261942
v 0.42422193 4.13348579 1.22516859
v -0.68697912 3.77218509 1.21853089
v 0.43785653 3.82159638 1.23108017
v -0.73416513 3.92636085 1.21534562
v 0.47140267 3.97931838 1.22879553
v 0.02784133 4.08051825 1.25634301
v 0.47128925 4.11656904 1.25654900
v 0.05402262 3.75853825 1.24485636
v 0.49747056 3.79458904 1.24506211
v 0.27518737 3.78330922 1.26833844
v 0.25023642 4.09015846 1.27928531
v 0.22929074 3.78098106 1.22898376
v 0.20433979 4.08783054 1.23993063
v 0.49527609 3.95701075 1.23551071
v 0.49536681 3.95568085 1.27299571
v 0.02996174 3.91918230 1.23529482
v 0.03005245 3.91785240 1.27277982
v 0.24935131 4.10117674 1.25631106
v 0.03943491 4.07986069 1.27841115
v 0.03934465 4.08118439 1.24111319
v 0.01871633 4.07190132 1.24171138
v 0.01880235 4.07064009 1.27725649
v 0.45993379 4.11404610 1.27860641
v 0.45984352 4.11536932 1.24130845
v 0.48169982 4.10954046 1.24192619
v 0.48178586 4.10827923 1.27747130
v 0.27595946 3.77394700 1.24463701
v 0.06548504 3.75949359 1.26698196
v 0.06539479 3.76081705 1.22968411
v 0.04354270 3.76658392 1.23081911
v 0.04362873 3.76532292 1.26636422
v 0.48598391 3.79367900 1.26717710
v 0.48589367 3.79500222 1.22987926
v 0.50652623 3.80422306 1.23103404
v 0.50661218 3.80296206 1.26657915
v 0.26271266 3.93672252 1.27413261
v 0.49515837 3.80918813 1.26862562
v 0.05392466 3.77331710 1.26842082
v 0.47149861 4.10015726 1.27900612
v 0.03026493 4.06428671 1.27880120
v 0.21606776 3.93435645 1.23413622
v 0.49506360 3.81057644 1.22948921
v 0.05382994 3.77470565 1.22928441
v 0.47140390 4.10154581 1.23986959
v 0.03017021 4.06567478 1.23966491
v 0.49910575 3.95678449 1.25058365
v 0.02620506 3.91833901 1.25036430
v 0.04172396 4.08364344 1.25663865
v 0.03209003 4.08034515 1.27726340
v 0.03200548 4.08158445 1.24232793
v 0.02182122 4.07741833 1.24302673
v 0.02190180 4.07623720 1.27632034
v 0.45708385 4.11741114 1.25683141
v 0.46710506 4.11571026 1.27746534
v 0.46702054 4.11695004 1.24252987
v 0.47774336 4.11448336 1.24323833
v 0.47782391 4.11330223 1.27653205
v 0.06822908 3.75768113 1.24500990
v 0.05830804 3.75791335 1.26576066
v 0.05822348 3.75915265 1.23082519
v 0.04750464 3.76156116 1.23175848
v 0.04758522 3.76037979 1.26505220
v 0.48358899 3.79144835 1.24520266
v 0.49332306 3.79327869 1.26596248
v 0.49323854 3.79451799 1.23102713
v 0.50342679 3.79862618 1.23196995
v 0.50350738 3.79744506 1.26526380
v 0.07860497 3.76299644 1.26771915
v 0.47246981 3.79501653 1.26790190
v 0.27439773 3.79301834 1.26892841
v 0.48159337 3.80302525 1.26856601
v 0.06830701 3.76942635 1.26837432
v 0.05295214 4.07847786 1.27897394
v 0.44681698 4.11049747 1.27915680
v 0.25102717 4.08043194 1.27918196
v 0.45711687 4.10403919 1.27930498
v 0.04383053 4.07044029 1.27911294
v 0.07851158 3.76436543 1.22913373
v 0.47237641 3.79638553 1.22931647
v 0.22793347 3.79066157 1.22908700
v 0.48149806 3.80442262 1.22917747
v 0.06821167 3.77082372 1.22898567
v 0.05285875 4.07984638 1.24038863
v 0.44672361 4.11186647 1.24057150
v 0.20456292 4.07807541 1.23934042
v 0.45702153 4.10543680 1.23991621
v 0.04373519 4.07183790 1.23972440
v 0.48397627 4.10001421 1.24096847
v 0.50723010 3.81403542 1.23076606
v 0.50193101 3.82040000 1.23011994
v 0.47976995 4.09293938 1.23984289
v 0.49815661 3.95720267 1.23669922
v 0.48406526 4.09870911 1.27774072
v 0.50731915 3.81273079 1.26753831
v 0.50202435 3.81903267 1.26865935
v 0.47986317 4.09157228 1.27838230
v 0.49824151 3.95595694 1.27180994
v 0.01800939 4.06213236 1.24075222
v 0.04126329 3.77615380 1.23054981
v 0.04546537 3.78329086 1.22990811
v 0.02330422 4.05583048 1.23963106
v 0.02708703 3.91890621 1.23648059
v 0.01809838 4.06082773 1.27752447
v 0.04135228 3.77484918 1.26732206
v 0.04555863 3.78192353 1.26844752
v 0.02339748 4.05446339 1.27817059
v 0.02717201 3.91766047 1.27159131
v 0.05231255 4.08357859 1.27734911
v 0.05222788 4.08481932 1.24237394
v 0.44662574 4.11563540 1.27753210
v 0.44654104 4.11687613 1.24255693
v 0.02567953 4.07616663 1.27801371
v 0.24961905 4.09775591 1.27863145
v 0.03301923 4.07424784 1.27883375
v 0.02559069 4.07746840 1.24131441
v 0.20587873 4.09553719 1.24112558
v 0.03292605 4.07561398 1.24032509
v 0.01752376 4.07207203 1.25589836
v 0.02262657 4.06979465 1.24044538
v 0.01571702 4.06204844 1.24247718
v 0.02271832 4.06844997 1.27835119
v 0.01579769 4.06086588 1.27580893
v 0.47410560 4.11262226 1.27822185
v 0.46717146 4.10954332 1.27903509
v 0.47401682 4.11392403 1.24152255
v 0.46707824 4.11090946 1.24052668
v 0.48283607 4.10990047 1.25611448
v 0.47818229 4.10683012 1.24065685
v 0.48625055 4.10030127 1.24269569
v 0.47827402 4.10548544 1.27856266
v 0.48633116 4.09911871 1.27602720
v 0.07878749 3.75798702 1.26573360
v 0.07870283 3.75922799 1.23075843
v 0.47310069 3.79004359 1.26591659
v 0.47301599 3.79128432 1.23094130
v 0.05131176 3.76093888 1.26676798
v 0.27580023 3.77577710 1.26714468
v 0.05825029 3.76395369 1.26776385
v 0.05122293 3.76224089 1.23006868
v 0.23205993 3.77355862 1.22963881
v 0.05815712 3.76532006 1.22925532
v 0.04247502 3.76521897 1.24495137
v 0.04705452 3.76937771 1.22972786
v 0.03899740 3.77574444 1.23226321
v 0.04714626 3.76803303 1.26763380
v 0.03907806 3.77456164 1.26559496
v 0.49973786 3.79739475 1.26697600
v 0.49240249 3.79924893 1.26796532
v 0.49964908 3.79869652 1.23027682
v 0.49230936 3.80061531 1.22945690
v 0.50778729 3.80304742 1.24516726
v 0.50261027 3.80641317 1.22993922
v 0.50953090 3.81399727 1.23248172
v 0.50270200 3.80506825 1.26784515
v 0.50961155 3.81281471 1.26581323
v 0.48068395 3.81711960 1.26926160
v 0.06692719 3.78348255 1.26906955
v 0.45849761 4.08996964 1.27899551
v 0.04474083 4.05633259 1.27880347
v 0.48443842 3.95475960 1.27391481
v 0.04098533 3.91870809 1.27370894
v 0.48058769 3.81853056 1.22948694
v 0.06683095 3.78489375 1.22929490
v 0.45840135 4.09138060 1.23922098
v 0.04464459 4.05774355 1.23902893
v 0.48434323 3.95615506 1.23458147
v 0.04089013 3.92010355 1.23437572
v -0.87416506 4.44033766 1.43546045
v 0.37105891 4.49975824 1.43271458
v -0.85745621 4.08927202 1.41573584
v 0.38776779 4.14869261 1.41298985
v -0.23512428 4.12593937 1.43791389
v -0.25104800 4.46050739 1.45671153
v -0.36392850 4.12200117 1.39890122
v -0.37985227 4.45656872 1.41769898
v 0.41003987 4.32654572 1.40749907
v 0.41022247 4.32445049 1.44494867
v -0.89658630 4.26419497 1.41038048
v -0.89640367 4.26209974 1.44783008
v -0.25169048 4.47292233 1.43401992
v -0.84179467 4.43976068 1.45741069
v -0.84197640 4.44184542 1.42014813
v -0.90123099 4.43074560 1.42069399
v -0.90105784 4.42875862 1.45620596
v 0.33898729 4.49610615 1.45480704
v 0.33880556 4.49819136 1.41754413
v 0.39884990 4.49278402 1.41782725
v 0.39902303 4.49079704 1.45333886
v -0.23470911 4.11613321 1.41397357
v -0.82516938 4.09045410 1.43778491
v -0.82535112 4.09253931 1.40052211
v -0.88538688 4.09784842 1.40199018
v -0.88521373 4.09586143 1.43750191
v 0.35561258 4.14679956 1.43518102
v 0.35543087 4.14888477 1.39791834
v 0.41469410 4.15988684 1.39912343
v 0.41486722 4.15789986 1.43463504
v -0.24308456 4.29320526 1.44763315
v 0.38396651 4.16416407 1.43693566
v -0.85504001 4.10504007 1.43966794
v 0.36886683 4.48141766 1.45476067
v -0.87013966 4.42229366 1.45749295
v -0.37398878 4.28920269 1.40798426
v 0.38377583 4.16635180 1.39783621
v -0.85523063 4.10722780 1.40056837
v 0.36867622 4.48360538 1.41566110
v -0.87033033 4.42448139 1.41839337
v 0.42076463 4.32621145 1.42253256
v -0.90716422 4.26284456 1.42546093
v -0.83483118 4.44437838 1.43571329
v -0.86223513 4.43998003 1.45633888
v -0.86240524 4.44193268 1.42143631
v -0.89158475 4.43690205 1.42211974
v -0.89142257 4.43504047 1.45538211
v 0.33152041 4.50003529 1.43314135
v 0.35930905 4.49827051 1.45364499
v 0.35913891 4.50022316 1.41874266
v 0.38866752 4.49799395 1.41929650
v 0.38882971 4.49613285 1.45255899
v -0.81791562 4.08897066 1.41574478
v -0.84550267 4.08842230 1.43658638
v -0.84567279 4.09037495 1.40168393
v -0.87519354 4.09251261 1.40277004
v -0.87503135 4.09065151 1.43603253
v 0.34843597 4.14462805 1.41317272
v 0.37604144 4.14671278 1.43389285
v 0.37587133 4.14866590 1.39899027
v 0.40505874 4.15360451 1.39994705
v 0.40522096 4.15174341 1.43320930
v -0.78789824 4.09486628 1.43849540
v 0.31809402 4.14764309 1.43605638
v -0.23562737 4.13652182 1.43875217
v 0.34498885 4.15680885 1.43684053
v -0.81553996 4.10142946 1.43939972
v -0.80426985 4.43884563 1.45782173
v 0.30172235 4.49162197 1.45538306
v -0.25054252 4.44989777 1.45635939
v 0.32936797 4.48501396 1.45528078
v -0.83116084 4.42963505 1.45784009
v -0.78808618 4.09702349 1.39994621
v 0.31790605 4.14979982 1.39750731
v -0.36602473 4.13253450 1.39925694
v 0.34479707 4.15901041 1.39748895
v -0.81573176 4.10363150 1.40004826
v -0.80445784 4.44100237 1.41927266
v 0.30153438 4.49377918 1.41683376
v -0.38093984 4.44591093 1.41686404
v 0.32917619 4.48721600 1.41592932
v -0.83135265 4.43183708 1.41848850
v 0.40353745 4.48247528 1.41661263
v 0.41837811 4.17066383 1.39909351
v 0.40468517 4.17740297 1.39865172
v 0.39054197 4.47456169 1.41534770
v 0.41812599 4.32686520 1.40866733
v 0.40371650 4.48042011 1.45335031
v 0.41855723 4.16860819 1.43583107
v 0.40487289 4.17524862 1.43715477
v 0.39072967 4.47240734 1.45385087
v 0.41829702 4.32490206 1.44374502
v -0.90492105 4.42003727 1.41949809
v -0.89008039 4.10822535 1.40197873
v -0.87709343 4.11623812 1.40147817
v -0.89123666 4.41339684 1.41817427
v -0.90466082 4.26374340 1.41158414
v -0.90474200 4.41798210 1.45623565
v -0.88990128 4.10617018 1.43871641
v -0.87690574 4.11408377 1.43998158
v -0.89104897 4.41124249 1.45667744
v -0.90448976 4.26178026 1.44666195
v -0.80517054 4.44442844 1.45632946
v -0.80534089 4.44638348 1.42138720
v 0.30208069 4.49726486 1.45388782
v 0.30191034 4.49922037 1.41894543
v -0.88087326 4.43510437 1.45704079
v -0.25144508 4.46880674 1.45625198
v -0.86070001 4.43332052 1.45774925
v -0.88105208 4.43715620 1.42037606
v -0.37419790 4.46505356 1.41907203
v -0.86088765 4.43547344 1.41927695
v -0.90447164 4.43063545 1.43489528
v -0.89068097 4.42863798 1.41934180
v -0.91133261 4.41981268 1.42124081
v -0.89049631 4.42651892 1.45721197
v -0.91117036 4.41794920 1.45454109
v 0.37832975 4.49519253 1.45426404
v 0.35842133 4.49149609 1.45506084
v 0.37815097 4.49724388 1.41759932
v 0.35823372 4.49364853 1.41658866
v 0.40214869 4.49298573 1.43201387
v 0.38854250 4.48968124 1.41652083
v 0.40994895 4.48286295 1.41832733
v 0.38872713 4.48756218 1.45439100
v 0.41011125 4.48099947 1.45162749
v -0.78827411 4.08942556 1.43638361
v -0.78844446 4.09138060 1.40144134
v 0.31897703 4.14226198 1.43394196
v 0.31880671 4.14421701 1.39899957
v -0.86451477 4.09140158 1.43772972
v -0.23473620 4.11774302 1.43652737
v -0.84459758 4.09499693 1.43874037
v -0.86469352 4.09345341 1.40106511
v -0.35748902 4.11398983 1.39934742
v -0.84478515 4.09714985 1.40026820
v -0.88854772 4.09606361 1.41609728
v -0.87509096 4.10108376 1.40093803
v -0.89647508 4.10764599 1.40370166
v -0.87490630 4.09896469 1.43880808
v -0.89631277 4.10578251 1.43700194
v 0.39468825 4.15148926 1.43495309
v 0.37452379 4.15317202 1.43605196
v 0.39450943 4.15354109 1.39828825
v 0.37433618 4.15532494 1.39757979
v 0.41807258 4.15841389 1.41321599
v 0.40413249 4.16212654 1.39811730
v 0.42480654 4.17069626 1.40078795
v 0.40431711 4.16000748 1.43598723
v 0.42496881 4.16883278 1.43408823
v 0.34491956 4.17218351 1.43789458
v -0.81693023 4.11674118 1.44045675
v 0.33076021 4.46968079 1.45460963
v -0.83108956 4.41423845 1.45717168
v 0.37953323 4.32293415 1.44593966
v -0.86570549 4.26351261 1.44868565
v 0.34472579 4.17440701 1.39815748
v -0.81712401 4.11896467 1.40071964
v 0.33056644 4.47190428 1.41487229
v -0.83128339 4.41646194 1.41743445
v 0.37934169 4.32513285 1.40664351
v -0.86589706 4.26571131 1.40938950
v 0.43712485 4.17434645 1.24941742
v -0.74645829 4.11138773 1.25287318
v 0.44010952 4.12648821 1.39973950
v -0.74347359 4.06352949 1.40319526
v -0.15060240 4.07413292 1.39090824
v -0.15344684 4.11974239 1.24765038
v -0.03031325 4.11808157 1.40251195
v -0.03315765 4.16369104 1.25925374
v -0.77490842 4.10047197 1.33277202
v -0.77304345 4.06478596 1.32137346
v 0.46703726 4.16653538 1.32914567
v 0.46890220 4.13084888 1.31774712
v -0.15470241 4.14347506 1.24998951
v 0.40760544 4.15156603 1.24316585
v 0.40574974 4.18707418 1.25450730
v 0.46255985 4.18813705 1.25758851
v 0.46432823 4.15429783 1.24677992
v -0.71472561 4.09186554 1.24644268
v -0.71658134 4.12737370 1.25778437
v -0.77316469 4.12240505 1.26119649
v -0.77139622 4.08856535 1.25038791
v -0.15166907 4.09483624 1.40276241
v 0.41057515 4.10394764 1.39273477
v 0.40871945 4.13945532 1.40407646
v 0.46539006 4.14275551 1.40013123
v 0.46715847 4.10891628 1.38932252
v -0.71175593 4.04424715 1.39601171
v -0.71361160 4.07975483 1.40735340
v -0.77033448 4.07702351 1.40373921
v -0.76856607 4.04318380 1.39293075
v -0.15200867 4.09663248 1.31918168
v -0.73951757 4.04408455 1.38895059
v 0.43815568 4.10672903 1.38551199
v -0.74221474 4.08733368 1.25310636
v 0.43545854 4.14997816 1.24966776
v -0.02975835 4.14129734 1.33097458
v -0.74146473 4.08134270 1.40085137
v 0.43620855 4.14398718 1.39741266
v -0.74416196 4.12459183 1.26500714
v 0.43351141 4.18723631 1.26156843
v -0.78428268 4.08558559 1.32821858
v 0.47791114 4.15272570 1.32453322
v 0.39963320 4.17244101 1.24853098
v 0.42690921 4.15387487 1.24298644
v 0.42517111 4.18713379 1.25360954
v 0.45314339 4.18734741 1.25481319
v 0.45479983 4.15565157 1.24468935
v -0.70898187 4.11347008 1.25176787
v -0.73416615 4.09211302 1.24637663
v -0.73590428 4.12537193 1.25699973
v -0.76373398 4.12261772 1.25836635
v -0.76207751 4.09092188 1.24824226
v 0.40265477 4.12399054 1.40071225
v 0.42989805 4.10594893 1.39351940
v 0.42815995 4.13920784 1.40414250
v 0.45607132 4.14039898 1.40227687
v 0.45772776 4.10870314 1.39215279
v -0.70596021 4.06501961 1.40394914
v -0.73117733 4.04418755 1.39690959
v -0.73291540 4.07744646 1.40753257
v -0.76080602 4.07566929 1.40582979
v -0.75914955 4.04397345 1.39570594
v 0.37504080 4.10180712 1.39150214
v -0.67620277 4.04588795 1.39457166
v -0.15068039 4.07534599 1.38629735
v -0.70216835 4.04520226 1.39114809
v 0.40091214 4.10387850 1.38792741
v 0.37211636 4.14869928 1.24421430
v -0.67912722 4.09278059 1.24728370
v -0.15334463 4.11806631 1.25211334
v -0.70495862 4.08994389 1.25061452
v 0.39812180 4.14862061 1.24739373
v 0.37312102 4.13854074 1.40323532
v -0.67812258 4.08262157 1.40630484
v -0.02890344 4.11983776 1.39804447
v -0.70412797 4.08270025 1.40312541
v 0.39895242 4.14137697 1.39990461
v 0.37019661 4.18543291 1.25594759
v -0.68104702 4.12951422 1.25901699
v -0.03156770 4.16255856 1.26386034
v -0.70691836 4.12744236 1.26259172
v 0.39616206 4.18611908 1.25937092
v -0.77708691 4.12133980 1.26590896
v -0.77443600 4.07883263 1.39942324
v -0.76186281 4.08134699 1.39651775
v -0.76438916 4.12185669 1.26927781
v -0.78252977 4.09893322 1.33243334
v -0.77525735 4.08633232 1.25472724
v -0.77260655 4.04382515 1.38824129
v -0.75994527 4.04465723 1.38479865
v -0.76247168 4.08516693 1.25755858
v -0.78078288 4.06550741 1.32175684
v 0.46660033 4.18749571 1.26227772
v 0.46925125 4.14498854 1.39579189
v 0.45646542 4.14615440 1.39296055
v 0.45393905 4.18666363 1.26572049
v 0.47477669 4.16581345 1.32876217
v 0.46842983 4.15248823 1.25109589
v 0.47108072 4.10998106 1.38461018
v 0.45838296 4.10946417 1.38124132
v 0.45585659 4.14997387 1.25400138
v 0.47652352 4.13238764 1.31808579
v 0.37257800 4.15120077 1.24240136
v 0.37083793 4.18449783 1.25303662
v -0.67986226 4.09521866 1.24547434
v -0.68160236 4.12851524 1.25610971
v 0.44488385 4.15345144 1.24434769
v -0.15356290 4.12174606 1.24439955
v 0.42590293 4.15121031 1.24527979
v 0.44305789 4.18838978 1.25550723
v -0.03892513 4.16363001 1.25545812
v 0.42398703 4.18787098 1.25698960
v 0.46636504 4.17493582 1.25291502
v 0.45261130 4.18836927 1.25912035
v 0.47277865 4.18620634 1.26166081
v 0.45449719 4.15228271 1.24759364
v 0.47443691 4.15447474 1.25152516
v -0.75198621 4.08978605 1.24784231
v -0.73286957 4.08957148 1.24866331
v -0.75381219 4.12472391 1.25900197
v -0.73478550 4.12623215 1.26037300
v -0.77557504 4.10887289 1.25654125
v -0.76328820 4.12369156 1.26267040
v -0.78309703 4.11940241 1.26532769
v -0.76140231 4.08760500 1.25114393
v -0.78143877 4.08767033 1.25519216
v 0.37559608 4.10280561 1.39440942
v 0.37385604 4.13610268 1.40504479
v -0.67684412 4.04682302 1.39748251
v -0.67858422 4.08012009 1.40811777
v 0.44780594 4.10659695 1.39151716
v -0.15057828 4.07388783 1.39472103
v 0.42877927 4.10508919 1.39014602
v 0.44598001 4.14153528 1.40267682
v -0.03594048 4.11577177 1.40577936
v 0.42686334 4.14174938 1.40185571
v 0.46920940 4.12932587 1.39617479
v 0.45539606 4.14371634 1.39937520
v 0.47543254 4.14365101 1.39532685
v 0.45728198 4.10762930 1.38784873
v 0.47709087 4.11191893 1.38519144
v -0.74906409 4.04293108 1.39501190
v -0.72999322 4.04344988 1.39352953
v -0.75089008 4.07786942 1.40617144
v -0.73190916 4.08011055 1.40523922
v -0.77273065 4.06326294 1.39980090
v -0.76050341 4.07903862 1.40292537
v -0.78044307 4.07684660 1.39899397
v -0.75861752 4.04295158 1.39139879
v -0.77878481 4.04511452 1.38885832
v -0.70291704 4.04707813 1.38451684
v 0.40141901 4.10582161 1.38129234
v -0.70544630 4.08763409 1.25713193
v 0.39888975 4.14637756 1.25390756
v -0.74382311 4.06545782 1.32100725
v 0.43977383 4.12841749 1.31755137
v -0.70489597 4.08494377 1.39661145
v 0.39944011 4.14368725 1.39338720
v -0.70742524 4.12549973 1.26922679
v 0.39691091 4.18424320 1.26600218
v -0.74577999 4.10290384 1.33296776
v 0.43781692 4.16586304 1.32951188
v -0.85638744 4.46363020 1.58303893
v 0.36911520 4.50248051 1.58136988
v -0.85654813 4.46274519 1.44451976
v 0.36895457 4.50159550 1.44285071
v -0.24306008 4.45907927 1.44708669
v -0.24290703 4.45992279 1.57909644
v -0.37088329 4.49440432 1.44700933
v -0.37073022 4.49524784 1.57901907
v 0.39876452 4.51829767 1.51197195
v 0.39995331 4.48080826 1.51221013
v -0.88716787 4.47753143 1.51372349
v -0.88597912 4.44004202 1.51396155
v -0.24364209 4.48329115 1.58333230
v -0.82397664 4.44253922 1.58278918
v -0.82515943 4.47984123 1.58255231
v -0.88384014 4.47708321 1.57940042
v -0.88271284 4.44153404 1.57962620
v 0.33810470 4.47937918 1.58120632
v 0.33692184 4.51668119 1.58096969
v 0.39565068 4.51764488 1.57765794
v 0.39677796 4.48209620 1.57788360
v -0.24380532 4.48239183 1.44255459
v -0.82413644 4.44165897 1.44496369
v -0.82531923 4.47896051 1.44472706
v -0.88399243 4.47624397 1.44804990
v -0.88286525 4.44069529 1.44827557
v 0.33794487 4.47849894 1.44338107
v 0.33676201 4.51580048 1.44314432
v 0.39549831 4.51680565 1.44630718
v 0.39662564 4.48125696 1.44653296
v -0.24297340 4.45918036 1.51309359
v 0.36663258 4.47852802 1.44967163
v -0.85275102 4.43987131 1.45133233
v 0.36677766 4.47932720 1.57484984
v -0.85260594 4.44067097 1.57651043
v -0.37288055 4.49508095 1.51301503
v 0.36539140 4.51766872 1.44942296
v -0.85399216 4.47901249 1.45108354
v 0.36553645 4.51846838 1.57460105
v -0.85384709 4.47981215 1.57626176
v 0.40972516 4.50355673 1.51205349
v -0.89717251 4.46212626 1.51383340
v -0.81756783 4.46464777 1.58384407
v -0.84407181 4.44308758 1.58325315
v -0.84517974 4.47802687 1.58303118
v -0.87404448 4.47628069 1.58166158
v -0.87298852 4.44298363 1.58187294
v 0.33031148 4.50103760 1.58228076
v 0.35812598 4.48119879 1.58161581
v 0.35701805 4.51613855 1.58139384
v 0.38593161 4.51622438 1.57994556
v 0.38698754 4.48292685 1.58015692
v -0.81773049 4.46375179 1.44361174
v -0.84423262 4.44220114 1.44453955
v -0.84534055 4.47714090 1.44431770
v -0.87420201 4.47541285 1.44577646
v -0.87314612 4.44211531 1.44598782
v 0.33014894 4.50014162 1.44204831
v 0.35796520 4.48031282 1.44290221
v 0.35685724 4.51525259 1.44268036
v 0.38577402 4.51535606 1.44406044
v 0.38682994 4.48205900 1.44427180
v -0.78731209 4.44218874 1.44596887
v 0.30116388 4.47669506 1.44448626
v -0.24304755 4.45886278 1.45126903
v 0.32801664 4.47716379 1.44756424
v -0.81413215 4.44095612 1.44911981
v -0.78715467 4.44305515 1.58169210
v 0.30132127 4.47756147 1.58020973
v -0.24290417 4.45965290 1.57491732
v 0.32816678 4.47799110 1.57706368
v -0.81398201 4.44178343 1.57861936
v -0.78853589 4.48077822 1.44572365
v 0.29994017 4.51528454 1.44424140
v -0.37245166 4.49462461 1.45119059
v 0.32676750 4.51655674 1.44731414
v -0.81538129 4.48034859 1.44886982
v -0.78837842 4.48164463 1.58144712
v 0.30009753 4.51615143 1.57996464
v -0.37230825 4.49541473 1.57483888
v 0.32691765 4.51738405 1.57681370
v -0.81523108 4.48117590 1.57836914
v 0.39974874 4.51836252 1.57348859
v 0.39960614 4.51757669 1.45045745
v 0.38645279 4.51806307 1.45336044
v 0.38658875 4.51881170 1.57060993
v 0.40675455 4.51736259 1.51196873
v 0.40091488 4.48158646 1.57372212
v 0.40077227 4.48080063 1.45069110
v 0.38767505 4.47951889 1.45360541
v 0.38781101 4.48026800 1.57085478
v 0.40786800 4.48224783 1.51219177
v -0.88798690 4.47753906 1.57524228
v -0.88812947 4.47675371 1.45221126
v -0.87502557 4.47807169 1.45507860
v -0.87488955 4.47882080 1.57232797
v -0.89508253 4.47609186 1.51374185
v -0.88682073 4.44076300 1.57547593
v -0.88696331 4.43997717 1.45244479
v -0.87380332 4.43952799 1.45532346
v -0.87366736 4.44027710 1.57257295
v -0.89396906 4.44097757 1.51396465
v -0.78782898 4.44485474 1.58385623
v -0.78893816 4.47983408 1.58363414
v 0.30188605 4.47940063 1.58237219
v 0.30077687 4.51437950 1.58214998
v -0.86257690 4.44160795 1.58173430
v -0.24293254 4.46086740 1.58234513
v -0.84282583 4.44132185 1.58065212
v -0.86374080 4.47831106 1.58150113
v -0.36475039 4.49453306 1.58227134
v -0.84404719 4.47983456 1.58040738
v -0.88660854 4.46282148 1.57982504
v -0.87361515 4.47858191 1.57832503
v -0.89424223 4.47561932 1.57533193
v -0.87241316 4.44067192 1.57856560
v -0.89318520 4.44228363 1.57554364
v 0.37668341 4.48089457 1.58004642
v 0.35698742 4.47935772 1.57901788
v 0.37551951 4.51759768 1.57981348
v 0.35576612 4.51787090 1.57877326
v 0.39931798 4.50358725 1.57807374
v 0.38534841 4.51849318 1.57661033
v 0.40611348 4.51684237 1.57356095
v 0.38655046 4.48058319 1.57685113
v 0.40717050 4.48350716 1.57377267
v -0.78799140 4.44396019 1.44378340
v -0.78910059 4.47893906 1.44356120
v 0.30172360 4.47850561 1.44229925
v 0.30061442 4.51348495 1.44207716
v -0.86273408 4.44074202 1.44612002
v -0.24309318 4.45998287 1.44382644
v -0.84298068 4.44046926 1.44716012
v -0.86389798 4.47744513 1.44588709
v -0.36491096 4.49364805 1.44375265
v -0.84420192 4.47898197 1.44691563
v -0.88676167 4.46197796 1.44781387
v -0.87376505 4.47775650 1.44908226
v -0.89438510 4.47483253 1.45216084
v -0.87256294 4.43984652 1.44932306
v -0.89332801 4.44149733 1.45237243
v 0.37652621 4.48002863 1.44443226
v 0.35683265 4.47850513 1.44552612
v 0.37536231 4.51673174 1.44419909
v 0.35561135 4.51701832 1.44528127
v 0.39916486 4.50274372 1.44606245
v 0.38519853 4.51766777 1.44736779
v 0.40597063 4.51605606 1.45038986
v 0.38640061 4.47975779 1.44760847
v 0.40702769 4.48272085 1.45060146
v 0.32867980 4.47703028 1.45362282
v -0.81476909 4.44078064 1.45518029
v 0.32881588 4.47777987 1.57100594
v -0.81463307 4.44153070 1.57256317
v 0.36977491 4.47892666 1.51225698
v -0.85574216 4.44007540 1.51392615
v 0.32741851 4.51680899 1.45337033
v -0.81603038 4.48055983 1.45492744
v 0.32755452 4.51755905 1.57075310
v -0.81589437 4.48130941 1.57231057
v 0.36852753 4.51826429 1.51200724
v -0.85698944 4.47941303 1.51367640
v -0.78467274 4.84159327 1.61049235
v 0.36764738 4.89526606 1.63256621
v -0.76626515 4.45688391 1.58498049
v 0.38605496 4.51055574 1.60705447
v -0.19090743 4.49121189 1.61968589
v -0.20844996 4.85784292 1.64399898
v -0.30929509 4.48830175 1.57814121
v -0.32683760 4.85493279 1.60245419
v 0.40550652 4.70525885 1.60508132
v 0.40490672 4.70274878 1.64250112
v -0.80363458 4.64893961 1.58191895
v -0.80423445 4.64642954 1.61933875
v -0.20865902 4.87158060 1.62150919
v -0.75516307 4.84053946 1.63305271
v -0.75456607 4.84303713 1.59581971
v -0.80934912 4.83141613 1.59504092
v -0.80991799 4.82903624 1.63052416
v 0.33752295 4.89143419 1.65398443
v 0.33811986 4.89393187 1.61675131
v 0.39373523 4.88745260 1.61808753
v 0.39316630 4.88507271 1.65357065
v -0.18995138 4.48059893 1.59558129
v -0.73684776 4.45775652 1.60766864
v -0.73625082 4.46025419 1.57043576
v -0.79189426 4.46661568 1.57084930
v -0.79246312 4.46423578 1.60633266
v 0.35583821 4.50865126 1.62860036
v 0.35643515 4.51114893 1.59136724
v 0.41119012 4.52265215 1.59389579
v 0.41062123 4.52027225 1.62937903
v -0.19968382 4.67450571 1.63216257
v 0.38192350 4.52740717 1.63119864
v -0.76464301 4.47400284 1.60923493
v 0.36528879 4.87506437 1.65425348
v -0.78127766 4.82166004 1.63228977
v -0.32000157 4.67154884 1.58994043
v 0.38254973 4.53002834 1.59213018
v -0.76401675 4.47662401 1.57016647
v 0.36591506 4.87768555 1.61518514
v -0.78065139 4.82428122 1.59322131
v 0.41512206 4.70470858 1.62031507
v -0.81373250 4.64747143 1.59677505
v -0.74829608 4.84565783 1.61156678
v -0.77406353 4.84097338 1.63159394
v -0.77350444 4.84331274 1.59671938
v -0.80049378 4.83806467 1.59675789
v -0.80102664 4.83583546 1.62999380
v 0.33103609 4.89593029 1.63224280
v 0.35634327 4.89362478 1.65324831
v 0.35690236 4.89596415 1.61837363
v 0.38424116 4.89324713 1.61945283
v 0.38370833 4.89101744 1.65268874
v -0.72966081 4.45619011 1.58573937
v -0.75563025 4.45572424 1.60604644
v -0.75507116 4.45806360 1.57117164
v -0.78243619 4.46067095 1.57173133
v -0.78296912 4.45844173 1.60496712
v 0.34967136 4.50646257 1.60641539
v 0.37477663 4.50837564 1.62770069
v 0.37533566 4.51071501 1.59282601
v 0.40229872 4.51585293 1.59442616
v 0.40176585 4.51362371 1.62766206
v -0.70239282 4.46224451 1.60916770
v 0.32108334 4.50991583 1.62877357
v -0.19146690 4.50280666 1.62069869
v 0.34589720 4.51970673 1.63023102
v -0.72804660 4.46968508 1.60965848
v -0.72042876 4.83918905 1.63416469
v 0.30304736 4.88685989 1.65377057
v -0.20789827 4.84621525 1.64347184
v 0.32868829 4.87936544 1.65408170
v -0.74525553 4.82934380 1.63350916
v -0.70177525 4.46482849 1.57064939
v 0.32170087 4.51249933 1.59025538
v -0.31131878 4.49986124 1.57864010
v 0.34652761 4.52234459 1.59091091
v -0.72741622 4.47232294 1.57033825
v -0.71981120 4.84177303 1.59564638
v 0.30366492 4.88944387 1.61525226
v -0.32775018 4.84326982 1.60141301
v 0.32931864 4.88200331 1.61476147
v -0.74462515 4.83198214 1.59418893
v 0.39817396 4.87612152 1.61678302
v 0.41452333 4.53442717 1.59412372
v 0.40180865 4.54193974 1.59353769
v 0.38622764 4.86757708 1.61513209
v 0.41296509 4.70552778 1.60640967
v 0.39758545 4.87365866 1.65349138
v 0.41393480 4.53196478 1.63083208
v 0.40119195 4.53935909 1.63201010
v 0.38561088 4.86499643 1.65360439
v 0.41240311 4.70317602 1.64145935
v -0.81266272 4.81972361 1.59358811
v -0.79631335 4.47802973 1.57092857
v -0.78433877 4.48669195 1.57081556
v -0.79991984 4.81232929 1.59240985
v -0.81113100 4.64851236 1.58296061
v -0.81325120 4.81726122 1.63029635
v -0.79690188 4.47556686 1.60763693
v -0.78495550 4.48411131 1.60928798
v -0.80053657 4.80974865 1.63088238
v -0.81169295 4.64616108 1.61801040
v -0.72127140 4.84532261 1.63275218
v -0.72071171 4.84766483 1.59783781
v 0.30336973 4.89304829 1.65238023
v 0.30392939 4.89539051 1.61746585
v -0.79129648 4.83579874 1.63185525
v -0.20886762 4.86694336 1.64367592
v -0.77262419 4.83365488 1.63291812
v -0.79070908 4.83825636 1.59521973
v -0.32169321 4.86417007 1.60408294
v -0.77200800 4.83623362 1.59447658
v -0.81264532 4.83124447 1.60917950
v -0.79953945 4.82901764 1.59385335
v -0.81863278 4.81952667 1.59520447
v -0.80014604 4.82647896 1.63169324
v -0.81916624 4.81729460 1.62847829
v 0.37395969 4.89007330 1.65417707
v 0.35554066 4.88620186 1.65452945
v 0.37454706 4.89253092 1.61754167
v 0.35615689 4.88878059 1.61608779
v 0.39649040 4.88756323 1.63234162
v 0.38424337 4.88415480 1.61653006
v 0.40407044 4.87647724 1.61862671
v 0.38363674 4.88161659 1.65437007
v 0.40353698 4.87424517 1.65190053
v -0.70265734 4.45629787 1.60695410
v -0.70209765 4.45864010 1.57203984
v 0.32198378 4.50402355 1.62658226
v 0.32254347 4.50636578 1.59166777
v -0.77327502 4.45915747 1.60687828
v -0.19046018 4.48223543 1.61816418
v -0.75488478 4.46290779 1.60833228
v -0.77268761 4.46161509 1.57024300
v -0.30328578 4.47946215 1.57857108
v -0.75426853 4.46548653 1.56989062
v -0.79510260 4.46460915 1.58486605
v -0.78236467 4.47007179 1.57005000
v -0.80226487 4.47744322 1.57251942
v -0.78297126 4.46753359 1.60788989
v -0.80279833 4.47521114 1.60579324
v 0.39198124 4.51343203 1.62920022
v 0.37328008 4.51545477 1.62994361
v 0.39256859 4.51588964 1.59256482
v 0.37389630 4.51803350 1.59150195
v 0.41403306 4.52092743 1.60802853
v 0.40141818 4.52520943 1.59272683
v 0.42043838 4.53439379 1.59594178
v 0.40081152 4.52267075 1.63056672
v 0.41990486 4.53216171 1.62921548
v 0.34570029 4.53654766 1.63155127
v -0.72946602 4.48646927 1.61095512
v 0.33010155 4.86255550 1.65317035
v -0.74506480 4.81247711 1.63257420
v 0.37648818 4.70136356 1.64287949
v -0.77584547 4.64769125 1.62080526
v 0.34633687 4.53921175 1.59184575
v -0.72882944 4.48913288 1.57124972
v 0.33073813 4.86521912 1.61346495
v -0.74442822 4.81514072 1.59286869
v 0.37711760 4.70399761 1.60361481
v -0.77521604 4.65032482 1.58154058
v 0.43539444 4.91608667 1.77438283
v -0.81334037 4.86942625 1.79027128
v 0.42253971 5.27708197 1.82422483
v -0.82619512 5.23042202 1.84011292
v -0.20111667 5.24212217 1.85390294
v -0.18886596 4.89809036 1.80640316
v -0.07283761 5.25229931 1.81327593
v -0.06058691 4.90826797 1.76577640
v -0.85082620 5.05085802 1.80041909
v -0.85016274 5.04575157 1.83757293
v 0.45948392 5.09981918 1.78374732
v 0.46014741 5.09471273 1.82090116
v -0.18887223 4.88984489 1.78169417
v 0.40344143 4.91277409 1.79681504
v 0.40278119 4.91785479 1.75984681
v 0.46231398 4.92840767 1.76111913
v 0.46294323 4.92356539 1.79635012
v -0.78066963 4.86852837 1.81188118
v -0.78132987 4.87360907 1.77491295
v -0.84143245 4.87969160 1.77770746
v -0.84080327 4.87484932 1.81293845
v -0.20193659 5.25672626 1.83234859
v 0.39065108 5.27196169 1.84640741
v 0.38999084 5.27704239 1.80943918
v 0.45012441 5.27072144 1.80838180
v 0.45075366 5.26587868 1.84361291
v -0.79346001 5.22771597 1.86147344
v -0.79412025 5.23279667 1.82450521
v -0.85362202 5.22200489 1.82497013
v -0.85299277 5.21716309 1.86020112
v -0.19498563 5.07006264 1.83047080
v -0.82205129 5.21002007 1.86048055
v 0.42044845 5.25644684 1.84467173
v -0.81043446 4.88379240 1.81543911
v 0.43206519 4.93021965 1.79963005
v -0.06461516 5.08040571 1.78918159
v -0.82274401 5.21535110 1.82169020
v 0.41975570 5.26177835 1.80588126
v -0.81112731 4.88912344 1.77664852
v 0.43137243 4.93555069 1.76083982
v -0.86124086 5.04840565 1.81549311
v 0.47043201 5.09816504 1.79854965
v 0.39593050 4.91234636 1.77479398
v 0.42390028 4.91254139 1.79522443
v 0.42328185 4.91730022 1.76059783
v 0.45260191 4.92197418 1.76154578
v 0.45319128 4.91743851 1.79454517
v -0.77370965 4.86864233 1.78967571
v -0.80108792 4.86676884 1.81081057
v -0.80170637 4.87152719 1.77618396
v -0.83125979 4.87400103 1.77788091
v -0.83067048 4.86946630 1.81088042
v 0.38291669 5.27780724 1.82525229
v 0.41102746 5.27404356 1.84513617
v 0.41040909 5.27880192 1.81050968
v 0.43999159 5.27610445 1.81043994
v 0.44058099 5.27156973 1.84343934
v -0.78672343 5.23410273 1.84013414
v -0.81396067 5.22827005 1.86072242
v -0.81457913 5.23302937 1.82609582
v -0.84387010 5.22813177 1.82677507
v -0.84328073 5.22359657 1.85977459
v 0.35325968 5.26773310 1.84714437
v -0.75585067 5.22629023 1.86125612
v -0.20072438 5.23119354 1.85263956
v -0.78290009 5.21710396 1.86088240
v 0.38090077 5.26059055 1.84607482
v 0.36585498 4.91402435 1.79830837
v -0.74325544 4.87258148 1.81242013
v -0.18924963 4.90895271 1.80814862
v -0.77088237 4.87961483 1.81428599
v 0.39291847 4.92310143 1.79947829
v 0.35257664 5.27298927 1.80890012
v -0.75653380 5.23154640 1.82301176
v -0.07085874 5.24149656 1.81151056
v -0.78359729 5.22246933 1.82184196
v 0.38020355 5.26595592 1.80703425
v 0.36517188 4.91928053 1.76006413
v -0.74393851 4.87783718 1.77417600
v -0.05938400 4.91925621 1.76701939
v -0.77157962 4.88498020 1.77524555
v 0.39222124 4.92846680 1.76043785
v -0.84602994 4.89045906 1.77864969
v -0.85744745 5.21109104 1.82291865
v -0.84381717 5.20417738 1.82083225
v -0.83293629 4.89861298 1.77864385
v -0.85890830 5.05039358 1.80169892
v -0.84537899 4.88544989 1.81509674
v -0.85679638 5.20608187 1.85936570
v -0.84313500 5.19892788 1.85903108
v -0.83225411 4.89336348 1.81684244
v -0.85828680 5.04561090 1.83649909
v 0.46611762 4.93948841 1.76195455
v 0.45470017 5.26012039 1.80622363
v 0.44157526 5.25220728 1.80447781
v 0.45245621 4.94664288 1.76228929
v 0.46760800 5.09995985 1.78482103
v 0.46676859 4.93447971 1.79840159
v 0.45535108 5.25511169 1.84267056
v 0.44225746 5.24695778 1.84267640
v 0.45313835 4.94139290 1.80048788
v 0.46822953 5.09517717 1.81962144
v 0.36665609 4.90862560 1.79572868
v 0.36603698 4.91339016 1.76106274
v -0.74371684 4.86713552 1.80985653
v -0.74433601 4.87190008 1.77519059
v 0.44265461 4.91716576 1.79641581
v -0.18858029 4.88973522 1.80431628
v 0.42247471 4.91905689 1.79795027
v 0.44200504 4.92216444 1.76004100
v -0.06632803 4.89943457 1.76559842
v 0.42179316 4.92430210 1.75978208
v 0.46587414 4.92574024 1.77499366
v 0.45173711 4.93092394 1.76046181
v 0.47258431 4.93931246 1.76355255
v 0.45240802 4.92576075 1.79803240
v 0.47317430 4.93477201 1.79658949
v -0.82009870 4.86998177 1.81248260
v -0.80008376 4.87337494 1.81350541
v -0.82074821 4.87498045 1.77610779
v -0.80076534 4.87862015 1.77533722
v -0.84443009 4.87677908 1.79166543
v -0.83109301 4.88299036 1.77678370
v -0.85242260 4.88980198 1.78041136
v -0.83042204 4.87782669 1.81435466
v -0.85183257 4.88526154 1.81344843
v 0.35365713 5.27367067 1.84612966
v 0.35303801 5.27843475 1.81146359
v -0.75671583 5.23218060 1.86025751
v -0.75733495 5.23694468 1.82559144
v 0.43006939 5.27059031 1.84521258
v -0.20143503 5.25072956 1.85415792
v 0.41008648 5.26695061 1.84598303
v 0.42941982 5.27558899 1.80883765
v -0.07918274 5.26042843 1.81543994
v 0.40940490 5.27219582 1.80781484
v 0.45362329 5.26977539 1.82249403
v 0.43974322 5.26774406 1.80696571
v 0.46115378 5.26030922 1.80787182
v 0.44041416 5.26258039 1.84453666
v 0.46174377 5.25576878 1.84090900
v -0.83268392 5.22340584 1.86127913
v -0.81247199 5.22126865 1.86153829
v -0.83333343 5.22840500 1.82490444
v -0.81315356 5.22651386 1.82337010
v -0.85668087 5.22081470 1.83916569
v -0.84308696 5.21980953 1.82328796
v -0.86385310 5.21079874 1.82473075
v -0.84241593 5.21464634 1.86085844
v -0.86326319 5.20625830 1.85776770
v -0.78299683 5.20126438 1.85890210
v 0.38212875 5.24480057 1.84407783
v -0.77210349 4.89535236 1.81666565
v 0.39302209 4.93888807 1.80184114
v -0.81936598 5.04677582 1.83809721
v 0.42938337 5.09343672 1.82220864
v -0.78370094 5.20668268 1.81947923
v 0.38142467 5.25021839 1.80465472
v -0.77280754 4.90077019 1.77724254
v 0.39231804 4.94430637 1.76241815
v -0.82006228 5.05213404 1.79911160
v 0.42868716 5.09879494 1.78322303
v -0.83478630 5.21672297 1.96914637
v 0.38088295 5.29375219 1.96681535
v -0.83483905 5.21356821 1.83738303
v 0.38083017 5.29059744 1.83505213
v -0.22554024 5.22908592 1.83986521
v -0.22548994 5.23209238 1.96543670
v -0.35359034 5.26039839 1.83916688
v -0.35354003 5.26340485 1.96473837
v 0.40986046 5.30934811 1.90051126
v 0.41223344 5.27192545 1.90140605
v -0.86575365 5.22852087 1.90295696
v -0.86338067 5.19109821 1.90385175
v -0.22696568 5.25549126 1.96904969
v -0.80193162 5.19665289 1.96928358
v -0.80429280 5.23388910 1.96839297
v -0.86247224 5.22925043 1.96544623
v -0.86022204 5.19376421 1.96629477
v 0.35082507 5.26969576 1.96707332
v 0.34846395 5.30693197 1.96618271
v 0.40675193 5.30967331 1.96301246
v 0.40900207 5.27418709 1.96386123
v -0.22701931 5.25228500 1.83513808
v -0.80198413 5.19351435 1.83818030
v -0.80434525 5.23075056 1.83728969
v -0.86252230 5.22625923 1.84050179
v -0.86027211 5.19077301 1.84135032
v 0.35077256 5.26655722 1.83596992
v 0.34841147 5.30379343 1.83507931
v 0.40670186 5.30668211 1.83806813
v 0.40895206 5.27119589 1.83891678
v -0.22549479 5.23026896 1.90265870
v 0.37925440 5.26758432 1.84195256
v -0.83034480 5.19093990 1.84427178
v 0.37930214 5.27043533 1.96102560
v -0.83029705 5.19379044 1.96334469
v -0.35563260 5.26209164 1.90194893
v 0.37677684 5.30665588 1.84101820
v -0.83282232 5.23001146 1.84333754
v 0.37682456 5.30950642 1.96009099
v -0.83277458 5.23286200 1.96241033
v 0.42121303 5.29496098 1.90085089
v -0.87519813 5.21281576 1.90333664
v -0.79627192 5.21896410 1.96989274
v -0.82190359 5.19658184 1.96971571
v -0.82411510 5.23145914 1.96888161
v -0.85272110 5.22879171 1.96761107
v -0.85061347 5.19555330 1.96840596
v 0.34239689 5.29111385 1.96770930
v 0.37064770 5.27214575 1.96742928
v 0.36843619 5.30702353 1.96659529
v 0.39714506 5.30798769 1.96521461
v 0.39925268 5.27474880 1.96600962
v -0.79632539 5.21577024 1.83649957
v -0.82195640 5.19342279 1.83776772
v -0.82416785 5.22830057 1.83693349
v -0.85277289 5.22569752 1.83835340
v -0.85066521 5.19245863 1.83914828
v 0.34234345 5.28792048 1.83431649
v 0.37059489 5.26898718 1.83548117
v 0.36838344 5.30386448 1.83464706
v 0.39709324 5.30489302 1.83595693
v 0.39920086 5.27165461 1.83675182
v -0.76543558 5.19520903 1.83912539
v 0.31430644 5.26362514 1.83705521
v -0.22552325 5.22893810 1.84384799
v 0.34095407 5.26498175 1.83997381
v -0.79203016 5.19319201 1.84214604
v -0.76538402 5.19829988 1.96822894
v 0.31435806 5.26671600 1.96615875
v -0.22547615 5.23175430 1.96146584
v 0.34100342 5.26793146 1.96315718
v -0.79198086 5.19614077 1.96532977
v -0.76787823 5.23373032 1.83820403
v 0.31186384 5.30214643 1.83613396
v -0.35515711 5.26063776 1.84314108
v 0.33846065 5.30430555 1.83903337
v -0.79452360 5.23251534 1.84120584
v -0.76782662 5.23682165 1.96730793
v 0.31191546 5.30523777 1.96523762
v -0.35511002 5.26345396 1.96075869
v 0.33851001 5.30725431 1.96221685
v -0.79447424 5.23546457 1.96438932
v 0.41080087 5.31045008 1.95903301
v 0.41075402 5.30764818 1.84200251
v 0.39767587 5.30777121 1.84475613
v 0.39772052 5.31044102 1.95628715
v 0.41782415 5.30866289 1.90052414
v 0.41312867 5.27373886 1.95991111
v 0.41308185 5.27093697 1.84288049
v 0.40011555 5.26929569 1.84567630
v 0.40016019 5.27196598 1.95720744
v 0.42004684 5.27361059 1.90136266
v -0.86660206 5.22950935 1.96148229
v -0.86664885 5.22670746 1.84445179
v -0.85368037 5.22848082 1.84715557
v -0.85363573 5.23115063 1.95868647
v -0.87356699 5.22683620 1.90300035
v -0.86427420 5.19279814 1.96236038
v -0.86432105 5.18999624 1.84532976
v -0.85124075 5.19000530 1.84807563
v -0.85119611 5.19267511 1.95960689
v -0.87134433 5.19178343 1.90383863
v -0.76611191 5.20011234 1.97025609
v -0.76832598 5.23502970 1.96942067
v 0.31485912 5.26860666 1.96818328
v 0.31264511 5.30352402 1.96734822
v -0.84023082 5.19450092 1.96829820
v -0.22554719 5.23308897 1.96851027
v -0.82060885 5.19481373 1.96727264
v -0.84255415 5.23113966 1.96742201
v -0.34758130 5.26292992 1.96784484
v -0.82304657 5.23325825 1.96635318
v -0.86476791 5.21491909 1.96610463
v -0.85236609 5.23105001 1.96439576
v -0.87275255 5.22739697 1.96160221
v -0.84996647 5.19320679 1.96530104
v -0.87064248 5.19412041 1.96239769
v 0.38908556 5.27239513 1.96594107
v 0.36957717 5.27022791 1.96499062
v 0.38676232 5.30903339 1.96506488
v 0.36713940 5.30867290 1.96407127
v 0.41084051 5.29574585 1.96365881
v 0.39649552 5.31018257 1.96200120
v 0.41716915 5.30913067 1.95912886
v 0.39889514 5.27233934 1.96290624
v 0.41927922 5.27585459 1.95992470
v -0.76616526 5.19692230 1.83701479
v -0.76837933 5.23183966 1.83617949
v 0.31480572 5.26541662 1.83494210
v 0.31259173 5.30033398 1.83410704
v -0.84028256 5.19141293 1.83929813
v -0.22559997 5.22993469 1.83674753
v -0.82065958 5.19177341 1.84029174
v -0.84260577 5.22805119 1.83842194
v -0.34763405 5.25977564 1.83608198
v -0.82309741 5.23021841 1.83937240
v -0.86481810 5.21191311 1.84053171
v -0.85241538 5.22810698 1.84145665
v -0.87279940 5.22459173 1.84443831
v -0.85001570 5.19026375 1.84236169
v -0.87068933 5.19131565 1.84523404
v 0.38903391 5.26930666 1.83694112
v 0.36952639 5.26718807 1.83800960
v 0.38671064 5.30594540 1.83606482
v 0.36708859 5.30563259 1.83709025
v 0.41079029 5.29273987 1.83808589
v 0.39644626 5.30723953 1.83906209
v 0.41712227 5.30632591 1.84196508
v 0.39884588 5.26939631 1.83996713
v 0.41923231 5.27304935 1.84276080
v 0.34161344 5.26496792 1.84573996
v -0.79266047 5.19309664 1.84791481
v 0.34165812 5.26764107 1.95739794
v -0.79261577 5.19576979 1.95957267
v 0.38232669 5.26910400 1.90148556
v -0.83335692 5.19207430 1.90381646
v 0.33909559 5.30467653 1.84479034
v -0.79517829 5.23280525 1.84696507
v 0.33914027 5.30735016 1.95644808
v -0.79513365 5.23547840 1.95862293
v 0.37983668 5.30837250 1.90054631
v -0.83584684 5.23134232 1.90287733
v 0.43831611 4.91859722 1.64062405
v -0.72544044 4.84944868 1.64282942
v 0.43921337 4.90837717 1.79367518
v -0.72454315 4.83922815 1.79588056
v -0.14132032 4.85101080 1.78963554
v -0.14217548 4.86075115 1.64377689
v -0.02344628 4.89735413 1.79203939
v -0.02430146 4.90709448 1.64618051
v -0.75458831 4.85788202 1.72043288
v -0.75237322 4.82052279 1.71792507
v 0.46655312 4.93044043 1.71811867
v 0.46876824 4.89308119 1.71561098
v -0.14358297 4.88433456 1.64049435
v 0.40951073 4.89476538 1.63958645
v 0.40730673 4.93193817 1.64208174
v 0.46312648 4.93413830 1.64549434
v 0.46522695 4.89871216 1.64311647
v -0.69401973 4.82919502 1.64167762
v -0.69622380 4.86636782 1.64417279
v -0.75189799 4.86194324 1.64779699
v -0.74979752 4.82651711 1.64541888
v -0.14267100 4.87394714 1.79604077
v 0.41040361 4.88459539 1.79187095
v 0.40819955 4.92176819 1.79436636
v 0.46397740 4.92444611 1.79062486
v 0.46607789 4.88902044 1.78824687
v -0.69312686 4.81902552 1.79396212
v -0.69533086 4.85619831 1.79645741
v -0.75104707 4.85225105 1.79292750
v -0.74894661 4.81682539 1.79054952
v -0.14172895 4.85556126 1.71668482
v -0.72032106 4.81695938 1.78696525
v 0.43762457 4.88576269 1.78477097
v -0.72113198 4.82619572 1.64865470
v 0.43681362 4.89499903 1.64646041
v -0.02193315 4.90266037 1.71912766
v -0.72263378 4.85596418 1.78958344
v 0.43531188 4.92476749 1.78738916
v -0.72344470 4.86520100 1.65127289
v 0.43450099 4.93400431 1.64907861
v -0.76365227 4.84226990 1.71944356
v 0.47739822 4.91601133 1.71709168
v 0.40146723 4.91625357 1.63973272
v 0.42848572 4.89710712 1.63913870
v 0.42642134 4.93192482 1.64147615
v 0.45391259 4.93263292 1.64293170
v 0.45588002 4.89945078 1.64070415
v -0.68857688 4.85148478 1.64179838
v -0.71314007 4.82927370 1.64130211
v -0.71520442 4.86409140 1.64363933
v -0.74258035 4.86153889 1.64519906
v -0.74061298 4.82835674 1.64297163
v 0.40237570 4.90590620 1.79467690
v 0.42938429 4.88687181 1.79240453
v 0.42731991 4.92168999 1.79474187
v 0.45479283 4.92260647 1.79307222
v 0.45676029 4.88942432 1.79084492
v -0.68766838 4.84113741 1.79674256
v -0.71224147 4.81903839 1.79456782
v -0.71430582 4.85385656 1.79690504
v -0.74170011 4.85151243 1.79533970
v -0.73973268 4.81833029 1.79311228
v 0.37548649 4.88195515 1.79073274
v -0.65814728 4.82053804 1.79269159
v -0.14133301 4.85107660 1.78499997
v -0.68362802 4.81885338 1.78927445
v 0.40097433 4.88329887 1.78721917
v 0.37460724 4.89196920 1.64077091
v -0.65902650 4.83055258 1.64272952
v -0.14213401 4.86020041 1.64837980
v -0.68446690 4.82840824 1.64618957
v 0.40013546 4.89285374 1.64413416
v 0.37320641 4.92041063 1.79331434
v -0.66042727 4.85899401 1.79527307
v -0.02200110 4.89799309 1.78743351
v -0.68595564 4.85810995 1.79190969
v 0.39864680 4.92255497 1.78985441
v 0.37232715 4.93042564 1.64335227
v -0.66130662 4.86900854 1.64531100
v -0.02280211 4.90711737 1.65081322
v -0.68679452 4.86766481 1.64882469
v 0.39780793 4.93211031 1.64676952
v -0.75582194 4.86201525 1.65244150
v -0.75502497 4.85293674 1.78837991
v -0.74262875 4.85477209 1.78522122
v -0.74338835 4.86342287 1.65567136
v -0.76206988 4.85625029 1.72036779
v -0.75364894 4.82536650 1.64998138
v -0.75285196 4.81628799 1.78591967
v -0.74035144 4.81636190 1.78264284
v -0.74111098 4.82501316 1.65309274
v -0.75999510 4.82125759 1.71801877
v 0.46703187 4.93467522 1.65012419
v 0.46782881 4.92559719 1.78606248
v 0.45529085 4.92595053 1.78295112
v 0.45453128 4.93460178 1.65340114
v 0.47417498 4.92970610 1.71802509
v 0.46920484 4.89802647 1.64766407
v 0.47000179 4.88894844 1.78360224
v 0.45756820 4.88754034 1.78037262
v 0.45680860 4.89619160 1.65082264
v 0.47624975 4.89471292 1.71567619
v 0.37507471 4.89396429 1.63848758
v 0.37300801 4.92882156 1.64082754
v -0.65973556 4.83247709 1.64044857
v -0.66180223 4.86733532 1.64278853
v 0.44614547 4.89715958 1.64075851
v -0.14225116 4.86191225 1.64024270
v 0.42747605 4.89506674 1.64190602
v 0.44397679 4.93373537 1.64321375
v -0.02991506 4.90607834 1.64253354
v 0.42520052 4.93344593 1.64448237
v 0.46701685 4.92023134 1.64417624
v 0.45331708 4.93465757 1.64675653
v 0.47312522 4.93332195 1.64992058
v 0.45555699 4.89687872 1.64422059
v 0.47509488 4.90010214 1.64769042
v -0.73067546 4.82723475 1.64298868
v -0.71188545 4.82736731 1.64406526
v -0.73284411 4.86381054 1.64544404
v -0.71416098 4.86574697 1.64664149
v -0.75411910 4.84767342 1.64649034
v -0.74221444 4.86362123 1.64902198
v -0.76171291 4.85994959 1.65226054
v -0.73997450 4.82584238 1.64648592
v -0.75974321 4.82672977 1.65003049
v 0.37598217 4.88362837 1.79325545
v 0.37391543 4.91848660 1.79559517
v -0.65882814 4.82214165 1.79521632
v -0.66089487 4.85699940 1.79755640
v 0.44702399 4.88715315 1.79059994
v -0.14135383 4.85169172 1.79329324
v 0.42834082 4.88521671 1.78940237
v 0.44485530 4.92372894 1.79305530
v -0.02901773 4.89585781 1.79558396
v 0.42606533 4.92359591 1.79197872
v 0.46787205 4.91049051 1.79003704
v 0.45415431 4.92512083 1.78955781
v 0.47392312 4.92423344 1.78601336
v 0.45639426 4.88734245 1.78702188
v 0.47589281 4.89101410 1.78378344
v -0.72979695 4.81722784 1.79283011
v -0.71102065 4.81751776 1.79156148
v -0.73196560 4.85380411 1.79528534
v -0.71329612 4.85589695 1.79413784
v -0.75326395 4.83793259 1.79235077
v -0.74137712 4.85408449 1.79182339
v -0.76091498 4.85086107 1.78835332
v -0.73913723 4.81630611 1.78928721
v -0.75894535 4.81764174 1.78612328
v -0.68427318 4.81907129 1.78256893
v 0.40156379 4.88358974 1.78051138
v -0.68503350 4.82773256 1.65287149
v 0.40080342 4.89225101 1.65081394
v -0.72363299 4.82130671 1.71780884
v 0.44013715 4.89045620 1.71560335
v -0.68662357 4.85871267 1.78523004
v 0.39921343 4.92323112 1.78317237
v -0.68738389 4.86737347 1.65553248
v 0.39845306 4.93189192 1.65347481
v -0.72595727 4.86050749 1.72044051
v 0.43781286 4.92965698 1.71823502
v 0.43079579 5.30098248 1.98647332
v -0.86286640 5.23928452 1.99605775
v 0.41318265 5.67481184 2.01559353
v -0.88047951 5.61311340 2.02517843
v -0.23297876 5.63339520 2.04275537
v -0.21619330 5.27713346 2.01500344
v -0.09979869 5.64280367 2.00252700
v -0.08301322 5.28654194 1.97477484
v -0.90373778 5.42585850 1.99559152
v -0.90332264 5.42296505 2.03298616
v 0.45371512 5.49059963 1.98553407
v 0.45413020 5.48770618 2.02292871
v -0.21589430 5.26710367 1.99080026
v 0.39752182 5.29861689 2.00883245
v 0.39710885 5.30149603 1.97162437
v 0.45867670 5.31312084 1.97272027
v 0.45907030 5.31037664 2.00817966
v -0.82919151 5.24011183 2.01792121
v -0.82960451 5.24299097 1.98071325
v -0.89197630 5.24870443 1.98272729
v -0.89158267 5.24596071 2.01818657
v -0.23379460 5.64702797 2.02039528
v 0.37999693 5.67057371 2.03780699
v 0.37958395 5.67345285 2.00059891
v 0.44197506 5.66760397 2.00033379
v 0.44236872 5.66486025 2.03579307
v -0.84671640 5.61206865 2.04689574
v -0.84712946 5.61494780 2.00968790
v -0.90867794 5.60318804 2.01034069
v -0.90828431 5.60044384 2.04580021
v -0.22458249 5.45523977 2.02919936
v -0.87614691 5.59348917 2.04670763
v 0.41105586 5.65487957 2.03717065
v -0.86023015 5.25566435 2.02039146
v 0.42697266 5.31705427 2.01085496
v -0.08923108 5.46480131 1.98831499
v -0.87658030 5.59651041 2.00766540
v 0.41062251 5.65790081 1.99812865
v -0.86066347 5.25868511 1.98134995
v 0.42653930 5.32007551 1.97181296
v -0.91463661 5.42416763 2.01070833
v 0.46494767 5.48996401 2.00048685
v 0.38993683 5.29670000 1.98681426
v 0.41873911 5.29851961 2.00740385
v 0.41835225 5.30121660 1.97255290
v 0.44867751 5.30642414 1.97344303
v 0.44904613 5.30385399 2.00665617
v -0.82178479 5.23890972 1.99579167
v -0.85032201 5.23799467 2.01680636
v -0.85070890 5.24069118 1.98195493
v -0.88137543 5.24299002 1.98329723
v -0.88100684 5.24042034 2.01651049
v 0.37210578 5.67515278 2.01629472
v 0.40110126 5.67287350 2.03656530
v 0.40071440 5.67557001 2.00171399
v 0.43139923 5.67314434 2.00200963
v 0.43176785 5.67057467 2.03522301
v -0.83961582 5.61736298 2.02527261
v -0.86795986 5.61234856 2.04596758
v -0.86834669 5.61504507 2.01111650
v -0.89865375 5.60971069 2.01186395
v -0.89828509 5.60714054 2.04507732
v 0.34128827 5.66583490 2.03851628
v -0.80772609 5.61103535 2.04702926
v -0.23244448 5.62209368 2.04211926
v -0.83565503 5.60125494 2.04698539
v 0.37001729 5.65875673 2.03805256
v 0.35854587 5.29955149 2.00998354
v -0.79046857 5.24475193 2.01849627
v -0.21672221 5.28839731 2.01612520
v -0.81918877 5.25176811 2.01976109
v 0.38648355 5.30926943 2.01082850
v 0.34086099 5.66881323 2.00002384
v -0.80815339 5.61401367 2.00853682
v -0.09761720 5.63161898 2.00139308
v -0.83609110 5.60429525 2.00769186
v 0.36958122 5.66179705 1.99875903
v 0.35811859 5.30252934 1.97149122
v -0.79089582 5.24772978 1.98000407
v -0.08189491 5.29792213 1.97539890
v -0.81962490 5.25480795 1.98046768
v 0.38604748 5.31230974 1.97153485
v -0.89686364 5.25977039 1.98302174
v -0.91250741 5.59180117 2.00888634
v -0.89829087 5.58472872 2.00729442
v -0.88338232 5.26830149 1.98264539
v -0.91211915 5.42536640 1.99683797
v -0.89645642 5.25693226 2.01970553
v -0.91210020 5.58896255 2.04556990
v -0.89786416 5.58175373 2.04574084
v -0.88295555 5.26532650 2.02109194
v -0.91173053 5.42265654 2.03186393
v 0.46249264 5.32460213 1.97295034
v 0.44684887 5.65663242 1.99881458
v 0.43334791 5.64823818 1.99742830
v 0.44825649 5.33181095 1.97277927
v 0.46212286 5.49090815 1.98665631
v 0.46289986 5.32176352 2.00963402
v 0.44725606 5.65379429 2.03549862
v 0.43377465 5.64526320 2.03587508
v 0.44868326 5.32883596 2.01122594
v 0.46251157 5.48819828 2.02168250
v 0.35945633 5.29385233 2.00772095
v 0.35906902 5.29655218 1.97282982
v -0.79086590 5.23899031 2.01624322
v -0.79125321 5.24169016 1.98135257
v 0.43811369 5.30356693 2.00846481
v -0.21578974 5.26842165 2.01339769
v 0.41716835 5.30536795 2.00974417
v 0.43770736 5.30639982 1.97185361
v -0.08886666 5.27738857 1.97505903
v 0.41674194 5.30834055 1.97132850
v 0.46227238 5.31129837 1.98675168
v 0.44769526 5.31553936 1.97184455
v 0.46918160 5.32459831 1.97460234
v 0.44811493 5.31261396 2.00965905
v 0.46955070 5.32202530 2.00785375
v -0.87007123 5.24117613 2.01815677
v -0.84937572 5.24496317 2.01912832
v -0.87047750 5.24400902 1.98154593
v -0.84980220 5.24793530 1.98071241
v -0.89517432 5.24655819 1.99680901
v -0.88128889 5.25215673 1.98169088
v -0.90349662 5.25913143 1.98477256
v -0.88086927 5.24923134 2.01950526
v -0.90312755 5.25655842 2.01802373
v 0.34164566 5.67187500 2.03716779
v 0.34125835 5.67457438 2.00227690
v -0.80867660 5.61701250 2.04569054
v -0.80906385 5.61971235 2.01079941
v 0.42086989 5.66955566 2.03697443
v -0.23340282 5.64224958 2.04251766
v 0.40019453 5.66562939 2.03780794
v 0.42046356 5.67238903 2.00036335
v -0.10647976 5.65121603 2.00417924
v 0.39976808 5.66860199 1.99939215
v 0.44548669 5.66756439 2.01450396
v 0.43126160 5.66433334 1.99901485
v 0.45352000 5.65700626 2.00049639
v 0.43168128 5.66140795 2.03682947
v 0.45388907 5.65443373 2.03374767
v -0.88731503 5.60716534 2.04666662
v -0.86634958 5.60522413 2.04719162
v -0.88772130 5.60999775 2.01005578
v -0.86677599 5.60819674 2.00877595
v -0.91195995 5.60282421 2.02456117
v -0.89772254 5.60095072 2.00886130
v -0.91915822 5.59153986 2.01066661
v -0.89730293 5.59802532 2.04667568
v -0.91878915 5.58896685 2.04391789
v -0.83556885 5.58485746 2.04590940
v 0.37147599 5.64242458 2.03696656
v -0.82064325 5.26806974 2.02123260
v 0.38640159 5.32563734 2.01228976
v -0.87142473 5.42441463 2.03367186
v 0.42225266 5.48611403 2.02408695
v -0.83600920 5.58792734 2.00623083
v 0.37103561 5.64549494 1.99728775
v -0.82108361 5.27114010 1.98155391
v 0.38596123 5.32870722 1.97261095
v -0.87186033 5.42745113 1.99443316
v 0.42181709 5.48915005 1.98484874
v 0.40978625 5.67433357 2.04576969
v -0.93430221 5.61275339 2.04060078
v 0.40959737 5.66486692 2.20768356
v -0.93449116 5.60328674 2.20251489
v -0.26138079 5.61123896 2.19994783
v -0.26120073 5.62026072 2.04564285
v -0.12436396 5.65684891 2.20277452
v -0.12418391 5.66587067 2.04846931
v -0.96823817 5.62176943 2.12232232
v -0.96651602 5.58436346 2.12013745
v 0.44212744 5.68638563 2.12774587
v 0.44384962 5.64898014 2.12556076
v -0.26226693 5.64384842 2.04187870
v 0.37602150 5.65067148 2.04475379
v 0.37430802 5.68789005 2.04692793
v 0.43872917 5.68974447 2.05090833
v 0.44036222 5.65427446 2.04883671
v -0.89850855 5.59227800 2.03985262
v -0.90022200 5.62949657 2.04202652
v -0.96457165 5.62545109 2.04551220
v -0.96293867 5.58998156 2.04344010
v -0.26245898 5.63422775 2.20643234
v 0.37583351 5.64125252 2.20585656
v 0.37412000 5.67847109 2.20803046
v 0.43855006 5.68076801 2.20444298
v 0.44018304 5.64529848 2.20237112
v -0.89869660 5.58285952 2.20095539
v -0.90041012 5.62007809 2.20312953
v -0.96475077 5.61647511 2.19904661
v -0.96311772 5.58100510 2.19697475
v -0.26127604 5.61542988 2.12277651
v -0.93006927 5.58093452 2.19338942
v 0.40730795 5.64220667 2.19853234
v -0.92989856 5.58948898 2.04707003
v 0.40747866 5.65076160 2.05221272
v -0.12202533 5.66178322 2.12564945
v -0.93186730 5.61998796 2.19567060
v 0.40550998 5.68126011 2.20081329
v -0.93169653 5.62854242 2.04935074
v 0.40568066 5.68981504 2.05449367
v -0.97904277 5.60620308 2.12139988
v 0.45431691 5.67187309 2.12691164
v 0.36723018 5.67222404 2.04459190
v 0.39796713 5.65288830 2.04438806
v 0.39636207 5.68774939 2.04642463
v 0.42808250 5.68828535 2.04815149
v 0.42961201 5.65506268 2.04621077
v -0.89172375 5.61454439 2.03975105
v -0.92056149 5.59247971 2.03931785
v -0.92216653 5.62734032 2.04135418
v -0.95381534 5.62497330 2.04283762
v -0.95228577 5.59175014 2.04089689
v 0.36703897 5.66264057 2.20850849
v 0.39777797 5.64340878 2.20652914
v 0.39617291 5.67826986 2.20856524
v 0.42789721 5.67899895 2.20698643
v 0.42942676 5.64577579 2.20504570
v -0.89191502 5.60496092 2.20366740
v -0.92075062 5.58300018 2.20145869
v -0.92235571 5.61786079 2.20349526
v -0.95400059 5.61568689 2.20167255
v -0.95247108 5.58246422 2.19973183
v 0.33550078 5.63883257 2.20443535
v -0.85830170 5.58413792 2.19984484
v -0.26136389 5.61128187 2.19504690
v -0.88771230 5.58260155 2.19607043
v 0.36495674 5.63999319 2.20088768
v 0.33568585 5.64810801 2.04578948
v -0.85811663 5.59341288 2.04119897
v -0.26119524 5.61973190 2.05051517
v -0.88753563 5.59145117 2.04469991
v 0.36513335 5.64884281 2.04951668
v 0.33372808 5.67733622 2.20668411
v -0.86007446 5.62264109 2.20209360
v -0.12265243 5.65745640 2.19790840
v -0.88952190 5.62190628 2.19836664
v 0.36314714 5.67929792 2.20318365
v 0.33391312 5.68661118 2.04803848
v -0.85988933 5.63191700 2.04344797
v -0.12248380 5.66590643 2.05337691
v -0.88934529 5.63075638 2.04699564
v 0.36332372 5.68814802 2.05181265
v -0.96912676 5.62557220 2.05039263
v -0.96929461 5.61716413 2.19420290
v -0.95493221 5.61890316 2.19093060
v -0.95477223 5.62691593 2.05387878
v -0.97690558 5.62018490 2.12221956
v -0.96743739 5.58887815 2.04824948
v -0.96760517 5.58047009 2.19205928
v -0.95316154 5.58044577 2.18868423
v -0.95300168 5.58845806 2.05163240
v -0.97529244 5.58514881 2.12017298
v 0.44321656 5.69027901 2.05582380
v 0.44304875 5.68187141 2.19963384
v 0.42861307 5.68229103 2.19625092
v 0.42877305 5.69030380 2.05919886
v 0.45090389 5.68560028 2.12771010
v 0.44490603 5.65358543 2.05368066
v 0.44473821 5.64517689 2.19749045
v 0.43038365 5.64383316 2.19400454
v 0.43054360 5.65184641 2.05695271
v 0.45251697 5.65056419 2.12566376
v 0.33628529 5.65008879 2.04335523
v 0.33467847 5.68498993 2.04539394
v -0.85887599 5.59533215 2.03875947
v -0.86048281 5.63023281 2.04079795
v 0.41832989 5.65283346 2.04622650
v -0.26123872 5.62140465 2.04189253
v 0.39673793 5.65086699 2.04733086
v 0.41664383 5.68945503 2.04836535
v -0.13065921 5.66487217 2.04458618
v 0.39496884 5.68929386 2.04957557
v 0.44290942 5.67579842 2.04971051
v 0.42741668 5.69033432 2.05216599
v 0.45021638 5.68888474 2.05566835
v 0.42915812 5.65250874 2.04995656
v 0.45174766 5.65562344 2.05372572
v -0.94084746 5.59056234 2.04099941
v -0.91917539 5.59057808 2.04227042
v -0.94253355 5.62718344 2.04313874
v -0.92094445 5.62900496 2.04451513
v -0.96744990 5.61118174 2.04428697
v -0.95337051 5.62707281 2.04685616
v -0.97596830 5.62354326 2.05018425
v -0.95162904 5.58924770 2.04464698
v -0.97443700 5.59028244 2.04824138
v 0.33609423 5.64051676 2.20708537
v 0.33448744 5.67541742 2.20912409
v -0.85906702 5.58575964 2.20248938
v -0.86067384 5.62066031 2.20452833
v 0.41814500 5.64356565 2.20474482
v -0.26142767 5.61193848 2.20380569
v 0.39655593 5.64174414 2.20336819
v 0.41645890 5.68018675 2.20688367
v -0.13084815 5.65540600 2.20649934
v 0.39478680 5.68017149 2.20561290
v 0.44272935 5.66677666 2.20401740
v 0.42724049 5.68150187 2.20323658
v 0.45004842 5.68046713 2.19964170
v 0.42898190 5.64367676 2.20102692
v 0.45157969 5.64720631 2.19769907
v -0.94103241 5.58129454 2.19951797
v -0.91935736 5.58145523 2.19830799
v -0.94271845 5.61791611 2.20165682
v -0.92112654 5.61988258 2.20055246
v -0.96762997 5.60216045 2.19859385
v -0.95354670 5.61824083 2.19792676
v -0.97613621 5.61512566 2.19415760
v -0.95180523 5.58041525 2.19571733
v -0.97460496 5.58186483 2.19221497
v -0.88840806 5.58279037 2.18897510
v 0.36568680 5.64024734 2.19379759
v -0.88824797 5.59081221 2.05176735
v 0.36584687 5.64826918 2.05658984
v -0.93334287 5.58495951 2.12021112
v 0.41076139 5.64654016 2.12537956
v -0.89023542 5.62248039 2.19129348
v 0.36385942 5.67993689 2.19611597
v -0.89007539 5.63050222 2.05408573
v 0.36401951 5.68795919 2.05890822
v -0.93514991 5.62420893 2.12250352
v 0.40895432 5.68579006 2.12767220
v 0.40534630 5.69044924 2.19153786
v -0.92050111 5.61351776 2.20958161
v 0.38493583 6.04957819 2.22297120
v -0.94091159 5.97264671 2.24101520
v -0.27707925 6.00068235 2.25428891
v -0.25762799 5.65843010 2.22433233
v -0.14086968 6.01201820 2.21321988
v -0.12141839 5.66976643 2.18326354
v -0.96367919 5.79250431 2.21049333
v -0.96298325 5.78927374 2.24785614
v 0.42754579 5.87322903 2.19155979
v 0.42824170 5.86999846 2.22892237
v -0.25741532 5.64907598 2.20007563
v 0.37139803 5.68745422 2.21410298
v 0.37070554 5.69066858 2.17692685
v 0.43375635 5.70267153 2.17767072
v 0.43441629 5.69960833 2.21309996
v -0.88583481 5.61450434 2.23121309
v -0.88652730 5.61771870 2.19403672
v -0.95049971 5.62235117 2.19650936
v -0.94983971 5.61928797 2.23193884
v -0.27815849 6.01405954 2.23202157
v 0.35108984 6.04478359 2.24537921
v 0.35039732 6.04799843 2.20820284
v 0.41440225 6.04321480 2.20747733
v 0.41506216 6.04015112 2.24290657
v -0.90614301 5.97183371 2.26248932
v -0.90683550 5.97504854 2.22531271
v -0.96985376 5.96289444 2.22631598
v -0.96919382 5.95983076 2.26174521
v -0.26734766 5.82952881 2.23963022
v -0.93619138 5.95356131 2.26239252
v 0.38303587 6.03010845 2.24443841
v -0.91774672 5.62902117 2.23398638
v 0.40148050 5.70556879 2.21603251
v -0.12891737 5.84104919 2.19789171
v -0.93691796 5.95693398 2.22338367
v 0.38230923 6.03348160 2.20542955
v -0.91847336 5.63239431 2.19497752
v 0.40075386 5.70894146 2.17702365
v -0.97474045 5.79054689 2.22566986
v 0.43916658 5.87258816 2.20642757
v 0.36348695 5.68577337 2.19213247
v 0.39314216 5.68766403 2.21252942
v 0.39249358 5.69067478 2.17770815
v 0.42355511 5.69608402 2.17842174
v 0.42417321 5.69321489 2.21160698
v -0.87838119 5.61371469 2.20903349
v -0.90749204 5.61219549 2.23023033
v -0.90814060 5.61520672 2.19540882
v -0.93958831 5.61698866 2.19697332
v -0.93897027 5.61411905 2.23015857
v 0.34282407 6.04934359 2.22395468
v 0.37270314 6.04729605 2.24400735
v 0.37205455 6.05030727 2.20918560
v 0.40353277 6.04838324 2.20925760
v 0.40415087 6.04551411 2.24244261
v -0.89904416 5.97728491 2.24085569
v -0.92793107 5.97182798 2.26170778
v -0.92857963 5.97483873 2.22688627
v -0.95961070 5.96928740 2.22780895
v -0.95899254 5.96641827 2.26099420
v 0.31144065 6.03969288 2.24632406
v -0.86616027 5.97136354 2.26235056
v -0.27645871 5.98982239 2.25358248
v -0.89472800 5.96157646 2.26243949
v 0.34094039 6.03327513 2.24562311
v 0.33143914 5.68781328 2.21552491
v -0.84616172 5.61948395 2.23155165
v -0.25823948 5.66924810 2.22552347
v -0.87564659 5.62583256 2.23305297
v 0.36002180 5.69753122 2.21623659
v 0.31072426 6.04301882 2.20786452
v -0.86687660 5.97468901 2.22389078
v -0.13856447 6.00129795 2.21200562
v -0.89545923 5.96497107 2.22317934
v 0.34020910 6.03666973 2.20636272
v 0.33072278 5.69113922 2.17706537
v -0.84687811 5.62280941 2.19309187
v -0.12034522 5.68072462 2.18394661
v -0.87637788 5.62922716 2.19379282
v 0.35929048 5.70092630 2.17697620
v -0.95558399 5.63293028 2.19690251
v -0.97371221 5.95190334 2.22482109
v -0.95909905 5.94530916 2.22309136
v -0.94182271 5.64132547 2.19648433
v -0.97226071 5.79190254 2.21179366
v -0.95490128 5.62976074 2.23355484
v -0.97302949 5.94873428 2.26147389
v -0.95838356 5.94198751 2.26150513
v -0.94110721 5.63800383 2.23489833
v -0.97160882 5.78887653 2.24679017
v 0.43759200 5.71376801 2.17794228
v 0.41946378 6.03274155 2.20586109
v 0.40566969 6.02449894 2.20451784
v 0.42294610 5.72051525 2.17791080
v 0.43617132 5.87362576 2.19262600
v 0.43827477 5.71059895 2.21459460
v 0.42014650 6.02957201 2.24251318
v 0.40638521 6.02117729 2.24293160
v 0.42366162 5.71719360 2.21632457
v 0.43682325 5.87060022 2.22762203
v 0.33239630 5.68236971 2.21322322
v 0.33174688 5.68538380 2.17836213
v -0.84654504 5.61396217 2.22926784
v -0.84719443 5.61697626 2.19440651
v 0.41297880 5.69276905 2.21348715
v -0.25716558 5.65007257 2.22267294
v 0.39150077 5.69420433 2.21492004
v 0.41229746 5.69593191 2.17690802
v -0.12735540 5.66087580 2.18353343
v 0.39078581 5.69752312 2.17653728
v 0.43754941 5.70079660 2.19166231
v 0.42247522 5.70486212 2.17688441
v 0.44446099 5.71383476 2.17954826
v 0.42317894 5.70159483 2.21466660
v 0.44507980 5.71096182 2.21277094
v -0.92775261 5.61497402 2.23173404
v -0.90655369 5.61888552 2.23258591
v -0.92843395 5.61813688 2.19515419
v -0.90726864 5.62220430 2.19420314
v -0.95366949 5.62007189 2.21059608
v -0.93957293 5.62582970 2.19542098
v -0.96236843 5.63220406 2.19869423
v -0.93886918 5.62256289 2.23320341
v -0.96174955 5.62933111 2.23191714
v 0.31175697 6.04552603 2.24500918
v 0.31110755 6.04854012 2.21014786
v -0.86718434 5.97711849 2.26105380
v -0.86783379 5.98013306 2.22619271
v 0.39299649 6.04436588 2.24426174
v -0.27757594 6.00919962 2.25410628
v 0.37183115 6.04029846 2.24521279
v 0.39231509 6.04752874 2.20768213
v -0.14776571 6.02000284 2.21496677
v 0.37111625 6.04361725 2.20682979
v 0.41809788 6.04305267 2.22161913
v 0.40343171 6.03993940 2.20621276
v 0.42631209 6.03317118 2.20749879
v 0.40413544 6.03667259 2.24399495
v 0.42693090 6.03029871 2.24072146
v -0.94773489 5.96657038 2.26250815
v -0.92622334 5.96497965 2.26287889
v -0.94841635 5.96973324 2.22592878
v -0.92693824 5.96829844 2.22449565
v -0.97312099 5.96232843 2.24055266
v -0.95861644 5.96090794 2.22474933
v -0.98051733 5.95154047 2.22664499
v -0.95791268 5.95764017 2.26253152
v -0.97989845 5.94866800 2.25986791
v -0.89453501 5.94581223 2.26126719
v 0.34253994 6.01759243 2.24443126
v -0.87723893 5.64148188 2.23462963
v 0.35983598 5.71326256 2.21779394
v -0.93028504 5.79109001 2.24833250
v 0.39557785 5.86802244 2.23028874
v -0.89527345 5.94923973 2.22162175
v 0.34180146 6.02102089 2.20478606
v -0.87797743 5.64491034 2.19498491
v 0.35909751 5.71669054 2.17814898
v -0.93101531 5.79448032 2.20912743
v 0.39484754 5.87141275 2.19108319
f 1 47 44
f 1 44 43
f 1 43 45
f 1 45 46
f 1 46 47
f 2 49 52
f 6 72 70
f 12 102 99
f 11 96 95
f 8 79 81
f 4 62 59
f 4 59 58
f 4 58 60
f 4 60 61
f 4 61 62
f 5 66 65
f 3 54 57
f 7 73 77
f 9 85 86
f 10 92 88
f 12 101 98
f 6 69 68
f 2 50 48
f 8 82 78
f 11 97 93
f 6 71 69
f 12 100 101
f 11 94 97
f 8 80 82
f 2 51 50
f 10 90 89
f 5 63 64
f 3 55 53
f 7 76 74
f 9 87 84
f 10 91 90
f 5 67 63
f 3 56 55
f 7 75 76
f 9 83 87
f 6 68 72
f 2 48 49
f 8 78 79
f 11 93 96
f 12 98 102
f 10 88 91
f 5 65 67
f 3 57 56
f 7 77 75
f 9 86 83
f 5 64 66
f 3 53 54
f 7 74 73
f 9 84 85
f 10 89 92
f 6 70 71
f 12 99 100
f 11 95 94
f 8 81 80
f 2 52 51
f 35 109 116
f 18 105 108
f 19 111 106
f 40 114 112
f 42 117 115
f 34 125 119
f 33 152 156
f 25 137 139
f 36 158 160
f 20 123 120
f 32 143 149
f 23 127 132
f 24 135 128
f 37 147 145
f 41 150 148
f 34 153 155
f 33 140 133
f 25 138 134
f 36 159 157
f 20 122 124
f 17 107 47
f 14 103 44
f 13 104 43
f 15 110 45
f 16 113 46
f 18 118 49
f 35 154 72
f 42 141 102
f 40 162 96
f 19 121 79
f 30 142 62
f 27 129 59
f 22 130 58
f 28 144 60
f 29 146 61
f 32 151 66
f 23 131 54
f 24 136 73
f 37 161 85
f 41 126 92
f 35 116 101
f 18 108 69
f 19 106 50
f 40 112 82
f 42 115 97
f 34 119 71
f 33 156 100
f 25 139 94
f 36 160 80
f 20 120 51
f 32 149 90
f 23 132 63
f 24 128 55
f 37 145 76
f 41 148 87
f 34 155 91
f 33 133 67
f 25 134 56
f 36 157 75
f 20 124 83
f 14 109 68
f 13 105 48
f 15 111 78
f 16 114 93
f 17 117 98
f 21 125 88
f 31 152 65
f 26 137 57
f 38 158 77
f 39 123 86
f 27 143 64
f 22 127 53
f 28 135 74
f 29 147 84
f 30 150 89
f 31 153 70
f 26 140 99
f 38 138 95
f 39 159 81
f 21 122 52
f 14 107 109
f 13 103 105
f 15 104 111
f 16 110 114
f 17 113 117
f 21 118 125
f 31 154 152
f 26 141 137
f 38 162 158
f 39 121 123
f 27 142 143
f 22 129 127
f 28 130 135
f 29 144 147
f 30 146 150
f 31 151 153
f 26 131 140
f 38 136 138
f 39 161 159
f 21 126 122
f 14 44 107
f 13 43 103
f 15 45 104
f 16 46 110
f 17 47 113
f 21 52 118
f 31 70 154
f 26 99 141
f 38 95 162
f 39 81 121
f 27 59 142
f 22 58 129
f 28 60 130
f 29 61 144
f 30 62 146
f 31 65 151
f 26 57 131
f 38 77 136
f 39 86 161
f 21 88 126
f 17 98 116
f 14 68 108
f 13 48 106
f 15 78 112
f 16 93 115
f 18 69 119
f 35 101 156
f 42 97 139
f 40 82 160
f 19 50 120
f 30 89 149
f 27 64 132
f 22 53 128
f 28 74 145
f 29 84 148
f 32 90 155
f 23 63 133
f 24 55 134
f 37 76 157
f 41 87 124
f 35 72 109
f 18 49 105
f 19 79 111
f 40 96 114
f 42 102 117
f 34 91 125
f 33 67 152
f 25 56 137
f 36 75 158
f 20 83 123
f 32 66 143
f 23 54 127
f 24 73 135
f 37 85 147
f 41 92 150
f 34 71 153
f 33 100 140
f 25 94 138
f 36 80 159
f 20 51 122
f 17 116 107
f 14 108 103
f 13 106 104
f 15 112 110
f 16 115 113
f 18 119 118
f 35 156 154
f 42 139 141
f 40 160 162
f 19 120 121
f 30 149 142
f 27 132 129
f 22 128 130
f 28 145 144
f 29 148 146
f 32 155 151
f 23 133 131
f 24 134 136
f 37 157 161
f 41 124 126
f 107 44 47
f 103 43 44
f 104 45 43
f 110 46 45
f 113 47 46
f 118 52 49
f 154 70 72
f 141 99 102
f 162 95 96
f 121 81 79
f 142 59 62
f 129 58 59
f 130 60 58
f 144 61 60
f 146 62 61
f 151 65 66
f 131 57 54
f 136 77 73
f 161 86 85
f 126 88 92
f 116 98 101
f 108 68 69
f 106 48 50
f 112 78 82
f 115 93 97
f 119 69 71
f 156 101 100
f 139 97 94
f 160 82 80
f 120 50 51
f 149 89 90
f 132 64 63
f 128 53 55
f 145 74 76
f 148 84 87
f 155 90 91
f 133 63 67
f 134 55 56
f 157 76 75
f 124 87 83
f 109 72 68
f 105 49 48
f 111 79 78
f 114 96 93
f 117 102 98
f 125 91 88
f 152 67 65
f 137 56 57
f 158 75 77
f 123 83 86
f 143 66 64
f 127 54 53
f 135 73 74
f 147 85 84
f 150 92 89
f 153 71 70
f 140 100 99
f 138 94 95
f 159 80 81
f 122 51 52
f 107 116 109
f 103 108 105
f 104 106 111
f 110 112 114
f 113 115 117
f 118 119 125
f 154 156 152
f 141 139 137
f 162 160 158
f 121 120 123
f 142 149 143
f 129 132 127
f 130 128 135
f 144 145 147
f 146 148 150
f 151 155 153
f 131 133 140
f 136 134 138
f 161 157 159
f 126 124 122
f 163 209 206
f 163 206 205
f 163 205 207
f 163 207 208
f 163 208 209
f 164 211 214
f 168 234 232
f 174 264 261
f 173 258 257
f 170 241 243
f 166 224 221
f 166 221 220
f 166 220 222
f 166 222 223
f 166 223 224
f 167 228 227
f 165 216 219
f 169 235 239
f 171 247 248
f 172 254 250
f 174 263 260
f 168 231 230
f 164 212 210
f 170 244 240
f 173 259 255
f 168 233 231
f 174 262 263
f 173 256 259
f 170 242 244
f 164 213 212
f 172 252 251
f 167 225 226
f 165 217 215
f 169 238 236
f 171 249 246
f 172 253 252
f 167 229 225
f 165 218 217
f 169 237 238
f 171 245 249
f 168 230 234
f 164 210 211
f 170 240 241
f 173 255 258
f 174 260 264
f 172 250 253
f 167 227 229
f 165 219 218
f 169 239 237
f 171 248 245
f 167 226 228
f 165 215 216
f 169 236 235
f 171 246 247
f 172 251 254
f 168 232 233
f 174 261 262
f 173 257 256
f 170 243 242
f 164 214 213
f 197 271 278
f 180 267 270
f 181 273 268
f 202 276 274
f 204 279 277
f 196 287 281
f 195 314 318
f 187 299 301
f 198 320 322
f 182 285 282
f 194 305 311
f 185 289 294
f 186 297 290
f 199 309 307
f 203 312 310
f 196 315 317
f 195 302 295
f 187 300 296
f 198 321 319
f 182 284 286
f 179 269 209
f 176 265 206
f 175 266 205
f 177 272 207
f 178 275 208
f 180 280 211
f 197 316 234
f 204 303 264
f 202 324 258
f 181 283 241
f 192 304 224
f 189 291 221
f 184 292 220
f 190 306 222
f 191 308 223
f 194 313 228
f 185 293 216
f 186 298 235
f 199 323 247
f 203 288 254
f 197 278 263
f 180 270 231
f 181 268 212
f 202 274 244
f 204 277 259
f 196 281 233
f 195 318 262
f 187 301 256
f 198 322 242
f 182 282 213
f 194 311 252
f 185 294 225
f 186 290 217
f 199 307 238
f 203 310 249
f 196 317 253
f 195 295 229
f 187 296 218
f 198 319 237
f 182 286 245
f 176 271 230
f 175 267 210
f 177 273 240
f 178 276 255
f 179 279 260
f 183 287 250
f 193 314 227
f 188 299 219
f 200 320 239
f 201 285 248
f 189 305 226
f 184 289 215
f 190 297 236
f 191 309 246
f 192 312 251
f 193 315 232
f 188 302 261
f 200 300 257
f 201 321 243
f 183 284 214
f 176 269 271
f 175 265 267
f 177 266 273
f 178 272 276
f 179 275 279
f 183 280 287
f 193 316 314
f 188 303 299
f 200 324 320
f 201 283 285
f 189 304 305
f 184 291 289
f 190 292 297
f 191 306 309
f 192 308 312
f 193 313 315
f 188 293 302
f 200 298 300
f 201 323 321
f 183 288 284
f 176 206 269
f 175 205 265
f 177 207 266
f 178 208 272
f 179 209 275
f 183 214 280
f 193 232 316
f 188 261 303
f 200 257 324
f 201 243 283
f 189 221 304
f 184 220 291
f 190 222 292
f 191 223 306
f 192 224 308
f 193 227 313
f 188 219 293
f 200 239 298
f 201 248 323
f 183 250 288
f 179 260 278
f 176 230 270
f 175 210 268
f 177 240 274
f 178 255 277
f 180 231 281
f 197 263 318
f 204 259 301
f 202 244 322
f 181 212 282
f 192 251 311
f 189 226 294
f 184 215 290
f 190 236 307
f 191 246 310
f 194 252 317
f 185 225 295
f 186 217 296
f 199 238 319
f 203 249 286
f 197 234 271
f 180 211 267
f 181 241 273
f 202 258 276
f 204 264 279
f 196 253 287
f 195 229 314
f 187 218 299
f 198 237 320
f 182 245 285
f 194 228 305
f 185 216 289
f 186 235 297
f 199 247 309
f 203 254 312
f 196 233 315
f 195 262 302
f 187 256 300
f 198 242 321
f 182 213 284
f 179 278 269
f 176 270 265
f 175 268 266
f 177 274 272
f 178 277 275
f 180 281 280
f 197 318 316
f 204 301 303
f 202 322 324
f 181 282 283
f 192 311 304
f 189 294 291
f 184 290 292
f 190 307 306
f 191 310 308
f 194 317 313
f 185 295 293
f 186 296 298
f 199 319 323
f 203 286 288
f 269 206 209
f 265 205 206
f 266 207 205
f 272 208 207
f 275 209 208
f 280 214 211
f 316 232 234
f 303 261 264
f 324 257 258
f 283 243 241
f 304 221 224
f 291 220 221
f 292 222 220
f 306 223 222
f 308 224 223
f 313 227 228
f 293 219 216
f 298 239 235
f 323 248 247
f 288 250 254
f 278 260 263
f 270 230 231
f 268 210 212
f 274 240 244
f 277 255 259
f 281 231 233
f 318 263 262
f 301 259 256
f 322 244 242
f 282 212 213
f 311 251 252
f 294 226 225
f 290 215 217
f 307 236 238
f 310 246 249
f 317 252 253
f 295 225 229
f 296 217 218
f 319 238 237
f 286 249 245
f 271 234 230
f 267 211 210
f 273 241 240
f 276 258 255
f 279 264 260
f 287 253 250
f 314 229 227
f 299 218 219
f 320 237 239
f 285 245 248
f 305 228 226
f 289 216 215
f 297 235 236
f 309 247 246
f 312 254 251
f 315 233 232
f 302 262 261
f 300 256 257
f 321 242 243
f 284 213 214
f 269 278 271
f 265 270 267
f 266 268 273
f 272 274 276
f 275 277 279
f 280 281 287
f 316 318 314
f 303 301 299
f 324 322 320
f 283 282 285
f 304 311 305
f 291 294 289
f 292 290 297
f 306 307 309
f 308 310 312
f 313 317 315
f 293 295 302
f 298 296 300
f 323 319 321
f 288 286 284
f 325 371 368
f 325 368 367
f 325 367 369
f 325 369 370
f 325 370 371
f 326 373 376
f 330 396 394
f 336 426 423
f 335 420 419
f 332 403 405
f 328 386 383
f 328 383 382
f 328 382 384
f 328 384 385
f 328 385 386
f 329 390 389
f 327 378 381
f 331 397 401
f 333 409 410
f 334 416 412
f 336 425 422
f 330 393 392
f 326 374 372
f 332 406 402
f 335 421 417
f 330 395 393
f 336 424 425
f 335 418 421
f 332 404 406
f 326 375 374
f 334 414 413
f 329 387 388
f 327 379 377
f 331 400 398
f 333 411 408
f 334 415 414
f 329 391 387
f 327 380 379
f 331 399 400
f 333 407 411
f 330 392 396
f 326 372 373
f 332 402 403
f 335 417 420
f 336 422 426
f 334 412 415
f 329 389 391
f 327 381 380
f 331 401 399
f 333 410 407
f 329 388 390
f 327 377 378
f 331 398 397
f 333 408 409
f 334 413 416
f 330 394 395
f 336 423 424
f 335 419 418
f 332 405 404
f 326 376 375
f 359 433 440
f 342 429 432
f 343 435 430
f 364 438 436
f 366 441 439
f 358 449 443
f 357 476 480
f 349 461 463
f 360 482 484
f 344 447 444
f 356 467 473
f 347 451 456
f 348 459 452
f 361 471 469
f 365 474 472
f 358 477 479
f 357 464 457
f 349 462 458
f 360 483 481
f 344 446 448
f 341 431 371
f 338 427 368
f 337 428 367
f 339 434 369
f 340 437 370
f 342 442 373
f 359 478 396
f 366 465 426
f 364 486 420
f 343 445 403
f 354 466 386
f 351 453 383
f 346 454 382
f 352 468 384
f 353 470 385
f 356 475 390
f 347 455 378
f 348 460 397
f 361 485 409
f 365 450 416
f 359 440 425
f 342 432 393
f 343 430 374
f 364 436 406
f 366 439 421
f 358 443 395
f 357 480 424
f 349 463 418
f 360 484 404
f 344 444 375
f 356 473 414
f 347 456 387
f 348 452 379
f 361 469 400
f 365 472 411
f 358 479 415
f 357 457 391
f 349 458 380
f 360 481 399
f 344 448 407
f 338 433 392
f 337 429 372
f 339 435 402
f 340 438 417
f 341 441 422
f 345 449 412
f 355 476 389
f 350 461 381
f 362 482 401
f 363 447 410
f 351 467 388
f 346 451 377
f 352 459 398
f 353 471 408
f 354 474 413
f 355 477 394
f 350 464 423
f 362 462 419
f 363 483 405
f 345 446 376
f 338 431 433
f 337 427 429
f 339 428 435
f 340 434 438
f 341 437 441
f 345 442 449
f 355 478 476
f 350 465 461
f 362 486 482
f 363 445 447
f 351 466 467
f 346 453 451
f 352 454 459
f 353 468 471
f 354 470 474
f 355 475 477
f 350 455 464
f 362 460 462
f 363 485 483
f 345 450 446
f 338 368 431
f 337 367 427
f 339 369 428
f 340 370 434
f 341 371 437
f 345 376 442
f 355 394 478
f 350 423 465
f 362 419 486
f 363 405 445
f 351 383 466
f 346 382 453
f 352 384 454
f 353 385 468
f 354 386 470
f 355 389 475
f 350 381 455
f 362 401 460
f 363 410 485
f 345 412 450
f 341 422 440
f 338 392 432
f 337 372 430
f 339 402 436
f 340 417 439
f 342 393 443
f 359 425 480
f 366 421 463
f 364 406 484
f 343 374 444
f 354 413 473
f 351 388 456
f 346 377 452
f 352 398 469
f 353 408 472
f 356 414 479
f 347 387 457
f 348 379 458
f 361 400 481
f 365 411 448
f 359 396 433
f 342 373 429
f 343 403 435
f 364 420 438
f 366 426 441
f 358 415 449
f 357 391 476
f 349 380 461
f 360 399 482
f 344 407 447
f 356 390 467
f 347 378 451
f 348 397 459
f 361 409 471
f 365 416 474
f 358 395 477
f 357 424 464
f 349 418 462
f 360 404 483
f 344 375 446
f 341 440 431
f 338 432 427
f 337 430 428
f 339 436 434
f 340 439 437
f 342 443 442
f 359 480 478
f 366 463 465
f 364 484 486
f 343 444 445
f 354 473 466
f 351 456 453
f 346 452 454
f 352 469 468
f 353 472 470
f 356 479 475
f 347 457 455
f 348 458 460
f 361 481 485
f 365 448 450
f 431 368 371
f 427 367 368
f 428 369 367
f 434 370 369
f 437 371 370
f 442 376 373
f 478 394 396
f 465 423 426
f 486 419 420
f 445 405 403
f 466 383 386
f 453 382 383
f 454 384 382
f 468 385 384
f 470 386 385
f 475 389 390
f 455 381 378
f 460 401 397
f 485 410 409
f 450 412 416
f 440 422 425
f 432 392 393
f 430 372 374
f 436 402 406
f 439 417 421
f 443 393 395
f 480 425 424
f 463 421 418
f 484 406 404
f 444 374 375
f 473 413 414
f 456 388 387
f 452 377 379
f 469 398 400
f 472 408 411
f 479 414 415
f 457 387 391
f 458 379 380
f 481 400 399
f 448 411 407
f 433 396 392
f 429 373 372
f 435 403 402
f 438 420 417
f 441 426 422
f 449 415 412
f 476 391 389
f 461 380 381
f 482 399 401
f 447 407 410
f 467 390 388
f 451 378 377
f 459 397 398
f 471 409 408
f 474 416 413
f 477 395 394
f 464 424 423
f 462 418 419
f 483 404 405
f 446 375 376
f 431 440 433
f 427 432 429
f 428 430 435
f 434 436 438
f 437 439 441
f 442 443 449
f 478 480 476
f 465 463 461
f 486 484 482
f 445 444 447
f 466 473 467
f 453 456 451
f 454 452 459
f 468 469 471
f 470 472 474
f 475 479 477
f 455 457 464
f 460 458 462
f 485 481 483
f 450 448 446
f 487 533 530
f 487 530 529
f 487 529 531
f 487 531 532
f 487 532 533
f 488 535 538
f 492 558 556
f 498 588 585
f 497 582 581
f 494 565 567
f 490 548 545
f 490 545 544
f 490 544 546
f 490 546 547
f 490 547 548
f 491 552 551
f 489 540 543
f 493 559 563
f 495 571 572
f 496 578 574
f 498 587 584
f 492 555 554
f 488 536 534
f 494 568 564
f 497 583 579
f 492 557 555
f 498 586 587
f 497 580 583
f 494 566 568
f 488 537 536
f 496 576 575
f 491 549 550
f 489 541 539
f 493 562 560
f 495 573 570
f 496 577 576
f 491 553 549
f 489 542 541
f 493 561 562
f 495 569 573
f 492 554 558
f 488 534 535
f 494 564 565
f 497 579 582
f 498 584 588
f 496 574 577
f 491 551 553
f 489 543 542
f 493 563 561
f 495 572 569
f 491 550 552
f 489 539 540
f 493 560 559
f 495 570 571
f 496 575 578
f 492 556 557
f 498 585 586
f 497 581 580
f 494 567 566
f 488 538 537
f 521 595 602
f 504 591 594
f 505 597 592
f 526 600 598
f 528 603 601
f 520 611 605
f 519 638 642
f 511 623 625
f 522 644 646
f 506 609 606
f 518 629 635
f 509 613 618
f 510 621 614
f 523 633 631
f 527 636 634
f 520 639 641
f 519 626 619
f 511 624 620
f 522 645 643
f 506 608 610
f 503 593 533
f 500 589 530
f 499 590 529
f 501 596 531
f 502 599 532
f 504 604 535
f 521 640 558
f 528 627 588
f 526 648 582
f 505 607 565
f 516 628 548
f 513 615 545
f 508 616 544
f 514 630 546
f 515 632 547
f 518 637 552
f 509 617 540
f 510 622 559
f 523 647 571
f 527 612 578
f 521 602 587
f 504 594 555
f 505 592 536
f 526 598 568
f 528 601 583
f 520 605 557
f 519 642 586
f 511 625 580
f 522 646 566
f 506 606 537
f 518 635 576
f 509 618 549
f 510 614 541
f 523 631 562
f 527 634 573
f 520 641 577
f 519 619 553
f 511 620 542
f 522 643 561
f 506 610 569
f 500 595 554
f 499 591 534
f 501 597 564
f 502 600 579
f 503 603 584
f 507 611 574
f 517 638 551
f 512 623 543
f 524 644 563
f 525 609 572
f 513 629 550
f 508 613 539
f 514 621 560
f 515 633 570
f 516 636 575
f 517 639 556
f 512 626 585
f 524 624 581
f 525 645 567
f 507 608 538
f 500 593 595
f 499 589 591
f 501 590 597
f 502 596 600
f 503 599 603
f 507 604 611
f 517 640 638
f 512 627 623
f 524 648 644
f 525 607 609
f 513 628 629
f 508 615 613
f 514 616 621
f 515 630 633
f 516 632 636
f 517 637 639
f 512 617 626
f 524 622 624
f 525 647 645
f 507 612 608
f 500 530 593
f 499 529 589
f 501 531 590
f 502 532 596
f 503 533 599
f 507 538 604
f 517 556 640
f 512 585 627
f 524 581 648
f 525 567 607
f 513 545 628
f 508 544 615
f 514 546 616
f 515 547 630
f 516 548 632
f 517 551 637
f 512 543 617
f 524 563 622
f 525 572 647
f 507 574 612
f 503 584 602
f 500 554 594
f 499 534 592
f 501 564 598
f 502 579 601
f 504 555 605
f 521 587 642
f 528 583 625
f 526 568 646
f 505 536 606
f 516 575 635
f 513 550 618
f 508 539 614
f 514 560 631
f 515 570 634
f 518 576 641
f 509 549 619
f 510 541 620
f 523 562 643
f 527 573 610
f 521 558 595
f 504 535 591
f 505 565 597
f 526 582 600
f 528 588 603
f 520 577 611
f 519 553 638
f 511 542 623
f 522 561 644
f 506 569 609
f 518 552 629
f 509 540 613
f 510 559 621
f 523 571 633
f 527 578 636
f 520 557 639
f 519 586 626
f 511 580 624
f 522 566 645
f 506 537 608
f 503 602 593
f 500 594 589
f 499 592 590
f 501 598 596
f 502 601 599
f 504 605 604
f 521 642 640
f 528 625 627
f 526 646 648
f 505 606 607
f 516 635 628
f 513 618 615
f 508 614 616
f 514 631 630
f 515 634 632
f 518 641 637
f 509 619 617
f 510 620 622
f 523 643 647
f 527 610 612
f 593 530 533
f 589 529 530
f 590 531 529
f 596 532 531
f 599 533 532
f 604 538 535
f 640 556 558
f 627 585 588
f 648 581 582
f 607 567 565
f 628 545 548
f 615 544 545
f 616 546 544
f 630 547 546
f 632 548 547
f 637 551 552
f 617 543 540
f 622 563 559
f 647 572 571
f 612 574 578
f 602 584 587
f 594 554 555
f 592 534 536
f 598 564 568
f 601 579 583
f 605 555 557
f 642 587 586
f 625 583 580
f 646 568 566
f 606 536 537
f 635 575 576
f 618 550 549
f 614 539 541
f 631 560 562
f 634 570 573
f 641 576 577
f 619 549 553
f 620 541 542
f 643 562 561
f 610 573 569
f 595 558 554
f 591 535 534
f 597 565 564
f 600 582 579
f 603 588 584
f 611 577 574
f 638 553 551
f 623 542 543
f 644 561 563
f 609 569 572
f 629 552 550
f 613 540 539
f 621 559 560
f 633 571 570
f 636 578 575
f 639 557 556
f 626 586 585
f 624 580 581
f 645 566 567
f 608 537 538
f 593 602 595
f 589 594 591
f 590 592 597
f 596 598 600
f 599 601 603
f 604 605 611
f 640 642 638
f 627 625 623
f 648 646 644
f 607 606 609
f 628 635 629
f 615 618 613
f 616 614 621
f 630 631 633
f 632 634 636
f 637 641 639
f 617 619 626
f 622 620 624
f 647 643 645
f 612 610 608
f 649 695 692
f 649 692 691
f 649 691 693
f 649 693 694
f 649 694 695
f 650 697 700
f 654 720 718
f 660 750 747
f 659 744 743
f 656 727 729
f 652 710 707
f 652 707 706
f 652 706 708
f 652 708 709
f 652 709 710
f 653 714 713
f 651 702 705
f 655 721 725
f 657 733 734
f 658 740 736
f 660 749 746
f 654 717 716
f 650 698 696
f 656 730 726
f 659 745 741
f 654 719 717
f 660 748 749
f 659 742 745
f 656 728 730
f 650 699 698
f 658 738 737
f 653 711 712
f 651 703 701
f 655 724 722
f 657 735 732
f 658 739 738
f 653 715 711
f 651 704 703
f 655 723 724
f 657 731 735
f 654 716 720
f 650 696 697
f 656 726 727
f 659 741 744
f 660 746 750
f 658 736 739
f 653 713 715
f 651 705 704
f 655 725 723
f 657 734 731
f 653 712 714
f 651 701 702
f 655 722 721
f 657 732 733
f 658 737 740
f 654 718 719
f 660 747 748
f 659 743 742
f 656 729 728
f 650 700 699
f 683 757 764
f 666 753 756
f 667 759 754
f 688 762 760
f 690 765 763
f 682 773 767
f 681 800 804
f 673 785 787
f 684 806 808
f 668 771 768
f 680 791 797
f 671 775 780
f 672 783 776
f 685 795 793
f 689 798 796
f 682 801 803
f 681 788 781
f 673 786 782
f 684 807 805
f 668 770 772
f 665 755 695
f 662 751 692
f 661 752 691
f 663 758 693
f 664 761 694
f 666 766 697
f 683 802 720
f 690 789 750
f 688 810 744
f 667 769 727
f 678 790 710
f 675 777 707
f 670 778 706
f 676 792 708
f 677 794 709
f 680 799 714
f 671 779 702
f 672 784 721
f 685 809 733
f 689 774 740
f 683 764 749
f 666 756 717
f 667 754 698
f 688 760 730
f 690 763 745
f 682 767 719
f 681 804 748
f 673 787 742
f 684 808 728
f 668 768 699
f 680 797 738
f 671 780 711
f 672 776 703
f 685 793 724
f 689 796 735
f 682 803 739
f 681 781 715
f 673 782 704
f 684 805 723
f 668 772 731
f 662 757 716
f 661 753 696
f 663 759 726
f 664 762 741
f 665 765 746
f 669 773 736
f 679 800 713
f 674 785 705
f 686 806 725
f 687 771 734
f 675 791 712
f 670 775 701
f 676 783 722
f 677 795 732
f 678 798 737
f 679 801 718
f 674 788 747
f 686 786 743
f 687 807 729
f 669 770 700
f 662 755 757
f 661 751 753
f 663 752 759
f 664 758 762
f 665 761 765
f 669 766 773
f 679 802 800
f 674 789 785
f 686 810 806
f 687 769 771
f 675 790 791
f 670 777 775
f 676 778 783
f 677 792 795
f 678 794 798
f 679 799 801
f 674 779 788
f 686 784 786
f 687 809 807
f 669 774 770
f 662 692 755
f 661 691 751
f 663 693 752
f 664 694 758
f 665 695 761
f 669 700 766
f 679 718 802
f 674 747 789
f 686 743 810
f 687 729 769
f 675 707 790
f 670 706 777
f 676 708 778
f 677 709 792
f 678 710 794
f 679 713 799
f 674 705 779
f 686 725 784
f 687 734 809
f 669 736 774
f 665 746 764
f 662 716 756
f 661 696 754
f 663 726 760
f 664 741 763
f 666 717 767
f 683 749 804
f 690 745 787
f 688 730 808
f 667 698 768
f 678 737 797
f 675 712 780
f 670 701 776
f 676 722 793
f 677 732 796
f 680 738 803
f 671 711 781
f 672 703 782
f 685 724 805
f 689 735 772
f 683 720 757
f 666 697 753
f 667 727 759
f 688 744 762
f 690 750 765
f 682 739 773
f 681 715 800
f 673 704 785
f 684 723 806
f 668 731 771
f 680 714 791
f 671 702 775
f 672 721 783
f 685 733 795
f 689 740 798
f 682 719 801
f 681 748 788
f 673 742 786
f 684 728 807
f 668 699 770
f 665 764 755
f 662 756 751
f 661 754 752
f 663 760 758
f 664 763 761
f 666 767 766
f 683 804 802
f 690 787 789
f 688 808 810
f 667 768 769
f 678 797 790
f 675 780 777
f 670 776 778
f 676 793 792
f 677 796 794
f 680 803 799
f 671 781 779
f 672 782 784
f 685 805 809
f 689 772 774
f 755 692 695
f 751 691 692
f 752 693 691
f 758 694 693
f 761 695 694
f 766 700 697
f 802 718 720
f 789 747 750
f 810 743 744
f 769 729 727
f 790 707 710
f 777 706 707
f 778 708 706
f 792 709 708
f 794 710 709
f 799 713 714
f 779 705 702
f 784 725 721
f 809 734 733
f 774 736 740
f 764 746 749
f 756 716 717
f 754 696 698
f 760 726 730
f 763 741 745
f 767 717 719
f 804 749 748
f 787 745 742
f 808 730 728
f 768 698 699
f 797 737 738
f 780 712 711
f 776 701 703
f 793 722 724
f 796 732 735
f 803 738 739
f 781 711 715
f 782 703 704
f 805 724 723
f 772 735 731
f 757 720 716
f 753 697 696
f 759 727 726
f 762 744 741
f 765 750 746
f 773 739 736
f 800 715 713
f 785 704 705
f 806 723 725
f 771 731 734
f 791 714 712
f 775 702 701
f 783 721 722
f 795 733 732
f 798 740 737
f 801 719 718
f 788 748 747
f 786 742 743
f 807 728 729
f 770 699 700
f 755 764 757
f 751 756 753
f 752 754 759
f 758 760 762
f 761 763 765
f 766 767 773
f 802 804 800
f 789 787 785
f 810 808 806
f 769 768 771
f 790 797 791
f 777 780 775
f 778 776 783
f 792 793 795
f 794 796 798
f 799 803 801
f 779 781 788
f 784 782 786
f 809 805 807
f 774 772 770
f 811 857 854
f 811 854 853
f 811 853 855
f 811 855 856
f 811 856 857
f 812 859 862
f 816 882 880
f 822 912 909
f 821 906 905
f 818 889 891
f 814 872 869
f 814 869 868
f 814 868 870
f 814 870 871
f 814 871 872
f 815 876 875
f 813 864 867
f 817 883 887
f 819 895 896
f 820 902 898
f 822 911 908
f 816 879 878
f 812 860 858
f 818 892 888
f 821 907 903
f 816 881 879
f 822 910 911
f 821 904 907
f 818 890 892
f 812 861 860
f 820 900 899
f 815 873 874
f 813 865 863
f 817 886 884
f 819 897 894
f 820 901 900
f 815 877 873
f 813 866 865
f 817 885 886
f 819 893 897
f 816 878 882
f 812 858 859
f 818 888 889
f 821 903 906
f 822 908 912
f 820 898 901
f 815 875 877
f 813 867 866
f 817 887 885
f 819 896 893
f 815 874 876
f 813 863 864
f 817 884 883
f 819 894 895
f 820 899 902
f 816 880 881
f 822 909 910
f 821 905 904
f 818 891 890
f 812 862 861
f 845 919 926
f 828 915 918
f 829 921 916
f 850 924 922
f 852 927 925
f 844 935 929
f 843 962 966
f 835 947 949
f 846 968 970
f 830 933 930
f 842 953 959
f 833 937 942
f 834 945 938
f 847 957 955
f 851 960 958
f 844 963 965
f 843 950 943
f 835 948 944
f 846 969 967
f 830 932 934
f 827 917 857
f 824 913 854
f 823 914 853
f 825 920 855
f 826 923 856
f 828 928 859
f 845 964 882
f 852 951 912
f 850 972 906
f 829 931 889
f 840 952 872
f 837 939 869
f 832 940 868
f 838 954 870
f 839 956 871
f 842 961 876
f 833 941 864
f 834 946 883
f 847 971 895
f 851 936 902
f 845 926 911
f 828 918 879
f 829 916 860
f 850 922 892
f 852 925 907
f 844 929 881
f 843 966 910
f 835 949 904
f 846 970 890
f 830 930 861
f 842 959 900
f 833 942 873
f 834 938 865
f 847 955 886
f 851 958 897
f 844 965 901
f 843 943 877
f 835 944 866
f 846 967 885
f 830 934 893
f 824 919 878
f 823 915 858
f 825 921 888
f 826 924 903
f 827 927 908
f 831 935 898
f 841 962 875
f 836 947 867
f 848 968 887
f 849 933 896
f 837 953 874
f 832 937 863
f 838 945 884
f 839 957 894
f 840 960 899
f 841 963 880
f 836 950 909
f 848 948 905
f 849 969 891
f 831 932 862
f 824 917 919
f 823 913 915
f 825 914 921
f 826 920 924
f 827 923 927
f 831 928 935
f 841 964 962
f 836 951 947
f 848 972 968
f 849 931 933
f 837 952 953
f 832 939 937
f 838 940 945
f 839 954 957
f 840 956 960
f 841 961 963
f 836 941 950
f 848 946 948
f 849 971 969
f 831 936 932
f 824 854 917
f 823 853 913
f 825 855 914
f 826 856 920
f 827 857 923
f 831 862 928
f 841 880 964
f 836 909 951
f 848 905 972
f 849 891 931
f 837 869 952
f 832 868 939
f 838 870 940
f 839 871 954
f 840 872 956
f 841 875 961
f 836 867 941
f 848 887 946
f 849 896 971
f 831 898 936
f 827 908 926
f 824 878 918
f 823 858 916
f 825 888 922
f 826 903 925
f 828 879 929
f 845 911 966
f 852 907 949
f 850 892 970
f 829 860 930
f 840 899 959
f 837 874 942
f 832 863 938
f 838 884 955
f 839 894 958
f 842 900 965
f 833 873 943
f 834 865 944
f 847 886 967
f 851 897 934
f 845 882 919
f 828 859 915
f 829 889 921
f 850 906 924
f 852 912 927
f 844 901 935
f 843 877 962
f 835 866 947
f 846 885 968
f 830 893 933
f 842 876 953
f 833 864 937
f 834 883 945
f 847 895 957
f 851 902 960
f 844 881 963
f 843 910 950
f 835 904 948
f 846 890 969
f 830 861 932
f 827 926 917
f 824 918 913
f 823 916 914
f 825 922 920
f 826 925 923
f 828 929 928
f 845 966 964
f 852 949 951
f 850 970 972
f 829 930 931
f 840 959 952
f 837 942 939
f 832 938 940
f 838 955 954
f 839 958 956
f 842 965 961
f 833 943 941
f 834 944 946
f 847 967 971
f 851 934 936
f 917 854 857
f 913 853 854
f 914 855 853
f 920 856 855
f 923 857 856
f 928 862 859
f 964 880 882
f 951 909 912
f 972 905 906
f 931 891 889
f 952 869 872
f 939 868 869
f 940 870 868
f 954 871 870
f 956 872 871
f 961 875 876
f 941 867 864
f 946 887 883
f 971 896 895
f 936 898 902
f 926 908 911
f 918 878 879
f 916 858 860
f 922 888 892
f 925 903 907
f 929 879 881
f 966 911 910
f 949 907 904
f 970 892 890
f 930 860 861
f 959 899 900
f 942 874 873
f 938 863 865
f 955 884 886
f 958 894 897
f 965 900 901
f 943 873 877
f 944 865 866
f 967 886 885
f 934 897 893
f 919 882 878
f 915 859 858
f 921 889 888
f 924 906 903
f 927 912 908
f 935 901 898
f 962 877 875
f 947 866 867
f 968 885 887
f 933 893 896
f 953 876 874
f 937 864 863
f 945 883 884
f 957 895 894
f 960 902 899
f 963 881 880
f 950 910 909
f 948 904 905
f 969 890 891
f 932 861 862
f 917 926 919
f 913 918 915
f 914 916 921
f 920 922 924
f 923 925 927
f 928 929 935
f 964 966 962
f 951 949 947
f 972 970 968
f 931 930 933
f 952 959 953
f 939 942 937
f 940 938 945
f 954 955 957
f 956 958 960
f 961 965 963
f 941 943 950
f 946 944 948
f 971 967 969
f 936 934 932
f 973 1019 1016
f 973 1016 1015
f 973 1015 1017
f 973 1017 1018
f 973 1018 1019
f 974 1021 1024
f 978 1044 1042
f 984 1074 1071
f 983 1068 1067
f 980 1051 1053
f 976 1034 1031
f 976 1031 1030
f 976 1030 1032
f 976 1032 1033
f 976 1033 1034
f 977 1038 1037
f 975 1026 1029
f 979 1045 1049
f 981 1057 1058
f 982 1064 1060
f 984 1073 1070
f 978 1041 1040
f 974 1022 1020
f 980 1054 1050
f 983 1069 1065
f 978 1043 1041
f 984 1072 1073
f 983 1066 1069
f 980 1052 1054
f 974 1023 1022
f 982 1062 1061
f 977 1035 1036
f 975 1027 1025
f 979 1048 1046
f 981 1059 1056
f 982 1063 1062
f 977 1039 1035
f 975 1028 1027
f 979 1047 1048
f 981 1055 1059
f 978 1040 1044
f 974 1020 1021
f 980 1050 1051
f 983 1065 1068
f 984 1070 1074
f 982 1060 1063
f 977 1037 1039
f 975 1029 1028
f 979 1049 1047
f 981 1058 1055
f 977 1036 1038
f 975 1025 1026
f 979 1046 1045
f 981 1056 1057
f 982 1061 1064
f 978 1042 1043
f 984 1071 1072
f 983 1067 1066
f 980 1053 1052
f 974 1024 1023
f 1007 1081 1088
f 990 1077 1080
f 991 1083 1078
f 1012 1086 1084
f 1014 1089 1087
f 1006 1097 1091
f 1005 1124 1128
f 997 1109 1111
f 1008 1130 1132
f 992 1095 1092
f 1004 1115 1121
f 995 1099 1104
f 996 1107 1100
f 1009 1119 1117
f 1013 1122 1120
f 1006 1125 1127
f 1005 1112 1105
f 997 1110 1106
f 1008 1131 1129
f 992 1094 1096
f 989 1079 1019
f 986 1075 1016
f 985 1076 1015
f 987 1082 1017
f 988 1085 1018
f 990 1090 1021
f 1007 1126 1044
f 1014 1113 1074
f 1012 1134 1068
f 991 1093 1051
f 1002 1114 1034
f 999 1101 1031
f 994 1102 1030
f 1000 1116 1032
f 1001 1118 1033
f 1004 1123 1038
f 995 1103 1026
f 996 1108 1045
f 1009 1133 1057
f 1013 1098 1064
f 1007 1088 1073
f 990 1080 1041
f 991 1078 1022
f 1012 1084 1054
f 1014 1087 1069
f 1006 1091 1043
f 1005 1128 1072
f 997 1111 1066
f 1008 1132 1052
f 992 1092 1023
f 1004 1121 1062
f 995 1104 1035
f 996 1100 1027
f 1009 1117 1048
f 1013 1120 1059
f 1006 1127 1063
f 1005 1105 1039
f 997 1106 1028
f 1008 1129 1047
f 992 1096 1055
f 986 1081 1040
f 985 1077 1020
f 987 1083 1050
f 988 1086 1065
f 989 1089 1070
f 993 1097 1060
f 1003 1124 1037
f 998 1109 1029
f 1010 1130 1049
f 1011 1095 1058
f 999 1115 1036
f 994 1099 1025
f 1000 1107 1046
f 1001 1119 1056
f 1002 1122 1061
f 1003 1125 1042
f 998 1112 1071
f 1010 1110 1067
f 1011 1131 1053
f 993 1094 1024
f 986 1079 1081
f 985 1075 1077
f 987 1076 1083
f 988 1082 1086
f 989 1085 1089
f 993 1090 1097
f 1003 1126 1124
f 998 1113 1109
f 1010 1134 1130
f 1011 1093 1095
f 999 1114 1115
f 994 1101 1099
f 1000 1102 1107
f 1001 1116 1119
f 1002 1118 1122
f 1003 1123 1125
f 998 1103 1112
f 1010 1108 1110
f 1011 1133 1131
f 993 1098 1094
f 986 1016 1079
f 985 1015 1075
f 987 1017 1076
f 988 1018 1082
f 989 1019 1085
f 993 1024 1090
f 1003 1042 1126
f 998 1071 1113
f 1010 1067 1134
f 1011 1053 1093
f 999 1031 1114
f 994 1030 1101
f 1000 1032 1102
f 1001 1033 1116
f 1002 1034 1118
f 1003 1037 1123
f 998 1029 1103
f 1010 1049 1108
f 1011 1058 1133
f 993 1060 1098
f 989 1070 1088
f 986 1040 1080
f 985 1020 1078
f 987 1050 1084
f 988 1065 1087
f 990 1041 1091
f 1007 1073 1128
f 1014 1069 1111
f 1012 1054 1132
f 991 1022 1092
f 1002 1061 1121
f 999 1036 1104
f 994 1025 1100
f 1000 1046 1117
f 1001 1056 1120
f 1004 1062 1127
f 995 1035 1105
f 996 1027 1106
f 1009 1048 1129
f 1013 1059 1096
f 1007 1044 1081
f 990 1021 1077
f 991 1051 1083
f 1012 1068 1086
f 1014 1074 1089
f 1006 1063 1097
f 1005 1039 1124
f 997 1028 1109
f 1008 1047 1130
f 992 1055 1095
f 1004 1038 1115
f 995 1026 1099
f 996 1045 1107
f 1009 1057 1119
f 1013 1064 1122
f 1006 1043 1125
f 1005 1072 1112
f 997 1066 1110
f 1008 1052 1131
f 992 1023 1094
f 989 1088 1079
f 986 1080 1075
f 985 1078 1076
f 987 1084 1082
f 988 1087 1085
f 990 1091 1090
f 1007 1128 1126
f 1014 1111 1113
f 1012 1132 1134
f 991 1092 1093
f 1002 1121 1114
f 999 1104 1101
f 994 1100 1102
f 1000 1117 1116
f 1001 1120 1118
f 1004 1127 1123
f 995 1105 1103
f 996 1106 1108
f 1009 1129 1133
f 1013 1096 1098
f 1079 1016 1019
f 1075 1015 1016
f 1076 1017 1015
f 1082 1018 1017
f 1085 1019 1018
f 1090 1024 1021
f 1126 1042 1044
f 1113 1071 1074
f 1134 1067 1068
f 1093 1053 1051
f 1114 1031 1034
f 1101 1030 1031
f 1102 1032 1030
f 1116 1033 1032
f 1118 1034 1033
f 1123 1037 1038
f 1103 1029 1026
f 1108 1049 1045
f 1133 1058 1057
f 1098 1060 1064
f 1088 1070 1073
f 1080 1040 1041
f 1078 1020 1022
f 1084 1050 1054
f 1087 1065 1069
f 1091 1041 1043
f 1128 1073 1072
f 1111 1069 1066
f 1132 1054 1052
f 1092 1022 1023
f 1121 1061 1062
f 1104 1036 1035
f 1100 1025 1027
f 1117 1046 1048
f 1120 1056 1059
f 1127 1062 1063
f 1105 1035 1039
f 1106 1027 1028
f 1129 1048 1047
f 1096 1059 1055
f 1081 1044 1040
f 1077 1021 1020
f 1083 1051 1050
f 1086 1068 1065
f 1089 1074 1070
f 1097 1063 1060
f 1124 1039 1037
f 1109 1028 1029
f 1130 1047 1049
f 1095 1055 1058
f 1115 1038 1036
f 1099 1026 1025
f 1107 1045 1046
f 1119 1057 1056
f 1122 1064 1061
f 1125 1043 1042
f 1112 1072 1071
f 1110 1066 1067
f 1131 1052 1053
f 1094 1023 1024
f 1079 1088 1081
f 1075 1080 1077
f 1076 1078 1083
f 1082 1084 1086
f 1085 1087 1089
f 1090 1091 1097
f 1126 1128 1124
f 1113 1111 1109
f 1134 1132 1130
f 1093 1092 1095
f 1114 1121 1115
f 1101 1104 1099
f 1102 1100 1107
f 1116 1117 1119
f 1118 1120 1122
f 1123 1127 1125
f 1103 1105 1112
f 1108 1106 1110
f 1133 1129 1131
f 1098 1096 1094
f 1135 1181 1178
f 1135 1178 1177
f 1135 1177 1179
f 1135 1179 1180
f 1135 1180 1181
f 1136 1183 1186
f 1140 1206 1204
f 1146 1236 1233
f 1145 1230 1229
f 1142 1213 1215
f 1138 1196 1193
f 1138 1193 1192
f 1138 1192 1194
f 1138 1194 1195
f 1138 1195 1196
f 1139 1200 1199
f 1137 1188 1191
f 1141 1207 1211
f 1143 1219 1220
f 1144 1226 1222
f 1146 1235 1232
f 1140 1203 1202
f 1136 1184 1182
f 1142 1216 1212
f 1145 1231 1227
f 1140 1205 1203
f 1146 1234 1235
f 1145 1228 1231
f 1142 1214 1216
f 1136 1185 1184
f 1144 1224 1223
f 1139 1197 1198
f 1137 1189 1187
f 1141 1210 1208
f 1143 1221 1218
f 1144 1225 1224
f 1139 1201 1197
f 1137 1190 1189
f 1141 1209 1210
f 1143 1217 1221
f 1140 1202 1206
f 1136 1182 1183
f 1142 1212 1213
f 1145 1227 1230
f 1146 1232 1236
f 1144 1222 1225
f 1139 1199 1201
f 1137 1191 1190
f 1141 1211 1209
f 1143 1220 1217
f 1139 1198 1200
f 1137 1187 1188
f 1141 1208 1207
f 1143 1218 1219
f 1144 1223 1226
f 1140 1204 1205
f 1146 1233 1234
f 1145 1229 1228
f 1142 1215 1214
f 1136 1186 1185
f 1169 1243 1250
f 1152 1239 1242
f 1153 1245 1240
f 1174 1248 1246
f 1176 1251 1249
f 1168 1259 1253
f 1167 1286 1290
f 1159 1271 1273
f 1170 1292 1294
f 1154 1257 1254
f 1166 1277 1283
f 1157 1261 1266
f 1158 1269 1262
f 1171 1281 1279
f 1175 1284 1282
f 1168 1287 1289
f 1167 1274 1267
f 1159 1272 1268
f 1170 1293 1291
f 1154 1256 1258
f 1151 1241 1181
f 1148 1237 1178
f 1147 1238 1177
f 1149 1244 1179
f 1150 1247 1180
f 1152 1252 1183
f 1169 1288 1206
f 1176 1275 1236
f 1174 1296 1230
f 1153 1255 1213
f 1164 1276 1196
f 1161 1263 1193
f 1156 1264 1192
f 1162 1278 1194
f 1163 1280 1195
f 1166 1285 1200
f 1157 1265 1188
f 1158 1270 1207
f 1171 1295 1219
f 1175 1260 1226
f 1169 1250 1235
f 1152 1242 1203
f 1153 1240 1184
f 1174 1246 1216
f 1176 1249 1231
f 1168 1253 1205
f 1167 1290 1234
f 1159 1273 1228
f 1170 1294 1214
f 1154 1254 1185
f 1166 1283 1224
f 1157 1266 1197
f 1158 1262 1189
f 1171 1279 1210
f 1175 1282 1221
f 1168 1289 1225
f 1167 1267 1201
f 1159 1268 1190
f 1170 1291 1209
f 1154 1258 1217
f 1148 1243 1202
f 1147 1239 1182
f 1149 1245 1212
f 1150 1248 1227
f 1151 1251 1232
f 1155 1259 1222
f 1165 1286 1199
f 1160 1271 1191
f 1172 1292 1211
f 1173 1257 1220
f 1161 1277 1198
f 1156 1261 1187
f 1162 1269 1208
f 1163 1281 1218
f 1164 1284 1223
f 1165 1287 1204
f 1160 1274 1233
f 1172 1272 1229
f 1173 1293 1215
f 1155 1256 1186
f 1148 1241 1243
f 1147 1237 1239
f 1149 1238 1245
f 1150 1244 1248
f 1151 1247 1251
f 1155 1252 1259
f 1165 1288 1286
f 1160 1275 1271
f 1172 1296 1292
f 1173 1255 1257
f 1161 1276 1277
f 1156 1263 1261
f 1162 1264 1269
f 1163 1278 1281
f 1164 1280 1284
f 1165 1285 1287
f 1160 1265 1274
f 1172 1270 1272
f 1173 1295 1293
f 1155 1260 1256
f 1148 1178 1241
f 1147 1177 1237
f 1149 1179 1238
f 1150 1180 1244
f 1151 1181 1247
f 1155 1186 1252
f 1165 1204 1288
f 1160 1233 1275
f 1172 1229 1296
f 1173 1215 1255
f 1161 1193 1276
f 1156 1192 1263
f 1162 1194 1264
f 1163 1195 1278
f 1164 1196 1280
f 1165 1199 1285
f 1160 1191 1265
f 1172 1211 1270
f 1173 1220 1295
f 1155 1222 1260
f 1151 1232 1250
f 1148 1202 1242
f 1147 1182 1240
f 1149 1212 1246
f 1150 1227 1249
f 1152 1203 1253
f 1169 1235 1290
f 1176 1231 1273
f 1174 1216 1294
f 1153 1184 1254
f 1164 1223 1283
f 1161 1198 1266
f 1156 1187 1262
f 1162 1208 1279
f 1163 1218 1282
f 1166 1224 1289
f 1157 1197 1267
f 1158 1189 1268
f 1171 1210 1291
f 1175 1221 1258
f 1169 1206 1243
f 1152 1183 1239
f 1153 1213 1245
f 1174 1230 1248
f 1176 1236 1251
f 1168 1225 1259
f 1167 1201 1286
f 1159 1190 1271
f 1170 1209 1292
f 1154 1217 1257
f 1166 1200 1277
f 1157 1188 1261
f 1158 1207 1269
f 1171 1219 1281
f 1175 1226 1284
f 1168 1205 1287
f 1167 1234 1274
f 1159 1228 1272
f 1170 1214 1293
f 1154 1185 1256
f 1151 1250 1241
f 1148 1242 1237
f 1147 1240 1238
f 1149 1246 1244
f 1150 1249 1247
f 1152 1253 1252
f 1169 1290 1288
f 1176 1273 1275
f 1174 1294 1296
f 1153 1254 1255
f 1164 1283 1276
f 1161 1266 1263
f 1156 1262 1264
f 1162 1279 1278
f 1163 1282 1280
f 1166 1289 1285
f 1157 1267 1265
f 1158 1268 1270
f 1171 1291 1295
f 1175 1258 1260
f 1241 1178 1181
f 1237 1177 1178
f 1238 1179 1177
f 1244 1180 1179
f 1247 1181 1180
f 1252 1186 1183
f 1288 1204 1206
f 1275 1233 1236
f 1296 1229 1230
f 1255 1215 1213
f 1276 1193 1196
f 1263 1192 1193
f 1264 1194 1192
f 1278 1195 1194
f 1280 1196 1195
f 1285 1199 1200
f 1265 1191 1188
f 1270 1211 1207
f 1295 1220 1219
f 1260 1222 1226
f 1250 1232 1235
f 1242 1202 1203
f 1240 1182 1184
f 1246 1212 1216
f 1249 1227 1231
f 1253 1203 1205
f 1290 1235 1234
f 1273 1231 1228
f 1294 1216 1214
f 1254 1184 1185
f 1283 1223 1224
f 1266 1198 1197
f 1262 1187 1189
f 1279 1208 1210
f 1282 1218 1221
f 1289 1224 1225
f 1267 1197 1201
f 1268 1189 1190
f 1291 1210 1209
f 1258 1221 1217
f 1243 1206 1202
f 1239 1183 1182
f 1245 1213 1212
f 1248 1230 1227
f 1251 1236 1232
f 1259 1225 1222
f 1286 1201 1199
f 1271 1190 1191
f 1292 1209 1211
f 1257 1217 1220
f 1277 1200 1198
f 1261 1188 1187
f 1269 1207 1208
f 1281 1219 1218
f 1284 1226 1223
f 1287 1205 1204
f 1274 1234 1233
f 1272 1228 1229
f 1293 1214 1215
f 1256 1185 1186
f 1241 1250 1243
f 1237 1242 1239
f 1238 1240 1245
f 1244 1246 1248
f 1247 1249 1251
f 1252 1253 1259
f 1288 1290 1286
f 1275 1273 1271
f 1296 1294 1292
f 1255 1254 1257
f 1276 1283 1277
f 1263 1266 1261
f 1264 1262 1269
f 1278 1279 1281
f 1280 1282 1284
f 1285 1289 1287
f 1265 1267 1274
f 1270 1268 1272
f 1295 1291 1293
f 1260 1258 1256
f 1297 1343 1340
f 1297 1340 1339
f 1297 1339 1341
f 1297 1341 1342
f 1297 1342 1343
f 1298 1345 1348
f 1302 1368 1366
f 1308 1398 1395
f 1307 1392 1391
f 1304 1375 1377
f 1300 1358 1355
f 1300 1355 1354
f 1300 1354 1356
f 1300 1356 1357
f 1300 1357 1358
f 1301 1362 1361
f 1299 1350 1353
f 1303 1369 1373
f 1305 1381 1382
f 1306 1388 1384
f 1308 1397 1394
f 1302 1365 1364
f 1298 1346 1344
f 1304 1378 1374
f 1307 1393 1389
f 1302 1367 1365
f 1308 1396 1397
f 1307 1390 1393
f 1304 1376 1378
f 1298 1347 1346
f 1306 1386 1385
f 1301 1359 1360
f 1299 1351 1349
f 1303 1372 1370
f 1305 1383 1380
f 1306 1387 1386
f 1301 1363 1359
f 1299 1352 1351
f 1303 1371 1372
f 1305 1379 1383
f 1302 1364 1368
f 1298 1344 1345
f 1304 1374 1375
f 1307 1389 1392
f 1308 1394 1398
f 1306 1384 1387
f 1301 1361 1363
f 1299 1353 1352
f 1303 1373 1371
f 1305 1382 1379
f 1301 1360 1362
f 1299 1349 1350
f 1303 1370 1369
f 1305 1380 1381
f 1306 1385 1388
f 1302 1366 1367
f 1308 1395 1396
f 1307 1391 1390
f 1304 1377 1376
f 1298 1348 1347
f 1331 1405 1412
f 1314 1401 1404
f 1315 1407 1402
f 1336 1410 1408
f 1338 1413 1411
f 1330 1421 1415
f 1329 1448 1452
f 1321 1433 1435
f 1332 1454 1456
f 1316 1419 1416
f 1328 1439 1445
f 1319 1423 1428
f 1320 1431 1424
f 1333 1443 1441
f 1337 1446 1444
f 1330 1449 1451
f 1329 1436 1429
f 1321 1434 1430
f 1332 1455 1453
f 1316 1418 1420
f 1313 1403 1343
f 1310 1399 1340
f 1309 1400 1339
f 1311 1406 1341
f 1312 1409 1342
f 1314 1414 1345
f 1331 1450 1368
f 1338 1437 1398
f 1336 1458 1392
f 1315 1417 1375
f 1326 1438 1358
f 1323 1425 1355
f 1318 1426 1354
f 1324 1440 1356
f 1325 1442 1357
f 1328 1447 1362
f 1319 1427 1350
f 1320 1432 1369
f 1333 1457 1381
f 1337 1422 1388
f 1331 1412 1397
f 1314 1404 1365
f 1315 1402 1346
f 1336 1408 1378
f 1338 1411 1393
f 1330 1415 1367
f 1329 1452 1396
f 1321 1435 1390
f 1332 1456 1376
f 1316 1416 1347
f 1328 1445 1386
f 1319 1428 1359
f 1320 1424 1351
f 1333 1441 1372
f 1337 1444 1383
f 1330 1451 1387
f 1329 1429 1363
f 1321 1430 1352
f 1332 1453 1371
f 1316 1420 1379
f 1310 1405 1364
f 1309 1401 1344
f 1311 1407 1374
f 1312 1410 1389
f 1313 1413 1394
f 1317 1421 1384
f 1327 1448 1361
f 1322 1433 1353
f 1334 1454 1373
f 1335 1419 1382
f 1323 1439 1360
f 1318 1423 1349
f 1324 1431 1370
f 1325 1443 1380
f 1326 1446 1385
f 1327 1449 1366
f 1322 1436 1395
f 1334 1434 1391
f 1335 1455 1377
f 1317 1418 1348
f 1310 1403 1405
f 1309 1399 1401
f 1311 1400 1407
f 1312 1406 1410
f 1313 1409 1413
f 1317 1414 1421
f 1327 1450 1448
f 1322 1437 1433
f 1334 1458 1454
f 1335 1417 1419
f 1323 1438 1439
f 1318 1425 1423
f 1324 1426 1431
f 1325 1440 1443
f 1326 1442 1446
f 1327 1447 1449
f 1322 1427 1436
f 1334 1432 1434
f 1335 1457 1455
f 1317 1422 1418
f 1310 1340 1403
f 1309 1339 1399
f 1311 1341 1400
f 1312 1342 1406
f 1313 1343 1409
f 1317 1348 1414
f 1327 1366 1450
f 1322 1395 1437
f 1334 1391 1458
f 1335 1377 1417
f 1323 1355 1438
f 1318 1354 1425
f 1324 1356 1426
f 1325 1357 1440
f 1326 1358 1442
f 1327 1361 1447
f 1322 1353 1427
f 1334 1373 1432
f 1335 1382 1457
f 1317 1384 1422
f 1313 1394 1412
f 1310 1364 1404
f 1309 1344 1402
f 1311 1374 1408
f 1312 1389 1411
f 1314 1365 1415
f 1331 1397 1452
f 1338 1393 1435
f 1336 1378 1456
f 1315 1346 1416
f 1326 1385 1445
f 1323 1360 1428
f 1318 1349 1424
f 1324 1370 1441
f 1325 1380 1444
f 1328 1386 1451
f 1319 1359 1429
f 1320 1351 1430
f 1333 1372 1453
f 1337 1383 1420
f 1331 1368 1405
f 1314 1345 1401
f 1315 1375 1407
f 1336 1392 1410
f 1338 1398 1413
f 1330 1387 1421
f 1329 1363 1448
f 1321 1352 1433
f 1332 1371 1454
f 1316 1379 1419
f 1328 1362 1439
f 1319 1350 1423
f 1320 1369 1431
f 1333 1381 1443
f 1337 1388 1446
f 1330 1367 1449
f 1329 1396 1436
f 1321 1390 1434
f 1332 1376 1455
f 1316 1347 1418
f 1313 1412 1403
f 1310 1404 1399
f 1309 1402 1400
f 1311 1408 1406
f 1312 1411 1409
f 1314 1415 1414
f 1331 1452 1450
f 1338 1435 1437
f 1336 1456 1458
f 1315 1416 1417
f 1326 1445 1438
f 1323 1428 1425
f 1318 1424 1426
f 1324 1441 1440
f 1325 1444 1442
f 1328 1451 1447
f 1319 1429 1427
f 1320 1430 1432
f 1333 1453 1457
f 1337 1420 1422
f 1403 1340 1343
f 1399 1339 1340
f 1400 1341 1339
f 1406 1342 1341
f 1409 1343 1342
f 1414 1348 1345
f 1450 1366 1368
f 1437 1395 1398
f 1458 1391 1392
f 1417 1377 1375
f 1438 1355 1358
f 1425 1354 1355
f 1426 1356 1354
f 1440 1357 1356
f 1442 1358 1357
f 1447 1361 1362
f 1427 1353 1350
f 1432 1373 1369
f 1457 1382 1381
f 1422 1384 1388
f 1412 1394 1397
f 1404 1364 1365
f 1402 1344 1346
f 1408 1374 1378
f 1411 1389 1393
f 1415 1365 1367
f 1452 1397 1396
f 1435 1393 1390
f 1456 1378 1376
f 1416 1346 1347
f 1445 1385 1386
f 1428 1360 1359
f 1424 1349 1351
f 1441 1370 1372
f 1444 1380 1383
f 1451 1386 1387
f 1429 1359 1363
f 1430 1351 1352
f 1453 1372 1371
f 1420 1383 1379
f 1405 1368 1364
f 1401 1345 1344
f 1407 1375 1374
f 1410 1392 1389
f 1413 1398 1394
f 1421 1387 1384
f 1448 1363 1361
f 1433 1352 1353
f 1454 1371 1373
f 1419 1379 1382
f 1439 1362 1360
f 1423 1350 1349
f 1431 1369 1370
f 1443 1381 1380
f 1446 1388 1385
f 1449 1367 1366
f 1436 1396 1395
f 1434 1390 1391
f 1455 1376 1377
f 1418 1347 1348
f 1403 1412 1405
f 1399 1404 1401
f 1400 1402 1407
f 1406 1408 1410
f 1409 1411 1413
f 1414 1415 1421
f 1450 1452 1448
f 1437 1435 1433
f 1458 1456 1454
f 1417 1416 1419
f 1438 1445 1439
f 1425 1428 1423
f 1426 1424 1431
f 1440 1441 1443
f 1442 1444 1446
f 1447 1451 1449
f 1427 1429 1436
f 1432 1430 1434
f 1457 1453 1455
f 1422 1420 1418
f 1459 1505 1502
f 1459 1502 1501
f 1459 1501 1503
f 1459 1503 1504
f 1459 1504 1505
f 1460 1507 1510
f 1464 1530 1528
f 1470 1560 1557
f 1469 1554 1553
f 1466 1537 1539
f 1462 1520 1517
f 1462 1517 1516
f 1462 1516 1518
f 1462 1518 1519
f 1462 1519 1520
f 1463 1524 1523
f 1461 1512 1515
f 1465 1531 1535
f 1467 1543 1544
f 1468 1550 1546
f 1470 1559 1556
f 1464 1527 1526
f 1460 1508 1506
f 1466 1540 1536
f 1469 1555 1551
f 1464 1529 1527
f 1470 1558 1559
f 1469 1552 1555
f 1466 1538 1540
f 1460 1509 1508
f 1468 1548 1547
f 1463 1521 1522
f 1461 1513 1511
f 1465 1534 1532
f 1467 1545 1542
f 1468 1549 1548
f 1463 1525 1521
f 1461 1514 1513
f 1465 1533 1534
f 1467 1541 1545
f 1464 1526 1530
f 1460 1506 1507
f 1466 1536 1537
f 1469 1551 1554
f 1470 1556 1560
f 1468 1546 1549
f 1463 1523 1525
f 1461 1515 1514
f 1465 1535 1533
f 1467 1544 1541
f 1463 1522 1524
f 1461 1511 1512
f 1465 1532 1531
f 1467 1542 1543
f 1468 1547 1550
f 1464 1528 1529
f 1470 1557 1558
f 1469 1553 1552
f 1466 1539 1538
f 1460 1510 1509
f 1493 1567 1574
f 1476 1563 1566
f 1477 1569 1564
f 1498 1572 1570
f 1500 1575 1573
f 1492 1583 1577
f 1491 1610 1614
f 1483 1595 1597
f 1494 1616 1618
f 1478 1581 1578
f 1490 1601 1607
f 1481 1585 1590
f 1482 1593 1586
f 1495 1605 1603
f 1499 1608 1606
f 1492 1611 1613
f 1491 1598 1591
f 1483 1596 1592
f 1494 1617 1615
f 1478 1580 1582
f 1475 1565 1505
f 1472 1561 1502
f 1471 1562 1501
f 1473 1568 1503
f 1474 1571 1504
f 1476 1576 1507
f 1493 1612 1530
f 1500 1599 1560
f 1498 1620 1554
f 1477 1579 1537
f 1488 1600 1520
f 1485 1587 1517
f 1480 1588 1516
f 1486 1602 1518
f 1487 1604 1519
f 1490 1609 1524
f 1481 1589 1512
f 1482 1594 1531
f 1495 1619 1543
f 1499 1584 1550
f 1493 1574 1559
f 1476 1566 1527
f 1477 1564 1508
f 1498 1570 1540
f 1500 1573 1555
f 1492 1577 1529
f 1491 1614 1558
f 1483 1597 1552
f 1494 1618 1538
f 1478 1578 1509
f 1490 1607 1548
f 1481 1590 1521
f 1482 1586 1513
f 1495 1603 1534
f 1499 1606 1545
f 1492 1613 1549
f 1491 1591 1525
f 1483 1592 1514
f 1494 1615 1533
f 1478 1582 1541
f 1472 1567 1526
f 1471 1563 1506
f 1473 1569 1536
f 1474 1572 1551
f 1475 1575 1556
f 1479 1583 1546
f 1489 1610 1523
f 1484 1595 1515
f 1496 1616 1535
f 1497 1581 1544
f 1485 1601 1522
f 1480 1585 1511
f 1486 1593 1532
f 1487 1605 1542
f 1488 1608 1547
f 1489 1611 1528
f 1484 1598 1557
f 1496 1596 1553
f 1497 1617 1539
f 1479 1580 1510
f 1472 1565 1567
f 1471 1561 1563
f 1473 1562 1569
f 1474 1568 1572
f 1475 1571 1575
f 1479 1576 1583
f 1489 1612 1610
f 1484 1599 1595
f 1496 1620 1616
f 1497 1579 1581
f 1485 1600 1601
f 1480 1587 1585
f 1486 1588 1593
f 1487 1602 1605
f 1488 1604 1608
f 1489 1609 1611
f 1484 1589 1598
f 1496 1594 1596
f 1497 1619 1617
f 1479 1584 1580
f 1472 1502 1565
f 1471 1501 1561
f 1473 1503 1562
f 1474 1504 1568
f 1475 1505 1571
f 1479 1510 1576
f 1489 1528 1612
f 1484 1557 1599
f 1496 1553 1620
f 1497 1539 1579
f 1485 1517 1600
f 1480 1516 1587
f 1486 1518 1588
f 1487 1519 1602
f 1488 1520 1604
f 1489 1523 1609
f 1484 1515 1589
f 1496 1535 1594
f 1497 1544 1619
f 1479 1546 1584
f 1475 1556 1574
f 1472 1526 1566
f 1471 1506 1564
f 1473 1536 1570
f 1474 1551 1573
f 1476 1527 1577
f 1493 1559 1614
f 1500 1555 1597
f 1498 1540 1618
f 1477 1508 1578
f 1488 1547 1607
f 1485 1522 1590
f 1480 1511 1586
f 1486 1532 1603
f 1487 1542 1606
f 1490 1548 1613
f 1481 1521 1591
f 1482 1513 1592
f 1495 1534 1615
f 1499 1545 1582
f 1493 1530 1567
f 1476 1507 1563
f 1477 1537 1569
f 1498 1554 1572
f 1500 1560 1575
f 1492 1549 1583
f 1491 1525 1610
f 1483 1514 1595
f 1494 1533 1616
f 1478 1541 1581
f 1490 1524 1601
f 1481 1512 1585
f 1482 1531 1593
f 1495 1543 1605
f 1499 1550 1608
f 1492 1529 1611
f 1491 1558 1598
f 1483 1552 1596
f 1494 1538 1617
f 1478 1509 1580
f 1475 1574 1565
f 1472 1566 1561
f 1471 1564 1562
f 1473 1570 1568
f 1474 1573 1571
f 1476 1577 1576
f 1493 1614 1612
f 1500 1597 1599
f 1498 1618 1620
f 1477 1578 1579
f 1488 1607 1600
f 1485 1590 1587
f 1480 1586 1588
f 1486 1603 1602
f 1487 1606 1604
f 1490 1613 1609
f 1481 1591 1589
f 1482 1592 1594
f 1495 1615 1619
f 1499 1582 1584
f 1565 1502 1505
f 1561 1501 1502
f 1562 1503 1501
f 1568 1504 1503
f 1571 1505 1504
f 1576 1510 1507
f 1612 1528 1530
f 1599 1557 1560
f 1620 1553 1554
f 1579 1539 1537
f 1600 1517 1520
f 1587 1516 1517
f 1588 1518 1516
f 1602 1519 1518
f 1604 1520 1519
f 1609 1523 1524
f 1589 1515 1512
f 1594 1535 1531
f 1619 1544 1543
f 1584 1546 1550
f 1574 1556 1559
f 1566 1526 1527
f 1564 1506 1508
f 1570 1536 1540
f 1573 1551 1555
f 1577 1527 1529
f 1614 1559 1558
f 1597 1555 1552
f 1618 1540 1538
f 1578 1508 1509
f 1607 1547 1548
f 1590 1522 1521
f 1586 1511 1513
f 1603 1532 1534
f 1606 1542 1545
f 1613 1548 1549
f 1591 1521 1525
f 1592 1513 1514
f 1615 1534 1533
f 1582 1545 1541
f 1567 1530 1526
f 1563 1507 1506
f 1569 1537 1536
f 1572 1554 1551
f 1575 1560 1556
f 1583 1549 1546
f 1610 1525 1523
f 1595 1514 1515
f 1616 1533 1535
f 1581 1541 1544
f 1601 1524 1522
f 1585 1512 1511
f 1593 1531 1532
f 1605 1543 1542
f 1608 1550 1547
f 1611 1529 1528
f 1598 1558 1557
f 1596 1552 1553
f 1617 1538 1539
f 1580 1509 1510
f 1565 1574 1567
f 1561 1566 1563
f 1562 1564 1569
f 1568 1570 1572
f 1571 1573 1575
f 1576 1577 1583
f 1612 1614 1610
f 1599 1597 1595
f 1620 1618 1616
f 1579 1578 1581
f 1600 1607 1601
f 1587 1590 1585
f 1588 1586 1593
f 1602 1603 1605
f 1604 1606 1608
f 1609 1613 1611
f 1589 1591 1598
f 1594 1592 1596
f 1619 1615 1617
f 1584 1582 1580
f 1621 1667 1664
f 1621 1664 1663
f 1621 1663 1665
f 1621 1665 1666
f 1621 1666 1667
f 1622 1669 1672
f 1626 1692 1690
f 1632 1722 1719
f 1631 1716 1715
f 1628 1699 1701
f 1624 1682 1679
f 1624 1679 1678
f 1624 1678 1680
f 1624 1680 1681
f 1624 1681 1682
f 1625 1686 1685
f 1623 1674 1677
f 1627 1693 1697
f 1629 1705 1706
f 1630 1712 1708
f 1632 1721 1718
f 1626 1689 1688
f 1622 1670 1668
f 1628 1702 1698
f 1631 1717 1713
f 1626 1691 1689
f 1632 1720 1721
f 1631 1714 1717
f 1628 1700 1702
f 1622 1671 1670
f 1630 1710 1709
f 1625 1683 1684
f 1623 1675 1673
f 1627 1696 1694
f 1629 1707 1704
f 1630 1711 1710
f 1625 1687 1683
f 1623 1676 1675
f 1627 1695 1696
f 1629 1703 1707
f 1626 1688 1692
f 1622 1668 1669
f 1628 1698 1699
f 1631 1713 1716
f 1632 1718 1722
f 1630 1708 1711
f 1625 1685 1687
f 1623 1677 1676
f 1627 1697 1695
f 1629 1706 1703
f 1625 1684 1686
f 1623 1673 1674
f 1627 1694 1693
f 1629 1704 1705
f 1630 1709 1712
f 1626 1690 1691
f 1632 1719 1720
f 1631 1715 1714
f 1628 1701 1700
f 1622 1672 1671
f 1655 1729 1736
f 1638 1725 1728
f 1639 1731 1726
f 1660 1734 1732
f 1662 1737 1735
f 1654 1745 1739
f 1653 1772 1776
f 1645 1757 1759
f 1656 1778 1780
f 1640 1743 1740
f 1652 1763 1769
f 1643 1747 1752
f 1644 1755 1748
f 1657 1767 1765
f 1661 1770 1768
f 1654 1773 1775
f 1653 1760 1753
f 1645 1758 1754
f 1656 1779 1777
f 1640 1742 1744
f 1637 1727 1667
f 1634 1723 1664
f 1633 1724 1663
f 1635 1730 1665
f 1636 1733 1666
f 1638 1738 1669
f 1655 1774 1692
f 1662 1761 1722
f 1660 1782 1716
f 1639 1741 1699
f 1650 1762 1682
f 1647 1749 1679
f 1642 1750 1678
f 1648 1764 1680
f 1649 1766 1681
f 1652 1771 1686
f 1643 1751 1674
f 1644 1756 1693
f 1657 1781 1705
f 1661 1746 1712
f 1655 1736 1721
f 1638 1728 1689
f 1639 1726 1670
f 1660 1732 1702
f 1662 1735 1717
f 1654 1739 1691
f 1653 1776 1720
f 1645 1759 1714
f 1656 1780 1700
f 1640 1740 1671
f 1652 1769 1710
f 1643 1752 1683
f 1644 1748 1675
f 1657 1765 1696
f 1661 1768 1707
f 1654 1775 1711
f 1653 1753 1687
f 1645 1754 1676
f 1656 1777 1695
f 1640 1744 1703
f 1634 1729 1688
f 1633 1725 1668
f 1635 1731 1698
f 1636 1734 1713
f 1637 1737 1718
f 1641 1745 1708
f 1651 1772 1685
f 1646 1757 1677
f 1658 1778 1697
f 1659 1743 1706
f 1647 1763 1684
f 1642 1747 1673
f 1648 1755 1694
f 1649 1767 1704
f 1650 1770 1709
f 1651 1773 1690
f 1646 1760 1719
f 1658 1758 1715
f 1659 1779 1701
f 1641 1742 1672
f 1634 1727 1729
f 1633 1723 1725
f 1635 1724 1731
f 1636 1730 1734
f 1637 1733 1737
f 1641 1738 1745
f 1651 1774 1772
f 1646 1761 1757
f 1658 1782 1778
f 1659 1741 1743
f 1647 1762 1763
f 1642 1749 1747
f 1648 1750 1755
f 1649 1764 1767
f 1650 1766 1770
f 1651 1771 1773
f 1646 1751 1760
f 1658 1756 1758
f 1659 1781 1779
f 1641 1746 1742
f 1634 1664 1727
f 1633 1663 1723
f 1635 1665 1724
f 1636 1666 1730
f 1637 1667 1733
f 1641 1672 1738
f 1651 1690 1774
f 1646 1719 1761
f 1658 1715 1782
f 1659 1701 1741
f 1647 1679 1762
f 1642 1678 1749
f 1648 1680 1750
f 1649 1681 1764
f 1650 1682 1766
f 1651 1685 1771
f 1646 1677 1751
f 1658 1697 1756
f 1659 1706 1781
f 1641 1708 1746
f 1637 1718 1736
f 1634 1688 1728
f 1633 1668 1726
f 1635 1698 1732
f 1636 1713 1735
f 1638 1689 1739
f 1655 1721 1776
f 1662 1717 1759
f 1660 1702 1780
f 1639 1670 1740
f 1650 1709 1769
f 1647 1684 1752
f 1642 1673 1748
f 1648 1694 1765
f 1649 1704 1768
f 1652 1710 1775
f 1643 1683 1753
f 1644 1675 1754
f 1657 1696 1777
f 1661 1707 1744
f 1655 1692 1729
f 1638 1669 1725
f 1639 1699 1731
f 1660 1716 1734
f 1662 1722 1737
f 1654 1711 1745
f 1653 1687 1772
f 1645 1676 1757
f 1656 1695 1778
f 1640 1703 1743
f 1652 1686 1763
f 1643 1674 1747
f 1644 1693 1755
f 1657 1705 1767
f 1661 1712 1770
f 1654 1691 1773
f 1653 1720 1760
f 1645 1714 1758
f 1656 1700 1779
f 1640 1671 1742
f 1637 1736 1727
f 1634 1728 1723
f 1633 1726 1724
f 1635 1732 1730
f 1636 1735 1733
f 1638 1739 1738
f 1655 1776 1774
f 1662 1759 1761
f 1660 1780 1782
f 1639 1740 1741
f 1650 1769 1762
f 1647 1752 1749
f 1642 1748 1750
f 1648 1765 1764
f 1649 1768 1766
f 1652 1775 1771
f 1643 1753 1751
f 1644 1754 1756
f 1657 1777 1781
f 1661 1744 1746
f 1727 1664 1667
f 1723 1663 1664
f 1724 1665 1663
f 1730 1666 1665
f 1733 1667 1666
f 1738 1672 1669
f 1774 1690 1692
f 1761 1719 1722
f 1782 1715 1716
f 1741 1701 1699
f 1762 1679 1682
f 1749 1678 1679
f 1750 1680 1678
f 1764 1681 1680
f 1766 1682 1681
f 1771 1685 1686
f 1751 1677 1674
f 1756 1697 1693
f 1781 1706 1705
f 1746 1708 1712
f 1736 1718 1721
f 1728 1688 1689
f 1726 1668 1670
f 1732 1698 1702
f 1735 1713 1717
f 1739 1689 1691
f 1776 1721 1720
f 1759 1717 1714
f 1780 1702 1700
f 1740 1670 1671
f 1769 1709 1710
f 1752 1684 1683
f 1748 1673 1675
f 1765 1694 1696
f 1768 1704 1707
f 1775 1710 1711
f 1753 1683 1687
f 1754 1675 1676
f 1777 1696 1695
f 1744 1707 1703
f 1729 1692 1688
f 1725 1669 1668
f 1731 1699 1698
f 1734 1716 1713
f 1737 1722 1718
f 1745 1711 1708
f 1772 1687 1685
f 1757 1676 1677
f 1778 1695 1697
f 1743 1703 1706
f 1763 1686 1684
f 1747 1674 1673
f 1755 1693 1694
f 1767 1705 1704
f 1770 1712 1709
f 1773 1691 1690
f 1760 1720 1719
f 1758 1714 1715
f 1779 1700 1701
f 1742 1671 1672
f 1727 1736 1729
f 1723 1728 1725
f 1724 1726 1731
f 1730 1732 1734
f 1733 1735 1737
f 1738 1739 1745
f 1774 1776 1772
f 1761 1759 1757
f 1782 1780 1778
f 1741 1740 1743
f 1762 1769 1763
f 1749 1752 1747
f 1750 1748 1755
f 1764 1765 1767
f 1766 1768 1770
f 1771 1775 1773
f 1751 1753 1760
f 1756 1754 1758
f 1781 1777 1779
f 1746 1744 1742
f 1783 1829 1826
f 1783 1826 1825
f 1783 1825 1827
f 1783 1827 1828
f 1783 1828 1829
f 1784 1831 1834
f 1788 1854 1852
f 1794 1884 1881
f 1793 1878 1877
f 1790 1861 1863
f 1786 1844 1841
f 1786 1841 1840
f 1786 1840 1842
f 1786 1842 1843
f 1786 1843 1844
f 1787 1848 1847
f 1785 1836 1839
f 1789 1855 1859
f 1791 1867 1868
f 1792 1874 1870
f 1794 1883 1880
f 1788 1851 1850
f 1784 1832 1830
f 1790 1864 1860
f 1793 1879 1875
f 1788 1853 1851
f 1794 1882 1883
f 1793 1876 1879
f 1790 1862 1864
f 1784 1833 1832
f 1792 1872 1871
f 1787 1845 1846
f 1785 1837 1835
f 1789 1858 1856
f 1791 1869 1866
f 1792 1873 1872
f 1787 1849 1845
f 1785 1838 1837
f 1789 1857 1858
f 1791 1865 1869
f 1788 1850 1854
f 1784 1830 1831
f 1790 1860 1861
f 1793 1875 1878
f 1794 1880 1884
f 1792 1870 1873
f 1787 1847 1849
f 1785 1839 1838
f 1789 1859 1857
f 1791 1868 1865
f 1787 1846 1848
f 1785 1835 1836
f 1789 1856 1855
f 1791 1866 1867
f 1792 1871 1874
f 1788 1852 1853
f 1794 1881 1882
f 1793 1877 1876
f 1790 1863 1862
f 1784 1834 1833
f 1817 1891 1898
f 1800 1887 1890
f 1801 1893 1888
f 1822 1896 1894
f 1824 1899 1897
f 1816 1907 1901
f 1815 1934 1938
f 1807 1919 1921
f 1818 1940 1942
f 1802 1905 1902
f 1814 1925 1931
f 1805 1909 1914
f 1806 1917 1910
f 1819 1929 1927
f 1823 1932 1930
f 1816 1935 1937
f 1815 1922 1915
f 1807 1920 1916
f 1818 1941 1939
f 1802 1904 1906
f 1799 1889 1829
f 1796 1885 1826
f 1795 1886 1825
f 1797 1892 1827
f 1798 1895 1828
f 1800 1900 1831
f 1817 1936 1854
f 1824 1923 1884
f 1822 1944 1878
f 1801 1903 1861
f 1812 1924 1844
f 1809 1911 1841
f 1804 1912 1840
f 1810 1926 1842
f 1811 1928 1843
f 1814 1933 1848
f 1805 1913 1836
f 1806 1918 1855
f 1819 1943 1867
f 1823 1908 1874
f 1817 1898 1883
f 1800 1890 1851
f 1801 1888 1832
f 1822 1894 1864
f 1824 1897 1879
f 1816 1901 1853
f 1815 1938 1882
f 1807 1921 1876
f 1818 1942 1862
f 1802 1902 1833
f 1814 1931 1872
f 1805 1914 1845
f 1806 1910 1837
f 1819 1927 1858
f 1823 1930 1869
f 1816 1937 1873
f 1815 1915 1849
f 1807 1916 1838
f 1818 1939 1857
f 1802 1906 1865
f 1796 1891 1850
f 1795 1887 1830
f 1797 1893 1860
f 1798 1896 1875
f 1799 1899 1880
f 1803 1907 1870
f 1813 1934 1847
f 1808 1919 1839
f 1820 1940 1859
f 1821 1905 1868
f 1809 1925 1846
f 1804 1909 1835
f 1810 1917 1856
f 1811 1929 1866
f 1812 1932 1871
f 1813 1935 1852
f 1808 1922 1881
f 1820 1920 1877
f 1821 1941 1863
f 1803 1904 1834
f 1796 1889 1891
f 1795 1885 1887
f 1797 1886 1893
f 1798 1892 1896
f 1799 1895 1899
f 1803 1900 1907
f 1813 1936 1934
f 1808 1923 1919
f 1820 1944 1940
f 1821 1903 1905
f 1809 1924 1925
f 1804 1911 1909
f 1810 1912 1917
f 1811 1926 1929
f 1812 1928 1932
f 1813 1933 1935
f 1808 1913 1922
f 1820 1918 1920
f 1821 1943 1941
f 1803 1908 1904
f 1796 1826 1889
f 1795 1825 1885
f 1797 1827 1886
f 1798 1828 1892
f 1799 1829 1895
f 1803 1834 1900
f 1813 1852 1936
f 1808 1881 1923
f 1820 1877 1944
f 1821 1863 1903
f 1809 1841 1924
f 1804 1840 1911
f 1810 1842 1912
f 1811 1843 1926
f 1812 1844 1928
f 1813 1847 1933
f 1808 1839 1913
f 1820 1859 1918
f 1821 1868 1943
f 1803 1870 1908
f 1799 1880 1898
f 1796 1850 1890
f 1795 1830 1888
f 1797 1860 1894
f 1798 1875 1897
f 1800 1851 1901
f 1817 1883 1938
f 1824 1879 1921
f 1822 1864 1942
f 1801 1832 1902
f 1812 1871 1931
f 1809 1846 1914
f 1804 1835 1910
f 1810 1856 1927
f 1811 1866 1930
f 1814 1872 1937
f 1805 1845 1915
f 1806 1837 1916
f 1819 1858 1939
f 1823 1869 1906
f 1817 1854 1891
f 1800 1831 1887
f 1801 1861 1893
f 1822 1878 1896
f 1824 1884 1899
f 1816 1873 1907
f 1815 1849 1934
f 1807 1838 1919
f 1818 1857 1940
f 1802 1865 1905
f 1814 1848 1925
f 1805 1836 1909
f 1806 1855 1917
f 1819 1867 1929
f 1823 1874 1932
f 1816 1853 1935
f 1815 1882 1922
f 1807 1876 1920
f 1818 1862 1941
f 1802 1833 1904
f 1799 1898 1889
f 1796 1890 1885
f 1795 1888 1886
f 1797 1894 1892
f 1798 1897 1895
f 1800 1901 1900
f 1817 1938 1936
f 1824 1921 1923
f 1822 1942 1944
f 1801 1902 1903
f 1812 1931 1924
f 1809 1914 1911
f 1804 1910 1912
f 1810 1927 1926
f 1811 1930 1928
f 1814 1937 1933
f 1805 1915 1913
f 1806 1916 1918
f 1819 1939 1943
f 1823 1906 1908
f 1889 1826 1829
f 1885 1825 1826
f 1886 1827 1825
f 1892 1828 1827
f 1895 1829 1828
f 1900 1834 1831
f 1936 1852 1854
f 1923 1881 1884
f 1944 1877 1878
f 1903 1863 1861
f 1924 1841 1844
f 1911 1840 1841
f 1912 1842 1840
f 1926 1843 1842
f 1928 1844 1843
f 1933 1847 1848
f 1913 1839 1836
f 1918 1859 1855
f 1943 1868 1867
f 1908 1870 1874
f 1898 1880 1883
f 1890 1850 1851
f 1888 1830 1832
f 1894 1860 1864
f 1897 1875 1879
f 1901 1851 1853
f 1938 1883 1882
f 1921 1879 1876
f 1942 1864 1862
f 1902 1832 1833
f 1931 1871 1872
f 1914 1846 1845
f 1910 1835 1837
f 1927 1856 1858
f 1930 1866 1869
f 1937 1872 1873
f 1915 1845 1849
f 1916 1837 1838
f 1939 1858 1857
f 1906 1869 1865
f 1891 1854 1850
f 1887 1831 1830
f 1893 1861 1860
f 1896 1878 1875
f 1899 1884 1880
f 1907 1873 1870
f 1934 1849 1847
f 1919 1838 1839
f 1940 1857 1859
f 1905 1865 1868
f 1925 1848 1846
f 1909 1836 1835
f 1917 1855 1856
f 1929 1867 1866
f 1932 1874 1871
f 1935 1853 1852
f 1922 1882 1881
f 1920 1876 1877
f 1941 1862 1863
f 1904 1833 1834
f 1889 1898 1891
f 1885 1890 1887
f 1886 1888 1893
f 1892 1894 1896
f 1895 1897 1899
f 1900 1901 1907
f 1936 1938 1934
f 1923 1921 1919
f 1944 1942 1940
f 1903 1902 1905
f 1924 1931 1925
f 1911 1914 1909
f 1912 1910 1917
f 1926 1927 1929
f 1928 1930 1932
f 1933 1937 1935
f 1913 1915 1922
f 1918 1916 1920
f 1943 1939 1941
f 1908 1906 1904
f 1945 1991 1988
f 1945 1988 1987
f 1945 1987 1989
f 1945 1989 1990
f 1945 1990 1991
f 1946 1993 1996
f 1950 2016 2014
f 1956 2046 2043
f 1955 2040 2039
f 1952 2023 2025
f 1948 2006 2003
f 1948 2003 2002
f 1948 2002 2004
f 1948 2004 2005
f 1948 2005 2006
f 1949 2010 2009
f 1947 1998 2001
f 1951 2017 2021
f 1953 2029 2030
f 1954 2036 2032
f 1956 2045 2042
f 1950 2013 2012
f 1946 1994 1992
f 1952 2026 2022
f 1955 2041 2037
f 1950 2015 2013
f 1956 2044 2045
f 1955 2038 2041
f 1952 2024 2026
f 1946 1995 1994
f 1954 2034 2033
f 1949 2007 2008
f 1947 1999 1997
f 1951 2020 2018
f 1953 2031 2028
f 1954 2035 2034
f 1949 2011 2007
f 1947 2000 1999
f 1951 2019 2020
f 1953 2027 2031
f 1950 2012 2016
f 1946 1992 1993
f 1952 2022 2023
f 1955 2037 2040
f 1956 2042 2046
f 1954 2032 2035
f 1949 2009 2011
f 1947 2001 2000
f 1951 2021 2019
f 1953 2030 2027
f 1949 2008 2010
f 1947 1997 1998
f 1951 2018 2017
f 1953 2028 2029
f 1954 2033 2036
f 1950 2014 2015
f 1956 2043 2044
f 1955 2039 2038
f 1952 2025 2024
f 1946 1996 1995
f 1979 2053 2060
f 1962 2049 2052
f 1963 2055 2050
f 1984 2058 2056
f 1986 2061 2059
f 1978 2069 2063
f 1977 2096 2100
f 1969 2081 2083
f 1980 2102 2104
f 1964 2067 2064
f 1976 2087 2093
f 1967 2071 2076
f 1968 2079 2072
f 1981 2091 2089
f 1985 2094 2092
f 1978 2097 2099
f 1977 2084 2077
f 1969 2082 2078
f 1980 2103 2101
f 1964 2066 2068
f 1961 2051 1991
f 1958 2047 1988
f 1957 2048 1987
f 1959 2054 1989
f 1960 2057 1990
f 1962 2062 1993
f 1979 2098 2016
f 1986 2085 2046
f 1984 2106 2040
f 1963 2065 2023
f 1974 2086 2006
f 1971 2073 2003
f 1966 2074 2002
f 1972 2088 2004
f 1973 2090 2005
f 1976 2095 2010
f 1967 2075 1998
f 1968 2080 2017
f 1981 2105 2029
f 1985 2070 2036
f 1979 2060 2045
f 1962 2052 2013
f 1963 2050 1994
f 1984 2056 2026
f 1986 2059 2041
f 1978 2063 2015
f 1977 2100 2044
f 1969 2083 2038
f 1980 2104 2024
f 1964 2064 1995
f 1976 2093 2034
f 1967 2076 2007
f 1968 2072 1999
f 1981 2089 2020
f 1985 2092 2031
f 1978 2099 2035
f 1977 2077 2011
f 1969 2078 2000
f 1980 2101 2019
f 1964 2068 2027
f 1958 2053 2012
f 1957 2049 1992
f 1959 2055 2022
f 1960 2058 2037
f 1961 2061 2042
f 1965 2069 2032
f 1975 2096 2009
f 1970 2081 2001
f 1982 2102 2021
f 1983 2067 2030
f 1971 2087 2008
f 1966 2071 1997
f 1972 2079 2018
f 1973 2091 2028
f 1974 2094 2033
f 1975 2097 2014
f 1970 2084 2043
f 1982 2082 2039
f 1983 2103 2025
f 1965 2066 1996
f 1958 2051 2053
f 1957 2047 2049
f 1959 2048 2055
f 1960 2054 2058
f 1961 2057 2061
f 1965 2062 2069
f 1975 2098 2096
f 1970 2085 2081
f 1982 2106 2102
f 1983 2065 2067
f 1971 2086 2087
f 1966 2073 2071
f 1972 2074 2079
f 1973 2088 2091
f 1974 2090 2094
f 1975 2095 2097
f 1970 2075 2084
f 1982 2080 2082
f 1983 2105 2103
f 1965 2070 2066
f 1958 1988 2051
f 1957 1987 2047
f 1959 1989 2048
f 1960 1990 2054
f 1961 1991 2057
f 1965 1996 2062
f 1975 2014 2098
f 1970 2043 2085
f 1982 2039 2106
f 1983 2025 2065
f 1971 2003 2086
f 1966 2002 2073
f 1972 2004 2074
f 1973 2005 2088
f 1974 2006 2090
f 1975 2009 2095
f 1970 2001 2075
f 1982 2021 2080
f 1983 2030 2105
f 1965 2032 2070
f 1961 2042 2060
f 1958 2012 2052
f 1957 1992 2050
f 1959 2022 2056
f 1960 2037 2059
f 1962 2013 2063
f 1979 2045 2100
f 1986 2041 2083
f 1984 2026 2104
f 1963 1994 2064
f 1974 2033 2093
f 1971 2008 2076
f 1966 1997 2072
f 1972 2018 2089
f 1973 2028 2092
f 1976 2034 2099
f 1967 2007 2077
f 1968 1999 2078
f 1981 2020 2101
f 1985 2031 2068
f 1979 2016 2053
f 1962 1993 2049
f 1963 2023 2055
f 1984 2040 2058
f 1986 2046 2061
f 1978 2035 2069
f 1977 2011 2096
f 1969 2000 2081
f 1980 2019 2102
f 1964 2027 2067
f 1976 2010 2087
f 1967 1998 2071
f 1968 2017 2079
f 1981 2029 2091
f 1985 2036 2094
f 1978 2015 2097
f 1977 2044 2084
f 1969 2038 2082
f 1980 2024 2103
f 1964 1995 2066
f 1961 2060 2051
f 1958 2052 2047
f 1957 2050 2048
f 1959 2056 2054
f 1960 2059 2057
f 1962 2063 2062
f 1979 2100 2098
f 1986 2083 2085
f 1984 2104 2106
f 1963 2064 2065
f 1974 2093 2086
f 1971 2076 2073
f 1966 2072 2074
f 1972 2089 2088
f 1973 2092 2090
f 1976 2099 2095
f 1967 2077 2075
f 1968 2078 2080
f 1981 2101 2105
f 1985 2068 2070
f 2051 1988 1991
f 2047 1987 1988
f 2048 1989 1987
f 2054 1990 1989
f 2057 1991 1990
f 2062 1996 1993
f 2098 2014 2016
f 2085 2043 2046
f 2106 2039 2040
f 2065 2025 2023
f 2086 2003 2006
f 2073 2002 2003
f 2074 2004 2002
f 2088 2005 2004
f 2090 2006 2005
f 2095 2009 2010
f 2075 2001 1998
f 2080 2021 2017
f 2105 2030 2029
f 2070 2032 2036
f 2060 2042 2045
f 2052 2012 2013
f 2050 1992 1994
f 2056 2022 2026
f 2059 2037 2041
f 2063 2013 2015
f 2100 2045 2044
f 2083 2041 2038
f 2104 2026 2024
f 2064 1994 1995
f 2093 2033 2034
f 2076 2008 2007
f 2072 1997 1999
f 2089 2018 2020
f 2092 2028 2031
f 2099 2034 2035
f 2077 2007 2011
f 2078 1999 2000
f 2101 2020 2019
f 2068 2031 2027
f 2053 2016 2012
f 2049 1993 1992
f 2055 2023 2022
f 2058 2040 2037
f 2061 2046 2042
f 2069 2035 2032
f 2096 2011 2009
f 2081 2000 2001
f 2102 2019 2021
f 2067 2027 2030
f 2087 2010 2008
f 2071 1998 1997
f 2079 2017 2018
f 2091 2029 2028
f 2094 2036 2033
f 2097 2015 2014
f 2084 2044 2043
f 2082 2038 2039
f 2103 2024 2025
f 2066 1995 1996
f 2051 2060 2053
f 2047 2052 2049
f 2048 2050 2055
f 2054 2056 2058
f 2057 2059 2061
f 2062 2063 2069
f 2098 2100 2096
f 2085 2083 2081
f 2106 2104 2102
f 2065 2064 2067
f 2086 2093 2087
f 2073 2076 2071
f 2074 2072 2079
f 2088 2089 2091
f 2090 2092 2094
f 2095 2099 2097
f 2075 2077 2084
f 2080 2078 2082
f 2105 2101 2103
f 2070 2068 2066
f 2107 2153 2150
f 2107 2150 2149
f 2107 2149 2151
f 2107 2151 2152
f 2107 2152 2153
f 2108 2155 2158
f 2112 2178 2176
f 2118 2208 2205
f 2117 2202 2201
f 2114 2185 2187
f 2110 2168 2165
f 2110 2165 2164
f 2110 2164 2166
f 2110 2166 2167
f 2110 2167 2168
f 2111 2172 2171
f 2109 2160 2163
f 2113 2179 2183
f 2115 2191 2192
f 2116 2198 2194
f 2118 2207 2204
f 2112 2175 2174
f 2108 2156 2154
f 2114 2188 2184
f 2117 2203 2199
f 2112 2177 2175
f 2118 2206 2207
f 2117 2200 2203
f 2114 2186 2188
f 2108 2157 2156
f 2116 2196 2195
f 2111 2169 2170
f 2109 2161 2159
f 2113 2182 2180
f 2115 2193 2190
f 2116 2197 2196
f 2111 2173 2169
f 2109 2162 2161
f 2113 2181 2182
f 2115 2189 2193
f 2112 2174 2178
f 2108 2154 2155
f 2114 2184 2185
f 2117 2199 2202
f 2118 2204 2208
f 2116 2194 2197
f 2111 2171 2173
f 2109 2163 2162
f 2113 2183 2181
f 2115 2192 2189
f 2111 2170 2172
f 2109 2159 2160
f 2113 2180 2179
f 2115 2190 2191
f 2116 2195 2198
f 2112 2176 2177
f 2118 2205 2206
f 2117 2201 2200
f 2114 2187 2186
f 2108 2158 2157
f 2141 2215 2222
f 2124 2211 2214
f 2125 2217 2212
f 2146 2220 2218
f 2148 2223 2221
f 2140 2231 2225
f 2139 2258 2262
f 2131 2243 2245
f 2142 2264 2266
f 2126 2229 2226
f 2138 2249 2255
f 2129 2233 2238
f 2130 2241 2234
f 2143 2253 2251
f 2147 2256 2254
f 2140 2259 2261
f 2139 2246 2239
f 2131 2244 2240
f 2142 2265 2263
f 2126 2228 2230
f 2123 2213 2153
f 2120 2209 2150
f 2119 2210 2149
f 2121 2216 2151
f 2122 2219 2152
f 2124 2224 2155
f 2141 2260 2178
f 2148 2247 2208
f 2146 2268 2202
f 2125 2227 2185
f 2136 2248 2168
f 2133 2235 2165
f 2128 2236 2164
f 2134 2250 2166
f 2135 2252 2167
f 2138 2257 2172
f 2129 2237 2160
f 2130 2242 2179
f 2143 2267 2191
f 2147 2232 2198
f 2141 2222 2207
f 2124 2214 2175
f 2125 2212 2156
f 2146 2218 2188
f 2148 2221 2203
f 2140 2225 2177
f 2139 2262 2206
f 2131 2245 2200
f 2142 2266 2186
f 2126 2226 2157
f 2138 2255 2196
f 2129 2238 2169
f 2130 2234 2161
f 2143 2251 2182
f 2147 2254 2193
f 2140 2261 2197
f 2139 2239 2173
f 2131 2240 2162
f 2142 2263 2181
f 2126 2230 2189
f 2120 2215 2174
f 2119 2211 2154
f 2121 2217 2184
f 2122 2220 2199
f 2123 2223 2204
f 2127 2231 2194
f 2137 2258 2171
f 2132 2243 2163
f 2144 2264 2183
f 2145 2229 2192
f 2133 2249 2170
f 2128 2233 2159
f 2134 2241 2180
f 2135 2253 2190
f 2136 2256 2195
f 2137 2259 2176
f 2132 2246 2205
f 2144 2244 2201
f 2145 2265 2187
f 2127 2228 2158
f 2120 2213 2215
f 2119 2209 2211
f 2121 2210 2217
f 2122 2216 2220
f 2123 2219 2223
f 2127 2224 2231
f 2137 2260 2258
f 2132 2247 2243
f 2144 2268 2264
f 2145 2227 2229
f 2133 2248 2249
f 2128 2235 2233
f 2134 2236 2241
f 2135 2250 2253
f 2136 2252 2256
f 2137 2257 2259
f 2132 2237 2246
f 2144 2242 2244
f 2145 2267 2265
f 2127 2232 2228
f 2120 2150 2213
f 2119 2149 2209
f 2121 2151 2210
f 2122 2152 2216
f 2123 2153 2219
f 2127 2158 2224
f 2137 2176 2260
f 2132 2205 2247
f 2144 2201 2268
f 2145 2187 2227
f 2133 2165 2248
f 2128 2164 2235
f 2134 2166 2236
f 2135 2167 2250
f 2136 2168 2252
f 2137 2171 2257
f 2132 2163 2237
f 2144 2183 2242
f 2145 2192 2267
f 2127 2194 2232
f 2123 2204 2222
f 2120 2174 2214
f 2119 2154 2212
f 2121 2184 2218
f 2122 2199 2221
f 2124 2175 2225
f 2141 2207 2262
f 2148 2203 2245
f 2146 2188 2266
f 2125 2156 2226
f 2136 2195 2255
f 2133 2170 2238
f 2128 2159 2234
f 2134 2180 2251
f 2135 2190 2254
f 2138 2196 2261
f 2129 2169 2239
f 2130 2161 2240
f 2143 2182 2263
f 2147 2193 2230
f 2141 2178 2215
f 2124 2155 2211
f 2125 2185 2217
f 2146 2202 2220
f 2148 2208 2223
f 2140 2197 2231
f 2139 2173 2258
f 2131 2162 2243
f 2142 2181 2264
f 2126 2189 2229
f 2138 2172 2249
f 2129 2160 2233
f 2130 2179 2241
f 2143 2191 2253
f 2147 2198 2256
f 2140 2177 2259
f 2139 2206 2246
f 2131 2200 2244
f 2142 2186 2265
f 2126 2157 2228
f 2123 2222 2213
f 2120 2214 2209
f 2119 2212 2210
f 2121 2218 2216
f 2122 2221 2219
f 2124 2225 2224
f 2141 2262 2260
f 2148 2245 2247
f 2146 2266 2268
f 2125 2226 2227
f 2136 2255 2248
f 2133 2238 2235
f 2128 2234 2236
f 2134 2251 2250
f 2135 2254 2252
f 2138 2261 2257
f 2129 2239 2237
f 2130 2240 2242
f 2143 2263 2267
f 2147 2230 2232
f 2213 2150 2153
f 2209 2149 2150
f 2210 2151 2149
f 2216 2152 2151
f 2219 2153 2152
f 2224 2158 2155
f 2260 2176 2178
f 2247 2205 2208
f 2268 2201 2202
f 2227 2187 2185
f 2248 2165 2168
f 2235 2164 2165
f 2236 2166 2164
f 2250 2167 2166
f 2252 2168 2167
f 2257 2171 2172
f 2237 2163 2160
f 2242 2183 2179
f 2267 2192 2191
f 2232 2194 2198
f 2222 2204 2207
f 2214 2174 2175
f 2212 2154 2156
f 2218 2184 2188
f 2221 2199 2203
f 2225 2175 2177
f 2262 2207 2206
f 2245 2203 2200
f 2266 2188 2186
f 2226 2156 2157
f 2255 2195 2196
f 2238 2170 2169
f 2234 2159 2161
f 2251 2180 2182
f 2254 2190 2193
f 2261 2196 2197
f 2239 2169 2173
f 2240 2161 2162
f 2263 2182 2181
f 2230 2193 2189
f 2215 2178 2174
f 2211 2155 2154
f 2217 2185 2184
f 2220 2202 2199
f 2223 2208 2204
f 2231 2197 2194
f 2258 2173 2171
f 2243 2162 2163
f 2264 2181 2183
f 2229 2189 2192
f 2249 2172 2170
f 2233 2160 2159
f 2241 2179 2180
f 2253 2191 2190
f 2256 2198 2195
f 2259 2177 2176
f 2246 2206 2205
f 2244 2200 2201
f 2265 2186 2187
f 2228 2157 2158
f 2213 2222 2215
f 2209 2214 2211
f 2210 2212 2217
f 2216 2218 2220
f 2219 2221 2223
f 2224 2225 2231
f 2260 2262 2258
f 2247 2245 2243
f 2268 2266 2264
f 2227 2226 2229
f 2248 2255 2249
f 2235 2238 2233
f 2236 2234 2241
f 2250 2251 2253
f 2252 2254 2256
f 2257 2261 2259
f 2237 2239 2246
f 2242 2240 2244
f 2267 2263 2265
f 2232 2230 2228
f 2269 2315 2312
f 2269 2312 2311
f 2269 2311 2313
f 2269 2313 2314
f 2269 2314 2315
f 2270 2317 2320
f 2274 2340 2338
f 2280 2370 2367
f 2279 2364 2363
f 2276 2347 2349
f 2272 2330 2327
f 2272 2327 2326
f 2272 2326 2328
f 2272 2328 2329
f 2272 2329 2330
f 2273 2334 2333
f 2271 2322 2325
f 2275 2341 2345
f 2277 2353 2354
f 2278 2360 2356
f 2280 2369 2366
f 2274 2337 2336
f 2270 2318 2316
f 2276 2350 2346
f 2279 2365 2361
f 2274 2339 2337
f 2280 2368 2369
f 2279 2362 2365
f 2276 2348 2350
f 2270 2319 2318
f 2278 2358 2357
f 2273 2331 2332
f 2271 2323 2321
f 2275 2344 2342
f 2277 2355 2352
f 2278 2359 2358
f 2273 2335 2331
f 2271 2324 2323
f 2275 2343 2344
f 2277 2351 2355
f 2274 2336 2340
f 2270 2316 2317
f 2276 2346 2347
f 2279 2361 2364
f 2280 2366 2370
f 2278 2356 2359
f 2273 2333 2335
f 2271 2325 2324
f 2275 2345 2343
f 2277 2354 2351
f 2273 2332 2334
f 2271 2321 2322
f 2275 2342 2341
f 2277 2352 2353
f 2278 2357 2360
f 2274 2338 2339
f 2280 2367 2368
f 2279 2363 2362
f 2276 2349 2348
f 2270 2320 2319
f 2303 2377 2384
f 2286 2373 2376
f 2287 2379 2374
f 2308 2382 2380
f 2310 2385 2383
f 2302 2393 2387
f 2301 2420 2424
f 2293 2405 2407
f 2304 2426 2428
f 2288 2391 2388
f 2300 2411 2417
f 2291 2395 2400
f 2292 2403 2396
f 2305 2415 2413
f 2309 2418 2416
f 2302 2421 2423
f 2301 2408 2401
f 2293 2406 2402
f 2304 2427 2425
f 2288 2390 2392
f 2285 2375 2315
f 2282 2371 2312
f 2281 2372 2311
f 2283 2378 2313
f 2284 2381 2314
f 2286 2386 2317
f 2303 2422 2340
f 2310 2409 2370
f 2308 2430 2364
f 2287 2389 2347
f 2298 2410 2330
f 2295 2397 2327
f 2290 2398 2326
f 2296 2412 2328
f 2297 2414 2329
f 2300 2419 2334
f 2291 2399 2322
f 2292 2404 2341
f 2305 2429 2353
f 2309 2394 2360
f 2303 2384 2369
f 2286 2376 2337
f 2287 2374 2318
f 2308 2380 2350
f 2310 2383 2365
f 2302 2387 2339
f 2301 2424 2368
f 2293 2407 2362
f 2304 2428 2348
f 2288 2388 2319
f 2300 2417 2358
f 2291 2400 2331
f 2292 2396 2323
f 2305 2413 2344
f 2309 2416 2355
f 2302 2423 2359
f 2301 2401 2335
f 2293 2402 2324
f 2304 2425 2343
f 2288 2392 2351
f 2282 2377 2336
f 2281 2373 2316
f 2283 2379 2346
f 2284 2382 2361
f 2285 2385 2366
f 2289 2393 2356
f 2299 2420 2333
f 2294 2405 2325
f 2306 2426 2345
f 2307 2391 2354
f 2295 2411 2332
f 2290 2395 2321
f 2296 2403 2342
f 2297 2415 2352
f 2298 2418 2357
f 2299 2421 2338
f 2294 2408 2367
f 2306 2406 2363
f 2307 2427 2349
f 2289 2390 2320
f 2282 2375 2377
f 2281 2371 2373
f 2283 2372 2379
f 2284 2378 2382
f 2285 2381 2385
f 2289 2386 2393
f 2299 2422 2420
f 2294 2409 2405
f 2306 2430 2426
f 2307 2389 2391
f 2295 2410 2411
f 2290 2397 2395
f 2296 2398 2403
f 2297 2412 2415
f 2298 2414 2418
f 2299 2419 2421
f 2294 2399 2408
f 2306 2404 2406
f 2307 2429 2427
f 2289 2394 2390
f 2282 2312 2375
f 2281 2311 2371
f 2283 2313 2372
f 2284 2314 2378
f 2285 2315 2381
f 2289 2320 2386
f 2299 2338 2422
f 2294 2367 2409
f 2306 2363 2430
f 2307 2349 2389
f 2295 2327 2410
f 2290 2326 2397
f 2296 2328 2398
f 2297 2329 2412
f 2298 2330 2414
f 2299 2333 2419
f 2294 2325 2399
f 2306 2345 2404
f 2307 2354 2429
f 2289 2356 2394
f 2285 2366 2384
f 2282 2336 2376
f 2281 2316 2374
f 2283 2346 2380
f 2284 2361 2383
f 2286 2337 2387
f 2303 2369 2424
f 2310 2365 2407
f 2308 2350 2428
f 2287 2318 2388
f 2298 2357 2417
f 2295 2332 2400
f 2290 2321 2396
f 2296 2342 2413
f 2297 2352 2416
f 2300 2358 2423
f 2291 2331 2401
f 2292 2323 2402
f 2305 2344 2425
f 2309 2355 2392
f 2303 2340 2377
f 2286 2317 2373
f 2287 2347 2379
f 2308 2364 2382
f 2310 2370 2385
f 2302 2359 2393
f 2301 2335 2420
f 2293 2324 2405
f 2304 2343 2426
f 2288 2351 2391
f 2300 2334 2411
f 2291 2322 2395
f 2292 2341 2403
f 2305 2353 2415
f 2309 2360 2418
f 2302 2339 2421
f 2301 2368 2408
f 2293 2362 2406
f 2304 2348 2427
f 2288 2319 2390
f 2285 2384 2375
f 2282 2376 2371
f 2281 2374 2372
f 2283 2380 2378
f 2284 2383 2381
f 2286 2387 2386
f 2303 2424 2422
f 2310 2407 2409
f 2308 2428 2430
f 2287 2388 2389
f 2298 2417 2410
f 2295 2400 2397
f 2290 2396 2398
f 2296 2413 2412
f 2297 2416 2414
f 2300 2423 2419
f 2291 2401 2399
f 2292 2402 2404
f 2305 2425 2429
f 2309 2392 2394
f 2375 2312 2315
f 2371 2311 2312
f 2372 2313 2311
f 2378 2314 2313
f 2381 2315 2314
f 2386 2320 2317
f 2422 2338 2340
f 2409 2367 2370
f 2430 2363 2364
f 2389 2349 2347
f 2410 2327 2330
f 2397 2326 2327
f 2398 2328 2326
f 2412 2329 2328
f 2414 2330 2329
f 2419 2333 2334
f 2399 2325 2322
f 2404 2345 2341
f 2429 2354 2353
f 2394 2356 2360
f 2384 2366 2369
f 2376 2336 2337
f 2374 2316 2318
f 2380 2346 2350
f 2383 2361 2365
f 2387 2337 2339
f 2424 2369 2368
f 2407 2365 2362
f 2428 2350 2348
f 2388 2318 2319
f 2417 2357 2358
f 2400 2332 2331
f 2396 2321 2323
f 2413 2342 2344
f 2416 2352 2355
f 2423 2358 2359
f 2401 2331 2335
f 2402 2323 2324
f 2425 2344 2343
f 2392 2355 2351
f 2377 2340 2336
f 2373 2317 2316
f 2379 2347 2346
f 2382 2364 2361
f 2385 2370 2366
f 2393 2359 2356
f 2420 2335 2333
f 2405 2324 2325
f 2426 2343 2345
f 2391 2351 2354
f 2411 2334 2332
f 2395 2322 2321
f 2403 2341 2342
f 2415 2353 2352
f 2418 2360 2357
f 2421 2339 2338
f 2408 2368 2367
f 2406 2362 2363
f 2427 2348 2349
f 2390 2319 2320
f 2375 2384 2377
f 2371 2376 2373
f 2372 2374 2379
f 2378 2380 2382
f 2381 2383 2385
f 2386 2387 2393
f 2422 2424 2420
f 2409 2407 2405
f 2430 2428 2426
f 2389 2388 2391
f 2410 2417 2411
f 2397 2400 2395
f 2398 2396 2403
f 2412 2413 2415
f 2414 2416 2418
f 2419 2423 2421
f 2399 2401 2408
f 2404 2402 2406
f 2429 2425 2427
f 2394 2392 2390
f 2431 2477 2474
f 2431 2474 2473
f 2431 2473 2475
f 2431 2475 2476
f 2431 2476 2477
f 2432 2479 2482
f 2436 2502 2500
f 2442 2532 2529
f 2441 2526 2525
f 2438 2509 2511
f 2434 2492 2489
f 2434 2489 2488
f 2434 2488 2490
f 2434 2490 2491
f 2434 2491 2492
f 2435 2496 2495
f 2433 2484 2487
f 2437 2503 2507
f 2439 2515 2516
f 2440 2522 2518
f 2442 2531 2528
f 2436 2499 2498
f 2432 2480 2478
f 2438 2512 2508
f 2441 2527 2523
f 2436 2501 2499
f 2442 2530 2531
f 2441 2524 2527
f 2438 2510 2512
f 2432 2481 2480
f 2440 2520 2519
f 2435 2493 2494
f 2433 2485 2483
f 2437 2506 2504
f 2439 2517 2514
f 2440 2521 2520
f 2435 2497 2493
f 2433 2486 2485
f 2437 2505 2506
f 2439 2513 2517
f 2436 2498 2502
f 2432 2478 2479
f 2438 2508 2509
f 2441 2523 2526
f 2442 2528 2532
f 2440 2518 2521
f 2435 2495 2497
f 2433 2487 2486
f 2437 2507 2505
f 2439 2516 2513
f 2435 2494 2496
f 2433 2483 2484
f 2437 2504 2503
f 2439 2514 2515
f 2440 2519 2522
f 2436 2500 2501
f 2442 2529 2530
f 2441 2525 2524
f 2438 2511 2510
f 2432 2482 2481
f 2465 2539 2546
f 2448 2535 2538
f 2449 2541 2536
f 2470 2544 2542
f 2472 2547 2545
f 2464 2555 2549
f 2463 2582 2586
f 2455 2567 2569
f 2466 2588 2590
f 2450 2553 2550
f 2462 2573 2579
f 2453 2557 2562
f 2454 2565 2558
f 2467 2577 2575
f 2471 2580 2578
f 2464 2583 2585
f 2463 2570 2563
f 2455 2568 2564
f 2466 2589 2587
f 2450 2552 2554
f 2447 2537 2477
f 2444 2533 2474
f 2443 2534 2473
f 2445 2540 2475
f 2446 2543 2476
f 2448 2548 2479
f 2465 2584 2502
f 2472 2571 2532
f 2470 2592 2526
f 2449 2551 2509
f 2460 2572 2492
f 2457 2559 2489
f 2452 2560 2488
f 2458 2574 2490
f 2459 2576 2491
f 2462 2581 2496
f 2453 2561 2484
f 2454 2566 2503
f 2467 2591 2515
f 2471 2556 2522
f 2465 2546 2531
f 2448 2538 2499
f 2449 2536 2480
f 2470 2542 2512
f 2472 2545 2527
f 2464 2549 2501
f 2463 2586 2530
f 2455 2569 2524
f 2466 2590 2510
f 2450 2550 2481
f 2462 2579 2520
f 2453 2562 2493
f 2454 2558 2485
f 2467 2575 2506
f 2471 2578 2517
f 2464 2585 2521
f 2463 2563 2497
f 2455 2564 2486
f 2466 2587 2505
f 2450 2554 2513
f 2444 2539 2498
f 2443 2535 2478
f 2445 2541 2508
f 2446 2544 2523
f 2447 2547 2528
f 2451 2555 2518
f 2461 2582 2495
f 2456 2567 2487
f 2468 2588 2507
f 2469 2553 2516
f 2457 2573 2494
f 2452 2557 2483
f 2458 2565 2504
f 2459 2577 2514
f 2460 2580 2519
f 2461 2583 2500
f 2456 2570 2529
f 2468 2568 2525
f 2469 2589 2511
f 2451 2552 2482
f 2444 2537 2539
f 2443 2533 2535
f 2445 2534 2541
f 2446 2540 2544
f 2447 2543 2547
f 2451 2548 2555
f 2461 2584 2582
f 2456 2571 2567
f 2468 2592 2588
f 2469 2551 2553
f 2457 2572 2573
f 2452 2559 2557
f 2458 2560 2565
f 2459 2574 2577
f 2460 2576 2580
f 2461 2581 2583
f 2456 2561 2570
f 2468 2566 2568
f 2469 2591 2589
f 2451 2556 2552
f 2444 2474 2537
f 2443 2473 2533
f 2445 2475 2534
f 2446 2476 2540
f 2447 2477 2543
f 2451 2482 2548
f 2461 2500 2584
f 2456 2529 2571
f 2468 2525 2592
f 2469 2511 2551
f 2457 2489 2572
f 2452 2488 2559
f 2458 2490 2560
f 2459 2491 2574
f 2460 2492 2576
f 2461 2495 2581
f 2456 2487 2561
f 2468 2507 2566
f 2469 2516 2591
f 2451 2518 2556
f 2447 2528 2546
f 2444 2498 2538
f 2443 2478 2536
f 2445 2508 2542
f 2446 2523 2545
f 2448 2499 2549
f 2465 2531 2586
f 2472 2527 2569
f 2470 2512 2590
f 2449 2480 2550
f 2460 2519 2579
f 2457 2494 2562
f 2452 2483 2558
f 2458 2504 2575
f 2459 2514 2578
f 2462 2520 2585
f 2453 2493 2563
f 2454 2485 2564
f 2467 2506 2587
f 2471 2517 2554
f 2465 2502 2539
f 2448 2479 2535
f 2449 2509 2541
f 2470 2526 2544
f 2472 2532 2547
f 2464 2521 2555
f 2463 2497 2582
f 2455 2486 2567
f 2466 2505 2588
f 2450 2513 2553
f 2462 2496 2573
f 2453 2484 2557
f 2454 2503 2565
f 2467 2515 2577
f 2471 2522 2580
f 2464 2501 2583
f 2463 2530 2570
f 2455 2524 2568
f 2466 2510 2589
f 2450 2481 2552
f 2447 2546 2537
f 2444 2538 2533
f 2443 2536 2534
f 2445 2542 2540
f 2446 2545 2543
f 2448 2549 2548
f 2465 2586 2584
f 2472 2569 2571
f 2470 2590 2592
f 2449 2550 2551
f 2460 2579 2572
f 2457 2562 2559
f 2452 2558 2560
f 2458 2575 2574
f 2459 2578 2576
f 2462 2585 2581
f 2453 2563 2561
f 2454 2564 2566
f 2467 2587 2591
f 2471 2554 2556
f 2537 2474 2477
f 2533 2473 2474
f 2534 2475 2473
f 2540 2476 2475
f 2543 2477 2476
f 2548 2482 2479
f 2584 2500 2502
f 2571 2529 2532
f 2592 2525 2526
f 2551 2511 2509
f 2572 2489 2492
f 2559 2488 2489
f 2560 2490 2488
f 2574 2491 2490
f 2576 2492 2491
f 2581 2495 2496
f 2561 2487 2484
f 2566 2507 2503
f 2591 2516 2515
f 2556 2518 2522
f 2546 2528 2531
f 2538 2498 2499
f 2536 2478 2480
f 2542 2508 2512
f 2545 2523 2527
f 2549 2499 2501
f 2586 2531 2530
f 2569 2527 2524
f 2590 2512 2510
f 2550 2480 2481
f 2579 2519 2520
f 2562 2494 2493
f 2558 2483 2485
f 2575 2504 2506
f 2578 2514 2517
f 2585 2520 2521
f 2563 2493 2497
f 2564 2485 2486
f 2587 2506 2505
f 2554 2517 2513
f 2539 2502 2498
f 2535 2479 2478
f 2541 2509 2508
f 2544 2526 2523
f 2547 2532 2528
f 2555 2521 2518
f 2582 2497 2495
f 2567 2486 2487
f 2588 2505 2507
f 2553 2513 2516
f 2573 2496 2494
f 2557 2484 2483
f 2565 2503 2504
f 2577 2515 2514
f 2580 2522 2519
f 2583 2501 2500
f 2570 2530 2529
f 2568 2524 2525
f 2589 2510 2511
f 2552 2481 2482
f 2537 2546 2539
f 2533 2538 2535
f 2534 2536 2541
f 2540 2542 2544
f 2543 2545 2547
f 2548 2549 2555
f 2584 2586 2582
f 2571 2569 2567
f 2592 2590 2588
f 2551 2550 2553
f 2572 2579 2573
f 2559 2562 2557
f 2560 2558 2565
f 2574 2575 2577
f 2576 2578 2580
f 2581 2585 2583
f 2561 2563 2570
f 2566 2564 2568
f 2591 2587 2589
f 2556 2554 2552
f 2593 2639 2636
f 2593 2636 2635
f 2593 2635 2637
f 2593 2637 2638
f 2593 2638 2639
f 2594 2641 2644
f 2598 2664 2662
f 2604 2694 2691
f 2603 2688 2687
f 2600 2671 2673
f 2596 2654 2651
f 2596 2651 2650
f 2596 2650 2652
f 2596 2652 2653
f 2596 2653 2654
f 2597 2658 2657
f 2595 2646 2649
f 2599 2665 2669
f 2601 2677 2678
f 2602 2684 2680
f 2604 2693 2690
f 2598 2661 2660
f 2594 2642 2640
f 2600 2674 2670
f 2603 2689 2685
f 2598 2663 2661
f 2604 2692 2693
f 2603 2686 2689
f 2600 2672 2674
f 2594 2643 2642
f 2602 2682 2681
f 2597 2655 2656
f 2595 2647 2645
f 2599 2668 2666
f 2601 2679 2676
f 2602 2683 2682
f 2597 2659 2655
f 2595 2648 2647
f 2599 2667 2668
f 2601 2675 2679
f 2598 2660 2664
f 2594 2640 2641
f 2600 2670 2671
f 2603 2685 2688
f 2604 2690 2694
f 2602 2680 2683
f 2597 2657 2659
f 2595 2649 2648
f 2599 2669 2667
f 2601 2678 2675
f 2597 2656 2658
f 2595 2645 2646
f 2599 2666 2665
f 2601 2676 2677
f 2602 2681 2684
f 2598 2662 2663
f 2604 2691 2692
f 2603 2687 2686
f 2600 2673 2672
f 2594 2644 2643
f 2627 2701 2708
f 2610 2697 2700
f 2611 2703 2698
f 2632 2706 2704
f 2634 2709 2707
f 2626 2717 2711
f 2625 2744 2748
f 2617 2729 2731
f 2628 2750 2752
f 2612 2715 2712
f 2624 2735 2741
f 2615 2719 2724
f 2616 2727 2720
f 2629 2739 2737
f 2633 2742 2740
f 2626 2745 2747
f 2625 2732 2725
f 2617 2730 2726
f 2628 2751 2749
f 2612 2714 2716
f 2609 2699 2639
f 2606 2695 2636
f 2605 2696 2635
f 2607 2702 2637
f 2608 2705 2638
f 2610 2710 2641
f 2627 2746 2664
f 2634 2733 2694
f 2632 2754 2688
f 2611 2713 2671
f 2622 2734 2654
f 2619 2721 2651
f 2614 2722 2650
f 2620 2736 2652
f 2621 2738 2653
f 2624 2743 2658
f 2615 2723 2646
f 2616 2728 2665
f 2629 2753 2677
f 2633 2718 2684
f 2627 2708 2693
f 2610 2700 2661
f 2611 2698 2642
f 2632 2704 2674
f 2634 2707 2689
f 2626 2711 2663
f 2625 2748 2692
f 2617 2731 2686
f 2628 2752 2672
f 2612 2712 2643
f 2624 2741 2682
f 2615 2724 2655
f 2616 2720 2647
f 2629 2737 2668
f 2633 2740 2679
f 2626 2747 2683
f 2625 2725 2659
f 2617 2726 2648
f 2628 2749 2667
f 2612 2716 2675
f 2606 2701 2660
f 2605 2697 2640
f 2607 2703 2670
f 2608 2706 2685
f 2609 2709 2690
f 2613 2717 2680
f 2623 2744 2657
f 2618 2729 2649
f 2630 2750 2669
f 2631 2715 2678
f 2619 2735 2656
f 2614 2719 2645
f 2620 2727 2666
f 2621 2739 2676
f 2622 2742 2681
f 2623 2745 2662
f 2618 2732 2691
f 2630 2730 2687
f 2631 2751 2673
f 2613 2714 2644
f 2606 2699 2701
f 2605 2695 2697
f 2607 2696 2703
f 2608 2702 2706
f 2609 2705 2709
f 2613 2710 2717
f 2623 2746 2744
f 2618 2733 2729
f 2630 2754 2750
f 2631 2713 2715
f 2619 2734 2735
f 2614 2721 2719
f 2620 2722 2727
f 2621 2736 2739
f 2622 2738 2742
f 2623 2743 2745
f 2618 2723 2732
f 2630 2728 2730
f 2631 2753 2751
f 2613 2718 2714
f 2606 2636 2699
f 2605 2635 2695
f 2607 2637 2696
f 2608 2638 2702
f 2609 2639 2705
f 2613 2644 2710
f 2623 2662 2746
f 2618 2691 2733
f 2630 2687 2754
f 2631 2673 2713
f 2619 2651 2734
f 2614 2650 2721
f 2620 2652 2722
f 2621 2653 2736
f 2622 2654 2738
f 2623 2657 2743
f 2618 2649 2723
f 2630 2669 2728
f 2631 2678 2753
f 2613 2680 2718
f 2609 2690 2708
f 2606 2660 2700
f 2605 2640 2698
f 2607 2670 2704
f 2608 2685 2707
f 2610 2661 2711
f 2627 2693 2748
f 2634 2689 2731
f 2632 2674 2752
f 2611 2642 2712
f 2622 2681 2741
f 2619 2656 2724
f 2614 2645 2720
f 2620 2666 2737
f 2621 2676 2740
f 2624 2682 2747
f 2615 2655 2725
f 2616 2647 2726
f 2629 2668 2749
f 2633 2679 2716
f 2627 2664 2701
f 2610 2641 2697
f 2611 2671 2703
f 2632 2688 2706
f 2634 2694 2709
f 2626 2683 2717
f 2625 2659 2744
f 2617 2648 2729
f 2628 2667 2750
f 2612 2675 2715
f 2624 2658 2735
f 2615 2646 2719
f 2616 2665 2727
f 2629 2677 2739
f 2633 2684 2742
f 2626 2663 2745
f 2625 2692 2732
f 2617 2686 2730
f 2628 2672 2751
f 2612 2643 2714
f 2609 2708 2699
f 2606 2700 2695
f 2605 2698 2696
f 2607 2704 2702
f 2608 2707 2705
f 2610 2711 2710
f 2627 2748 2746
f 2634 2731 2733
f 2632 2752 2754
f 2611 2712 2713
f 2622 2741 2734
f 2619 2724 2721
f 2614 2720 2722
f 2620 2737 2736
f 2621 2740 2738
f 2624 2747 2743
f 2615 2725 2723
f 2616 2726 2728
f 2629 2749 2753
f 2633 2716 2718
f 2699 2636 2639
f 2695 2635 2636
f 2696 2637 2635
f 2702 2638 2637
f 2705 2639 2638
f 2710 2644 2641
f 2746 2662 2664
f 2733 2691 2694
f 2754 2687 2688
f 2713 2673 2671
f 2734 2651 2654
f 2721 2650 2651
f 2722 2652 2650
f 2736 2653 2652
f 2738 2654 2653
f 2743 2657 2658
f 2723 2649 2646
f 2728 2669 2665
f 2753 2678 2677
f 2718 2680 2684
f 2708 2690 2693
f 2700 2660 2661
f 2698 2640 2642
f 2704 2670 2674
f 2707 2685 2689
f 2711 2661 2663
f 2748 2693 2692
f 2731 2689 2686
f 2752 2674 2672
f 2712 2642 2643
f 2741 2681 2682
f 2724 2656 2655
f 2720 2645 2647
f 2737 2666 2668
f 2740 2676 2679
f 2747 2682 2683
f 2725 2655 2659
f 2726 2647 2648
f 2749 2668 2667
f 2716 2679 2675
f 2701 2664 2660
f 2697 2641 2640
f 2703 2671 2670
f 2706 2688 2685
f 2709 2694 2690
f 2717 2683 2680
f 2744 2659 2657
f 2729 2648 2649
f 2750 2667 2669
f 2715 2675 2678
f 2735 2658 2656
f 2719 2646 2645
f 2727 2665 2666
f 2739 2677 2676
f 2742 2684 2681
f 2745 2663 2662
f 2732 2692 2691
f 2730 2686 2687
f 2751 2672 2673
f 2714 2643 2644
f 2699 2708 2701
f 2695 2700 2697
f 2696 2698 2703
f 2702 2704 2706
f 2705 2707 2709
f 2710 2711 2717
f 2746 2748 2744
f 2733 2731 2729
f 2754 2752 2750
f 2713 2712 2715
f 2734 2741 2735
f 2721 2724 2719
f 2722 2720 2727
f 2736 2737 2739
f 2738 2740 2742
f 2743 2747 2745
f 2723 2725 2732
f 2728 2726 2730
f 2753 2749 2751
f 2718 2716 2714
f 2755 2801 2798
f 2755 2798 2797
f 2755 2797 2799
f 2755 2799 2800
f 2755 2800 2801
f 2756 2803 2806
f 2760 2826 2824
f 2766 2856 2853
f 2765 2850 2849
f 2762 2833 2835
f 2758 2816 2813
f 2758 2813 2812
f 2758 2812 2814
f 2758 2814 2815
f 2758 2815 2816
f 2759 2820 2819
f 2757 2808 2811
f 2761 2827 2831
f 2763 2839 2840
f 2764 2846 2842
f 2766 2855 2852
f 2760 2823 2822
f 2756 2804 2802
f 2762 2836 2832
f 2765 2851 2847
f 2760 2825 2823
f 2766 2854 2855
f 2765 2848 2851
f 2762 2834 2836
f 2756 2805 2804
f 2764 2844 2843
f 2759 2817 2818
f 2757 2809 2807
f 2761 2830 2828
f 2763 2841 2838
f 2764 2845 2844
f 2759 2821 2817
f 2757 2810 2809
f 2761 2829 2830
f 2763 2837 2841
f 2760 2822 2826
f 2756 2802 2803
f 2762 2832 2833
f 2765 2847 2850
f 2766 2852 2856
f 2764 2842 2845
f 2759 2819 2821
f 2757 2811 2810
f 2761 2831 2829
f 2763 2840 2837
f 2759 2818 2820
f 2757 2807 2808
f 2761 2828 2827
f 2763 2838 2839
f 2764 2843 2846
f 2760 2824 2825
f 2766 2853 2854
f 2765 2849 2848
f 2762 2835 2834
f 2756 2806 2805
f 2789 2863 2870
f 2772 2859 2862
f 2773 2865 2860
f 2794 2868 2866
f 2796 2871 2869
f 2788 2879 2873
f 2787 2906 2910
f 2779 2891 2893
f 2790 2912 2914
f 2774 2877 2874
f 2786 2897 2903
f 2777 2881 2886
f 2778 2889 2882
f 2791 2901 2899
f 2795 2904 2902
f 2788 2907 2909
f 2787 2894 2887
f 2779 2892 2888
f 2790 2913 2911
f 2774 2876 2878
f 2771 2861 2801
f 2768 2857 2798
f 2767 2858 2797
f 2769 2864 2799
f 2770 2867 2800
f 2772 2872 2803
f 2789 2908 2826
f 2796 2895 2856
f 2794 2916 2850
f 2773 2875 2833
f 2784 2896 2816
f 2781 2883 2813
f 2776 2884 2812
f 2782 2898 2814
f 2783 2900 2815
f 2786 2905 2820
f 2777 2885 2808
f 2778 2890 2827
f 2791 2915 2839
f 2795 2880 2846
f 2789 2870 2855
f 2772 2862 2823
f 2773 2860 2804
f 2794 2866 2836
f 2796 2869 2851
f 2788 2873 2825
f 2787 2910 2854
f 2779 2893 2848
f 2790 2914 2834
f 2774 2874 2805
f 2786 2903 2844
f 2777 2886 2817
f 2778 2882 2809
f 2791 2899 2830
f 2795 2902 2841
f 2788 2909 2845
f 2787 2887 2821
f 2779 2888 2810
f 2790 2911 2829
f 2774 2878 2837
f 2768 2863 2822
f 2767 2859 2802
f 2769 2865 2832
f 2770 2868 2847
f 2771 2871 2852
f 2775 2879 2842
f 2785 2906 2819
f 2780 2891 2811
f 2792 2912 2831
f 2793 2877 2840
f 2781 2897 2818
f 2776 2881 2807
f 2782 2889 2828
f 2783 2901 2838
f 2784 2904 2843
f 2785 2907 2824
f 2780 2894 2853
f 2792 2892 2849
f 2793 2913 2835
f 2775 2876 2806
f 2768 2861 2863
f 2767 2857 2859
f 2769 2858 2865
f 2770 2864 2868
f 2771 2867 2871
f 2775 2872 2879
f 2785 2908 2906
f 2780 2895 2891
f 2792 2916 2912
f 2793 2875 2877
f 2781 2896 2897
f 2776 2883 2881
f 2782 2884 2889
f 2783 2898 2901
f 2784 2900 2904
f 2785 2905 2907
f 2780 2885 2894
f 2792 2890 2892
f 2793 2915 2913
f 2775 2880 2876
f 2768 2798 2861
f 2767 2797 2857
f 2769 2799 2858
f 2770 2800 2864
f 2771 2801 2867
f 2775 2806 2872
f 2785 2824 2908
f 2780 2853 2895
f 2792 2849 2916
f 2793 2835 2875
f 2781 2813 2896
f 2776 2812 2883
f 2782 2814 2884
f 2783 2815 2898
f 2784 2816 2900
f 2785 2819 2905
f 2780 2811 2885
f 2792 2831 2890
f 2793 2840 2915
f 2775 2842 2880
f 2771 2852 2870
f 2768 2822 2862
f 2767 2802 2860
f 2769 2832 2866
f 2770 2847 2869
f 2772 2823 2873
f 2789 2855 2910
f 2796 2851 2893
f 2794 2836 2914
f 2773 2804 2874
f 2784 2843 2903
f 2781 2818 2886
f 2776 2807 2882
f 2782 2828 2899
f 2783 2838 2902
f 2786 2844 2909
f 2777 2817 2887
f 2778 2809 2888
f 2791 2830 2911
f 2795 2841 2878
f 2789 2826 2863
f 2772 2803 2859
f 2773 2833 2865
f 2794 2850 2868
f 2796 2856 2871
f 2788 2845 2879
f 2787 2821 2906
f 2779 2810 2891
f 2790 2829 2912
f 2774 2837 2877
f 2786 2820 2897
f 2777 2808 2881
f 2778 2827 2889
f 2791 2839 2901
f 2795 2846 2904
f 2788 2825 2907
f 2787 2854 2894
f 2779 2848 2892
f 2790 2834 2913
f 2774 2805 2876
f 2771 2870 2861
f 2768 2862 2857
f 2767 2860 2858
f 2769 2866 2864
f 2770 2869 2867
f 2772 2873 2872
f 2789 2910 2908
f 2796 2893 2895
f 2794 2914 2916
f 2773 2874 2875
f 2784 2903 2896
f 2781 2886 2883
f 2776 2882 2884
f 2782 2899 2898
f 2783 2902 2900
f 2786 2909 2905
f 2777 2887 2885
f 2778 2888 2890
f 2791 2911 2915
f 2795 2878 2880
f 2861 2798 2801
f 2857 2797 2798
f 2858 2799 2797
f 2864 2800 2799
f 2867 2801 2800
f 2872 2806 2803
f 2908 2824 2826
f 2895 2853 2856
f 2916 2849 2850
f 2875 2835 2833
f 2896 2813 2816
f 2883 2812 2813
f 2884 2814 2812
f 2898 2815 2814
f 2900 2816 2815
f 2905 2819 2820
f 2885 2811 2808
f 2890 2831 2827
f 2915 2840 2839
f 2880 2842 2846
f 2870 2852 2855
f 2862 2822 2823
f 2860 2802 2804
f 2866 2832 2836
f 2869 2847 2851
f 2873 2823 2825
f 2910 2855 2854
f 2893 2851 2848
f 2914 2836 2834
f 2874 2804 2805
f 2903 2843 2844
f 2886 2818 2817
f 2882 2807 2809
f 2899 2828 2830
f 2902 2838 2841
f 2909 2844 2845
f 2887 2817 2821
f 2888 2809 2810
f 2911 2830 2829
f 2878 2841 2837
f 2863 2826 2822
f 2859 2803 2802
f 2865 2833 2832
f 2868 2850 2847
f 2871 2856 2852
f 2879 2845 2842
f 2906 2821 2819
f 2891 2810 2811
f 2912 2829 2831
f 2877 2837 2840
f 2897 2820 2818
f 2881 2808 2807
f 2889 2827 2828
f 2901 2839 2838
f 2904 2846 2843
f 2907 2825 2824
f 2894 2854 2853
f 2892 2848 2849
f 2913 2834 2835
f 2876 2805 2806
f 2861 2870 2863
f 2857 2862 2859
f 2858 2860 2865
f 2864 2866 2868
f 2867 2869 2871
f 2872 2873 2879
f 2908 2910 2906
f 2895 2893 2891
f 2916 2914 2912
f 2875 2874 2877
f 2896 2903 2897
f 2883 2886 2881
f 2884 2882 2889
f 2898 2899 2901
f 2900 2902 2904
f 2905 2909 2907
f 2885 2887 2894
f 2890 2888 2892
f 2915 2911 2913
f 2880 2878 2876
f 2917 2963 2960
f 2917 2960 2959
f 2917 2959 2961
f 2917 2961 2962
f 2917 2962 2963
f 2918 2965 2968
f 2922 2988 2986
f 2928 3018 3015
f 2927 3012 3011
f 2924 2995 2997
f 2920 2978 2975
f 2920 2975 2974
f 2920 2974 2976
f 2920 2976 2977
f 2920 2977 2978
f 2921 2982 2981
f 2919 2970 2973
f 2923 2989 2993
f 2925 3001 3002
f 2926 3008 3004
f 2928 3017 3014
f 2922 2985 2984
f 2918 2966 2964
f 2924 2998 2994
f 2927 3013 3009
f 2922 2987 2985
f 2928 3016 3017
f 2927 3010 3013
f 2924 2996 2998
f 2918 2967 2966
f 2926 3006 3005
f 2921 2979 2980
f 2919 2971 2969
f 2923 2992 2990
f 2925 3003 3000
f 2926 3007 3006
f 2921 2983 2979
f 2919 2972 2971
f 2923 2991 2992
f 2925 2999 3003
f 2922 2984 2988
f 2918 2964 2965
f 2924 2994 2995
f 2927 3009 3012
f 2928 3014 3018
f 2926 3004 3007
f 2921 2981 2983
f 2919 2973 2972
f 2923 2993 2991
f 2925 3002 2999
f 2921 2980 2982
f 2919 2969 2970
f 2923 2990 2989
f 2925 3000 3001
f 2926 3005 3008
f 2922 2986 2987
f 2928 3015 3016
f 2927 3011 3010
f 2924 2997 2996
f 2918 2968 2967
f 2951 3025 3032
f 2934 3021 3024
f 2935 3027 3022
f 2956 3030 3028
f 2958 3033 3031
f 2950 3041 3035
f 2949 3068 3072
f 2941 3053 3055
f 2952 3074 3076
f 2936 3039 3036
f 2948 3059 3065
f 2939 3043 3048
f 2940 3051 3044
f 2953 3063 3061
f 2957 3066 3064
f 2950 3069 3071
f 2949 3056 3049
f 2941 3054 3050
f 2952 3075 3073
f 2936 3038 3040
f 2933 3023 2963
f 2930 3019 2960
f 2929 3020 2959
f 2931 3026 2961
f 2932 3029 2962
f 2934 3034 2965
f 2951 3070 2988
f 2958 3057 3018
f 2956 3078 3012
f 2935 3037 2995
f 2946 3058 2978
f 2943 3045 2975
f 2938 3046 2974
f 2944 3060 2976
f 2945 3062 2977
f 2948 3067 2982
f 2939 3047 2970
f 2940 3052 2989
f 2953 3077 3001
f 2957 3042 3008
f 2951 3032 3017
f 2934 3024 2985
f 2935 3022 2966
f 2956 3028 2998
f 2958 3031 3013
f 2950 3035 2987
f 2949 3072 3016
f 2941 3055 3010
f 2952 3076 2996
f 2936 3036 2967
f 2948 3065 3006
f 2939 3048 2979
f 2940 3044 2971
f 2953 3061 2992
f 2957 3064 3003
f 2950 3071 3007
f 2949 3049 2983
f 2941 3050 2972
f 2952 3073 2991
f 2936 3040 2999
f 2930 3025 2984
f 2929 3021 2964
f 2931 3027 2994
f 2932 3030 3009
f 2933 3033 3014
f 2937 3041 3004
f 2947 3068 2981
f 2942 3053 2973
f 2954 3074 2993
f 2955 3039 3002
f 2943 3059 2980
f 2938 3043 2969
f 2944 3051 2990
f 2945 3063 3000
f 2946 3066 3005
f 2947 3069 2986
f 2942 3056 3015
f 2954 3054 3011
f 2955 3075 2997
f 2937 3038 2968
f 2930 3023 3025
f 2929 3019 3021
f 2931 3020 3027
f 2932 3026 3030
f 2933 3029 3033
f 2937 3034 3041
f 2947 3070 3068
f 2942 3057 3053
f 2954 3078 3074
f 2955 3037 3039
f 2943 3058 3059
f 2938 3045 3043
f 2944 3046 3051
f 2945 3060 3063
f 2946 3062 3066
f 2947 3067 3069
f 2942 3047 3056
f 2954 3052 3054
f 2955 3077 3075
f 2937 3042 3038
f 2930 2960 3023
f 2929 2959 3019
f 2931 2961 3020
f 2932 2962 3026
f 2933 2963 3029
f 2937 2968 3034
f 2947 2986 3070
f 2942 3015 3057
f 2954 3011 3078
f 2955 2997 3037
f 2943 2975 3058
f 2938 2974 3045
f 2944 2976 3046
f 2945 2977 3060
f 2946 2978 3062
f 2947 2981 3067
f 2942 2973 3047
f 2954 2993 3052
f 2955 3002 3077
f 2937 3004 3042
f 2933 3014 3032
f 2930 2984 3024
f 2929 2964 3022
f 2931 2994 3028
f 2932 3009 3031
f 2934 2985 3035
f 2951 3017 3072
f 2958 3013 3055
f 2956 2998 3076
f 2935 2966 3036
f 2946 3005 3065
f 2943 2980 3048
f 2938 2969 3044
f 2944 2990 3061
f 2945 3000 3064
f 2948 3006 3071
f 2939 2979 3049
f 2940 2971 3050
f 2953 2992 3073
f 2957 3003 3040
f 2951 2988 3025
f 2934 2965 3021
f 2935 2995 3027
f 2956 3012 3030
f 2958 3018 3033
f 2950 3007 3041
f 2949 2983 3068
f 2941 2972 3053
f 2952 2991 3074
f 2936 2999 3039
f 2948 2982 3059
f 2939 2970 3043
f 2940 2989 3051
f 2953 3001 3063
f 2957 3008 3066
f 2950 2987 3069
f 2949 3016 3056
f 2941 3010 3054
f 2952 2996 3075
f 2936 2967 3038
f 2933 3032 3023
f 2930 3024 3019
f 2929 3022 3020
f 2931 3028 3026
f 2932 3031 3029
f 2934 3035 3034
f 2951 3072 3070
f 2958 3055 3057
f 2956 3076 3078
f 2935 3036 3037
f 2946 3065 3058
f 2943 3048 3045
f 2938 3044 3046
f 2944 3061 3060
f 2945 3064 3062
f 2948 3071 3067
f 2939 3049 3047
f 2940 3050 3052
f 2953 3073 3077
f 2957 3040 3042
f 3023 2960 2963
f 3019 2959 2960
f 3020 2961 2959
f 3026 2962 2961
f 3029 2963 2962
f 3034 2968 2965
f 3070 2986 2988
f 3057 3015 3018
f 3078 3011 3012
f 3037 2997 2995
f 3058 2975 2978
f 3045 2974 2975
f 3046 2976 2974
f 3060 2977 2976
f 3062 2978 2977
f 3067 2981 2982
f 3047 2973 2970
f 3052 2993 2989
f 3077 3002 3001
f 3042 3004 3008
f 3032 3014 3017
f 3024 2984 2985
f 3022 2964 2966
f 3028 2994 2998
f 3031 3009 3013
f 3035 2985 2987
f 3072 3017 3016
f 3055 3013 3010
f 3076 2998 2996
f 3036 2966 2967
f 3065 3005 3006
f 3048 2980 2979
f 3044 2969 2971
f 3061 2990 2992
f 3064 3000 3003
f 3071 3006 3007
f 3049 2979 2983
f 3050 2971 2972
f 3073 2992 2991
f 3040 3003 2999
f 3025 2988 2984
f 3021 2965 2964
f 3027 2995 2994
f 3030 3012 3009
f 3033 3018 3014
f 3041 3007 3004
f 3068 2983 2981
f 3053 2972 2973
f 3074 2991 2993
f 3039 2999 3002
f 3059 2982 2980
f 3043 2970 2969
f 3051 2989 2990
f 3063 3001 3000
f 3066 3008 3005
f 3069 2987 2986
f 3056 3016 3015
f 3054 3010 3011
f 3075 2996 2997
f 3038 2967 2968
f 3023 3032 3025
f 3019 3024 3021
f 3020 3022 3027
f 3026 3028 3030
f 3029 3031 3033
f 3034 3035 3041
f 3070 3072 3068
f 3057 3055 3053
f 3078 3076 3074
f 3037 3036 3039
f 3058 3065 3059
f 3045 3048 3043
f 3046 3044 3051
f 3060 3061 3063
f 3062 3064 3066
f 3067 3071 3069
f 3047 3049 3056
f 3052 3050 3054
f 3077 3073 3075
f 3042 3040 3038
f 3079 3125 3122
f 3079 3122 3121
f 3079 3121 3123
f 3079 3123 3124
f 3079 3124 3125
f 3080 3127 3130
f 3084 3150 3148
f 3090 3180 3177
f 3089 3174 3173
f 3086 3157 3159
f 3082 3140 3137
f 3082 3137 3136
f 3082 3136 3138
f 3082 3138 3139
f 3082 3139 3140
f 3083 3144 3143
f 3081 3132 3135
f 3085 3151 3155
f 3087 3163 3164
f 3088 3170 3166
f 3090 3179 3176
f 3084 3147 3146
f 3080 3128 3126
f 3086 3160 3156
f 3089 3175 3171
f 3084 3149 3147
f 3090 3178 3179
f 3089 3172 3175
f 3086 3158 3160
f 3080 3129 3128
f 3088 3168 3167
f 3083 3141 3142
f 3081 3133 3131
f 3085 3154 3152
f 3087 3165 3162
f 3088 3169 3168
f 3083 3145 3141
f 3081 3134 3133
f 3085 3153 3154
f 3087 3161 3165
f 3084 3146 3150
f 3080 3126 3127
f 3086 3156 3157
f 3089 3171 3174
f 3090 3176 3180
f 3088 3166 3169
f 3083 3143 3145
f 3081 3135 3134
f 3085 3155 3153
f 3087 3164 3161
f 3083 3142 3144
f 3081 3131 3132
f 3085 3152 3151
f 3087 3162 3163
f 3088 3167 3170
f 3084 3148 3149
f 3090 3177 3178
f 3089 3173 3172
f 3086 3159 3158
f 3080 3130 3129
f 3113 3187 3194
f 3096 3183 3186
f 3097 3189 3184
f 3118 3192 3190
f 3120 3195 3193
f 3112 3203 3197
f 3111 3230 3234
f 3103 3215 3217
f 3114 3236 3238
f 3098 3201 3198
f 3110 3221 3227
f 3101 3205 3210
f 3102 3213 3206
f 3115 3225 3223
f 3119 3228 3226
f 3112 3231 3233
f 3111 3218 3211
f 3103 3216 3212
f 3114 3237 3235
f 3098 3200 3202
f 3095 3185 3125
f 3092 3181 3122
f 3091 3182 3121
f 3093 3188 3123
f 3094 3191 3124
f 3096 3196 3127
f 3113 3232 3150
f 3120 3219 3180
f 3118 3240 3174
f 3097 3199 3157
f 3108 3220 3140
f 3105 3207 3137
f 3100 3208 3136
f 3106 3222 3138
f 3107 3224 3139
f 3110 3229 3144
f 3101 3209 3132
f 3102 3214 3151
f 3115 3239 3163
f 3119 3204 3170
f 3113 3194 3179
f 3096 3186 3147
f 3097 3184 3128
f 3118 3190 3160
f 3120 3193 3175
f 3112 3197 3149
f 3111 3234 3178
f 3103 3217 3172
f 3114 3238 3158
f 3098 3198 3129
f 3110 3227 3168
f 3101 3210 3141
f 3102 3206 3133
f 3115 3223 3154
f 3119 3226 3165
f 3112 3233 3169
f 3111 3211 3145
f 3103 3212 3134
f 3114 3235 3153
f 3098 3202 3161
f 3092 3187 3146
f 3091 3183 3126
f 3093 3189 3156
f 3094 3192 3171
f 3095 3195 3176
f 3099 3203 3166
f 3109 3230 3143
f 3104 3215 3135
f 3116 3236 3155
f 3117 3201 3164
f 3105 3221 3142
f 3100 3205 3131
f 3106 3213 3152
f 3107 3225 3162
f 3108 3228 3167
f 3109 3231 3148
f 3104 3218 3177
f 3116 3216 3173
f 3117 3237 3159
f 3099 3200 3130
f 3092 3185 3187
f 3091 3181 3183
f 3093 3182 3189
f 3094 3188 3192
f 3095 3191 3195
f 3099 3196 3203
f 3109 3232 3230
f 3104 3219 3215
f 3116 3240 3236
f 3117 3199 3201
f 3105 3220 3221
f 3100 3207 3205
f 3106 3208 3213
f 3107 3222 3225
f 3108 3224 3228
f 3109 3229 3231
f 3104 3209 3218
f 3116 3214 3216
f 3117 3239 3237
f 3099 3204 3200
f 3092 3122 3185
f 3091 3121 3181
f 3093 3123 3182
f 3094 3124 3188
f 3095 3125 3191
f 3099 3130 3196
f 3109 3148 3232
f 3104 3177 3219
f 3116 3173 3240
f 3117 3159 3199
f 3105 3137 3220
f 3100 3136 3207
f 3106 3138 3208
f 3107 3139 3222
f 3108 3140 3224
f 3109 3143 3229
f 3104 3135 3209
f 3116 3155 3214
f 3117 3164 3239
f 3099 3166 3204
f 3095 3176 3194
f 3092 3146 3186
f 3091 3126 3184
f 3093 3156 3190
f 3094 3171 3193
f 3096 3147 3197
f 3113 3179 3234
f 3120 3175 3217
f 3118 3160 3238
f 3097 3128 3198
f 3108 3167 3227
f 3105 3142 3210
f 3100 3131 3206
f 3106 3152 3223
f 3107 3162 3226
f 3110 3168 3233
f 3101 3141 3211
f 3102 3133 3212
f 3115 3154 3235
f 3119 3165 3202
f 3113 3150 3187
f 3096 3127 3183
f 3097 3157 3189
f 3118 3174 3192
f 3120 3180 3195
f 3112 3169 3203
f 3111 3145 3230
f 3103 3134 3215
f 3114 3153 3236
f 3098 3161 3201
f 3110 3144 3221
f 3101 3132 3205
f 3102 3151 3213
f 3115 3163 3225
f 3119 3170 3228
f 3112 3149 3231
f 3111 3178 3218
f 3103 3172 3216
f 3114 3158 3237
f 3098 3129 3200
f 3095 3194 3185
f 3092 3186 3181
f 3091 3184 3182
f 3093 3190 3188
f 3094 3193 3191
f 3096 3197 3196
f 3113 3234 3232
f 3120 3217 3219
f 3118 3238 3240
f 3097 3198 3199
f 3108 3227 3220
f 3105 3210 3207
f 3100 3206 3208
f 3106 3223 3222
f 3107 3226 3224
f 3110 3233 3229
f 3101 3211 3209
f 3102 3212 3214
f 3115 3235 3239
f 3119 3202 3204
f 3185 3122 3125
f 3181 3121 3122
f 3182 3123 3121
f 3188 3124 3123
f 3191 3125 3124
f 3196 3130 3127
f 3232 3148 3150
f 3219 3177 3180
f 3240 3173 3174
f 3199 3159 3157
f 3220 3137 3140
f 3207 3136 3137
f 3208 3138 3136
f 3222 3139 3138
f 3224 3140 3139
f 3229 3143 3144
f 3209 3135 3132
f 3214 3155 3151
f 3239 3164 3163
f 3204 3166 3170
f 3194 3176 3179
f 3186 3146 3147
f 3184 3126 3128
f 3190 3156 3160
f 3193 3171 3175
f 3197 3147 3149
f 3234 3179 3178
f 3217 3175 3172
f 3238 3160 3158
f 3198 3128 3129
f 3227 3167 3168
f 3210 3142 3141
f 3206 3131 3133
f 3223 3152 3154
f 3226 3162 3165
f 3233 3168 3169
f 3211 3141 3145
f 3212 3133 3134
f 3235 3154 3153
f 3202 3165 3161
f 3187 3150 3146
f 3183 3127 3126
f 3189 3157 3156
f 3192 3174 3171
f 3195 3180 3176
f 3203 3169 3166
f 3230 3145 3143
f 3215 3134 3135
f 3236 3153 3155
f 3201 3161 3164
f 3221 3144 3142
f 3205 3132 3131
f 3213 3151 3152
f 3225 3163 3162
f 3228 3170 3167
f 3231 3149 3148
f 3218 3178 3177
f 3216 3172 3173
f 3237 3158 3159
f 3200 3129 3130
f 3185 3194 3187
f 3181 3186 3183
f 3182 3184 3189
f 3188 3190 3192
f 3191 3193 3195
f 3196 3197 3203
f 3232 3234 3230
f 3219 3217 3215
f 3240 3238 3236
f 3199 3198 3201
f 3220 3227 3221
f 3207 3210 3205
f 3208 3206 3213
f 3222 3223 3225
f 3224 3226 3228
f 3229 3233 3231
f 3209 3211 3218
f 3214 3212 3216
f 3239 3235 3237
f 3204 3202 3200
f 3241 3287 3284
f 3241 3284 3283
f 3241 3283 3285
f 3241 3285 3286
f 3241 3286 3287
f 3242 3289 3292
f 3246 3312 3310
f 3252 3342 3339
f 3251 3336 3335
f 3248 3319 3321
f 3244 3302 3299
f 3244 3299 3298
f 3244 3298 3300
f 3244 3300 3301
f 3244 3301 3302
f 3245 3306 3305
f 3243 3294 3297
f 3247 3313 3317
f 3249 3325 3326
f 3250 3332 3328
f 3252 3341 3338
f 3246 3309 3308
f 3242 3290 3288
f 3248 3322 3318
f 3251 3337 3333
f 3246 3311 3309
f 3252 3340 3341
f 3251 3334 3337
f 3248 3320 3322
f 3242 3291 3290
f 3250 3330 3329
f 3245 3303 3304
f 3243 3295 3293
f 3247 3316 3314
f 3249 3327 3324
f 3250 3331 3330
f 3245 3307 3303
f 3243 3296 3295
f 3247 3315 3316
f 3249 3323 3327
f 3246 3308 3312
f 3242 3288 3289
f 3248 3318 3319
f 3251 3333 3336
f 3252 3338 3342
f 3250 3328 3331
f 3245 3305 3307
f 3243 3297 3296
f 3247 3317 3315
f 3249 3326 3323
f 3245 3304 3306
f 3243 3293 3294
f 3247 3314 3313
f 3249 3324 3325
f 3250 3329 3332
f 3246 3310 3311
f 3252 3339 3340
f 3251 3335 3334
f 3248 3321 3320
f 3242 3292 3291
f 3275 3349 3356
f 3258 3345 3348
f 3259 3351 3346
f 3280 3354 3352
f 3282 3357 3355
f 3274 3365 3359
f 3273 3392 3396
f 3265 3377 3379
f 3276 3398 3400
f 3260 3363 3360
f 3272 3383 3389
f 3263 3367 3372
f 3264 3375 3368
f 3277 3387 3385
f 3281 3390 3388
f 3274 3393 3395
f 3273 3380 3373
f 3265 3378 3374
f 3276 3399 3397
f 3260 3362 3364
f 3257 3347 3287
f 3254 3343 3284
f 3253 3344 3283
f 3255 3350 3285
f 3256 3353 3286
f 3258 3358 3289
f 3275 3394 3312
f 3282 3381 3342
f 3280 3402 3336
f 3259 3361 3319
f 3270 3382 3302
f 3267 3369 3299
f 3262 3370 3298
f 3268 3384 3300
f 3269 3386 3301
f 3272 3391 3306
f 3263 3371 3294
f 3264 3376 3313
f 3277 3401 3325
f 3281 3366 3332
f 3275 3356 3341
f 3258 3348 3309
f 3259 3346 3290
f 3280 3352 3322
f 3282 3355 3337
f 3274 3359 3311
f 3273 3396 3340
f 3265 3379 3334
f 3276 3400 3320
f 3260 3360 3291
f 3272 3389 3330
f 3263 3372 3303
f 3264 3368 3295
f 3277 3385 3316
f 3281 3388 3327
f 3274 3395 3331
f 3273 3373 3307
f 3265 3374 3296
f 3276 3397 3315
f 3260 3364 3323
f 3254 3349 3308
f 3253 3345 3288
f 3255 3351 3318
f 3256 3354 3333
f 3257 3357 3338
f 3261 3365 3328
f 3271 3392 3305
f 3266 3377 3297
f 3278 3398 3317
f 3279 3363 3326
f 3267 3383 3304
f 3262 3367 3293
f 3268 3375 3314
f 3269 3387 3324
f 3270 3390 3329
f 3271 3393 3310
f 3266 3380 3339
f 3278 3378 3335
f 3279 3399 3321
f 3261 3362 3292
f 3254 3347 3349
f 3253 3343 3345
f 3255 3344 3351
f 3256 3350 3354
f 3257 3353 3357
f 3261 3358 3365
f 3271 3394 3392
f 3266 3381 3377
f 3278 3402 3398
f 3279 3361 3363
f 3267 3382 3383
f 3262 3369 3367
f 3268 3370 3375
f 3269 3384 3387
f 3270 3386 3390
f 3271 3391 3393
f 3266 3371 3380
f 3278 3376 3378
f 3279 3401 3399
f 3261 3366 3362
f 3254 3284 3347
f 3253 3283 3343
f 3255 3285 3344
f 3256 3286 3350
f 3257 3287 3353
f 3261 3292 3358
f 3271 3310 3394
f 3266 3339 3381
f 3278 3335 3402
f 3279 3321 3361
f 3267 3299 3382
f 3262 3298 3369
f 3268 3300 3370
f 3269 3301 3384
f 3270 3302 3386
f 3271 3305 3391
f 3266 3297 3371
f 3278 3317 3376
f 3279 3326 3401
f 3261 3328 3366
f 3257 3338 3356
f 3254 3308 3348
f 3253 3288 3346
f 3255 3318 3352
f 3256 3333 3355
f 3258 3309 3359
f 3275 3341 3396
f 3282 3337 3379
f 3280 3322 3400
f 3259 3290 3360
f 3270 3329 3389
f 3267 3304 3372
f 3262 3293 3368
f 3268 3314 3385
f 3269 3324 3388
f 3272 3330 3395
f 3263 3303 3373
f 3264 3295 3374
f 3277 3316 3397
f 3281 3327 3364
f 3275 3312 3349
f 3258 3289 3345
f 3259 3319 3351
f 3280 3336 3354
f 3282 3342 3357
f 3274 3331 3365
f 3273 3307 3392
f 3265 3296 3377
f 3276 3315 3398
f 3260 3323 3363
f 3272 3306 3383
f 3263 3294 3367
f 3264 3313 3375
f 3277 3325 3387
f 3281 3332 3390
f 3274 3311 3393
f 3273 3340 3380
f 3265 3334 3378
f 3276 3320 3399
f 3260 3291 3362
f 3257 3356 3347
f 3254 3348 3343
f 3253 3346 3344
f 3255 3352 3350
f 3256 3355 3353
f 3258 3359 3358
f 3275 3396 3394
f 3282 3379 3381
f 3280 3400 3402
f 3259 3360 3361
f 3270 3389 3382
f 3267 3372 3369
f 3262 3368 3370
f 3268 3385 3384
f 3269 3388 3386
f 3272 3395 3391
f 3263 3373 3371
f 3264 3374 3376
f 3277 3397 3401
f 3281 3364 3366
f 3347 3284 3287
f 3343 3283 3284
f 3344 3285 3283
f 3350 3286 3285
f 3353 3287 3286
f 3358 3292 3289
f 3394 3310 3312
f 3381 3339 3342
f 3402 3335 3336
f 3361 3321 3319
f 3382 3299 3302
f 3369 3298 3299
f 3370 3300 3298
f 3384 3301 3300
f 3386 3302 3301
f 3391 3305 3306
f 3371 3297 3294
f 3376 3317 3313
f 3401 3326 3325
f 3366 3328 3332
f 3356 3338 3341
f 3348 3308 3309
f 3346 3288 3290
f 3352 3318 3322
f 3355 3333 3337
f 3359 3309 3311
f 3396 3341 3340
f 3379 3337 3334
f 3400 3322 3320
f 3360 3290 3291
f 3389 3329 3330
f 3372 3304 3303
f 3368 3293 3295
f 3385 3314 3316
f 3388 3324 3327
f 3395 3330 3331
f 3373 3303 3307
f 3374 3295 3296
f 3397 3316 3315
f 3364 3327 3323
f 3349 3312 3308
f 3345 3289 3288
f 3351 3319 3318
f 3354 3336 3333
f 3357 3342 3338
f 3365 3331 3328
f 3392 3307 3305
f 3377 3296 3297
f 3398 3315 3317
f 3363 3323 3326
f 3383 3306 3304
f 3367 3294 3293
f 3375 3313 3314
f 3387 3325 3324
f 3390 3332 3329
f 3393 3311 3310
f 3380 3340 3339
f 3378 3334 3335
f 3399 3320 3321
f 3362 3291 3292
f 3347 3356 3349
f 3343 3348 3345
f 3344 3346 3351
f 3350 3352 3354
f 3353 3355 3357
f 3358 3359 3365
f 3394 3396 3392
f 3381 3379 3377
f 3402 3400 3398
f 3361 3360 3363
f 3382 3389 3383
f 3369 3372 3367
f 3370 3368 3375
f 3384 3385 3387
f 3386 3388 3390
f 3391 3395 3393
f 3371 3373 3380
f 3376 3374 3378
f 3401 3397 3399
f 3366 3364 3362
f 3403 3449 3446
f 3403 3446 3445
f 3403 3445 3447
f 3403 3447 3448
f 3403 3448 3449
f 3404 3451 3454
f 3408 3474 3472
f 3414 3504 3501
f 3413 3498 3497
f 3410 3481 3483
f 3406 3464 3461
f 3406 3461 3460
f 3406 3460 3462
f 3406 3462 3463
f 3406 3463 3464
f 3407 3468 3467
f 3405 3456 3459
f 3409 3475 3479
f 3411 3487 3488
f 3412 3494 3490
f 3414 3503 3500
f 3408 3471 3470
f 3404 3452 3450
f 3410 3484 3480
f 3413 3499 3495
f 3408 3473 3471
f 3414 3502 3503
f 3413 3496 3499
f 3410 3482 3484
f 3404 3453 3452
f 3412 3492 3491
f 3407 3465 3466
f 3405 3457 3455
f 3409 3478 3476
f 3411 3489 3486
f 3412 3493 3492
f 3407 3469 3465
f 3405 3458 3457
f 3409 3477 3478
f 3411 3485 3489
f 3408 3470 3474
f 3404 3450 3451
f 3410 3480 3481
f 3413 3495 3498
f 3414 3500 3504
f 3412 3490 3493
f 3407 3467 3469
f 3405 3459 3458
f 3409 3479 3477
f 3411 3488 3485
f 3407 3466 3468
f 3405 3455 3456
f 3409 3476 3475
f 3411 3486 3487
f 3412 3491 3494
f 3408 3472 3473
f 3414 3501 3502
f 3413 3497 3496
f 3410 3483 3482
f 3404 3454 3453
f 3437 3511 3518
f 3420 3507 3510
f 3421 3513 3508
f 3442 3516 3514
f 3444 3519 3517
f 3436 3527 3521
f 3435 3554 3558
f 3427 3539 3541
f 3438 3560 3562
f 3422 3525 3522
f 3434 3545 3551
f 3425 3529 3534
f 3426 3537 3530
f 3439 3549 3547
f 3443 3552 3550
f 3436 3555 3557
f 3435 3542 3535
f 3427 3540 3536
f 3438 3561 3559
f 3422 3524 3526
f 3419 3509 3449
f 3416 3505 3446
f 3415 3506 3445
f 3417 3512 3447
f 3418 3515 3448
f 3420 3520 3451
f 3437 3556 3474
f 3444 3543 3504
f 3442 3564 3498
f 3421 3523 3481
f 3432 3544 3464
f 3429 3531 3461
f 3424 3532 3460
f 3430 3546 3462
f 3431 3548 3463
f 3434 3553 3468
f 3425 3533 3456
f 3426 3538 3475
f 3439 3563 3487
f 3443 3528 3494
f 3437 3518 3503
f 3420 3510 3471
f 3421 3508 3452
f 3442 3514 3484
f 3444 3517 3499
f 3436 3521 3473
f 3435 3558 3502
f 3427 3541 3496
f 3438 3562 3482
f 3422 3522 3453
f 3434 3551 3492
f 3425 3534 3465
f 3426 3530 3457
f 3439 3547 3478
f 3443 3550 3489
f 3436 3557 3493
f 3435 3535 3469
f 3427 3536 3458
f 3438 3559 3477
f 3422 3526 3485
f 3416 3511 3470
f 3415 3507 3450
f 3417 3513 3480
f 3418 3516 3495
f 3419 3519 3500
f 3423 3527 3490
f 3433 3554 3467
f 3428 3539 3459
f 3440 3560 3479
f 3441 3525 3488
f 3429 3545 3466
f 3424 3529 3455
f 3430 3537 3476
f 3431 3549 3486
f 3432 3552 3491
f 3433 3555 3472
f 3428 3542 3501
f 3440 3540 3497
f 3441 3561 3483
f 3423 3524 3454
f 3416 3509 3511
f 3415 3505 3507
f 3417 3506 3513
f 3418 3512 3516
f 3419 3515 3519
f 3423 3520 3527
f 3433 3556 3554
f 3428 3543 3539
f 3440 3564 3560
f 3441 3523 3525
f 3429 3544 3545
f 3424 3531 3529
f 3430 3532 3537
f 3431 3546 3549
f 3432 3548 3552
f 3433 3553 3555
f 3428 3533 3542
f 3440 3538 3540
f 3441 3563 3561
f 3423 3528 3524
f 3416 3446 3509
f 3415 3445 3505
f 3417 3447 3506
f 3418 3448 3512
f 3419 3449 3515
f 3423 3454 3520
f 3433 3472 3556
f 3428 3501 3543
f 3440 3497 3564
f 3441 3483 3523
f 3429 3461 3544
f 3424 3460 3531
f 3430 3462 3532
f 3431 3463 3546
f 3432 3464 3548
f 3433 3467 3553
f 3428 3459 3533
f 3440 3479 3538
f 3441 3488 3563
f 3423 3490 3528
f 3419 3500 3518
f 3416 3470 3510
f 3415 3450 3508
f 3417 3480 3514
f 3418 3495 3517
f 3420 3471 3521
f 3437 3503 3558
f 3444 3499 3541
f 3442 3484 3562
f 3421 3452 3522
f 3432 3491 3551
f 3429 3466 3534
f 3424 3455 3530
f 3430 3476 3547
f 3431 3486 3550
f 3434 3492 3557
f 3425 3465 3535
f 3426 3457 3536
f 3439 3478 3559
f 3443 3489 3526
f 3437 3474 3511
f 3420 3451 3507
f 3421 3481 3513
f 3442 3498 3516
f 3444 3504 3519
f 3436 3493 3527
f 3435 3469 3554
f 3427 3458 3539
f 3438 3477 3560
f 3422 3485 3525
f 3434 3468 3545
f 3425 3456 3529
f 3426 3475 3537
f 3439 3487 3549
f 3443 3494 3552
f 3436 3473 3555
f 3435 3502 3542
f 3427 3496 3540
f 3438 3482 3561
f 3422 3453 3524
f 3419 3518 3509
f 3416 3510 3505
f 3415 3508 3506
f 3417 3514 3512
f 3418 3517 3515
f 3420 3521 3520
f 3437 3558 3556
f 3444 3541 3543
f 3442 3562 3564
f 3421 3522 3523
f 3432 3551 3544
f 3429 3534 3531
f 3424 3530 3532
f 3430 3547 3546
f 3431 3550 3548
f 3434 3557 3553
f 3425 3535 3533
f 3426 3536 3538
f 3439 3559 3563
f 3443 3526 3528
f 3509 3446 3449
f 3505 3445 3446
f 3506 3447 3445
f 3512 3448 3447
f 3515 3449 3448
f 3520 3454 3451
f 3556 3472 3474
f 3543 3501 3504
f 3564 3497 3498
f 3523 3483 3481
f 3544 3461 3464
f 3531 3460 3461
f 3532 3462 3460
f 3546 3463 3462
f 3548 3464 3463
f 3553 3467 3468
f 3533 3459 3456
f 3538 3479 3475
f 3563 3488 3487
f 3528 3490 3494
f 3518 3500 3503
f 3510 3470 3471
f 3508 3450 3452
f 3514 3480 3484
f 3517 3495 3499
f 3521 3471 3473
f 3558 3503 3502
f 3541 3499 3496
f 3562 3484 3482
f 3522 3452 3453
f 3551 3491 3492
f 3534 3466 3465
f 3530 3455 3457
f 3547 3476 3478
f 3550 3486 3489
f 3557 3492 3493
f 3535 3465 3469
f 3536 3457 3458
f 3559 3478 3477
f 3526 3489 3485
f 3511 3474 3470
f 3507 3451 3450
f 3513 3481 3480
f 3516 3498 3495
f 3519 3504 3500
f 3527 3493 3490
f 3554 3469 3467
f 3539 3458 3459
f 3560 3477 3479
f 3525 3485 3488
f 3545 3468 3466
f 3529 3456 3455
f 3537 3475 3476
f 3549 3487 3486
f 3552 3494 3491
f 3555 3473 3472
f 3542 3502 3501
f 3540 3496 3497
f 3561 3482 3483
f 3524 3453 3454
f 3509 3518 3511
f 3505 3510 3507
f 3506 3508 3513
f 3512 3514 3516
f 3515 3517 3519
f 3520 3521 3527
f 3556 3558 3554
f 3543 3541 3539
f 3564 3562 3560
f 3523 3522 3525
f 3544 3551 3545
f 3531 3534 3529
f 3532 3530 3537
f 3546 3547 3549
f 3548 3550 3552
f 3553 3557 3555
f 3533 3535 3542
f 3538 3536 3540
f 3563 3559 3561
f 3528 3526 3524
f 3565 3611 3608
f 3565 3608 3607
f 3565 3607 3609
f 3565 3609 3610
f 3565 3610 3611
f 3566 3613 3616
f 3570 3636 3634
f 3576 3666 3663
f 3575 3660 3659
f 3572 3643 3645
f 3568 3626 3623
f 3568 3623 3622
f 3568 3622 3624
f 3568 3624 3625
f 3568 3625 3626
f 3569 3630 3629
f 3567 3618 3621
f 3571 3637 3641
f 3573 3649 3650
f 3574 3656 3652
f 3576 3665 3662
f 3570 3633 3632
f 3566 3614 3612
f 3572 3646 3642
f 3575 3661 3657
f 3570 3635 3633
f 3576 3664 3665
f 3575 3658 3661
f 3572 3644 3646
f 3566 3615 3614
f 3574 3654 3653
f 3569 3627 3628
f 3567 3619 3617
f 3571 3640 3638
f 3573 3651 3648
f 3574 3655 3654
f 3569 3631 3627
f 3567 3620 3619
f 3571 3639 3640
f 3573 3647 3651
f 3570 3632 3636
f 3566 3612 3613
f 3572 3642 3643
f 3575 3657 3660
f 3576 3662 3666
f 3574 3652 3655
f 3569 3629 3631
f 3567 3621 3620
f 3571 3641 3639
f 3573 3650 3647
f 3569 3628 3630
f 3567 3617 3618
f 3571 3638 3637
f 3573 3648 3649
f 3574 3653 3656
f 3570 3634 3635
f 3576 3663 3664
f 3575 3659 3658
f 3572 3645 3644
f 3566 3616 3615
f 3599 3673 3680
f 3582 3669 3672
f 3583 3675 3670
f 3604 3678 3676
f 3606 3681 3679
f 3598 3689 3683
f 3597 3716 3720
f 3589 3701 3703
f 3600 3722 3724
f 3584 3687 3684
f 3596 3707 3713
f 3587 3691 3696
f 3588 3699 3692
f 3601 3711 3709
f 3605 3714 3712
f 3598 3717 3719
f 3597 3704 3697
f 3589 3702 3698
f 3600 3723 3721
f 3584 3686 3688
f 3581 3671 3611
f 3578 3667 3608
f 3577 3668 3607
f 3579 3674 3609
f 3580 3677 3610
f 3582 3682 3613
f 3599 3718 3636
f 3606 3705 3666
f 3604 3726 3660
f 3583 3685 3643
f 3594 3706 3626
f 3591 3693 3623
f 3586 3694 3622
f 3592 3708 3624
f 3593 3710 3625
f 3596 3715 3630
f 3587 3695 3618
f 3588 3700 3637
f 3601 3725 3649
f 3605 3690 3656
f 3599 3680 3665
f 3582 3672 3633
f 3583 3670 3614
f 3604 3676 3646
f 3606 3679 3661
f 3598 3683 3635
f 3597 3720 3664
f 3589 3703 3658
f 3600 3724 3644
f 3584 3684 3615
f 3596 3713 3654
f 3587 3696 3627
f 3588 3692 3619
f 3601 3709 3640
f 3605 3712 3651
f 3598 3719 3655
f 3597 3697 3631
f 3589 3698 3620
f 3600 3721 3639
f 3584 3688 3647
f 3578 3673 3632
f 3577 3669 3612
f 3579 3675 3642
f 3580 3678 3657
f 3581 3681 3662
f 3585 3689 3652
f 3595 3716 3629
f 3590 3701 3621
f 3602 3722 3641
f 3603 3687 3650
f 3591 3707 3628
f 3586 3691 3617
f 3592 3699 3638
f 3593 3711 3648
f 3594 3714 3653
f 3595 3717 3634
f 3590 3704 3663
f 3602 3702 3659
f 3603 3723 3645
f 3585 3686 3616
f 3578 3671 3673
f 3577 3667 3669
f 3579 3668 3675
f 3580 3674 3678
f 3581 3677 3681
f 3585 3682 3689
f 3595 3718 3716
f 3590 3705 3701
f 3602 3726 3722
f 3603 3685 3687
f 3591 3706 3707
f 3586 3693 3691
f 3592 3694 3699
f 3593 3708 3711
f 3594 3710 3714
f 3595 3715 3717
f 3590 3695 3704
f 3602 3700 3702
f 3603 3725 3723
f 3585 3690 3686
f 3578 3608 3671
f 3577 3607 3667
f 3579 3609 3668
f 3580 3610 3674
f 3581 3611 3677
f 3585 3616 3682
f 3595 3634 3718
f 3590 3663 3705
f 3602 3659 3726
f 3603 3645 3685
f 3591 3623 3706
f 3586 3622 3693
f 3592 3624 3694
f 3593 3625 3708
f 3594 3626 3710
f 3595 3629 3715
f 3590 3621 3695
f 3602 3641 3700
f 3603 3650 3725
f 3585 3652 3690
f 3581 3662 3680
f 3578 3632 3672
f 3577 3612 3670
f 3579 3642 3676
f 3580 3657 3679
f 3582 3633 3683
f 3599 3665 3720
f 3606 3661 3703
f 3604 3646 3724
f 3583 3614 3684
f 3594 3653 3713
f 3591 3628 3696
f 3586 3617 3692
f 3592 3638 3709
f 3593 3648 3712
f 3596 3654 3719
f 3587 3627 3697
f 3588 3619 3698
f 3601 3640 3721
f 3605 3651 3688
f 3599 3636 3673
f 3582 3613 3669
f 3583 3643 3675
f 3604 3660 3678
f 3606 3666 3681
f 3598 3655 3689
f 3597 3631 3716
f 3589 3620 3701
f 3600 3639 3722
f 3584 3647 3687
f 3596 3630 3707
f 3587 3618 3691
f 3588 3637 3699
f 3601 3649 3711
f 3605 3656 3714
f 3598 3635 3717
f 3597 3664 3704
f 3589 3658 3702
f 3600 3644 3723
f 3584 3615 3686
f 3581 3680 3671
f 3578 3672 3667
f 3577 3670 3668
f 3579 3676 3674
f 3580 3679 3677
f 3582 3683 3682
f 3599 3720 3718
f 3606 3703 3705
f 3604 3724 3726
f 3583 3684 3685
f 3594 3713 3706
f 3591 3696 3693
f 3586 3692 3694
f 3592 3709 3708
f 3593 3712 3710
f 3596 3719 3715
f 3587 3697 3695
f 3588 3698 3700
f 3601 3721 3725
f 3605 3688 3690
f 3671 3608 3611
f 3667 3607 3608
f 3668 3609 3607
f 3674 3610 3609
f 3677 3611 3610
f 3682 3616 3613
f 3718 3634 3636
f 3705 3663 3666
f 3726 3659 3660
f 3685 3645 3643
f 3706 3623 3626
f 3693 3622 3623
f 3694 3624 3622
f 3708 3625 3624
f 3710 3626 3625
f 3715 3629 3630
f 3695 3621 3618
f 3700 3641 3637
f 3725 3650 3649
f 3690 3652 3656
f 3680 3662 3665
f 3672 3632 3633
f 3670 3612 3614
f 3676 3642 3646
f 3679 3657 3661
f 3683 3633 3635
f 3720 3665 3664
f 3703 3661 3658
f 3724 3646 3644
f 3684 3614 3615
f 3713 3653 3654
f 3696 3628 3627
f 3692 3617 3619
f 3709 3638 3640
f 3712 3648 3651
f 3719 3654 3655
f 3697 3627 3631
f 3698 3619 3620
f 3721 3640 3639
f 3688 3651 3647
f 3673 3636 3632
f 3669 3613 3612
f 3675 3643 3642
f 3678 3660 3657
f 3681 3666 3662
f 3689 3655 3652
f 3716 3631 3629
f 3701 3620 3621
f 3722 3639 3641
f 3687 3647 3650
f 3707 3630 3628
f 3691 3618 3617
f 3699 3637 3638
f 3711 3649 3648
f 3714 3656 3653
f 3717 3635 3634
f 3704 3664 3663
f 3702 3658 3659
f 3723 3644 3645
f 3686 3615 3616
f 3671 3680 3673
f 3667 3672 3669
f 3668 3670 3675
f 3674 3676 3678
f 3677 3679 3681
f 3682 3683 3689
f 3718 3720 3716
f 3705 3703 3701
f 3726 3724 3722
f 3685 3684 3687
f 3706 3713 3707
f 3693 3696 3691
f 3694 3692 3699
f 3708 3709 3711
f 3710 3712 3714
f 3715 3719 3717
f 3695 3697 3704
f 3700 3698 3702
f 3725 3721 3723
f 3690 3688 3686
f 3727 3773 3770
f 3727 3770 3769
f 3727 3769 3771
f 3727 3771 3772
f 3727 3772 3773
f 3728 3775 3778
f 3732 3798 3796
f 3738 3828 3825
f 3737 3822 3821
f 3734 3805 3807
f 3730 3788 3785
f 3730 3785 3784
f 3730 3784 3786
f 3730 3786 3787
f 3730 3787 3788
f 3731 3792 3791
f 3729 3780 3783
f 3733 3799 3803
f 3735 3811 3812
f 3736 3818 3814
f 3738 3827 3824
f 3732 3795 3794
f 3728 3776 3774
f 3734 3808 3804
f 3737 3823 3819
f 3732 3797 3795
f 3738 3826 3827
f 3737 3820 3823
f 3734 3806 3808
f 3728 3777 3776
f 3736 3816 3815
f 3731 3789 3790
f 3729 3781 3779
f 3733 3802 3800
f 3735 3813 3810
f 3736 3817 3816
f 3731 3793 3789
f 3729 3782 3781
f 3733 3801 3802
f 3735 3809 3813
f 3732 3794 3798
f 3728 3774 3775
f 3734 3804 3805
f 3737 3819 3822
f 3738 3824 3828
f 3736 3814 3817
f 3731 3791 3793
f 3729 3783 3782
f 3733 3803 3801
f 3735 3812 3809
f 3731 3790 3792
f 3729 3779 3780
f 3733 3800 3799
f 3735 3810 3811
f 3736 3815 3818
f 3732 3796 3797
f 3738 3825 3826
f 3737 3821 3820
f 3734 3807 3806
f 3728 3778 3777
f 3761 3835 3842
f 3744 3831 3834
f 3745 3837 3832
f 3766 3840 3838
f 3768 3843 3841
f 3760 3851 3845
f 3759 3878 3882
f 3751 3863 3865
f 3762 3884 3886
f 3746 3849 3846
f 3758 3869 3875
f 3749 3853 3858
f 3750 3861 3854
f 3763 3873 3871
f 3767 3876 3874
f 3760 3879 3881
f 3759 3866 3859
f 3751 3864 3860
f 3762 3885 3883
f 3746 3848 3850
f 3743 3833 3773
f 3740 3829 3770
f 3739 3830 3769
f 3741 3836 3771
f 3742 3839 3772
f 3744 3844 3775
f 3761 3880 3798
f 3768 3867 3828
f 3766 3888 3822
f 3745 3847 3805
f 3756 3868 3788
f 3753 3855 3785
f 3748 3856 3784
f 3754 3870 3786
f 3755 3872 3787
f 3758 3877 3792
f 3749 3857 3780
f 3750 3862 3799
f 3763 3887 3811
f 3767 3852 3818
f 3761 3842 3827
f 3744 3834 3795
f 3745 3832 3776
f 3766 3838 3808
f 3768 3841 3823
f 3760 3845 3797
f 3759 3882 3826
f 3751 3865 3820
f 3762 3886 3806
f 3746 3846 3777
f 3758 3875 3816
f 3749 3858 3789
f 3750 3854 3781
f 3763 3871 3802
f 3767 3874 3813
f 3760 3881 3817
f 3759 3859 3793
f 3751 3860 3782
f 3762 3883 3801
f 3746 3850 3809
f 3740 3835 3794
f 3739 3831 3774
f 3741 3837 3804
f 3742 3840 3819
f 3743 3843 3824
f 3747 3851 3814
f 3757 3878 3791
f 3752 3863 3783
f 3764 3884 3803
f 3765 3849 3812
f 3753 3869 3790
f 3748 3853 3779
f 3754 3861 3800
f 3755 3873 3810
f 3756 3876 3815
f 3757 3879 3796
f 3752 3866 3825
f 3764 3864 3821
f 3765 3885 3807
f 3747 3848 3778
f 3740 3833 3835
f 3739 3829 3831
f 3741 3830 3837
f 3742 3836 3840
f 3743 3839 3843
f 3747 3844 3851
f 3757 3880 3878
f 3752 3867 3863
f 3764 3888 3884
f 3765 3847 3849
f 3753 3868 3869
f 3748 3855 3853
f 3754 3856 3861
f 3755 3870 3873
f 3756 3872 3876
f 3757 3877 3879
f 3752 3857 3866
f 3764 3862 3864
f 3765 3887 3885
f 3747 3852 3848
f 3740 3770 3833
f 3739 3769 3829
f 3741 3771 3830
f 3742 3772 3836
f 3743 3773 3839
f 3747 3778 3844
f 3757 3796 3880
f 3752 3825 3867
f 3764 3821 3888
f 3765 3807 3847
f 3753 3785 3868
f 3748 3784 3855
f 3754 3786 3856
f 3755 3787 3870
f 3756 3788 3872
f 3757 3791 3877
f 3752 3783 3857
f 3764 3803 3862
f 3765 3812 3887
f 3747 3814 3852
f 3743 3824 3842
f 3740 3794 3834
f 3739 3774 3832
f 3741 3804 3838
f 3742 3819 3841
f 3744 3795 3845
f 3761 3827 3882
f 3768 3823 3865
f 3766 3808 3886
f 3745 3776 3846
f 3756 3815 3875
f 3753 3790 3858
f 3748 3779 3854
f 3754 3800 3871
f 3755 3810 3874
f 3758 3816 3881
f 3749 3789 3859
f 3750 3781 3860
f 3763 3802 3883
f 3767 3813 3850
f 3761 3798 3835
f 3744 3775 3831
f 3745 3805 3837
f 3766 3822 3840
f 3768 3828 3843
f 3760 3817 3851
f 3759 3793 3878
f 3751 3782 3863
f 3762 3801 3884
f 3746 3809 3849
f 3758 3792 3869
f 3749 3780 3853
f 3750 3799 3861
f 3763 3811 3873
f 3767 3818 3876
f 3760 3797 3879
f 3759 3826 3866
f 3751 3820 3864
f 3762 3806 3885
f 3746 3777 3848
f 3743 3842 3833
f 3740 3834 3829
f 3739 3832 3830
f 3741 3838 3836
f 3742 3841 3839
f 3744 3845 3844
f 3761 3882 3880
f 3768 3865 3867
f 3766 3886 3888
f 3745 3846 3847
f 3756 3875 3868
f 3753 3858 3855
f 3748 3854 3856
f 3754 3871 3870
f 3755 3874 3872
f 3758 3881 3877
f 3749 3859 3857
f 3750 3860 3862
f 3763 3883 3887
f 3767 3850 3852
f 3833 3770 3773
f 3829 3769 3770
f 3830 3771 3769
f 3836 3772 3771
f 3839 3773 3772
f 3844 3778 3775
f 3880 3796 3798
f 3867 3825 3828
f 3888 3821 3822
f 3847 3807 3805
f 3868 3785 3788
f 3855 3784 3785
f 3856 3786 3784
f 3870 3787 3786
f 3872 3788 3787
f 3877 3791 3792
f 3857 3783 3780
f 3862 3803 3799
f 3887 3812 3811
f 3852 3814 3818
f 3842 3824 3827
f 3834 3794 3795
f 3832 3774 3776
f 3838 3804 3808
f 3841 3819 3823
f 3845 3795 3797
f 3882 3827 3826
f 3865 3823 3820
f 3886 3808 3806
f 3846 3776 3777
f 3875 3815 3816
f 3858 3790 3789
f 3854 3779 3781
f 3871 3800 3802
f 3874 3810 3813
f 3881 3816 3817
f 3859 3789 3793
f 3860 3781 3782
f 3883 3802 3801
f 3850 3813 3809
f 3835 3798 3794
f 3831 3775 3774
f 3837 3805 3804
f 3840 3822 3819
f 3843 3828 3824
f 3851 3817 3814
f 3878 3793 3791
f 3863 3782 3783
f 3884 3801 3803
f 3849 3809 3812
f 3869 3792 3790
f 3853 3780 3779
f 3861 3799 3800
f 3873 3811 3810
f 3876 3818 3815
f 3879 3797 3796
f 3866 3826 3825
f 3864 3820 3821
f 3885 3806 3807
f 3848 3777 3778
f 3833 3842 3835
f 3829 3834 3831
f 3830 3832 3837
f 3836 3838 3840
f 3839 3841 3843
f 3844 3845 3851
f 3880 3882 3878
f 3867 3865 3863
f 3888 3886 3884
f 3847 3846 3849
f 3868 3875 3869
f 3855 3858 3853
f 3856 3854 3861
f 3870 3871 3873
f 3872 3874 3876
f 3877 3881 3879
f 3857 3859 3866
f 3862 3860 3864
f 3887 3883 3885
f 3852 3850 3848
f 3889 3935 3932
f 3889 3932 3931
f 3889 3931 3933
f 3889 3933 3934
f 3889 3934 3935
f 3890 3937 3940
f 3894 3960 3958
f 3900 3990 3987
f 3899 3984 3983
f 3896 3967 3969
f 3892 3950 3947
f 3892 3947 3946
f 3892 3946 3948
f 3892 3948 3949
f 3892 3949 3950
f 3893 3954 3953
f 3891 3942 3945
f 3895 3961 3965
f 3897 3973 3974
f 3898 3980 3976
f 3900 3989 3986
f 3894 3957 3956
f 3890 3938 3936
f 3896 3970 3966
f 3899 3985 3981
f 3894 3959 3957
f 3900 3988 3989
f 3899 3982 3985
f 3896 3968 3970
f 3890 3939 3938
f 3898 3978 3977
f 3893 3951 3952
f 3891 3943 3941
f 3895 3964 3962
f 3897 3975 3972
f 3898 3979 3978
f 3893 3955 3951
f 3891 3944 3943
f 3895 3963 3964
f 3897 3971 3975
f 3894 3956 3960
f 3890 3936 3937
f 3896 3966 3967
f 3899 3981 3984
f 3900 3986 3990
f 3898 3976 3979
f 3893 3953 3955
f 3891 3945 3944
f 3895 3965 3963
f 3897 3974 3971
f 3893 3952 3954
f 3891 3941 3942
f 3895 3962 3961
f 3897 3972 3973
f 3898 3977 3980
f 3894 3958 3959
f 3900 3987 3988
f 3899 3983 3982
f 3896 3969 3968
f 3890 3940 3939
f 3923 3997 4004
f 3906 3993 3996
f 3907 3999 3994
f 3928 4002 4000
f 3930 4005 4003
f 3922 4013 4007
f 3921 4040 4044
f 3913 4025 4027
f 3924 4046 4048
f 3908 4011 4008
f 3920 4031 4037
f 3911 4015 4020
f 3912 4023 4016
f 3925 4035 4033
f 3929 4038 4036
f 3922 4041 4043
f 3921 4028 4021
f 3913 4026 4022
f 3924 4047 4045
f 3908 4010 4012
f 3905 3995 3935
f 3902 3991 3932
f 3901 3992 3931
f 3903 3998 3933
f 3904 4001 3934
f 3906 4006 3937
f 3923 4042 3960
f 3930 4029 3990
f 3928 4050 3984
f 3907 4009 3967
f 3918 4030 3950
f 3915 4017 3947
f 3910 4018 3946
f 3916 4032 3948
f 3917 4034 3949
f 3920 4039 3954
f 3911 4019 3942
f 3912 4024 3961
f 3925 4049 3973
f 3929 4014 3980
f 3923 4004 3989
f 3906 3996 3957
f 3907 3994 3938
f 3928 4000 3970
f 3930 4003 3985
f 3922 4007 3959
f 3921 4044 3988
f 3913 4027 3982
f 3924 4048 3968
f 3908 4008 3939
f 3920 4037 3978
f 3911 4020 3951
f 3912 4016 3943
f 3925 4033 3964
f 3929 4036 3975
f 3922 4043 3979
f 3921 4021 3955
f 3913 4022 3944
f 3924 4045 3963
f 3908 4012 3971
f 3902 3997 3956
f 3901 3993 3936
f 3903 3999 3966
f 3904 4002 3981
f 3905 4005 3986
f 3909 4013 3976
f 3919 4040 3953
f 3914 4025 3945
f 3926 4046 3965
f 3927 4011 3974
f 3915 4031 3952
f 3910 4015 3941
f 3916 4023 3962
f 3917 4035 3972
f 3918 4038 3977
f 3919 4041 3958
f 3914 4028 3987
f 3926 4026 3983
f 3927 4047 3969
f 3909 4010 3940
f 3902 3995 3997
f 3901 3991 3993
f 3903 3992 3999
f 3904 3998 4002
f 3905 4001 4005
f 3909 4006 4013
f 3919 4042 4040
f 3914 4029 4025
f 3926 4050 4046
f 3927 4009 4011
f 3915 4030 4031
f 3910 4017 4015
f 3916 4018 4023
f 3917 4032 4035
f 3918 4034 4038
f 3919 4039 4041
f 3914 4019 4028
f 3926 4024 4026
f 3927 4049 4047
f 3909 4014 4010
f 3902 3932 3995
f 3901 3931 3991
f 3903 3933 3992
f 3904 3934 3998
f 3905 3935 4001
f 3909 3940 4006
f 3919 3958 4042
f 3914 3987 4029
f 3926 3983 4050
f 3927 3969 4009
f 3915 3947 4030
f 3910 3946 4017
f 3916 3948 4018
f 3917 3949 4032
f 3918 3950 4034
f 3919 3953 4039
f 3914 3945 4019
f 3926 3965 4024
f 3927 3974 4049
f 3909 3976 4014
f 3905 3986 4004
f 3902 3956 3996
f 3901 3936 3994
f 3903 3966 4000
f 3904 3981 4003
f 3906 3957 4007
f 3923 3989 4044
f 3930 3985 4027
f 3928 3970 4048
f 3907 3938 4008
f 3918 3977 4037
f 3915 3952 4020
f 3910 3941 4016
f 3916 3962 4033
f 3917 3972 4036
f 3920 3978 4043
f 3911 3951 4021
f 3912 3943 4022
f 3925 3964 4045
f 3929 3975 4012
f 3923 3960 3997
f 3906 3937 3993
f 3907 3967 3999
f 3928 3984 4002
f 3930 3990 4005
f 3922 3979 4013
f 3921 3955 4040
f 3913 3944 4025
f 3924 3963 4046
f 3908 3971 4011
f 3920 3954 4031
f 3911 3942 4015
f 3912 3961 4023
f 3925 3973 4035
f 3929 3980 4038
f 3922 3959 4041
f 3921 3988 4028
f 3913 3982 4026
f 3924 3968 4047
f 3908 3939 4010
f 3905 4004 3995
f 3902 3996 3991
f 3901 3994 3992
f 3903 4000 3998
f 3904 4003 4001
f 3906 4007 4006
f 3923 4044 4042
f 3930 4027 4029
f 3928 4048 4050
f 3907 4008 4009
f 3918 4037 4030
f 3915 4020 4017
f 3910 4016 4018
f 3916 4033 4032
f 3917 4036 4034
f 3920 4043 4039
f 3911 4021 4019
f 3912 4022 4024
f 3925 4045 4049
f 3929 4012 4014
f 3995 3932 3935
f 3991 3931 3932
f 3992 3933 3931
f 3998 3934 3933
f 4001 3935 3934
f 4006 3940 3937
f 4042 3958 3960
f 4029 3987 3990
f 4050 3983 3984
f 4009 3969 3967
f 4030 3947 3950
f 4017 3946 3947
f 4018 3948 3946
f 4032 3949 3948
f 4034 3950 3949
f 4039 3953 3954
f 4019 3945 3942
f 4024 3965 3961
f 4049 3974 3973
f 4014 3976 3980
f 4004 3986 3989
f 3996 3956 3957
f 3994 3936 3938
f 4000 3966 3970
f 4003 3981 3985
f 4007 3957 3959
f 4044 3989 3988
f 4027 3985 3982
f 4048 3970 3968
f 4008 3938 3939
f 4037 3977 3978
f 4020 3952 3951
f 4016 3941 3943
f 4033 3962 3964
f 4036 3972 3975
f 4043 3978 3979
f 4021 3951 3955
f 4022 3943 3944
f 4045 3964 3963
f 4012 3975 3971
f 3997 3960 3956
f 3993 3937 3936
f 3999 3967 3966
f 4002 3984 3981
f 4005 3990 3986
f 4013 3979 3976
f 4040 3955 3953
f 4025 3944 3945
f 4046 3963 3965
f 4011 3971 3974
f 4031 3954 3952
f 4015 3942 3941
f 4023 3961 3962
f 4035 3973 3972
f 4038 3980 3977
f 4041 3959 3958
f 4028 3988 3987
f 4026 3982 3983
f 4047 3968 3969
f 4010 3939 3940
f 3995 4004 3997
f 3991 3996 3993
f 3992 3994 3999
f 3998 4000 4002
f 4001 4003 4005
f 4006 4007 4013
f 4042 4044 4040
f 4029 4027 4025
f 4050 4048 4046
f 4009 4008 4011
f 4030 4037 4031
f 4017 4020 4015
f 4018 4016 4023
f 4032 4033 4035
f 4034 4036 4038
f 4039 4043 4041
f 4019 4021 4028
f 4024 4022 4026
f 4049 4045 4047
f 4014 4012 4010
f 4051 4097 4094
f 4051 4094 4093
f 4051 4093 4095
f 4051 4095 4096
f 4051 4096 4097
f 4052 4099 4102
f 4056 4122 4120
f 4062 4152 4149
f 4061 4146 4145
f 4058 4129 4131
f 4054 4112 4109
f 4054 4109 4108
f 4054 4108 4110
f 4054 4110 4111
f 4054 4111 4112
f 4055 4116 4115
f 4053 4104 4107
f 4057 4123 4127
f 4059 4135 4136
f 4060 4142 4138
f 4062 4151 4148
f 4056 4119 4118
f 4052 4100 4098
f 4058 4132 4128
f 4061 4147 4143
f 4056 4121 4119
f 4062 4150 4151
f 4061 4144 4147
f 4058 4130 4132
f 4052 4101 4100
f 4060 4140 4139
f 4055 4113 4114
f 4053 4105 4103
f 4057 4126 4124
f 4059 4137 4134
f 4060 4141 4140
f 4055 4117 4113
f 4053 4106 4105
f 4057 4125 4126
f 4059 4133 4137
f 4056 4118 4122
f 4052 4098 4099
f 4058 4128 4129
f 4061 4143 4146
f 4062 4148 4152
f 4060 4138 4141
f 4055 4115 4117
f 4053 4107 4106
f 4057 4127 4125
f 4059 4136 4133
f 4055 4114 4116
f 4053 4103 4104
f 4057 4124 4123
f 4059 4134 4135
f 4060 4139 4142
f 4056 4120 4121
f 4062 4149 4150
f 4061 4145 4144
f 4058 4131 4130
f 4052 4102 4101
f 4085 4159 4166
f 4068 4155 4158
f 4069 4161 4156
f 4090 4164 4162
f 4092 4167 4165
f 4084 4175 4169
f 4083 4202 4206
f 4075 4187 4189
f 4086 4208 4210
f 4070 4173 4170
f 4082 4193 4199
f 4073 4177 4182
f 4074 4185 4178
f 4087 4197 4195
f 4091 4200 4198
f 4084 4203 4205
f 4083 4190 4183
f 4075 4188 4184
f 4086 4209 4207
f 4070 4172 4174
f 4067 4157 4097
f 4064 4153 4094
f 4063 4154 4093
f 4065 4160 4095
f 4066 4163 4096
f 4068 4168 4099
f 4085 4204 4122
f 4092 4191 4152
f 4090 4212 4146
f 4069 4171 4129
f 4080 4192 4112
f 4077 4179 4109
f 4072 4180 4108
f 4078 4194 4110
f 4079 4196 4111
f 4082 4201 4116
f 4073 4181 4104
f 4074 4186 4123
f 4087 4211 4135
f 4091 4176 4142
f 4085 4166 4151
f 4068 4158 4119
f 4069 4156 4100
f 4090 4162 4132
f 4092 4165 4147
f 4084 4169 4121
f 4083 4206 4150
f 4075 4189 4144
f 4086 4210 4130
f 4070 4170 4101
f 4082 4199 4140
f 4073 4182 4113
f 4074 4178 4105
f 4087 4195 4126
f 4091 4198 4137
f 4084 4205 4141
f 4083 4183 4117
f 4075 4184 4106
f 4086 4207 4125
f 4070 4174 4133
f 4064 4159 4118
f 4063 4155 4098
f 4065 4161 4128
f 4066 4164 4143
f 4067 4167 4148
f 4071 4175 4138
f 4081 4202 4115
f 4076 4187 4107
f 4088 4208 4127
f 4089 4173 4136
f 4077 4193 4114
f 4072 4177 4103
f 4078 4185 4124
f 4079 4197 4134
f 4080 4200 4139
f 4081 4203 4120
f 4076 4190 4149
f 4088 4188 4145
f 4089 4209 4131
f 4071 4172 4102
f 4064 4157 4159
f 4063 4153 4155
f 4065 4154 4161
f 4066 4160 4164
f 4067 4163 4167
f 4071 4168 4175
f 4081 4204 4202
f 4076 4191 4187
f 4088 4212 4208
f 4089 4171 4173
f 4077 4192 4193
f 4072 4179 4177
f 4078 4180 4185
f 4079 4194 4197
f 4080 4196 4200
f 4081 4201 4203
f 4076 4181 4190
f 4088 4186 4188
f 4089 4211 4209
f 4071 4176 4172
f 4064 4094 4157
f 4063 4093 4153
f 4065 4095 4154
f 4066 4096 4160
f 4067 4097 4163
f 4071 4102 4168
f 4081 4120 4204
f 4076 4149 4191
f 4088 4145 4212
f 4089 4131 4171
f 4077 4109 4192
f 4072 4108 4179
f 4078 4110 4180
f 4079 4111 4194
f 4080 4112 4196
f 4081 4115 4201
f 4076 4107 4181
f 4088 4127 4186
f 4089 4136 4211
f 4071 4138 4176
f 4067 4148 4166
f 4064 4118 4158
f 4063 4098 4156
f 4065 4128 4162
f 4066 4143 4165
f 4068 4119 4169
f 4085 4151 4206
f 4092 4147 4189
f 4090 4132 4210
f 4069 4100 4170
f 4080 4139 4199
f 4077 4114 4182
f 4072 4103 4178
f 4078 4124 4195
f 4079 4134 4198
f 4082 4140 4205
f 4073 4113 4183
f 4074 4105 4184
f 4087 4126 4207
f 4091 4137 4174
f 4085 4122 4159
f 4068 4099 4155
f 4069 4129 4161
f 4090 4146 4164
f 4092 4152 4167
f 4084 4141 4175
f 4083 4117 4202
f 4075 4106 4187
f 4086 4125 4208
f 4070 4133 4173
f 4082 4116 4193
f 4073 4104 4177
f 4074 4123 4185
f 4087 4135 4197
f 4091 4142 4200
f 4084 4121 4203
f 4083 4150 4190
f 4075 4144 4188
f 4086 4130 4209
f 4070 4101 4172
f 4067 4166 4157
f 4064 4158 4153
f 4063 4156 4154
f 4065 4162 4160
f 4066 4165 4163
f 4068 4169 4168
f 4085 4206 4204
f 4092 4189 4191
f 4090 4210 4212
f 4069 4170 4171
f 4080 4199 4192
f 4077 4182 4179
f 4072 4178 4180
f 4078 4195 4194
f 4079 4198 4196
f 4082 4205 4201
f 4073 4183 4181
f 4074 4184 4186
f 4087 4207 4211
f 4091 4174 4176
f 4157 4094 4097
f 4153 4093 4094
f 4154 4095 4093
f 4160 4096 4095
f 4163 4097 4096
f 4168 4102 4099
f 4204 4120 4122
f 4191 4149 4152
f 4212 4145 4146
f 4171 4131 4129
f 4192 4109 4112
f 4179 4108 4109
f 4180 4110 4108
f 4194 4111 4110
f 4196 4112 4111
f 4201 4115 4116
f 4181 4107 4104
f 4186 4127 4123
f 4211 4136 4135
f 4176 4138 4142
f 4166 4148 4151
f 4158 4118 4119
f 4156 4098 4100
f 4162 4128 4132
f 4165 4143 4147
f 4169 4119 4121
f 4206 4151 4150
f 4189 4147 4144
f 4210 4132 4130
f 4170 4100 4101
f 4199 4139 4140
f 4182 4114 4113
f 4178 4103 4105
f 4195 4124 4126
f 4198 4134 4137
f 4205 4140 4141
f 4183 4113 4117
f 4184 4105 4106
f 4207 4126 4125
f 4174 4137 4133
f 4159 4122 4118
f 4155 4099 4098
f 4161 4129 4128
f 4164 4146 4143
f 4167 4152 4148
f 4175 4141 4138
f 4202 4117 4115
f 4187 4106 4107
f 4208 4125 4127
f 4173 4133 4136
f 4193 4116 4114
f 4177 4104 4103
f 4185 4123 4124
f 4197 4135 4134
f 4200 4142 4139
f 4203 4121 4120
f 4190 4150 4149
f 4188 4144 4145
f 4209 4130 4131
f 4172 4101 4102
f 4157 4166 4159
f 4153 4158 4155
f 4154 4156 4161
f 4160 4162 4164
f 4163 4165 4167
f 4168 4169 4175
f 4204 4206 4202
f 4191 4189 4187
f 4212 4210 4208
f 4171 4170 4173
f 4192 4199 4193
f 4179 4182 4177
f 4180 4178 4185
f 4194 4195 4197
f 4196 4198 4200
f 4201 4205 4203
f 4181 4183 4190
f 4186 4184 4188
f 4211 4207 4209
f 4176 4174 4172
f 4213 4259 4256
f 4213 4256 4255
f 4213 4255 4257
f 4213 4257 4258
f 4213 4258 4259
f 4214 4261 4264
f 4218 4284 4282
f 4224 4314 4311
f 4223 4308 4307
f 4220 4291 4293
f 4216 4274 4271
f 4216 4271 4270
f 4216 4270 4272
f 4216 4272 4273
f 4216 4273 4274
f 4217 4278 4277
f 4215 4266 4269
f 4219 4285 4289
f 4221 4297 4298
f 4222 4304 4300
f 4224 4313 4310
f 4218 4281 4280
f 4214 4262 4260
f 4220 4294 4290
f 4223 4309 4305
f 4218 4283 4281
f 4224 4312 4313
f 4223 4306 4309
f 4220 4292 4294
f 4214 4263 4262
f 4222 4302 4301
f 4217 4275 4276
f 4215 4267 4265
f 4219 4288 4286
f 4221 4299 4296
f 4222 4303 4302
f 4217 4279 4275
f 4215 4268 4267
f 4219 4287 4288
f 4221 4295 4299
f 4218 4280 4284
f 4214 4260 4261
f 4220 4290 4291
f 4223 4305 4308
f 4224 4310 4314
f 4222 4300 4303
f 4217 4277 4279
f 4215 4269 4268
f 4219 4289 4287
f 4221 4298 4295
f 4217 4276 4278
f 4215 4265 4266
f 4219 4286 4285
f 4221 4296 4297
f 4222 4301 4304
f 4218 4282 4283
f 4224 4311 4312
f 4223 4307 4306
f 4220 4293 4292
f 4214 4264 4263
f 4247 4321 4328
f 4230 4317 4320
f 4231 4323 4318
f 4252 4326 4324
f 4254 4329 4327
f 4246 4337 4331
f 4245 4364 4368
f 4237 4349 4351
f 4248 4370 4372
f 4232 4335 4332
f 4244 4355 4361
f 4235 4339 4344
f 4236 4347 4340
f 4249 4359 4357
f 4253 4362 4360
f 4246 4365 4367
f 4245 4352 4345
f 4237 4350 4346
f 4248 4371 4369
f 4232 4334 4336
f 4229 4319 4259
f 4226 4315 4256
f 4225 4316 4255
f 4227 4322 4257
f 4228 4325 4258
f 4230 4330 4261
f 4247 4366 4284
f 4254 4353 4314
f 4252 4374 4308
f 4231 4333 4291
f 4242 4354 4274
f 4239 4341 4271
f 4234 4342 4270
f 4240 4356 4272
f 4241 4358 4273
f 4244 4363 4278
f 4235 4343 4266
f 4236 4348 4285
f 4249 4373 4297
f 4253 4338 4304
f 4247 4328 4313
f 4230 4320 4281
f 4231 4318 4262
f 4252 4324 4294
f 4254 4327 4309
f 4246 4331 4283
f 4245 4368 4312
f 4237 4351 4306
f 4248 4372 4292
f 4232 4332 4263
f 4244 4361 4302
f 4235 4344 4275
f 4236 4340 4267
f 4249 4357 4288
f 4253 4360 4299
f 4246 4367 4303
f 4245 4345 4279
f 4237 4346 4268
f 4248 4369 4287
f 4232 4336 4295
f 4226 4321 4280
f 4225 4317 4260
f 4227 4323 4290
f 4228 4326 4305
f 4229 4329 4310
f 4233 4337 4300
f 4243 4364 4277
f 4238 4349 4269
f 4250 4370 4289
f 4251 4335 4298
f 4239 4355 4276
f 4234 4339 4265
f 4240 4347 4286
f 4241 4359 4296
f 4242 4362 4301
f 4243 4365 4282
f 4238 4352 4311
f 4250 4350 4307
f 4251 4371 4293
f 4233 4334 4264
f 4226 4319 4321
f 4225 4315 4317
f 4227 4316 4323
f 4228 4322 4326
f 4229 4325 4329
f 4233 4330 4337
f 4243 4366 4364
f 4238 4353 4349
f 4250 4374 4370
f 4251 4333 4335
f 4239 4354 4355
f 4234 4341 4339
f 4240 4342 4347
f 4241 4356 4359
f 4242 4358 4362
f 4243 4363 4365
f 4238 4343 4352
f 4250 4348 4350
f 4251 4373 4371
f 4233 4338 4334
f 4226 4256 4319
f 4225 4255 4315
f 4227 4257 4316
f 4228 4258 4322
f 4229 4259 4325
f 4233 4264 4330
f 4243 4282 4366
f 4238 4311 4353
f 4250 4307 4374
f 4251 4293 4333
f 4239 4271 4354
f 4234 4270 4341
f 4240 4272 4342
f 4241 4273 4356
f 4242 4274 4358
f 4243 4277 4363
f 4238 4269 4343
f 4250 4289 4348
f 4251 4298 4373
f 4233 4300 4338
f 4229 4310 4328
f 4226 4280 4320
f 4225 4260 4318
f 4227 4290 4324
f 4228 4305 4327
f 4230 4281 4331
f 4247 4313 4368
f 4254 4309 4351
f 4252 4294 4372
f 4231 4262 4332
f 4242 4301 4361
f 4239 4276 4344
f 4234 4265 4340
f 4240 4286 4357
f 4241 4296 4360
f 4244 4302 4367
f 4235 4275 4345
f 4236 4267 4346
f 4249 4288 4369
f 4253 4299 4336
f 4247 4284 4321
f 4230 4261 4317
f 4231 4291 4323
f 4252 4308 4326
f 4254 4314 4329
f 4246 4303 4337
f 4245 4279 4364
f 4237 4268 4349
f 4248 4287 4370
f 4232 4295 4335
f 4244 4278 4355
f 4235 4266 4339
f 4236 4285 4347
f 4249 4297 4359
f 4253 4304 4362
f 4246 4283 4365
f 4245 4312 4352
f 4237 4306 4350
f 4248 4292 4371
f 4232 4263 4334
f 4229 4328 4319
f 4226 4320 4315
f 4225 4318 4316
f 4227 4324 4322
f 4228 4327 4325
f 4230 4331 4330
f 4247 4368 4366
f 4254 4351 4353
f 4252 4372 4374
f 4231 4332 4333
f 4242 4361 4354
f 4239 4344 4341
f 4234 4340 4342
f 4240 4357 4356
f 4241 4360 4358
f 4244 4367 4363
f 4235 4345 4343
f 4236 4346 4348
f 4249 4369 4373
f 4253 4336 4338
f 4319 4256 4259
f 4315 4255 4256
f 4316 4257 4255
f 4322 4258 4257
f 4325 4259 4258
f 4330 4264 4261
f 4366 4282 4284
f 4353 4311 4314
f 4374 4307 4308
f 4333 4293 4291
f 4354 4271 4274
f 4341 4270 4271
f 4342 4272 4270
f 4356 4273 4272
f 4358 4274 4273
f 4363 4277 4278
f 4343 4269 4266
f 4348 4289 4285
f 4373 4298 4297
f 4338 4300 4304
f 4328 4310 4313
f 4320 4280 4281
f 4318 4260 4262
f 4324 4290 4294
f 4327 4305 4309
f 4331 4281 4283
f 4368 4313 4312
f 4351 4309 4306
f 4372 4294 4292
f 4332 4262 4263
f 4361 4301 4302
f 4344 4276 4275
f 4340 4265 4267
f 4357 4286 4288
f 4360 4296 4299
f 4367 4302 4303
f 4345 4275 4279
f 4346 4267 4268
f 4369 4288 4287
f 4336 4299 4295
f 4321 4284 4280
f 4317 4261 4260
f 4323 4291 4290
f 4326 4308 4305
f 4329 4314 4310
f 4337 4303 4300
f 4364 4279 4277
f 4349 4268 4269
f 4370 4287 4289
f 4335 4295 4298
f 4355 4278 4276
f 4339 4266 4265
f 4347 4285 4286
f 4359 4297 4296
f 4362 4304 4301
f 4365 4283 4282
f 4352 4312 4311
f 4350 4306 4307
f 4371 4292 4293
f 4334 4263 4264
f 4319 4328 4321
f 4315 4320 4317
f 4316 4318 4323
f 4322 4324 4326
f 4325 4327 4329
f 4330 4331 4337
f 4366 4368 4364
f 4353 4351 4349
f 4374 4372 4370
f 4333 4332 4335
f 4354 4361 4355
f 4341 4344 4339
f 4342 4340 4347
f 4356 4357 4359
f 4358 4360 4362
f 4363 4367 4365
f 4343 4345 4352
f 4348 4346 4350
f 4373 4369 4371
f 4338 4336 4334
f 4375 4421 4418
f 4375 4418 4417
f 4375 4417 4419
f 4375 4419 4420
f 4375 4420 4421
f 4376 4423 4426
f 4380 4446 4444
f 4386 4476 4473
f 4385 4470 4469
f 4382 4453 4455
f 4378 4436 4433
f 4378 4433 4432
f 4378 4432 4434
f 4378 4434 4435
f 4378 4435 4436
f 4379 4440 4439
f 4377 4428 4431
f 4381 4447 4451
f 4383 4459 4460
f 4384 4466 4462
f 4386 4475 4472
f 4380 4443 4442
f 4376 4424 4422
f 4382 4456 4452
f 4385 4471 4467
f 4380 4445 4443
f 4386 4474 4475
f 4385 4468 4471
f 4382 4454 4456
f 4376 4425 4424
f 4384 4464 4463
f 4379 4437 4438
f 4377 4429 4427
f 4381 4450 4448
f 4383 4461 4458
f 4384 4465 4464
f 4379 4441 4437
f 4377 4430 4429
f 4381 4449 4450
f 4383 4457 4461
f 4380 4442 4446
f 4376 4422 4423
f 4382 4452 4453
f 4385 4467 4470
f 4386 4472 4476
f 4384 4462 4465
f 4379 4439 4441
f 4377 4431 4430
f 4381 4451 4449
f 4383 4460 4457
f 4379 4438 4440
f 4377 4427 4428
f 4381 4448 4447
f 4383 4458 4459
f 4384 4463 4466
f 4380 4444 4445
f 4386 4473 4474
f 4385 4469 4468
f 4382 4455 4454
f 4376 4426 4425
f 4409 4483 4490
f 4392 4479 4482
f 4393 4485 4480
f 4414 4488 4486
f 4416 4491 4489
f 4408 4499 4493
f 4407 4526 4530
f 4399 4511 4513
f 4410 4532 4534
f 4394 4497 4494
f 4406 4517 4523
f 4397 4501 4506
f 4398 4509 4502
f 4411 4521 4519
f 4415 4524 4522
f 4408 4527 4529
f 4407 4514 4507
f 4399 4512 4508
f 4410 4533 4531
f 4394 4496 4498
f 4391 4481 4421
f 4388 4477 4418
f 4387 4478 4417
f 4389 4484 4419
f 4390 4487 4420
f 4392 4492 4423
f 4409 4528 4446
f 4416 4515 4476
f 4414 4536 4470
f 4393 4495 4453
f 4404 4516 4436
f 4401 4503 4433
f 4396 4504 4432
f 4402 4518 4434
f 4403 4520 4435
f 4406 4525 4440
f 4397 4505 4428
f 4398 4510 4447
f 4411 4535 4459
f 4415 4500 4466
f 4409 4490 4475
f 4392 4482 4443
f 4393 4480 4424
f 4414 4486 4456
f 4416 4489 4471
f 4408 4493 4445
f 4407 4530 4474
f 4399 4513 4468
f 4410 4534 4454
f 4394 4494 4425
f 4406 4523 4464
f 4397 4506 4437
f 4398 4502 4429
f 4411 4519 4450
f 4415 4522 4461
f 4408 4529 4465
f 4407 4507 4441
f 4399 4508 4430
f 4410 4531 4449
f 4394 4498 4457
f 4388 4483 4442
f 4387 4479 4422
f 4389 4485 4452
f 4390 4488 4467
f 4391 4491 4472
f 4395 4499 4462
f 4405 4526 4439
f 4400 4511 4431
f 4412 4532 4451
f 4413 4497 4460
f 4401 4517 4438
f 4396 4501 4427
f 4402 4509 4448
f 4403 4521 4458
f 4404 4524 4463
f 4405 4527 4444
f 4400 4514 4473
f 4412 4512 4469
f 4413 4533 4455
f 4395 4496 4426
f 4388 4481 4483
f 4387 4477 4479
f 4389 4478 4485
f 4390 4484 4488
f 4391 4487 4491
f 4395 4492 4499
f 4405 4528 4526
f 4400 4515 4511
f 4412 4536 4532
f 4413 4495 4497
f 4401 4516 4517
f 4396 4503 4501
f 4402 4504 4509
f 4403 4518 4521
f 4404 4520 4524
f 4405 4525 4527
f 4400 4505 4514
f 4412 4510 4512
f 4413 4535 4533
f 4395 4500 4496
f 4388 4418 4481
f 4387 4417 4477
f 4389 4419 4478
f 4390 4420 4484
f 4391 4421 4487
f 4395 4426 4492
f 4405 4444 4528
f 4400 4473 4515
f 4412 4469 4536
f 4413 4455 4495
f 4401 4433 4516
f 4396 4432 4503
f 4402 4434 4504
f 4403 4435 4518
f 4404 4436 4520
f 4405 4439 4525
f 4400 4431 4505
f 4412 4451 4510
f 4413 4460 4535
f 4395 4462 4500
f 4391 4472 4490
f 4388 4442 4482
f 4387 4422 4480
f 4389 4452 4486
f 4390 4467 4489
f 4392 4443 4493
f 4409 4475 4530
f 4416 4471 4513
f 4414 4456 4534
f 4393 4424 4494
f 4404 4463 4523
f 4401 4438 4506
f 4396 4427 4502
f 4402 4448 4519
f 4403 4458 4522
f 4406 4464 4529
f 4397 4437 4507
f 4398 4429 4508
f 4411 4450 4531
f 4415 4461 4498
f 4409 4446 4483
f 4392 4423 4479
f 4393 4453 4485
f 4414 4470 4488
f 4416 4476 4491
f 4408 4465 4499
f 4407 4441 4526
f 4399 4430 4511
f 4410 4449 4532
f 4394 4457 4497
f 4406 4440 4517
f 4397 4428 4501
f 4398 4447 4509
f 4411 4459 4521
f 4415 4466 4524
f 4408 4445 4527
f 4407 4474 4514
f 4399 4468 4512
f 4410 4454 4533
f 4394 4425 4496
f 4391 4490 4481
f 4388 4482 4477
f 4387 4480 4478
f 4389 4486 4484
f 4390 4489 4487
f 4392 4493 4492
f 4409 4530 4528
f 4416 4513 4515
f 4414 4534 4536
f 4393 4494 4495
f 4404 4523 4516
f 4401 4506 4503
f 4396 4502 4504
f 4402 4519 4518
f 4403 4522 4520
f 4406 4529 4525
f 4397 4507 4505
f 4398 4508 4510
f 4411 4531 4535
f 4415 4498 4500
f 4481 4418 4421
f 4477 4417 4418
f 4478 4419 4417
f 4484 4420 4419
f 4487 4421 4420
f 4492 4426 4423
f 4528 4444 4446
f 4515 4473 4476
f 4536 4469 4470
f 4495 4455 4453
f 4516 4433 4436
f 4503 4432 4433
f 4504 4434 4432
f 4518 4435 4434
f 4520 4436 4435
f 4525 4439 4440
f 4505 4431 4428
f 4510 4451 4447
f 4535 4460 4459
f 4500 4462 4466
f 4490 4472 4475
f 4482 4442 4443
f 4480 4422 4424
f 4486 4452 4456
f 4489 4467 4471
f 4493 4443 4445
f 4530 4475 4474
f 4513 4471 4468
f 4534 4456 4454
f 4494 4424 4425
f 4523 4463 4464
f 4506 4438 4437
f 4502 4427 4429
f 4519 4448 4450
f 4522 4458 4461
f 4529 4464 4465
f 4507 4437 4441
f 4508 4429 4430
f 4531 4450 4449
f 4498 4461 4457
f 4483 4446 4442
f 4479 4423 4422
f 4485 4453 4452
f 4488 4470 4467
f 4491 4476 4472
f 4499 4465 4462
f 4526 4441 4439
f 4511 4430 4431
f 4532 4449 4451
f 4497 4457 4460
f 4517 4440 4438
f 4501 4428 4427
f 4509 4447 4448
f 4521 4459 4458
f 4524 4466 4463
f 4527 4445 4444
f 4514 4474 4473
f 4512 4468 4469
f 4533 4454 4455
f 4496 4425 4426
f 4481 4490 4483
f 4477 4482 4479
f 4478 4480 4485
f 4484 4486 4488
f 4487 4489 4491
f 4492 4493 4499
f 4528 4530 4526
f 4515 4513 4511
f 4536 4534 4532
f 4495 4494 4497
f 4516 4523 4517
f 4503 4506 4501
f 4504 4502 4509
f 4518 4519 4521
f 4520 4522 4524
f 4525 4529 4527
f 4505 4507 4514
f 4510 4508 4512
f 4535 4531 4533
f 4500 4498 4496
f 4537 4583 4580
f 4537 4580 4579
f 4537 4579 4581
f 4537 4581 4582
f 4537 4582 4583
f 4538 4585 4588
f 4542 4608 4606
f 4548 4638 4635
f 4547 4632 4631
f 4544 4615 4617
f 4540 4598 4595
f 4540 4595 4594
f 4540 4594 4596
f 4540 4596 4597
f 4540 4597 4598
f 4541 4602 4601
f 4539 4590 4593
f 4543 4609 4613
f 4545 4621 4622
f 4546 4628 4624
f 4548 4637 4634
f 4542 4605 4604
f 4538 4586 4584
f 4544 4618 4614
f 4547 4633 4629
f 4542 4607 4605
f 4548 4636 4637
f 4547 4630 4633
f 4544 4616 4618
f 4538 4587 4586
f 4546 4626 4625
f 4541 4599 4600
f 4539 4591 4589
f 4543 4612 4610
f 4545 4623 4620
f 4546 4627 4626
f 4541 4603 4599
f 4539 4592 4591
f 4543 4611 4612
f 4545 4619 4623
f 4542 4604 4608
f 4538 4584 4585
f 4544 4614 4615
f 4547 4629 4632
f 4548 4634 4638
f 4546 4624 4627
f 4541 4601 4603
f 4539 4593 4592
f 4543 4613 4611
f 4545 4622 4619
f 4541 4600 4602
f 4539 4589 4590
f 4543 4610 4609
f 4545 4620 4621
f 4546 4625 4628
f 4542 4606 4607
f 4548 4635 4636
f 4547 4631 4630
f 4544 4617 4616
f 4538 4588 4587
f 4571 4645 4652
f 4554 4641 4644
f 4555 4647 4642
f 4576 4650 4648
f 4578 4653 4651
f 4570 4661 4655
f 4569 4688 4692
f 4561 4673 4675
f 4572 4694 4696
f 4556 4659 4656
f 4568 4679 4685
f 4559 4663 4668
f 4560 4671 4664
f 4573 4683 4681
f 4577 4686 4684
f 4570 4689 4691
f 4569 4676 4669
f 4561 4674 4670
f 4572 4695 4693
f 4556 4658 4660
f 4553 4643 4583
f 4550 4639 4580
f 4549 4640 4579
f 4551 4646 4581
f 4552 4649 4582
f 4554 4654 4585
f 4571 4690 4608
f 4578 4677 4638
f 4576 4698 4632
f 4555 4657 4615
f 4566 4678 4598
f 4563 4665 4595
f 4558 4666 4594
f 4564 4680 4596
f 4565 4682 4597
f 4568 4687 4602
f 4559 4667 4590
f 4560 4672 4609
f 4573 4697 4621
f 4577 4662 4628
f 4571 4652 4637
f 4554 4644 4605
f 4555 4642 4586
f 4576 4648 4618
f 4578 4651 4633
f 4570 4655 4607
f 4569 4692 4636
f 4561 4675 4630
f 4572 4696 4616
f 4556 4656 4587
f 4568 4685 4626
f 4559 4668 4599
f 4560 4664 4591
f 4573 4681 4612
f 4577 4684 4623
f 4570 4691 4627
f 4569 4669 4603
f 4561 4670 4592
f 4572 4693 4611
f 4556 4660 4619
f 4550 4645 4604
f 4549 4641 4584
f 4551 4647 4614
f 4552 4650 4629
f 4553 4653 4634
f 4557 4661 4624
f 4567 4688 4601
f 4562 4673 4593
f 4574 4694 4613
f 4575 4659 4622
f 4563 4679 4600
f 4558 4663 4589
f 4564 4671 4610
f 4565 4683 4620
f 4566 4686 4625
f 4567 4689 4606
f 4562 4676 4635
f 4574 4674 4631
f 4575 4695 4617
f 4557 4658 4588
f 4550 4643 4645
f 4549 4639 4641
f 4551 4640 4647
f 4552 4646 4650
f 4553 4649 4653
f 4557 4654 4661
f 4567 4690 4688
f 4562 4677 4673
f 4574 4698 4694
f 4575 4657 4659
f 4563 4678 4679
f 4558 4665 4663
f 4564 4666 4671
f 4565 4680 4683
f 4566 4682 4686
f 4567 4687 4689
f 4562 4667 4676
f 4574 4672 4674
f 4575 4697 4695
f 4557 4662 4658
f 4550 4580 4643
f 4549 4579 4639
f 4551 4581 4640
f 4552 4582 4646
f 4553 4583 4649
f 4557 4588 4654
f 4567 4606 4690
f 4562 4635 4677
f 4574 4631 4698
f 4575 4617 4657
f 4563 4595 4678
f 4558 4594 4665
f 4564 4596 4666
f 4565 4597 4680
f 4566 4598 4682
f 4567 4601 4687
f 4562 4593 4667
f 4574 4613 4672
f 4575 4622 4697
f 4557 4624 4662
f 4553 4634 4652
f 4550 4604 4644
f 4549 4584 4642
f 4551 4614 4648
f 4552 4629 4651
f 4554 4605 4655
f 4571 4637 4692
f 4578 4633 4675
f 4576 4618 4696
f 4555 4586 4656
f 4566 4625 4685
f 4563 4600 4668
f 4558 4589 4664
f 4564 4610 4681
f 4565 4620 4684
f 4568 4626 4691
f 4559 4599 4669
f 4560 4591 4670
f 4573 4612 4693
f 4577 4623 4660
f 4571 4608 4645
f 4554 4585 4641
f 4555 4615 4647
f 4576 4632 4650
f 4578 4638 4653
f 4570 4627 4661
f 4569 4603 4688
f 4561 4592 4673
f 4572 4611 4694
f 4556 4619 4659
f 4568 4602 4679
f 4559 4590 4663
f 4560 4609 4671
f 4573 4621 4683
f 4577 4628 4686
f 4570 4607 4689
f 4569 4636 4676
f 4561 4630 4674
f 4572 4616 4695
f 4556 4587 4658
f 4553 4652 4643
f 4550 4644 4639
f 4549 4642 4640
f 4551 4648 4646
f 4552 4651 4649
f 4554 4655 4654
f 4571 4692 4690
f 4578 4675 4677
f 4576 4696 4698
f 4555 4656 4657
f 4566 4685 4678
f 4563 4668 4665
f 4558 4664 4666
f 4564 4681 4680
f 4565 4684 4682
f 4568 4691 4687
f 4559 4669 4667
f 4560 4670 4672
f 4573 4693 4697
f 4577 4660 4662
f 4643 4580 4583
f 4639 4579 4580
f 4640 4581 4579
f 4646 4582 4581
f 4649 4583 4582
f 4654 4588 4585
f 4690 4606 4608
f 4677 4635 4638
f 4698 4631 4632
f 4657 4617 4615
f 4678 4595 4598
f 4665 4594 4595
f 4666 4596 4594
f 4680 4597 4596
f 4682 4598 4597
f 4687 4601 4602
f 4667 4593 4590
f 4672 4613 4609
f 4697 4622 4621
f 4662 4624 4628
f 4652 4634 4637
f 4644 4604 4605
f 4642 4584 4586
f 4648 4614 4618
f 4651 4629 4633
f 4655 4605 4607
f 4692 4637 4636
f 4675 4633 4630
f 4696 4618 4616
f 4656 4586 4587
f 4685 4625 4626
f 4668 4600 4599
f 4664 4589 4591
f 4681 4610 4612
f 4684 4620 4623
f 4691 4626 4627
f 4669 4599 4603
f 4670 4591 4592
f 4693 4612 4611
f 4660 4623 4619
f 4645 4608 4604
f 4641 4585 4584
f 4647 4615 4614
f 4650 4632 4629
f 4653 4638 4634
f 4661 4627 4624
f 4688 4603 4601
f 4673 4592 4593
f 4694 4611 4613
f 4659 4619 4622
f 4679 4602 4600
f 4663 4590 4589
f 4671 4609 4610
f 4683 4621 4620
f 4686 4628 4625
f 4689 4607 4606
f 4676 4636 4635
f 4674 4630 4631
f 4695 4616 4617
f 4658 4587 4588
f 4643 4652 4645
f 4639 4644 4641
f 4640 4642 4647
f 4646 4648 4650
f 4649 4651 4653
f 4654 4655 4661
f 4690 4692 4688
f 4677 4675 4673
f 4698 4696 4694
f 4657 4656 4659
f 4678 4685 4679
f 4665 4668 4663
f 4666 4664 4671
f 4680 4681 4683
f 4682 4684 4686
f 4687 4691 4689
f 4667 4669 4676
f 4672 4670 4674
f 4697 4693 4695
f 4662 4660 4658
f 4699 4745 4742
f 4699 4742 4741
f 4699 4741 4743
f 4699 4743 4744
f 4699 4744 4745
f 4700 4747 4750
f 4704 4770 4768
f 4710 4800 4797
f 4709 4794 4793
f 4706 4777 4779
f 4702 4760 4757
f 4702 4757 4756
f 4702 4756 4758
f 4702 4758 4759
f 4702 4759 4760
f 4703 4764 4763
f 4701 4752 4755
f 4705 4771 4775
f 4707 4783 4784
f 4708 4790 4786
f 4710 4799 4796
f 4704 4767 4766
f 4700 4748 4746
f 4706 4780 4776
f 4709 4795 4791
f 4704 4769 4767
f 4710 4798 4799
f 4709 4792 4795
f 4706 4778 4780
f 4700 4749 4748
f 4708 4788 4787
f 4703 4761 4762
f 4701 4753 4751
f 4705 4774 4772
f 4707 4785 4782
f 4708 4789 4788
f 4703 4765 4761
f 4701 4754 4753
f 4705 4773 4774
f 4707 4781 4785
f 4704 4766 4770
f 4700 4746 4747
f 4706 4776 4777
f 4709 4791 4794
f 4710 4796 4800
f 4708 4786 4789
f 4703 4763 4765
f 4701 4755 4754
f 4705 4775 4773
f 4707 4784 4781
f 4703 4762 4764
f 4701 4751 4752
f 4705 4772 4771
f 4707 4782 4783
f 4708 4787 4790
f 4704 4768 4769
f 4710 4797 4798
f 4709 4793 4792
f 4706 4779 4778
f 4700 4750 4749
f 4733 4807 4814
f 4716 4803 4806
f 4717 4809 4804
f 4738 4812 4810
f 4740 4815 4813
f 4732 4823 4817
f 4731 4850 4854
f 4723 4835 4837
f 4734 4856 4858
f 4718 4821 4818
f 4730 4841 4847
f 4721 4825 4830
f 4722 4833 4826
f 4735 4845 4843
f 4739 4848 4846
f 4732 4851 4853
f 4731 4838 4831
f 4723 4836 4832
f 4734 4857 4855
f 4718 4820 4822
f 4715 4805 4745
f 4712 4801 4742
f 4711 4802 4741
f 4713 4808 4743
f 4714 4811 4744
f 4716 4816 4747
f 4733 4852 4770
f 4740 4839 4800
f 4738 4860 4794
f 4717 4819 4777
f 4728 4840 4760
f 4725 4827 4757
f 4720 4828 4756
f 4726 4842 4758
f 4727 4844 4759
f 4730 4849 4764
f 4721 4829 4752
f 4722 4834 4771
f 4735 4859 4783
f 4739 4824 4790
f 4733 4814 4799
f 4716 4806 4767
f 4717 4804 4748
f 4738 4810 4780
f 4740 4813 4795
f 4732 4817 4769
f 4731 4854 4798
f 4723 4837 4792
f 4734 4858 4778
f 4718 4818 4749
f 4730 4847 4788
f 4721 4830 4761
f 4722 4826 4753
f 4735 4843 4774
f 4739 4846 4785
f 4732 4853 4789
f 4731 4831 4765
f 4723 4832 4754
f 4734 4855 4773
f 4718 4822 4781
f 4712 4807 4766
f 4711 4803 4746
f 4713 4809 4776
f 4714 4812 4791
f 4715 4815 4796
f 4719 4823 4786
f 4729 4850 4763
f 4724 4835 4755
f 4736 4856 4775
f 4737 4821 4784
f 4725 4841 4762
f 4720 4825 4751
f 4726 4833 4772
f 4727 4845 4782
f 4728 4848 4787
f 4729 4851 4768
f 4724 4838 4797
f 4736 4836 4793
f 4737 4857 4779
f 4719 4820 4750
f 4712 4805 4807
f 4711 4801 4803
f 4713 4802 4809
f 4714 4808 4812
f 4715 4811 4815
f 4719 4816 4823
f 4729 4852 4850
f 4724 4839 4835
f 4736 4860 4856
f 4737 4819 4821
f 4725 4840 4841
f 4720 4827 4825
f 4726 4828 4833
f 4727 4842 4845
f 4728 4844 4848
f 4729 4849 4851
f 4724 4829 4838
f 4736 4834 4836
f 4737 4859 4857
f 4719 4824 4820
f 4712 4742 4805
f 4711 4741 4801
f 4713 4743 4802
f 4714 4744 4808
f 4715 4745 4811
f 4719 4750 4816
f 4729 4768 4852
f 4724 4797 4839
f 4736 4793 4860
f 4737 4779 4819
f 4725 4757 4840
f 4720 4756 4827
f 4726 4758 4828
f 4727 4759 4842
f 4728 4760 4844
f 4729 4763 4849
f 4724 4755 4829
f 4736 4775 4834
f 4737 4784 4859
f 4719 4786 4824
f 4715 4796 4814
f 4712 4766 4806
f 4711 4746 4804
f 4713 4776 4810
f 4714 4791 4813
f 4716 4767 4817
f 4733 4799 4854
f 4740 4795 4837
f 4738 4780 4858
f 4717 4748 4818
f 4728 4787 4847
f 4725 4762 4830
f 4720 4751 4826
f 4726 4772 4843
f 4727 4782 4846
f 4730 4788 4853
f 4721 4761 4831
f 4722 4753 4832
f 4735 4774 4855
f 4739 4785 4822
f 4733 4770 4807
f 4716 4747 4803
f 4717 4777 4809
f 4738 4794 4812
f 4740 4800 4815
f 4732 4789 4823
f 4731 4765 4850
f 4723 4754 4835
f 4734 4773 4856
f 4718 4781 4821
f 4730 4764 4841
f 4721 4752 4825
f 4722 4771 4833
f 4735 4783 4845
f 4739 4790 4848
f 4732 4769 4851
f 4731 4798 4838
f 4723 4792 4836
f 4734 4778 4857
f 4718 4749 4820
f 4715 4814 4805
f 4712 4806 4801
f 4711 4804 4802
f 4713 4810 4808
f 4714 4813 4811
f 4716 4817 4816
f 4733 4854 4852
f 4740 4837 4839
f 4738 4858 4860
f 4717 4818 4819
f 4728 4847 4840
f 4725 4830 4827
f 4720 4826 4828
f 4726 4843 4842
f 4727 4846 4844
f 4730 4853 4849
f 4721 4831 4829
f 4722 4832 4834
f 4735 4855 4859
f 4739 4822 4824
f 4805 4742 4745
f 4801 4741 4742
f 4802 4743 4741
f 4808 4744 4743
f 4811 4745 4744
f 4816 4750 4747
f 4852 4768 4770
f 4839 4797 4800
f 4860 4793 4794
f 4819 4779 4777
f 4840 4757 4760
f 4827 4756 4757
f 4828 4758 4756
f 4842 4759 4758
f 4844 4760 4759
f 4849 4763 4764
f 4829 4755 4752
f 4834 4775 4771
f 4859 4784 4783
f 4824 4786 4790
f 4814 4796 4799
f 4806 4766 4767
f 4804 4746 4748
f 4810 4776 4780
f 4813 4791 4795
f 4817 4767 4769
f 4854 4799 4798
f 4837 4795 4792
f 4858 4780 4778
f 4818 4748 4749
f 4847 4787 4788
f 4830 4762 4761
f 4826 4751 4753
f 4843 4772 4774
f 4846 4782 4785
f 4853 4788 4789
f 4831 4761 4765
f 4832 4753 4754
f 4855 4774 4773
f 4822 4785 4781
f 4807 4770 4766
f 4803 4747 4746
f 4809 4777 4776
f 4812 4794 4791
f 4815 4800 4796
f 4823 4789 4786
f 4850 4765 4763
f 4835 4754 4755
f 4856 4773 4775
f 4821 4781 4784
f 4841 4764 4762
f 4825 4752 4751
f 4833 4771 4772
f 4845 4783 4782
f 4848 4790 4787
f 4851 4769 4768
f 4838 4798 4797
f 4836 4792 4793
f 4857 4778 4779
f 4820 4749 4750
f 4805 4814 4807
f 4801 4806 4803
f 4802 4804 4809
f 4808 4810 4812
f 4811 4813 4815
f 4816 4817 4823
f 4852 4854 4850
f 4839 4837 4835
f 4860 4858 4856
f 4819 4818 4821
f 4840 4847 4841
f 4827 4830 4825
f 4828 4826 4833
f 4842 4843 4845
f 4844 4846 4848
f 4849 4853 4851
f 4829 4831 4838
f 4834 4832 4836
f 4859 4855 4857
f 4824 4822 4820
f 4861 4907 4904
f 4861 4904 4903
f 4861 4903 4905
f 4861 4905 4906
f 4861 4906 4907
f 4862 4909 4912
f 4866 4932 4930
f 4872 4962 4959
f 4871 4956 4955
f 4868 4939 4941
f 4864 4922 4919
f 4864 4919 4918
f 4864 4918 4920
f 4864 4920 4921
f 4864 4921 4922
f 4865 4926 4925
f 4863 4914 4917
f 4867 4933 4937
f 4869 4945 4946
f 4870 4952 4948
f 4872 4961 4958
f 4866 4929 4928
f 4862 4910 4908
f 4868 4942 4938
f 4871 4957 4953
f 4866 4931 4929
f 4872 4960 4961
f 4871 4954 4957
f 4868 4940 4942
f 4862 4911 4910
f 4870 4950 4949
f 4865 4923 4924
f 4863 4915 4913
f 4867 4936 4934
f 4869 4947 4944
f 4870 4951 4950
f 4865 4927 4923
f 4863 4916 4915
f 4867 4935 4936
f 4869 4943 4947
f 4866 4928 4932
f 4862 4908 4909
f 4868 4938 4939
f 4871 4953 4956
f 4872 4958 4962
f 4870 4948 4951
f 4865 4925 4927
f 4863 4917 4916
f 4867 4937 4935
f 4869 4946 4943
f 4865 4924 4926
f 4863 4913 4914
f 4867 4934 4933
f 4869 4944 4945
f 4870 4949 4952
f 4866 4930 4931
f 4872 4959 4960
f 4871 4955 4954
f 4868 4941 4940
f 4862 4912 4911
f 4895 4969 4976
f 4878 4965 4968
f 4879 4971 4966
f 4900 4974 4972
f 4902 4977 4975
f 4894 4985 4979
f 4893 5012 5016
f 4885 4997 4999
f 4896 5018 5020
f 4880 4983 4980
f 4892 5003 5009
f 4883 4987 4992
f 4884 4995 4988
f 4897 5007 5005
f 4901 5010 5008
f 4894 5013 5015
f 4893 5000 4993
f 4885 4998 4994
f 4896 5019 5017
f 4880 4982 4984
f 4877 4967 4907
f 4874 4963 4904
f 4873 4964 4903
f 4875 4970 4905
f 4876 4973 4906
f 4878 4978 4909
f 4895 5014 4932
f 4902 5001 4962
f 4900 5022 4956
f 4879 4981 4939
f 4890 5002 4922
f 4887 4989 4919
f 4882 4990 4918
f 4888 5004 4920
f 4889 5006 4921
f 4892 5011 4926
f 4883 4991 4914
f 4884 4996 4933
f 4897 5021 4945
f 4901 4986 4952
f 4895 4976 4961
f 4878 4968 4929
f 4879 4966 4910
f 4900 4972 4942
f 4902 4975 4957
f 4894 4979 4931
f 4893 5016 4960
f 4885 4999 4954
f 4896 5020 4940
f 4880 4980 4911
f 4892 5009 4950
f 4883 4992 4923
f 4884 4988 4915
f 4897 5005 4936
f 4901 5008 4947
f 4894 5015 4951
f 4893 4993 4927
f 4885 4994 4916
f 4896 5017 4935
f 4880 4984 4943
f 4874 4969 4928
f 4873 4965 4908
f 4875 4971 4938
f 4876 4974 4953
f 4877 4977 4958
f 4881 4985 4948
f 4891 5012 4925
f 4886 4997 4917
f 4898 5018 4937
f 4899 4983 4946
f 4887 5003 4924
f 4882 4987 4913
f 4888 4995 4934
f 4889 5007 4944
f 4890 5010 4949
f 4891 5013 4930
f 4886 5000 4959
f 4898 4998 4955
f 4899 5019 4941
f 4881 4982 4912
f 4874 4967 4969
f 4873 4963 4965
f 4875 4964 4971
f 4876 4970 4974
f 4877 4973 4977
f 4881 4978 4985
f 4891 5014 5012
f 4886 5001 4997
f 4898 5022 5018
f 4899 4981 4983
f 4887 5002 5003
f 4882 4989 4987
f 4888 4990 4995
f 4889 5004 5007
f 4890 5006 5010
f 4891 5011 5013
f 4886 4991 5000
f 4898 4996 4998
f 4899 5021 5019
f 4881 4986 4982
f 4874 4904 4967
f 4873 4903 4963
f 4875 4905 4964
f 4876 4906 4970
f 4877 4907 4973
f 4881 4912 4978
f 4891 4930 5014
f 4886 4959 5001
f 4898 4955 5022
f 4899 4941 4981
f 4887 4919 5002
f 4882 4918 4989
f 4888 4920 4990
f 4889 4921 5004
f 4890 4922 5006
f 4891 4925 5011
f 4886 4917 4991
f 4898 4937 4996
f 4899 4946 5021
f 4881 4948 4986
f 4877 4958 4976
f 4874 4928 4968
f 4873 4908 4966
f 4875 4938 4972
f 4876 4953 4975
f 4878 4929 4979
f 4895 4961 5016
f 4902 4957 4999
f 4900 4942 5020
f 4879 4910 4980
f 4890 4949 5009
f 4887 4924 4992
f 4882 4913 4988
f 4888 4934 5005
f 4889 4944 5008
f 4892 4950 5015
f 4883 4923 4993
f 4884 4915 4994
f 4897 4936 5017
f 4901 4947 4984
f 4895 4932 4969
f 4878 4909 4965
f 4879 4939 4971
f 4900 4956 4974
f 4902 4962 4977
f 4894 4951 4985
f 4893 4927 5012
f 4885 4916 4997
f 4896 4935 5018
f 4880 4943 4983
f 4892 4926 5003
f 4883 4914 4987
f 4884 4933 4995
f 4897 4945 5007
f 4901 4952 5010
f 4894 4931 5013
f 4893 4960 5000
f 4885 4954 4998
f 4896 4940 5019
f 4880 4911 4982
f 4877 4976 4967
f 4874 4968 4963
f 4873 4966 4964
f 4875 4972 4970
f 4876 4975 4973
f 4878 4979 4978
f 4895 5016 5014
f 4902 4999 5001
f 4900 5020 5022
f 4879 4980 4981
f 4890 5009 5002
f 4887 4992 4989
f 4882 4988 4990
f 4888 5005 5004
f 4889 5008 5006
f 4892 5015 5011
f 4883 4993 4991
f 4884 4994 4996
f 4897 5017 5021
f 4901 4984 4986
f 4967 4904 4907
f 4963 4903 4904
f 4964 4905 4903
f 4970 4906 4905
f 4973 4907 4906
f 4978 4912 4909
f 5014 4930 4932
f 5001 4959 4962
f 5022 4955 4956
f 4981 4941 4939
f 5002 4919 4922
f 4989 4918 4919
f 4990 4920 4918
f 5004 4921 4920
f 5006 4922 4921
f 5011 4925 4926
f 4991 4917 4914
f 4996 4937 4933
f 5021 4946 4945
f 4986 4948 4952
f 4976 4958 4961
f 4968 4928 4929
f 4966 4908 4910
f 4972 4938 4942
f 4975 4953 4957
f 4979 4929 4931
f 5016 4961 4960
f 4999 4957 4954
f 5020 4942 4940
f 4980 4910 4911
f 5009 4949 4950
f 4992 4924 4923
f 4988 4913 4915
f 5005 4934 4936
f 5008 4944 4947
f 5015 4950 4951
f 4993 4923 4927
f 4994 4915 4916
f 5017 4936 4935
f 4984 4947 4943
f 4969 4932 4928
f 4965 4909 4908
f 4971 4939 4938
f 4974 4956 4953
f 4977 4962 4958
f 4985 4951 4948
f 5012 4927 4925
f 4997 4916 4917
f 5018 4935 4937
f 4983 4943 4946
f 5003 4926 4924
f 4987 4914 4913
f 4995 4933 4934
f 5007 4945 4944
f 5010 4952 4949
f 5013 4931 4930
f 5000 4960 4959
f 4998 4954 4955
f 5019 4940 4941
f 4982 4911 4912
f 4967 4976 4969
f 4963 4968 4965
f 4964 4966 4971
f 4970 4972 4974
f 4973 4975 4977
f 4978 4979 4985
f 5014 5016 5012
f 5001 4999 4997
f 5022 5020 5018
f 4981 4980 4983
f 5002 5009 5003
f 4989 4992 4987
f 4990 4988 4995
f 5004 5005 5007
f 5006 5008 5010
f 5011 5015 5013
f 4991 4993 5000
f 4996 4994 4998
f 5021 5017 5019
f 4986 4984 4982
f 5023 5069 5066
f 5023 5066 5065
f 5023 5065 5067
f 5023 5067 5068
f 5023 5068 5069
f 5024 5071 5074
f 5028 5094 5092
f 5034 5124 5121
f 5033 5118 5117
f 5030 5101 5103
f 5026 5084 5081
f 5026 5081 5080
f 5026 5080 5082
f 5026 5082 5083
f 5026 5083 5084
f 5027 5088 5087
f 5025 5076 5079
f 5029 5095 5099
f 5031 5107 5108
f 5032 5114 5110
f 5034 5123 5120
f 5028 5091 5090
f 5024 5072 5070
f 5030 5104 5100
f 5033 5119 5115
f 5028 5093 5091
f 5034 5122 5123
f 5033 5116 5119
f 5030 5102 5104
f 5024 5073 5072
f 5032 5112 5111
f 5027 5085 5086
f 5025 5077 5075
f 5029 5098 5096
f 5031 5109 5106
f 5032 5113 5112
f 5027 5089 5085
f 5025 5078 5077
f 5029 5097 5098
f 5031 5105 5109
f 5028 5090 5094
f 5024 5070 5071
f 5030 5100 5101
f 5033 5115 5118
f 5034 5120 5124
f 5032 5110 5113
f 5027 5087 5089
f 5025 5079 5078
f 5029 5099 5097
f 5031 5108 5105
f 5027 5086 5088
f 5025 5075 5076
f 5029 5096 5095
f 5031 5106 5107
f 5032 5111 5114
f 5028 5092 5093
f 5034 5121 5122
f 5033 5117 5116
f 5030 5103 5102
f 5024 5074 5073
f 5057 5131 5138
f 5040 5127 5130
f 5041 5133 5128
f 5062 5136 5134
f 5064 5139 5137
f 5056 5147 5141
f 5055 5174 5178
f 5047 5159 5161
f 5058 5180 5182
f 5042 5145 5142
f 5054 5165 5171
f 5045 5149 5154
f 5046 5157 5150
f 5059 5169 5167
f 5063 5172 5170
f 5056 5175 5177
f 5055 5162 5155
f 5047 5160 5156
f 5058 5181 5179
f 5042 5144 5146
f 5039 5129 5069
f 5036 5125 5066
f 5035 5126 5065
f 5037 5132 5067
f 5038 5135 5068
f 5040 5140 5071
f 5057 5176 5094
f 5064 5163 5124
f 5062 5184 5118
f 5041 5143 5101
f 5052 5164 5084
f 5049 5151 5081
f 5044 5152 5080
f 5050 5166 5082
f 5051 5168 5083
f 5054 5173 5088
f 5045 5153 5076
f 5046 5158 5095
f 5059 5183 5107
f 5063 5148 5114
f 5057 5138 5123
f 5040 5130 5091
f 5041 5128 5072
f 5062 5134 5104
f 5064 5137 5119
f 5056 5141 5093
f 5055 5178 5122
f 5047 5161 5116
f 5058 5182 5102
f 5042 5142 5073
f 5054 5171 5112
f 5045 5154 5085
f 5046 5150 5077
f 5059 5167 5098
f 5063 5170 5109
f 5056 5177 5113
f 5055 5155 5089
f 5047 5156 5078
f 5058 5179 5097
f 5042 5146 5105
f 5036 5131 5090
f 5035 5127 5070
f 5037 5133 5100
f 5038 5136 5115
f 5039 5139 5120
f 5043 5147 5110
f 5053 5174 5087
f 5048 5159 5079
f 5060 5180 5099
f 5061 5145 5108
f 5049 5165 5086
f 5044 5149 5075
f 5050 5157 5096
f 5051 5169 5106
f 5052 5172 5111
f 5053 5175 5092
f 5048 5162 5121
f 5060 5160 5117
f 5061 5181 5103
f 5043 5144 5074
f 5036 5129 5131
f 5035 5125 5127
f 5037 5126 5133
f 5038 5132 5136
f 5039 5135 5139
f 5043 5140 5147
f 5053 5176 5174
f 5048 5163 5159
f 5060 5184 5180
f 5061 5143 5145
f 5049 5164 5165
f 5044 5151 5149
f 5050 5152 5157
f 5051 5166 5169
f 5052 5168 5172
f 5053 5173 5175
f 5048 5153 5162
f 5060 5158 5160
f 5061 5183 5181
f 5043 5148 5144
f 5036 5066 5129
f 5035 5065 5125
f 5037 5067 5126
f 5038 5068 5132
f 5039 5069 5135
f 5043 5074 5140
f 5053 5092 5176
f 5048 5121 5163
f 5060 5117 5184
f 5061 5103 5143
f 5049 5081 5164
f 5044 5080 5151
f 5050 5082 5152
f 5051 5083 5166
f 5052 5084 5168
f 5053 5087 5173
f 5048 5079 5153
f 5060 5099 5158
f 5061 5108 5183
f 5043 5110 5148
f 5039 5120 5138
f 5036 5090 5130
f 5035 5070 5128
f 5037 5100 5134
f 5038 5115 5137
f 5040 5091 5141
f 5057 5123 5178
f 5064 5119 5161
f 5062 5104 5182
f 5041 5072 5142
f 5052 5111 5171
f 5049 5086 5154
f 5044 5075 5150
f 5050 5096 5167
f 5051 5106 5170
f 5054 5112 5177
f 5045 5085 5155
f 5046 5077 5156
f 5059 5098 5179
f 5063 5109 5146
f 5057 5094 5131
f 5040 5071 5127
f 5041 5101 5133
f 5062 5118 5136
f 5064 5124 5139
f 5056 5113 5147
f 5055 5089 5174
f 5047 5078 5159
f 5058 5097 5180
f 5042 5105 5145
f 5054 5088 5165
f 5045 5076 5149
f 5046 5095 5157
f 5059 5107 5169
f 5063 5114 5172
f 5056 5093 5175
f 5055 5122 5162
f 5047 5116 5160
f 5058 5102 5181
f 5042 5073 5144
f 5039 5138 5129
f 5036 5130 5125
f 5035 5128 5126
f 5037 5134 5132
f 5038 5137 5135
f 5040 5141 5140
f 5057 5178 5176
f 5064 5161 5163
f 5062 5182 5184
f 5041 5142 5143
f 5052 5171 5164
f 5049 5154 5151
f 5044 5150 5152
f 5050 5167 5166
f 5051 5170 5168
f 5054 5177 5173
f 5045 5155 5153
f 5046 5156 5158
f 5059 5179 5183
f 5063 5146 5148
f 5129 5066 5069
f 5125 5065 5066
f 5126 5067 5065
f 5132 5068 5067
f 5135 5069 5068
f 5140 5074 5071
f 5176 5092 5094
f 5163 5121 5124
f 5184 5117 5118
f 5143 5103 5101
f 5164 5081 5084
f 5151 5080 5081
f 5152 5082 5080
f 5166 5083 5082
f 5168 5084 5083
f 5173 5087 5088
f 5153 5079 5076
f 5158 5099 5095
f 5183 5108 5107
f 5148 5110 5114
f 5138 5120 5123
f 5130 5090 5091
f 5128 5070 5072
f 5134 5100 5104
f 5137 5115 5119
f 5141 5091 5093
f 5178 5123 5122
f 5161 5119 5116
f 5182 5104 5102
f 5142 5072 5073
f 5171 5111 5112
f 5154 5086 5085
f 5150 5075 5077
f 5167 5096 5098
f 5170 5106 5109
f 5177 5112 5113
f 5155 5085 5089
f 5156 5077 5078
f 5179 5098 5097
f 5146 5109 5105
f 5131 5094 5090
f 5127 5071 5070
f 5133 5101 5100
f 5136 5118 5115
f 5139 5124 5120
f 5147 5113 5110
f 5174 5089 5087
f 5159 5078 5079
f 5180 5097 5099
f 5145 5105 5108
f 5165 5088 5086
f 5149 5076 5075
f 5157 5095 5096
f 5169 5107 5106
f 5172 5114 5111
f 5175 5093 5092
f 5162 5122 5121
f 5160 5116 5117
f 5181 5102 5103
f 5144 5073 5074
f 5129 5138 5131
f 5125 5130 5127
f 5126 5128 5133
f 5132 5134 5136
f 5135 5137 5139
f 5140 5141 5147
f 5176 5178 5174
f 5163 5161 5159
f 5184 5182 5180
f 5143 5142 5145
f 5164 5171 5165
f 5151 5154 5149
f 5152 5150 5157
f 5166 5167 5169
f 5168 5170 5172
f 5173 5177 5175
f 5153 5155 5162
f 5158 5156 5160
f 5183 5179 5181
f 5148 5146 5144
f 5185 5231 5228
f 5185 5228 5227
f 5185 5227 5229
f 5185 5229 5230
f 5185 5230 5231
f 5186 5233 5236
f 5190 5256 5254
f 5196 5286 5283
f 5195 5280 5279
f 5192 5263 5265
f 5188 5246 5243
f 5188 5243 5242
f 5188 5242 5244
f 5188 5244 5245
f 5188 5245 5246
f 5189 5250 5249
f 5187 5238 5241
f 5191 5257 5261
f 5193 5269 5270
f 5194 5276 5272
f 5196 5285 5282
f 5190 5253 5252
f 5186 5234 5232
f 5192 5266 5262
f 5195 5281 5277
f 5190 5255 5253
f 5196 5284 5285
f 5195 5278 5281
f 5192 5264 5266
f 5186 5235 5234
f 5194 5274 5273
f 5189 5247 5248
f 5187 5239 5237
f 5191 5260 5258
f 5193 5271 5268
f 5194 5275 5274
f 5189 5251 5247
f 5187 5240 5239
f 5191 5259 5260
f 5193 5267 5271
f 5190 5252 5256
f 5186 5232 5233
f 5192 5262 5263
f 5195 5277 5280
f 5196 5282 5286
f 5194 5272 5275
f 5189 5249 5251
f 5187 5241 5240
f 5191 5261 5259
f 5193 5270 5267
f 5189 5248 5250
f 5187 5237 5238
f 5191 5258 5257
f 5193 5268 5269
f 5194 5273 5276
f 5190 5254 5255
f 5196 5283 5284
f 5195 5279 5278
f 5192 5265 5264
f 5186 5236 5235
f 5219 5293 5300
f 5202 5289 5292
f 5203 5295 5290
f 5224 5298 5296
f 5226 5301 5299
f 5218 5309 5303
f 5217 5336 5340
f 5209 5321 5323
f 5220 5342 5344
f 5204 5307 5304
f 5216 5327 5333
f 5207 5311 5316
f 5208 5319 5312
f 5221 5331 5329
f 5225 5334 5332
f 5218 5337 5339
f 5217 5324 5317
f 5209 5322 5318
f 5220 5343 5341
f 5204 5306 5308
f 5201 5291 5231
f 5198 5287 5228
f 5197 5288 5227
f 5199 5294 5229
f 5200 5297 5230
f 5202 5302 5233
f 5219 5338 5256
f 5226 5325 5286
f 5224 5346 5280
f 5203 5305 5263
f 5214 5326 5246
f 5211 5313 5243
f 5206 5314 5242
f 5212 5328 5244
f 5213 5330 5245
f 5216 5335 5250
f 5207 5315 5238
f 5208 5320 5257
f 5221 5345 5269
f 5225 5310 5276
f 5219 5300 5285
f 5202 5292 5253
f 5203 5290 5234
f 5224 5296 5266
f 5226 5299 5281
f 5218 5303 5255
f 5217 5340 5284
f 5209 5323 5278
f 5220 5344 5264
f 5204 5304 5235
f 5216 5333 5274
f 5207 5316 5247
f 5208 5312 5239
f 5221 5329 5260
f 5225 5332 5271
f 5218 5339 5275
f 5217 5317 5251
f 5209 5318 5240
f 5220 5341 5259
f 5204 5308 5267
f 5198 5293 5252
f 5197 5289 5232
f 5199 5295 5262
f 5200 5298 5277
f 5201 5301 5282
f 5205 5309 5272
f 5215 5336 5249
f 5210 5321 5241
f 5222 5342 5261
f 5223 5307 5270
f 5211 5327 5248
f 5206 5311 5237
f 5212 5319 5258
f 5213 5331 5268
f 5214 5334 5273
f 5215 5337 5254
f 5210 5324 5283
f 5222 5322 5279
f 5223 5343 5265
f 5205 5306 5236
f 5198 5291 5293
f 5197 5287 5289
f 5199 5288 5295
f 5200 5294 5298
f 5201 5297 5301
f 5205 5302 5309
f 5215 5338 5336
f 5210 5325 5321
f 5222 5346 5342
f 5223 5305 5307
f 5211 5326 5327
f 5206 5313 5311
f 5212 5314 5319
f 5213 5328 5331
f 5214 5330 5334
f 5215 5335 5337
f 5210 5315 5324
f 5222 5320 5322
f 5223 5345 5343
f 5205 5310 5306
f 5198 5228 5291
f 5197 5227 5287
f 5199 5229 5288
f 5200 5230 5294
f 5201 5231 5297
f 5205 5236 5302
f 5215 5254 5338
f 5210 5283 5325
f 5222 5279 5346
f 5223 5265 5305
f 5211 5243 5326
f 5206 5242 5313
f 5212 5244 5314
f 5213 5245 5328
f 5214 5246 5330
f 5215 5249 5335
f 5210 5241 5315
f 5222 5261 5320
f 5223 5270 5345
f 5205 5272 5310
f 5201 5282 5300
f 5198 5252 5292
f 5197 5232 5290
f 5199 5262 5296
f 5200 5277 5299
f 5202 5253 5303
f 5219 5285 5340
f 5226 5281 5323
f 5224 5266 5344
f 5203 5234 5304
f 5214 5273 5333
f 5211 5248 5316
f 5206 5237 5312
f 5212 5258 5329
f 5213 5268 5332
f 5216 5274 5339
f 5207 5247 5317
f 5208 5239 5318
f 5221 5260 5341
f 5225 5271 5308
f 5219 5256 5293
f 5202 5233 5289
f 5203 5263 5295
f 5224 5280 5298
f 5226 5286 5301
f 5218 5275 5309
f 5217 5251 5336
f 5209 5240 5321
f 5220 5259 5342
f 5204 5267 5307
f 5216 5250 5327
f 5207 5238 5311
f 5208 5257 5319
f 5221 5269 5331
f 5225 5276 5334
f 5218 5255 5337
f 5217 5284 5324
f 5209 5278 5322
f 5220 5264 5343
f 5204 5235 5306
f 5201 5300 5291
f 5198 5292 5287
f 5197 5290 5288
f 5199 5296 5294
f 5200 5299 5297
f 5202 5303 5302
f 5219 5340 5338
f 5226 5323 5325
f 5224 5344 5346
f 5203 5304 5305
f 5214 5333 5326
f 5211 5316 5313
f 5206 5312 5314
f 5212 5329 5328
f 5213 5332 5330
f 5216 5339 5335
f 5207 5317 5315
f 5208 5318 5320
f 5221 5341 5345
f 5225 5308 5310
f 5291 5228 5231
f 5287 5227 5228
f 5288 5229 5227
f 5294 5230 5229
f 5297 5231 5230
f 5302 5236 5233
f 5338 5254 5256
f 5325 5283 5286
f 5346 5279 5280
f 5305 5265 5263
f 5326 5243 5246
f 5313 5242 5243
f 5314 5244 5242
f 5328 5245 5244
f 5330 5246 5245
f 5335 5249 5250
f 5315 5241 5238
f 5320 5261 5257
f 5345 5270 5269
f 5310 5272 5276
f 5300 5282 5285
f 5292 5252 5253
f 5290 5232 5234
f 5296 5262 5266
f 5299 5277 5281
f 5303 5253 5255
f 5340 5285 5284
f 5323 5281 5278
f 5344 5266 5264
f 5304 5234 5235
f 5333 5273 5274
f 5316 5248 5247
f 5312 5237 5239
f 5329 5258 5260
f 5332 5268 5271
f 5339 5274 5275
f 5317 5247 5251
f 5318 5239 5240
f 5341 5260 5259
f 5308 5271 5267
f 5293 5256 5252
f 5289 5233 5232
f 5295 5263 5262
f 5298 5280 5277
f 5301 5286 5282
f 5309 5275 5272
f 5336 5251 5249
f 5321 5240 5241
f 5342 5259 5261
f 5307 5267 5270
f 5327 5250 5248
f 5311 5238 5237
f 5319 5257 5258
f 5331 5269 5268
f 5334 5276 5273
f 5337 5255 5254
f 5324 5284 5283
f 5322 5278 5279
f 5343 5264 5265
f 5306 5235 5236
f 5291 5300 5293
f 5287 5292 5289
f 5288 5290 5295
f 5294 5296 5298
f 5297 5299 5301
f 5302 5303 5309
f 5338 5340 5336
f 5325 5323 5321
f 5346 5344 5342
f 5305 5304 5307
f 5326 5333 5327
f 5313 5316 5311
f 5314 5312 5319
f 5328 5329 5331
f 5330 5332 5334
f 5335 5339 5337
f 5315 5317 5324
f 5320 5318 5322
f 5345 5341 5343
f 5310 5308 5306
f 5347 5393 5390
f 5347 5390 5389
f 5347 5389 5391
f 5347 5391 5392
f 5347 5392 5393
f 5348 5395 5398
f 5352 5418 5416
f 5358 5448 5445
f 5357 5442 5441
f 5354 5425 5427
f 5350 5408 5405
f 5350 5405 5404
f 5350 5404 5406
f 5350 5406 5407
f 5350 5407 5408
f 5351 5412 5411
f 5349 5400 5403
f 5353 5419 5423
f 5355 5431 5432
f 5356 5438 5434
f 5358 5447 5444
f 5352 5415 5414
f 5348 5396 5394
f 5354 5428 5424
f 5357 5443 5439
f 5352 5417 5415
f 5358 5446 5447
f 5357 5440 5443
f 5354 5426 5428
f 5348 5397 5396
f 5356 5436 5435
f 5351 5409 5410
f 5349 5401 5399
f 5353 5422 5420
f 5355 5433 5430
f 5356 5437 5436
f 5351 5413 5409
f 5349 5402 5401
f 5353 5421 5422
f 5355 5429 5433
f 5352 5414 5418
f 5348 5394 5395
f 5354 5424 5425
f 5357 5439 5442
f 5358 5444 5448
f 5356 5434 5437
f 5351 5411 5413
f 5349 5403 5402
f 5353 5423 5421
f 5355 5432 5429
f 5351 5410 5412
f 5349 5399 5400
f 5353 5420 5419
f 5355 5430 5431
f 5356 5435 5438
f 5352 5416 5417
f 5358 5445 5446
f 5357 5441 5440
f 5354 5427 5426
f 5348 5398 5397
f 5381 5455 5462
f 5364 5451 5454
f 5365 5457 5452
f 5386 5460 5458
f 5388 5463 5461
f 5380 5471 5465
f 5379 5498 5502
f 5371 5483 5485
f 5382 5504 5506
f 5366 5469 5466
f 5378 5489 5495
f 5369 5473 5478
f 5370 5481 5474
f 5383 5493 5491
f 5387 5496 5494
f 5380 5499 5501
f 5379 5486 5479
f 5371 5484 5480
f 5382 5505 5503
f 5366 5468 5470
f 5363 5453 5393
f 5360 5449 5390
f 5359 5450 5389
f 5361 5456 5391
f 5362 5459 5392
f 5364 5464 5395
f 5381 5500 5418
f 5388 5487 5448
f 5386 5508 5442
f 5365 5467 5425
f 5376 5488 5408
f 5373 5475 5405
f 5368 5476 5404
f 5374 5490 5406
f 5375 5492 5407
f 5378 5497 5412
f 5369 5477 5400
f 5370 5482 5419
f 5383 5507 5431
f 5387 5472 5438
f 5381 5462 5447
f 5364 5454 5415
f 5365 5452 5396
f 5386 5458 5428
f 5388 5461 5443
f 5380 5465 5417
f 5379 5502 5446
f 5371 5485 5440
f 5382 5506 5426
f 5366 5466 5397
f 5378 5495 5436
f 5369 5478 5409
f 5370 5474 5401
f 5383 5491 5422
f 5387 5494 5433
f 5380 5501 5437
f 5379 5479 5413
f 5371 5480 5402
f 5382 5503 5421
f 5366 5470 5429
f 5360 5455 5414
f 5359 5451 5394
f 5361 5457 5424
f 5362 5460 5439
f 5363 5463 5444
f 5367 5471 5434
f 5377 5498 5411
f 5372 5483 5403
f 5384 5504 5423
f 5385 5469 5432
f 5373 5489 5410
f 5368 5473 5399
f 5374 5481 5420
f 5375 5493 5430
f 5376 5496 5435
f 5377 5499 5416
f 5372 5486 5445
f 5384 5484 5441
f 5385 5505 5427
f 5367 5468 5398
f 5360 5453 5455
f 5359 5449 5451
f 5361 5450 5457
f 5362 5456 5460
f 5363 5459 5463
f 5367 5464 5471
f 5377 5500 5498
f 5372 5487 5483
f 5384 5508 5504
f 5385 5467 5469
f 5373 5488 5489
f 5368 5475 5473
f 5374 5476 5481
f 5375 5490 5493
f 5376 5492 5496
f 5377 5497 5499
f 5372 5477 5486
f 5384 5482 5484
f 5385 5507 5505
f 5367 5472 5468
f 5360 5390 5453
f 5359 5389 5449
f 5361 5391 5450
f 5362 5392 5456
f 5363 5393 5459
f 5367 5398 5464
f 5377 5416 5500
f 5372 5445 5487
f 5384 5441 5508
f 5385 5427 5467
f 5373 5405 5488
f 5368 5404 5475
f 5374 5406 5476
f 5375 5407 5490
f 5376 5408 5492
f 5377 5411 5497
f 5372 5403 5477
f 5384 5423 5482
f 5385 5432 5507
f 5367 5434 5472
f 5363 5444 5462
f 5360 5414 5454
f 5359 5394 5452
f 5361 5424 5458
f 5362 5439 5461
f 5364 5415 5465
f 5381 5447 5502
f 5388 5443 5485
f 5386 5428 5506
f 5365 5396 5466
f 5376 5435 5495
f 5373 5410 5478
f 5368 5399 5474
f 5374 5420 5491
f 5375 5430 5494
f 5378 5436 5501
f 5369 5409 5479
f 5370 5401 5480
f 5383 5422 5503
f 5387 5433 5470
f 5381 5418 5455
f 5364 5395 5451
f 5365 5425 5457
f 5386 5442 5460
f 5388 5448 5463
f 5380 5437 5471
f 5379 5413 5498
f 5371 5402 5483
f 5382 5421 5504
f 5366 5429 5469
f 5378 5412 5489
f 5369 5400 5473
f 5370 5419 5481
f 5383 5431 5493
f 5387 5438 5496
f 5380 5417 5499
f 5379 5446 5486
f 5371 5440 5484
f 5382 5426 5505
f 5366 5397 5468
f 5363 5462 5453
f 5360 5454 5449
f 5359 5452 5450
f 5361 5458 5456
f 5362 5461 5459
f 5364 5465 5464
f 5381 5502 5500
f 5388 5485 5487
f 5386 5506 5508
f 5365 5466 5467
f 5376 5495 5488
f 5373 5478 5475
f 5368 5474 5476
f 5374 5491 5490
f 5375 5494 5492
f 5378 5501 5497
f 5369 5479 5477
f 5370 5480 5482
f 5383 5503 5507
f 5387 5470 5472
f 5453 5390 5393
f 5449 5389 5390
f 5450 5391 5389
f 5456 5392 5391
f 5459 5393 5392
f 5464 5398 5395
f 5500 5416 5418
f 5487 5445 5448
f 5508 5441 5442
f 5467 5427 5425
f 5488 5405 5408
f 5475 5404 5405
f 5476 5406 5404
f 5490 5407 5406
f 5492 5408 5407
f 5497 5411 5412
f 5477 5403 5400
f 5482 5423 5419
f 5507 5432 5431
f 5472 5434 5438
f 5462 5444 5447
f 5454 5414 5415
f 5452 5394 5396
f 5458 5424 5428
f 5461 5439 5443
f 5465 5415 5417
f 5502 5447 5446
f 5485 5443 5440
f 5506 5428 5426
f 5466 5396 5397
f 5495 5435 5436
f 5478 5410 5409
f 5474 5399 5401
f 5491 5420 5422
f 5494 5430 5433
f 5501 5436 5437
f 5479 5409 5413
f 5480 5401 5402
f 5503 5422 5421
f 5470 5433 5429
f 5455 5418 5414
f 5451 5395 5394
f 5457 5425 5424
f 5460 5442 5439
f 5463 5448 5444
f 5471 5437 5434
f 5498 5413 5411
f 5483 5402 5403
f 5504 5421 5423
f 5469 5429 5432
f 5489 5412 5410
f 5473 5400 5399
f 5481 5419 5420
f 5493 5431 5430
f 5496 5438 5435
f 5499 5417 5416
f 5486 5446 5445
f 5484 5440 5441
f 5505 5426 5427
f 5468 5397 5398
f 5453 5462 5455
f 5449 5454 5451
f 5450 5452 5457
f 5456 5458 5460
f 5459 5461 5463
f 5464 5465 5471
f 5500 5502 5498
f 5487 5485 5483
f 5508 5506 5504
f 5467 5466 5469
f 5488 5495 5489
f 5475 5478 5473
f 5476 5474 5481
f 5490 5491 5493
f 5492 5494 5496
f 5497 5501 5499
f 5477 5479 5486
f 5482 5480 5484
f 5507 5503 5505
f 5472 5470 5468
f 5509 5555 5552
f 5509 5552 5551
f 5509 5551 5553
f 5509 5553 5554
f 5509 5554 5555
f 5510 5557 5560
f 5514 5580 5578
f 5520 5610 5607
f 5519 5604 5603
f 5516 5587 5589
f 5512 5570 5567
f 5512 5567 5566
f 5512 5566 5568
f 5512 5568 5569
f 5512 5569 5570
f 5513 5574 5573
f 5511 5562 5565
f 5515 5581 5585
f 5517 5593 5594
f 5518 5600 5596
f 5520 5609 5606
f 5514 5577 5576
f 5510 5558 5556
f 5516 5590 5586
f 5519 5605 5601
f 5514 5579 5577
f 5520 5608 5609
f 5519 5602 5605
f 5516 5588 5590
f 5510 5559 5558
f 5518 5598 5597
f 5513 5571 5572
f 5511 5563 5561
f 5515 5584 5582
f 5517 5595 5592
f 5518 5599 5598
f 5513 5575 5571
f 5511 5564 5563
f 5515 5583 5584
f 5517 5591 5595
f 5514 5576 5580
f 5510 5556 5557
f 5516 5586 5587
f 5519 5601 5604
f 5520 5606 5610
f 5518 5596 5599
f 5513 5573 5575
f 5511 5565 5564
f 5515 5585 5583
f 5517 5594 5591
f 5513 5572 5574
f 5511 5561 5562
f 5515 5582 5581
f 5517 5592 5593
f 5518 5597 5600
f 5514 5578 5579
f 5520 5607 5608
f 5519 5603 5602
f 5516 5589 5588
f 5510 5560 5559
f 5543 5617 5624
f 5526 5613 5616
f 5527 5619 5614
f 5548 5622 5620
f 5550 5625 5623
f 5542 5633 5627
f 5541 5660 5664
f 5533 5645 5647
f 5544 5666 5668
f 5528 5631 5628
f 5540 5651 5657
f 5531 5635 5640
f 5532 5643 5636
f 5545 5655 5653
f 5549 5658 5656
f 5542 5661 5663
f 5541 5648 5641
f 5533 5646 5642
f 5544 5667 5665
f 5528 5630 5632
f 5525 5615 5555
f 5522 5611 5552
f 5521 5612 5551
f 5523 5618 5553
f 5524 5621 5554
f 5526 5626 5557
f 5543 5662 5580
f 5550 5649 5610
f 5548 5670 5604
f 5527 5629 5587
f 5538 5650 5570
f 5535 5637 5567
f 5530 5638 5566
f 5536 5652 5568
f 5537 5654 5569
f 5540 5659 5574
f 5531 5639 5562
f 5532 5644 5581
f 5545 5669 5593
f 5549 5634 5600
f 5543 5624 5609
f 5526 5616 5577
f 5527 5614 5558
f 5548 5620 5590
f 5550 5623 5605
f 5542 5627 5579
f 5541 5664 5608
f 5533 5647 5602
f 5544 5668 5588
f 5528 5628 5559
f 5540 5657 5598
f 5531 5640 5571
f 5532 5636 5563
f 5545 5653 5584
f 5549 5656 5595
f 5542 5663 5599
f 5541 5641 5575
f 5533 5642 5564
f 5544 5665 5583
f 5528 5632 5591
f 5522 5617 5576
f 5521 5613 5556
f 5523 5619 5586
f 5524 5622 5601
f 5525 5625 5606
f 5529 5633 5596
f 5539 5660 5573
f 5534 5645 5565
f 5546 5666 5585
f 5547 5631 5594
f 5535 5651 5572
f 5530 5635 5561
f 5536 5643 5582
f 5537 5655 5592
f 5538 5658 5597
f 5539 5661 5578
f 5534 5648 5607
f 5546 5646 5603
f 5547 5667 5589
f 5529 5630 5560
f 5522 5615 5617
f 5521 5611 5613
f 5523 5612 5619
f 5524 5618 5622
f 5525 5621 5625
f 5529 5626 5633
f 5539 5662 5660
f 5534 5649 5645
f 5546 5670 5666
f 5547 5629 5631
f 5535 5650 5651
f 5530 5637 5635
f 5536 5638 5643
f 5537 5652 5655
f 5538 5654 5658
f 5539 5659 5661
f 5534 5639 5648
f 5546 5644 5646
f 5547 5669 5667
f 5529 5634 5630
f 5522 5552 5615
f 5521 5551 5611
f 5523 5553 5612
f 5524 5554 5618
f 5525 5555 5621
f 5529 5560 5626
f 5539 5578 5662
f 5534 5607 5649
f 5546 5603 5670
f 5547 5589 5629
f 5535 5567 5650
f 5530 5566 5637
f 5536 5568 5638
f 5537 5569 5652
f 5538 5570 5654
f 5539 5573 5659
f 5534 5565 5639
f 5546 5585 5644
f 5547 5594 5669
f 5529 5596 5634
f 5525 5606 5624
f 5522 5576 5616
f 5521 5556 5614
f 5523 5586 5620
f 5524 5601 5623
f 5526 5577 5627
f 5543 5609 5664
f 5550 5605 5647
f 5548 5590 5668
f 5527 5558 5628
f 5538 5597 5657
f 5535 5572 5640
f 5530 5561 5636
f 5536 5582 5653
f 5537 5592 5656
f 5540 5598 5663
f 5531 5571 5641
f 5532 5563 5642
f 5545 5584 5665
f 5549 5595 5632
f 5543 5580 5617
f 5526 5557 5613
f 5527 5587 5619
f 5548 5604 5622
f 5550 5610 5625
f 5542 5599 5633
f 5541 5575 5660
f 5533 5564 5645
f 5544 5583 5666
f 5528 5591 5631
f 5540 5574 5651
f 5531 5562 5635
f 5532 5581 5643
f 5545 5593 5655
f 5549 5600 5658
f 5542 5579 5661
f 5541 5608 5648
f 5533 5602 5646
f 5544 5588 5667
f 5528 5559 5630
f 5525 5624 5615
f 5522 5616 5611
f 5521 5614 5612
f 5523 5620 5618
f 5524 5623 5621
f 5526 5627 5626
f 5543 5664 5662
f 5550 5647 5649
f 5548 5668 5670
f 5527 5628 5629
f 5538 5657 5650
f 5535 5640 5637
f 5530 5636 5638
f 5536 5653 5652
f 5537 5656 5654
f 5540 5663 5659
f 5531 5641 5639
f 5532 5642 5644
f 5545 5665 5669
f 5549 5632 5634
f 5615 5552 5555
f 5611 5551 5552
f 5612 5553 5551
f 5618 5554 5553
f 5621 5555 5554
f 5626 5560 5557
f 5662 5578 5580
f 5649 5607 5610
f 5670 5603 5604
f 5629 5589 5587
f 5650 5567 5570
f 5637 5566 5567
f 5638 5568 5566
f 5652 5569 5568
f 5654 5570 5569
f 5659 5573 5574
f 5639 5565 5562
f 5644 5585 5581
f 5669 5594 5593
f 5634 5596 5600
f 5624 5606 5609
f 5616 5576 5577
f 5614 5556 5558
f 5620 5586 5590
f 5623 5601 5605
f 5627 5577 5579
f 5664 5609 5608
f 5647 5605 5602
f 5668 5590 5588
f 5628 5558 5559
f 5657 5597 5598
f 5640 5572 5571
f 5636 5561 5563
f 5653 5582 5584
f 5656 5592 5595
f 5663 5598 5599
f 5641 5571 5575
f 5642 5563 5564
f 5665 5584 5583
f 5632 5595 5591
f 5617 5580 5576
f 5613 5557 5556
f 5619 5587 5586
f 5622 5604 5601
f 5625 5610 5606
f 5633 5599 5596
f 5660 5575 5573
f 5645 5564 5565
f 5666 5583 5585
f 5631 5591 5594
f 5651 5574 5572
f 5635 5562 5561
f 5643 5581 5582
f 5655 5593 5592
f 5658 5600 5597
f 5661 5579 5578
f 5648 5608 5607
f 5646 5602 5603
f 5667 5588 5589
f 5630 5559 5560
f 5615 5624 5617
f 5611 5616 5613
f 5612 5614 5619
f 5618 5620 5622
f 5621 5623 5625
f 5626 5627 5633
f 5662 5664 5660
f 5649 5647 5645
f 5670 5668 5666
f 5629 5628 5631
f 5650 5657 5651
f 5637 5640 5635
f 5638 5636 5643
f 5652 5653 5655
f 5654 5656 5658
f 5659 5663 5661
f 5639 5641 5648
f 5644 5642 5646
f 5669 5665 5667
f 5634 5632 5630
f 5671 5717 5714
f 5671 5714 5713
f 5671 5713 5715
f 5671 5715 5716
f 5671 5716 5717
f 5672 5719 5722
f 5676 5742 5740
f 5682 5772 5769
f 5681 5766 5765
f 5678 5749 5751
f 5674 5732 5729
f 5674 5729 5728
f 5674 5728 5730
f 5674 5730 5731
f 5674 5731 5732
f 5675 5736 5735
f 5673 5724 5727
f 5677 5743 5747
f 5679 5755 5756
f 5680 5762 5758
f 5682 5771 5768
f 5676 5739 5738
f 5672 5720 5718
f 5678 5752 5748
f 5681 5767 5763
f 5676 5741 5739
f 5682 5770 5771
f 5681 5764 5767
f 5678 5750 5752
f 5672 5721 5720
f 5680 5760 5759
f 5675 5733 5734
f 5673 5725 5723
f 5677 5746 5744
f 5679 5757 5754
f 5680 5761 5760
f 5675 5737 5733
f 5673 5726 5725
f 5677 5745 5746
f 5679 5753 5757
f 5676 5738 5742
f 5672 5718 5719
f 5678 5748 5749
f 5681 5763 5766
f 5682 5768 5772
f 5680 5758 5761
f 5675 5735 5737
f 5673 5727 5726
f 5677 5747 5745
f 5679 5756 5753
f 5675 5734 5736
f 5673 5723 5724
f 5677 5744 5743
f 5679 5754 5755
f 5680 5759 5762
f 5676 5740 5741
f 5682 5769 5770
f 5681 5765 5764
f 5678 5751 5750
f 5672 5722 5721
f 5705 5779 5786
f 5688 5775 5778
f 5689 5781 5776
f 5710 5784 5782
f 5712 5787 5785
f 5704 5795 5789
f 5703 5822 5826
f 5695 5807 5809
f 5706 5828 5830
f 5690 5793 5790
f 5702 5813 5819
f 5693 5797 5802
f 5694 5805 5798
f 5707 5817 5815
f 5711 5820 5818
f 5704 5823 5825
f 5703 5810 5803
f 5695 5808 5804
f 5706 5829 5827
f 5690 5792 5794
f 5687 5777 5717
f 5684 5773 5714
f 5683 5774 5713
f 5685 5780 5715
f 5686 5783 5716
f 5688 5788 5719
f 5705 5824 5742
f 5712 5811 5772
f 5710 5832 5766
f 5689 5791 5749
f 5700 5812 5732
f 5697 5799 5729
f 5692 5800 5728
f 5698 5814 5730
f 5699 5816 5731
f 5702 5821 5736
f 5693 5801 5724
f 5694 5806 5743
f 5707 5831 5755
f 5711 5796 5762
f 5705 5786 5771
f 5688 5778 5739
f 5689 5776 5720
f 5710 5782 5752
f 5712 5785 5767
f 5704 5789 5741
f 5703 5826 5770
f 5695 5809 5764
f 5706 5830 5750
f 5690 5790 5721
f 5702 5819 5760
f 5693 5802 5733
f 5694 5798 5725
f 5707 5815 5746
f 5711 5818 5757
f 5704 5825 5761
f 5703 5803 5737
f 5695 5804 5726
f 5706 5827 5745
f 5690 5794 5753
f 5684 5779 5738
f 5683 5775 5718
f 5685 5781 5748
f 5686 5784 5763
f 5687 5787 5768
f 5691 5795 5758
f 5701 5822 5735
f 5696 5807 5727
f 5708 5828 5747
f 5709 5793 5756
f 5697 5813 5734
f 5692 5797 5723
f 5698 5805 5744
f 5699 5817 5754
f 5700 5820 5759
f 5701 5823 5740
f 5696 5810 5769
f 5708 5808 5765
f 5709 5829 5751
f 5691 5792 5722
f 5684 5777 5779
f 5683 5773 5775
f 5685 5774 5781
f 5686 5780 5784
f 5687 5783 5787
f 5691 5788 5795
f 5701 5824 5822
f 5696 5811 5807
f 5708 5832 5828
f 5709 5791 5793
f 5697 5812 5813
f 5692 5799 5797
f 5698 5800 5805
f 5699 5814 5817
f 5700 5816 5820
f 5701 5821 5823
f 5696 5801 5810
f 5708 5806 5808
f 5709 5831 5829
f 5691 5796 5792
f 5684 5714 5777
f 5683 5713 5773
f 5685 5715 5774
f 5686 5716 5780
f 5687 5717 5783
f 5691 5722 5788
f 5701 5740 5824
f 5696 5769 5811
f 5708 5765 5832
f 5709 5751 5791
f 5697 5729 5812
f 5692 5728 5799
f 5698 5730 5800
f 5699 5731 5814
f 5700 5732 5816
f 5701 5735 5821
f 5696 5727 5801
f 5708 5747 5806
f 5709 5756 5831
f 5691 5758 5796
f 5687 5768 5786
f 5684 5738 5778
f 5683 5718 5776
f 5685 5748 5782
f 5686 5763 5785
f 5688 5739 5789
f 5705 5771 5826
f 5712 5767 5809
f 5710 5752 5830
f 5689 5720 5790
f 5700 5759 5819
f 5697 5734 5802
f 5692 5723 5798
f 5698 5744 5815
f 5699 5754 5818
f 5702 5760 5825
f 5693 5733 5803
f 5694 5725 5804
f 5707 5746 5827
f 5711 5757 5794
f 5705 5742 5779
f 5688 5719 5775
f 5689 5749 5781
f 5710 5766 5784
f 5712 5772 5787
f 5704 5761 5795
f 5703 5737 5822
f 5695 5726 5807
f 5706 5745 5828
f 5690 5753 5793
f 5702 5736 5813
f 5693 5724 5797
f 5694 5743 5805
f 5707 5755 5817
f 5711 5762 5820
f 5704 5741 5823
f 5703 5770 5810
f 5695 5764 5808
f 5706 5750 5829
f 5690 5721 5792
f 5687 5786 5777
f 5684 5778 5773
f 5683 5776 5774
f 5685 5782 5780
f 5686 5785 5783
f 5688 5789 5788
f 5705 5826 5824
f 5712 5809 5811
f 5710 5830 5832
f 5689 5790 5791
f 5700 5819 5812
f 5697 5802 5799
f 5692 5798 5800
f 5698 5815 5814
f 5699 5818 5816
f 5702 5825 5821
f 5693 5803 5801
f 5694 5804 5806
f 5707 5827 5831
f 5711 5794 5796
f 5777 5714 5717
f 5773 5713 5714
f 5774 5715 5713
f 5780 5716 5715
f 5783 5717 5716
f 5788 5722 5719
f 5824 5740 5742
f 5811 5769 5772
f 5832 5765 5766
f 5791 5751 5749
f 5812 5729 5732
f 5799 5728 5729
f 5800 5730 5728
f 5814 5731 5730
f 5816 5732 5731
f 5821 5735 5736
f 5801 5727 5724
f 5806 5747 5743
f 5831 5756 5755
f 5796 5758 5762
f 5786 5768 5771
f 5778 5738 5739
f 5776 5718 5720
f 5782 5748 5752
f 5785 5763 5767
f 5789 5739 5741
f 5826 5771 5770
f 5809 5767 5764
f 5830 5752 5750
f 5790 5720 5721
f 5819 5759 5760
f 5802 5734 5733
f 5798 5723 5725
f 5815 5744 5746
f 5818 5754 5757
f 5825 5760 5761
f 5803 5733 5737
f 5804 5725 5726
f 5827 5746 5745
f 5794 5757 5753
f 5779 5742 5738
f 5775 5719 5718
f 5781 5749 5748
f 5784 5766 5763
f 5787 5772 5768
f 5795 5761 5758
f 5822 5737 5735
f 5807 5726 5727
f 5828 5745 5747
f 5793 5753 5756
f 5813 5736 5734
f 5797 5724 5723
f 5805 5743 5744
f 5817 5755 5754
f 5820 5762 5759
f 5823 5741 5740
f 5810 5770 5769
f 5808 5764 5765
f 5829 5750 5751
f 5792 5721 5722
f 5777 5786 5779
f 5773 5778 5775
f 5774 5776 5781
f 5780 5782 5784
f 5783 5785 5787
f 5788 5789 5795
f 5824 5826 5822
f 5811 5809 5807
f 5832 5830 5828
f 5791 5790 5793
f 5812 5819 5813
f 5799 5802 5797
f 5800 5798 5805
f 5814 5815 5817
f 5816 5818 5820
f 5821 5825 5823
f 5801 5803 5810
f 5806 5804 5808
f 5831 5827 5829
f 5796 5794 5792
f 5833 5879 5876
f 5833 5876 5875
f 5833 5875 5877
f 5833 5877 5878
f 5833 5878 5879
f 5834 5881 5884
f 5838 5904 5902
f 5844 5934 5931
f 5843 5928 5927
f 5840 5911 5913
f 5836 5894 5891
f 5836 5891 5890
f 5836 5890 5892
f 5836 5892 5893
f 5836 5893 5894
f 5837 5898 5897
f 5835 5886 5889
f 5839 5905 5909
f 5841 5917 5918
f 5842 5924 5920
f 5844 5933 5930
f 5838 5901 5900
f 5834 5882 5880
f 5840 5914 5910
f 5843 5929 5925
f 5838 5903 5901
f 5844 5932 5933
f 5843 5926 5929
f 5840 5912 5914
f 5834 5883 5882
f 5842 5922 5921
f 5837 5895 5896
f 5835 5887 5885
f 5839 5908 5906
f 5841 5919 5916
f 5842 5923 5922
f 5837 5899 5895
f 5835 5888 5887
f 5839 5907 5908
f 5841 5915 5919
f 5838 5900 5904
f 5834 5880 5881
f 5840 5910 5911
f 5843 5925 5928
f 5844 5930 5934
f 5842 5920 5923
f 5837 5897 5899
f 5835 5889 5888
f 5839 5909 5907
f 5841 5918 5915
f 5837 5896 5898
f 5835 5885 5886
f 5839 5906 5905
f 5841 5916 5917
f 5842 5921 5924
f 5838 5902 5903
f 5844 5931 5932
f 5843 5927 5926
f 5840 5913 5912
f 5834 5884 5883
f 5867 5941 5948
f 5850 5937 5940
f 5851 5943 5938
f 5872 5946 5944
f 5874 5949 5947
f 5866 5957 5951
f 5865 5984 5988
f 5857 5969 5971
f 5868 5990 5992
f 5852 5955 5952
f 5864 5975 5981
f 5855 5959 5964
f 5856 5967 5960
f 5869 5979 5977
f 5873 5982 5980
f 5866 5985 5987
f 5865 5972 5965
f 5857 5970 5966
f 5868 5991 5989
f 5852 5954 5956
f 5849 5939 5879
f 5846 5935 5876
f 5845 5936 5875
f 5847 5942 5877
f 5848 5945 5878
f 5850 5950 5881
f 5867 5986 5904
f 5874 5973 5934
f 5872 5994 5928
f 5851 5953 5911
f 5862 5974 5894
f 5859 5961 5891
f 5854 5962 5890
f 5860 5976 5892
f 5861 5978 5893
f 5864 5983 5898
f 5855 5963 5886
f 5856 5968 5905
f 5869 5993 5917
f 5873 5958 5924
f 5867 5948 5933
f 5850 5940 5901
f 5851 5938 5882
f 5872 5944 5914
f 5874 5947 5929
f 5866 5951 5903
f 5865 5988 5932
f 5857 5971 5926
f 5868 5992 5912
f 5852 5952 5883
f 5864 5981 5922
f 5855 5964 5895
f 5856 5960 5887
f 5869 5977 5908
f 5873 5980 5919
f 5866 5987 5923
f 5865 5965 5899
f 5857 5966 5888
f 5868 5989 5907
f 5852 5956 5915
f 5846 5941 5900
f 5845 5937 5880
f 5847 5943 5910
f 5848 5946 5925
f 5849 5949 5930
f 5853 5957 5920
f 5863 5984 5897
f 5858 5969 5889
f 5870 5990 5909
f 5871 5955 5918
f 5859 5975 5896
f 5854 5959 5885
f 5860 5967 5906
f 5861 5979 5916
f 5862 5982 5921
f 5863 5985 5902
f 5858 5972 5931
f 5870 5970 5927
f 5871 5991 5913
f 5853 5954 5884
f 5846 5939 5941
f 5845 5935 5937
f 5847 5936 5943
f 5848 5942 5946
f 5849 5945 5949
f 5853 5950 5957
f 5863 5986 5984
f 5858 5973 5969
f 5870 5994 5990
f 5871 5953 5955
f 5859 5974 5975
f 5854 5961 5959
f 5860 5962 5967
f 5861 5976 5979
f 5862 5978 5982
f 5863 5983 5985
f 5858 5963 5972
f 5870 5968 5970
f 5871 5993 5991
f 5853 5958 5954
f 5846 5876 5939
f 5845 5875 5935
f 5847 5877 5936
f 5848 5878 5942
f 5849 5879 5945
f 5853 5884 5950
f 5863 5902 5986
f 5858 5931 5973
f 5870 5927 5994
f 5871 5913 5953
f 5859 5891 5974
f 5854 5890 5961
f 5860 5892 5962
f 5861 5893 5976
f 5862 5894 5978
f 5863 5897 5983
f 5858 5889 5963
f 5870 5909 5968
f 5871 5918 5993
f 5853 5920 5958
f 5849 5930 5948
f 5846 5900 5940
f 5845 5880 5938
f 5847 5910 5944
f 5848 5925 5947
f 5850 5901 5951
f 5867 5933 5988
f 5874 5929 5971
f 5872 5914 5992
f 5851 5882 5952
f 5862 5921 5981
f 5859 5896 5964
f 5854 5885 5960
f 5860 5906 5977
f 5861 5916 5980
f 5864 5922 5987
f 5855 5895 5965
f 5856 5887 5966
f 5869 5908 5989
f 5873 5919 5956
f 5867 5904 5941
f 5850 5881 5937
f 5851 5911 5943
f 5872 5928 5946
f 5874 5934 5949
f 5866 5923 5957
f 5865 5899 5984
f 5857 5888 5969
f 5868 5907 5990
f 5852 5915 5955
f 5864 5898 5975
f 5855 5886 5959
f 5856 5905 5967
f 5869 5917 5979
f 5873 5924 5982
f 5866 5903 5985
f 5865 5932 5972
f 5857 5926 5970
f 5868 5912 5991
f 5852 5883 5954
f 5849 5948 5939
f 5846 5940 5935
f 5845 5938 5936
f 5847 5944 5942
f 5848 5947 5945
f 5850 5951 5950
f 5867 5988 5986
f 5874 5971 5973
f 5872 5992 5994
f 5851 5952 5953
f 5862 5981 5974
f 5859 5964 5961
f 5854 5960 5962
f 5860 5977 5976
f 5861 5980 5978
f 5864 5987 5983
f 5855 5965 5963
f 5856 5966 5968
f 5869 5989 5993
f 5873 5956 5958
f 5939 5876 5879
f 5935 5875 5876
f 5936 5877 5875
f 5942 5878 5877
f 5945 5879 5878
f 5950 5884 5881
f 5986 5902 5904
f 5973 5931 5934
f 5994 5927 5928
f 5953 5913 5911
f 5974 5891 5894
f 5961 5890 5891
f 5962 5892 5890
f 5976 5893 5892
f 5978 5894 5893
f 5983 5897 5898
f 5963 5889 5886
f 5968 5909 5905
f 5993 5918 5917
f 5958 5920 5924
f 5948 5930 5933
f 5940 5900 5901
f 5938 5880 5882
f 5944 5910 5914
f 5947 5925 5929
f 5951 5901 5903
f 5988 5933 5932
f 5971 5929 5926
f 5992 5914 5912
f 5952 5882 5883
f 5981 5921 5922
f 5964 5896 5895
f 5960 5885 5887
f 5977 5906 5908
f 5980 5916 5919
f 5987 5922 5923
f 5965 5895 5899
f 5966 5887 5888
f 5989 5908 5907
f 5956 5919 5915
f 5941 5904 5900
f 5937 5881 5880
f 5943 5911 5910
f 5946 5928 5925
f 5949 5934 5930
f 5957 5923 5920
f 5984 5899 5897
f 5969 5888 5889
f 5990 5907 5909
f 5955 5915 5918
f 5975 5898 5896
f 5959 5886 5885
f 5967 5905 5906
f 5979 5917 5916
f 5982 5924 5921
f 5985 5903 5902
f 5972 5932 5931
f 5970 5926 5927
f 5991 5912 5913
f 5954 5883 5884
f 5939 5948 5941
f 5935 5940 5937
f 5936 5938 5943
f 5942 5944 5946
f 5945 5947 5949
f 5950 5951 5957
f 5986 5988 5984
f 5973 5971 5969
f 5994 5992 5990
f 5953 5952 5955
f 5974 5981 5975
f 5961 5964 5959
f 5962 5960 5967
f 5976 5977 5979
f 5978 5980 5982
f 5983 5987 5985
f 5963 5965 5972
f 5968 5966 5970
f 5993 5989 5991
f 5958 5956 5954
f 5995 6041 6038
f 5995 6038 6037
f 5995 6037 6039
f 5995 6039 6040
f 5995 6040 6041
f 5996 6043 6046
f 6000 6066 6064
f 6006 6096 6093
f 6005 6090 6089
f 6002 6073 6075
f 5998 6056 6053
f 5998 6053 6052
f 5998 6052 6054
f 5998 6054 6055
f 5998 6055 6056
f 5999 6060 6059
f 5997 6048 6051
f 6001 6067 6071
f 6003 6079 6080
f 6004 6086 6082
f 6006 6095 6092
f 6000 6063 6062
f 5996 6044 6042
f 6002 6076 6072
f 6005 6091 6087
f 6000 6065 6063
f 6006 6094 6095
f 6005 6088 6091
f 6002 6074 6076
f 5996 6045 6044
f 6004 6084 6083
f 5999 6057 6058
f 5997 6049 6047
f 6001 6070 6068
f 6003 6081 6078
f 6004 6085 6084
f 5999 6061 6057
f 5997 6050 6049
f 6001 6069 6070
f 6003 6077 6081
f 6000 6062 6066
f 5996 6042 6043
f 6002 6072 6073
f 6005 6087 6090
f 6006 6092 6096
f 6004 6082 6085
f 5999 6059 6061
f 5997 6051 6050
f 6001 6071 6069
f 6003 6080 6077
f 5999 6058 6060
f 5997 6047 6048
f 6001 6068 6067
f 6003 6078 6079
f 6004 6083 6086
f 6000 6064 6065
f 6006 6093 6094
f 6005 6089 6088
f 6002 6075 6074
f 5996 6046 6045
f 6029 6103 6110
f 6012 6099 6102
f 6013 6105 6100
f 6034 6108 6106
f 6036 6111 6109
f 6028 6119 6113
f 6027 6146 6150
f 6019 6131 6133
f 6030 6152 6154
f 6014 6117 6114
f 6026 6137 6143
f 6017 6121 6126
f 6018 6129 6122
f 6031 6141 6139
f 6035 6144 6142
f 6028 6147 6149
f 6027 6134 6127
f 6019 6132 6128
f 6030 6153 6151
f 6014 6116 6118
f 6011 6101 6041
f 6008 6097 6038
f 6007 6098 6037
f 6009 6104 6039
f 6010 6107 6040
f 6012 6112 6043
f 6029 6148 6066
f 6036 6135 6096
f 6034 6156 6090
f 6013 6115 6073
f 6024 6136 6056
f 6021 6123 6053
f 6016 6124 6052
f 6022 6138 6054
f 6023 6140 6055
f 6026 6145 6060
f 6017 6125 6048
f 6018 6130 6067
f 6031 6155 6079
f 6035 6120 6086
f 6029 6110 6095
f 6012 6102 6063
f 6013 6100 6044
f 6034 6106 6076
f 6036 6109 6091
f 6028 6113 6065
f 6027 6150 6094
f 6019 6133 6088
f 6030 6154 6074
f 6014 6114 6045
f 6026 6143 6084
f 6017 6126 6057
f 6018 6122 6049
f 6031 6139 6070
f 6035 6142 6081
f 6028 6149 6085
f 6027 6127 6061
f 6019 6128 6050
f 6030 6151 6069
f 6014 6118 6077
f 6008 6103 6062
f 6007 6099 6042
f 6009 6105 6072
f 6010 6108 6087
f 6011 6111 6092
f 6015 6119 6082
f 6025 6146 6059
f 6020 6131 6051
f 6032 6152 6071
f 6033 6117 6080
f 6021 6137 6058
f 6016 6121 6047
f 6022 6129 6068
f 6023 6141 6078
f 6024 6144 6083
f 6025 6147 6064
f 6020 6134 6093
f 6032 6132 6089
f 6033 6153 6075
f 6015 6116 6046
f 6008 6101 6103
f 6007 6097 6099
f 6009 6098 6105
f 6010 6104 6108
f 6011 6107 6111
f 6015 6112 6119
f 6025 6148 6146
f 6020 6135 6131
f 6032 6156 6152
f 6033 6115 6117
f 6021 6136 6137
f 6016 6123 6121
f 6022 6124 6129
f 6023 6138 6141
f 6024 6140 6144
f 6025 6145 6147
f 6020 6125 6134
f 6032 6130 6132
f 6033 6155 6153
f 6015 6120 6116
f 6008 6038 6101
f 6007 6037 6097
f 6009 6039 6098
f 6010 6040 6104
f 6011 6041 6107
f 6015 6046 6112
f 6025 6064 6148
f 6020 6093 6135
f 6032 6089 6156
f 6033 6075 6115
f 6021 6053 6136
f 6016 6052 6123
f 6022 6054 6124
f 6023 6055 6138
f 6024 6056 6140
f 6025 6059 6145
f 6020 6051 6125
f 6032 6071 6130
f 6033 6080 6155
f 6015 6082 6120
f 6011 6092 6110
f 6008 6062 6102
f 6007 6042 6100
f 6009 6072 6106
f 6010 6087 6109
f 6012 6063 6113
f 6029 6095 6150
f 6036 6091 6133
f 6034 6076 6154
f 6013 6044 6114
f 6024 6083 6143
f 6021 6058 6126
f 6016 6047 6122
f 6022 6068 6139
f 6023 6078 6142
f 6026 6084 6149
f 6017 6057 6127
f 6018 6049 6128
f 6031 6070 6151
f 6035 6081 6118
f 6029 6066 6103
f 6012 6043 6099
f 6013 6073 6105
f 6034 6090 6108
f 6036 6096 6111
f 6028 6085 6119
f 6027 6061 6146
f 6019 6050 6131
f 6030 6069 6152
f 6014 6077 6117
f 6026 6060 6137
f 6017 6048 6121
f 6018 6067 6129
f 6031 6079 6141
f 6035 6086 6144
f 6028 6065 6147
f 6027 6094 6134
f 6019 6088 6132
f 6030 6074 6153
f 6014 6045 6116
f 6011 6110 6101
f 6008 6102 6097
f 6007 6100 6098
f 6009 6106 6104
f 6010 6109 6107
f 6012 6113 6112
f 6029 6150 6148
f 6036 6133 6135
f 6034 6154 6156
f 6013 6114 6115
f 6024 6143 6136
f 6021 6126 6123
f 6016 6122 6124
f 6022 6139 6138
f 6023 6142 6140
f 6026 6149 6145
f 6017 6127 6125
f 6018 6128 6130
f 6031 6151 6155
f 6035 6118 6120
f 6101 6038 6041
f 6097 6037 6038
f 6098 6039 6037
f 6104 6040 6039
f 6107 6041 6040
f 6112 6046 6043
f 6148 6064 6066
f 6135 6093 6096
f 6156 6089 6090
f 6115 6075 6073
f 6136 6053 6056
f 6123 6052 6053
f 6124 6054 6052
f 6138 6055 6054
f 6140 6056 6055
f 6145 6059 6060
f 6125 6051 6048
f 6130 6071 6067
f 6155 6080 6079
f 6120 6082 6086
f 6110 6092 6095
f 6102 6062 6063
f 6100 6042 6044
f 6106 6072 6076
f 6109 6087 6091
f 6113 6063 6065
f 6150 6095 6094
f 6133 6091 6088
f 6154 6076 6074
f 6114 6044 6045
f 6143 6083 6084
f 6126 6058 6057
f 6122 6047 6049
f 6139 6068 6070
f 6142 6078 6081
f 6149 6084 6085
f 6127 6057 6061
f 6128 6049 6050
f 6151 6070 6069
f 6118 6081 6077
f 6103 6066 6062
f 6099 6043 6042
f 6105 6073 6072
f 6108 6090 6087
f 6111 6096 6092
f 6119 6085 6082
f 6146 6061 6059
f 6131 6050 6051
f 6152 6069 6071
f 6117 6077 6080
f 6137 6060 6058
f 6121 6048 6047
f 6129 6067 6068
f 6141 6079 6078
f 6144 6086 6083
f 6147 6065 6064
f 6134 6094 6093
f 6132 6088 6089
f 6153 6074 6075
f 6116 6045 6046
f 6101 6110 6103
f 6097 6102 6099
f 6098 6100 6105
f 6104 6106 6108
f 6107 6109 6111
f 6112 6113 6119
f 6148 6150 6146
f 6135 6133 6131
f 6156 6154 6152
f 6115 6114 6117
f 6136 6143 6137
f 6123 6126 6121
f 6124 6122 6129
f 6138 6139 6141
f 6140 6142 6144
f 6145 6149 6147
f 6125 6127 6134
f 6130 6128 6132
f 6155 6151 6153
f 6120 6118 6116

