# https://github.com/mikedh/trimesh
v -0.72875684 4.04804087 0.27195263
v 0.63733900 4.02243757 0.26236129
v -0.77161992 1.83543646 0.07330573
v 0.59447592 1.80983317 0.06371439
v -0.08744194 1.87255299 0.09620833
v -0.04659313 3.98118091 0.28552032
v -0.22874802 1.87872040 0.05799913
v -0.18789920 3.98734832 0.24731112
v 0.64950734 2.91687465 0.14755344
v 0.64970666 2.91351676 0.18491101
v -0.78395087 2.94374037 0.15761781
v -0.78375155 2.94038248 0.19497538
v -0.04536070 4.05329609 0.26854849
v -0.69339806 4.03985739 0.29322350
v -0.69359636 4.04319859 0.25605237
v -0.76003307 3.99263573 0.25274265
v -0.75984401 3.98945189 0.28816676
v 0.60200042 4.01557970 0.28412843
v 0.60180217 4.01892042 0.24695730
v 0.66624457 3.96590471 0.24272871
v 0.66643369 3.96272039 0.27815294
v -0.08892260 1.80461836 0.06666279
v -0.73604637 1.83833647 0.09557152
v -0.73624468 1.84167755 0.05840039
v -0.80067796 1.89453661 0.06437588
v -0.80048889 1.89135230 0.09980023
v 0.55935210 1.81405854 0.08647645
v 0.55915374 1.81739962 0.04930532
v 0.62559980 1.86780524 0.05436206
v 0.62578881 1.86462140 0.08978629
v -0.06701583 2.92683816 0.19118381
v 0.59325188 1.91438639 0.09623694
v -0.76602286 1.93986154 0.10578036
v 0.63198668 3.91388965 0.27575183
v -0.72728801 3.93936515 0.28529525
v -0.21062572 2.93310642 0.15235186
v 0.59304380 1.91789198 0.05723369
v -0.76623100 1.94336748 0.06677711
v 0.63177860 3.91739535 0.23674846
v -0.72749609 3.94287062 0.24629188
v 0.66127264 2.91530538 0.16249144
v -0.79555601 2.94260931 0.17271984
v -0.68522638 4.06089354 0.27309465
v -0.71562636 4.04747581 0.29284000
v -0.71581215 4.05060530 0.25802338
v -0.74844879 4.02854538 0.25703943
v -0.74827170 4.02556276 0.29022002
v 0.59434104 4.03691196 0.26411080
v 0.62449104 4.02235937 0.28343105
v 0.62430525 4.02548838 0.24861431
v 0.65607542 4.00222254 0.24717820
v 0.65625250 3.99924016 0.28035879
v -0.72861958 1.82092273 0.07199097
v -0.75854951 1.83176851 0.09391451
v -0.75873530 1.83489788 0.05909777
v -0.79049677 1.85801721 0.06217003
v -0.79031968 1.85503495 0.09535050
v 0.55094790 1.79694116 0.06300700
v 0.58156782 1.80665183 0.08450556
v 0.58138210 1.80978119 0.04968882
v 0.61402744 1.83169389 0.05230892
v 0.61420447 1.82871151 0.08548951
v -0.69469291 1.85429895 0.09743237
v 0.51865608 1.83155823 0.08891356
v -0.08614696 1.93931139 0.10244620
v 0.54953635 1.88066912 0.09356642
v -0.72364306 1.90453088 0.10250533
v -0.65269506 4.02224255 0.29206967
v 0.56065392 3.99950171 0.28355074
v -0.04788551 3.91437864 0.27976716
v 0.58960825 3.94919801 0.27927816
v -0.68357116 3.97305965 0.28821719
v -0.69489819 1.85775530 0.05897808
v 0.51845080 1.83501458 0.05045915
v -0.22920075 1.94555545 0.06376457
v 0.54932684 1.88419747 0.05431175
v -0.72385257 1.90805912 0.06325054
v -0.65290028 4.02569866 0.25361538
v 0.56044865 4.00295830 0.24509645
v -0.19093931 3.92062283 0.24108553
v 0.58939880 3.95272613 0.24002349
v -0.68378061 3.97658777 0.24896252
v 0.66954947 3.89942741 0.23611939
v 0.63147902 1.93422019 0.05968380
v 0.61773413 1.98074877 0.06305146
v 0.65401548 3.85360527 0.23119605
v 0.65837830 2.91660213 0.14867425
v 0.66974503 3.89613318 0.27276671
v 0.63167459 1.93092620 0.09633100
v 0.61793905 1.97729659 0.10145998
v 0.65422040 3.85015321 0.26960444
v 0.65856504 2.91345692 0.18366563
v -0.76591885 3.92633080 0.24619782
v -0.80398923 1.96112359 0.06976223
v -0.78846467 2.00710368 0.07292438
v -0.75218332 3.87996030 0.24106884
v -0.79280931 2.94379997 0.15886307
v -0.76572329 3.92303658 0.28284514
v -0.80379373 1.95782959 0.10640931
v -0.78825980 2.00365138 0.11133277
v -0.75197840 3.87650800 0.27947736
v -0.79262251 2.94065499 0.19385457
v -0.65272236 4.05715561 0.29339445
v -0.65290833 4.06028891 0.25853801
v 0.56200790 4.03438950 0.28486574
v 0.56182194 4.03752279 0.25000942
v -0.73675835 4.02303076 0.29164159
v -0.04559100 4.03324699 0.28926647
v -0.71509576 4.00558662 0.29086709
v -0.73695350 4.02631807 0.25506711
v -0.18025830 4.03912449 0.25285268
v -0.71530050 4.00903606 0.25248945
v -0.76344264 3.99671125 0.26735353
v -0.74892443 3.97569036 0.24997425
v -0.77292204 3.92742705 0.24806213
v -0.74872285 3.97229505 0.28775132
v -0.77274477 3.92444134 0.28128040
v 0.64467347 3.99714017 0.28194261
v 0.62236363 3.98052025 0.28147674
v 0.64447820 4.00042772 0.24536812
v 0.62215883 3.98396993 0.24309909
v 0.67000920 3.96984577 0.25728929
v 0.65447116 3.94938827 0.24012113
v 0.67661417 3.90025973 0.23788500
v 0.65467268 3.94599247 0.27789807
v 0.67679143 3.89727402 0.27110326
v -0.69606626 1.81973433 0.09251940
v -0.69625217 1.82286739 0.05766308
v 0.51866412 1.79696798 0.08399093
v 0.51847816 1.80010104 0.04913449
v -0.77872247 1.85682940 0.09716082
v -0.08845387 1.82065248 0.09062040
v -0.75640309 1.87328720 0.09942985
v -0.77891773 1.86011684 0.06058621
v -0.22312117 1.82653034 0.05420649
v -0.75660789 1.87673664 0.06105220
v -0.80429190 1.88805878 0.07803941
v -0.78891695 1.91126454 0.06463075
v -0.81103569 1.95998299 0.07142556
v -0.78871542 1.90786886 0.10240769
v -0.81085843 1.95699728 0.10464394
v 0.60270929 1.83093882 0.08746171
v 0.58105624 1.84822083 0.09003949
v 0.60251409 1.83422625 0.05088723
v 0.58085144 1.85167027 0.05166185
v 0.62915993 1.86119294 0.06797516
v 0.61447859 1.88496196 0.05477762
v 0.63850051 1.93281567 0.06124842
v 0.61468011 1.88156676 0.09255457
v 0.63867778 1.92982996 0.09446669
v 0.55213660 1.97740841 0.10244167
v -0.72249204 2.00129747 0.11139083
v 0.58845925 3.85239673 0.27077746
v -0.68616933 3.87628579 0.27972662
v 0.61603838 2.91406512 0.18606842
v -0.75007349 2.93966866 0.19565988
v 0.55192506 1.98097134 0.06280220
v -0.72270358 2.00486040 0.07175136
v 0.58824778 3.85595965 0.23113811
v -0.68638080 3.87984872 0.24008727
v 0.61582923 2.91758847 0.14686894
v -0.75028270 2.94319201 0.15646052
v 0.91966361 5.31482887 3.59925175
v -0.93369776 5.21755314 3.55822515
v 0.98441637 4.11192799 3.52620268
v -0.86894500 4.01465225 3.48517585
v 0.05665031 4.09297848 3.48432970
v -0.00505956 5.23935175 3.55394602
v 0.24733216 4.10060024 3.52784348
v 0.18562229 5.24697399 3.59746003
v -0.94730484 4.61276102 3.53596663
v -0.94659758 4.61507177 3.49853563
v 0.99744606 4.71483326 3.57901645
v 0.99815339 4.71714449 3.54158545
v -0.00754922 5.27598238 3.57956219
v 0.87228566 5.31066132 3.57594752
v 0.87158197 5.30836153 3.61319113
v 0.96189266 5.28496218 3.61257458
v 0.96256340 5.28715372 3.57708073
v -0.88516176 5.21841955 3.53704405
v -0.88586551 5.21611977 3.57428789
v -0.97311646 5.18340111 3.56974006
v -0.97244573 5.18559265 3.53424644
v 0.05825927 4.05347013 3.50532198
v 0.93671411 4.11378574 3.50326443
v 0.93601042 4.11148596 3.54050827
v 1.02329445 4.14431286 3.54330564
v 1.02396512 4.14650440 3.50781202
v -0.82073337 4.02154398 3.46436071
v -0.82143706 4.01924419 3.50160456
v -0.91171473 4.04275179 3.50047159
v -0.91104406 4.04494333 3.46497774
v 0.02580142 4.66618490 3.51881766
v -0.86700201 4.07424068 3.46581841
v 0.97710526 4.17103052 3.50664043
v -0.92551821 5.16128731 3.53183198
v 0.91858894 5.25807762 3.57265377
v 0.21959208 4.67393112 3.56304121
v -0.86774045 4.07182741 3.50489831
v 0.97636682 4.16861773 3.54572010
v -0.92625672 5.15887451 3.57091188
v 0.91785049 5.25566483 3.61173368
v -0.96287358 4.61285782 3.52056623
v 1.01358378 4.71659470 3.56431794
v 0.86057144 5.31920099 3.59818649
v 0.90239048 5.31603670 3.57803273
v 0.90173131 5.31388283 3.61291742
v 0.94609773 5.30394554 3.61231899
v 0.94672596 5.30599833 3.57907343
v -0.87539828 5.22808599 3.55975819
v -0.91572618 5.22061062 3.53778601
v -0.91638547 5.21845675 3.57267094
v -0.95939881 5.20393324 3.57013845
v -0.95877057 5.20598602 3.53689265
v 0.92612505 4.10142183 3.52423382
v 0.96723413 4.11144876 3.50488114
v 0.96657497 4.10929489 3.53976583
v 1.00961912 4.12391949 3.54065919
v 1.01024735 4.12597227 3.50741363
v -0.80984455 4.01030731 3.48580551
v -0.85088259 4.01602268 3.46463442
v -0.85154182 4.01386881 3.49951935
v -0.89587748 4.02390718 3.49847841
v -0.89524919 4.02595997 3.46523309
v 0.88057733 4.12003136 3.50194383
v -0.76555490 4.03363228 3.46550441
v 0.05470055 4.12929916 3.48629141
v -0.80758744 4.05855083 3.46584582
v 0.91971564 4.14920998 3.50408220
v 0.81713146 5.29865217 3.57351828
v -0.82900071 5.21225309 3.53707886
v -0.00310063 5.20306110 3.55149841
v -0.86812383 5.18312407 3.53413820
v 0.85917926 5.27378321 3.57237458
v 0.87984920 4.11765242 3.54047322
v -0.76628298 4.03125334 3.50403404
v 0.24774079 4.13701582 3.53034377
v -0.80833066 4.05612230 3.50517750
v 0.91897249 4.14678144 3.54341388
v 0.81640345 5.29627323 3.61204767
v -0.82972872 5.20987415 3.57560825
v 0.18993962 5.21077776 3.59555054
v -0.86886698 5.18069506 3.57346964
v 0.85843611 5.27135468 3.61170626
v -0.97741801 5.14691210 3.56802106
v -0.91990525 4.07851028 3.50313997
v -0.90141851 4.10460138 3.50598621
v -0.95622838 5.12279606 3.56781840
v -0.95930898 4.61220264 3.53451490
v -0.97672403 5.14917946 3.53130221
v -0.91921151 4.08077765 3.46642089
v -0.90069127 4.10697794 3.46750259
v -0.95550114 5.12517214 3.52933502
v -0.95864654 4.61436749 3.49945498
v 0.97006011 5.24912786 3.61113119
v 1.02757263 4.18072605 3.54624987
v 1.00634980 4.20473337 3.54821730
v 0.95153993 5.22292757 3.61004949
v 1.00949502 4.71553802 3.57809734
v 0.97075397 5.25139475 3.57441211
v 1.02826655 4.18299341 3.50953102
v 1.00707698 4.20710945 3.50973368
v 0.95226711 5.22530365 3.57156610
v 1.01015747 4.71770287 3.54303741
v 0.81701773 5.31747627 3.57648849
v 0.81635779 5.31531954 3.61141300
v -0.83098823 5.23097849 3.54000759
v -0.83164817 5.22882223 3.57493210
v 0.93115675 5.30410480 3.57695532
v -0.00659831 5.26755571 3.55658484
v 0.90184164 5.29337931 3.57483196
v 0.93046433 5.30184174 3.61360121
v 0.17512499 5.27481985 3.59805441
v 0.90111506 5.29100513 3.61328459
v 0.96687192 5.28895950 3.59871626
v 0.94684118 5.27492142 3.61285353
v 0.97960263 5.25034285 3.60966158
v 0.94755638 5.27725840 3.57500267
v 0.98023152 5.25239801 3.57637835
v -0.94301063 5.20573664 3.53546786
v -0.91266912 5.19814301 3.53466511
v -0.94370306 5.20347404 3.57211399
v -0.91339564 5.19576836 3.57311797
v -0.97787023 5.18688726 3.55566692
v -0.95712411 5.17498970 3.57070684
v -0.98696113 5.14712477 3.56612897
v -0.95640892 5.17732668 3.53285551
v -0.98633212 5.14918041 3.53284550
v 0.88249683 4.10108328 3.50262022
v 0.88183689 4.09892654 3.53754473
v -0.76550919 4.01458549 3.46613908
v -0.76616907 4.01242924 3.50106382
v 0.99455160 4.12643099 3.50543833
v 0.05815419 4.06466055 3.48353624
v 0.96424419 4.13413715 3.50443411
v 0.99385911 4.12416840 3.54208422
v 0.23987748 4.07192421 3.52500582
v 0.96351761 4.13176250 3.54288697
v 1.02858245 4.14257240 3.52909923
v 1.00725746 4.15257883 3.54469657
v 1.03718066 4.18072510 3.54470634
v 1.00797272 4.15491581 3.50684547
v 1.03780961 4.18278027 3.51142311
v -0.87961572 4.02806330 3.46395087
v -0.85026652 4.03889990 3.46426725
v -0.88030821 4.02580070 3.50059676
v -0.85099298 4.03652573 3.50271988
v -0.91615969 4.04050064 3.48604965
v -0.89670789 4.05264711 3.50254965
v -0.92938292 4.07750750 3.50117397
v -0.89599264 4.05498409 3.46469879
v -0.92875403 4.07956266 3.46789074
v -0.81139886 4.11112070 3.46882629
v 0.91787040 4.20188379 3.50710607
v -0.86627126 5.13047409 3.53072906
v 0.86299801 5.22123671 3.56900883
v -0.90089625 4.61752701 3.49862432
v 0.95248681 4.71480370 3.53965163
v -0.81214941 4.10866833 3.50854349
v 0.91711986 4.19943142 3.54682302
v -0.86702180 5.12802172 3.57044601
v 0.86224747 5.21878481 3.60872579
v -0.90163827 4.61510181 3.53790045
v 0.95174474 4.71237850 3.57892799
v 0.56839490 4.11855841 0.40227187
v -0.53455657 4.12068033 0.38980353
v 0.56865501 4.50982666 0.44586658
v -0.53429651 4.51194906 0.43339825
v 0.01690837 4.49913454 0.46158826
v 0.01666056 4.12625265 0.42004228
v 0.13127702 4.50327301 0.42376232
v 0.13102920 4.13039112 0.38221633
v -0.56144476 4.31806231 0.39607906
v -0.56187409 4.31390953 0.43335462
v 0.59589356 4.31583500 0.40916216
v 0.59546423 4.31168222 0.44643784
v 0.01691965 4.11645508 0.39545500
v 0.53960288 4.11714554 0.42402661
v 0.54003018 4.12127781 0.38693702
v 0.59286052 4.13022327 0.38942468
v 0.59245336 4.12628508 0.42477119
v -0.50626934 4.11915779 0.41220343
v -0.50584209 4.12329006 0.37511396
v -0.55868042 4.13243914 0.37640703
v -0.55908757 4.12850094 0.41175365
v 0.01718393 4.51410294 0.43976033
v 0.53986156 4.50645447 0.46740294
v 0.54028893 4.51058674 0.43031347
v 0.59310710 4.50124359 0.43076324
v 0.59269989 4.49730539 0.46610987
v -0.50601059 4.50846672 0.45557988
v -0.50558341 4.51259899 0.41849029
v -0.55843383 4.50345945 0.41774559
v -0.55884099 4.49952126 0.45309222
v 0.01678079 4.31265783 0.44113421
v -0.53181911 4.49055243 0.45421231
v 0.56562531 4.48844099 0.46661842
v -0.53205407 4.13696766 0.41481638
v 0.56539029 4.13485622 0.42722237
v 0.13301407 4.31686401 0.40269148
v -0.53137082 4.49488831 0.41529453
v 0.56607360 4.49277687 0.42770052
v -0.53160584 4.14130354 0.37589848
v 0.56583852 4.13919210 0.38830459
v -0.57105178 4.31641054 0.41095948
v 0.60515529 4.31414747 0.42425585
v 0.53346038 4.11618137 0.40182424
v 0.55766809 4.11598730 0.42291629
v 0.55806828 4.11985779 0.38817596
v 0.58406168 4.12371159 0.38973117
v 0.58368027 4.12002277 0.42283905
v -0.49963030 4.11816931 0.39014554
v -0.52430916 4.11806917 0.41068506
v -0.52390903 4.12193966 0.37594473
v -0.54991591 4.12589312 0.37691224
v -0.55029732 4.12220478 0.41001999
v 0.53372371 4.51229000 0.44595814
v 0.55792844 4.50780487 0.46657217
v 0.55832863 4.51167488 0.43183184
v 0.58431679 4.50753975 0.43249691
v 0.58393538 4.50385141 0.46560466
v -0.49936700 4.51427746 0.43427956
v -0.52404881 4.50988674 0.45434093
v -0.52364868 4.51375723 0.41960061
v -0.54966086 4.50972176 0.41967785
v -0.55004221 4.50603294 0.45278573
v 0.50672996 4.50347805 0.46733785
v -0.47289768 4.50536299 0.45626366
v 0.01689774 4.48729801 0.46051443
v -0.49706089 4.49657440 0.45541060
v 0.53087234 4.49459696 0.46703088
v 0.50647515 4.12010717 0.42462313
v -0.47315246 4.12199211 0.41354895
v 0.01666562 4.13803482 0.42159986
v -0.49730405 4.13078403 0.41465449
v 0.53062916 4.12880564 0.42627490
v 0.50717193 4.50775242 0.42896795
v -0.47245568 4.50963736 0.41789377
v 0.13268092 4.49148798 0.42222071
v -0.49660969 4.50093889 0.41624200
v 0.53132355 4.49896049 0.42786229
v 0.50691718 4.12438154 0.38625312
v -0.47271046 4.12626648 0.37517893
v 0.13244881 4.14222431 0.38330615
v -0.49685284 4.13514757 0.37548602
v 0.53108037 4.13316965 0.38710630
v -0.56237572 4.14426422 0.37706423
v -0.56214482 4.49178410 0.41578448
v -0.55032432 4.48369408 0.41412938
v -0.55054444 4.15250492 0.37722874
v -0.56861538 4.31794453 0.39717865
v -0.56279689 4.14019012 0.41363096
v -0.56256592 4.48771000 0.45235121
v -0.55076575 4.47942400 0.45245373
v -0.55098581 4.14823532 0.41555297
v -0.56901753 4.31405449 0.43209338
v 0.59658539 4.14203453 0.39016569
v 0.59681636 4.48955441 0.42888594
v 0.58500534 4.48150921 0.42696393
v 0.58478522 4.15032053 0.39006305
v 0.60303706 4.31569004 0.41042352
v 0.59616429 4.13796043 0.42673242
v 0.59639525 4.48548031 0.46545267
v 0.58456385 4.47723961 0.46528804
v 0.58434379 4.14605045 0.42838740
v 0.60263491 4.31180000 0.44533825
v 0.50704932 4.11416245 0.42214990
v 0.50744992 4.11803722 0.38737011
v -0.47369340 4.11604977 0.41106308
v -0.47329280 4.11992455 0.37628317
v 0.57433897 4.12023497 0.42446959
v 0.01666503 4.11716223 0.41809916
v 0.55657941 4.12316608 0.42550242
v 0.57475930 4.12430096 0.38797522
v 0.12566043 4.12110615 0.38205040
v 0.55702049 4.12743282 0.38720894
v 0.59559369 4.12771606 0.40343451
v 0.58363861 4.13334894 0.38847816
v 0.60224468 4.14163494 0.39191842
v 0.58320451 4.12914991 0.42617226
v 0.60186291 4.13794231 0.42506385
v -0.54099429 4.12238073 0.41186118
v -0.52325165 4.12524414 0.41329539
v -0.54057401 4.12644672 0.37536693
v -0.52281058 4.12950993 0.37500203
v -0.56173939 4.12994242 0.39035153
v -0.54942763 4.13552952 0.37566936
v -0.56807452 4.14388704 0.37868857
v -0.54986179 4.13132954 0.41336358
v -0.56845635 4.14019394 0.41183400
v 0.50731224 4.50981998 0.46623373
v 0.50771290 4.51369476 0.43145370
v -0.47343045 4.51170731 0.45514679
v -0.47302985 4.51558208 0.42036688
v 0.57459348 4.50329781 0.46714985
v 0.01692507 4.50842953 0.46169376
v 0.55683005 4.50023413 0.46751487
v 0.57501382 4.50736380 0.43065572
v 0.12592047 4.51237345 0.42564499
v 0.55727118 4.50450039 0.42922151
v 0.59584159 4.50060225 0.44498110
v 0.58388126 4.49841499 0.42915332
v 0.60247582 4.48955059 0.43068278
v 0.58344716 4.49421501 0.46684754
v 0.60209399 4.48585749 0.46382833
v -0.54073977 4.50544357 0.45454168
v -0.52300102 4.50231171 0.45530796
v -0.54031950 4.50950956 0.41804743
v -0.52255988 4.50657845 0.41701448
v -0.56149149 4.50282907 0.43189800
v -0.54918498 4.50059462 0.41634464
v -0.56784338 4.49180222 0.41745293
v -0.54961920 4.49639511 0.45403862
v -0.56822520 4.48810959 0.45059836
v -0.49765944 4.47944164 0.45368934
v 0.53144377 4.47746181 0.46532273
v -0.49787989 4.14787579 0.41674662
v 0.53122336 4.14589596 0.42838013
v -0.53469777 4.31375456 0.43458104
v 0.56826675 4.31163216 0.44704950
v -0.49720389 4.48384857 0.41413689
v 0.53189933 4.48186874 0.42577028
v -0.49742427 4.15228271 0.37719417
v 0.53167892 4.15030241 0.38882756
v -0.53424722 4.31811237 0.39546728
v 0.56871724 4.31598997 0.40793586
v -0.59485763 4.49966812 0.40865242
v 0.54985583 4.47541618 0.41725123
v -0.60156727 4.16585159 0.36039352
v 0.54314619 4.14160013 0.36899221
v -0.02929478 4.15826559 0.38871229
v -0.02290041 4.47639465 0.43470335
v -0.14711455 4.16639376 0.34887171
v -0.14072016 4.48452234 0.39486289
v 0.57488412 4.31009722 0.37818205
v 0.57449180 4.30473852 0.41530395
v -0.62627530 4.33554506 0.36915922
v -0.62666768 4.33018637 0.40628111
v -0.02244377 4.49029541 0.41311884
v -0.56548542 4.49504614 0.43063164
v -0.56509501 4.50037813 0.39369512
v -0.62009567 4.49361277 0.39302325
v -0.62046778 4.48853159 0.42822397
v 0.51998758 4.47204924 0.43878543
v 0.52037793 4.47738123 0.40184879
v 0.57504672 4.46829271 0.40200067
v 0.57467461 4.46321154 0.43720150
v -0.02926284 4.15103769 0.36407304
v -0.57216138 4.16290236 0.38261437
v -0.57177109 4.16823435 0.34567785
v -0.62645811 4.17707205 0.34726167
v -0.62683028 4.17199087 0.38246250
v 0.51331145 4.13990545 0.39076817
v 0.51370192 4.14523745 0.35383153
v 0.56868428 4.15175200 0.35623920
v 0.56831223 4.14667082 0.39144003
v -0.02610095 4.31728458 0.41202533
v 0.54037058 4.15444660 0.39408267
v -0.59862721 4.17857695 0.38552690
v 0.54643404 4.45611191 0.43769372
v -0.59256369 4.48024225 0.42913783
v -0.14584158 4.32554483 0.37153530
v 0.54078019 4.16004133 0.35532534
v -0.59821755 4.18417168 0.34676957
v 0.54684371 4.46170664 0.39893639
v -0.59215403 4.48583698 0.39038062
v 0.58451796 4.30773544 0.39318085
v -0.63622469 4.33359766 0.38401103
v -0.55856526 4.50093317 0.40943921
v -0.58418751 4.49668217 0.42947590
v -0.58382183 4.50167608 0.39487886
v -0.61088353 4.49872255 0.39499629
v -0.61123210 4.49396324 0.42796755
v 0.51364201 4.47821712 0.41749334
v 0.53875744 4.47289133 0.43791103
v 0.53912312 4.47788525 0.40331411
v 0.56603068 4.47378826 0.40383697
v 0.56568217 4.46902895 0.43680823
v -0.56535804 4.16298819 0.36058331
v -0.59090662 4.16239834 0.38114917
v -0.59054095 4.16739225 0.34655213
v -0.61746567 4.17125463 0.34765506
v -0.61781424 4.16649532 0.38062632
v 0.50684935 4.14027262 0.36863744
v 0.53203833 4.13860750 0.38958442
v 0.53240401 4.14360142 0.35498738
v 0.55944854 4.14632034 0.35649574
v 0.55910009 4.14156103 0.38946700
v -0.53774089 4.16461515 0.38387632
v 0.47897914 4.14307451 0.39151359
v -0.02909482 4.16830587 0.39040971
v 0.50419301 4.14998531 0.39318383
v -0.56266147 4.17258787 0.38516986
v -0.53116655 4.49169302 0.43116128
v 0.48555344 4.47015238 0.43879855
v -0.02310547 4.46628475 0.43348777
v 0.51046574 4.46206474 0.43830037
v -0.55638880 4.48466682 0.43028653
v -0.53733695 4.17013121 0.34566462
v 0.47938305 4.14859056 0.35330200
v -0.14837177 4.17653465 0.35007632
v 0.50460529 4.15561676 0.35417676
v -0.56224924 4.17821884 0.34616292
v -0.53076267 4.49720907 0.39294958
v 0.48595732 4.47566843 0.40058696
v -0.14238243 4.47451305 0.39315450
v 0.51087797 4.46769571 0.39929330
v -0.55597657 4.49029827 0.39127946
v 0.57870245 4.45827436 0.39997280
v 0.57274294 4.16178322 0.35710979
v 0.56062895 4.16913557 0.35714972
v 0.56630838 4.45169401 0.39799845
v 0.58229995 4.30977011 0.37941349
v 0.57831740 4.45301723 0.43638885
v 0.57235795 4.15652609 0.39352584
v 0.56022555 4.16362619 0.39531589
v 0.56590492 4.44618464 0.43616462
v 0.58193237 4.30475092 0.41418409
v -0.62414145 4.48375750 0.39093745
v -0.63010097 4.18726635 0.34807444
v -0.61768848 4.19409895 0.34829855
v -0.61200911 4.47665739 0.38914728
v -0.63371581 4.33553267 0.37027907
v -0.62452644 4.47850037 0.42735350
v -0.63048589 4.18200922 0.38449049
v -0.61809188 4.18858957 0.38646483
v -0.61241245 4.47114801 0.42731345
v -0.63408339 4.33051348 0.40504968
v -0.53162098 4.49720430 0.43012691
v -0.53125495 4.50220394 0.39549053
v 0.48625633 4.47563982 0.43777287
v 0.48662242 4.48063946 0.40313649
v -0.60158139 4.49318838 0.42967927
v -0.02273311 4.48436975 0.43492210
v -0.58321899 4.49011087 0.43034387
v -0.60119724 4.49843454 0.39333558
v -0.13501748 4.49211550 0.39695346
v -0.58281583 4.49561644 0.39220834
v -0.62323368 4.49244833 0.40713871
v -0.61054748 4.49103832 0.39155912
v -0.63005012 4.48380518 0.39262116
v -0.61094421 4.48561954 0.42909765
v -0.63039911 4.47904015 0.42562997
v 0.55598265 4.46866417 0.43837452
v 0.53749859 4.46636772 0.43876231
v 0.55636680 4.47391081 0.40203083
v 0.53790164 4.47187281 0.40062678
v 0.57792032 4.46700096 0.41616142
v 0.56542104 4.46612453 0.40039253
v 0.58458185 4.45807219 0.40174508
v 0.56502432 4.46070528 0.43793118
v 0.58423293 4.45330715 0.43475389
v -0.53840590 4.15964413 0.38132668
v -0.53803980 4.16464376 0.34669030
v 0.47947142 4.13807964 0.38897264
v 0.47983751 4.14307928 0.35433626
v -0.60815036 4.16637278 0.38243246
v -0.02944275 4.15055513 0.38666344
v -0.58968514 4.16841078 0.38383639
v -0.60776621 4.17161942 0.34608877
v -0.14172712 4.15830135 0.34869468
v -0.58928210 4.17391586 0.34570086
v -0.62962818 4.17431545 0.36114705
v -0.61680782 4.17957830 0.34653199
v -0.63601637 4.18697643 0.34970939
v -0.61720455 4.17415905 0.38407063
v -0.63636535 4.18221140 0.38271809
v 0.54941380 4.14184904 0.39112771
v 0.53103238 4.14466715 0.39225495
v 0.54979789 4.14709520 0.35478389
v 0.53143543 4.15017271 0.35411930
v 0.57152581 4.14886808 0.37016976
v 0.55916071 4.15466404 0.35536563
v 0.57861555 4.16124344 0.35883331
v 0.55876404 4.14924526 0.39290416
v 0.57826662 4.15647840 0.39184201
v 0.50509161 4.16454506 0.39549017
v -0.56297731 4.18717289 0.38746715
v 0.51077747 4.44742489 0.43638539
v -0.55729145 4.47005272 0.42836237
v 0.54626578 4.30520391 0.41600716
v -0.59846097 4.32945633 0.40740836
v 0.50550801 4.17023087 0.35610092
v -0.56256092 4.19285870 0.34807789
v 0.51119387 4.45311069 0.39699614
v -0.55687511 4.47573853 0.38897312
v 0.54667747 4.31082726 0.37705493
v -0.59804928 4.33507967 0.36845601
v 0.57649726 3.97968030 0.01435149
v -0.57170939 4.00400639 0.01903772
v 0.57468289 3.87036920 0.13721430
v -0.57352382 3.89469528 0.14190054
v 0.00019354 3.86783051 0.12129915
v 0.00192269 3.97200489 0.00421000
v 0.11951534 3.89471269 0.14697826
v 0.12124448 3.99888706 0.02988911
v -0.60064197 3.96138453 0.09076154
v -0.60133713 3.93337107 0.06582808
v 0.60418296 3.93585920 0.08584428
v 0.60348779 3.90784574 0.06091070
v 0.00241297 3.99290538 0.01584518
v 0.54637235 3.96352673 0.00008607
v 0.54706413 3.99140000 0.02489507
v 0.60200751 3.98702526 0.02695906
v 0.60134834 3.96046185 0.00331581
v -0.54241306 3.98659372 0.00452971
v -0.54172128 4.01446724 0.02933884
v -0.59678203 4.01242304 0.03185177
v -0.59744126 3.98585939 0.00820851
v 0.00056897 3.88181186 0.14071119
v 0.54456711 3.85476303 0.12233341
v 0.54525888 3.88263655 0.14714253
v 0.60028708 3.88337088 0.14346373
v 0.59962785 3.85680747 0.11982048
v -0.54421836 3.87783003 0.12677717
v -0.54352653 3.90570354 0.15158617
v -0.59850252 3.90876842 0.14835644
v -0.59916168 3.88220501 0.12471318
v 0.00105217 3.91967821 0.06254125
v -0.57099658 3.88270235 0.12066638
v 0.57147682 3.85849762 0.11600351
v -0.56935692 3.98148513 0.00963664
v 0.57311648 3.95728087 0.00497377
v 0.12231935 3.94699836 0.08863902
v -0.57027078 3.91194940 0.14669847
v 0.57220262 3.88774514 0.14203548
v -0.56863117 4.01073265 0.03566873
v 0.57384229 3.98652792 0.03100586
v -0.61074299 3.95032930 0.08077693
v 0.61372489 3.92438793 0.07577932
v 0.54014087 3.98096418 0.01359499
v 0.56519318 3.96436191 0.00040114
v 0.56584120 3.99046969 0.02363873
v 0.59287453 3.98816657 0.02423668
v 0.59225696 3.96328568 0.00209117
v -0.53533858 4.00374889 0.01798451
v -0.56117845 3.98822498 0.00499821
v -0.56053048 4.01433277 0.02823603
v -0.58763123 4.01317692 0.02905488
v -0.58824879 3.98829579 0.00690913
v 0.53830397 3.87030077 0.13797748
v 0.56337619 3.85489750 0.12343621
v 0.56402415 3.88100529 0.14667404
v 0.59109461 3.88093448 0.14476311
v 0.59047705 3.85605359 0.12261748
v -0.53717548 3.89308596 0.14236689
v -0.56299549 3.87876058 0.12803340
v -0.56234747 3.90486836 0.15127122
v -0.58941114 3.90594459 0.14958119
v -0.59002870 3.88106370 0.12743556
v 0.51008749 3.85584211 0.12111366
v -0.50973517 3.87744784 0.12527597
v 0.00024379 3.87094808 0.11742926
v -0.53484565 3.88013625 0.12235129
v 0.53526461 3.85746503 0.11798370
v 0.51186526 3.96294665 0.00073075
v -0.50795740 3.98455262 0.00489306
v 0.00186341 3.96852398 0.00775635
v -0.53314936 3.98232985 0.00748873
v 0.53696084 3.95965815 0.00312126
v 0.51080310 3.88467765 0.14677918
v -0.50901955 3.90628362 0.15094149
v 0.12104139 3.89816260 0.14342582
v -0.53411502 3.90957212 0.14855099
v 0.53599519 3.88690042 0.14418352
v 0.51258087 3.99178243 0.02639627
v -0.50724179 4.01338816 0.03055871
v 0.12266102 3.99573851 0.03375316
v -0.53241879 4.01176500 0.03368843
v 0.53769147 3.98909402 0.02932096
v -0.60068756 4.00968027 0.03596544
v -0.60229903 3.91259170 0.14509058
v -0.58994418 3.91527247 0.14306414
v -0.58840835 4.00779867 0.03906703
v -0.60811472 3.96065521 0.09000242
v -0.60136956 3.98220015 0.01150584
v -0.60298103 3.88511133 0.12063110
v -0.59065908 3.88647127 0.11742914
v -0.58912319 3.97899747 0.01343203
v -0.60876596 3.93441629 0.06664801
v 0.60582685 3.98411894 0.03104115
v 0.60421538 3.88703012 0.14016640
v 0.59196901 3.89023280 0.13824022
v 0.59350491 3.98275900 0.03424311
v 0.61161166 3.93481398 0.08502424
v 0.60514486 3.95663857 0.00658166
v 0.60353339 3.85954976 0.11570692
v 0.59125412 3.86143136 0.11260521
v 0.59279001 3.95395780 0.00860810
v 0.61096042 3.90857506 0.06166995
v 0.51250756 3.96599960 0.00000000
v 0.51315635 3.99213719 0.02326417
v -0.50847584 3.98763037 0.00416708
v -0.50782716 4.01376772 0.02743137
v 0.58251899 3.96211219 0.00111818
v 0.00198245 3.97526383 0.00193799
v 0.56400883 3.96098995 0.00153315
v 0.58319962 3.98953795 0.02552915
v 0.11569832 4.00088310 0.02641058
v 0.56472307 3.98976803 0.02714753
v 0.60476416 3.97663975 0.01723504
v 0.59239948 3.98727894 0.02871847
v 0.61170793 3.98276329 0.02981067
v 0.59169638 3.95895171 0.00350499
v 0.61108965 3.95785451 0.00763977
v -0.57857746 3.98671126 0.00585699
v -0.56012875 3.98480582 0.00612116
v -0.57789689 4.01413679 0.03026807
v -0.55941457 4.01358414 0.03173554
v -0.60005528 4.00216532 0.02215230
v -0.58715779 4.01226950 0.03353262
v -0.60663056 4.00857496 0.03478324
v -0.58786076 3.98394156 0.00831902
v -0.60724884 3.98366618 0.01261210
v 0.51067287 3.85546231 0.12424099
v 0.51132154 3.88159990 0.14750516
v -0.51031065 3.87709308 0.12840796
v -0.50966185 3.90323067 0.15167224
v 0.58074272 3.85509348 0.12140429
v 0.00016805 3.86595297 0.12480032
v 0.56226027 3.85564613 0.11993682
v 0.58142328 3.88251901 0.14581525
v 0.11388391 3.89157224 0.14927292
v 0.56297445 3.88442445 0.14555109
v 0.60303503 3.87246418 0.13432562
v 0.59070647 3.88528872 0.14335310
v 0.61009455 3.88556409 0.13906014
v 0.59000349 3.85696077 0.11813962
v 0.60947627 3.86065531 0.11688912
v -0.58035380 3.87969232 0.12614310
v -0.56187737 3.87946224 0.12452483
v -0.57967317 3.90711808 0.15055418
v -0.56116313 3.90824032 0.15013909
v -0.60178447 3.89798975 0.13924289
v -0.58885068 3.91027856 0.14816737
v -0.60824394 3.91137576 0.14403260
v -0.58955377 3.88195133 0.12295377
v -0.60886222 3.88646698 0.12186170
v -0.53537887 3.88478589 0.11685181
v 0.53594947 3.86208868 0.11247945
v -0.53384125 3.97741723 0.01273644
v 0.53748703 3.95472050 0.00836384
v -0.57305199 3.93208098 0.06509781
v 0.57516825 3.90775490 0.06041145
v -0.53464121 3.91450977 0.14330840
v 0.53668708 3.89181304 0.13893592
v -0.53310364 4.00714159 0.03919291
v 0.53822470 3.98444438 0.03482056
v -0.57232243 3.96147537 0.09126079
v 0.57589781 3.93714929 0.08657444
v 0.57156008 4.36124992 0.56602800
v -0.55352849 4.40626717 0.57367682
v 0.58621681 4.73169136 0.54168165
v -0.53887177 4.77670908 0.54933047
v 0.02354530 4.74700403 0.56915176
v 0.00957730 4.39397049 0.59235406
v 0.13938014 4.73978806 0.52908897
v 0.12541215 4.38675451 0.55229127
v -0.57408309 4.59159994 0.54641593
v -0.57373077 4.59404564 0.58384311
v 0.60648370 4.54436255 0.53838992
v 0.60683602 4.54680824 0.57581723
v 0.00889410 4.38072395 0.56982255
v 0.54269183 4.36478376 0.58822250
v 0.54234129 4.36235046 0.55098212
v 0.59658682 4.36890888 0.55092168
v 0.59692091 4.37122822 0.58641207
v -0.52417171 4.40747166 0.59547544
v -0.52452230 4.40503836 0.55823505
v -0.57806623 4.41590977 0.55890739
v -0.57773215 4.41822863 0.59439778
v 0.02378982 4.75720501 0.54507935
v 0.55727518 4.73336983 0.56399798
v 0.55692464 4.73093653 0.52675760
v 0.61048508 4.72017956 0.52783525
v 0.61081916 4.72249842 0.56332564
v -0.50958842 4.77605772 0.57125103
v -0.50993890 4.77362442 0.53401065
v -0.56416792 4.76717997 0.53582108
v -0.56383389 4.76949930 0.57131147
v 0.01656432 4.57050800 0.58107305
v -0.53655243 4.76025915 0.57345915
v 0.58291829 4.71546650 0.56584859
v -0.54979753 4.42549562 0.59546065
v 0.56967318 4.38070297 0.58784997
v 0.13428770 4.56317425 0.54035711
v -0.53692031 4.75770521 0.53438306
v 0.58255053 4.71291256 0.52677250
v -0.55016536 4.42294168 0.55638456
v 0.56930542 4.37814903 0.54877400
v -0.58356524 4.59296846 0.56152940
v 0.61624914 4.54496098 0.55337250
v 0.53583992 4.36039877 0.56663859
v 0.56104851 4.36278248 0.58699596
v 0.56072021 4.36050320 0.55211425
v 0.58739972 4.36327744 0.55250502
v 0.58771265 4.36544991 0.58574748
v -0.51798564 4.40256500 0.57380283
v -0.54264456 4.40694427 0.59449923
v -0.54297292 4.40466452 0.55961764
v -0.56933779 4.40956116 0.56036901
v -0.56902486 4.41173363 0.59361148
v 0.55067796 4.73542213 0.54199111
v 0.57572591 4.73374367 0.56261539
v 0.57539749 4.73146391 0.52773380
v 0.60177773 4.72667456 0.52862167
v 0.60209072 4.72884703 0.56186414
v -0.50314748 4.77758837 0.54915535
v -0.52796727 4.77790499 0.57011878
v -0.52829570 4.77562571 0.53523719
v -0.55495965 4.77295828 0.53648567
v -0.55464679 4.77513075 0.56972802
v 0.52338290 4.73195314 0.56505525
v -0.47590643 4.77193737 0.57184875
v 0.02310522 4.73583889 0.57012951
v -0.50086951 4.76462698 0.57296419
v 0.54769498 4.72267151 0.56583560
v 0.50902200 4.36898851 0.58891022
v -0.49026734 4.40897274 0.59570372
v 0.01002195 4.40516710 0.59186208
v -0.51457191 4.41830730 0.59572518
v 0.53399259 4.37635136 0.58859670
v 0.52302021 4.72943544 0.52652931
v -0.47626910 4.76941967 0.53332281
v 0.14037272 4.72853374 0.52957118
v -0.50123972 4.76205683 0.53363633
v 0.54732478 4.72010088 0.52650785
v 0.50865942 4.36647081 0.55038428
v -0.49063000 4.40645504 0.55717778
v 0.12728949 4.39786148 0.55130386
v -0.51494199 4.41573668 0.55639744
v 0.53362244 4.37378120 0.54926884
v -0.58141643 4.42714548 0.55758953
v -0.56839848 4.75616693 0.53596532
v -0.55665976 4.74789619 0.53550923
v -0.56906599 4.43433666 0.55611706
v -0.58137268 4.59196949 0.54765081
v -0.58107078 4.42954493 0.59430492
v -0.56805289 4.75856638 0.57268083
v -0.55629766 4.75041056 0.57398927
v -0.56870377 4.43685102 0.59459722
v -0.58104271 4.59426069 0.58270741
v 0.60080576 4.37984180 0.54955220
v 0.61382377 4.70886326 0.52792811
v 0.60145670 4.70155716 0.52763581
v 0.58905053 4.38799763 0.54824376
v 0.61379564 4.54414749 0.53952563
v 0.60115141 4.38224125 0.58626771
v 0.61416936 4.71126270 0.56464362
v 0.60181892 4.70407152 0.56611598
v 0.58941269 4.39051199 0.58672392
v 0.61412561 4.54643869 0.57458222
v 0.50934362 4.36303234 0.58748627
v 0.50901490 4.36075020 0.55256498
v -0.49108317 4.40306187 0.59428751
v -0.49141186 4.40077972 0.55936623
v 0.57823372 4.36630392 0.58748841
v 0.00922427 4.38520718 0.59200358
v 0.56024712 4.36992550 0.58832824
v 0.57788885 4.36390877 0.55084574
v 0.11961698 4.37833023 0.55382288
v 0.55988520 4.36741257 0.54987907
v 0.59963912 4.36883116 0.56509805
v 0.58726472 4.37202787 0.54962194
v 0.60660768 4.37953520 0.55124283
v 0.58762091 4.37450075 0.58746946
v 0.60692090 4.38171005 0.58452296
v -0.55948520 4.41182661 0.59522307
v -0.54125702 4.41399908 0.59581673
v -0.55983013 4.40943193 0.55858040
v -0.54161894 4.41148663 0.55736744
v -0.58092231 4.41606855 0.57312393
v -0.56854314 4.41827440 0.55747962
v -0.58720070 4.42730236 0.55935872
v -0.56818694 4.42074728 0.59532702
v -0.58688748 4.42947721 0.59263897
v 0.52416474 4.73762846 0.56286681
v 0.52383614 4.73534632 0.52794552
v -0.47626203 4.77765799 0.56966817
v -0.47659069 4.77537584 0.53474677
v 0.59258306 4.72897625 0.56365263
v 0.02388097 4.75564671 0.56765723
v 0.57437187 4.72692156 0.56486559
v 0.59223819 4.72658157 0.52700996
v 0.13427369 4.74877024 0.52947664
v 0.57401001 4.72440910 0.52641630
v 0.61360735 4.72186852 0.54189563
v 0.60093987 4.71766090 0.52690601
v 0.61964041 4.70893097 0.52959406
v 0.60129613 4.72013378 0.56475353
v 0.61995369 4.71110582 0.56287432
v -0.54513586 4.77449942 0.57138729
v -0.52713227 4.77099562 0.57235396
v -0.54548079 4.77210426 0.53474462
v -0.52749419 4.76848269 0.53390491
v -0.56695414 4.76910543 0.54992139
v -0.55486798 4.76390743 0.53476369
v -0.57416797 4.75669813 0.53771007
v -0.55451173 4.76638031 0.57261109
v -0.57385474 4.75887299 0.57099020
v -0.50210547 4.74846172 0.57422578
v 0.54765260 4.70645809 0.56708920
v -0.51452583 4.43454504 0.59485722
v 0.53523225 4.39254189 0.58772051
v -0.54598963 4.59299612 0.58457732
v 0.57911217 4.54797840 0.57692838
v -0.50247931 4.74586630 0.53451252
v 0.54727876 4.70386314 0.52737594
v -0.51489961 4.43195009 0.55514383
v 0.53485847 4.38994646 0.54800725
v -0.54635930 4.59042978 0.54530466
v 0.57874256 4.54541206 0.53765583
v -0.58756697 4.51181555 0.40681946
v 0.55864781 4.49164486 0.41121697
v -0.59361368 4.15796089 0.35984373
v 0.55260110 4.13779020 0.36424124
v -0.02050562 4.15314913 0.38606906
v -0.01474308 4.49037504 0.43083727
v -0.13865139 4.16040802 0.34659898
v -0.13288884 4.49763346 0.39136720
v 0.58397812 4.31623363 0.37266123
v 0.58374870 4.31130123 0.40984356
v -0.61875665 4.33739853 0.36804688
v -0.61898607 4.33246613 0.40522921
v -0.01440887 4.50464487 0.40917444
v -0.55805814 4.50750017 0.42872882
v -0.55782986 4.51240778 0.39173210
v -0.61288333 4.50498915 0.39129281
v -0.61310089 4.50031185 0.42655098
v 0.52883834 4.48837376 0.43289864
v 0.52906668 4.49328136 0.39590204
v 0.58382666 4.48392963 0.39588416
v 0.58360904 4.47925282 0.43114221
v -0.02055414 4.14502096 0.36143279
v -0.56407458 4.15541792 0.38198841
v -0.56384629 4.16032553 0.34499168
v -0.61861700 4.16944647 0.34674823
v -0.61883456 4.16477013 0.38200629
v 0.52282190 4.13629198 0.38615823
v 0.52305019 4.14119959 0.34916151
v 0.57809287 4.14838791 0.35133946
v 0.57787532 4.14371061 0.38659763
v -0.01762631 4.32171965 0.40877116
v 0.54988974 4.15185356 0.38931739
v -0.59060162 4.17192316 0.38494194
v 0.55535406 4.47162724 0.43176889
v -0.58513731 4.49169683 0.42739332
v -0.13769829 4.32909679 0.36865759
v 0.55012929 4.15700245 0.35049713
v -0.59036207 4.17707205 0.34612155
v 0.55559367 4.47677660 0.39294851
v -0.58489770 4.49684620 0.38857293
v 0.59369028 4.31407785 0.38764834
v -0.62865329 4.33558798 0.38295877
v -0.55123031 4.51333570 0.40746558
v -0.57679206 4.50911999 0.42763579
v -0.57657826 4.51371670 0.39298236
v -0.60366511 4.51047182 0.39321339
v -0.60386890 4.50609064 0.42623830
v 0.52238327 4.49444294 0.41158450
v 0.54762548 4.48933363 0.43194962
v 0.54783940 4.49393034 0.39729631
v 0.57479262 4.48973417 0.39773452
v 0.57458884 4.48535299 0.43075955
v -0.55735177 4.15510511 0.35990882
v -0.58284736 4.15476942 0.38059413
v -0.58263344 4.15936613 0.34594083
v -0.60959673 4.16334677 0.34713089
v -0.60980058 4.15896559 0.38015580
v 0.51626188 4.13621235 0.36402774
v 0.54157025 4.13498306 0.38490796
v 0.54178411 4.13957977 0.35025465
v 0.56886089 4.14260864 0.35165215
v 0.56865710 4.13822794 0.38467705
v -0.52961117 4.15741253 0.38311541
v 0.48844236 4.13949776 0.38702130
v -0.02032462 4.16379690 0.38772810
v 0.51367587 4.14695263 0.38857126
v -0.55457783 4.16575146 0.38447285
v -0.52368659 4.50412512 0.42914295
v 0.49436697 4.48620939 0.43304873
v -0.01492708 4.47966337 0.42966068
v 0.51932877 4.47776556 0.43248808
v -0.54892492 4.49656439 0.42838967
v -0.52937496 4.16248989 0.34484160
v 0.48867854 4.14457464 0.34874737
v -0.13993165 4.17114544 0.34776998
v 0.51391697 4.15213537 0.34950066
v -0.55433673 4.17093372 0.34540224
v -0.52345031 4.50920200 0.39086914
v 0.49460316 4.49128675 0.39477491
v -0.13453411 4.48701191 0.38970244
v 0.51956987 4.48294830 0.39341760
v -0.54868382 4.50174713 0.38931918
v 0.58750445 4.47331619 0.39387965
v 0.58213383 4.15902710 0.35215628
v 0.56998622 4.16674423 0.35221314
v 0.57510448 4.46626377 0.39197564
v 0.59140873 4.31594658 0.37386727
v 0.58727944 4.46847773 0.43035483
v 0.58190882 4.15418863 0.38863158
v 0.56975031 4.16167307 0.39044130
v 0.57486856 4.46119261 0.43020391
v 0.59119380 4.31132650 0.40869451
v -0.61691678 4.49451065 0.38925886
v -0.62228739 4.18022156 0.34753549
v -0.60987651 4.18750668 0.34768641
v -0.60475826 4.48702621 0.38744903
v -0.62620175 4.33737326 0.36919594
v -0.61714184 4.48967266 0.42573404
v -0.62251246 4.17538357 0.38401079
v -0.61011243 4.18243551 0.38591480
v -0.60499418 4.48195553 0.42567730
v -0.62641668 4.33275318 0.40402317
v -0.52415991 4.50992823 0.42808783
v -0.52394587 4.51453018 0.39339495
v 0.49505246 4.49199295 0.43199790
v 0.49526647 4.49659491 0.39730525
v -0.59419757 4.50535059 0.42791855
v -0.01459537 4.49881029 0.43102431
v -0.57580197 4.50219584 0.42852676
v -0.59397286 4.51017904 0.39151561
v -0.12719044 4.50572777 0.39340866
v -0.57556623 4.50726271 0.39032912
v -0.61596531 4.50402260 0.40543926
v -0.60332245 4.50228262 0.38980138
v -0.62282604 4.49456692 0.39096630
v -0.60355449 4.49729538 0.42740119
v -0.62303007 4.49018192 0.42402875
v 0.56488472 4.48495340 0.43236542
v 0.54638541 4.48244858 0.43283200
v 0.56510937 4.48978233 0.39596248
v 0.54662120 4.48751497 0.39463449
v 0.58676416 4.48285770 0.41005361
v 0.57418823 4.48156118 0.39431894
v 0.59339887 4.47316504 0.39563239
v 0.57395625 4.47657394 0.43191874
v 0.59319478 4.46877909 0.42869484
v -0.53027445 4.15210485 0.38058519
v -0.53006041 4.15670681 0.34589243
v 0.48893791 4.13416910 0.38449550
v 0.48915195 4.13877106 0.34980261
v -0.60011733 4.15891695 0.38192797
v -0.02064204 4.14495754 0.38404882
v -0.58162910 4.16118431 0.38325596
v -0.59989274 4.16374588 0.34552503
v -0.13323709 4.15187454 0.34643316
v -0.58139342 4.16625118 0.34505844
v -0.62172788 4.16679287 0.36067045
v -0.60896426 4.17212534 0.34597170
v -0.62820268 4.17992067 0.34919548
v -0.60919619 4.16713810 0.38357139
v -0.62840676 4.17553473 0.38225794
v 0.55896491 4.13852024 0.38637483
v 0.54055822 4.14143705 0.38756120
v 0.55918956 4.14334917 0.34997189
v 0.54079396 4.14650345 0.34936368
v 0.58100146 4.14562798 0.36528480
v 0.56854647 4.15140438 0.35048926
v 0.58802211 4.15851784 0.35386169
v 0.56831449 4.14641714 0.38808906
v 0.58781803 4.15413237 0.38692403
v 0.51454705 4.16239309 0.39081955
v -0.55492258 4.18121243 0.38671649
v 0.51967114 4.46225357 0.43062735
v -0.54979849 4.48107290 0.42652428
v 0.55548972 4.31167698 0.41065180
v -0.59073842 4.33184767 0.40625417
v 0.51479059 4.16762638 0.35136604
v -0.55467910 4.18644619 0.34726310
v 0.51991463 4.46748734 0.39117384
v -0.54955500 4.48630667 0.38707089
v 0.55573052 4.31685209 0.37163615
v -0.59049767 4.33702278 0.36723864
v -0.57804632 4.46526718 0.50094569
v 0.53469586 4.44748354 0.50780880
v -0.57663995 4.52092886 0.41715395
v 0.53610224 4.50314522 0.42401719
v -0.02053070 4.49147081 0.40975714
v -0.02187102 4.43842411 0.48961139
v -0.13507047 4.52608681 0.43082976
v -0.13641079 4.47304058 0.51068389
v 0.56298536 4.48762655 0.47455478
v 0.56261414 4.45638704 0.45379686
v -0.60462630 4.50628710 0.46735322
v -0.60499758 4.47504807 0.44659531
v -0.02168439 4.45611191 0.50518692
v -0.54946858 4.44653559 0.48867989
v -0.54909915 4.47761869 0.50933421
v -0.60237825 4.47904110 0.50656176
v -0.60273021 4.44941854 0.48687816
v 0.50568759 4.42967224 0.49518788
v 0.50605702 4.46075535 0.51584220
v 0.55938447 4.46047401 0.51372731
v 0.55903250 4.43085146 0.49404371
v -0.02025507 4.51268148 0.42002904
v -0.54806924 4.50191879 0.40530789
v -0.54769987 4.53300190 0.42596221
v -0.60104471 4.53182268 0.42710638
v -0.60139668 4.50220013 0.40742266
v 0.50708693 4.48505545 0.41181588
v 0.50745642 4.51613855 0.43247008
v 0.56071800 4.51325560 0.43427193
v 0.56036603 4.48363304 0.41458821
v -0.02120404 4.46468019 0.44950664
v 0.53302860 4.48133230 0.41529250
v -0.57415736 4.49902725 0.40846360
v 0.53175771 4.43103123 0.49101412
v -0.57542843 4.44872665 0.48418510
v -0.13761123 4.49986076 0.47092295
v 0.53341615 4.51394749 0.43696487
v -0.57376987 4.53164291 0.43013597
v 0.53214514 4.46364689 0.51268637
v -0.57504088 4.48134184 0.50585747
v 0.57235426 4.47491455 0.46626759
v -0.61429369 4.49387932 0.45894849
v -0.54281664 4.46417809 0.50156045
v -0.56767404 4.44763279 0.48949027
v -0.56732804 4.47674751 0.50883627
v -0.59355283 4.47705030 0.50736451
v -0.59388262 4.44930410 0.48892760
v 0.49944445 4.44752073 0.50798893
v 0.52390748 4.43018723 0.49622297
v 0.52425355 4.45930147 0.51556897
v 0.55049068 4.45876646 0.51442075
v 0.55016094 4.43102074 0.49598372
v -0.54139286 4.52052832 0.41673231
v -0.56626576 4.50337267 0.40558100
v -0.56591976 4.53248739 0.42492700
v -0.59217316 4.53165388 0.42516625
v -0.59250289 4.50390768 0.40672922
v 0.50086826 4.50387049 0.42316091
v 0.52531588 4.48592663 0.41231370
v 0.52566189 4.51504135 0.43165982
v 0.55187041 4.51337004 0.43222249
v 0.55154067 4.48562384 0.41378546
v -0.51466990 4.50042629 0.40579331
v 0.47365358 4.48463058 0.41188896
v -0.02057556 4.48958778 0.41215146
v 0.49798524 4.48265600 0.41369939
v -0.53907257 4.49922991 0.40730298
v -0.51604784 4.44588757 0.48789370
v 0.47227553 4.43009233 0.49398947
v -0.02183097 4.43990183 0.48694754
v 0.49667037 4.43061876 0.49203491
v -0.54038745 4.44719267 0.48563862
v -0.51428777 4.53258228 0.42716050
v 0.47403571 4.51678658 0.43325627
v -0.13653201 4.52463245 0.43348479
v 0.49837530 4.51548147 0.43551147
v -0.53868252 4.53205538 0.42911506
v -0.51566571 4.47804356 0.50926101
v 0.47265771 4.46224833 0.51535678
v -0.13778740 4.47494602 0.50828099
v 0.49706039 4.46344423 0.51384699
v -0.53999740 4.48001814 0.50745070
v 0.56317586 4.46259737 0.51157379
v 0.56442499 4.51203537 0.43715107
v 0.55248374 4.51180029 0.43931556
v 0.55129331 4.46468592 0.51024091
v 0.57019418 4.48652172 0.47394192
v 0.56281173 4.43195200 0.49121070
v 0.56406093 4.48139000 0.41678786
v 0.55210209 4.47968245 0.41797364
v 0.55091161 4.43256760 0.48889911
v 0.56984651 4.45726109 0.45449889
v -0.60607308 4.48128414 0.50436211
v -0.60482389 4.53072214 0.42993939
v -0.59292388 4.53010654 0.43225098
v -0.59411430 4.48299170 0.50317633
v -0.61185873 4.50541306 0.46665120
v -0.60643721 4.45063877 0.48399901
v -0.60518801 4.50007677 0.40957618
v -0.59330553 4.49798870 0.41090906
v -0.59449583 4.45087385 0.48183441
v -0.61220640 4.47615290 0.44720805
v -0.51661462 4.44652748 0.49020541
v -0.51626825 4.47567463 0.50957346
v 0.47283384 4.43071365 0.49630809
v 0.47318026 4.45986128 0.51567614
v -0.58449322 4.44778967 0.48796070
v -0.02189490 4.43788671 0.49209154
v -0.56658268 4.44717598 0.48692822
v -0.58412981 4.47837400 0.50828350
v -0.13105340 4.47087669 0.51217425
v -0.56620127 4.47926760 0.50825298
v -0.60544372 4.46715450 0.49890220
v -0.59303671 4.48029947 0.50663531
v -0.61182028 4.47991371 0.50341654
v -0.59341204 4.44870996 0.48564434
v -0.61215037 4.45213604 0.48495853
v 0.54074079 4.42980576 0.49490094
v 0.52283370 4.42976522 0.49364758
v 0.54110414 4.46039009 0.51522374
v 0.52321512 4.46185684 0.51497233
v 0.56216276 4.44849396 0.50610375
v 0.55008763 4.46202993 0.51368594
v 0.56888759 4.46104383 0.51069891
v 0.54971230 4.43044043 0.49269485
v 0.56855750 4.43326616 0.49224091
v -0.51519245 4.50281334 0.40547383
v -0.51484609 4.53196049 0.42484188
v 0.47425604 4.48699951 0.41157651
v 0.47460240 4.51614714 0.43094468
v -0.58311635 4.50228405 0.40592623
v -0.02048851 4.49354792 0.40830028
v -0.56522733 4.50081778 0.40617764
v -0.58275294 4.53286839 0.42624903
v -0.12964703 4.52653837 0.42838287
v -0.56484592 4.53290939 0.42750251
v -0.60410339 4.52020121 0.41904712
v -0.59172446 4.53223372 0.42845511
v -0.61056972 4.52940798 0.42890906
v -0.59209979 4.50064421 0.40746415
v -0.61089981 4.50163031 0.41045117
v 0.54211766 4.48430061 0.41286647
v 0.52418911 4.48340654 0.41289699
v 0.54248101 4.51488495 0.43318939
v 0.52457052 4.51549816 0.43422174
v 0.56350303 4.50154066 0.42624867
v 0.55139983 4.51396418 0.43550575
v 0.57013816 4.51053810 0.43619144
v 0.55102444 4.48237467 0.41451478
v 0.56980807 4.48276043 0.41773355
v 0.49851200 4.48005152 0.41726089
v -0.53972626 4.49664450 0.41085720
v 0.49732018 4.43288279 0.48826694
v -0.54091811 4.44947577 0.48186338
v 0.53517681 4.45605516 0.45311594
v -0.57757843 4.47383976 0.44625258
v 0.49890593 4.51319838 0.43928659
v -0.53933233 4.52979136 0.43288302
v 0.49771407 4.46603012 0.51029277
v -0.54052418 4.48262310 0.50388920
v 0.53556621 4.48883438 0.47489738
v -0.57718891 4.50661898 0.46803403
v 0.56836915 4.68721914 0.73339039
v -0.53867149 4.68664694 0.72463918
v 0.56815749 5.09534883 0.73346853
v -0.53888309 5.09477663 0.72471732
v 0.01445936 5.08546877 0.75221425
v 0.01466101 4.69651842 0.75213975
v 0.12911090 5.08553553 0.71376109
v 0.12931257 4.69658518 0.71368659
v -0.56595045 4.89070034 0.70915335
v -0.56624699 4.89069366 0.74666089
v 0.59567851 4.89130116 0.71833611
v 0.59538198 4.89129400 0.75584364
v 0.01485231 4.68360615 0.72878528
v 0.53954840 4.68822193 0.75526893
v 0.53984344 4.68822956 0.71794862
v 0.59286177 4.69779539 0.71924651
v 0.59258056 4.69778824 0.75481308
v -0.51020139 4.68767977 0.74697059
v -0.50990635 4.68768692 0.70965028
v -0.56294847 4.69719791 0.71010983
v -0.56322962 4.69719076 0.74567634
v 0.01463726 5.09838963 0.72886479
v 0.53933787 5.09430742 0.75534672
v 0.53963292 5.09431458 0.71802640
v 0.59266114 5.08480358 0.71932071
v 0.59237999 5.08479643 0.75488722
v -0.51041192 5.09376478 0.74704838
v -0.51011688 5.09377241 0.70972806
v -0.56314903 5.08420610 0.71018398
v -0.56343025 5.08419895 0.74575049
v 0.01455765 4.89099360 0.75249785
v -0.53629118 5.07511950 0.74776006
v 0.56522191 5.07568932 0.75646752
v -0.53609997 4.70629787 0.74768937
v 0.56541318 4.70686722 0.75639695
v 0.13107845 4.89106131 0.71341771
v -0.53598166 5.07512712 0.70860010
v 0.56553149 5.07569647 0.71730763
v -0.53579044 4.70630550 0.70852947
v 0.56572270 4.70687485 0.71723694
v -0.57553905 4.89069271 0.72415882
v 0.60502863 4.89130306 0.73349130
v 0.53330868 4.68467712 0.73333091
v 0.55767781 4.68692350 0.75423002
v 0.55795419 4.68693018 0.71927351
v 0.58404213 4.69111061 0.72030193
v 0.58377880 4.69110394 0.75361574
v -0.50361210 4.68414116 0.72513402
v -0.52831078 4.68636227 0.74564517
v -0.52803439 4.68636894 0.71068877
v -0.55413967 4.69052219 0.71130455
v -0.55440301 4.69051552 0.74461836
v 0.53309458 5.09785461 0.73341000
v 0.55746591 5.09562540 0.75430828
v 0.55774224 5.09563208 0.71935183
v 0.58383453 5.09147882 0.72037870
v 0.58357120 5.09147215 0.75369245
v -0.50382626 5.09731865 0.72521311
v -0.52852267 5.09506416 0.74572349
v -0.52824628 5.09507084 0.71076697
v -0.55434728 5.09089041 0.71138126
v -0.55461061 5.09088373 0.74469507
v 0.50608921 5.09119320 0.75572753
v -0.47717029 5.09068537 0.74795479
v 0.01446382 5.07315016 0.75245535
v -0.50141102 5.08150339 0.74816322
v 0.53033316 5.08203697 0.75631917
v 0.50629658 4.69130182 0.75565082
v -0.47696298 4.69079351 0.74787819
v 0.01465271 4.70883656 0.75238550
v -0.50121319 4.69994974 0.74809009
v 0.53053099 4.70048332 0.75624609
v 0.50639445 5.09120083 0.71711886
v -0.47686511 5.09069252 0.70934618
v 0.13053341 5.07321835 0.71352649
v -0.50109947 5.08151102 0.70875096
v 0.53064471 5.08204460 0.71690691
v 0.50660181 4.69130898 0.71704227
v -0.47665778 4.69080114 0.70926952
v 0.13072230 4.70890379 0.71345669
v -0.50090164 4.69995737 0.70867783
v 0.53084254 4.70049095 0.71683377
v -0.56667382 4.70945215 0.70946884
v -0.56686175 5.07194757 0.70953828
v -0.55499083 5.06343699 0.70874619
v -0.55481166 4.71797609 0.70868003
v -0.57314354 4.89069653 0.71028441
v -0.56696469 4.70944500 0.74626315
v -0.56715262 5.07194042 0.74633259
v -0.55529565 5.06342936 0.74730891
v -0.55511653 4.71796846 0.74724269
v -0.57342130 4.89068985 0.74541628
v 0.59658414 4.71005392 0.71866441
v 0.59639615 5.07254934 0.71873385
v 0.58454806 5.06402588 0.71775430
v 0.58472717 4.71856546 0.71768808
v 0.60285282 4.89130449 0.71958071
v 0.59629327 4.71004677 0.75545871
v 0.59610534 5.07254219 0.75552815
v 0.58424312 5.06401825 0.75631696
v 0.58442235 4.71855736 0.75625086
v 0.60257506 4.89129782 0.75471258
v 0.50687385 4.68489456 0.75384790
v 0.50715047 4.68490124 0.71885169
v -0.47750494 4.68438578 0.74606633
v -0.47722834 4.68439245 0.71107006
v 0.57440847 4.69149780 0.75524563
v 0.01467330 4.68692970 0.75121337
v 0.55658281 4.69461536 0.75601053
v 0.57469875 4.69150496 0.71852428
v 0.12393832 4.68699312 0.71456683
v 0.55688733 4.69462299 0.71747881
v 0.59565711 4.69682074 0.73343807
v 0.58359802 4.70089626 0.71799278
v 0.60227072 4.70985031 0.72043073
v 0.58329821 4.70088863 0.75592148
v 0.60200709 4.70984364 0.75378245
v -0.54506010 4.69091940 0.74639612
v -0.52725190 4.69405508 0.74744278
v -0.54476976 4.69092607 0.70967489
v -0.52694732 4.69406223 0.70891112
v -0.56596673 4.69622040 0.72425538
v -0.55366915 4.70030832 0.70900267
v -0.57238746 4.70924282 0.71114504
v -0.55396903 4.70030117 0.74693125
v -0.57265109 4.70923615 0.74449670
v 0.50665981 5.09760189 0.75392693
v 0.50693649 5.09760857 0.71893072
v -0.47771895 5.09709311 0.74614537
v -0.47744226 5.09709978 0.71114910
v 0.57420129 5.09106827 0.75532216
v 0.01446170 5.09505749 0.75129157
v 0.55637878 5.08793211 0.75608587
v 0.57449162 5.09107494 0.71860087
v 0.12372673 5.09512091 0.71464497
v 0.55668336 5.08793926 0.71755421
v 0.59545547 5.08577538 0.73351264
v 0.58340055 5.08169317 0.71806574
v 0.60208261 5.07275820 0.72050029
v 0.58310068 5.08168602 0.75599438
v 0.60181898 5.07275152 0.75385201
v -0.54526728 5.09048939 0.74647272
v -0.52745575 5.08737135 0.74751818
v -0.54497695 5.09049654 0.70975137
v -0.52715129 5.08737946 0.70898646
v -0.56616837 5.08517504 0.72432995
v -0.55386668 5.08110571 0.70907557
v -0.57257557 5.07215071 0.71121460
v -0.55416650 5.08109808 0.74700427
v -0.57283926 5.07214403 0.74456626
v -0.50199050 5.06365347 0.74834824
v 0.53092808 5.06418705 0.75651354
v -0.50181121 4.71779919 0.74828196
v 0.53110737 4.71833324 0.75644726
v -0.53896660 4.89070749 0.74780130
v 0.56808698 4.89127970 0.75655258
v -0.50167584 5.06366110 0.70854974
v 0.53124273 5.06419516 0.71671504
v -0.50149655 4.71780729 0.70848346
v 0.53142202 4.71834087 0.71664876
v -0.53865552 4.89071465 0.70844442
v 0.56839812 4.89128685 0.71719575
v 0.81991863 5.23762035 3.65727329
v 0.65342337 6.79100370 3.89050341
v -0.69550204 5.07896471 3.63215780
v -0.86199737 6.63234854 3.86538720
v -0.74312335 5.86281967 3.72649527
v 0.70108336 6.01401949 3.75043106
v -0.72595990 5.69653177 3.74132776
v 0.71824682 5.84773111 3.76526332
v -0.10840476 6.74770021 3.89883518
v -0.10837343 6.75327301 3.86174273
v 0.06630044 5.11771917 3.65410519
v 0.06633178 5.12329197 3.61701250
v 0.74902433 6.01557112 3.77431917
v 0.81183344 5.28070164 3.64138532
v 0.81180233 5.27515697 3.67829275
v 0.78436154 5.19716835 3.66566610
v 0.78439128 5.20245266 3.63049316
v 0.65395445 6.75369596 3.86254501
v 0.65392333 6.74815083 3.89945245
v 0.61053151 6.81898451 3.90917063
v 0.61056125 6.82426882 3.87399745
v -0.79110330 5.85432959 3.74879408
v -0.69599622 5.12284136 3.61639547
v -0.69602740 5.11729670 3.65330267
v -0.65263420 5.04672337 3.64185023
v -0.65260440 5.05200768 3.60667706
v -0.85387522 6.59583521 3.83755493
v -0.85390639 6.59029055 3.87446237
v -0.82646430 6.66853952 3.88535452
v -0.82643443 6.67382383 3.85018134
v -0.02101977 5.93846750 3.73814583
v -0.78858572 6.63953161 3.84324455
v -0.62292171 5.09390402 3.61117935
v 0.58088136 6.78290606 3.86594152
v 0.74654537 5.23727894 3.63387632
v -0.00357642 5.76946783 3.75322008
v -0.78861839 6.63371325 3.88197136
v -0.62295443 5.08808613 3.64990616
v 0.58084869 6.77708817 3.90466809
v 0.74651265 5.23146057 3.67260313
v -0.10981631 6.76322794 3.88591695
v 0.06773719 5.10667229 3.63719654
v 0.82401752 5.28782940 3.66459942
v 0.81941551 5.25560999 3.63881755
v 0.81938636 5.25041628 3.67338681
v 0.80784035 5.21230030 3.66682053
v 0.80786818 5.21724987 3.63387537
v 0.66806811 6.74282169 3.88305640
v 0.65608650 6.77945375 3.86761189
v 0.65605736 6.77426004 3.90218139
v 0.63666147 6.80938101 3.90661097
v 0.63668936 6.81433010 3.87366581
v -0.71014643 5.12721205 3.63917279
v -0.69813025 5.09673214 3.61366630
v -0.69815940 5.09153843 3.64823580
v -0.67876232 5.05666208 3.64218187
v -0.67873442 5.06161165 3.60923672
v -0.86609584 6.58220434 3.85763001
v -0.86145931 6.62057590 3.84246063
v -0.86148846 6.61538219 3.87703013
v -0.84994113 6.65374279 3.88197231
v -0.84991324 6.65869188 3.84902740
v -0.68949705 5.17079020 3.62295294
v -0.83737606 6.55048561 3.83010435
v -0.69738519 5.86764479 3.72701263
v -0.80697697 6.58812571 3.83537865
v -0.65180600 5.14039707 3.61801243
v 0.79533535 5.32624292 3.64756203
v 0.64745641 6.70593834 3.85471344
v 0.65534550 6.00926733 3.74943209
v 0.60976601 6.73645020 3.85885906
v 0.76493692 5.28872156 3.64149284
v -0.68952930 5.16505384 3.66113424
v -0.83740830 6.54474926 3.86828589
v -0.68000942 5.69929981 3.74202847
v -0.80700999 6.58227062 3.87435484
v -0.65183902 5.13454199 3.65698838
v 0.79530311 5.32050657 3.68574309
v 0.64742404 6.70020199 3.89289474
v 0.67272127 5.84092236 3.76444817
v 0.60973299 6.73059511 3.89783549
v 0.76490390 5.28286648 3.68046904
v 0.56446183 6.81935406 3.90980792
v -0.78151578 6.67843866 3.88750029
v -0.74810719 6.66497660 3.88640022
v 0.53461909 6.79927063 3.90765977
v -0.10948416 6.75795698 3.89917397
v 0.56449246 6.82482052 3.87342072
v -0.78148514 6.68390512 3.85111308
v -0.74807495 6.67070627 3.84826422
v 0.53465134 6.80499983 3.86952400
v -0.10945481 6.76317644 3.86443090
v 0.73941207 5.18708706 3.66473436
v -0.60656554 5.04617167 3.64242697
v -0.57672423 5.06599236 3.64632368
v 0.70600206 5.20028591 3.66758347
v 0.06738182 5.10781574 3.65141678
v 0.73944277 5.19255352 3.62834740
v -0.60653484 5.05163813 3.60603976
v -0.57669199 5.07172203 3.60818791
v 0.70603424 5.20601559 3.62944746
v 0.06741118 5.11303520 3.61667371
v 0.81921083 5.32768011 3.64962435
v 0.81918162 5.32248068 3.68423319
v 0.67116356 6.70894670 3.85701203
v 0.67113429 6.70374680 3.89162087
v 0.80498064 5.23047686 3.63413715
v 0.73668611 6.01760960 3.75193524
v 0.79069197 5.25439644 3.63680315
v 0.80494988 5.22502136 3.67045188
v 0.75304341 5.85913372 3.76607084
v 0.79065979 5.24867153 3.67490840
v 0.78842461 5.19557285 3.65110159
v 0.77143472 5.20879555 3.66859627
v 0.74103665 5.17942524 3.66184402
v 0.77146649 5.21443033 3.63108730
v 0.74106455 5.18438005 3.62886143
v 0.63661617 6.80129862 3.86998487
v 0.62768680 6.77521753 3.86514378
v 0.63658541 6.79584312 3.90629983
v 0.62765461 6.76949263 3.90324903
v 0.61372012 6.82554674 3.89583087
v 0.60039353 6.80459213 3.90819407
v 0.56437194 6.82768869 3.90931940
v 0.60042524 6.81022739 3.87068510
v 0.56439984 6.83264351 3.87633681
v -0.71320730 5.16724539 3.62422657
v -0.71323657 5.16204596 3.65883589
v -0.86125469 6.54851151 3.83161449
v -0.86128378 6.54331207 3.86622310
v -0.67865855 5.07514906 3.60954809
v -0.77872777 5.85895491 3.72681952
v -0.66972768 5.10149956 3.61259890
v -0.67868924 5.06969357 3.64586282
v -0.76237059 5.70047903 3.74095535
v -0.66975981 5.09577465 3.65070391
v -0.65579915 5.04437113 3.62716579
v -0.64249814 5.06076479 3.64516234
v -0.60647291 5.03834867 3.63951111
v -0.64246643 5.06640005 3.60765362
v -0.60644495 5.04330397 3.60652828
v -0.84702295 6.64597082 3.84539580
v -0.83273286 6.62232065 3.84093928
v -0.84705359 6.64051533 3.88171077
v -0.83276498 6.61659575 3.87904477
v -0.83050358 6.67434502 3.87189484
v -0.81353939 6.65656185 3.88476014
v -0.78313762 6.68661213 3.88698626
v -0.81350762 6.66219664 3.84725142
v -0.78310972 6.69156694 3.85400367
v -0.74078679 6.59591770 3.83641005
v -0.58543921 5.14654112 3.61879635
v 0.54339939 6.73036432 3.85769343
v 0.69874704 5.28098774 3.64007950
v -0.10426866 6.71512079 3.85507917
v 0.06222858 5.16171885 3.62184691
v -0.74082011 6.59000444 3.87576818
v -0.58547246 5.14062834 3.65815425
v 0.54336613 6.72445107 3.89705133
v 0.69871372 5.27507496 3.67943764
v -0.10430155 6.70927382 3.89400053
v 0.06219568 5.15587139 3.66076827
v 0.56128591 4.55716658 0.40355563
v -0.56487739 4.56634235 0.41308236
v 0.56115335 4.45424223 0.48701799
v -0.56500983 4.46341801 0.49654484
v -0.00219569 4.44668531 0.47186053
v -0.00206937 4.54477310 0.39232028
v 0.11458039 4.47052526 0.50144517
v 0.11470671 4.56861305 0.42190492
v -0.59253007 4.52474833 0.46693909
v -0.59296894 4.50112534 0.43780708
v 0.58916438 4.51512003 0.45694244
v 0.58872551 4.49149752 0.42781043
v -0.00179191 4.56273746 0.40781641
v 0.53188658 4.54322433 0.38684249
v 0.53232342 4.56672955 0.41582894
v 0.58625633 4.56333208 0.41664219
v 0.58583999 4.54093122 0.38901782
v -0.53599602 4.55192518 0.39587617
v -0.53555924 4.57542992 0.42486274
v -0.58951890 4.57291174 0.42658854
v -0.58993512 4.55051184 0.39896417
v -0.00192662 4.45813513 0.49263942
v 0.53175467 4.44081545 0.46988678
v 0.53219146 4.46432018 0.49887335
v 0.58613050 4.46573400 0.49578524
v 0.58571428 4.44333363 0.46816087
v -0.53612792 4.44951630 0.47892046
v -0.53569114 4.47302151 0.50790703
v -0.58964455 4.47531414 0.50573170
v -0.59006077 4.45291328 0.47810733
v -0.00213629 4.49552679 0.43184137
v -0.56246132 4.45385027 0.47461855
v 0.55807877 4.44472027 0.46513939
v -0.56234151 4.54686165 0.39919472
v 0.55819857 4.53773165 0.38971555
v 0.11654365 4.51975584 0.46190822
v -0.56200308 4.47851372 0.50503397
v 0.55853701 4.46938372 0.49555480
v -0.56188327 4.57152510 0.42961013
v 0.55865681 4.56239510 0.42013097
v -0.60233945 4.51532888 0.45530760
v 0.59862089 4.50554371 0.44514811
v 0.52561861 4.55795622 0.40317178
v 0.55033326 4.54414845 0.38733697
v 0.55074233 4.56616449 0.41448748
v 0.57727879 4.56438017 0.41447711
v 0.57688892 4.54339886 0.38860238
v -0.52921349 4.56655073 0.41209507
v -0.55441415 4.55314970 0.39668250
v -0.55400509 4.57516575 0.42383313
v -0.58056349 4.57381392 0.42427182
v -0.58095330 4.55283260 0.39839709
v 0.52548438 4.45375919 0.48766637
v 0.55020052 4.44108009 0.47091627
v 0.55060959 4.46309566 0.49806690
v 0.57714885 4.46341324 0.49635231
v 0.57675892 4.44243145 0.47047758
v -0.52934766 4.46235371 0.49658978
v -0.55454689 4.45008087 0.48026192
v -0.55413777 4.47209740 0.50741255
v -0.58069336 4.47284698 0.50614703
v -0.58108330 4.45186520 0.48027241
v 0.49792892 4.44146633 0.46903920
v -0.50231510 4.44961596 0.47750080
v -0.00219453 4.44963789 0.46915257
v -0.52697790 4.45187616 0.47552228
v 0.52258819 4.44332457 0.46664345
v 0.49805877 4.54231358 0.38726151
v -0.50218523 4.55046272 0.39572310
v -0.00207622 4.54151344 0.39465034
v -0.52685398 4.54809809 0.39749467
v 0.52271205 4.53954697 0.38861585
v 0.49838069 4.46578264 0.49902642
v -0.50186324 4.47393227 0.50748801
v 0.11602586 4.47377300 0.49910295
v -0.52651662 4.47669840 0.50613368
v 0.52304935 4.46814728 0.49725485
v 0.49851063 4.56662989 0.41724873
v -0.50173336 4.57477903 0.42571032
v 0.11614416 4.56564760 0.42460084
v -0.52639270 4.57292080 0.42810607
v 0.52317327 4.56436968 0.41922724
v -0.59330386 4.57023859 0.42960393
v -0.59342158 4.47882271 0.50373411
v -0.58134407 4.48142910 0.50257707
v -0.58123183 4.56854916 0.43193042
v -0.59985167 4.52405977 0.46607816
v -0.59373450 4.54706526 0.40102577
v -0.59385210 4.45564842 0.47515619
v -0.58179533 4.45714140 0.47262549
v -0.58168310 4.54426146 0.40197885
v -0.60026288 4.50193310 0.43879139
v 0.59004760 4.56059694 0.41959333
v 0.58992988 4.46918058 0.49372363
v 0.57787859 4.47198391 0.49277067
v 0.57799083 4.55910397 0.42212403
v 0.59645832 4.51431227 0.45595801
v 0.58961701 4.53742313 0.39101529
v 0.58949929 4.44600725 0.46514559
v 0.57742733 4.44769669 0.46281910
v 0.57753950 4.53481674 0.39217246
v 0.59604716 4.49218559 0.42867136
v 0.49865127 4.54506254 0.38734913
v 0.49906072 4.56710291 0.41453063
v -0.50273120 4.55322123 0.39582026
v -0.50232166 4.57526255 0.42300177
v 0.56735063 4.54230213 0.38744128
v -0.00205544 4.54777336 0.39107764
v 0.54921436 4.54109192 0.38753092
v 0.56778026 4.56543016 0.41596258
v 0.10923430 4.57049322 0.41927218
v 0.54966521 4.56535959 0.41745830
v 0.58904779 4.55462980 0.40541327
v 0.57683742 4.56336927 0.41827440
v 0.59582621 4.55951786 0.41816509
v 0.57639354 4.53948164 0.38881528
v 0.59543586 4.53851223 0.39226103
v -0.57145506 4.55158091 0.39707494
v -0.55334198 4.55007505 0.39685798
v -0.57102543 4.57470894 0.42559624
v -0.55289108 4.57434273 0.42678535
v -0.59264141 4.56425762 0.41540980
v -0.58007437 4.57279587 0.42806125
v -0.59912252 4.56925344 0.42827380
v -0.58051831 4.54890776 0.39860225
v -0.59951276 4.54824829 0.40236962
v 0.49851722 4.44098330 0.47174776
v 0.49892673 4.46302414 0.49892914
v -0.50286525 4.44914246 0.48021889
v -0.50245571 4.47118330 0.50740039
v 0.56722093 4.44153690 0.46915329
v -0.00218799 4.44484901 0.47453964
v 0.54908657 4.44190311 0.46796405
v 0.56765050 4.46466446 0.49767458
v 0.10910176 4.46756935 0.50273418
v 0.54953748 4.46617079 0.49789143
v 0.58892149 4.45654106 0.48495436
v 0.57671368 4.46733761 0.49614727
v 0.59570825 4.46799755 0.49237978
v 0.57626975 4.44344997 0.46668828
v 0.59531796 4.44699192 0.46647561
v -0.57158476 4.45081568 0.47878695
v -0.55346972 4.45088625 0.47729111
v -0.57115507 4.47394323 0.50730824
v -0.55301881 4.47515392 0.50721860
v -0.59276772 4.46616888 0.49495089
v -0.58019805 4.47676420 0.50593412
v -0.59924042 4.47773361 0.50248837
v -0.58064193 4.45287609 0.47647512
v -0.59963065 4.45672798 0.47658432
v -0.52757168 4.45626068 0.47172701
v 0.52318907 4.44770002 0.46283805
v -0.52745938 4.54348040 0.40099990
v 0.52330136 4.53491926 0.39211106
v -0.56522083 4.50031710 0.43685400
v 0.56095570 4.49114084 0.42732716
v -0.52710599 4.48132658 0.50263846
v 0.52365482 4.47276545 0.49374950
v -0.52699357 4.56854582 0.43191135
v 0.52376711 4.55998468 0.42302239
v -0.56476027 4.52510452 0.46742237
v 0.56141621 4.51592875 0.45789552
v -0.56667644 4.68124580 0.59463251
v 0.55360001 4.66450024 0.58860481
v -0.57104069 4.39699936 0.57318783
v 0.54923570 4.38025379 0.56716013
v -0.01070193 4.39356470 0.59373581
v -0.00654274 4.66445303 0.61417294
v -0.12657630 4.39825773 0.55511224
v -0.12241710 4.66914606 0.57554924
v 0.57897353 4.52311659 0.56246793
v 0.57913256 4.52029276 0.59986985
v -0.59654403 4.54068851 0.56879270
v -0.59638500 4.53786421 0.60619462
v -0.00650362 4.67520714 0.59156537
v -0.53760570 4.67843580 0.61646545
v -0.53776389 4.68124580 0.57925022
v -0.59152645 4.67533922 0.57991219
v -0.59137559 4.67266130 0.61537850
v 0.52469486 4.66255665 0.61074972
v 0.52453667 4.66536665 0.57353449
v 0.57810259 4.65785599 0.57361901
v 0.57825339 4.65517759 0.60908532
v -0.01093906 4.38632679 0.56977093
v -0.54194820 4.39561415 0.59512806
v -0.54210639 4.39842415 0.55791283
v -0.59566486 4.40580320 0.55957723
v -0.59551406 4.40312529 0.59504354
v 0.52035242 4.37973499 0.58941233
v 0.52019423 4.38254499 0.55219722
v 0.57396418 4.38831997 0.55328405
v 0.57411498 4.38564157 0.58875036
v -0.00862097 4.52898455 0.60427427
v 0.54674667 4.39225006 0.59116769
v -0.56793606 4.40891266 0.59716523
v 0.55069065 4.64911985 0.61054695
v -0.56399220 4.66578197 0.61654449
v -0.12638451 4.53375435 0.56502092
v 0.54658067 4.39519882 0.55211806
v -0.56810212 4.41186094 0.55811560
v 0.55052459 4.65206814 0.57149744
v -0.56415814 4.66873074 0.57749486
v 0.58861995 4.52183771 0.57745421
v -0.60606265 4.53969622 0.58388209
v -0.53116935 4.68245649 0.59479177
v -0.55593282 4.67971039 0.61545420
v -0.55608100 4.68234253 0.58059621
v -0.58253068 4.67977333 0.58133841
v -0.58238941 4.67726469 0.61455834
v 0.51814884 4.66677189 0.58914590
v 0.54303986 4.66328287 0.60954118
v 0.54289168 4.66591501 0.57468319
v 0.56925923 4.66255665 0.57514119
v 0.56940043 4.66004801 0.60836112
v -0.53558761 4.39469481 0.57308185
v -0.56030321 4.39506578 0.59397936
v -0.56045139 4.39769793 0.55912137
v -0.58681190 4.40093279 0.56030142
v -0.58667070 4.39842415 0.59352136
v 0.51373053 4.37901020 0.56743598
v 0.53866947 4.37863827 0.58806634
v 0.53852129 4.38127041 0.55320835
v 0.56497788 4.38371611 0.55410421
v 0.56511915 4.38120747 0.58732414
v -0.50826973 4.39721918 0.59575212
v 0.48674566 4.38234615 0.59039843
v -0.01056918 4.40212488 0.59462583
v 0.51137763 4.38833475 0.59114885
v -0.53270215 4.40394163 0.59676647
v -0.50399357 4.67572784 0.61676395
v 0.49102187 4.66085434 0.61141038
v -0.00667343 4.65585518 0.61376834
v 0.51545775 4.65407181 0.61119723
v -0.52862197 4.66967869 0.61681497
v -0.50843346 4.40012646 0.55725217
v 0.48658195 4.38525295 0.55189860
v -0.12787670 4.40687656 0.55552447
v 0.51121050 4.39130259 0.55184758
v -0.53286928 4.40690947 0.55746520
v -0.50415719 4.67863464 0.57826412
v 0.49085820 4.66376162 0.57291043
v -0.12398095 4.66060686 0.57466698
v 0.51529062 4.65703917 0.57189608
v -0.52878910 4.67264605 0.57751369
v 0.58173734 4.64930964 0.57234251
v 0.57786107 4.39684582 0.55329561
v 0.56594700 4.40302372 0.55292606
v 0.56964117 4.64362335 0.57107794
v 0.58624810 4.52291870 0.56361330
v 0.58189327 4.64653873 0.60903323
v 0.57801700 4.39407539 0.58998632
v 0.56611049 4.40012026 0.59138012
v 0.56980473 4.64071989 0.60953200
v 0.58639699 4.52027321 0.59864616
v -0.59542847 4.66690588 0.57867622
v -0.59930474 4.41444206 0.55962932
v -0.58721614 4.42026138 0.55913055
v -0.58352202 4.66086102 0.57728243
v -0.60380846 4.54070759 0.57001638
v -0.59527248 4.66413498 0.61536694
v -0.59914875 4.41167164 0.59632003
v -0.58705264 4.41735744 0.59758461
v -0.58335847 4.65795708 0.61573648
v -0.60365957 4.53806210 0.60504925
v -0.50449908 4.68033552 0.61530256
v -0.50464737 4.68297005 0.58040500
v 0.49164909 4.66544485 0.60994291
v 0.49150071 4.66807985 0.57504523
v -0.57291788 4.67671728 0.61618531
v -0.00644412 4.67120075 0.61375475
v -0.55491763 4.67420149 0.61682677
v -0.57307363 4.67948198 0.57956743
v -0.11687452 4.67567348 0.57694566
v -0.55508101 4.67710352 0.57840347
v -0.59439754 4.67499447 0.59410799
v -0.58218235 4.67312479 0.57852077
v -0.60118729 4.66700602 0.58043456
v -0.58202153 4.67026901 0.61634254
v -0.60104591 4.66449451 0.61369240
v 0.55993485 4.65978336 0.61009002
v 0.54187542 4.65780687 0.61092544
v 0.55977911 4.66254854 0.57347214
v 0.54171205 4.66070795 0.57250237
v 0.58111459 4.65742302 0.58778310
v 0.56868201 4.65592194 0.57232857
v 0.58751512 4.64923763 0.57403886
v 0.56884283 4.65306568 0.61015046
v 0.58765650 4.64672613 0.60729659
v -0.50891221 4.39290094 0.59361732
v -0.50906056 4.39553595 0.55871964
v 0.48723581 4.37801075 0.58825755
v 0.48708746 4.38064575 0.55335999
v -0.57719058 4.39843273 0.59519041
v -0.01080838 4.38695621 0.59231007
v -0.55912352 4.40027285 0.59616029
v -0.57734632 4.40119743 0.55857253
v -0.12123877 4.39142847 0.55550110
v -0.55928689 4.40317392 0.55773711
v -0.59855682 4.40410233 0.57367074
v -0.58625430 4.40791512 0.55851209
v -0.60506803 4.41425467 0.56136596
v -0.58609349 4.40505934 0.59633398
v -0.60492659 4.41174364 0.59462380
v 0.55566216 4.38149881 0.58909512
v 0.53766948 4.38387775 0.59025908
v 0.55550635 4.38426352 0.55247724
v 0.53750616 4.38677931 0.55183578
v 0.57695538 4.38653088 0.56734598
v 0.56461006 4.39071178 0.55232000
v 0.58363432 4.39648628 0.55497015
v 0.56477088 4.38785601 0.59014177
v 0.58377576 4.39397478 0.58822799
v 0.51216358 4.40074301 0.59227622
v -0.53310466 4.41636753 0.59790027
v 0.51586193 4.64161634 0.61044872
v -0.52940637 4.65724087 0.61607277
v 0.55152243 4.52063560 0.60094047
v -0.56876713 4.53738213 0.60696816
v 0.51199490 4.40373993 0.55258977
v -0.53327340 4.41936445 0.55821383
v 0.51569325 4.64461327 0.57076228
v -0.52957505 4.66023779 0.57638633
v 0.55135560 4.52359915 0.56169450
v -0.56893396 4.54034519 0.56772208
v 0.57041174 4.65518093 0.74768102
v -0.52579445 4.64143085 0.75459290
v 0.56668693 4.95737123 0.75807607
v -0.52951920 4.94362164 0.76498783
v 0.01882710 4.94260263 0.78439754
v 0.02237687 4.65461302 0.77449107
v 0.13178356 4.94537306 0.74434936
v 0.13533334 4.65738344 0.73444283
v -0.55478698 4.79271221 0.74466056
v -0.55453444 4.79142618 0.78214639
v 0.59547335 4.80713987 0.73740792
v 0.59572595 4.80585384 0.77489376
v 0.02233755 4.64585018 0.75082356
v 0.54218626 4.65482378 0.76997793
v 0.54193497 4.65610313 0.73267931
v 0.59436494 4.66379452 0.73346752
v 0.59460431 4.66257477 0.76901340
v -0.49728981 4.64178514 0.77653211
v -0.49754107 4.64306545 0.73923343
v -0.55013335 4.64943933 0.74068379
v -0.54989398 4.64821959 0.77622968
v 0.01855201 4.95296764 0.76138806
v 0.53848004 4.95550060 0.78032088
v 0.53822875 4.95678091 0.74302220
v 0.59083289 4.95034647 0.74332458
v 0.59107232 4.94912672 0.77887046
v -0.50099593 4.94246292 0.78687495
v -0.50124723 4.94374228 0.74957633
v -0.55366540 4.93599129 0.75054085
v -0.55342597 4.93477154 0.78608674
v 0.02060413 4.79859686 0.77976495
v -0.52644807 4.92831421 0.78748125
v 0.56428456 4.94199514 0.78060406
v -0.52308196 4.65522814 0.77808750
v 0.56765062 4.66890860 0.77121019
v 0.13540222 4.80141211 0.73906386
v -0.52671170 4.92965698 0.74834406
v 0.56402093 4.94333792 0.74146682
v -0.52334559 4.65657091 0.73895025
v 0.56738698 4.67025185 0.73207301
v -0.56406206 4.79207754 0.75979120
v 0.60495156 4.80674028 0.75242037
v 0.53571951 4.65286875 0.74805373
v 0.56013221 4.65412045 0.76865023
v 0.55989695 4.65531921 0.73371404
v 0.58570564 4.65870047 0.73447818
v 0.58592987 4.65755796 0.76777261
v -0.49105301 4.63999033 0.75452769
v -0.51522797 4.64063215 0.77543062
v -0.51546323 4.64183092 0.74049443
v -0.54133689 4.64456415 0.74158436
v -0.54111266 4.64342117 0.77487886
v 0.53194863 4.95879698 0.75857735
v 0.55640227 4.95673466 0.77905989
v 0.55616695 4.95793390 0.74412364
v 0.58205163 4.95514488 0.74467546
v 0.58227587 4.95400190 0.77796996
v -0.49482390 4.94591856 0.76505131
v -0.51895791 4.94324636 0.78584021
v -0.51919323 4.94444561 0.75090402
v -0.54499090 4.94100809 0.75178170
v -0.54476666 4.93986559 0.78507614
v 0.50559282 4.95277262 0.78109336
v -0.46804357 4.94056034 0.78723234
v 0.01894115 4.93347406 0.78432703
v -0.49196225 4.93345642 0.78755176
v 0.52968431 4.94627094 0.78111011
v 0.50924248 4.65668154 0.77090818
v -0.46439397 4.64446974 0.77704716
v 0.02226608 4.66372538 0.77504802
v -0.48848006 4.65094328 0.77783364
v 0.53316653 4.66375780 0.77139199
v 0.50533301 4.95409632 0.74250716
v -0.46830347 4.94188404 0.74864614
v 0.13329470 4.93627787 0.74378359
v -0.49222752 4.93480825 0.74816233
v 0.52941900 4.94762278 0.74172068
v 0.50898260 4.65800571 0.73232198
v -0.46465385 4.64579344 0.73846090
v 0.13661961 4.66652966 0.73450458
v -0.48874530 4.65229511 0.73844421
v 0.53290129 4.66510963 0.73200250
v -0.55393678 4.65848875 0.74040568
v -0.55724514 4.92689085 0.74963838
v -0.54542983 4.92076206 0.74846375
v -0.54227704 4.66497278 0.73966491
v -0.56189227 4.79258251 0.74589252
v -0.55368912 4.65722752 0.77717865
v -0.55699742 4.92562914 0.78641140
v -0.54517025 4.91943979 0.78700405
v -0.54201746 4.66365051 0.77820528
v -0.56165570 4.79137754 0.78100407
v 0.59793645 4.67293692 0.73314291
v 0.59462810 4.94133854 0.74237567
v 0.58295643 4.93491554 0.74134904
v 0.58610916 4.67912626 0.73255020
v 0.60259473 4.80718851 0.73855025
v 0.59818411 4.67167473 0.76991588
v 0.59487575 4.94007730 0.77914858
v 0.58321601 4.93359280 0.77988935
v 0.58636886 4.67780352 0.77109057
v 0.60283124 4.80598354 0.77366173
v 0.50984299 4.65200615 0.76893634
v 0.50960737 4.65320635 0.73396039
v -0.46490178 4.63977957 0.77508229
v -0.46513739 4.64097977 0.74010634
v 0.57667255 4.65767860 0.76954401
v 0.02245816 4.64754486 0.77332282
v 0.55900759 4.65974188 0.77063948
v 0.57642537 4.65893793 0.73284394
v 0.13010773 4.65018511 0.73515618
v 0.55874819 4.66106272 0.73213017
v 0.59734762 4.66262388 0.74758518
v 0.58514792 4.66601944 0.73242414
v 0.60359418 4.67279577 0.73482239
v 0.58540326 4.66471863 0.77033079
v 0.60381871 4.67165184 0.76815474
v -0.53183973 4.64377451 0.77653337
v -0.51421958 4.64627981 0.77740639
v -0.53208691 4.64503431 0.73983330
v -0.51447898 4.64760160 0.73889709
v -0.55290747 4.64819670 0.75483769
v -0.54098886 4.65189457 0.73952460
v -0.55956769 4.65820646 0.74215633
v -0.54073358 4.65059328 0.77743131
v -0.55934310 4.65706253 0.77548867
v 0.50607634 4.95758629 0.77944797
v 0.50584072 4.95878601 0.74447197
v -0.46866834 4.94535971 0.78559393
v -0.46890393 4.94655991 0.75061798
v 0.57302582 4.95353174 0.77972096
v 0.01873336 4.94973469 0.78371775
v 0.55541801 4.95096445 0.78065723
v 0.57277870 4.95479155 0.74302089
v 0.12638292 4.95237398 0.74555117
v 0.55515856 4.95228577 0.74214786
v 0.59379774 4.95061779 0.75749171
v 0.58167249 4.94797277 0.74212295
v 0.60028207 4.94150352 0.74406558
v 0.58192784 4.94667149 0.78002965
v 0.60050660 4.94035959 0.77739793
v -0.53548646 4.93962812 0.78671038
v -0.51780915 4.93750334 0.78742409
v -0.53573358 4.94088745 0.75001025
v -0.51806861 4.93882418 0.74891484
v -0.55645734 4.93619013 0.76474434
v -0.54446435 4.93384743 0.74922353
v -0.56287974 4.92691422 0.75139952
v -0.54420894 4.93254662 0.78713012
v -0.56265521 4.92577028 0.78473186
v -0.49237946 4.92022610 0.78729385
v 0.53042996 4.93305492 0.78084481
v -0.48922303 4.66414595 0.77848500
v 0.53358638 4.67697477 0.77203596
v -0.52750742 4.79173326 0.78290015
v 0.56871146 4.80548334 0.77598822
v -0.49264738 4.92159081 0.74751836
v 0.53016210 4.93442011 0.74106932
v -0.48949099 4.66551065 0.73870951
v 0.53331840 4.67833996 0.73226047
v -0.52777249 4.79308271 0.74356604
v 0.56844646 4.80683279 0.73665416
v -0.15789124 6.25957632 3.79460478
v -0.14817333 5.21386099 3.64465904
v 0.05340808 6.26541138 3.76760578
v 0.06312599 5.21969604 3.61766005
v 0.05029091 5.74566746 3.67040205
v -0.15107885 5.74010658 3.69613242
v 0.05441269 5.84814072 3.72480679
v -0.14695708 5.84257984 3.75053716
v -0.04029036 5.18884468 3.64260054
v -0.04517499 5.19411707 3.60551214
v -0.05048747 6.28612375 3.79994011
v -0.05537210 6.29139662 3.76285148
v -0.15472499 5.73663902 3.72007823
v -0.15998928 6.23563957 3.76879907
v -0.15512906 6.23039293 3.80570245
v -0.15077046 6.28074503 3.81138730
v -0.15540233 6.28574514 3.77621794
v -0.15077429 5.24404192 3.62661338
v -0.14591406 5.23879528 3.66351652
v -0.14062445 5.18896246 3.65483570
v -0.14525628 5.19396257 3.61966658
v 0.06001931 5.74256945 3.69263911
v 0.05025160 6.24144554 3.74193549
v 0.05511183 6.23619890 3.77883887
v 0.04959382 6.28627825 3.78578568
v 0.04496199 6.29127836 3.75061631
v 0.05946660 5.24984789 3.59974980
v 0.06432683 5.24460125 3.63665318
v 0.05973985 5.19449568 3.62923431
v 0.05510801 5.19949579 3.59406471
v -0.05043576 5.74293184 3.68295002
v 0.04992786 5.22526264 3.59656715
v 0.04025848 6.26575613 3.74576426
v -0.14102075 5.21998978 3.62096572
v -0.15069014 6.26048326 3.77016258
v -0.04624678 5.84707642 3.73824167
v 0.05502768 5.21975756 3.63528967
v 0.04535828 6.26025105 3.78448653
v -0.13592093 5.21448517 3.65968823
v -0.14559032 6.25497818 3.80888510
v -0.04217115 5.18201923 3.62640619
v -0.05253451 6.29718828 3.78631067
v -0.15891862 6.22645283 3.78980708
v -0.16067180 6.25257063 3.77250862
v -0.15611941 6.24765635 3.80707455
v -0.15429822 6.27248240 3.80952120
v -0.15863669 6.27716589 3.77657962
v -0.14981623 5.24697351 3.64935899
v -0.15113868 5.22674131 3.62541437
v -0.14658630 5.22182751 3.65998030
v -0.14430694 5.19735146 3.65535784
v -0.14864542 5.20203495 3.62241626
v 0.05499414 6.23236036 3.76247430
v 0.05092384 6.25841331 3.74547195
v 0.05547623 6.25349951 3.78003764
v 0.05298294 6.27820635 3.78303599
v 0.04864448 6.28288937 3.75009418
v 0.06409652 5.25288057 3.62202597
v 0.06045695 5.23258448 3.59837770
v 0.06500934 5.22767019 3.63294363
v 0.06297423 5.20307541 3.62887239
v 0.05863576 5.20775890 3.59593081
v 0.04885625 6.21008825 3.73700047
v 0.05748758 5.28129768 3.60382080
v 0.04388184 5.74552536 3.67097664
v 0.05290110 5.25832367 3.60074615
v 0.04384417 6.23291302 3.74049306
v -0.15817805 6.20437098 3.76345420
v -0.14954674 5.27557993 3.63027430
v -0.14473318 5.74031687 3.69507694
v -0.14463931 5.25286865 3.62598705
v -0.15369624 6.22745800 3.76573396
v 0.05388427 6.20466089 3.77517796
v 0.06251559 5.27587032 3.64199781
v 0.04805459 5.84926653 3.72605395
v 0.05803378 5.25278282 3.63971806
v 0.04897685 6.22737265 3.77946520
v -0.15315004 6.19894314 3.80163145
v -0.14451870 5.27015257 3.66845179
v -0.14056043 5.84405804 3.75015426
v -0.13950662 5.24732780 3.66495943
v -0.14856355 6.22191715 3.80470610
v -0.13416636 5.18553400 3.65412807
v 0.05350704 5.19071674 3.63014793
v 0.04910843 5.20167303 3.63319159
v -0.12974568 5.19673395 3.65604496
v -0.04038200 5.18222570 3.64045286
v -0.13895810 5.19070673 3.61774445
v 0.04871531 5.19588900 3.59376431
v 0.04408640 5.20709372 3.59505987
v -0.13476771 5.20215511 3.61791277
v -0.04495724 5.18716431 3.60571384
v -0.14437777 6.28435230 3.81168771
v 0.04329564 6.28953409 3.78770757
v 0.03910525 6.27808571 3.78753924
v -0.13974886 6.27314711 3.81039214
v -0.05070522 6.29307652 3.79973841
v -0.14916950 6.28952408 3.77530456
v 0.03850390 6.29470682 3.75132442
v 0.03408321 6.28350735 3.74940705
v -0.14477089 6.27856779 3.77226043
v -0.05528046 6.29801512 3.76499939
v -0.16126527 6.20455456 3.76573992
v -0.15670767 6.19963455 3.80034518
v -0.15262410 5.27470636 3.63240862
v -0.14806654 5.26978636 3.66701388
v -0.15856981 6.26857233 3.77360153
v -0.15592277 5.73983955 3.69768071
v -0.15691252 6.25191450 3.77008629
v -0.15378758 6.26341009 3.80991244
v -0.15199466 5.83749866 3.74952960
v -0.15189452 6.24649763 3.80818748
v -0.15314510 6.28546906 3.79783487
v -0.14892744 6.27186584 3.81109381
v -0.14475879 6.28997564 3.81077147
v -0.15386689 6.27719784 3.77358890
v -0.14910218 6.29466391 3.77779222
v -0.14874282 5.21111822 3.62197256
v -0.14739831 5.22812033 3.62328386
v -0.14396060 5.20595551 3.65828347
v -0.14238031 5.22270346 3.66138506
v -0.14294803 5.18819475 3.64049625
v -0.13894416 5.19759846 3.65705419
v -0.13444729 5.18038845 3.65166759
v -0.14388363 5.20293093 3.61954927
v -0.13879070 5.18507719 3.61868811
v 0.05240407 6.21045446 3.73843837
v 0.05696164 6.20553493 3.77304363
v 0.06104522 5.28060627 3.60510683
v 0.06560279 5.27568674 3.63971233
v 0.04829812 6.27428532 3.74716854
v 0.05537563 5.74567461 3.67068219
v 0.04671786 6.25753736 3.74406695
v 0.05308034 6.26912260 3.78347969
v 0.05930374 5.84333372 3.72253084
v 0.05173585 6.25212049 3.78216839
v 0.04822703 6.29102993 3.77210450
v 0.04822117 6.27730989 3.78590298
v 0.04312824 6.29516363 3.78676414
v 0.04328171 6.28264236 3.74839807
v 0.03878483 6.29985237 3.75378489
v 0.05812513 5.21683073 3.59553957
v 0.05623206 5.23374319 3.59726477
v 0.06290735 5.21166849 3.63185072
v 0.06125005 5.22832632 3.63536596
v 0.05842409 5.19375610 3.61476564
v 0.05820443 5.20304298 3.63186312
v 0.05343972 5.18557739 3.62766004
v 0.05326497 5.20837545 3.59435844
v 0.04909632 5.19026566 3.59468079
v 0.04363975 5.25754070 3.60165644
v 0.03457249 6.23323965 3.74156237
v -0.13541791 5.25259590 3.62453580
v -0.14448518 6.22829533 3.76444173
v -0.04553495 5.22002316 3.60829401
v -0.05525298 6.26575041 3.75824094
v 0.04882271 5.25194597 3.64101052
v 0.03975546 6.22764492 3.78091645
v -0.13023494 5.24700117 3.66388988
v -0.13930219 6.22270012 3.80379558
v -0.04040948 5.21449041 3.64721107
v -0.05012751 6.26021767 3.79715848
v 0.11137354 6.38340950 3.82819176
v 0.09730870 5.21089935 3.63946795
v 0.31755152 6.38768435 3.78626275
v 0.30348670 5.21517420 3.59753942
v 0.30105159 5.80498362 3.67052579
v 0.10456254 5.80090904 3.71048427
v 0.31037298 5.91986609 3.72807670
v 0.11388391 5.91579151 3.76803517
v 0.20311168 5.18170881 3.62865448
v 0.19561277 5.18763685 3.59238434
v 0.21787006 6.41203547 3.82668447
v 0.21037115 6.41796350 3.79041409
v 0.10270616 5.79708290 3.73439288
v 0.10710658 6.35657406 3.80182767
v 0.11456805 6.35067558 3.83791685
v 0.11988509 6.40708017 3.84512925
v 0.11277423 6.41270161 3.81073618
v 0.09376962 5.24474287 3.62287045
v 0.10123110 5.23884439 3.65895963
v 0.10520063 5.18291712 3.64809132
v 0.09808976 5.18853807 3.61369848
v 0.31224555 5.80142832 3.69178033
v 0.31225178 6.36082792 3.76010919
v 0.31971321 6.35492945 3.79619813
v 0.31539306 6.41113424 3.80537033
v 0.30828220 6.41675568 3.77097726
v 0.29891479 5.24899673 3.58115196
v 0.30637625 5.24309826 3.61724091
v 0.30070862 5.18697071 3.60833263
v 0.29359776 5.19259214 3.57393932
v 0.20274292 5.80299664 3.69019485
v 0.28898969 5.22153473 3.57776451
v 0.30298433 6.38819027 3.76554608
v 0.10266922 5.21767092 3.61565495
v 0.11666384 6.38432646 3.80343652
v 0.21221627 5.91975212 3.74868417
v 0.29681903 5.21534586 3.61563206
v 0.31081361 6.38200140 3.80341387
v 0.11049850 5.21148205 3.65352273
v 0.12449313 6.37813807 3.84130430
v 0.19997635 5.17406273 3.61245751
v 0.21497536 6.42444801 3.81371570
v 0.10960946 6.34628391 3.82226300
v 0.10691213 6.37556458 3.80619407
v 0.11390100 6.37003946 3.83999729
v 0.11617331 6.39785290 3.84322405
v 0.10951285 6.40311813 3.81100893
v 0.09643548 5.24804020 3.64549303
v 0.09311475 5.22535133 3.62105894
v 0.10010362 5.21982670 3.65486240
v 0.10171281 5.19235992 3.64919114
v 0.09505236 5.19762516 3.61697674
v 0.31833750 6.35061216 3.77981567
v 0.31337920 6.37984562 3.76420641
v 0.32036808 6.37432098 3.79800963
v 0.31843045 6.40204763 3.80209208
v 0.31177005 6.40731239 3.76987743
v 0.30516350 5.25236893 3.60304546
v 0.29958186 5.22963333 3.57907152
v 0.30657071 5.22410822 3.61287475
v 0.30396998 5.19655466 3.60805964
v 0.29730952 5.20181942 3.57584476
v 0.31013614 6.32568645 3.75413656
v 0.29764393 5.28427744 3.58651447
v 0.29478014 5.80489349 3.67155600
v 0.29262373 5.25856876 3.58293533
v 0.30573189 6.35132980 3.75882268
v 0.10811984 6.32149696 3.79521942
v 0.09562762 5.28008842 3.62759709
v 0.11073668 5.80107641 3.70898342
v 0.09987118 5.25457191 3.62213373
v 0.11297940 6.34733248 3.79802132
v 0.31785521 6.31958389 3.79147172
v 0.30536297 5.27817583 3.62384939
v 0.30421680 5.92119598 3.72981882
v 0.30050343 5.25233984 3.62104750
v 0.31361163 6.34510088 3.79693484
v 0.11583891 6.31539488 3.83255410
v 0.10334668 5.27398634 3.66493225
v 0.12017336 5.91737986 3.76724625
v 0.10775091 5.24834299 3.66024590
v 0.12085912 6.34110355 3.83613348
v 0.11146770 5.17900419 3.64679122
v 0.29459235 5.18280172 3.60955048
v 0.29061705 5.19513369 3.61330223
v 0.11609793 5.19151449 3.64879274
v 0.20278293 5.17428827 3.62628126
v 0.10411139 5.18481922 3.61121082
v 0.28723606 5.18861675 3.57397008
v 0.28290716 5.20122814 3.57601190
v 0.10838807 5.19760895 3.61150265
v 0.19575898 5.17984056 3.59230852
v 0.12624677 6.41105604 3.84509873
v 0.30937147 6.41485310 3.80785799
v 0.30509481 6.40206337 3.80756617
v 0.13057566 6.39844418 3.84305692
v 0.21772385 6.41983175 3.82676029
v 0.11889047 6.41687107 3.80951834
v 0.30201510 6.42066813 3.77227759
v 0.29738492 6.40815830 3.77027583
v 0.12286580 6.40453911 3.80576634
v 0.21069990 6.42538452 3.79278731
v 0.10525098 6.32173729 3.79771948
v 0.11224779 6.31620598 3.83156109
v 0.09274453 5.27914286 3.62990665
v 0.09974134 5.27361202 3.66374826
v 0.10925494 6.39348173 3.80772519
v 0.09990339 5.80066252 3.71236324
v 0.11042716 6.37478638 3.80349159
v 0.11659667 6.38767767 3.84323549
v 0.10878683 5.91014719 3.76721025
v 0.11813083 6.36869717 3.84075189
v 0.11659755 6.41238832 3.83202338
v 0.12157231 6.39710617 3.84437180
v 0.12587084 6.41736317 3.84442687
v 0.11398920 6.40310097 3.80769420
v 0.11920281 6.42263412 3.81217527
v 0.09503220 5.20780849 3.61688304
v 0.09665713 5.22685528 3.61872363
v 0.10237391 5.20200491 3.65239286
v 0.10436080 5.22076559 3.65598416
v 0.10183924 5.18206692 3.63399458
v 0.10712343 5.19258213 3.65049505
v 0.11094691 5.17323685 3.64417624
v 0.09954032 5.19857645 3.61381793
v 0.10427889 5.17850780 3.61192489
v 0.31374151 6.32606030 3.75532031
v 0.32073832 6.32052946 3.78916216
v 0.30123505 5.28346682 3.58750772
v 0.30823189 5.27793550 3.62134933
v 0.31110892 6.39766741 3.76667571
v 0.30608043 5.80493784 3.67043495
v 0.30912206 6.37890673 3.76308465
v 0.31845066 6.39186382 3.80218577
v 0.31496388 5.91442251 3.72528195
v 0.31682572 6.37281752 3.80034518
v 0.31308889 6.41646290 3.79206467
v 0.31394249 6.40109587 3.80525088
v 0.30920395 6.42116451 3.80714393
v 0.30635941 6.40709019 3.76857352
v 0.30253592 6.42643595 3.77489257
v 0.29688618 5.21199465 3.57583332
v 0.29535201 5.23097563 3.57831669
v 0.30422789 5.20619059 3.61134338
v 0.30305570 5.22488594 3.61557722
v 0.29833061 5.18614149 3.59403563
v 0.29949361 5.19657135 3.61137438
v 0.29428002 5.17703819 3.60689306
v 0.29191053 5.20256615 3.57469702
v 0.28761199 5.18230915 3.57464170
v 0.28356022 5.25779057 3.58448219
v 0.29668337 6.35179472 3.76057005
v 0.10884249 5.25416756 3.62001324
v 0.12196562 6.34817171 3.79610109
v 0.19577457 5.21668434 3.59614229
v 0.20983958 6.38920832 3.78486824
v 0.29151723 5.25150061 3.62296772
v 0.30464035 6.34550476 3.79905558
v 0.11679944 5.24787760 3.65849876
v 0.12992258 6.34188175 3.83458638
v 0.20364323 5.21046400 3.63420057
v 0.21770826 6.38298798 3.82292652
v -0.53869265 5.25181866 3.69441605
v -0.34406999 6.27986860 3.77503490
v -0.76867104 5.29452896 3.70496321
v -0.57404834 6.32257891 3.78558207
v -0.66665232 5.80948830 3.72199273
v -0.44748133 5.76878500 3.71194124
v -0.68556869 5.70000792 3.75286794
v -0.46639761 5.65930462 3.74281645
v -0.45379972 6.32528782 3.79754496
v -0.45492923 6.32843113 3.76018524
v -0.65801919 5.24654388 3.71295071
v -0.65914881 5.24968719 3.67559099
v -0.43949965 5.76547623 3.73486733
v -0.53489834 5.28037930 3.67451096
v -0.53377438 5.27725172 3.71168423
v -0.54849863 5.22907686 3.70719504
v -0.54956973 5.23205805 3.67176914
v -0.35034764 6.25522661 3.75095773
v -0.34922376 6.25209904 3.78813100
v -0.34530205 6.30241680 3.79136586
v -0.34637317 6.30539751 3.75593948
v -0.67322755 5.80888319 3.74558663
v -0.76372474 5.32287598 3.68500519
v -0.76260084 5.31974840 3.72217822
v -0.76657534 5.26957750 3.71719646
v -0.76764643 5.27255821 3.68177032
v -0.57917410 6.29772329 3.76145172
v -0.57805014 6.29459572 3.79862499
v -0.56337875 6.34291697 3.80136704
v -0.56444985 6.34589815 3.76594090
v -0.55707657 5.78916359 3.71664739
v -0.56415278 6.31988573 3.76193905
v -0.75780368 5.29696846 3.68172264
v -0.35632414 6.28128862 3.75240755
v -0.54997498 5.25837183 3.67219138
v -0.57630122 5.67789793 3.74802613
v -0.56297344 6.31660318 3.80094457
v -0.75662434 5.29368639 3.72072840
v -0.35514480 6.27800655 3.79141331
v -0.54879576 5.25508928 3.71119690
v -0.45258909 6.33534527 3.78321385
v -0.66013807 5.23901415 3.69724035
v -0.53111327 5.28413105 3.69668674
v -0.53731096 5.26331711 3.67433500
v -0.53625822 5.26038694 3.70915318
v -0.54321885 5.23665762 3.70654249
v -0.54422206 5.23944998 3.67336035
v -0.34881803 6.24706459 3.77219939
v -0.34638938 6.27181721 3.75342059
v -0.34533659 6.26888752 3.78823948
v -0.34312138 6.29362679 3.78942919
v -0.34412467 6.29641914 3.75624681
v -0.76393616 5.32736969 3.70736408
v -0.76761186 5.30608749 3.68489695
v -0.76655906 5.30315781 3.71971536
v -0.76882380 5.27855587 3.71688914
v -0.76982707 5.28134823 3.68370676
v -0.58164084 6.29030323 3.78287673
v -0.57669026 6.31458807 3.76398277
v -0.57563752 6.31165791 3.79880118
v -0.56872642 6.33552504 3.79977584
v -0.56972963 6.33831739 3.76659346
v -0.75615448 5.35347891 3.68670464
v -0.58329308 6.26658010 3.75830936
v -0.65971857 5.80821991 3.72143197
v -0.57387668 6.28816700 3.75943732
v -0.75526190 5.33004045 3.68430185
v -0.53081810 5.31163073 3.67637038
v -0.35795674 6.22473145 3.74797487
v -0.45442984 5.77009487 3.71201706
v -0.35887352 6.24823761 3.74957705
v -0.54025877 5.29011154 3.67444181
v -0.75499177 5.35024357 3.72516108
v -0.58213037 6.26334429 3.79676557
v -0.67886883 5.69738531 3.75268888
v -0.57268971 6.28486347 3.79869437
v -0.75407499 5.32673740 3.72355890
v -0.52965540 5.30839443 3.71482682
v -0.35679400 6.22149611 3.78643131
v -0.47358006 5.65925980 3.74327421
v -0.35768661 6.24493456 3.78883410
v -0.53907180 5.28680801 3.71369863
v -0.35153529 6.30710602 3.79256535
v -0.55579919 6.34504128 3.80193305
v -0.55305803 6.33306217 3.80172992
v -0.35839310 6.29691029 3.79280257
v -0.45257255 6.33205795 3.79688501
v -0.35264337 6.31019020 3.75591588
v -0.55690736 6.34812498 3.76528382
v -0.55421942 6.33629417 3.76331949
v -0.35955441 6.30014181 3.75439191
v -0.45363060 6.33500242 3.76189160
v -0.55604112 5.22685003 3.70785213
v -0.76030505 5.26478481 3.71722007
v -0.75339401 5.27483320 3.71874452
v -0.55872905 5.23868084 3.70981669
v -0.65931791 5.23997211 3.71124434
v -0.55714929 5.22993374 3.67120314
v -0.76141322 5.26786900 3.68057060
v -0.75455540 5.27806473 3.68033361
v -0.55989045 5.24191284 3.67140627
v -0.66037589 5.24291706 3.67625093
v -0.52725130 5.31028891 3.67796278
v -0.52619743 5.30735540 3.71282125
v -0.35419318 6.22442961 3.74964929
v -0.35313922 6.22149611 3.78450751
v -0.54285330 5.24832296 3.67235470
v -0.44205031 5.76770401 3.71261430
v -0.54151011 5.26527166 3.67283154
v -0.54174739 5.24524546 3.70893145
v -0.46007788 5.66336727 3.74203897
v -0.54034972 5.26204252 3.71121120
v -0.54888791 5.22746325 3.69284558
v -0.54858309 5.23791265 3.70912695
v -0.55697882 5.22167921 3.70571733
v -0.54972535 5.24109221 3.67134809
v -0.55798328 5.22447443 3.67249727
v -0.34604579 6.28791428 3.75387859
v -0.35096726 6.27177191 3.75176072
v -0.34493986 6.28483677 3.79045534
v -0.34980682 6.26854229 3.79014039
v -0.34466925 6.30620146 3.77743936
v -0.34864646 6.29403305 3.79194736
v -0.35046878 6.31252193 3.79126024
v -0.34978870 6.29721165 3.75416803
v -0.35147318 6.31531715 3.75803995
v -0.75980926 5.35347891 3.68862844
v -0.75875527 5.35054541 3.72348666
v -0.58675104 6.26761913 3.76031494
v -0.58569717 6.26468611 3.79517293
v -0.76800859 5.29013824 3.68268061
v -0.67202771 5.81041479 3.72316146
v -0.76314163 5.30643272 3.68299580
v -0.76690274 5.28706074 3.71925735
v -0.69005525 5.70607758 3.75258589
v -0.76198125 5.30320311 3.72137547
v -0.76806152 5.26816750 3.70289731
v -0.76315981 5.27776337 3.71896791
v -0.76147527 5.25965786 3.71509600
v -0.76430207 5.28094196 3.68118858
v -0.76247972 5.26245308 3.68187571
v -0.57120109 6.32972956 3.76420474
v -0.57259870 6.31293249 3.76192474
v -0.57009518 6.32665205 3.80078149
v -0.57143837 6.30970335 3.80030441
v -0.56384283 6.34690571 3.78749108
v -0.56322312 6.33388281 3.80178833
v -0.55496520 6.35050058 3.80063891
v -0.56436539 6.33706236 3.76400900
v -0.55596966 6.35329580 3.76741886
v -0.56372088 6.28686047 3.75882649
v -0.74531269 5.32764387 3.68360543
v -0.36883444 6.25066710 3.74988890
v -0.55042601 5.29145002 3.67466784
v -0.45975441 6.30316782 3.75727701
v -0.65437931 5.27510548 3.67665720
v -0.56252241 6.28352499 3.79846811
v -0.74411410 5.32430792 3.72324729
v -0.36763582 6.24733114 3.78953052
v -0.54922760 5.28811455 3.71430945
v -0.45856917 6.29986954 3.79647875
v -0.65319407 5.27180719 3.71585917
v -0.37709755 6.41100931 3.79647517
v -0.44527188 5.31456470 3.72386432
v -0.14875394 6.39769793 3.78308940
v -0.21692823 5.30125332 3.71047854
v -0.18946315 5.85139179 3.72406459
v -0.40707627 5.86407804 3.73682117
v -0.18028264 5.96190834 3.77076936
v -0.39789575 5.97459459 3.78352594
v -0.33194882 5.27981424 3.73063111
v -0.33398744 5.28241587 3.69326806
v -0.26041281 6.43032455 3.80682278
v -0.26245147 6.43292570 3.76945972
v -0.41303369 5.86287975 3.76050663
v -0.37949112 6.38413763 3.77254319
v -0.37746271 6.38154936 3.80971956
v -0.36890805 6.43382215 3.81201148
v -0.37084112 6.43628836 3.77658224
v -0.44413733 5.34443521 3.70369005
v -0.44210890 5.34184742 3.74086642
v -0.44008565 5.28907442 3.73620176
v -0.44201878 5.29154110 3.70077229
v -0.18096723 5.84935093 3.74690294
v -0.15229137 6.37089300 3.75922465
v -0.15026292 6.36830473 3.79640079
v -0.15238149 6.42119932 3.79931879
v -0.15431462 6.42366600 3.76388907
v -0.21693754 5.33119106 3.69037127
v -0.21490909 5.32860279 3.72754765
v -0.22355913 5.27645206 3.72350860
v -0.22549225 5.27891827 3.68807936
v -0.29828712 5.85775709 3.73012328
v -0.22900562 5.30622816 3.68836880
v -0.16117173 6.39719820 3.76061726
v -0.43535694 5.31825781 3.70046520
v -0.36752307 6.40922785 3.77271366
v -0.28895697 5.97007561 3.77758932
v -0.22687718 5.30351257 3.72737718
v -0.15904330 6.39448261 3.79962564
v -0.43322855 5.31554222 3.73947358
v -0.36539465 6.40651226 3.81172228
v -0.33335161 5.27148151 3.71498799
v -0.26064932 6.44074965 3.79242158
v -0.38068059 6.37638235 3.79404092
v -0.37904313 6.40204430 3.77495193
v -0.37714314 6.39962053 3.80977368
v -0.37324944 6.42538786 3.81053042
v -0.37506008 6.42769814 3.77734494
v -0.44453678 5.34938669 3.72602916
v -0.44592094 5.32645035 3.70372176
v -0.44402099 5.32402658 3.73854327
v -0.44334143 5.29809999 3.73587704
v -0.44515219 5.30041075 3.70269156
v -0.14951277 6.36290646 3.78048968
v -0.15037929 6.38871384 3.76154757
v -0.14847928 6.38629007 3.79636908
v -0.14924811 6.41232967 3.79739928
v -0.15105876 6.41463995 3.76421380
v -0.21336892 5.33591080 3.71247792
v -0.21725711 5.31311989 3.69031715
v -0.21535717 5.31069613 3.72513890
v -0.21934016 5.28504181 3.72274590
v -0.22115083 5.28735256 3.68956041
v -0.15610629 6.33811188 3.75650382
v -0.21665783 5.36426353 3.69201183
v -0.19636816 5.85181046 3.72422600
v -0.22330244 5.34057999 3.69032216
v -0.15976511 6.36244869 3.75799441
v -0.37984088 6.35115433 3.76961923
v -0.44039240 5.37730646 3.70512724
v -0.40019768 5.86369276 3.73617482
v -0.43677726 5.35302496 3.70283628
v -0.37323996 6.37489319 3.77050853
v -0.15400784 6.33543396 3.79496360
v -0.21455939 5.36158609 3.73047161
v -0.18707412 5.96369457 3.77150822
v -0.22116029 5.33784676 3.72958231
v -0.15762298 6.35971546 3.79725456
v -0.37774241 6.34847689 3.80807900
v -0.43829396 5.37462854 3.74358702
v -0.39090368 5.97557640 3.78345704
v -0.43463516 5.35029173 3.74209642
v -0.37109783 6.37215996 3.80976868
v -0.43342432 5.28494406 3.73616695
v -0.23061238 5.27312088 3.72427821
v -0.23459932 5.28508329 3.72621584
v -0.42788059 5.29635096 3.73754644
v -0.33245575 5.27278185 3.72897673
v -0.43542415 5.28749561 3.69951463
v -0.23261222 5.27567244 3.68762565
v -0.23669529 5.28775740 3.68780184
v -0.42997649 5.29902506 3.69913244
v -0.33436525 5.27521849 3.69398022
v -0.36178803 6.43706799 3.81246519
v -0.15897609 6.42524481 3.80057621
v -0.16442373 6.41371536 3.80095840
v -0.35770497 6.42498255 3.81228900
v -0.26003498 6.43752193 3.80611062
v -0.36378789 6.43961954 3.77581263
v -0.16097595 6.42779636 3.76392388
v -0.16651969 6.41638947 3.76254439
v -0.35980093 6.42765713 3.77387500
v -0.26194450 6.43995857 3.77111435
v -0.38329336 6.35179234 3.77166533
v -0.38139126 6.34936523 3.80652666
v -0.44391382 5.37683582 3.70709991
v -0.44201168 5.37440872 3.74196124
v -0.37550563 6.41853619 3.77502108
v -0.41239080 5.86432648 3.73805642
v -0.37490270 6.40085030 3.77284837
v -0.37350976 6.41598988 3.81160069
v -0.40364155 5.96965075 3.78256726
v -0.37280843 6.39817858 3.81123137
v -0.37004367 6.43771505 3.79812002
v -0.36767724 6.42445612 3.81247807
v -0.36164597 6.44283915 3.81113148
v -0.36973873 6.42708588 3.77469563
v -0.36345872 6.44515228 3.77790833
v -0.44444525 5.30978251 3.70159507
v -0.44164789 5.32738972 3.70175958
v -0.44244939 5.30723619 3.73817492
v -0.43955362 5.32471800 3.74014235
v -0.44157934 5.28720999 3.72192883
v -0.43771297 5.29807377 3.73788428
v -0.43398431 5.27942419 3.73408532
v -0.43977445 5.30070448 3.70010209
v -0.43579707 5.28173733 3.70086241
v -0.15238856 6.33833170 3.75812960
v -0.15048644 6.33590460 3.79299092
v -0.21300903 5.36337471 3.69356418
v -0.21110690 5.36094809 3.72842550
v -0.15195088 6.40550423 3.76191592
v -0.18404815 5.85101509 3.72467089
v -0.15484662 6.38802242 3.75994849
v -0.14995499 6.40295744 3.79849601
v -0.17529894 5.95633984 3.76918125
v -0.15275235 6.38535023 3.79833126
v -0.15242802 6.42502928 3.78536320
v -0.15462579 6.41203594 3.79998875
v -0.15860322 6.43100309 3.79922843
v -0.15668730 6.41466665 3.76220632
v -0.16041595 6.43331575 3.76600552
v -0.22089048 5.29675055 3.68849015
v -0.22159186 5.31456137 3.68885946
v -0.21889462 5.29420424 3.72506976
v -0.21949755 5.31189013 3.72724247
v -0.22396366 5.27452374 3.70917201
v -0.22466150 5.28565407 3.72539520
v -0.23094156 5.26758814 3.72218251
v -0.22672302 5.28828430 3.68761277
v -0.23275428 5.26990128 3.68895960
v -0.23333593 5.34059429 3.69067645
v -0.16972624 6.36362600 3.75842595
v -0.42683715 5.35187435 3.70201993
v -0.36322743 6.37490654 3.76976895
v -0.33235726 5.30950594 3.69413710
v -0.26418218 6.40596342 3.76674867
v -0.23117279 5.33783388 3.73032188
v -0.16756313 6.36086607 3.79807091
v -0.42467400 5.34911442 3.74166489
v -0.36106434 6.37214613 3.80941439
v -0.33021814 5.30677700 3.73334193
v -0.26204303 6.40323448 3.80595398
v 0.55680871 4.92693233 0.90929186
v -0.52433753 4.93010473 0.90600216
v 0.55773425 5.27040005 0.93637967
v -0.52341205 5.27357244 0.93308997
v 0.01706385 5.26209784 0.95715064
v 0.01618188 4.93477058 0.93133575
v 0.12885824 5.26486444 0.91825408
v 0.12797628 4.93753719 0.89243919
v -0.55048043 5.10312033 0.90420288
v -0.55060291 5.10017157 0.94159532
v 0.58397722 5.09979153 0.90765470
v 0.58385473 5.09684277 0.94504720
v 0.01622880 4.92573690 0.90719807
v 0.52876353 4.92613697 0.93131149
v 0.52888542 4.92907047 0.89410579
v 0.58069384 4.93687725 0.89577061
v 0.58057773 4.93408108 0.93122798
v -0.49643192 4.92914534 0.92819208
v -0.49631009 4.93207932 0.89098632
v -0.54808116 4.94018936 0.89233601
v -0.54819727 4.93739367 0.92779338
v 0.01716936 5.27480364 0.93472761
v 0.52968436 5.26788378 0.95826375
v 0.52980614 5.27081776 0.92105794
v 0.58157134 5.26256943 0.92145669
v 0.58145523 5.25977373 0.95691401
v -0.49551114 5.27089214 0.95514423
v -0.49538931 5.27382612 0.91793853
v -0.54720360 5.26588202 0.91802210
v -0.54731965 5.26308584 0.95347941
v 0.01662181 5.09840918 0.94456303
v -0.52083254 5.25521421 0.95474780
v 0.55491525 5.25205708 0.95802104
v -0.52166891 4.94482708 0.93026876
v 0.55407894 4.94166994 0.93354207
v 0.13023886 5.10122108 0.90503234
v -0.52070475 5.25829268 0.91570801
v 0.55504310 5.25513601 0.91898131
v -0.52154106 4.94790554 0.89122897
v 0.55420679 4.94474888 0.89450228
v -0.55977756 5.10196209 0.91920871
v 0.59317577 5.09857893 0.92271686
v 0.52256250 4.92489147 0.90923762
v 0.54645997 4.92507696 0.93010026
v 0.54657406 4.92782497 0.89525104
v 0.57206690 4.93119240 0.89642400
v 0.57195812 4.92857313 0.92963552
v -0.49010408 4.92786312 0.90615636
v -0.51412648 4.92818880 0.92687315
v -0.51401240 4.93093729 0.89202392
v -0.53949195 4.93445396 0.89304173
v -0.53960073 4.93183470 0.92625332
v 0.52349943 5.27260733 0.93666053
v 0.54738671 5.26902580 0.95722610
v 0.54750079 5.27177429 0.92237687
v 0.57297480 5.26812792 0.92299670
v 0.57286602 5.26550865 0.95620829
v -0.48916721 5.27557850 0.93357921
v -0.51319981 5.27213812 0.95399904
v -0.51308572 5.27488613 0.91914982
v -0.53858405 5.27138996 0.91961449
v -0.53869277 5.26877069 0.95282608
v 0.49720764 5.26532221 0.95860159
v -0.46305272 5.26814032 0.95567971
v 0.01703512 5.25171232 0.95657575
v -0.48675004 5.26046181 0.95539975
v 0.52086079 5.25750494 0.95846570
v 0.49630091 4.92878771 0.93206048
v -0.46395949 4.93160582 0.92913860
v 0.01620902 4.94511843 0.93239588
v -0.48761532 4.93935966 0.93007571
v 0.51999557 4.93640280 0.93314165
v 0.49733365 5.26835728 0.92011142
v -0.46292672 5.27117538 0.91718954
v 0.13021220 5.25451279 0.91719812
v -0.48662141 5.26356030 0.91610837
v 0.52098942 5.26060343 0.91917437
v 0.49642691 4.93182278 0.89357036
v -0.46383345 4.93464088 0.89064842
v 0.12938610 4.94791889 0.89301825
v -0.48748666 4.94245815 0.89078438
v 0.52012420 4.93950129 0.89385027
v -0.55168802 4.95056295 0.89252639
v -0.55086607 5.25562668 0.91658551
v -0.53930038 5.24849367 0.91517401
v -0.54008377 4.95776606 0.89224553
v -0.55750006 5.10304737 0.90536577
v -0.55180818 4.94767046 0.92920780
v -0.55098623 5.25273371 0.95326692
v -0.53942633 5.24546242 0.95361835
v -0.54020971 4.95473480 0.93068981
v -0.55761468 5.10028553 0.94038975
v 0.58436042 4.94722891 0.89598316
v 0.58518237 5.25229263 0.92004228
v 0.57358378 5.24522829 0.91856021
v 0.57280040 4.95450068 0.89563173
v 0.59098887 5.09967756 0.90886027
v 0.58424026 4.94433641 0.93266457
v 0.58506221 5.24939966 0.95672369
v 0.57345784 5.24219656 0.95700455
v 0.57267445 4.95146942 0.93407601
v 0.59087420 5.09691572 0.94388431
v 0.49683881 4.92353535 0.92983621
v 0.49695307 4.92628670 0.89494735
v -0.46451464 4.92635632 0.92691100
v -0.46440044 4.92910767 0.89202219
v 0.56281573 4.92880201 0.93133277
v 0.01616315 4.92677402 0.92977762
v 0.54541969 4.93141317 0.93238974
v 0.56293559 4.93168879 0.89472413
v 0.12270526 4.92941046 0.89270848
v 0.54554540 4.93444252 0.89397627
v 0.58348411 4.93493605 0.90983987
v 0.57164997 4.93961000 0.89477175
v 0.58992106 4.94690371 0.89770240
v 0.57152623 4.93662834 0.93258399
v 0.58981222 4.94428205 0.93095171
v -0.53046757 4.93201017 0.92800617
v -0.51306319 4.93451881 0.92916906
v -0.53034765 4.93489695 0.89139754
v -0.51293749 4.93754864 0.89075553
v -0.55096841 4.93826485 0.90638804
v -0.53901559 4.94286919 0.89139223
v -0.55726099 4.95027018 0.89421183
v -0.53913945 4.93988752 0.92920452
v -0.55736983 4.94764805 0.92746115
v 0.49777460 5.27085543 0.95722789
v 0.49788886 5.27360630 0.92233902
v -0.46357888 5.27367640 0.95430273
v -0.46346462 5.27642775 0.91941381
v 0.56372172 5.26506615 0.95785254
v 0.01708860 5.27023983 0.95686537
v 0.54631162 5.26241446 0.95849448
v 0.56384164 5.26795292 0.92124391
v 0.12363072 5.27287626 0.91979629
v 0.54643732 5.26544380 0.92008102
v 0.58436614 5.26226664 0.93565512
v 0.57251352 5.26007557 0.92004555
v 0.59074390 5.25231504 0.92178887
v 0.57238972 5.25709391 0.95785779
v 0.59063512 5.24969244 0.95503825
v -0.52956152 5.26827431 0.95452595
v -0.51217121 5.26552057 0.95527375
v -0.52944165 5.27116108 0.91791731
v -0.51204556 5.26854992 0.91686028
v -0.55008638 5.26559544 0.93220329
v -0.53815210 5.26333475 0.91666603
v -0.55643809 5.25568104 0.91829830
v -0.53827590 5.26035261 0.95447832
v -0.55654693 5.25305891 0.95154762
v -0.48736471 5.24542618 0.95440584
v 0.52139324 5.24246597 0.95747524
v -0.48814899 4.95436764 0.93145120
v 0.52060890 4.95140743 0.93452066
v -0.52395648 5.10002089 0.94259822
v 0.55720234 5.09684801 0.94588792
v -0.48723477 5.24855518 0.91472942
v 0.52152318 5.24559498 0.91779882
v -0.48801905 4.95749712 0.89177477
v 0.52073890 4.95453644 0.89484423
v -0.52382809 5.10311460 0.90336210
v 0.55733079 5.09994221 0.90665179
v 0.54813731 4.92441940 0.91594487
v -0.52089977 4.92631292 0.90941751
v 0.54854333 5.19515228 0.92798710
v -0.52049369 5.19704628 0.92145962
v 0.01387242 5.18871069 0.94754106
v 0.01348547 4.93069983 0.93606490
v 0.12453084 5.19026375 0.90889651
v 0.12414388 4.93225241 0.89742035
v -0.54695934 5.06240606 0.89998347
v -0.54719108 5.06073999 0.93745446
v 0.57479215 5.06041908 0.90683275
v 0.57456034 5.05875254 0.94430375
v 0.01361690 4.92316914 0.91235447
v 0.52033973 4.92416382 0.93788946
v 0.52057016 4.92582226 0.90060556
v 0.57178402 4.93201971 0.90207571
v 0.57156438 4.93043947 0.93760753
v -0.49337313 4.92595959 0.93169987
v -0.49314258 4.92761803 0.89441597
v -0.54434836 4.93399715 0.89526075
v -0.54456812 4.93241692 0.93079257
v 0.01402956 5.19831610 0.92459303
v 0.52074367 5.19354105 0.94987130
v 0.52097416 5.19519901 0.91258734
v 0.57216907 5.18874216 0.91349465
v 0.57194942 5.18716192 0.94902647
v -0.49296919 5.19533682 0.94368166
v -0.49273863 5.19699478 0.90639776
v -0.54396331 5.19071913 0.90667969
v -0.54418302 5.18913889 0.94221151
v 0.01367697 5.05969095 0.94212347
v -0.51798660 5.18298054 0.94389826
v 0.54571259 5.18109655 0.95039308
v -0.51835352 4.93832254 0.93301588
v 0.54534566 4.93643808 0.93951076
v 0.12613952 5.06126928 0.90284890
v -0.51774460 5.18472052 0.90477651
v 0.54595453 5.18283653 0.91127133
v -0.51811153 4.94006252 0.89389414
v 0.54558766 4.93817806 0.90038896
v -0.55619681 5.06175232 0.91499329
v 0.58384317 5.05973291 0.92195421
v 0.51427704 4.92279530 0.91588169
v 0.53784299 4.92331743 0.93677694
v 0.53805900 4.92487049 0.90185457
v 0.56325883 4.92755365 0.90295196
v 0.56305307 4.92607403 0.93623316
v -0.48704726 4.92456865 0.90976775
v -0.51086462 4.92517519 0.93037367
v -0.51064867 4.92672825 0.89545125
v -0.53585035 4.92950058 0.89624089
v -0.53605610 4.92802048 0.92952222
v 0.51468819 5.19687700 0.92807275
v 0.53824967 5.19443035 0.94883597
v 0.53846568 5.19598341 0.91391355
v 0.56365716 5.19313860 0.91476500
v 0.56345129 5.19165850 0.94804633
v -0.48663616 5.19865084 0.92195880
v -0.51045799 5.19628811 0.94243264
v -0.51024199 5.19784164 0.90751028
v -0.53545207 5.19508505 0.90805405
v -0.53565782 5.19360542 0.94133526
v 0.48863280 5.19151497 0.95022744
v -0.46087247 5.19319725 0.94442987
v 0.01385867 5.18052864 0.94742078
v -0.48429412 5.18713856 0.94441777
v 0.51203126 5.18537378 0.95050126
v 0.48823494 4.92624664 0.93842834
v -0.46127027 4.92792845 0.93263078
v 0.01349622 4.93885994 0.93667150
v -0.48467371 4.93403435 0.93315983
v 0.51165169 4.93226957 0.93924326
v 0.48887134 5.19323063 0.91165644
v -0.46063390 5.19491196 0.90585893
v 0.12588574 5.18210077 0.90829825
v -0.48405063 5.18888950 0.90504396
v 0.51227474 5.18712473 0.91112745
v 0.48847350 4.92796183 0.89985734
v -0.46103171 4.92964411 0.89405978
v 0.12552328 4.94043255 0.89754897
v -0.48443019 4.93578529 0.89378601
v 0.51189518 4.93402004 0.89986944
v -0.54792839 4.94216061 0.89498711
v -0.54756773 5.18262243 0.90568280
v -0.53611827 5.17699194 0.90461808
v -0.53646189 4.94782972 0.89442503
v -0.55390376 5.06236553 0.90112782
v -0.54815573 4.94052601 0.93174559
v -0.54779506 5.18098783 0.94244123
v -0.53635657 5.17527866 0.94314313
v -0.53670031 4.94611645 0.93295008
v -0.55412078 5.06080484 0.93622541
v 0.57539612 4.94017124 0.90184599
v 0.57575673 5.18063307 0.91254169
v 0.56430125 5.17504215 0.91133714
v 0.56395763 4.94588041 0.90114409
v 0.58172172 5.06035376 0.90806180
v 0.57516879 4.93853617 0.93860441
v 0.57552940 5.17899799 0.94930011
v 0.56406295 5.17332888 0.94986218
v 0.56371927 4.94416714 0.93966913
v 0.58150476 5.05879307 0.94315940
v 0.48878020 4.92207527 0.93643814
v 0.48899639 4.92363024 0.90147603
v -0.46180588 4.92375898 0.93063396
v -0.46158969 4.92531395 0.89567184
v 0.55400735 4.92627859 0.93789190
v 0.01348165 4.92438030 0.93485832
v 0.53679961 4.92834330 0.93878341
v 0.55423427 4.92790985 0.90120643
v 0.11894115 4.92586040 0.89802933
v 0.53703773 4.93005466 0.90028930
v 0.57450265 4.93073988 0.91621906
v 0.56284124 4.93414831 0.90093279
v 0.58088970 4.93994808 0.90359312
v 0.56260687 4.93246317 0.93882442
v 0.58068359 4.93846607 0.93691236
v -0.52703077 4.92819357 0.93129122
v -0.50982797 4.93019676 0.93239284
v -0.52680391 4.92982483 0.89460570
v -0.50958991 4.93190861 0.89389879
v -0.54724389 4.93272686 0.90936983
v -0.53538471 4.93609381 0.89422715
v -0.55344367 4.94195747 0.89666706
v -0.53561908 4.93440866 0.93211877
v -0.55364978 4.94047546 0.92998624
v 0.48919073 5.19584513 0.94861537
v 0.48940694 5.19739962 0.91365325
v -0.46139532 5.19752884 0.94281119
v -0.46117911 5.19908381 0.90784907
v 0.55440491 5.19133377 0.94968152
v 0.01388768 5.19511271 0.94690037
v 0.53719085 5.18925047 0.95038843
v 0.55463177 5.19296551 0.91299599
v 0.11934718 5.19659233 0.91007143
v 0.53742898 5.19096184 0.91189438
v 0.57488954 5.18875313 0.92769545
v 0.56322002 5.18675041 0.91216844
v 0.58125073 5.18068361 0.91430098
v 0.56298572 5.18506527 0.95006007
v 0.58104467 5.17920160 0.94762015
v -0.52663320 5.19324923 0.94308078
v -0.50943667 5.19110394 0.94399792
v -0.52640635 5.19488049 0.90639532
v -0.50919855 5.19281578 0.90550387
v -0.54685688 5.19074011 0.92084622
v -0.53500593 5.18869591 0.90546280
v -0.55308259 5.18269300 0.90737486
v -0.53524023 5.18701077 0.94335443
v -0.55328864 5.18121099 0.94069409
v -0.48488015 5.17529058 0.94408059
v 0.51257938 5.17352343 0.95017099
v -0.48522422 4.94586754 0.93387598
v 0.51223528 4.94410086 0.93996632
v -0.52084589 5.06065178 0.93853915
v 0.54820371 5.05875826 0.94506663
v -0.48463425 5.17705822 0.90432090
v 0.51282525 5.17529154 0.91041124
v -0.48497829 4.94763565 0.89411622
v 0.51248121 4.94586849 0.90020663
v -0.52060270 5.06240034 0.89922065
v 0.54844683 5.06050682 0.90574807
v -0.58776420 7.09625816 4.29399776
v 0.67317200 7.09619713 4.29074287
v -0.58736950 7.85108948 4.43282890
v 0.67356664 7.85102892 4.42957306
v 0.04303077 7.83750629 4.40519667
v 0.04265459 7.11814642 4.27289009
v -0.08710515 7.83039284 4.44424152
v -0.08748134 7.11103344 4.31193542
v 0.70449650 7.47084236 4.37513494
v 0.70440155 7.47762728 4.33824492
v -0.61861664 7.47090578 4.37855053
v -0.61871165 7.47769117 4.34166050
v 0.04270119 7.09003305 4.29146385
v -0.55519158 7.10214615 4.27252102
v -0.55509722 7.09539461 4.30922651
v -0.61549234 7.11319733 4.31176472
v -0.61558235 7.11963129 4.27678394
v 0.64048940 7.10208797 4.26943398
v 0.64058381 7.09533691 4.30613947
v 0.70099300 7.11313391 4.30836582
v 0.70090294 7.11956835 4.27338505
v 0.04310236 7.85717106 4.43255806
v -0.55479884 7.85319614 4.41065598
v -0.55470443 7.84644508 4.44736195
v -0.61511797 7.82896519 4.44341087
v -0.61520803 7.83539963 4.40843010
v 0.64088219 7.85313845 4.40756893
v 0.64097655 7.84638739 4.44427490
v 0.70136726 7.82890224 4.44001198
v 0.70127726 7.83533573 4.40503073
v 0.04284186 7.47788429 4.33872795
v 0.67034137 7.81884432 4.40025043
v -0.58429879 7.81890440 4.40349007
v 0.66998458 7.13671255 4.27479076
v -0.58465546 7.13677263 4.27803040
v -0.08941574 7.47065496 4.37840939
v 0.67044044 7.81176043 4.43876553
v -0.58419967 7.81182098 4.44200516
v 0.67008370 7.12962866 4.31330585
v -0.58455640 7.12968874 4.31654549
v 0.71524405 7.47356987 4.36027527
v -0.62944049 7.47363424 4.36374664
v -0.54783344 7.09162760 4.29282188
v -0.57582819 7.09951353 4.27329159
v -0.57573968 7.09318972 4.30767250
v -0.60546219 7.10104609 4.30835867
v -0.60554641 7.10707235 4.27559328
v 0.63323510 7.09157085 4.28977251
v 0.66112936 7.09945393 4.27009773
v 0.66121787 7.09313011 4.30447865
v 0.69094414 7.10098410 4.30501175
v 0.69085985 7.10700989 4.27224636
v -0.54743385 7.85579538 4.43336964
v -0.57543296 7.85540342 4.41231728
v -0.57534444 7.84907961 4.44669771
v -0.60507494 7.84152317 4.44454956
v -0.60515922 7.84754944 4.41178417
v 0.63363469 7.85573864 4.43032074
v 0.66152459 7.85534382 4.40912342
v 0.66161311 7.84902000 4.44350433
v 0.69133133 7.84146070 4.44120216
v 0.69124711 7.84748697 4.40843678
v -0.51693678 7.84758329 4.40887117
v 0.60301083 7.84752941 4.40598011
v 0.04301824 7.81476831 4.40076733
v 0.63061321 7.83064318 4.40239429
v -0.54455894 7.83069944 4.40542889
v -0.51732349 7.10798788 4.27284336
v 0.60262406 7.10793447 4.26995134
v 0.04266588 7.14097261 4.27684116
v 0.63024420 7.12496328 4.27260399
v -0.54492801 7.12501955 4.27563810
v -0.51683909 7.84059906 4.44684410
v 0.60310841 7.84054518 4.44395256
v -0.08872723 7.80756712 4.44029522
v 0.63071299 7.82351351 4.44115734
v -0.54445922 7.82357025 4.44419193
v -0.51722592 7.10100412 4.31081581
v 0.60272175 7.10095024 4.30792427
v -0.08907959 7.13377142 4.31636906
v 0.63034391 7.11783361 4.31136703
v -0.54482830 7.11788988 4.31440067
v 0.70524800 7.13569069 4.31312752
v 0.70559859 7.80612278 4.43643570
v 0.69208425 7.79021072 4.43444252
v 0.69175017 7.15128422 4.31692934
v 0.71267569 7.47105694 4.37394524
v 0.70515496 7.14234686 4.27693939
v 0.70550555 7.81277847 4.40024710
v 0.69198668 7.79718637 4.39651489
v 0.69165266 7.15825987 4.27900219
v 0.71258682 7.47741175 4.33939219
v -0.61972064 7.13575506 4.31654835
v -0.61936992 7.80618668 4.43985653
v -0.60586762 7.79027319 4.43779373
v -0.60620171 7.15134716 4.32028055
v -0.62680191 7.47112131 4.37740326
v -0.61981368 7.14241028 4.28036022
v -0.61946303 7.81284237 4.40366793
v -0.60596520 7.79724884 4.39986610
v -0.60629934 7.15832281 4.28235292
v -0.62689078 7.47747660 4.34285069
v -0.51796257 7.09580994 4.27244139
v -0.51787400 7.08947945 4.30686140
v 0.60325980 7.09575605 4.26954651
v 0.60334837 7.08942556 4.30396652
v -0.59489298 7.10811806 4.27402592
v 0.04264765 7.10024548 4.27053738
v -0.57459843 7.11406374 4.27414703
v -0.59480006 7.10147572 4.31014252
v -0.08137426 7.09346581 4.30774832
v -0.57450098 7.10709381 4.31204414
v -0.61884010 7.11396027 4.29750633
v -0.60492593 7.11872721 4.31395531
v -0.62621754 7.13568449 4.31480217
v -0.60502195 7.12558794 4.27665138
v -0.62630194 7.14171791 4.28199959
v 0.68019855 7.10805702 4.27073383
v 0.65990549 7.11400414 4.27095985
v 0.68029153 7.10141420 4.30685043
v 0.66000307 7.10703421 4.30885696
v 0.70426714 7.11389685 4.29409075
v 0.69043857 7.11866474 4.31061077
v 0.71173584 7.13562059 4.31134796
v 0.69034255 7.12552595 4.27330685
v 0.71165150 7.14165354 4.27854538
v -0.51756340 7.85910749 4.41282940
v -0.51747483 7.85277748 4.44724941
v 0.60365897 7.85905409 4.40993404
v 0.60374755 7.85272312 4.44435406
v -0.59450656 7.84711933 4.40994501
v 0.04304238 7.85507345 4.40936756
v -0.57421803 7.84149933 4.40793896
v -0.59441364 7.84047651 4.44606161
v -0.08097951 7.84829426 4.44657850
v -0.57412058 7.83452892 4.44583607
v -0.61846393 7.83332872 4.42981482
v -0.60455763 7.82300758 4.44348860
v -0.62586653 7.80688000 4.43825054
v -0.60465366 7.82986832 4.40618420
v -0.62595093 7.81291246 4.40544796
v 0.68058491 7.84705782 4.40665340
v 0.66028595 7.84143972 4.40475178
v 0.68067789 7.84041500 4.44276953
v 0.66038346 7.83446980 4.44264889
v 0.70464331 7.83326483 4.42639923
v 0.69080693 7.82294512 4.44014454
v 0.71208692 7.80681515 4.43479586
v 0.69071084 7.82980585 4.40284014
v 0.71200252 7.81284857 4.40199375
v 0.63126427 7.79766464 4.39613104
v -0.54524559 7.79772139 4.39916801
v 0.63092983 7.15801096 4.27848434
v -0.54558015 7.15806770 4.28152180
v 0.67331815 7.47779608 4.33741570
v -0.58763278 7.47785664 4.34067106
v 0.63136506 7.79046535 4.43527412
v -0.54514486 7.79052210 4.43831158
v 0.63103056 7.15081215 4.31762695
v -0.54547930 7.15086842 4.32066441
v 0.67341775 7.47067690 4.37612438
v -0.58753318 7.47073698 4.37937975
v -0.55176079 5.24361372 1.06945133
v -0.55583769 5.51476526 1.07339907
v 0.57038444 5.26054335 1.06548357
v 0.56630754 5.53169489 1.06943154
v 0.54206640 5.39538622 1.09067202
v -0.52734596 5.37925196 1.09445333
v 0.54233968 5.36795092 1.05091047
v -0.52707273 5.35181665 1.05469179
v 0.00507694 5.53013754 1.05620480
v 0.00521776 5.52959347 1.09370923
v 0.00935481 5.24561548 1.05206227
v 0.00949562 5.24507093 1.08956683
v -0.56294757 5.37905502 1.07122874
v -0.54897273 5.25035191 1.09164655
v -0.54911286 5.25089312 1.05432928
v -0.52268845 5.23828745 1.05492425
v -0.52255499 5.23777151 1.09048796
v -0.55283862 5.50747108 1.09539008
v -0.55297875 5.50801229 1.05807281
v -0.52694488 5.52138424 1.05904603
v -0.52681142 5.52086830 1.09460962
v 0.57749259 5.39626074 1.06719637
v 0.56755137 5.26719618 1.08769870
v 0.56741124 5.26773787 1.05038142
v 0.54138404 5.25434065 1.05116200
v 0.54151750 5.25382471 1.08672559
v 0.56368542 5.52431536 1.09144235
v 0.56354535 5.52485704 1.05412507
v 0.53712761 5.53743744 1.05528367
v 0.53726107 5.53692150 1.09084725
v 0.00736137 5.38731432 1.09288359
v 0.51236600 5.52986860 1.09263539
v 0.51642257 5.26007128 1.08870733
v -0.50170290 5.51456976 1.09622097
v -0.49764639 5.24477243 1.09229279
v 0.00763914 5.35943222 1.05247355
v 0.51221895 5.53043652 1.05347872
v 0.51627547 5.26063919 1.04955053
v -0.50184995 5.51513767 1.05706429
v -0.49779341 5.24533987 1.05313611
v 0.00509869 5.53223801 1.07131767
v 0.00944630 5.24307728 1.06710756
v -0.55882847 5.25209332 1.06981897
v -0.55250782 5.24587679 1.09041286
v -0.55263907 5.24638367 1.05545926
v -0.54108334 5.24015284 1.05614686
v -0.54095834 5.23966980 1.08945799
v -0.56264722 5.50607014 1.07351685
v -0.55650717 5.51187181 1.09428561
v -0.55663836 5.51237869 1.05933189
v -0.54527485 5.51893139 1.06020582
v -0.54514980 5.51844883 1.09351683
v 0.57719558 5.26923227 1.06580234
v 0.57121098 5.26282978 1.08643961
v 0.57107973 5.26333714 1.05148602
v 0.55972242 5.25676012 1.05225468
v 0.55984747 5.25627708 1.08556581
v 0.57337689 5.52320910 1.06950009
v 0.56721169 5.52882528 1.09031236
v 0.56708044 5.52933216 1.05535865
v 0.55553097 5.53553915 1.05631351
v 0.55565596 5.53505611 1.08962464
v 0.55891669 5.27520180 1.08849156
v 0.55529577 5.51603508 1.09199786
v 0.50819898 5.39487123 1.09103525
v 0.52999836 5.52158689 1.09257531
v 0.53379798 5.26887798 1.08889604
v -0.54057813 5.25861359 1.09237909
v -0.54419905 5.49944735 1.09588552
v -0.49347681 5.37975979 1.09457695
v -0.51907742 5.50575972 1.09628463
v -0.51527786 5.25305080 1.09260535
v 0.55877167 5.27576160 1.04988599
v 0.55515075 5.51659489 1.05339241
v 0.50847572 5.36709690 1.05078173
v 0.52985048 5.52215815 1.05316627
v 0.53364998 5.26944923 1.04948688
v -0.54072315 5.25917387 1.05377364
v -0.54434413 5.50000715 1.05728006
v -0.49320015 5.35198498 1.05432355
v -0.51922536 5.50633097 1.05687559
v -0.51542574 5.25362206 1.05319619
v -0.49326232 5.52281380 1.05832624
v 0.50341284 5.53784990 1.05480218
v 0.48003495 5.53460455 1.05395865
v -0.46980366 5.52027464 1.05731702
v 0.00505495 5.53187990 1.05741811
v -0.49312410 5.52227974 1.09511757
v 0.50355101 5.53731632 1.09159362
v 0.48017973 5.53404570 1.09251821
v -0.46965888 5.51971579 1.09587669
v 0.00518685 5.53137016 1.09254718
v -0.48897842 5.23789263 1.05417800
v 0.50769669 5.25292921 1.05065393
v 0.48423144 5.25549316 1.04989493
v -0.46560720 5.24116325 1.05325341
v 0.00938572 5.24383831 1.05322444
v -0.48884028 5.23735857 1.09096932
v 0.50783485 5.25239515 1.08744526
v 0.48437622 5.25493383 1.08845448
v -0.46546239 5.24060440 1.09181285
v 0.00951762 5.24332905 1.08835340
v -0.55820119 5.25823736 1.09063339
v -0.55833256 5.25874472 1.05563998
v -0.56182635 5.49934483 1.09414375
v -0.56195766 5.49985218 1.05915034
v -0.53988910 5.24195337 1.09119105
v -0.55371332 5.37886763 1.09362209
v -0.53135455 5.24643373 1.09212935
v -0.54002696 5.24248552 1.05447268
v -0.55345297 5.35272169 1.05572844
v -0.53149915 5.24699211 1.05360079
v -0.52530080 5.23732948 1.06909096
v -0.51418829 5.24070406 1.05374622
v -0.48951814 5.23646259 1.05588078
v -0.51404589 5.24015427 1.09167171
v -0.48939297 5.23597908 1.08922982
v -0.54401171 5.51614857 1.09518337
v -0.53534585 5.51190138 1.09599447
v -0.54414952 5.51668119 1.05846488
v -0.53549045 5.51246023 1.05746579
v -0.52957863 5.52185011 1.07323337
v -0.51837653 5.51925898 1.05780172
v -0.49384403 5.52417612 1.06006980
v -0.51823401 5.51870918 1.09572732
v -0.49371880 5.52369261 1.09341884
v 0.57653028 5.27535677 1.08662117
v 0.57639897 5.27586365 1.05162787
v 0.57290524 5.51646423 1.09013152
v 0.57277381 5.51697159 1.05513823
v 0.55872214 5.25852728 1.08730674
v 0.56842679 5.39579725 1.08965445
v 0.55006313 5.26274872 1.08830571
v 0.55858427 5.25906038 1.05058825
v 0.56868726 5.36965084 1.05176091
v 0.54991847 5.26330757 1.04977703
v 0.54412419 5.25346375 1.06530964
v 0.53280669 5.25649977 1.05004430
v 0.50829136 5.25151634 1.05235279
v 0.53294915 5.25594997 1.08796978
v 0.50841659 5.25103283 1.08570170
v 0.55459952 5.53272295 1.09129882
v 0.54607171 5.52821636 1.09217072
v 0.55446172 5.53325558 1.05458045
v 0.54592717 5.52877522 1.05364227
v 0.53984630 5.53798437 1.06945205
v 0.52861845 5.53505468 1.05409980
v 0.50396556 5.53922987 1.05654168
v 0.52876091 5.53450489 1.09202528
v 0.50409067 5.53874636 1.08989072
v 0.48091885 5.52098751 1.09294403
v 0.48472273 5.26799059 1.08926058
v -0.47000074 5.50664091 1.09630632
v -0.46619686 5.25364447 1.09262276
v 0.00532172 5.52289629 1.09453654
v 0.00939860 5.25174189 1.09058869
v 0.48076943 5.52156448 1.05314875
v 0.48457330 5.26856756 1.04946518
v -0.47015017 5.50721788 1.05651104
v -0.46634626 5.25422144 1.05282760
v 0.00517396 5.52346706 1.05518293
v 0.00925084 5.25231218 1.05123496
f 1 47 44
f 1 44 43
f 1 43 45
f 1 45 46
f 1 46 47
f 2 49 52
f 6 72 70
f 12 102 99
f 11 96 95
f 8 79 81
f 4 62 59
f 4 59 58
f 4 58 60
f 4 60 61
f 4 61 62
f 5 66 65
f 3 54 57
f 7 73 77
f 9 85 86
f 10 92 88
f 12 101 98
f 6 69 68
f 2 50 48
f 8 82 78
f 11 97 93
f 6 71 69
f 12 100 101
f 11 94 97
f 8 80 82
f 2 51 50
f 10 90 89
f 5 63 64
f 3 55 53
f 7 76 74
f 9 87 84
f 10 91 90
f 5 67 63
f 3 56 55
f 7 75 76
f 9 83 87
f 6 68 72
f 2 48 49
f 8 78 79
f 11 93 96
f 12 98 102
f 10 88 91
f 5 65 67
f 3 57 56
f 7 77 75
f 9 86 83
f 5 64 66
f 3 53 54
f 7 74 73
f 9 84 85
f 10 89 92
f 6 70 71
f 12 99 100
f 11 95 94
f 8 81 80
f 2 52 51
f 35 109 116
f 18 105 108
f 19 111 106
f 40 114 112
f 42 117 115
f 34 125 119
f 33 152 156
f 25 137 139
f 36 158 160
f 20 123 120
f 32 143 149
f 23 127 132
f 24 135 128
f 37 147 145
f 41 150 148
f 34 153 155
f 33 140 133
f 25 138 134
f 36 159 157
f 20 122 124
f 17 107 47
f 14 103 44
f 13 104 43
f 15 110 45
f 16 113 46
f 18 118 49
f 35 154 72
f 42 141 102
f 40 162 96
f 19 121 79
f 30 142 62
f 27 129 59
f 22 130 58
f 28 144 60
f 29 146 61
f 32 151 66
f 23 131 54
f 24 136 73
f 37 161 85
f 41 126 92
f 35 116 101
f 18 108 69
f 19 106 50
f 40 112 82
f 42 115 97
f 34 119 71
f 33 156 100
f 25 139 94
f 36 160 80
f 20 120 51
f 32 149 90
f 23 132 63
f 24 128 55
f 37 145 76
f 41 148 87
f 34 155 91
f 33 133 67
f 25 134 56
f 36 157 75
f 20 124 83
f 14 109 68
f 13 105 48
f 15 111 78
f 16 114 93
f 17 117 98
f 21 125 88
f 31 152 65
f 26 137 57
f 38 158 77
f 39 123 86
f 27 143 64
f 22 127 53
f 28 135 74
f 29 147 84
f 30 150 89
f 31 153 70
f 26 140 99
f 38 138 95
f 39 159 81
f 21 122 52
f 14 107 109
f 13 103 105
f 15 104 111
f 16 110 114
f 17 113 117
f 21 118 125
f 31 154 152
f 26 141 137
f 38 162 158
f 39 121 123
f 27 142 143
f 22 129 127
f 28 130 135
f 29 144 147
f 30 146 150
f 31 151 153
f 26 131 140
f 38 136 138
f 39 161 159
f 21 126 122
f 14 44 107
f 13 43 103
f 15 45 104
f 16 46 110
f 17 47 113
f 21 52 118
f 31 70 154
f 26 99 141
f 38 95 162
f 39 81 121
f 27 59 142
f 22 58 129
f 28 60 130
f 29 61 144
f 30 62 146
f 31 65 151
f 26 57 131
f 38 77 136
f 39 86 161
f 21 88 126
f 17 98 116
f 14 68 108
f 13 48 106
f 15 78 112
f 16 93 115
f 18 69 119
f 35 101 156
f 42 97 139
f 40 82 160
f 19 50 120
f 30 89 149
f 27 64 132
f 22 53 128
f 28 74 145
f 29 84 148
f 32 90 155
f 23 63 133
f 24 55 134
f 37 76 157
f 41 87 124
f 35 72 109
f 18 49 105
f 19 79 111
f 40 96 114
f 42 102 117
f 34 91 125
f 33 67 152
f 25 56 137
f 36 75 158
f 20 83 123
f 32 66 143
f 23 54 127
f 24 73 135
f 37 85 147
f 41 92 150
f 34 71 153
f 33 100 140
f 25 94 138
f 36 80 159
f 20 51 122
f 17 116 107
f 14 108 103
f 13 106 104
f 15 112 110
f 16 115 113
f 18 119 118
f 35 156 154
f 42 139 141
f 40 160 162
f 19 120 121
f 30 149 142
f 27 132 129
f 22 128 130
f 28 145 144
f 29 148 146
f 32 155 151
f 23 133 131
f 24 134 136
f 37 157 161
f 41 124 126
f 107 44 47
f 103 43 44
f 104 45 43
f 110 46 45
f 113 47 46
f 118 52 49
f 154 70 72
f 141 99 102
f 162 95 96
f 121 81 79
f 142 59 62
f 129 58 59
f 130 60 58
f 144 61 60
f 146 62 61
f 151 65 66
f 131 57 54
f 136 77 73
f 161 86 85
f 126 88 92
f 116 98 101
f 108 68 69
f 106 48 50
f 112 78 82
f 115 93 97
f 119 69 71
f 156 101 100
f 139 97 94
f 160 82 80
f 120 50 51
f 149 89 90
f 132 64 63
f 128 53 55
f 145 74 76
f 148 84 87
f 155 90 91
f 133 63 67
f 134 55 56
f 157 76 75
f 124 87 83
f 109 72 68
f 105 49 48
f 111 79 78
f 114 96 93
f 117 102 98
f 125 91 88
f 152 67 65
f 137 56 57
f 158 75 77
f 123 83 86
f 143 66 64
f 127 54 53
f 135 73 74
f 147 85 84
f 150 92 89
f 153 71 70
f 140 100 99
f 138 94 95
f 159 80 81
f 122 51 52
f 107 116 109
f 103 108 105
f 104 106 111
f 110 112 114
f 113 115 117
f 118 119 125
f 154 156 152
f 141 139 137
f 162 160 158
f 121 120 123
f 142 149 143
f 129 132 127
f 130 128 135
f 144 145 147
f 146 148 150
f 151 155 153
f 131 133 140
f 136 134 138
f 161 157 159
f 126 124 122
f 163 209 206
f 163 206 205
f 163 205 207
f 163 207 208
f 163 208 209
f 164 211 214
f 168 234 232
f 174 264 261
f 173 258 257
f 170 241 243
f 166 224 221
f 166 221 220
f 166 220 222
f 166 222 223
f 166 223 224
f 167 228 227
f 165 216 219
f 169 235 239
f 171 247 248
f 172 254 250
f 174 263 260
f 168 231 230
f 164 212 210
f 170 244 240
f 173 259 255
f 168 233 231
f 174 262 263
f 173 256 259
f 170 242 244
f 164 213 212
f 172 252 251
f 167 225 226
f 165 217 215
f 169 238 236
f 171 249 246
f 172 253 252
f 167 229 225
f 165 218 217
f 169 237 238
f 171 245 249
f 168 230 234
f 164 210 211
f 170 240 241
f 173 255 258
f 174 260 264
f 172 250 253
f 167 227 229
f 165 219 218
f 169 239 237
f 171 248 245
f 167 226 228
f 165 215 216
f 169 236 235
f 171 246 247
f 172 251 254
f 168 232 233
f 174 261 262
f 173 257 256
f 170 243 242
f 164 214 213
f 197 271 278
f 180 267 270
f 181 273 268
f 202 276 274
f 204 279 277
f 196 287 281
f 195 314 318
f 187 299 301
f 198 320 322
f 182 285 282
f 194 305 311
f 185 289 294
f 186 297 290
f 199 309 307
f 203 312 310
f 196 315 317
f 195 302 295
f 187 300 296
f 198 321 319
f 182 284 286
f 179 269 209
f 176 265 206
f 175 266 205
f 177 272 207
f 178 275 208
f 180 280 211
f 197 316 234
f 204 303 264
f 202 324 258
f 181 283 241
f 192 304 224
f 189 291 221
f 184 292 220
f 190 306 222
f 191 308 223
f 194 313 228
f 185 293 216
f 186 298 235
f 199 323 247
f 203 288 254
f 197 278 263
f 180 270 231
f 181 268 212
f 202 274 244
f 204 277 259
f 196 281 233
f 195 318 262
f 187 301 256
f 198 322 242
f 182 282 213
f 194 311 252
f 185 294 225
f 186 290 217
f 199 307 238
f 203 310 249
f 196 317 253
f 195 295 229
f 187 296 218
f 198 319 237
f 182 286 245
f 176 271 230
f 175 267 210
f 177 273 240
f 178 276 255
f 179 279 260
f 183 287 250
f 193 314 227
f 188 299 219
f 200 320 239
f 201 285 248
f 189 305 226
f 184 289 215
f 190 297 236
f 191 309 246
f 192 312 251
f 193 315 232
f 188 302 261
f 200 300 257
f 201 321 243
f 183 284 214
f 176 269 271
f 175 265 267
f 177 266 273
f 178 272 276
f 179 275 279
f 183 280 287
f 193 316 314
f 188 303 299
f 200 324 320
f 201 283 285
f 189 304 305
f 184 291 289
f 190 292 297
f 191 306 309
f 192 308 312
f 193 313 315
f 188 293 302
f 200 298 300
f 201 323 321
f 183 288 284
f 176 206 269
f 175 205 265
f 177 207 266
f 178 208 272
f 179 209 275
f 183 214 280
f 193 232 316
f 188 261 303
f 200 257 324
f 201 243 283
f 189 221 304
f 184 220 291
f 190 222 292
f 191 223 306
f 192 224 308
f 193 227 313
f 188 219 293
f 200 239 298
f 201 248 323
f 183 250 288
f 179 260 278
f 176 230 270
f 175 210 268
f 177 240 274
f 178 255 277
f 180 231 281
f 197 263 318
f 204 259 301
f 202 244 322
f 181 212 282
f 192 251 311
f 189 226 294
f 184 215 290
f 190 236 307
f 191 246 310
f 194 252 317
f 185 225 295
f 186 217 296
f 199 238 319
f 203 249 286
f 197 234 271
f 180 211 267
f 181 241 273
f 202 258 276
f 204 264 279
f 196 253 287
f 195 229 314
f 187 218 299
f 198 237 320
f 182 245 285
f 194 228 305
f 185 216 289
f 186 235 297
f 199 247 309
f 203 254 312
f 196 233 315
f 195 262 302
f 187 256 300
f 198 242 321
f 182 213 284
f 179 278 269
f 176 270 265
f 175 268 266
f 177 274 272
f 178 277 275
f 180 281 280
f 197 318 316
f 204 301 303
f 202 322 324
f 181 282 283
f 192 311 304
f 189 294 291
f 184 290 292
f 190 307 306
f 191 310 308
f 194 317 313
f 185 295 293
f 186 296 298
f 199 319 323
f 203 286 288
f 269 206 209
f 265 205 206
f 266 207 205
f 272 208 207
f 275 209 208
f 280 214 211
f 316 232 234
f 303 261 264
f 324 257 258
f 283 243 241
f 304 221 224
f 291 220 221
f 292 222 220
f 306 223 222
f 308 224 223
f 313 227 228
f 293 219 216
f 298 239 235
f 323 248 247
f 288 250 254
f 278 260 263
f 270 230 231
f 268 210 212
f 274 240 244
f 277 255 259
f 281 231 233
f 318 263 262
f 301 259 256
f 322 244 242
f 282 212 213
f 311 251 252
f 294 226 225
f 290 215 217
f 307 236 238
f 310 246 249
f 317 252 253
f 295 225 229
f 296 217 218
f 319 238 237
f 286 249 245
f 271 234 230
f 267 211 210
f 273 241 240
f 276 258 255
f 279 264 260
f 287 253 250
f 314 229 227
f 299 218 219
f 320 237 239
f 285 245 248
f 305 228 226
f 289 216 215
f 297 235 236
f 309 247 246
f 312 254 251
f 315 233 232
f 302 262 261
f 300 256 257
f 321 242 243
f 284 213 214
f 269 278 271
f 265 270 267
f 266 268 273
f 272 274 276
f 275 277 279
f 280 281 287
f 316 318 314
f 303 301 299
f 324 322 320
f 283 282 285
f 304 311 305
f 291 294 289
f 292 290 297
f 306 307 309
f 308 310 312
f 313 317 315
f 293 295 302
f 298 296 300
f 323 319 321
f 288 286 284
f 325 371 368
f 325 368 367
f 325 367 369
f 325 369 370
f 325 370 371
f 326 373 376
f 330 396 394
f 336 426 423
f 335 420 419
f 332 403 405
f 328 386 383
f 328 383 382
f 328 382 384
f 328 384 385
f 328 385 386
f 329 390 389
f 327 378 381
f 331 397 401
f 333 409 410
f 334 416 412
f 336 425 422
f 330 393 392
f 326 374 372
f 332 406 402
f 335 421 417
f 330 395 393
f 336 424 425
f 335 418 421
f 332 404 406
f 326 375 374
f 334 414 413
f 329 387 388
f 327 379 377
f 331 400 398
f 333 411 408
f 334 415 414
f 329 391 387
f 327 380 379
f 331 399 400
f 333 407 411
f 330 392 396
f 326 372 373
f 332 402 403
f 335 417 420
f 336 422 426
f 334 412 415
f 329 389 391
f 327 381 380
f 331 401 399
f 333 410 407
f 329 388 390
f 327 377 378
f 331 398 397
f 333 408 409
f 334 413 416
f 330 394 395
f 336 423 424
f 335 419 418
f 332 405 404
f 326 376 375
f 359 433 440
f 342 429 432
f 343 435 430
f 364 438 436
f 366 441 439
f 358 449 443
f 357 476 480
f 349 461 463
f 360 482 484
f 344 447 444
f 356 467 473
f 347 451 456
f 348 459 452
f 361 471 469
f 365 474 472
f 358 477 479
f 357 464 457
f 349 462 458
f 360 483 481
f 344 446 448
f 341 431 371
f 338 427 368
f 337 428 367
f 339 434 369
f 340 437 370
f 342 442 373
f 359 478 396
f 366 465 426
f 364 486 420
f 343 445 403
f 354 466 386
f 351 453 383
f 346 454 382
f 352 468 384
f 353 470 385
f 356 475 390
f 347 455 378
f 348 460 397
f 361 485 409
f 365 450 416
f 359 440 425
f 342 432 393
f 343 430 374
f 364 436 406
f 366 439 421
f 358 443 395
f 357 480 424
f 349 463 418
f 360 484 404
f 344 444 375
f 356 473 414
f 347 456 387
f 348 452 379
f 361 469 400
f 365 472 411
f 358 479 415
f 357 457 391
f 349 458 380
f 360 481 399
f 344 448 407
f 338 433 392
f 337 429 372
f 339 435 402
f 340 438 417
f 341 441 422
f 345 449 412
f 355 476 389
f 350 461 381
f 362 482 401
f 363 447 410
f 351 467 388
f 346 451 377
f 352 459 398
f 353 471 408
f 354 474 413
f 355 477 394
f 350 464 423
f 362 462 419
f 363 483 405
f 345 446 376
f 338 431 433
f 337 427 429
f 339 428 435
f 340 434 438
f 341 437 441
f 345 442 449
f 355 478 476
f 350 465 461
f 362 486 482
f 363 445 447
f 351 466 467
f 346 453 451
f 352 454 459
f 353 468 471
f 354 470 474
f 355 475 477
f 350 455 464
f 362 460 462
f 363 485 483
f 345 450 446
f 338 368 431
f 337 367 427
f 339 369 428
f 340 370 434
f 341 371 437
f 345 376 442
f 355 394 478
f 350 423 465
f 362 419 486
f 363 405 445
f 351 383 466
f 346 382 453
f 352 384 454
f 353 385 468
f 354 386 470
f 355 389 475
f 350 381 455
f 362 401 460
f 363 410 485
f 345 412 450
f 341 422 440
f 338 392 432
f 337 372 430
f 339 402 436
f 340 417 439
f 342 393 443
f 359 425 480
f 366 421 463
f 364 406 484
f 343 374 444
f 354 413 473
f 351 388 456
f 346 377 452
f 352 398 469
f 353 408 472
f 356 414 479
f 347 387 457
f 348 379 458
f 361 400 481
f 365 411 448
f 359 396 433
f 342 373 429
f 343 403 435
f 364 420 438
f 366 426 441
f 358 415 449
f 357 391 476
f 349 380 461
f 360 399 482
f 344 407 447
f 356 390 467
f 347 378 451
f 348 397 459
f 361 409 471
f 365 416 474
f 358 395 477
f 357 424 464
f 349 418 462
f 360 404 483
f 344 375 446
f 341 440 431
f 338 432 427
f 337 430 428
f 339 436 434
f 340 439 437
f 342 443 442
f 359 480 478
f 366 463 465
f 364 484 486
f 343 444 445
f 354 473 466
f 351 456 453
f 346 452 454
f 352 469 468
f 353 472 470
f 356 479 475
f 347 457 455
f 348 458 460
f 361 481 485
f 365 448 450
f 431 368 371
f 427 367 368
f 428 369 367
f 434 370 369
f 437 371 370
f 442 376 373
f 478 394 396
f 465 423 426
f 486 419 420
f 445 405 403
f 466 383 386
f 453 382 383
f 454 384 382
f 468 385 384
f 470 386 385
f 475 389 390
f 455 381 378
f 460 401 397
f 485 410 409
f 450 412 416
f 440 422 425
f 432 392 393
f 430 372 374
f 436 402 406
f 439 417 421
f 443 393 395
f 480 425 424
f 463 421 418
f 484 406 404
f 444 374 375
f 473 413 414
f 456 388 387
f 452 377 379
f 469 398 400
f 472 408 411
f 479 414 415
f 457 387 391
f 458 379 380
f 481 400 399
f 448 411 407
f 433 396 392
f 429 373 372
f 435 403 402
f 438 420 417
f 441 426 422
f 449 415 412
f 476 391 389
f 461 380 381
f 482 399 401
f 447 407 410
f 467 390 388
f 451 378 377
f 459 397 398
f 471 409 408
f 474 416 413
f 477 395 394
f 464 424 423
f 462 418 419
f 483 404 405
f 446 375 376
f 431 440 433
f 427 432 429
f 428 430 435
f 434 436 438
f 437 439 441
f 442 443 449
f 478 480 476
f 465 463 461
f 486 484 482
f 445 444 447
f 466 473 467
f 453 456 451
f 454 452 459
f 468 469 471
f 470 472 474
f 475 479 477
f 455 457 464
f 460 458 462
f 485 481 483
f 450 448 446
f 487 533 530
f 487 530 529
f 487 529 531
f 487 531 532
f 487 532 533
f 488 535 538
f 492 558 556
f 498 588 585
f 497 582 581
f 494 565 567
f 490 548 545
f 490 545 544
f 490 544 546
f 490 546 547
f 490 547 548
f 491 552 551
f 489 540 543
f 493 559 563
f 495 571 572
f 496 578 574
f 498 587 584
f 492 555 554
f 488 536 534
f 494 568 564
f 497 583 579
f 492 557 555
f 498 586 587
f 497 580 583
f 494 566 568
f 488 537 536
f 496 576 575
f 491 549 550
f 489 541 539
f 493 562 560
f 495 573 570
f 496 577 576
f 491 553 549
f 489 542 541
f 493 561 562
f 495 569 573
f 492 554 558
f 488 534 535
f 494 564 565
f 497 579 582
f 498 584 588
f 496 574 577
f 491 551 553
f 489 543 542
f 493 563 561
f 495 572 569
f 491 550 552
f 489 539 540
f 493 560 559
f 495 570 571
f 496 575 578
f 492 556 557
f 498 585 586
f 497 581 580
f 494 567 566
f 488 538 537
f 521 595 602
f 504 591 594
f 505 597 592
f 526 600 598
f 528 603 601
f 520 611 605
f 519 638 642
f 511 623 625
f 522 644 646
f 506 609 606
f 518 629 635
f 509 613 618
f 510 621 614
f 523 633 631
f 527 636 634
f 520 639 641
f 519 626 619
f 511 624 620
f 522 645 643
f 506 608 610
f 503 593 533
f 500 589 530
f 499 590 529
f 501 596 531
f 502 599 532
f 504 604 535
f 521 640 558
f 528 627 588
f 526 648 582
f 505 607 565
f 516 628 548
f 513 615 545
f 508 616 544
f 514 630 546
f 515 632 547
f 518 637 552
f 509 617 540
f 510 622 559
f 523 647 571
f 527 612 578
f 521 602 587
f 504 594 555
f 505 592 536
f 526 598 568
f 528 601 583
f 520 605 557
f 519 642 586
f 511 625 580
f 522 646 566
f 506 606 537
f 518 635 576
f 509 618 549
f 510 614 541
f 523 631 562
f 527 634 573
f 520 641 577
f 519 619 553
f 511 620 542
f 522 643 561
f 506 610 569
f 500 595 554
f 499 591 534
f 501 597 564
f 502 600 579
f 503 603 584
f 507 611 574
f 517 638 551
f 512 623 543
f 524 644 563
f 525 609 572
f 513 629 550
f 508 613 539
f 514 621 560
f 515 633 570
f 516 636 575
f 517 639 556
f 512 626 585
f 524 624 581
f 525 645 567
f 507 608 538
f 500 593 595
f 499 589 591
f 501 590 597
f 502 596 600
f 503 599 603
f 507 604 611
f 517 640 638
f 512 627 623
f 524 648 644
f 525 607 609
f 513 628 629
f 508 615 613
f 514 616 621
f 515 630 633
f 516 632 636
f 517 637 639
f 512 617 626
f 524 622 624
f 525 647 645
f 507 612 608
f 500 530 593
f 499 529 589
f 501 531 590
f 502 532 596
f 503 533 599
f 507 538 604
f 517 556 640
f 512 585 627
f 524 581 648
f 525 567 607
f 513 545 628
f 508 544 615
f 514 546 616
f 515 547 630
f 516 548 632
f 517 551 637
f 512 543 617
f 524 563 622
f 525 572 647
f 507 574 612
f 503 584 602
f 500 554 594
f 499 534 592
f 501 564 598
f 502 579 601
f 504 555 605
f 521 587 642
f 528 583 625
f 526 568 646
f 505 536 606
f 516 575 635
f 513 550 618
f 508 539 614
f 514 560 631
f 515 570 634
f 518 576 641
f 509 549 619
f 510 541 620
f 523 562 643
f 527 573 610
f 521 558 595
f 504 535 591
f 505 565 597
f 526 582 600
f 528 588 603
f 520 577 611
f 519 553 638
f 511 542 623
f 522 561 644
f 506 569 609
f 518 552 629
f 509 540 613
f 510 559 621
f 523 571 633
f 527 578 636
f 520 557 639
f 519 586 626
f 511 580 624
f 522 566 645
f 506 537 608
f 503 602 593
f 500 594 589
f 499 592 590
f 501 598 596
f 502 601 599
f 504 605 604
f 521 642 640
f 528 625 627
f 526 646 648
f 505 606 607
f 516 635 628
f 513 618 615
f 508 614 616
f 514 631 630
f 515 634 632
f 518 641 637
f 509 619 617
f 510 620 622
f 523 643 647
f 527 610 612
f 593 530 533
f 589 529 530
f 590 531 529
f 596 532 531
f 599 533 532
f 604 538 535
f 640 556 558
f 627 585 588
f 648 581 582
f 607 567 565
f 628 545 548
f 615 544 545
f 616 546 544
f 630 547 546
f 632 548 547
f 637 551 552
f 617 543 540
f 622 563 559
f 647 572 571
f 612 574 578
f 602 584 587
f 594 554 555
f 592 534 536
f 598 564 568
f 601 579 583
f 605 555 557
f 642 587 586
f 625 583 580
f 646 568 566
f 606 536 537
f 635 575 576
f 618 550 549
f 614 539 541
f 631 560 562
f 634 570 573
f 641 576 577
f 619 549 553
f 620 541 542
f 643 562 561
f 610 573 569
f 595 558 554
f 591 535 534
f 597 565 564
f 600 582 579
f 603 588 584
f 611 577 574
f 638 553 551
f 623 542 543
f 644 561 563
f 609 569 572
f 629 552 550
f 613 540 539
f 621 559 560
f 633 571 570
f 636 578 575
f 639 557 556
f 626 586 585
f 624 580 581
f 645 566 567
f 608 537 538
f 593 602 595
f 589 594 591
f 590 592 597
f 596 598 600
f 599 601 603
f 604 605 611
f 640 642 638
f 627 625 623
f 648 646 644
f 607 606 609
f 628 635 629
f 615 618 613
f 616 614 621
f 630 631 633
f 632 634 636
f 637 641 639
f 617 619 626
f 622 620 624
f 647 643 645
f 612 610 608
f 649 695 692
f 649 692 691
f 649 691 693
f 649 693 694
f 649 694 695
f 650 697 700
f 654 720 718
f 660 750 747
f 659 744 743
f 656 727 729
f 652 710 707
f 652 707 706
f 652 706 708
f 652 708 709
f 652 709 710
f 653 714 713
f 651 702 705
f 655 721 725
f 657 733 734
f 658 740 736
f 660 749 746
f 654 717 716
f 650 698 696
f 656 730 726
f 659 745 741
f 654 719 717
f 660 748 749
f 659 742 745
f 656 728 730
f 650 699 698
f 658 738 737
f 653 711 712
f 651 703 701
f 655 724 722
f 657 735 732
f 658 739 738
f 653 715 711
f 651 704 703
f 655 723 724
f 657 731 735
f 654 716 720
f 650 696 697
f 656 726 727
f 659 741 744
f 660 746 750
f 658 736 739
f 653 713 715
f 651 705 704
f 655 725 723
f 657 734 731
f 653 712 714
f 651 701 702
f 655 722 721
f 657 732 733
f 658 737 740
f 654 718 719
f 660 747 748
f 659 743 742
f 656 729 728
f 650 700 699
f 683 757 764
f 666 753 756
f 667 759 754
f 688 762 760
f 690 765 763
f 682 773 767
f 681 800 804
f 673 785 787
f 684 806 808
f 668 771 768
f 680 791 797
f 671 775 780
f 672 783 776
f 685 795 793
f 689 798 796
f 682 801 803
f 681 788 781
f 673 786 782
f 684 807 805
f 668 770 772
f 665 755 695
f 662 751 692
f 661 752 691
f 663 758 693
f 664 761 694
f 666 766 697
f 683 802 720
f 690 789 750
f 688 810 744
f 667 769 727
f 678 790 710
f 675 777 707
f 670 778 706
f 676 792 708
f 677 794 709
f 680 799 714
f 671 779 702
f 672 784 721
f 685 809 733
f 689 774 740
f 683 764 749
f 666 756 717
f 667 754 698
f 688 760 730
f 690 763 745
f 682 767 719
f 681 804 748
f 673 787 742
f 684 808 728
f 668 768 699
f 680 797 738
f 671 780 711
f 672 776 703
f 685 793 724
f 689 796 735
f 682 803 739
f 681 781 715
f 673 782 704
f 684 805 723
f 668 772 731
f 662 757 716
f 661 753 696
f 663 759 726
f 664 762 741
f 665 765 746
f 669 773 736
f 679 800 713
f 674 785 705
f 686 806 725
f 687 771 734
f 675 791 712
f 670 775 701
f 676 783 722
f 677 795 732
f 678 798 737
f 679 801 718
f 674 788 747
f 686 786 743
f 687 807 729
f 669 770 700
f 662 755 757
f 661 751 753
f 663 752 759
f 664 758 762
f 665 761 765
f 669 766 773
f 679 802 800
f 674 789 785
f 686 810 806
f 687 769 771
f 675 790 791
f 670 777 775
f 676 778 783
f 677 792 795
f 678 794 798
f 679 799 801
f 674 779 788
f 686 784 786
f 687 809 807
f 669 774 770
f 662 692 755
f 661 691 751
f 663 693 752
f 664 694 758
f 665 695 761
f 669 700 766
f 679 718 802
f 674 747 789
f 686 743 810
f 687 729 769
f 675 707 790
f 670 706 777
f 676 708 778
f 677 709 792
f 678 710 794
f 679 713 799
f 674 705 779
f 686 725 784
f 687 734 809
f 669 736 774
f 665 746 764
f 662 716 756
f 661 696 754
f 663 726 760
f 664 741 763
f 666 717 767
f 683 749 804
f 690 745 787
f 688 730 808
f 667 698 768
f 678 737 797
f 675 712 780
f 670 701 776
f 676 722 793
f 677 732 796
f 680 738 803
f 671 711 781
f 672 703 782
f 685 724 805
f 689 735 772
f 683 720 757
f 666 697 753
f 667 727 759
f 688 744 762
f 690 750 765
f 682 739 773
f 681 715 800
f 673 704 785
f 684 723 806
f 668 731 771
f 680 714 791
f 671 702 775
f 672 721 783
f 685 733 795
f 689 740 798
f 682 719 801
f 681 748 788
f 673 742 786
f 684 728 807
f 668 699 770
f 665 764 755
f 662 756 751
f 661 754 752
f 663 760 758
f 664 763 761
f 666 767 766
f 683 804 802
f 690 787 789
f 688 808 810
f 667 768 769
f 678 797 790
f 675 780 777
f 670 776 778
f 676 793 792
f 677 796 794
f 680 803 799
f 671 781 779
f 672 782 784
f 685 805 809
f 689 772 774
f 755 692 695
f 751 691 692
f 752 693 691
f 758 694 693
f 761 695 694
f 766 700 697
f 802 718 720
f 789 747 750
f 810 743 744
f 769 729 727
f 790 707 710
f 777 706 707
f 778 708 706
f 792 709 708
f 794 710 709
f 799 713 714
f 779 705 702
f 784 725 721
f 809 734 733
f 774 736 740
f 764 746 749
f 756 716 717
f 754 696 698
f 760 726 730
f 763 741 745
f 767 717 719
f 804 749 748
f 787 745 742
f 808 730 728
f 768 698 699
f 797 737 738
f 780 712 711
f 776 701 703
f 793 722 724
f 796 732 735
f 803 738 739
f 781 711 715
f 782 703 704
f 805 724 723
f 772 735 731
f 757 720 716
f 753 697 696
f 759 727 726
f 762 744 741
f 765 750 746
f 773 739 736
f 800 715 713
f 785 704 705
f 806 723 725
f 771 731 734
f 791 714 712
f 775 702 701
f 783 721 722
f 795 733 732
f 798 740 737
f 801 719 718
f 788 748 747
f 786 742 743
f 807 728 729
f 770 699 700
f 755 764 757
f 751 756 753
f 752 754 759
f 758 760 762
f 761 763 765
f 766 767 773
f 802 804 800
f 789 787 785
f 810 808 806
f 769 768 771
f 790 797 791
f 777 780 775
f 778 776 783
f 792 793 795
f 794 796 798
f 799 803 801
f 779 781 788
f 784 782 786
f 809 805 807
f 774 772 770
f 811 857 854
f 811 854 853
f 811 853 855
f 811 855 856
f 811 856 857
f 812 859 862
f 816 882 880
f 822 912 909
f 821 906 905
f 818 889 891
f 814 872 869
f 814 869 868
f 814 868 870
f 814 870 871
f 814 871 872
f 815 876 875
f 813 864 867
f 817 883 887
f 819 895 896
f 820 902 898
f 822 911 908
f 816 879 878
f 812 860 858
f 818 892 888
f 821 907 903
f 816 881 879
f 822 910 911
f 821 904 907
f 818 890 892
f 812 861 860
f 820 900 899
f 815 873 874
f 813 865 863
f 817 886 884
f 819 897 894
f 820 901 900
f 815 877 873
f 813 866 865
f 817 885 886
f 819 893 897
f 816 878 882
f 812 858 859
f 818 888 889
f 821 903 906
f 822 908 912
f 820 898 901
f 815 875 877
f 813 867 866
f 817 887 885
f 819 896 893
f 815 874 876
f 813 863 864
f 817 884 883
f 819 894 895
f 820 899 902
f 816 880 881
f 822 909 910
f 821 905 904
f 818 891 890
f 812 862 861
f 845 919 926
f 828 915 918
f 829 921 916
f 850 924 922
f 852 927 925
f 844 935 929
f 843 962 966
f 835 947 949
f 846 968 970
f 830 933 930
f 842 953 959
f 833 937 942
f 834 945 938
f 847 957 955
f 851 960 958
f 844 963 965
f 843 950 943
f 835 948 944
f 846 969 967
f 830 932 934
f 827 917 857
f 824 913 854
f 823 914 853
f 825 920 855
f 826 923 856
f 828 928 859
f 845 964 882
f 852 951 912
f 850 972 906
f 829 931 889
f 840 952 872
f 837 939 869
f 832 940 868
f 838 954 870
f 839 956 871
f 842 961 876
f 833 941 864
f 834 946 883
f 847 971 895
f 851 936 902
f 845 926 911
f 828 918 879
f 829 916 860
f 850 922 892
f 852 925 907
f 844 929 881
f 843 966 910
f 835 949 904
f 846 970 890
f 830 930 861
f 842 959 900
f 833 942 873
f 834 938 865
f 847 955 886
f 851 958 897
f 844 965 901
f 843 943 877
f 835 944 866
f 846 967 885
f 830 934 893
f 824 919 878
f 823 915 858
f 825 921 888
f 826 924 903
f 827 927 908
f 831 935 898
f 841 962 875
f 836 947 867
f 848 968 887
f 849 933 896
f 837 953 874
f 832 937 863
f 838 945 884
f 839 957 894
f 840 960 899
f 841 963 880
f 836 950 909
f 848 948 905
f 849 969 891
f 831 932 862
f 824 917 919
f 823 913 915
f 825 914 921
f 826 920 924
f 827 923 927
f 831 928 935
f 841 964 962
f 836 951 947
f 848 972 968
f 849 931 933
f 837 952 953
f 832 939 937
f 838 940 945
f 839 954 957
f 840 956 960
f 841 961 963
f 836 941 950
f 848 946 948
f 849 971 969
f 831 936 932
f 824 854 917
f 823 853 913
f 825 855 914
f 826 856 920
f 827 857 923
f 831 862 928
f 841 880 964
f 836 909 951
f 848 905 972
f 849 891 931
f 837 869 952
f 832 868 939
f 838 870 940
f 839 871 954
f 840 872 956
f 841 875 961
f 836 867 941
f 848 887 946
f 849 896 971
f 831 898 936
f 827 908 926
f 824 878 918
f 823 858 916
f 825 888 922
f 826 903 925
f 828 879 929
f 845 911 966
f 852 907 949
f 850 892 970
f 829 860 930
f 840 899 959
f 837 874 942
f 832 863 938
f 838 884 955
f 839 894 958
f 842 900 965
f 833 873 943
f 834 865 944
f 847 886 967
f 851 897 934
f 845 882 919
f 828 859 915
f 829 889 921
f 850 906 924
f 852 912 927
f 844 901 935
f 843 877 962
f 835 866 947
f 846 885 968
f 830 893 933
f 842 876 953
f 833 864 937
f 834 883 945
f 847 895 957
f 851 902 960
f 844 881 963
f 843 910 950
f 835 904 948
f 846 890 969
f 830 861 932
f 827 926 917
f 824 918 913
f 823 916 914
f 825 922 920
f 826 925 923
f 828 929 928
f 845 966 964
f 852 949 951
f 850 970 972
f 829 930 931
f 840 959 952
f 837 942 939
f 832 938 940
f 838 955 954
f 839 958 956
f 842 965 961
f 833 943 941
f 834 944 946
f 847 967 971
f 851 934 936
f 917 854 857
f 913 853 854
f 914 855 853
f 920 856 855
f 923 857 856
f 928 862 859
f 964 880 882
f 951 909 912
f 972 905 906
f 931 891 889
f 952 869 872
f 939 868 869
f 940 870 868
f 954 871 870
f 956 872 871
f 961 875 876
f 941 867 864
f 946 887 883
f 971 896 895
f 936 898 902
f 926 908 911
f 918 878 879
f 916 858 860
f 922 888 892
f 925 903 907
f 929 879 881
f 966 911 910
f 949 907 904
f 970 892 890
f 930 860 861
f 959 899 900
f 942 874 873
f 938 863 865
f 955 884 886
f 958 894 897
f 965 900 901
f 943 873 877
f 944 865 866
f 967 886 885
f 934 897 893
f 919 882 878
f 915 859 858
f 921 889 888
f 924 906 903
f 927 912 908
f 935 901 898
f 962 877 875
f 947 866 867
f 968 885 887
f 933 893 896
f 953 876 874
f 937 864 863
f 945 883 884
f 957 895 894
f 960 902 899
f 963 881 880
f 950 910 909
f 948 904 905
f 969 890 891
f 932 861 862
f 917 926 919
f 913 918 915
f 914 916 921
f 920 922 924
f 923 925 927
f 928 929 935
f 964 966 962
f 951 949 947
f 972 970 968
f 931 930 933
f 952 959 953
f 939 942 937
f 940 938 945
f 954 955 957
f 956 958 960
f 961 965 963
f 941 943 950
f 946 944 948
f 971 967 969
f 936 934 932
f 973 1019 1016
f 973 1016 1015
f 973 1015 1017
f 973 1017 1018
f 973 1018 1019
f 974 1021 1024
f 978 1044 1042
f 984 1074 1071
f 983 1068 1067
f 980 1051 1053
f 976 1034 1031
f 976 1031 1030
f 976 1030 1032
f 976 1032 1033
f 976 1033 1034
f 977 1038 1037
f 975 1026 1029
f 979 1045 1049
f 981 1057 1058
f 982 1064 1060
f 984 1073 1070
f 978 1041 1040
f 974 1022 1020
f 980 1054 1050
f 983 1069 1065
f 978 1043 1041
f 984 1072 1073
f 983 1066 1069
f 980 1052 1054
f 974 1023 1022
f 982 1062 1061
f 977 1035 1036
f 975 1027 1025
f 979 1048 1046
f 981 1059 1056
f 982 1063 1062
f 977 1039 1035
f 975 1028 1027
f 979 1047 1048
f 981 1055 1059
f 978 1040 1044
f 974 1020 1021
f 980 1050 1051
f 983 1065 1068
f 984 1070 1074
f 982 1060 1063
f 977 1037 1039
f 975 1029 1028
f 979 1049 1047
f 981 1058 1055
f 977 1036 1038
f 975 1025 1026
f 979 1046 1045
f 981 1056 1057
f 982 1061 1064
f 978 1042 1043
f 984 1071 1072
f 983 1067 1066
f 980 1053 1052
f 974 1024 1023
f 1007 1081 1088
f 990 1077 1080
f 991 1083 1078
f 1012 1086 1084
f 1014 1089 1087
f 1006 1097 1091
f 1005 1124 1128
f 997 1109 1111
f 1008 1130 1132
f 992 1095 1092
f 1004 1115 1121
f 995 1099 1104
f 996 1107 1100
f 1009 1119 1117
f 1013 1122 1120
f 1006 1125 1127
f 1005 1112 1105
f 997 1110 1106
f 1008 1131 1129
f 992 1094 1096
f 989 1079 1019
f 986 1075 1016
f 985 1076 1015
f 987 1082 1017
f 988 1085 1018
f 990 1090 1021
f 1007 1126 1044
f 1014 1113 1074
f 1012 1134 1068
f 991 1093 1051
f 1002 1114 1034
f 999 1101 1031
f 994 1102 1030
f 1000 1116 1032
f 1001 1118 1033
f 1004 1123 1038
f 995 1103 1026
f 996 1108 1045
f 1009 1133 1057
f 1013 1098 1064
f 1007 1088 1073
f 990 1080 1041
f 991 1078 1022
f 1012 1084 1054
f 1014 1087 1069
f 1006 1091 1043
f 1005 1128 1072
f 997 1111 1066
f 1008 1132 1052
f 992 1092 1023
f 1004 1121 1062
f 995 1104 1035
f 996 1100 1027
f 1009 1117 1048
f 1013 1120 1059
f 1006 1127 1063
f 1005 1105 1039
f 997 1106 1028
f 1008 1129 1047
f 992 1096 1055
f 986 1081 1040
f 985 1077 1020
f 987 1083 1050
f 988 1086 1065
f 989 1089 1070
f 993 1097 1060
f 1003 1124 1037
f 998 1109 1029
f 1010 1130 1049
f 1011 1095 1058
f 999 1115 1036
f 994 1099 1025
f 1000 1107 1046
f 1001 1119 1056
f 1002 1122 1061
f 1003 1125 1042
f 998 1112 1071
f 1010 1110 1067
f 1011 1131 1053
f 993 1094 1024
f 986 1079 1081
f 985 1075 1077
f 987 1076 1083
f 988 1082 1086
f 989 1085 1089
f 993 1090 1097
f 1003 1126 1124
f 998 1113 1109
f 1010 1134 1130
f 1011 1093 1095
f 999 1114 1115
f 994 1101 1099
f 1000 1102 1107
f 1001 1116 1119
f 1002 1118 1122
f 1003 1123 1125
f 998 1103 1112
f 1010 1108 1110
f 1011 1133 1131
f 993 1098 1094
f 986 1016 1079
f 985 1015 1075
f 987 1017 1076
f 988 1018 1082
f 989 1019 1085
f 993 1024 1090
f 1003 1042 1126
f 998 1071 1113
f 1010 1067 1134
f 1011 1053 1093
f 999 1031 1114
f 994 1030 1101
f 1000 1032 1102
f 1001 1033 1116
f 1002 1034 1118
f 1003 1037 1123
f 998 1029 1103
f 1010 1049 1108
f 1011 1058 1133
f 993 1060 1098
f 989 1070 1088
f 986 1040 1080
f 985 1020 1078
f 987 1050 1084
f 988 1065 1087
f 990 1041 1091
f 1007 1073 1128
f 1014 1069 1111
f 1012 1054 1132
f 991 1022 1092
f 1002 1061 1121
f 999 1036 1104
f 994 1025 1100
f 1000 1046 1117
f 1001 1056 1120
f 1004 1062 1127
f 995 1035 1105
f 996 1027 1106
f 1009 1048 1129
f 1013 1059 1096
f 1007 1044 1081
f 990 1021 1077
f 991 1051 1083
f 1012 1068 1086
f 1014 1074 1089
f 1006 1063 1097
f 1005 1039 1124
f 997 1028 1109
f 1008 1047 1130
f 992 1055 1095
f 1004 1038 1115
f 995 1026 1099
f 996 1045 1107
f 1009 1057 1119
f 1013 1064 1122
f 1006 1043 1125
f 1005 1072 1112
f 997 1066 1110
f 1008 1052 1131
f 992 1023 1094
f 989 1088 1079
f 986 1080 1075
f 985 1078 1076
f 987 1084 1082
f 988 1087 1085
f 990 1091 1090
f 1007 1128 1126
f 1014 1111 1113
f 1012 1132 1134
f 991 1092 1093
f 1002 1121 1114
f 999 1104 1101
f 994 1100 1102
f 1000 1117 1116
f 1001 1120 1118
f 1004 1127 1123
f 995 1105 1103
f 996 1106 1108
f 1009 1129 1133
f 1013 1096 1098
f 1079 1016 1019
f 1075 1015 1016
f 1076 1017 1015
f 1082 1018 1017
f 1085 1019 1018
f 1090 1024 1021
f 1126 1042 1044
f 1113 1071 1074
f 1134 1067 1068
f 1093 1053 1051
f 1114 1031 1034
f 1101 1030 1031
f 1102 1032 1030
f 1116 1033 1032
f 1118 1034 1033
f 1123 1037 1038
f 1103 1029 1026
f 1108 1049 1045
f 1133 1058 1057
f 1098 1060 1064
f 1088 1070 1073
f 1080 1040 1041
f 1078 1020 1022
f 1084 1050 1054
f 1087 1065 1069
f 1091 1041 1043
f 1128 1073 1072
f 1111 1069 1066
f 1132 1054 1052
f 1092 1022 1023
f 1121 1061 1062
f 1104 1036 1035
f 1100 1025 1027
f 1117 1046 1048
f 1120 1056 1059
f 1127 1062 1063
f 1105 1035 1039
f 1106 1027 1028
f 1129 1048 1047
f 1096 1059 1055
f 1081 1044 1040
f 1077 1021 1020
f 1083 1051 1050
f 1086 1068 1065
f 1089 1074 1070
f 1097 1063 1060
f 1124 1039 1037
f 1109 1028 1029
f 1130 1047 1049
f 1095 1055 1058
f 1115 1038 1036
f 1099 1026 1025
f 1107 1045 1046
f 1119 1057 1056
f 1122 1064 1061
f 1125 1043 1042
f 1112 1072 1071
f 1110 1066 1067
f 1131 1052 1053
f 1094 1023 1024
f 1079 1088 1081
f 1075 1080 1077
f 1076 1078 1083
f 1082 1084 1086
f 1085 1087 1089
f 1090 1091 1097
f 1126 1128 1124
f 1113 1111 1109
f 1134 1132 1130
f 1093 1092 1095
f 1114 1121 1115
f 1101 1104 1099
f 1102 1100 1107
f 1116 1117 1119
f 1118 1120 1122
f 1123 1127 1125
f 1103 1105 1112
f 1108 1106 1110
f 1133 1129 1131
f 1098 1096 1094
f 1135 1181 1178
f 1135 1178 1177
f 1135 1177 1179
f 1135 1179 1180
f 1135 1180 1181
f 1136 1183 1186
f 1140 1206 1204
f 1146 1236 1233
f 1145 1230 1229
f 1142 1213 1215
f 1138 1196 1193
f 1138 1193 1192
f 1138 1192 1194
f 1138 1194 1195
f 1138 1195 1196
f 1139 1200 1199
f 1137 1188 1191
f 1141 1207 1211
f 1143 1219 1220
f 1144 1226 1222
f 1146 1235 1232
f 1140 1203 1202
f 1136 1184 1182
f 1142 1216 1212
f 1145 1231 1227
f 1140 1205 1203
f 1146 1234 1235
f 1145 1228 1231
f 1142 1214 1216
f 1136 1185 1184
f 1144 1224 1223
f 1139 1197 1198
f 1137 1189 1187
f 1141 1210 1208
f 1143 1221 1218
f 1144 1225 1224
f 1139 1201 1197
f 1137 1190 1189
f 1141 1209 1210
f 1143 1217 1221
f 1140 1202 1206
f 1136 1182 1183
f 1142 1212 1213
f 1145 1227 1230
f 1146 1232 1236
f 1144 1222 1225
f 1139 1199 1201
f 1137 1191 1190
f 1141 1211 1209
f 1143 1220 1217
f 1139 1198 1200
f 1137 1187 1188
f 1141 1208 1207
f 1143 1218 1219
f 1144 1223 1226
f 1140 1204 1205
f 1146 1233 1234
f 1145 1229 1228
f 1142 1215 1214
f 1136 1186 1185
f 1169 1243 1250
f 1152 1239 1242
f 1153 1245 1240
f 1174 1248 1246
f 1176 1251 1249
f 1168 1259 1253
f 1167 1286 1290
f 1159 1271 1273
f 1170 1292 1294
f 1154 1257 1254
f 1166 1277 1283
f 1157 1261 1266
f 1158 1269 1262
f 1171 1281 1279
f 1175 1284 1282
f 1168 1287 1289
f 1167 1274 1267
f 1159 1272 1268
f 1170 1293 1291
f 1154 1256 1258
f 1151 1241 1181
f 1148 1237 1178
f 1147 1238 1177
f 1149 1244 1179
f 1150 1247 1180
f 1152 1252 1183
f 1169 1288 1206
f 1176 1275 1236
f 1174 1296 1230
f 1153 1255 1213
f 1164 1276 1196
f 1161 1263 1193
f 1156 1264 1192
f 1162 1278 1194
f 1163 1280 1195
f 1166 1285 1200
f 1157 1265 1188
f 1158 1270 1207
f 1171 1295 1219
f 1175 1260 1226
f 1169 1250 1235
f 1152 1242 1203
f 1153 1240 1184
f 1174 1246 1216
f 1176 1249 1231
f 1168 1253 1205
f 1167 1290 1234
f 1159 1273 1228
f 1170 1294 1214
f 1154 1254 1185
f 1166 1283 1224
f 1157 1266 1197
f 1158 1262 1189
f 1171 1279 1210
f 1175 1282 1221
f 1168 1289 1225
f 1167 1267 1201
f 1159 1268 1190
f 1170 1291 1209
f 1154 1258 1217
f 1148 1243 1202
f 1147 1239 1182
f 1149 1245 1212
f 1150 1248 1227
f 1151 1251 1232
f 1155 1259 1222
f 1165 1286 1199
f 1160 1271 1191
f 1172 1292 1211
f 1173 1257 1220
f 1161 1277 1198
f 1156 1261 1187
f 1162 1269 1208
f 1163 1281 1218
f 1164 1284 1223
f 1165 1287 1204
f 1160 1274 1233
f 1172 1272 1229
f 1173 1293 1215
f 1155 1256 1186
f 1148 1241 1243
f 1147 1237 1239
f 1149 1238 1245
f 1150 1244 1248
f 1151 1247 1251
f 1155 1252 1259
f 1165 1288 1286
f 1160 1275 1271
f 1172 1296 1292
f 1173 1255 1257
f 1161 1276 1277
f 1156 1263 1261
f 1162 1264 1269
f 1163 1278 1281
f 1164 1280 1284
f 1165 1285 1287
f 1160 1265 1274
f 1172 1270 1272
f 1173 1295 1293
f 1155 1260 1256
f 1148 1178 1241
f 1147 1177 1237
f 1149 1179 1238
f 1150 1180 1244
f 1151 1181 1247
f 1155 1186 1252
f 1165 1204 1288
f 1160 1233 1275
f 1172 1229 1296
f 1173 1215 1255
f 1161 1193 1276
f 1156 1192 1263
f 1162 1194 1264
f 1163 1195 1278
f 1164 1196 1280
f 1165 1199 1285
f 1160 1191 1265
f 1172 1211 1270
f 1173 1220 1295
f 1155 1222 1260
f 1151 1232 1250
f 1148 1202 1242
f 1147 1182 1240
f 1149 1212 1246
f 1150 1227 1249
f 1152 1203 1253
f 1169 1235 1290
f 1176 1231 1273
f 1174 1216 1294
f 1153 1184 1254
f 1164 1223 1283
f 1161 1198 1266
f 1156 1187 1262
f 1162 1208 1279
f 1163 1218 1282
f 1166 1224 1289
f 1157 1197 1267
f 1158 1189 1268
f 1171 1210 1291
f 1175 1221 1258
f 1169 1206 1243
f 1152 1183 1239
f 1153 1213 1245
f 1174 1230 1248
f 1176 1236 1251
f 1168 1225 1259
f 1167 1201 1286
f 1159 1190 1271
f 1170 1209 1292
f 1154 1217 1257
f 1166 1200 1277
f 1157 1188 1261
f 1158 1207 1269
f 1171 1219 1281
f 1175 1226 1284
f 1168 1205 1287
f 1167 1234 1274
f 1159 1228 1272
f 1170 1214 1293
f 1154 1185 1256
f 1151 1250 1241
f 1148 1242 1237
f 1147 1240 1238
f 1149 1246 1244
f 1150 1249 1247
f 1152 1253 1252
f 1169 1290 1288
f 1176 1273 1275
f 1174 1294 1296
f 1153 1254 1255
f 1164 1283 1276
f 1161 1266 1263
f 1156 1262 1264
f 1162 1279 1278
f 1163 1282 1280
f 1166 1289 1285
f 1157 1267 1265
f 1158 1268 1270
f 1171 1291 1295
f 1175 1258 1260
f 1241 1178 1181
f 1237 1177 1178
f 1238 1179 1177
f 1244 1180 1179
f 1247 1181 1180
f 1252 1186 1183
f 1288 1204 1206
f 1275 1233 1236
f 1296 1229 1230
f 1255 1215 1213
f 1276 1193 1196
f 1263 1192 1193
f 1264 1194 1192
f 1278 1195 1194
f 1280 1196 1195
f 1285 1199 1200
f 1265 1191 1188
f 1270 1211 1207
f 1295 1220 1219
f 1260 1222 1226
f 1250 1232 1235
f 1242 1202 1203
f 1240 1182 1184
f 1246 1212 1216
f 1249 1227 1231
f 1253 1203 1205
f 1290 1235 1234
f 1273 1231 1228
f 1294 1216 1214
f 1254 1184 1185
f 1283 1223 1224
f 1266 1198 1197
f 1262 1187 1189
f 1279 1208 1210
f 1282 1218 1221
f 1289 1224 1225
f 1267 1197 1201
f 1268 1189 1190
f 1291 1210 1209
f 1258 1221 1217
f 1243 1206 1202
f 1239 1183 1182
f 1245 1213 1212
f 1248 1230 1227
f 1251 1236 1232
f 1259 1225 1222
f 1286 1201 1199
f 1271 1190 1191
f 1292 1209 1211
f 1257 1217 1220
f 1277 1200 1198
f 1261 1188 1187
f 1269 1207 1208
f 1281 1219 1218
f 1284 1226 1223
f 1287 1205 1204
f 1274 1234 1233
f 1272 1228 1229
f 1293 1214 1215
f 1256 1185 1186
f 1241 1250 1243
f 1237 1242 1239
f 1238 1240 1245
f 1244 1246 1248
f 1247 1249 1251
f 1252 1253 1259
f 1288 1290 1286
f 1275 1273 1271
f 1296 1294 1292
f 1255 1254 1257
f 1276 1283 1277
f 1263 1266 1261
f 1264 1262 1269
f 1278 1279 1281
f 1280 1282 1284
f 1285 1289 1287
f 1265 1267 1274
f 1270 1268 1272
f 1295 1291 1293
f 1260 1258 1256
f 1297 1343 1340
f 1297 1340 1339
f 1297 1339 1341
f 1297 1341 1342
f 1297 1342 1343
f 1298 1345 1348
f 1302 1368 1366
f 1308 1398 1395
f 1307 1392 1391
f 1304 1375 1377
f 1300 1358 1355
f 1300 1355 1354
f 1300 1354 1356
f 1300 1356 1357
f 1300 1357 1358
f 1301 1362 1361
f 1299 1350 1353
f 1303 1369 1373
f 1305 1381 1382
f 1306 1388 1384
f 1308 1397 1394
f 1302 1365 1364
f 1298 1346 1344
f 1304 1378 1374
f 1307 1393 1389
f 1302 1367 1365
f 1308 1396 1397
f 1307 1390 1393
f 1304 1376 1378
f 1298 1347 1346
f 1306 1386 1385
f 1301 1359 1360
f 1299 1351 1349
f 1303 1372 1370
f 1305 1383 1380
f 1306 1387 1386
f 1301 1363 1359
f 1299 1352 1351
f 1303 1371 1372
f 1305 1379 1383
f 1302 1364 1368
f 1298 1344 1345
f 1304 1374 1375
f 1307 1389 1392
f 1308 1394 1398
f 1306 1384 1387
f 1301 1361 1363
f 1299 1353 1352
f 1303 1373 1371
f 1305 1382 1379
f 1301 1360 1362
f 1299 1349 1350
f 1303 1370 1369
f 1305 1380 1381
f 1306 1385 1388
f 1302 1366 1367
f 1308 1395 1396
f 1307 1391 1390
f 1304 1377 1376
f 1298 1348 1347
f 1331 1405 1412
f 1314 1401 1404
f 1315 1407 1402
f 1336 1410 1408
f 1338 1413 1411
f 1330 1421 1415
f 1329 1448 1452
f 1321 1433 1435
f 1332 1454 1456
f 1316 1419 1416
f 1328 1439 1445
f 1319 1423 1428
f 1320 1431 1424
f 1333 1443 1441
f 1337 1446 1444
f 1330 1449 1451
f 1329 1436 1429
f 1321 1434 1430
f 1332 1455 1453
f 1316 1418 1420
f 1313 1403 1343
f 1310 1399 1340
f 1309 1400 1339
f 1311 1406 1341
f 1312 1409 1342
f 1314 1414 1345
f 1331 1450 1368
f 1338 1437 1398
f 1336 1458 1392
f 1315 1417 1375
f 1326 1438 1358
f 1323 1425 1355
f 1318 1426 1354
f 1324 1440 1356
f 1325 1442 1357
f 1328 1447 1362
f 1319 1427 1350
f 1320 1432 1369
f 1333 1457 1381
f 1337 1422 1388
f 1331 1412 1397
f 1314 1404 1365
f 1315 1402 1346
f 1336 1408 1378
f 1338 1411 1393
f 1330 1415 1367
f 1329 1452 1396
f 1321 1435 1390
f 1332 1456 1376
f 1316 1416 1347
f 1328 1445 1386
f 1319 1428 1359
f 1320 1424 1351
f 1333 1441 1372
f 1337 1444 1383
f 1330 1451 1387
f 1329 1429 1363
f 1321 1430 1352
f 1332 1453 1371
f 1316 1420 1379
f 1310 1405 1364
f 1309 1401 1344
f 1311 1407 1374
f 1312 1410 1389
f 1313 1413 1394
f 1317 1421 1384
f 1327 1448 1361
f 1322 1433 1353
f 1334 1454 1373
f 1335 1419 1382
f 1323 1439 1360
f 1318 1423 1349
f 1324 1431 1370
f 1325 1443 1380
f 1326 1446 1385
f 1327 1449 1366
f 1322 1436 1395
f 1334 1434 1391
f 1335 1455 1377
f 1317 1418 1348
f 1310 1403 1405
f 1309 1399 1401
f 1311 1400 1407
f 1312 1406 1410
f 1313 1409 1413
f 1317 1414 1421
f 1327 1450 1448
f 1322 1437 1433
f 1334 1458 1454
f 1335 1417 1419
f 1323 1438 1439
f 1318 1425 1423
f 1324 1426 1431
f 1325 1440 1443
f 1326 1442 1446
f 1327 1447 1449
f 1322 1427 1436
f 1334 1432 1434
f 1335 1457 1455
f 1317 1422 1418
f 1310 1340 1403
f 1309 1339 1399
f 1311 1341 1400
f 1312 1342 1406
f 1313 1343 1409
f 1317 1348 1414
f 1327 1366 1450
f 1322 1395 1437
f 1334 1391 1458
f 1335 1377 1417
f 1323 1355 1438
f 1318 1354 1425
f 1324 1356 1426
f 1325 1357 1440
f 1326 1358 1442
f 1327 1361 1447
f 1322 1353 1427
f 1334 1373 1432
f 1335 1382 1457
f 1317 1384 1422
f 1313 1394 1412
f 1310 1364 1404
f 1309 1344 1402
f 1311 1374 1408
f 1312 1389 1411
f 1314 1365 1415
f 1331 1397 1452
f 1338 1393 1435
f 1336 1378 1456
f 1315 1346 1416
f 1326 1385 1445
f 1323 1360 1428
f 1318 1349 1424
f 1324 1370 1441
f 1325 1380 1444
f 1328 1386 1451
f 1319 1359 1429
f 1320 1351 1430
f 1333 1372 1453
f 1337 1383 1420
f 1331 1368 1405
f 1314 1345 1401
f 1315 1375 1407
f 1336 1392 1410
f 1338 1398 1413
f 1330 1387 1421
f 1329 1363 1448
f 1321 1352 1433
f 1332 1371 1454
f 1316 1379 1419
f 1328 1362 1439
f 1319 1350 1423
f 1320 1369 1431
f 1333 1381 1443
f 1337 1388 1446
f 1330 1367 1449
f 1329 1396 1436
f 1321 1390 1434
f 1332 1376 1455
f 1316 1347 1418
f 1313 1412 1403
f 1310 1404 1399
f 1309 1402 1400
f 1311 1408 1406
f 1312 1411 1409
f 1314 1415 1414
f 1331 1452 1450
f 1338 1435 1437
f 1336 1456 1458
f 1315 1416 1417
f 1326 1445 1438
f 1323 1428 1425
f 1318 1424 1426
f 1324 1441 1440
f 1325 1444 1442
f 1328 1451 1447
f 1319 1429 1427
f 1320 1430 1432
f 1333 1453 1457
f 1337 1420 1422
f 1403 1340 1343
f 1399 1339 1340
f 1400 1341 1339
f 1406 1342 1341
f 1409 1343 1342
f 1414 1348 1345
f 1450 1366 1368
f 1437 1395 1398
f 1458 1391 1392
f 1417 1377 1375
f 1438 1355 1358
f 1425 1354 1355
f 1426 1356 1354
f 1440 1357 1356
f 1442 1358 1357
f 1447 1361 1362
f 1427 1353 1350
f 1432 1373 1369
f 1457 1382 1381
f 1422 1384 1388
f 1412 1394 1397
f 1404 1364 1365
f 1402 1344 1346
f 1408 1374 1378
f 1411 1389 1393
f 1415 1365 1367
f 1452 1397 1396
f 1435 1393 1390
f 1456 1378 1376
f 1416 1346 1347
f 1445 1385 1386
f 1428 1360 1359
f 1424 1349 1351
f 1441 1370 1372
f 1444 1380 1383
f 1451 1386 1387
f 1429 1359 1363
f 1430 1351 1352
f 1453 1372 1371
f 1420 1383 1379
f 1405 1368 1364
f 1401 1345 1344
f 1407 1375 1374
f 1410 1392 1389
f 1413 1398 1394
f 1421 1387 1384
f 1448 1363 1361
f 1433 1352 1353
f 1454 1371 1373
f 1419 1379 1382
f 1439 1362 1360
f 1423 1350 1349
f 1431 1369 1370
f 1443 1381 1380
f 1446 1388 1385
f 1449 1367 1366
f 1436 1396 1395
f 1434 1390 1391
f 1455 1376 1377
f 1418 1347 1348
f 1403 1412 1405
f 1399 1404 1401
f 1400 1402 1407
f 1406 1408 1410
f 1409 1411 1413
f 1414 1415 1421
f 1450 1452 1448
f 1437 1435 1433
f 1458 1456 1454
f 1417 1416 1419
f 1438 1445 1439
f 1425 1428 1423
f 1426 1424 1431
f 1440 1441 1443
f 1442 1444 1446
f 1447 1451 1449
f 1427 1429 1436
f 1432 1430 1434
f 1457 1453 1455
f 1422 1420 1418
f 1459 1505 1502
f 1459 1502 1501
f 1459 1501 1503
f 1459 1503 1504
f 1459 1504 1505
f 1460 1507 1510
f 1464 1530 1528
f 1470 1560 1557
f 1469 1554 1553
f 1466 1537 1539
f 1462 1520 1517
f 1462 1517 1516
f 1462 1516 1518
f 1462 1518 1519
f 1462 1519 1520
f 1463 1524 1523
f 1461 1512 1515
f 1465 1531 1535
f 1467 1543 1544
f 1468 1550 1546
f 1470 1559 1556
f 1464 1527 1526
f 1460 1508 1506
f 1466 1540 1536
f 1469 1555 1551
f 1464 1529 1527
f 1470 1558 1559
f 1469 1552 1555
f 1466 1538 1540
f 1460 1509 1508
f 1468 1548 1547
f 1463 1521 1522
f 1461 1513 1511
f 1465 1534 1532
f 1467 1545 1542
f 1468 1549 1548
f 1463 1525 1521
f 1461 1514 1513
f 1465 1533 1534
f 1467 1541 1545
f 1464 1526 1530
f 1460 1506 1507
f 1466 1536 1537
f 1469 1551 1554
f 1470 1556 1560
f 1468 1546 1549
f 1463 1523 1525
f 1461 1515 1514
f 1465 1535 1533
f 1467 1544 1541
f 1463 1522 1524
f 1461 1511 1512
f 1465 1532 1531
f 1467 1542 1543
f 1468 1547 1550
f 1464 1528 1529
f 1470 1557 1558
f 1469 1553 1552
f 1466 1539 1538
f 1460 1510 1509
f 1493 1567 1574
f 1476 1563 1566
f 1477 1569 1564
f 1498 1572 1570
f 1500 1575 1573
f 1492 1583 1577
f 1491 1610 1614
f 1483 1595 1597
f 1494 1616 1618
f 1478 1581 1578
f 1490 1601 1607
f 1481 1585 1590
f 1482 1593 1586
f 1495 1605 1603
f 1499 1608 1606
f 1492 1611 1613
f 1491 1598 1591
f 1483 1596 1592
f 1494 1617 1615
f 1478 1580 1582
f 1475 1565 1505
f 1472 1561 1502
f 1471 1562 1501
f 1473 1568 1503
f 1474 1571 1504
f 1476 1576 1507
f 1493 1612 1530
f 1500 1599 1560
f 1498 1620 1554
f 1477 1579 1537
f 1488 1600 1520
f 1485 1587 1517
f 1480 1588 1516
f 1486 1602 1518
f 1487 1604 1519
f 1490 1609 1524
f 1481 1589 1512
f 1482 1594 1531
f 1495 1619 1543
f 1499 1584 1550
f 1493 1574 1559
f 1476 1566 1527
f 1477 1564 1508
f 1498 1570 1540
f 1500 1573 1555
f 1492 1577 1529
f 1491 1614 1558
f 1483 1597 1552
f 1494 1618 1538
f 1478 1578 1509
f 1490 1607 1548
f 1481 1590 1521
f 1482 1586 1513
f 1495 1603 1534
f 1499 1606 1545
f 1492 1613 1549
f 1491 1591 1525
f 1483 1592 1514
f 1494 1615 1533
f 1478 1582 1541
f 1472 1567 1526
f 1471 1563 1506
f 1473 1569 1536
f 1474 1572 1551
f 1475 1575 1556
f 1479 1583 1546
f 1489 1610 1523
f 1484 1595 1515
f 1496 1616 1535
f 1497 1581 1544
f 1485 1601 1522
f 1480 1585 1511
f 1486 1593 1532
f 1487 1605 1542
f 1488 1608 1547
f 1489 1611 1528
f 1484 1598 1557
f 1496 1596 1553
f 1497 1617 1539
f 1479 1580 1510
f 1472 1565 1567
f 1471 1561 1563
f 1473 1562 1569
f 1474 1568 1572
f 1475 1571 1575
f 1479 1576 1583
f 1489 1612 1610
f 1484 1599 1595
f 1496 1620 1616
f 1497 1579 1581
f 1485 1600 1601
f 1480 1587 1585
f 1486 1588 1593
f 1487 1602 1605
f 1488 1604 1608
f 1489 1609 1611
f 1484 1589 1598
f 1496 1594 1596
f 1497 1619 1617
f 1479 1584 1580
f 1472 1502 1565
f 1471 1501 1561
f 1473 1503 1562
f 1474 1504 1568
f 1475 1505 1571
f 1479 1510 1576
f 1489 1528 1612
f 1484 1557 1599
f 1496 1553 1620
f 1497 1539 1579
f 1485 1517 1600
f 1480 1516 1587
f 1486 1518 1588
f 1487 1519 1602
f 1488 1520 1604
f 1489 1523 1609
f 1484 1515 1589
f 1496 1535 1594
f 1497 1544 1619
f 1479 1546 1584
f 1475 1556 1574
f 1472 1526 1566
f 1471 1506 1564
f 1473 1536 1570
f 1474 1551 1573
f 1476 1527 1577
f 1493 1559 1614
f 1500 1555 1597
f 1498 1540 1618
f 1477 1508 1578
f 1488 1547 1607
f 1485 1522 1590
f 1480 1511 1586
f 1486 1532 1603
f 1487 1542 1606
f 1490 1548 1613
f 1481 1521 1591
f 1482 1513 1592
f 1495 1534 1615
f 1499 1545 1582
f 1493 1530 1567
f 1476 1507 1563
f 1477 1537 1569
f 1498 1554 1572
f 1500 1560 1575
f 1492 1549 1583
f 1491 1525 1610
f 1483 1514 1595
f 1494 1533 1616
f 1478 1541 1581
f 1490 1524 1601
f 1481 1512 1585
f 1482 1531 1593
f 1495 1543 1605
f 1499 1550 1608
f 1492 1529 1611
f 1491 1558 1598
f 1483 1552 1596
f 1494 1538 1617
f 1478 1509 1580
f 1475 1574 1565
f 1472 1566 1561
f 1471 1564 1562
f 1473 1570 1568
f 1474 1573 1571
f 1476 1577 1576
f 1493 1614 1612
f 1500 1597 1599
f 1498 1618 1620
f 1477 1578 1579
f 1488 1607 1600
f 1485 1590 1587
f 1480 1586 1588
f 1486 1603 1602
f 1487 1606 1604
f 1490 1613 1609
f 1481 1591 1589
f 1482 1592 1594
f 1495 1615 1619
f 1499 1582 1584
f 1565 1502 1505
f 1561 1501 1502
f 1562 1503 1501
f 1568 1504 1503
f 1571 1505 1504
f 1576 1510 1507
f 1612 1528 1530
f 1599 1557 1560
f 1620 1553 1554
f 1579 1539 1537
f 1600 1517 1520
f 1587 1516 1517
f 1588 1518 1516
f 1602 1519 1518
f 1604 1520 1519
f 1609 1523 1524
f 1589 1515 1512
f 1594 1535 1531
f 1619 1544 1543
f 1584 1546 1550
f 1574 1556 1559
f 1566 1526 1527
f 1564 1506 1508
f 1570 1536 1540
f 1573 1551 1555
f 1577 1527 1529
f 1614 1559 1558
f 1597 1555 1552
f 1618 1540 1538
f 1578 1508 1509
f 1607 1547 1548
f 1590 1522 1521
f 1586 1511 1513
f 1603 1532 1534
f 1606 1542 1545
f 1613 1548 1549
f 1591 1521 1525
f 1592 1513 1514
f 1615 1534 1533
f 1582 1545 1541
f 1567 1530 1526
f 1563 1507 1506
f 1569 1537 1536
f 1572 1554 1551
f 1575 1560 1556
f 1583 1549 1546
f 1610 1525 1523
f 1595 1514 1515
f 1616 1533 1535
f 1581 1541 1544
f 1601 1524 1522
f 1585 1512 1511
f 1593 1531 1532
f 1605 1543 1542
f 1608 1550 1547
f 1611 1529 1528
f 1598 1558 1557
f 1596 1552 1553
f 1617 1538 1539
f 1580 1509 1510
f 1565 1574 1567
f 1561 1566 1563
f 1562 1564 1569
f 1568 1570 1572
f 1571 1573 1575
f 1576 1577 1583
f 1612 1614 1610
f 1599 1597 1595
f 1620 1618 1616
f 1579 1578 1581
f 1600 1607 1601
f 1587 1590 1585
f 1588 1586 1593
f 1602 1603 1605
f 1604 1606 1608
f 1609 1613 1611
f 1589 1591 1598
f 1594 1592 1596
f 1619 1615 1617
f 1584 1582 1580
f 1621 1667 1664
f 1621 1664 1663
f 1621 1663 1665
f 1621 1665 1666
f 1621 1666 1667
f 1622 1669 1672
f 1626 1692 1690
f 1632 1722 1719
f 1631 1716 1715
f 1628 1699 1701
f 1624 1682 1679
f 1624 1679 1678
f 1624 1678 1680
f 1624 1680 1681
f 1624 1681 1682
f 1625 1686 1685
f 1623 1674 1677
f 1627 1693 1697
f 1629 1705 1706
f 1630 1712 1708
f 1632 1721 1718
f 1626 1689 1688
f 1622 1670 1668
f 1628 1702 1698
f 1631 1717 1713
f 1626 1691 1689
f 1632 1720 1721
f 1631 1714 1717
f 1628 1700 1702
f 1622 1671 1670
f 1630 1710 1709
f 1625 1683 1684
f 1623 1675 1673
f 1627 1696 1694
f 1629 1707 1704
f 1630 1711 1710
f 1625 1687 1683
f 1623 1676 1675
f 1627 1695 1696
f 1629 1703 1707
f 1626 1688 1692
f 1622 1668 1669
f 1628 1698 1699
f 1631 1713 1716
f 1632 1718 1722
f 1630 1708 1711
f 1625 1685 1687
f 1623 1677 1676
f 1627 1697 1695
f 1629 1706 1703
f 1625 1684 1686
f 1623 1673 1674
f 1627 1694 1693
f 1629 1704 1705
f 1630 1709 1712
f 1626 1690 1691
f 1632 1719 1720
f 1631 1715 1714
f 1628 1701 1700
f 1622 1672 1671
f 1655 1729 1736
f 1638 1725 1728
f 1639 1731 1726
f 1660 1734 1732
f 1662 1737 1735
f 1654 1745 1739
f 1653 1772 1776
f 1645 1757 1759
f 1656 1778 1780
f 1640 1743 1740
f 1652 1763 1769
f 1643 1747 1752
f 1644 1755 1748
f 1657 1767 1765
f 1661 1770 1768
f 1654 1773 1775
f 1653 1760 1753
f 1645 1758 1754
f 1656 1779 1777
f 1640 1742 1744
f 1637 1727 1667
f 1634 1723 1664
f 1633 1724 1663
f 1635 1730 1665
f 1636 1733 1666
f 1638 1738 1669
f 1655 1774 1692
f 1662 1761 1722
f 1660 1782 1716
f 1639 1741 1699
f 1650 1762 1682
f 1647 1749 1679
f 1642 1750 1678
f 1648 1764 1680
f 1649 1766 1681
f 1652 1771 1686
f 1643 1751 1674
f 1644 1756 1693
f 1657 1781 1705
f 1661 1746 1712
f 1655 1736 1721
f 1638 1728 1689
f 1639 1726 1670
f 1660 1732 1702
f 1662 1735 1717
f 1654 1739 1691
f 1653 1776 1720
f 1645 1759 1714
f 1656 1780 1700
f 1640 1740 1671
f 1652 1769 1710
f 1643 1752 1683
f 1644 1748 1675
f 1657 1765 1696
f 1661 1768 1707
f 1654 1775 1711
f 1653 1753 1687
f 1645 1754 1676
f 1656 1777 1695
f 1640 1744 1703
f 1634 1729 1688
f 1633 1725 1668
f 1635 1731 1698
f 1636 1734 1713
f 1637 1737 1718
f 1641 1745 1708
f 1651 1772 1685
f 1646 1757 1677
f 1658 1778 1697
f 1659 1743 1706
f 1647 1763 1684
f 1642 1747 1673
f 1648 1755 1694
f 1649 1767 1704
f 1650 1770 1709
f 1651 1773 1690
f 1646 1760 1719
f 1658 1758 1715
f 1659 1779 1701
f 1641 1742 1672
f 1634 1727 1729
f 1633 1723 1725
f 1635 1724 1731
f 1636 1730 1734
f 1637 1733 1737
f 1641 1738 1745
f 1651 1774 1772
f 1646 1761 1757
f 1658 1782 1778
f 1659 1741 1743
f 1647 1762 1763
f 1642 1749 1747
f 1648 1750 1755
f 1649 1764 1767
f 1650 1766 1770
f 1651 1771 1773
f 1646 1751 1760
f 1658 1756 1758
f 1659 1781 1779
f 1641 1746 1742
f 1634 1664 1727
f 1633 1663 1723
f 1635 1665 1724
f 1636 1666 1730
f 1637 1667 1733
f 1641 1672 1738
f 1651 1690 1774
f 1646 1719 1761
f 1658 1715 1782
f 1659 1701 1741
f 1647 1679 1762
f 1642 1678 1749
f 1648 1680 1750
f 1649 1681 1764
f 1650 1682 1766
f 1651 1685 1771
f 1646 1677 1751
f 1658 1697 1756
f 1659 1706 1781
f 1641 1708 1746
f 1637 1718 1736
f 1634 1688 1728
f 1633 1668 1726
f 1635 1698 1732
f 1636 1713 1735
f 1638 1689 1739
f 1655 1721 1776
f 1662 1717 1759
f 1660 1702 1780
f 1639 1670 1740
f 1650 1709 1769
f 1647 1684 1752
f 1642 1673 1748
f 1648 1694 1765
f 1649 1704 1768
f 1652 1710 1775
f 1643 1683 1753
f 1644 1675 1754
f 1657 1696 1777
f 1661 1707 1744
f 1655 1692 1729
f 1638 1669 1725
f 1639 1699 1731
f 1660 1716 1734
f 1662 1722 1737
f 1654 1711 1745
f 1653 1687 1772
f 1645 1676 1757
f 1656 1695 1778
f 1640 1703 1743
f 1652 1686 1763
f 1643 1674 1747
f 1644 1693 1755
f 1657 1705 1767
f 1661 1712 1770
f 1654 1691 1773
f 1653 1720 1760
f 1645 1714 1758
f 1656 1700 1779
f 1640 1671 1742
f 1637 1736 1727
f 1634 1728 1723
f 1633 1726 1724
f 1635 1732 1730
f 1636 1735 1733
f 1638 1739 1738
f 1655 1776 1774
f 1662 1759 1761
f 1660 1780 1782
f 1639 1740 1741
f 1650 1769 1762
f 1647 1752 1749
f 1642 1748 1750
f 1648 1765 1764
f 1649 1768 1766
f 1652 1775 1771
f 1643 1753 1751
f 1644 1754 1756
f 1657 1777 1781
f 1661 1744 1746
f 1727 1664 1667
f 1723 1663 1664
f 1724 1665 1663
f 1730 1666 1665
f 1733 1667 1666
f 1738 1672 1669
f 1774 1690 1692
f 1761 1719 1722
f 1782 1715 1716
f 1741 1701 1699
f 1762 1679 1682
f 1749 1678 1679
f 1750 1680 1678
f 1764 1681 1680
f 1766 1682 1681
f 1771 1685 1686
f 1751 1677 1674
f 1756 1697 1693
f 1781 1706 1705
f 1746 1708 1712
f 1736 1718 1721
f 1728 1688 1689
f 1726 1668 1670
f 1732 1698 1702
f 1735 1713 1717
f 1739 1689 1691
f 1776 1721 1720
f 1759 1717 1714
f 1780 1702 1700
f 1740 1670 1671
f 1769 1709 1710
f 1752 1684 1683
f 1748 1673 1675
f 1765 1694 1696
f 1768 1704 1707
f 1775 1710 1711
f 1753 1683 1687
f 1754 1675 1676
f 1777 1696 1695
f 1744 1707 1703
f 1729 1692 1688
f 1725 1669 1668
f 1731 1699 1698
f 1734 1716 1713
f 1737 1722 1718
f 1745 1711 1708
f 1772 1687 1685
f 1757 1676 1677
f 1778 1695 1697
f 1743 1703 1706
f 1763 1686 1684
f 1747 1674 1673
f 1755 1693 1694
f 1767 1705 1704
f 1770 1712 1709
f 1773 1691 1690
f 1760 1720 1719
f 1758 1714 1715
f 1779 1700 1701
f 1742 1671 1672
f 1727 1736 1729
f 1723 1728 1725
f 1724 1726 1731
f 1730 1732 1734
f 1733 1735 1737
f 1738 1739 1745
f 1774 1776 1772
f 1761 1759 1757
f 1782 1780 1778
f 1741 1740 1743
f 1762 1769 1763
f 1749 1752 1747
f 1750 1748 1755
f 1764 1765 1767
f 1766 1768 1770
f 1771 1775 1773
f 1751 1753 1760
f 1756 1754 1758
f 1781 1777 1779
f 1746 1744 1742
f 1783 1829 1826
f 1783 1826 1825
f 1783 1825 1827
f 1783 1827 1828
f 1783 1828 1829
f 1784 1831 1834
f 1788 1854 1852
f 1794 1884 1881
f 1793 1878 1877
f 1790 1861 1863
f 1786 1844 1841
f 1786 1841 1840
f 1786 1840 1842
f 1786 1842 1843
f 1786 1843 1844
f 1787 1848 1847
f 1785 1836 1839
f 1789 1855 1859
f 1791 1867 1868
f 1792 1874 1870
f 1794 1883 1880
f 1788 1851 1850
f 1784 1832 1830
f 1790 1864 1860
f 1793 1879 1875
f 1788 1853 1851
f 1794 1882 1883
f 1793 1876 1879
f 1790 1862 1864
f 1784 1833 1832
f 1792 1872 1871
f 1787 1845 1846
f 1785 1837 1835
f 1789 1858 1856
f 1791 1869 1866
f 1792 1873 1872
f 1787 1849 1845
f 1785 1838 1837
f 1789 1857 1858
f 1791 1865 1869
f 1788 1850 1854
f 1784 1830 1831
f 1790 1860 1861
f 1793 1875 1878
f 1794 1880 1884
f 1792 1870 1873
f 1787 1847 1849
f 1785 1839 1838
f 1789 1859 1857
f 1791 1868 1865
f 1787 1846 1848
f 1785 1835 1836
f 1789 1856 1855
f 1791 1866 1867
f 1792 1871 1874
f 1788 1852 1853
f 1794 1881 1882
f 1793 1877 1876
f 1790 1863 1862
f 1784 1834 1833
f 1817 1891 1898
f 1800 1887 1890
f 1801 1893 1888
f 1822 1896 1894
f 1824 1899 1897
f 1816 1907 1901
f 1815 1934 1938
f 1807 1919 1921
f 1818 1940 1942
f 1802 1905 1902
f 1814 1925 1931
f 1805 1909 1914
f 1806 1917 1910
f 1819 1929 1927
f 1823 1932 1930
f 1816 1935 1937
f 1815 1922 1915
f 1807 1920 1916
f 1818 1941 1939
f 1802 1904 1906
f 1799 1889 1829
f 1796 1885 1826
f 1795 1886 1825
f 1797 1892 1827
f 1798 1895 1828
f 1800 1900 1831
f 1817 1936 1854
f 1824 1923 1884
f 1822 1944 1878
f 1801 1903 1861
f 1812 1924 1844
f 1809 1911 1841
f 1804 1912 1840
f 1810 1926 1842
f 1811 1928 1843
f 1814 1933 1848
f 1805 1913 1836
f 1806 1918 1855
f 1819 1943 1867
f 1823 1908 1874
f 1817 1898 1883
f 1800 1890 1851
f 1801 1888 1832
f 1822 1894 1864
f 1824 1897 1879
f 1816 1901 1853
f 1815 1938 1882
f 1807 1921 1876
f 1818 1942 1862
f 1802 1902 1833
f 1814 1931 1872
f 1805 1914 1845
f 1806 1910 1837
f 1819 1927 1858
f 1823 1930 1869
f 1816 1937 1873
f 1815 1915 1849
f 1807 1916 1838
f 1818 1939 1857
f 1802 1906 1865
f 1796 1891 1850
f 1795 1887 1830
f 1797 1893 1860
f 1798 1896 1875
f 1799 1899 1880
f 1803 1907 1870
f 1813 1934 1847
f 1808 1919 1839
f 1820 1940 1859
f 1821 1905 1868
f 1809 1925 1846
f 1804 1909 1835
f 1810 1917 1856
f 1811 1929 1866
f 1812 1932 1871
f 1813 1935 1852
f 1808 1922 1881
f 1820 1920 1877
f 1821 1941 1863
f 1803 1904 1834
f 1796 1889 1891
f 1795 1885 1887
f 1797 1886 1893
f 1798 1892 1896
f 1799 1895 1899
f 1803 1900 1907
f 1813 1936 1934
f 1808 1923 1919
f 1820 1944 1940
f 1821 1903 1905
f 1809 1924 1925
f 1804 1911 1909
f 1810 1912 1917
f 1811 1926 1929
f 1812 1928 1932
f 1813 1933 1935
f 1808 1913 1922
f 1820 1918 1920
f 1821 1943 1941
f 1803 1908 1904
f 1796 1826 1889
f 1795 1825 1885
f 1797 1827 1886
f 1798 1828 1892
f 1799 1829 1895
f 1803 1834 1900
f 1813 1852 1936
f 1808 1881 1923
f 1820 1877 1944
f 1821 1863 1903
f 1809 1841 1924
f 1804 1840 1911
f 1810 1842 1912
f 1811 1843 1926
f 1812 1844 1928
f 1813 1847 1933
f 1808 1839 1913
f 1820 1859 1918
f 1821 1868 1943
f 1803 1870 1908
f 1799 1880 1898
f 1796 1850 1890
f 1795 1830 1888
f 1797 1860 1894
f 1798 1875 1897
f 1800 1851 1901
f 1817 1883 1938
f 1824 1879 1921
f 1822 1864 1942
f 1801 1832 1902
f 1812 1871 1931
f 1809 1846 1914
f 1804 1835 1910
f 1810 1856 1927
f 1811 1866 1930
f 1814 1872 1937
f 1805 1845 1915
f 1806 1837 1916
f 1819 1858 1939
f 1823 1869 1906
f 1817 1854 1891
f 1800 1831 1887
f 1801 1861 1893
f 1822 1878 1896
f 1824 1884 1899
f 1816 1873 1907
f 1815 1849 1934
f 1807 1838 1919
f 1818 1857 1940
f 1802 1865 1905
f 1814 1848 1925
f 1805 1836 1909
f 1806 1855 1917
f 1819 1867 1929
f 1823 1874 1932
f 1816 1853 1935
f 1815 1882 1922
f 1807 1876 1920
f 1818 1862 1941
f 1802 1833 1904
f 1799 1898 1889
f 1796 1890 1885
f 1795 1888 1886
f 1797 1894 1892
f 1798 1897 1895
f 1800 1901 1900
f 1817 1938 1936
f 1824 1921 1923
f 1822 1942 1944
f 1801 1902 1903
f 1812 1931 1924
f 1809 1914 1911
f 1804 1910 1912
f 1810 1927 1926
f 1811 1930 1928
f 1814 1937 1933
f 1805 1915 1913
f 1806 1916 1918
f 1819 1939 1943
f 1823 1906 1908
f 1889 1826 1829
f 1885 1825 1826
f 1886 1827 1825
f 1892 1828 1827
f 1895 1829 1828
f 1900 1834 1831
f 1936 1852 1854
f 1923 1881 1884
f 1944 1877 1878
f 1903 1863 1861
f 1924 1841 1844
f 1911 1840 1841
f 1912 1842 1840
f 1926 1843 1842
f 1928 1844 1843
f 1933 1847 1848
f 1913 1839 1836
f 1918 1859 1855
f 1943 1868 1867
f 1908 1870 1874
f 1898 1880 1883
f 1890 1850 1851
f 1888 1830 1832
f 1894 1860 1864
f 1897 1875 1879
f 1901 1851 1853
f 1938 1883 1882
f 1921 1879 1876
f 1942 1864 1862
f 1902 1832 1833
f 1931 1871 1872
f 1914 1846 1845
f 1910 1835 1837
f 1927 1856 1858
f 1930 1866 1869
f 1937 1872 1873
f 1915 1845 1849
f 1916 1837 1838
f 1939 1858 1857
f 1906 1869 1865
f 1891 1854 1850
f 1887 1831 1830
f 1893 1861 1860
f 1896 1878 1875
f 1899 1884 1880
f 1907 1873 1870
f 1934 1849 1847
f 1919 1838 1839
f 1940 1857 1859
f 1905 1865 1868
f 1925 1848 1846
f 1909 1836 1835
f 1917 1855 1856
f 1929 1867 1866
f 1932 1874 1871
f 1935 1853 1852
f 1922 1882 1881
f 1920 1876 1877
f 1941 1862 1863
f 1904 1833 1834
f 1889 1898 1891
f 1885 1890 1887
f 1886 1888 1893
f 1892 1894 1896
f 1895 1897 1899
f 1900 1901 1907
f 1936 1938 1934
f 1923 1921 1919
f 1944 1942 1940
f 1903 1902 1905
f 1924 1931 1925
f 1911 1914 1909
f 1912 1910 1917
f 1926 1927 1929
f 1928 1930 1932
f 1933 1937 1935
f 1913 1915 1922
f 1918 1916 1920
f 1943 1939 1941
f 1908 1906 1904
f 1945 1991 1988
f 1945 1988 1987
f 1945 1987 1989
f 1945 1989 1990
f 1945 1990 1991
f 1946 1993 1996
f 1950 2016 2014
f 1956 2046 2043
f 1955 2040 2039
f 1952 2023 2025
f 1948 2006 2003
f 1948 2003 2002
f 1948 2002 2004
f 1948 2004 2005
f 1948 2005 2006
f 1949 2010 2009
f 1947 1998 2001
f 1951 2017 2021
f 1953 2029 2030
f 1954 2036 2032
f 1956 2045 2042
f 1950 2013 2012
f 1946 1994 1992
f 1952 2026 2022
f 1955 2041 2037
f 1950 2015 2013
f 1956 2044 2045
f 1955 2038 2041
f 1952 2024 2026
f 1946 1995 1994
f 1954 2034 2033
f 1949 2007 2008
f 1947 1999 1997
f 1951 2020 2018
f 1953 2031 2028
f 1954 2035 2034
f 1949 2011 2007
f 1947 2000 1999
f 1951 2019 2020
f 1953 2027 2031
f 1950 2012 2016
f 1946 1992 1993
f 1952 2022 2023
f 1955 2037 2040
f 1956 2042 2046
f 1954 2032 2035
f 1949 2009 2011
f 1947 2001 2000
f 1951 2021 2019
f 1953 2030 2027
f 1949 2008 2010
f 1947 1997 1998
f 1951 2018 2017
f 1953 2028 2029
f 1954 2033 2036
f 1950 2014 2015
f 1956 2043 2044
f 1955 2039 2038
f 1952 2025 2024
f 1946 1996 1995
f 1979 2053 2060
f 1962 2049 2052
f 1963 2055 2050
f 1984 2058 2056
f 1986 2061 2059
f 1978 2069 2063
f 1977 2096 2100
f 1969 2081 2083
f 1980 2102 2104
f 1964 2067 2064
f 1976 2087 2093
f 1967 2071 2076
f 1968 2079 2072
f 1981 2091 2089
f 1985 2094 2092
f 1978 2097 2099
f 1977 2084 2077
f 1969 2082 2078
f 1980 2103 2101
f 1964 2066 2068
f 1961 2051 1991
f 1958 2047 1988
f 1957 2048 1987
f 1959 2054 1989
f 1960 2057 1990
f 1962 2062 1993
f 1979 2098 2016
f 1986 2085 2046
f 1984 2106 2040
f 1963 2065 2023
f 1974 2086 2006
f 1971 2073 2003
f 1966 2074 2002
f 1972 2088 2004
f 1973 2090 2005
f 1976 2095 2010
f 1967 2075 1998
f 1968 2080 2017
f 1981 2105 2029
f 1985 2070 2036
f 1979 2060 2045
f 1962 2052 2013
f 1963 2050 1994
f 1984 2056 2026
f 1986 2059 2041
f 1978 2063 2015
f 1977 2100 2044
f 1969 2083 2038
f 1980 2104 2024
f 1964 2064 1995
f 1976 2093 2034
f 1967 2076 2007
f 1968 2072 1999
f 1981 2089 2020
f 1985 2092 2031
f 1978 2099 2035
f 1977 2077 2011
f 1969 2078 2000
f 1980 2101 2019
f 1964 2068 2027
f 1958 2053 2012
f 1957 2049 1992
f 1959 2055 2022
f 1960 2058 2037
f 1961 2061 2042
f 1965 2069 2032
f 1975 2096 2009
f 1970 2081 2001
f 1982 2102 2021
f 1983 2067 2030
f 1971 2087 2008
f 1966 2071 1997
f 1972 2079 2018
f 1973 2091 2028
f 1974 2094 2033
f 1975 2097 2014
f 1970 2084 2043
f 1982 2082 2039
f 1983 2103 2025
f 1965 2066 1996
f 1958 2051 2053
f 1957 2047 2049
f 1959 2048 2055
f 1960 2054 2058
f 1961 2057 2061
f 1965 2062 2069
f 1975 2098 2096
f 1970 2085 2081
f 1982 2106 2102
f 1983 2065 2067
f 1971 2086 2087
f 1966 2073 2071
f 1972 2074 2079
f 1973 2088 2091
f 1974 2090 2094
f 1975 2095 2097
f 1970 2075 2084
f 1982 2080 2082
f 1983 2105 2103
f 1965 2070 2066
f 1958 1988 2051
f 1957 1987 2047
f 1959 1989 2048
f 1960 1990 2054
f 1961 1991 2057
f 1965 1996 2062
f 1975 2014 2098
f 1970 2043 2085
f 1982 2039 2106
f 1983 2025 2065
f 1971 2003 2086
f 1966 2002 2073
f 1972 2004 2074
f 1973 2005 2088
f 1974 2006 2090
f 1975 2009 2095
f 1970 2001 2075
f 1982 2021 2080
f 1983 2030 2105
f 1965 2032 2070
f 1961 2042 2060
f 1958 2012 2052
f 1957 1992 2050
f 1959 2022 2056
f 1960 2037 2059
f 1962 2013 2063
f 1979 2045 2100
f 1986 2041 2083
f 1984 2026 2104
f 1963 1994 2064
f 1974 2033 2093
f 1971 2008 2076
f 1966 1997 2072
f 1972 2018 2089
f 1973 2028 2092
f 1976 2034 2099
f 1967 2007 2077
f 1968 1999 2078
f 1981 2020 2101
f 1985 2031 2068
f 1979 2016 2053
f 1962 1993 2049
f 1963 2023 2055
f 1984 2040 2058
f 1986 2046 2061
f 1978 2035 2069
f 1977 2011 2096
f 1969 2000 2081
f 1980 2019 2102
f 1964 2027 2067
f 1976 2010 2087
f 1967 1998 2071
f 1968 2017 2079
f 1981 2029 2091
f 1985 2036 2094
f 1978 2015 2097
f 1977 2044 2084
f 1969 2038 2082
f 1980 2024 2103
f 1964 1995 2066
f 1961 2060 2051
f 1958 2052 2047
f 1957 2050 2048
f 1959 2056 2054
f 1960 2059 2057
f 1962 2063 2062
f 1979 2100 2098
f 1986 2083 2085
f 1984 2104 2106
f 1963 2064 2065
f 1974 2093 2086
f 1971 2076 2073
f 1966 2072 2074
f 1972 2089 2088
f 1973 2092 2090
f 1976 2099 2095
f 1967 2077 2075
f 1968 2078 2080
f 1981 2101 2105
f 1985 2068 2070
f 2051 1988 1991
f 2047 1987 1988
f 2048 1989 1987
f 2054 1990 1989
f 2057 1991 1990
f 2062 1996 1993
f 2098 2014 2016
f 2085 2043 2046
f 2106 2039 2040
f 2065 2025 2023
f 2086 2003 2006
f 2073 2002 2003
f 2074 2004 2002
f 2088 2005 2004
f 2090 2006 2005
f 2095 2009 2010
f 2075 2001 1998
f 2080 2021 2017
f 2105 2030 2029
f 2070 2032 2036
f 2060 2042 2045
f 2052 2012 2013
f 2050 1992 1994
f 2056 2022 2026
f 2059 2037 2041
f 2063 2013 2015
f 2100 2045 2044
f 2083 2041 2038
f 2104 2026 2024
f 2064 1994 1995
f 2093 2033 2034
f 2076 2008 2007
f 2072 1997 1999
f 2089 2018 2020
f 2092 2028 2031
f 2099 2034 2035
f 2077 2007 2011
f 2078 1999 2000
f 2101 2020 2019
f 2068 2031 2027
f 2053 2016 2012
f 2049 1993 1992
f 2055 2023 2022
f 2058 2040 2037
f 2061 2046 2042
f 2069 2035 2032
f 2096 2011 2009
f 2081 2000 2001
f 2102 2019 2021
f 2067 2027 2030
f 2087 2010 2008
f 2071 1998 1997
f 2079 2017 2018
f 2091 2029 2028
f 2094 2036 2033
f 2097 2015 2014
f 2084 2044 2043
f 2082 2038 2039
f 2103 2024 2025
f 2066 1995 1996
f 2051 2060 2053
f 2047 2052 2049
f 2048 2050 2055
f 2054 2056 2058
f 2057 2059 2061
f 2062 2063 2069
f 2098 2100 2096
f 2085 2083 2081
f 2106 2104 2102
f 2065 2064 2067
f 2086 2093 2087
f 2073 2076 2071
f 2074 2072 2079
f 2088 2089 2091
f 2090 2092 2094
f 2095 2099 2097
f 2075 2077 2084
f 2080 2078 2082
f 2105 2101 2103
f 2070 2068 2066
f 2107 2153 2150
f 2107 2150 2149
f 2107 2149 2151
f 2107 2151 2152
f 2107 2152 2153
f 2108 2155 2158
f 2112 2178 2176
f 2118 2208 2205
f 2117 2202 2201
f 2114 2185 2187
f 2110 2168 2165
f 2110 2165 2164
f 2110 2164 2166
f 2110 2166 2167
f 2110 2167 2168
f 2111 2172 2171
f 2109 2160 2163
f 2113 2179 2183
f 2115 2191 2192
f 2116 2198 2194
f 2118 2207 2204
f 2112 2175 2174
f 2108 2156 2154
f 2114 2188 2184
f 2117 2203 2199
f 2112 2177 2175
f 2118 2206 2207
f 2117 2200 2203
f 2114 2186 2188
f 2108 2157 2156
f 2116 2196 2195
f 2111 2169 2170
f 2109 2161 2159
f 2113 2182 2180
f 2115 2193 2190
f 2116 2197 2196
f 2111 2173 2169
f 2109 2162 2161
f 2113 2181 2182
f 2115 2189 2193
f 2112 2174 2178
f 2108 2154 2155
f 2114 2184 2185
f 2117 2199 2202
f 2118 2204 2208
f 2116 2194 2197
f 2111 2171 2173
f 2109 2163 2162
f 2113 2183 2181
f 2115 2192 2189
f 2111 2170 2172
f 2109 2159 2160
f 2113 2180 2179
f 2115 2190 2191
f 2116 2195 2198
f 2112 2176 2177
f 2118 2205 2206
f 2117 2201 2200
f 2114 2187 2186
f 2108 2158 2157
f 2141 2215 2222
f 2124 2211 2214
f 2125 2217 2212
f 2146 2220 2218
f 2148 2223 2221
f 2140 2231 2225
f 2139 2258 2262
f 2131 2243 2245
f 2142 2264 2266
f 2126 2229 2226
f 2138 2249 2255
f 2129 2233 2238
f 2130 2241 2234
f 2143 2253 2251
f 2147 2256 2254
f 2140 2259 2261
f 2139 2246 2239
f 2131 2244 2240
f 2142 2265 2263
f 2126 2228 2230
f 2123 2213 2153
f 2120 2209 2150
f 2119 2210 2149
f 2121 2216 2151
f 2122 2219 2152
f 2124 2224 2155
f 2141 2260 2178
f 2148 2247 2208
f 2146 2268 2202
f 2125 2227 2185
f 2136 2248 2168
f 2133 2235 2165
f 2128 2236 2164
f 2134 2250 2166
f 2135 2252 2167
f 2138 2257 2172
f 2129 2237 2160
f 2130 2242 2179
f 2143 2267 2191
f 2147 2232 2198
f 2141 2222 2207
f 2124 2214 2175
f 2125 2212 2156
f 2146 2218 2188
f 2148 2221 2203
f 2140 2225 2177
f 2139 2262 2206
f 2131 2245 2200
f 2142 2266 2186
f 2126 2226 2157
f 2138 2255 2196
f 2129 2238 2169
f 2130 2234 2161
f 2143 2251 2182
f 2147 2254 2193
f 2140 2261 2197
f 2139 2239 2173
f 2131 2240 2162
f 2142 2263 2181
f 2126 2230 2189
f 2120 2215 2174
f 2119 2211 2154
f 2121 2217 2184
f 2122 2220 2199
f 2123 2223 2204
f 2127 2231 2194
f 2137 2258 2171
f 2132 2243 2163
f 2144 2264 2183
f 2145 2229 2192
f 2133 2249 2170
f 2128 2233 2159
f 2134 2241 2180
f 2135 2253 2190
f 2136 2256 2195
f 2137 2259 2176
f 2132 2246 2205
f 2144 2244 2201
f 2145 2265 2187
f 2127 2228 2158
f 2120 2213 2215
f 2119 2209 2211
f 2121 2210 2217
f 2122 2216 2220
f 2123 2219 2223
f 2127 2224 2231
f 2137 2260 2258
f 2132 2247 2243
f 2144 2268 2264
f 2145 2227 2229
f 2133 2248 2249
f 2128 2235 2233
f 2134 2236 2241
f 2135 2250 2253
f 2136 2252 2256
f 2137 2257 2259
f 2132 2237 2246
f 2144 2242 2244
f 2145 2267 2265
f 2127 2232 2228
f 2120 2150 2213
f 2119 2149 2209
f 2121 2151 2210
f 2122 2152 2216
f 2123 2153 2219
f 2127 2158 2224
f 2137 2176 2260
f 2132 2205 2247
f 2144 2201 2268
f 2145 2187 2227
f 2133 2165 2248
f 2128 2164 2235
f 2134 2166 2236
f 2135 2167 2250
f 2136 2168 2252
f 2137 2171 2257
f 2132 2163 2237
f 2144 2183 2242
f 2145 2192 2267
f 2127 2194 2232
f 2123 2204 2222
f 2120 2174 2214
f 2119 2154 2212
f 2121 2184 2218
f 2122 2199 2221
f 2124 2175 2225
f 2141 2207 2262
f 2148 2203 2245
f 2146 2188 2266
f 2125 2156 2226
f 2136 2195 2255
f 2133 2170 2238
f 2128 2159 2234
f 2134 2180 2251
f 2135 2190 2254
f 2138 2196 2261
f 2129 2169 2239
f 2130 2161 2240
f 2143 2182 2263
f 2147 2193 2230
f 2141 2178 2215
f 2124 2155 2211
f 2125 2185 2217
f 2146 2202 2220
f 2148 2208 2223
f 2140 2197 2231
f 2139 2173 2258
f 2131 2162 2243
f 2142 2181 2264
f 2126 2189 2229
f 2138 2172 2249
f 2129 2160 2233
f 2130 2179 2241
f 2143 2191 2253
f 2147 2198 2256
f 2140 2177 2259
f 2139 2206 2246
f 2131 2200 2244
f 2142 2186 2265
f 2126 2157 2228
f 2123 2222 2213
f 2120 2214 2209
f 2119 2212 2210
f 2121 2218 2216
f 2122 2221 2219
f 2124 2225 2224
f 2141 2262 2260
f 2148 2245 2247
f 2146 2266 2268
f 2125 2226 2227
f 2136 2255 2248
f 2133 2238 2235
f 2128 2234 2236
f 2134 2251 2250
f 2135 2254 2252
f 2138 2261 2257
f 2129 2239 2237
f 2130 2240 2242
f 2143 2263 2267
f 2147 2230 2232
f 2213 2150 2153
f 2209 2149 2150
f 2210 2151 2149
f 2216 2152 2151
f 2219 2153 2152
f 2224 2158 2155
f 2260 2176 2178
f 2247 2205 2208
f 2268 2201 2202
f 2227 2187 2185
f 2248 2165 2168
f 2235 2164 2165
f 2236 2166 2164
f 2250 2167 2166
f 2252 2168 2167
f 2257 2171 2172
f 2237 2163 2160
f 2242 2183 2179
f 2267 2192 2191
f 2232 2194 2198
f 2222 2204 2207
f 2214 2174 2175
f 2212 2154 2156
f 2218 2184 2188
f 2221 2199 2203
f 2225 2175 2177
f 2262 2207 2206
f 2245 2203 2200
f 2266 2188 2186
f 2226 2156 2157
f 2255 2195 2196
f 2238 2170 2169
f 2234 2159 2161
f 2251 2180 2182
f 2254 2190 2193
f 2261 2196 2197
f 2239 2169 2173
f 2240 2161 2162
f 2263 2182 2181
f 2230 2193 2189
f 2215 2178 2174
f 2211 2155 2154
f 2217 2185 2184
f 2220 2202 2199
f 2223 2208 2204
f 2231 2197 2194
f 2258 2173 2171
f 2243 2162 2163
f 2264 2181 2183
f 2229 2189 2192
f 2249 2172 2170
f 2233 2160 2159
f 2241 2179 2180
f 2253 2191 2190
f 2256 2198 2195
f 2259 2177 2176
f 2246 2206 2205
f 2244 2200 2201
f 2265 2186 2187
f 2228 2157 2158
f 2213 2222 2215
f 2209 2214 2211
f 2210 2212 2217
f 2216 2218 2220
f 2219 2221 2223
f 2224 2225 2231
f 2260 2262 2258
f 2247 2245 2243
f 2268 2266 2264
f 2227 2226 2229
f 2248 2255 2249
f 2235 2238 2233
f 2236 2234 2241
f 2250 2251 2253
f 2252 2254 2256
f 2257 2261 2259
f 2237 2239 2246
f 2242 2240 2244
f 2267 2263 2265
f 2232 2230 2228
f 2269 2315 2312
f 2269 2312 2311
f 2269 2311 2313
f 2269 2313 2314
f 2269 2314 2315
f 2270 2317 2320
f 2274 2340 2338
f 2280 2370 2367
f 2279 2364 2363
f 2276 2347 2349
f 2272 2330 2327
f 2272 2327 2326
f 2272 2326 2328
f 2272 2328 2329
f 2272 2329 2330
f 2273 2334 2333
f 2271 2322 2325
f 2275 2341 2345
f 2277 2353 2354
f 2278 2360 2356
f 2280 2369 2366
f 2274 2337 2336
f 2270 2318 2316
f 2276 2350 2346
f 2279 2365 2361
f 2274 2339 2337
f 2280 2368 2369
f 2279 2362 2365
f 2276 2348 2350
f 2270 2319 2318
f 2278 2358 2357
f 2273 2331 2332
f 2271 2323 2321
f 2275 2344 2342
f 2277 2355 2352
f 2278 2359 2358
f 2273 2335 2331
f 2271 2324 2323
f 2275 2343 2344
f 2277 2351 2355
f 2274 2336 2340
f 2270 2316 2317
f 2276 2346 2347
f 2279 2361 2364
f 2280 2366 2370
f 2278 2356 2359
f 2273 2333 2335
f 2271 2325 2324
f 2275 2345 2343
f 2277 2354 2351
f 2273 2332 2334
f 2271 2321 2322
f 2275 2342 2341
f 2277 2352 2353
f 2278 2357 2360
f 2274 2338 2339
f 2280 2367 2368
f 2279 2363 2362
f 2276 2349 2348
f 2270 2320 2319
f 2303 2377 2384
f 2286 2373 2376
f 2287 2379 2374
f 2308 2382 2380
f 2310 2385 2383
f 2302 2393 2387
f 2301 2420 2424
f 2293 2405 2407
f 2304 2426 2428
f 2288 2391 2388
f 2300 2411 2417
f 2291 2395 2400
f 2292 2403 2396
f 2305 2415 2413
f 2309 2418 2416
f 2302 2421 2423
f 2301 2408 2401
f 2293 2406 2402
f 2304 2427 2425
f 2288 2390 2392
f 2285 2375 2315
f 2282 2371 2312
f 2281 2372 2311
f 2283 2378 2313
f 2284 2381 2314
f 2286 2386 2317
f 2303 2422 2340
f 2310 2409 2370
f 2308 2430 2364
f 2287 2389 2347
f 2298 2410 2330
f 2295 2397 2327
f 2290 2398 2326
f 2296 2412 2328
f 2297 2414 2329
f 2300 2419 2334
f 2291 2399 2322
f 2292 2404 2341
f 2305 2429 2353
f 2309 2394 2360
f 2303 2384 2369
f 2286 2376 2337
f 2287 2374 2318
f 2308 2380 2350
f 2310 2383 2365
f 2302 2387 2339
f 2301 2424 2368
f 2293 2407 2362
f 2304 2428 2348
f 2288 2388 2319
f 2300 2417 2358
f 2291 2400 2331
f 2292 2396 2323
f 2305 2413 2344
f 2309 2416 2355
f 2302 2423 2359
f 2301 2401 2335
f 2293 2402 2324
f 2304 2425 2343
f 2288 2392 2351
f 2282 2377 2336
f 2281 2373 2316
f 2283 2379 2346
f 2284 2382 2361
f 2285 2385 2366
f 2289 2393 2356
f 2299 2420 2333
f 2294 2405 2325
f 2306 2426 2345
f 2307 2391 2354
f 2295 2411 2332
f 2290 2395 2321
f 2296 2403 2342
f 2297 2415 2352
f 2298 2418 2357
f 2299 2421 2338
f 2294 2408 2367
f 2306 2406 2363
f 2307 2427 2349
f 2289 2390 2320
f 2282 2375 2377
f 2281 2371 2373
f 2283 2372 2379
f 2284 2378 2382
f 2285 2381 2385
f 2289 2386 2393
f 2299 2422 2420
f 2294 2409 2405
f 2306 2430 2426
f 2307 2389 2391
f 2295 2410 2411
f 2290 2397 2395
f 2296 2398 2403
f 2297 2412 2415
f 2298 2414 2418
f 2299 2419 2421
f 2294 2399 2408
f 2306 2404 2406
f 2307 2429 2427
f 2289 2394 2390
f 2282 2312 2375
f 2281 2311 2371
f 2283 2313 2372
f 2284 2314 2378
f 2285 2315 2381
f 2289 2320 2386
f 2299 2338 2422
f 2294 2367 2409
f 2306 2363 2430
f 2307 2349 2389
f 2295 2327 2410
f 2290 2326 2397
f 2296 2328 2398
f 2297 2329 2412
f 2298 2330 2414
f 2299 2333 2419
f 2294 2325 2399
f 2306 2345 2404
f 2307 2354 2429
f 2289 2356 2394
f 2285 2366 2384
f 2282 2336 2376
f 2281 2316 2374
f 2283 2346 2380
f 2284 2361 2383
f 2286 2337 2387
f 2303 2369 2424
f 2310 2365 2407
f 2308 2350 2428
f 2287 2318 2388
f 2298 2357 2417
f 2295 2332 2400
f 2290 2321 2396
f 2296 2342 2413
f 2297 2352 2416
f 2300 2358 2423
f 2291 2331 2401
f 2292 2323 2402
f 2305 2344 2425
f 2309 2355 2392
f 2303 2340 2377
f 2286 2317 2373
f 2287 2347 2379
f 2308 2364 2382
f 2310 2370 2385
f 2302 2359 2393
f 2301 2335 2420
f 2293 2324 2405
f 2304 2343 2426
f 2288 2351 2391
f 2300 2334 2411
f 2291 2322 2395
f 2292 2341 2403
f 2305 2353 2415
f 2309 2360 2418
f 2302 2339 2421
f 2301 2368 2408
f 2293 2362 2406
f 2304 2348 2427
f 2288 2319 2390
f 2285 2384 2375
f 2282 2376 2371
f 2281 2374 2372
f 2283 2380 2378
f 2284 2383 2381
f 2286 2387 2386
f 2303 2424 2422
f 2310 2407 2409
f 2308 2428 2430
f 2287 2388 2389
f 2298 2417 2410
f 2295 2400 2397
f 2290 2396 2398
f 2296 2413 2412
f 2297 2416 2414
f 2300 2423 2419
f 2291 2401 2399
f 2292 2402 2404
f 2305 2425 2429
f 2309 2392 2394
f 2375 2312 2315
f 2371 2311 2312
f 2372 2313 2311
f 2378 2314 2313
f 2381 2315 2314
f 2386 2320 2317
f 2422 2338 2340
f 2409 2367 2370
f 2430 2363 2364
f 2389 2349 2347
f 2410 2327 2330
f 2397 2326 2327
f 2398 2328 2326
f 2412 2329 2328
f 2414 2330 2329
f 2419 2333 2334
f 2399 2325 2322
f 2404 2345 2341
f 2429 2354 2353
f 2394 2356 2360
f 2384 2366 2369
f 2376 2336 2337
f 2374 2316 2318
f 2380 2346 2350
f 2383 2361 2365
f 2387 2337 2339
f 2424 2369 2368
f 2407 2365 2362
f 2428 2350 2348
f 2388 2318 2319
f 2417 2357 2358
f 2400 2332 2331
f 2396 2321 2323
f 2413 2342 2344
f 2416 2352 2355
f 2423 2358 2359
f 2401 2331 2335
f 2402 2323 2324
f 2425 2344 2343
f 2392 2355 2351
f 2377 2340 2336
f 2373 2317 2316
f 2379 2347 2346
f 2382 2364 2361
f 2385 2370 2366
f 2393 2359 2356
f 2420 2335 2333
f 2405 2324 2325
f 2426 2343 2345
f 2391 2351 2354
f 2411 2334 2332
f 2395 2322 2321
f 2403 2341 2342
f 2415 2353 2352
f 2418 2360 2357
f 2421 2339 2338
f 2408 2368 2367
f 2406 2362 2363
f 2427 2348 2349
f 2390 2319 2320
f 2375 2384 2377
f 2371 2376 2373
f 2372 2374 2379
f 2378 2380 2382
f 2381 2383 2385
f 2386 2387 2393
f 2422 2424 2420
f 2409 2407 2405
f 2430 2428 2426
f 2389 2388 2391
f 2410 2417 2411
f 2397 2400 2395
f 2398 2396 2403
f 2412 2413 2415
f 2414 2416 2418
f 2419 2423 2421
f 2399 2401 2408
f 2404 2402 2406
f 2429 2425 2427
f 2394 2392 2390
f 2431 2477 2474
f 2431 2474 2473
f 2431 2473 2475
f 2431 2475 2476
f 2431 2476 2477
f 2432 2479 2482
f 2436 2502 2500
f 2442 2532 2529
f 2441 2526 2525
f 2438 2509 2511
f 2434 2492 2489
f 2434 2489 2488
f 2434 2488 2490
f 2434 2490 2491
f 2434 2491 2492
f 2435 2496 2495
f 2433 2484 2487
f 2437 2503 2507
f 2439 2515 2516
f 2440 2522 2518
f 2442 2531 2528
f 2436 2499 2498
f 2432 2480 2478
f 2438 2512 2508
f 2441 2527 2523
f 2436 2501 2499
f 2442 2530 2531
f 2441 2524 2527
f 2438 2510 2512
f 2432 2481 2480
f 2440 2520 2519
f 2435 2493 2494
f 2433 2485 2483
f 2437 2506 2504
f 2439 2517 2514
f 2440 2521 2520
f 2435 2497 2493
f 2433 2486 2485
f 2437 2505 2506
f 2439 2513 2517
f 2436 2498 2502
f 2432 2478 2479
f 2438 2508 2509
f 2441 2523 2526
f 2442 2528 2532
f 2440 2518 2521
f 2435 2495 2497
f 2433 2487 2486
f 2437 2507 2505
f 2439 2516 2513
f 2435 2494 2496
f 2433 2483 2484
f 2437 2504 2503
f 2439 2514 2515
f 2440 2519 2522
f 2436 2500 2501
f 2442 2529 2530
f 2441 2525 2524
f 2438 2511 2510
f 2432 2482 2481
f 2465 2539 2546
f 2448 2535 2538
f 2449 2541 2536
f 2470 2544 2542
f 2472 2547 2545
f 2464 2555 2549
f 2463 2582 2586
f 2455 2567 2569
f 2466 2588 2590
f 2450 2553 2550
f 2462 2573 2579
f 2453 2557 2562
f 2454 2565 2558
f 2467 2577 2575
f 2471 2580 2578
f 2464 2583 2585
f 2463 2570 2563
f 2455 2568 2564
f 2466 2589 2587
f 2450 2552 2554
f 2447 2537 2477
f 2444 2533 2474
f 2443 2534 2473
f 2445 2540 2475
f 2446 2543 2476
f 2448 2548 2479
f 2465 2584 2502
f 2472 2571 2532
f 2470 2592 2526
f 2449 2551 2509
f 2460 2572 2492
f 2457 2559 2489
f 2452 2560 2488
f 2458 2574 2490
f 2459 2576 2491
f 2462 2581 2496
f 2453 2561 2484
f 2454 2566 2503
f 2467 2591 2515
f 2471 2556 2522
f 2465 2546 2531
f 2448 2538 2499
f 2449 2536 2480
f 2470 2542 2512
f 2472 2545 2527
f 2464 2549 2501
f 2463 2586 2530
f 2455 2569 2524
f 2466 2590 2510
f 2450 2550 2481
f 2462 2579 2520
f 2453 2562 2493
f 2454 2558 2485
f 2467 2575 2506
f 2471 2578 2517
f 2464 2585 2521
f 2463 2563 2497
f 2455 2564 2486
f 2466 2587 2505
f 2450 2554 2513
f 2444 2539 2498
f 2443 2535 2478
f 2445 2541 2508
f 2446 2544 2523
f 2447 2547 2528
f 2451 2555 2518
f 2461 2582 2495
f 2456 2567 2487
f 2468 2588 2507
f 2469 2553 2516
f 2457 2573 2494
f 2452 2557 2483
f 2458 2565 2504
f 2459 2577 2514
f 2460 2580 2519
f 2461 2583 2500
f 2456 2570 2529
f 2468 2568 2525
f 2469 2589 2511
f 2451 2552 2482
f 2444 2537 2539
f 2443 2533 2535
f 2445 2534 2541
f 2446 2540 2544
f 2447 2543 2547
f 2451 2548 2555
f 2461 2584 2582
f 2456 2571 2567
f 2468 2592 2588
f 2469 2551 2553
f 2457 2572 2573
f 2452 2559 2557
f 2458 2560 2565
f 2459 2574 2577
f 2460 2576 2580
f 2461 2581 2583
f 2456 2561 2570
f 2468 2566 2568
f 2469 2591 2589
f 2451 2556 2552
f 2444 2474 2537
f 2443 2473 2533
f 2445 2475 2534
f 2446 2476 2540
f 2447 2477 2543
f 2451 2482 2548
f 2461 2500 2584
f 2456 2529 2571
f 2468 2525 2592
f 2469 2511 2551
f 2457 2489 2572
f 2452 2488 2559
f 2458 2490 2560
f 2459 2491 2574
f 2460 2492 2576
f 2461 2495 2581
f 2456 2487 2561
f 2468 2507 2566
f 2469 2516 2591
f 2451 2518 2556
f 2447 2528 2546
f 2444 2498 2538
f 2443 2478 2536
f 2445 2508 2542
f 2446 2523 2545
f 2448 2499 2549
f 2465 2531 2586
f 2472 2527 2569
f 2470 2512 2590
f 2449 2480 2550
f 2460 2519 2579
f 2457 2494 2562
f 2452 2483 2558
f 2458 2504 2575
f 2459 2514 2578
f 2462 2520 2585
f 2453 2493 2563
f 2454 2485 2564
f 2467 2506 2587
f 2471 2517 2554
f 2465 2502 2539
f 2448 2479 2535
f 2449 2509 2541
f 2470 2526 2544
f 2472 2532 2547
f 2464 2521 2555
f 2463 2497 2582
f 2455 2486 2567
f 2466 2505 2588
f 2450 2513 2553
f 2462 2496 2573
f 2453 2484 2557
f 2454 2503 2565
f 2467 2515 2577
f 2471 2522 2580
f 2464 2501 2583
f 2463 2530 2570
f 2455 2524 2568
f 2466 2510 2589
f 2450 2481 2552
f 2447 2546 2537
f 2444 2538 2533
f 2443 2536 2534
f 2445 2542 2540
f 2446 2545 2543
f 2448 2549 2548
f 2465 2586 2584
f 2472 2569 2571
f 2470 2590 2592
f 2449 2550 2551
f 2460 2579 2572
f 2457 2562 2559
f 2452 2558 2560
f 2458 2575 2574
f 2459 2578 2576
f 2462 2585 2581
f 2453 2563 2561
f 2454 2564 2566
f 2467 2587 2591
f 2471 2554 2556
f 2537 2474 2477
f 2533 2473 2474
f 2534 2475 2473
f 2540 2476 2475
f 2543 2477 2476
f 2548 2482 2479
f 2584 2500 2502
f 2571 2529 2532
f 2592 2525 2526
f 2551 2511 2509
f 2572 2489 2492
f 2559 2488 2489
f 2560 2490 2488
f 2574 2491 2490
f 2576 2492 2491
f 2581 2495 2496
f 2561 2487 2484
f 2566 2507 2503
f 2591 2516 2515
f 2556 2518 2522
f 2546 2528 2531
f 2538 2498 2499
f 2536 2478 2480
f 2542 2508 2512
f 2545 2523 2527
f 2549 2499 2501
f 2586 2531 2530
f 2569 2527 2524
f 2590 2512 2510
f 2550 2480 2481
f 2579 2519 2520
f 2562 2494 2493
f 2558 2483 2485
f 2575 2504 2506
f 2578 2514 2517
f 2585 2520 2521
f 2563 2493 2497
f 2564 2485 2486
f 2587 2506 2505
f 2554 2517 2513
f 2539 2502 2498
f 2535 2479 2478
f 2541 2509 2508
f 2544 2526 2523
f 2547 2532 2528
f 2555 2521 2518
f 2582 2497 2495
f 2567 2486 2487
f 2588 2505 2507
f 2553 2513 2516
f 2573 2496 2494
f 2557 2484 2483
f 2565 2503 2504
f 2577 2515 2514
f 2580 2522 2519
f 2583 2501 2500
f 2570 2530 2529
f 2568 2524 2525
f 2589 2510 2511
f 2552 2481 2482
f 2537 2546 2539
f 2533 2538 2535
f 2534 2536 2541
f 2540 2542 2544
f 2543 2545 2547
f 2548 2549 2555
f 2584 2586 2582
f 2571 2569 2567
f 2592 2590 2588
f 2551 2550 2553
f 2572 2579 2573
f 2559 2562 2557
f 2560 2558 2565
f 2574 2575 2577
f 2576 2578 2580
f 2581 2585 2583
f 2561 2563 2570
f 2566 2564 2568
f 2591 2587 2589
f 2556 2554 2552
f 2593 2639 2636
f 2593 2636 2635
f 2593 2635 2637
f 2593 2637 2638
f 2593 2638 2639
f 2594 2641 2644
f 2598 2664 2662
f 2604 2694 2691
f 2603 2688 2687
f 2600 2671 2673
f 2596 2654 2651
f 2596 2651 2650
f 2596 2650 2652
f 2596 2652 2653
f 2596 2653 2654
f 2597 2658 2657
f 2595 2646 2649
f 2599 2665 2669
f 2601 2677 2678
f 2602 2684 2680
f 2604 2693 2690
f 2598 2661 2660
f 2594 2642 2640
f 2600 2674 2670
f 2603 2689 2685
f 2598 2663 2661
f 2604 2692 2693
f 2603 2686 2689
f 2600 2672 2674
f 2594 2643 2642
f 2602 2682 2681
f 2597 2655 2656
f 2595 2647 2645
f 2599 2668 2666
f 2601 2679 2676
f 2602 2683 2682
f 2597 2659 2655
f 2595 2648 2647
f 2599 2667 2668
f 2601 2675 2679
f 2598 2660 2664
f 2594 2640 2641
f 2600 2670 2671
f 2603 2685 2688
f 2604 2690 2694
f 2602 2680 2683
f 2597 2657 2659
f 2595 2649 2648
f 2599 2669 2667
f 2601 2678 2675
f 2597 2656 2658
f 2595 2645 2646
f 2599 2666 2665
f 2601 2676 2677
f 2602 2681 2684
f 2598 2662 2663
f 2604 2691 2692
f 2603 2687 2686
f 2600 2673 2672
f 2594 2644 2643
f 2627 2701 2708
f 2610 2697 2700
f 2611 2703 2698
f 2632 2706 2704
f 2634 2709 2707
f 2626 2717 2711
f 2625 2744 2748
f 2617 2729 2731
f 2628 2750 2752
f 2612 2715 2712
f 2624 2735 2741
f 2615 2719 2724
f 2616 2727 2720
f 2629 2739 2737
f 2633 2742 2740
f 2626 2745 2747
f 2625 2732 2725
f 2617 2730 2726
f 2628 2751 2749
f 2612 2714 2716
f 2609 2699 2639
f 2606 2695 2636
f 2605 2696 2635
f 2607 2702 2637
f 2608 2705 2638
f 2610 2710 2641
f 2627 2746 2664
f 2634 2733 2694
f 2632 2754 2688
f 2611 2713 2671
f 2622 2734 2654
f 2619 2721 2651
f 2614 2722 2650
f 2620 2736 2652
f 2621 2738 2653
f 2624 2743 2658
f 2615 2723 2646
f 2616 2728 2665
f 2629 2753 2677
f 2633 2718 2684
f 2627 2708 2693
f 2610 2700 2661
f 2611 2698 2642
f 2632 2704 2674
f 2634 2707 2689
f 2626 2711 2663
f 2625 2748 2692
f 2617 2731 2686
f 2628 2752 2672
f 2612 2712 2643
f 2624 2741 2682
f 2615 2724 2655
f 2616 2720 2647
f 2629 2737 2668
f 2633 2740 2679
f 2626 2747 2683
f 2625 2725 2659
f 2617 2726 2648
f 2628 2749 2667
f 2612 2716 2675
f 2606 2701 2660
f 2605 2697 2640
f 2607 2703 2670
f 2608 2706 2685
f 2609 2709 2690
f 2613 2717 2680
f 2623 2744 2657
f 2618 2729 2649
f 2630 2750 2669
f 2631 2715 2678
f 2619 2735 2656
f 2614 2719 2645
f 2620 2727 2666
f 2621 2739 2676
f 2622 2742 2681
f 2623 2745 2662
f 2618 2732 2691
f 2630 2730 2687
f 2631 2751 2673
f 2613 2714 2644
f 2606 2699 2701
f 2605 2695 2697
f 2607 2696 2703
f 2608 2702 2706
f 2609 2705 2709
f 2613 2710 2717
f 2623 2746 2744
f 2618 2733 2729
f 2630 2754 2750
f 2631 2713 2715
f 2619 2734 2735
f 2614 2721 2719
f 2620 2722 2727
f 2621 2736 2739
f 2622 2738 2742
f 2623 2743 2745
f 2618 2723 2732
f 2630 2728 2730
f 2631 2753 2751
f 2613 2718 2714
f 2606 2636 2699
f 2605 2635 2695
f 2607 2637 2696
f 2608 2638 2702
f 2609 2639 2705
f 2613 2644 2710
f 2623 2662 2746
f 2618 2691 2733
f 2630 2687 2754
f 2631 2673 2713
f 2619 2651 2734
f 2614 2650 2721
f 2620 2652 2722
f 2621 2653 2736
f 2622 2654 2738
f 2623 2657 2743
f 2618 2649 2723
f 2630 2669 2728
f 2631 2678 2753
f 2613 2680 2718
f 2609 2690 2708
f 2606 2660 2700
f 2605 2640 2698
f 2607 2670 2704
f 2608 2685 2707
f 2610 2661 2711
f 2627 2693 2748
f 2634 2689 2731
f 2632 2674 2752
f 2611 2642 2712
f 2622 2681 2741
f 2619 2656 2724
f 2614 2645 2720
f 2620 2666 2737
f 2621 2676 2740
f 2624 2682 2747
f 2615 2655 2725
f 2616 2647 2726
f 2629 2668 2749
f 2633 2679 2716
f 2627 2664 2701
f 2610 2641 2697
f 2611 2671 2703
f 2632 2688 2706
f 2634 2694 2709
f 2626 2683 2717
f 2625 2659 2744
f 2617 2648 2729
f 2628 2667 2750
f 2612 2675 2715
f 2624 2658 2735
f 2615 2646 2719
f 2616 2665 2727
f 2629 2677 2739
f 2633 2684 2742
f 2626 2663 2745
f 2625 2692 2732
f 2617 2686 2730
f 2628 2672 2751
f 2612 2643 2714
f 2609 2708 2699
f 2606 2700 2695
f 2605 2698 2696
f 2607 2704 2702
f 2608 2707 2705
f 2610 2711 2710
f 2627 2748 2746
f 2634 2731 2733
f 2632 2752 2754
f 2611 2712 2713
f 2622 2741 2734
f 2619 2724 2721
f 2614 2720 2722
f 2620 2737 2736
f 2621 2740 2738
f 2624 2747 2743
f 2615 2725 2723
f 2616 2726 2728
f 2629 2749 2753
f 2633 2716 2718
f 2699 2636 2639
f 2695 2635 2636
f 2696 2637 2635
f 2702 2638 2637
f 2705 2639 2638
f 2710 2644 2641
f 2746 2662 2664
f 2733 2691 2694
f 2754 2687 2688
f 2713 2673 2671
f 2734 2651 2654
f 2721 2650 2651
f 2722 2652 2650
f 2736 2653 2652
f 2738 2654 2653
f 2743 2657 2658
f 2723 2649 2646
f 2728 2669 2665
f 2753 2678 2677
f 2718 2680 2684
f 2708 2690 2693
f 2700 2660 2661
f 2698 2640 2642
f 2704 2670 2674
f 2707 2685 2689
f 2711 2661 2663
f 2748 2693 2692
f 2731 2689 2686
f 2752 2674 2672
f 2712 2642 2643
f 2741 2681 2682
f 2724 2656 2655
f 2720 2645 2647
f 2737 2666 2668
f 2740 2676 2679
f 2747 2682 2683
f 2725 2655 2659
f 2726 2647 2648
f 2749 2668 2667
f 2716 2679 2675
f 2701 2664 2660
f 2697 2641 2640
f 2703 2671 2670
f 2706 2688 2685
f 2709 2694 2690
f 2717 2683 2680
f 2744 2659 2657
f 2729 2648 2649
f 2750 2667 2669
f 2715 2675 2678
f 2735 2658 2656
f 2719 2646 2645
f 2727 2665 2666
f 2739 2677 2676
f 2742 2684 2681
f 2745 2663 2662
f 2732 2692 2691
f 2730 2686 2687
f 2751 2672 2673
f 2714 2643 2644
f 2699 2708 2701
f 2695 2700 2697
f 2696 2698 2703
f 2702 2704 2706
f 2705 2707 2709
f 2710 2711 2717
f 2746 2748 2744
f 2733 2731 2729
f 2754 2752 2750
f 2713 2712 2715
f 2734 2741 2735
f 2721 2724 2719
f 2722 2720 2727
f 2736 2737 2739
f 2738 2740 2742
f 2743 2747 2745
f 2723 2725 2732
f 2728 2726 2730
f 2753 2749 2751
f 2718 2716 2714
f 2755 2801 2798
f 2755 2798 2797
f 2755 2797 2799
f 2755 2799 2800
f 2755 2800 2801
f 2756 2803 2806
f 2760 2826 2824
f 2766 2856 2853
f 2765 2850 2849
f 2762 2833 2835
f 2758 2816 2813
f 2758 2813 2812
f 2758 2812 2814
f 2758 2814 2815
f 2758 2815 2816
f 2759 2820 2819
f 2757 2808 2811
f 2761 2827 2831
f 2763 2839 2840
f 2764 2846 2842
f 2766 2855 2852
f 2760 2823 2822
f 2756 2804 2802
f 2762 2836 2832
f 2765 2851 2847
f 2760 2825 2823
f 2766 2854 2855
f 2765 2848 2851
f 2762 2834 2836
f 2756 2805 2804
f 2764 2844 2843
f 2759 2817 2818
f 2757 2809 2807
f 2761 2830 2828
f 2763 2841 2838
f 2764 2845 2844
f 2759 2821 2817
f 2757 2810 2809
f 2761 2829 2830
f 2763 2837 2841
f 2760 2822 2826
f 2756 2802 2803
f 2762 2832 2833
f 2765 2847 2850
f 2766 2852 2856
f 2764 2842 2845
f 2759 2819 2821
f 2757 2811 2810
f 2761 2831 2829
f 2763 2840 2837
f 2759 2818 2820
f 2757 2807 2808
f 2761 2828 2827
f 2763 2838 2839
f 2764 2843 2846
f 2760 2824 2825
f 2766 2853 2854
f 2765 2849 2848
f 2762 2835 2834
f 2756 2806 2805
f 2789 2863 2870
f 2772 2859 2862
f 2773 2865 2860
f 2794 2868 2866
f 2796 2871 2869
f 2788 2879 2873
f 2787 2906 2910
f 2779 2891 2893
f 2790 2912 2914
f 2774 2877 2874
f 2786 2897 2903
f 2777 2881 2886
f 2778 2889 2882
f 2791 2901 2899
f 2795 2904 2902
f 2788 2907 2909
f 2787 2894 2887
f 2779 2892 2888
f 2790 2913 2911
f 2774 2876 2878
f 2771 2861 2801
f 2768 2857 2798
f 2767 2858 2797
f 2769 2864 2799
f 2770 2867 2800
f 2772 2872 2803
f 2789 2908 2826
f 2796 2895 2856
f 2794 2916 2850
f 2773 2875 2833
f 2784 2896 2816
f 2781 2883 2813
f 2776 2884 2812
f 2782 2898 2814
f 2783 2900 2815
f 2786 2905 2820
f 2777 2885 2808
f 2778 2890 2827
f 2791 2915 2839
f 2795 2880 2846
f 2789 2870 2855
f 2772 2862 2823
f 2773 2860 2804
f 2794 2866 2836
f 2796 2869 2851
f 2788 2873 2825
f 2787 2910 2854
f 2779 2893 2848
f 2790 2914 2834
f 2774 2874 2805
f 2786 2903 2844
f 2777 2886 2817
f 2778 2882 2809
f 2791 2899 2830
f 2795 2902 2841
f 2788 2909 2845
f 2787 2887 2821
f 2779 2888 2810
f 2790 2911 2829
f 2774 2878 2837
f 2768 2863 2822
f 2767 2859 2802
f 2769 2865 2832
f 2770 2868 2847
f 2771 2871 2852
f 2775 2879 2842
f 2785 2906 2819
f 2780 2891 2811
f 2792 2912 2831
f 2793 2877 2840
f 2781 2897 2818
f 2776 2881 2807
f 2782 2889 2828
f 2783 2901 2838
f 2784 2904 2843
f 2785 2907 2824
f 2780 2894 2853
f 2792 2892 2849
f 2793 2913 2835
f 2775 2876 2806
f 2768 2861 2863
f 2767 2857 2859
f 2769 2858 2865
f 2770 2864 2868
f 2771 2867 2871
f 2775 2872 2879
f 2785 2908 2906
f 2780 2895 2891
f 2792 2916 2912
f 2793 2875 2877
f 2781 2896 2897
f 2776 2883 2881
f 2782 2884 2889
f 2783 2898 2901
f 2784 2900 2904
f 2785 2905 2907
f 2780 2885 2894
f 2792 2890 2892
f 2793 2915 2913
f 2775 2880 2876
f 2768 2798 2861
f 2767 2797 2857
f 2769 2799 2858
f 2770 2800 2864
f 2771 2801 2867
f 2775 2806 2872
f 2785 2824 2908
f 2780 2853 2895
f 2792 2849 2916
f 2793 2835 2875
f 2781 2813 2896
f 2776 2812 2883
f 2782 2814 2884
f 2783 2815 2898
f 2784 2816 2900
f 2785 2819 2905
f 2780 2811 2885
f 2792 2831 2890
f 2793 2840 2915
f 2775 2842 2880
f 2771 2852 2870
f 2768 2822 2862
f 2767 2802 2860
f 2769 2832 2866
f 2770 2847 2869
f 2772 2823 2873
f 2789 2855 2910
f 2796 2851 2893
f 2794 2836 2914
f 2773 2804 2874
f 2784 2843 2903
f 2781 2818 2886
f 2776 2807 2882
f 2782 2828 2899
f 2783 2838 2902
f 2786 2844 2909
f 2777 2817 2887
f 2778 2809 2888
f 2791 2830 2911
f 2795 2841 2878
f 2789 2826 2863
f 2772 2803 2859
f 2773 2833 2865
f 2794 2850 2868
f 2796 2856 2871
f 2788 2845 2879
f 2787 2821 2906
f 2779 2810 2891
f 2790 2829 2912
f 2774 2837 2877
f 2786 2820 2897
f 2777 2808 2881
f 2778 2827 2889
f 2791 2839 2901
f 2795 2846 2904
f 2788 2825 2907
f 2787 2854 2894
f 2779 2848 2892
f 2790 2834 2913
f 2774 2805 2876
f 2771 2870 2861
f 2768 2862 2857
f 2767 2860 2858
f 2769 2866 2864
f 2770 2869 2867
f 2772 2873 2872
f 2789 2910 2908
f 2796 2893 2895
f 2794 2914 2916
f 2773 2874 2875
f 2784 2903 2896
f 2781 2886 2883
f 2776 2882 2884
f 2782 2899 2898
f 2783 2902 2900
f 2786 2909 2905
f 2777 2887 2885
f 2778 2888 2890
f 2791 2911 2915
f 2795 2878 2880
f 2861 2798 2801
f 2857 2797 2798
f 2858 2799 2797
f 2864 2800 2799
f 2867 2801 2800
f 2872 2806 2803
f 2908 2824 2826
f 2895 2853 2856
f 2916 2849 2850
f 2875 2835 2833
f 2896 2813 2816
f 2883 2812 2813
f 2884 2814 2812
f 2898 2815 2814
f 2900 2816 2815
f 2905 2819 2820
f 2885 2811 2808
f 2890 2831 2827
f 2915 2840 2839
f 2880 2842 2846
f 2870 2852 2855
f 2862 2822 2823
f 2860 2802 2804
f 2866 2832 2836
f 2869 2847 2851
f 2873 2823 2825
f 2910 2855 2854
f 2893 2851 2848
f 2914 2836 2834
f 2874 2804 2805
f 2903 2843 2844
f 2886 2818 2817
f 2882 2807 2809
f 2899 2828 2830
f 2902 2838 2841
f 2909 2844 2845
f 2887 2817 2821
f 2888 2809 2810
f 2911 2830 2829
f 2878 2841 2837
f 2863 2826 2822
f 2859 2803 2802
f 2865 2833 2832
f 2868 2850 2847
f 2871 2856 2852
f 2879 2845 2842
f 2906 2821 2819
f 2891 2810 2811
f 2912 2829 2831
f 2877 2837 2840
f 2897 2820 2818
f 2881 2808 2807
f 2889 2827 2828
f 2901 2839 2838
f 2904 2846 2843
f 2907 2825 2824
f 2894 2854 2853
f 2892 2848 2849
f 2913 2834 2835
f 2876 2805 2806
f 2861 2870 2863
f 2857 2862 2859
f 2858 2860 2865
f 2864 2866 2868
f 2867 2869 2871
f 2872 2873 2879
f 2908 2910 2906
f 2895 2893 2891
f 2916 2914 2912
f 2875 2874 2877
f 2896 2903 2897
f 2883 2886 2881
f 2884 2882 2889
f 2898 2899 2901
f 2900 2902 2904
f 2905 2909 2907
f 2885 2887 2894
f 2890 2888 2892
f 2915 2911 2913
f 2880 2878 2876
f 2917 2963 2960
f 2917 2960 2959
f 2917 2959 2961
f 2917 2961 2962
f 2917 2962 2963
f 2918 2965 2968
f 2922 2988 2986
f 2928 3018 3015
f 2927 3012 3011
f 2924 2995 2997
f 2920 2978 2975
f 2920 2975 2974
f 2920 2974 2976
f 2920 2976 2977
f 2920 2977 2978
f 2921 2982 2981
f 2919 2970 2973
f 2923 2989 2993
f 2925 3001 3002
f 2926 3008 3004
f 2928 3017 3014
f 2922 2985 2984
f 2918 2966 2964
f 2924 2998 2994
f 2927 3013 3009
f 2922 2987 2985
f 2928 3016 3017
f 2927 3010 3013
f 2924 2996 2998
f 2918 2967 2966
f 2926 3006 3005
f 2921 2979 2980
f 2919 2971 2969
f 2923 2992 2990
f 2925 3003 3000
f 2926 3007 3006
f 2921 2983 2979
f 2919 2972 2971
f 2923 2991 2992
f 2925 2999 3003
f 2922 2984 2988
f 2918 2964 2965
f 2924 2994 2995
f 2927 3009 3012
f 2928 3014 3018
f 2926 3004 3007
f 2921 2981 2983
f 2919 2973 2972
f 2923 2993 2991
f 2925 3002 2999
f 2921 2980 2982
f 2919 2969 2970
f 2923 2990 2989
f 2925 3000 3001
f 2926 3005 3008
f 2922 2986 2987
f 2928 3015 3016
f 2927 3011 3010
f 2924 2997 2996
f 2918 2968 2967
f 2951 3025 3032
f 2934 3021 3024
f 2935 3027 3022
f 2956 3030 3028
f 2958 3033 3031
f 2950 3041 3035
f 2949 3068 3072
f 2941 3053 3055
f 2952 3074 3076
f 2936 3039 3036
f 2948 3059 3065
f 2939 3043 3048
f 2940 3051 3044
f 2953 3063 3061
f 2957 3066 3064
f 2950 3069 3071
f 2949 3056 3049
f 2941 3054 3050
f 2952 3075 3073
f 2936 3038 3040
f 2933 3023 2963
f 2930 3019 2960
f 2929 3020 2959
f 2931 3026 2961
f 2932 3029 2962
f 2934 3034 2965
f 2951 3070 2988
f 2958 3057 3018
f 2956 3078 3012
f 2935 3037 2995
f 2946 3058 2978
f 2943 3045 2975
f 2938 3046 2974
f 2944 3060 2976
f 2945 3062 2977
f 2948 3067 2982
f 2939 3047 2970
f 2940 3052 2989
f 2953 3077 3001
f 2957 3042 3008
f 2951 3032 3017
f 2934 3024 2985
f 2935 3022 2966
f 2956 3028 2998
f 2958 3031 3013
f 2950 3035 2987
f 2949 3072 3016
f 2941 3055 3010
f 2952 3076 2996
f 2936 3036 2967
f 2948 3065 3006
f 2939 3048 2979
f 2940 3044 2971
f 2953 3061 2992
f 2957 3064 3003
f 2950 3071 3007
f 2949 3049 2983
f 2941 3050 2972
f 2952 3073 2991
f 2936 3040 2999
f 2930 3025 2984
f 2929 3021 2964
f 2931 3027 2994
f 2932 3030 3009
f 2933 3033 3014
f 2937 3041 3004
f 2947 3068 2981
f 2942 3053 2973
f 2954 3074 2993
f 2955 3039 3002
f 2943 3059 2980
f 2938 3043 2969
f 2944 3051 2990
f 2945 3063 3000
f 2946 3066 3005
f 2947 3069 2986
f 2942 3056 3015
f 2954 3054 3011
f 2955 3075 2997
f 2937 3038 2968
f 2930 3023 3025
f 2929 3019 3021
f 2931 3020 3027
f 2932 3026 3030
f 2933 3029 3033
f 2937 3034 3041
f 2947 3070 3068
f 2942 3057 3053
f 2954 3078 3074
f 2955 3037 3039
f 2943 3058 3059
f 2938 3045 3043
f 2944 3046 3051
f 2945 3060 3063
f 2946 3062 3066
f 2947 3067 3069
f 2942 3047 3056
f 2954 3052 3054
f 2955 3077 3075
f 2937 3042 3038
f 2930 2960 3023
f 2929 2959 3019
f 2931 2961 3020
f 2932 2962 3026
f 2933 2963 3029
f 2937 2968 3034
f 2947 2986 3070
f 2942 3015 3057
f 2954 3011 3078
f 2955 2997 3037
f 2943 2975 3058
f 2938 2974 3045
f 2944 2976 3046
f 2945 2977 3060
f 2946 2978 3062
f 2947 2981 3067
f 2942 2973 3047
f 2954 2993 3052
f 2955 3002 3077
f 2937 3004 3042
f 2933 3014 3032
f 2930 2984 3024
f 2929 2964 3022
f 2931 2994 3028
f 2932 3009 3031
f 2934 2985 3035
f 2951 3017 3072
f 2958 3013 3055
f 2956 2998 3076
f 2935 2966 3036
f 2946 3005 3065
f 2943 2980 3048
f 2938 2969 3044
f 2944 2990 3061
f 2945 3000 3064
f 2948 3006 3071
f 2939 2979 3049
f 2940 2971 3050
f 2953 2992 3073
f 2957 3003 3040
f 2951 2988 3025
f 2934 2965 3021
f 2935 2995 3027
f 2956 3012 3030
f 2958 3018 3033
f 2950 3007 3041
f 2949 2983 3068
f 2941 2972 3053
f 2952 2991 3074
f 2936 2999 3039
f 2948 2982 3059
f 2939 2970 3043
f 2940 2989 3051
f 2953 3001 3063
f 2957 3008 3066
f 2950 2987 3069
f 2949 3016 3056
f 2941 3010 3054
f 2952 2996 3075
f 2936 2967 3038
f 2933 3032 3023
f 2930 3024 3019
f 2929 3022 3020
f 2931 3028 3026
f 2932 3031 3029
f 2934 3035 3034
f 2951 3072 3070
f 2958 3055 3057
f 2956 3076 3078
f 2935 3036 3037
f 2946 3065 3058
f 2943 3048 3045
f 2938 3044 3046
f 2944 3061 3060
f 2945 3064 3062
f 2948 3071 3067
f 2939 3049 3047
f 2940 3050 3052
f 2953 3073 3077
f 2957 3040 3042
f 3023 2960 2963
f 3019 2959 2960
f 3020 2961 2959
f 3026 2962 2961
f 3029 2963 2962
f 3034 2968 2965
f 3070 2986 2988
f 3057 3015 3018
f 3078 3011 3012
f 3037 2997 2995
f 3058 2975 2978
f 3045 2974 2975
f 3046 2976 2974
f 3060 2977 2976
f 3062 2978 2977
f 3067 2981 2982
f 3047 2973 2970
f 3052 2993 2989
f 3077 3002 3001
f 3042 3004 3008
f 3032 3014 3017
f 3024 2984 2985
f 3022 2964 2966
f 3028 2994 2998
f 3031 3009 3013
f 3035 2985 2987
f 3072 3017 3016
f 3055 3013 3010
f 3076 2998 2996
f 3036 2966 2967
f 3065 3005 3006
f 3048 2980 2979
f 3044 2969 2971
f 3061 2990 2992
f 3064 3000 3003
f 3071 3006 3007
f 3049 2979 2983
f 3050 2971 2972
f 3073 2992 2991
f 3040 3003 2999
f 3025 2988 2984
f 3021 2965 2964
f 3027 2995 2994
f 3030 3012 3009
f 3033 3018 3014
f 3041 3007 3004
f 3068 2983 2981
f 3053 2972 2973
f 3074 2991 2993
f 3039 2999 3002
f 3059 2982 2980
f 3043 2970 2969
f 3051 2989 2990
f 3063 3001 3000
f 3066 3008 3005
f 3069 2987 2986
f 3056 3016 3015
f 3054 3010 3011
f 3075 2996 2997
f 3038 2967 2968
f 3023 3032 3025
f 3019 3024 3021
f 3020 3022 3027
f 3026 3028 3030
f 3029 3031 3033
f 3034 3035 3041
f 3070 3072 3068
f 3057 3055 3053
f 3078 3076 3074
f 3037 3036 3039
f 3058 3065 3059
f 3045 3048 3043
f 3046 3044 3051
f 3060 3061 3063
f 3062 3064 3066
f 3067 3071 3069
f 3047 3049 3056
f 3052 3050 3054
f 3077 3073 3075
f 3042 3040 3038
f 3079 3125 3122
f 3079 3122 3121
f 3079 3121 3123
f 3079 3123 3124
f 3079 3124 3125
f 3080 3127 3130
f 3084 3150 3148
f 3090 3180 3177
f 3089 3174 3173
f 3086 3157 3159
f 3082 3140 3137
f 3082 3137 3136
f 3082 3136 3138
f 3082 3138 3139
f 3082 3139 3140
f 3083 3144 3143
f 3081 3132 3135
f 3085 3151 3155
f 3087 3163 3164
f 3088 3170 3166
f 3090 3179 3176
f 3084 3147 3146
f 3080 3128 3126
f 3086 3160 3156
f 3089 3175 3171
f 3084 3149 3147
f 3090 3178 3179
f 3089 3172 3175
f 3086 3158 3160
f 3080 3129 3128
f 3088 3168 3167
f 3083 3141 3142
f 3081 3133 3131
f 3085 3154 3152
f 3087 3165 3162
f 3088 3169 3168
f 3083 3145 3141
f 3081 3134 3133
f 3085 3153 3154
f 3087 3161 3165
f 3084 3146 3150
f 3080 3126 3127
f 3086 3156 3157
f 3089 3171 3174
f 3090 3176 3180
f 3088 3166 3169
f 3083 3143 3145
f 3081 3135 3134
f 3085 3155 3153
f 3087 3164 3161
f 3083 3142 3144
f 3081 3131 3132
f 3085 3152 3151
f 3087 3162 3163
f 3088 3167 3170
f 3084 3148 3149
f 3090 3177 3178
f 3089 3173 3172
f 3086 3159 3158
f 3080 3130 3129
f 3113 3187 3194
f 3096 3183 3186
f 3097 3189 3184
f 3118 3192 3190
f 3120 3195 3193
f 3112 3203 3197
f 3111 3230 3234
f 3103 3215 3217
f 3114 3236 3238
f 3098 3201 3198
f 3110 3221 3227
f 3101 3205 3210
f 3102 3213 3206
f 3115 3225 3223
f 3119 3228 3226
f 3112 3231 3233
f 3111 3218 3211
f 3103 3216 3212
f 3114 3237 3235
f 3098 3200 3202
f 3095 3185 3125
f 3092 3181 3122
f 3091 3182 3121
f 3093 3188 3123
f 3094 3191 3124
f 3096 3196 3127
f 3113 3232 3150
f 3120 3219 3180
f 3118 3240 3174
f 3097 3199 3157
f 3108 3220 3140
f 3105 3207 3137
f 3100 3208 3136
f 3106 3222 3138
f 3107 3224 3139
f 3110 3229 3144
f 3101 3209 3132
f 3102 3214 3151
f 3115 3239 3163
f 3119 3204 3170
f 3113 3194 3179
f 3096 3186 3147
f 3097 3184 3128
f 3118 3190 3160
f 3120 3193 3175
f 3112 3197 3149
f 3111 3234 3178
f 3103 3217 3172
f 3114 3238 3158
f 3098 3198 3129
f 3110 3227 3168
f 3101 3210 3141
f 3102 3206 3133
f 3115 3223 3154
f 3119 3226 3165
f 3112 3233 3169
f 3111 3211 3145
f 3103 3212 3134
f 3114 3235 3153
f 3098 3202 3161
f 3092 3187 3146
f 3091 3183 3126
f 3093 3189 3156
f 3094 3192 3171
f 3095 3195 3176
f 3099 3203 3166
f 3109 3230 3143
f 3104 3215 3135
f 3116 3236 3155
f 3117 3201 3164
f 3105 3221 3142
f 3100 3205 3131
f 3106 3213 3152
f 3107 3225 3162
f 3108 3228 3167
f 3109 3231 3148
f 3104 3218 3177
f 3116 3216 3173
f 3117 3237 3159
f 3099 3200 3130
f 3092 3185 3187
f 3091 3181 3183
f 3093 3182 3189
f 3094 3188 3192
f 3095 3191 3195
f 3099 3196 3203
f 3109 3232 3230
f 3104 3219 3215
f 3116 3240 3236
f 3117 3199 3201
f 3105 3220 3221
f 3100 3207 3205
f 3106 3208 3213
f 3107 3222 3225
f 3108 3224 3228
f 3109 3229 3231
f 3104 3209 3218
f 3116 3214 3216
f 3117 3239 3237
f 3099 3204 3200
f 3092 3122 3185
f 3091 3121 3181
f 3093 3123 3182
f 3094 3124 3188
f 3095 3125 3191
f 3099 3130 3196
f 3109 3148 3232
f 3104 3177 3219
f 3116 3173 3240
f 3117 3159 3199
f 3105 3137 3220
f 3100 3136 3207
f 3106 3138 3208
f 3107 3139 3222
f 3108 3140 3224
f 3109 3143 3229
f 3104 3135 3209
f 3116 3155 3214
f 3117 3164 3239
f 3099 3166 3204
f 3095 3176 3194
f 3092 3146 3186
f 3091 3126 3184
f 3093 3156 3190
f 3094 3171 3193
f 3096 3147 3197
f 3113 3179 3234
f 3120 3175 3217
f 3118 3160 3238
f 3097 3128 3198
f 3108 3167 3227
f 3105 3142 3210
f 3100 3131 3206
f 3106 3152 3223
f 3107 3162 3226
f 3110 3168 3233
f 3101 3141 3211
f 3102 3133 3212
f 3115 3154 3235
f 3119 3165 3202
f 3113 3150 3187
f 3096 3127 3183
f 3097 3157 3189
f 3118 3174 3192
f 3120 3180 3195
f 3112 3169 3203
f 3111 3145 3230
f 3103 3134 3215
f 3114 3153 3236
f 3098 3161 3201
f 3110 3144 3221
f 3101 3132 3205
f 3102 3151 3213
f 3115 3163 3225
f 3119 3170 3228
f 3112 3149 3231
f 3111 3178 3218
f 3103 3172 3216
f 3114 3158 3237
f 3098 3129 3200
f 3095 3194 3185
f 3092 3186 3181
f 3091 3184 3182
f 3093 3190 3188
f 3094 3193 3191
f 3096 3197 3196
f 3113 3234 3232
f 3120 3217 3219
f 3118 3238 3240
f 3097 3198 3199
f 3108 3227 3220
f 3105 3210 3207
f 3100 3206 3208
f 3106 3223 3222
f 3107 3226 3224
f 3110 3233 3229
f 3101 3211 3209
f 3102 3212 3214
f 3115 3235 3239
f 3119 3202 3204
f 3185 3122 3125
f 3181 3121 3122
f 3182 3123 3121
f 3188 3124 3123
f 3191 3125 3124
f 3196 3130 3127
f 3232 3148 3150
f 3219 3177 3180
f 3240 3173 3174
f 3199 3159 3157
f 3220 3137 3140
f 3207 3136 3137
f 3208 3138 3136
f 3222 3139 3138
f 3224 3140 3139
f 3229 3143 3144
f 3209 3135 3132
f 3214 3155 3151
f 3239 3164 3163
f 3204 3166 3170
f 3194 3176 3179
f 3186 3146 3147
f 3184 3126 3128
f 3190 3156 3160
f 3193 3171 3175
f 3197 3147 3149
f 3234 3179 3178
f 3217 3175 3172
f 3238 3160 3158
f 3198 3128 3129
f 3227 3167 3168
f 3210 3142 3141
f 3206 3131 3133
f 3223 3152 3154
f 3226 3162 3165
f 3233 3168 3169
f 3211 3141 3145
f 3212 3133 3134
f 3235 3154 3153
f 3202 3165 3161
f 3187 3150 3146
f 3183 3127 3126
f 3189 3157 3156
f 3192 3174 3171
f 3195 3180 3176
f 3203 3169 3166
f 3230 3145 3143
f 3215 3134 3135
f 3236 3153 3155
f 3201 3161 3164
f 3221 3144 3142
f 3205 3132 3131
f 3213 3151 3152
f 3225 3163 3162
f 3228 3170 3167
f 3231 3149 3148
f 3218 3178 3177
f 3216 3172 3173
f 3237 3158 3159
f 3200 3129 3130
f 3185 3194 3187
f 3181 3186 3183
f 3182 3184 3189
f 3188 3190 3192
f 3191 3193 3195
f 3196 3197 3203
f 3232 3234 3230
f 3219 3217 3215
f 3240 3238 3236
f 3199 3198 3201
f 3220 3227 3221
f 3207 3210 3205
f 3208 3206 3213
f 3222 3223 3225
f 3224 3226 3228
f 3229 3233 3231
f 3209 3211 3218
f 3214 3212 3216
f 3239 3235 3237
f 3204 3202 3200
f 3241 3287 3284
f 3241 3284 3283
f 3241 3283 3285
f 3241 3285 3286
f 3241 3286 3287
f 3242 3289 3292
f 3246 3312 3310
f 3252 3342 3339
f 3251 3336 3335
f 3248 3319 3321
f 3244 3302 3299
f 3244 3299 3298
f 3244 3298 3300
f 3244 3300 3301
f 3244 3301 3302
f 3245 3306 3305
f 3243 3294 3297
f 3247 3313 3317
f 3249 3325 3326
f 3250 3332 3328
f 3252 3341 3338
f 3246 3309 3308
f 3242 3290 3288
f 3248 3322 3318
f 3251 3337 3333
f 3246 3311 3309
f 3252 3340 3341
f 3251 3334 3337
f 3248 3320 3322
f 3242 3291 3290
f 3250 3330 3329
f 3245 3303 3304
f 3243 3295 3293
f 3247 3316 3314
f 3249 3327 3324
f 3250 3331 3330
f 3245 3307 3303
f 3243 3296 3295
f 3247 3315 3316
f 3249 3323 3327
f 3246 3308 3312
f 3242 3288 3289
f 3248 3318 3319
f 3251 3333 3336
f 3252 3338 3342
f 3250 3328 3331
f 3245 3305 3307
f 3243 3297 3296
f 3247 3317 3315
f 3249 3326 3323
f 3245 3304 3306
f 3243 3293 3294
f 3247 3314 3313
f 3249 3324 3325
f 3250 3329 3332
f 3246 3310 3311
f 3252 3339 3340
f 3251 3335 3334
f 3248 3321 3320
f 3242 3292 3291
f 3275 3349 3356
f 3258 3345 3348
f 3259 3351 3346
f 3280 3354 3352
f 3282 3357 3355
f 3274 3365 3359
f 3273 3392 3396
f 3265 3377 3379
f 3276 3398 3400
f 3260 3363 3360
f 3272 3383 3389
f 3263 3367 3372
f 3264 3375 3368
f 3277 3387 3385
f 3281 3390 3388
f 3274 3393 3395
f 3273 3380 3373
f 3265 3378 3374
f 3276 3399 3397
f 3260 3362 3364
f 3257 3347 3287
f 3254 3343 3284
f 3253 3344 3283
f 3255 3350 3285
f 3256 3353 3286
f 3258 3358 3289
f 3275 3394 3312
f 3282 3381 3342
f 3280 3402 3336
f 3259 3361 3319
f 3270 3382 3302
f 3267 3369 3299
f 3262 3370 3298
f 3268 3384 3300
f 3269 3386 3301
f 3272 3391 3306
f 3263 3371 3294
f 3264 3376 3313
f 3277 3401 3325
f 3281 3366 3332
f 3275 3356 3341
f 3258 3348 3309
f 3259 3346 3290
f 3280 3352 3322
f 3282 3355 3337
f 3274 3359 3311
f 3273 3396 3340
f 3265 3379 3334
f 3276 3400 3320
f 3260 3360 3291
f 3272 3389 3330
f 3263 3372 3303
f 3264 3368 3295
f 3277 3385 3316
f 3281 3388 3327
f 3274 3395 3331
f 3273 3373 3307
f 3265 3374 3296
f 3276 3397 3315
f 3260 3364 3323
f 3254 3349 3308
f 3253 3345 3288
f 3255 3351 3318
f 3256 3354 3333
f 3257 3357 3338
f 3261 3365 3328
f 3271 3392 3305
f 3266 3377 3297
f 3278 3398 3317
f 3279 3363 3326
f 3267 3383 3304
f 3262 3367 3293
f 3268 3375 3314
f 3269 3387 3324
f 3270 3390 3329
f 3271 3393 3310
f 3266 3380 3339
f 3278 3378 3335
f 3279 3399 3321
f 3261 3362 3292
f 3254 3347 3349
f 3253 3343 3345
f 3255 3344 3351
f 3256 3350 3354
f 3257 3353 3357
f 3261 3358 3365
f 3271 3394 3392
f 3266 3381 3377
f 3278 3402 3398
f 3279 3361 3363
f 3267 3382 3383
f 3262 3369 3367
f 3268 3370 3375
f 3269 3384 3387
f 3270 3386 3390
f 3271 3391 3393
f 3266 3371 3380
f 3278 3376 3378
f 3279 3401 3399
f 3261 3366 3362
f 3254 3284 3347
f 3253 3283 3343
f 3255 3285 3344
f 3256 3286 3350
f 3257 3287 3353
f 3261 3292 3358
f 3271 3310 3394
f 3266 3339 3381
f 3278 3335 3402
f 3279 3321 3361
f 3267 3299 3382
f 3262 3298 3369
f 3268 3300 3370
f 3269 3301 3384
f 3270 3302 3386
f 3271 3305 3391
f 3266 3297 3371
f 3278 3317 3376
f 3279 3326 3401
f 3261 3328 3366
f 3257 3338 3356
f 3254 3308 3348
f 3253 3288 3346
f 3255 3318 3352
f 3256 3333 3355
f 3258 3309 3359
f 3275 3341 3396
f 3282 3337 3379
f 3280 3322 3400
f 3259 3290 3360
f 3270 3329 3389
f 3267 3304 3372
f 3262 3293 3368
f 3268 3314 3385
f 3269 3324 3388
f 3272 3330 3395
f 3263 3303 3373
f 3264 3295 3374
f 3277 3316 3397
f 3281 3327 3364
f 3275 3312 3349
f 3258 3289 3345
f 3259 3319 3351
f 3280 3336 3354
f 3282 3342 3357
f 3274 3331 3365
f 3273 3307 3392
f 3265 3296 3377
f 3276 3315 3398
f 3260 3323 3363
f 3272 3306 3383
f 3263 3294 3367
f 3264 3313 3375
f 3277 3325 3387
f 3281 3332 3390
f 3274 3311 3393
f 3273 3340 3380
f 3265 3334 3378
f 3276 3320 3399
f 3260 3291 3362
f 3257 3356 3347
f 3254 3348 3343
f 3253 3346 3344
f 3255 3352 3350
f 3256 3355 3353
f 3258 3359 3358
f 3275 3396 3394
f 3282 3379 3381
f 3280 3400 3402
f 3259 3360 3361
f 3270 3389 3382
f 3267 3372 3369
f 3262 3368 3370
f 3268 3385 3384
f 3269 3388 3386
f 3272 3395 3391
f 3263 3373 3371
f 3264 3374 3376
f 3277 3397 3401
f 3281 3364 3366
f 3347 3284 3287
f 3343 3283 3284
f 3344 3285 3283
f 3350 3286 3285
f 3353 3287 3286
f 3358 3292 3289
f 3394 3310 3312
f 3381 3339 3342
f 3402 3335 3336
f 3361 3321 3319
f 3382 3299 3302
f 3369 3298 3299
f 3370 3300 3298
f 3384 3301 3300
f 3386 3302 3301
f 3391 3305 3306
f 3371 3297 3294
f 3376 3317 3313
f 3401 3326 3325
f 3366 3328 3332
f 3356 3338 3341
f 3348 3308 3309
f 3346 3288 3290
f 3352 3318 3322
f 3355 3333 3337
f 3359 3309 3311
f 3396 3341 3340
f 3379 3337 3334
f 3400 3322 3320
f 3360 3290 3291
f 3389 3329 3330
f 3372 3304 3303
f 3368 3293 3295
f 3385 3314 3316
f 3388 3324 3327
f 3395 3330 3331
f 3373 3303 3307
f 3374 3295 3296
f 3397 3316 3315
f 3364 3327 3323
f 3349 3312 3308
f 3345 3289 3288
f 3351 3319 3318
f 3354 3336 3333
f 3357 3342 3338
f 3365 3331 3328
f 3392 3307 3305
f 3377 3296 3297
f 3398 3315 3317
f 3363 3323 3326
f 3383 3306 3304
f 3367 3294 3293
f 3375 3313 3314
f 3387 3325 3324
f 3390 3332 3329
f 3393 3311 3310
f 3380 3340 3339
f 3378 3334 3335
f 3399 3320 3321
f 3362 3291 3292
f 3347 3356 3349
f 3343 3348 3345
f 3344 3346 3351
f 3350 3352 3354
f 3353 3355 3357
f 3358 3359 3365
f 3394 3396 3392
f 3381 3379 3377
f 3402 3400 3398
f 3361 3360 3363
f 3382 3389 3383
f 3369 3372 3367
f 3370 3368 3375
f 3384 3385 3387
f 3386 3388 3390
f 3391 3395 3393
f 3371 3373 3380
f 3376 3374 3378
f 3401 3397 3399
f 3366 3364 3362

