# https://github.com/mikedh/trimesh
v 1.17921090 5.31110859 1.41650748
v 0.56062484 1.48801970 1.26926005
v -1.53195834 5.75342464 1.32195222
v -2.15054464 1.93033612 1.17470479
v -1.77847469 3.83074808 1.27364373
v 0.80528897 3.40921712 1.36375558
v -1.71300793 4.22687387 1.24954557
v 0.87075579 3.80534315 1.33965731
v -0.80959791 1.61540937 1.20306253
v -0.81110013 1.61420953 1.24052203
v -0.16050932 5.62701464 1.35757077
v -0.16201152 5.62581491 1.39503026
v 0.89202797 3.39596558 1.34342599
v 1.15552890 5.21258402 1.43453693
v 1.15702343 5.21377754 1.39726448
v 1.12325752 5.40722322 1.40298390
v 1.12183309 5.40608597 1.43850482
v 0.56895542 1.58734560 1.29490983
v 0.57045001 1.58853936 1.25763738
v 0.47742015 1.41571283 1.24924970
v 0.47599569 1.41457522 1.28477061
v -1.86334312 3.84549332 1.24732924
v -1.54205942 5.65268469 1.34045529
v -1.54056478 5.65387821 1.30318296
v -1.44760513 5.82664919 1.31332219
v -1.44902968 5.82551146 1.34884298
v -2.12863278 2.02744627 1.20082819
v -2.12713814 2.02863979 1.16355586
v -2.09344244 1.83513856 1.15958786
v -2.09486675 1.83400106 1.19510877
v -0.48660567 3.61997247 1.31902015
v -2.01936245 1.91784406 1.20262086
v -1.40386522 5.72184277 1.34913313
v 0.43068746 1.51812828 1.28806937
v 1.04618490 5.32212734 1.43458152
v -0.42007157 4.02255678 1.29452896
v -2.01779437 1.91909671 1.16351128
v -1.40229678 5.72309589 1.31002331
v 0.43225583 1.51938093 1.24895966
v 1.04775321 5.32337999 1.39547181
v -0.81549317 1.58222508 1.21686399
v -0.15582204 5.65923405 1.37389135
v 1.17637765 5.18728876 1.41264677
v 1.17439198 5.27377796 1.43606973
v 1.17579210 5.27489567 1.40115821
v 1.16266179 5.36950827 1.40448427
v 1.16132784 5.36844254 1.43775523
v 0.59697288 1.60635459 1.27472603
v 0.56756949 1.52339160 1.29162240
v 0.56896949 1.52450943 1.25671089
v 0.52667505 1.43887615 1.25309479
v 0.52534086 1.43781066 1.28636575
v -1.56832397 5.63507605 1.31692207
v -1.54057908 5.71671486 1.34138191
v -1.53917897 5.71783257 1.30647027
v -1.49695027 5.80341339 1.31172705
v -1.49828458 5.80234814 1.34499800
v -2.14772892 2.05414176 1.17900121
v -2.14740181 1.96632802 1.19693458
v -2.14600158 1.96744621 1.16202295
v -2.13293743 1.87278140 1.16033757
v -2.13427162 1.87171590 1.19360852
v -1.54009020 5.53449821 1.33739424
v -2.08951044 2.13887930 1.20661092
v -1.69665682 3.81739020 1.27674067
v -2.04216504 2.04521036 1.20591199
v -1.46565235 5.60826778 1.34314418
v 1.11635482 5.10110998 1.43004096
v 0.56693453 1.70549107 1.29925764
v 0.72345155 3.42255950 1.36114478
v 0.49246448 1.63169575 1.29431021
v 1.06897676 5.19475269 1.43154252
v -1.53854382 5.53573322 1.29883504
v -2.08796406 2.14011431 1.16805172
v -1.63038027 4.21841526 1.25234449
v -2.04058647 2.04647112 1.16655028
v -1.46407402 5.60952854 1.30378246
v 1.11790109 5.10234499 1.39148176
v 0.56848079 1.70672607 1.26069856
v 0.78972805 3.82358432 1.33674860
v 0.49404290 1.63295650 1.25494850
v 1.07055533 5.19601345 1.39218080
v 0.39394575 1.41615510 1.24530184
v -2.01408076 1.80901504 1.16131890
v -1.95083833 1.84076858 1.16398680
v 0.34402800 1.46637022 1.24402285
v -0.81365961 1.59056294 1.20329332
v 0.39247218 1.41497815 1.28204894
v -2.01555419 1.80783808 1.19806612
v -1.95238280 1.83953524 1.20249975
v 0.34248355 1.46513700 1.28253603
v -0.81506658 1.58943927 1.23838019
v 1.04394460 5.43338633 1.40002668
v -1.36408150 5.82624578 1.31604385
v -1.31409299 5.77608681 1.31555676
v 0.98077339 5.40168905 1.39559293
v -0.15654285 5.65178442 1.35971260
v 1.04247105 5.43220901 1.43677390
v -1.36555541 5.82506895 1.35279095
v -1.31563735 5.77485418 1.35406983
v 0.97922891 5.40045547 1.43410611
v -0.15794988 5.65066099 1.39479935
v 1.15930665 5.09615564 1.42979598
v 1.16070819 5.09727526 1.39484465
v 0.60926080 1.69667149 1.29886389
v 0.61066234 1.69779098 1.26391256
v 1.15338016 5.33650827 1.43811977
v 0.86902285 3.39885497 1.36505377
v 1.12261772 5.27833796 1.43592966
v 1.15485072 5.33768272 1.40144563
v 0.93141377 3.77637005 1.34208775
v 1.12416101 5.27957106 1.39744735
v 1.13078010 5.41575384 1.41774666
v 1.09749365 5.37860823 1.39985180
v 1.04843116 5.45279264 1.40255165
v 1.09597468 5.37739515 1.43773174
v 1.04709566 5.45172548 1.43586063
v 0.52784979 1.47050130 1.28921938
v 0.51699865 1.53539073 1.29176879
v 0.52932036 1.47167563 1.25254512
v 0.51854193 1.53662300 1.25328660
v 0.48169413 1.40416610 1.26323915
v 0.46201783 1.45113468 1.24858391
v 0.39206219 1.39619160 1.24631047
v 0.46049875 1.44992161 1.28646386
v 0.39072648 1.39512467 1.27961946
v -1.58227181 5.54343319 1.33418012
v -1.58087039 5.54455280 1.29922879
v -2.13231754 2.14394903 1.20324814
v -2.13091612 2.14506841 1.16829669
v -1.50092983 5.76954842 1.34554756
v -1.84213436 3.84116960 1.27049887
v -1.49015129 5.70460129 1.34480608
v -1.49945927 5.77072287 1.30887341
v -1.77974331 4.21868467 1.24753284
v -1.48860824 5.70583344 1.30632389
v -1.45301414 5.83728933 1.32763386
v -1.43210828 5.79130268 1.31162894
v -1.36233604 5.84609938 1.31847334
v -1.43362725 5.79008961 1.34950888
v -1.36367154 5.84503269 1.35178220
v -2.12646031 1.90354145 1.19664705
v -2.09577036 1.96165323 1.20064545
v -2.12498975 1.90471590 1.15997291
v -2.09422708 1.96288598 1.16216314
v -2.10209990 1.82570171 1.17312634
v -2.06758404 1.86382914 1.16036093
v -2.01870513 1.78949857 1.16223216
v -2.06910324 1.86261606 1.19824100
v -2.02004099 1.78843164 1.19554114
v -1.92392504 2.02383113 1.21016228
v -1.34675670 5.59094381 1.34755075
v 0.37355319 1.64900684 1.29028952
v 0.95072162 5.21611977 1.42767799
v -0.79588950 1.70841587 1.24507499
v -0.17729619 5.53154898 1.39232421
v -1.92233109 2.02510452 1.17041469
v -1.34516263 5.59221745 1.30780315
v 0.37514707 1.65028000 1.25054204
v 0.95231563 5.21739292 1.38793051
v -0.79431331 1.70967484 1.20576859
v -0.17571993 5.53280830 1.35301781
v -1.64253521 5.67566824 1.18772769
v -1.96721852 1.97213137 1.06205785
v -1.97185159 5.70412970 1.19978738
v -2.29653502 2.00059295 1.07411742
v -2.12568331 3.85084128 1.15976441
v -1.81184244 3.82371688 1.14827168
v -2.09346247 4.23480940 1.13343453
v -1.77962196 4.20768547 1.12194169
v -2.14039302 1.89561498 1.04969871
v -2.13914037 1.89423418 1.08716094
v -1.79969954 5.78177309 1.18156528
v -1.79844689 5.78039217 1.21902764
v -1.80219996 3.82367635 1.12456596
v -1.65102315 5.57909393 1.20658445
v -1.65226948 5.58046770 1.16930914
v -1.64438343 5.75851011 1.17648661
v -1.64319575 5.75720072 1.21201026
v -1.95890379 2.06722069 1.08741796
v -1.96015012 2.06859469 1.05014265
v -1.98337054 1.89181817 1.04528058
v -1.98218274 1.89050877 1.08080411
v -2.13688540 3.85260177 1.13682222
v -1.97869003 5.60741282 1.21858358
v -1.97993624 5.60878658 1.18130827
v -1.95665729 5.78549814 1.18792212
v -1.95546961 5.78418875 1.22344577
v -2.28657079 2.09553957 1.09941709
v -2.28781676 2.09691358 1.06214190
v -2.29564452 1.91880679 1.05671608
v -2.29445648 1.91749740 1.09223962
v -1.96875215 3.83726740 1.15433848
v -2.27909684 2.00762081 1.09684741
v -1.95603454 5.69266510 1.22188973
v -1.98149765 1.98190057 1.08594930
v -1.65843534 5.66694450 1.21099174
v -1.93600631 4.22749567 1.12757921
v -2.28040457 2.00906253 1.05773449
v -1.95734239 5.69410658 1.18277705
v -1.98280549 1.98334229 1.04683650
v -1.65974307 5.66838646 1.17187893
v -2.14266682 1.86338055 1.06368589
v -1.79641855 5.81289768 1.19770241
v -1.65077412 5.55819321 1.18389106
v -1.64469278 5.63966322 1.20742214
v -1.64585996 5.64095068 1.17250776
v -1.64154088 5.72851515 1.17641366
v -1.64042842 5.72728872 1.20968735
v -1.95489192 2.08923864 1.06618106
v -1.96320176 2.00655556 1.08414197
v -1.96436906 2.00784278 1.04922760
v -1.97535777 1.92079830 1.04720879
v -1.97424519 1.91957176 1.08048236
v -1.98416352 5.58700609 1.19610000
v -1.97447085 5.66816473 1.21949863
v -1.97563827 5.66945171 1.18458426
v -1.96459484 5.75643539 1.18824399
v -1.96348238 5.75520897 1.22151756
v -2.28828144 2.11805201 1.07838988
v -2.29297996 2.03505683 1.09621847
v -2.29414749 2.03634405 1.06130409
v -2.29841161 1.94871867 1.05903888
v -2.29729939 1.94749200 1.09231269
v -1.98592019 5.49595356 1.21536148
v -2.27429962 2.20651937 1.10374308
v -2.11573601 3.84997296 1.15964353
v -2.27399802 2.12476373 1.10112143
v -1.97139859 5.57640076 1.21824384
v -1.66325080 5.46806669 1.20354533
v -1.95163071 2.17863226 1.09192681
v -1.82177365 3.82456732 1.14887857
v -1.96612549 2.09815550 1.08984721
v -1.66352582 5.54979277 1.20696950
v -1.98720932 5.49737501 1.17679930
v -2.27558923 2.20794082 1.06518090
v -2.08311677 4.23868990 1.13298798
v -2.27531409 2.12621498 1.06175673
v -1.97271466 5.57785177 1.17887902
v -1.66454017 5.46948814 1.16498315
v -1.95291996 2.18005395 1.05336475
v -1.78915453 4.21328402 1.12222314
v -1.96744156 2.09960675 1.05048239
v -1.66484189 5.55124331 1.16760480
v -1.99437273 1.88023758 1.04460680
v -2.28686738 1.90551662 1.05531788
v -2.27654600 1.94463062 1.05552948
v -1.99779654 1.92053962 1.04532158
v -2.14246035 1.87153888 1.05006957
v -1.99314404 1.87888277 1.08135676
v -2.28563881 1.90416181 1.09206796
v -2.27525830 1.94321060 1.09404576
v -1.99650872 1.91911948 1.08383775
v -2.14128733 1.87024522 1.08515894
v -1.65320134 5.77184534 1.17665839
v -1.94569600 5.79712486 1.18736947
v -1.94233119 5.75688791 1.18488836
v -1.66358173 5.73279667 1.17468059
v -1.79755282 5.80576181 1.18356729
v -1.65197277 5.77049065 1.21340847
v -1.94446731 5.79576969 1.22411954
v -1.94104338 5.75546789 1.22340465
v -1.66229391 5.73137665 1.21319687
v -1.79637980 5.80446815 1.21865678
v -1.65797675 5.46955824 1.20161557
v -1.65914524 5.47084713 1.16666138
v -1.94668460 2.17637944 1.08986998
v -1.94785321 2.17766833 1.05491590
v -1.64343762 5.69595146 1.21033871
v -1.80413640 3.82308245 1.14706481
v -1.65115583 5.63653088 1.20931268
v -1.64466405 5.69730377 1.17366171
v -1.77342951 4.18901110 1.12197196
v -1.65244257 5.63794947 1.17082739
v -1.64227247 5.76764488 1.19093955
v -1.64964795 5.72775269 1.17434633
v -1.65130568 5.79083729 1.17901850
v -1.64838135 5.72635603 1.21222925
v -1.65019190 5.78960896 1.21233010
v -1.97176611 1.95083892 1.08325803
v -1.96903324 2.01062918 1.08627701
v -1.97299230 1.95219100 1.04658091
v -1.97031987 2.01204801 1.04779172
v -1.98296440 1.88150406 1.05907345
v -1.98319662 1.92309570 1.04524517
v -1.99582052 1.86109054 1.04567289
v -1.98193002 1.92169917 1.08312798
v -1.99470687 1.85986257 1.07898426
v -1.99098670 5.49833918 1.21381044
v -1.99215543 5.49962759 1.17885625
v -2.27969480 2.20516038 1.10206485
v -2.28086352 2.20644927 1.06711078
v -1.96584761 5.72381639 1.22214532
v -2.13345146 3.85154366 1.15912437
v -1.96852005 5.66395950 1.22093439
v -1.96707380 5.72516823 1.18546832
v -2.10274434 4.21747208 1.13403141
v -1.96980667 5.66537857 1.18244922
v -1.95611691 5.79476929 1.20243251
v -1.95691013 5.75430870 1.18559813
v -1.94413304 5.81614494 1.18974185
v -1.95564353 5.75291204 1.22348118
v -1.94301951 5.81491709 1.22305334
v -2.29417610 1.97870374 1.09506464
v -2.28639746 2.03805780 1.09789884
v -2.29540253 1.98005581 1.05838752
v -2.28768420 2.03947639 1.05941367
v -2.29680896 1.90862846 1.07056642
v -2.29045868 1.94965112 1.05649710
v -2.28864837 1.88639843 1.05639613
v -2.28919220 1.94825459 1.09437990
v -2.28753448 1.88517046 1.08970773
v -2.25976086 2.12154722 1.10072029
v -1.95681667 5.57711315 1.21797597
v -1.98069417 2.09742904 1.09050083
v -1.67775011 5.55299473 1.20775652
v -2.13110662 1.98548925 1.09118223
v -1.80641925 5.68906879 1.21685362
v -2.26109004 2.12301278 1.06096971
v -1.95814586 5.57857847 1.17822540
v -1.98202324 2.09889412 1.05075026
v -1.67907906 5.55446005 1.16800594
v -2.13242054 1.98693848 1.05187273
v -1.80773354 5.69051790 1.17754412
v -2.00971460 5.68778801 1.08946955
v -2.31496525 2.01950908 0.93673003
v -2.33155227 5.71346664 1.11594152
v -2.63680267 2.04518795 0.96320200
v -2.47480989 3.87761521 1.06197631
v -2.16809630 3.85314274 1.03674853
v -2.44635510 4.25837994 1.03855932
v -2.13964152 4.23390770 1.01333141
v -2.48460555 1.94264090 0.93095517
v -2.48167682 1.94084227 0.96830606
v -2.16430259 5.79180336 1.09122622
v -2.16137409 5.79000473 1.12857699
v -2.15973425 3.85345006 1.01265633
v -2.01669312 5.59187317 1.10759616
v -2.01960731 5.59366274 1.07043171
v -2.01243806 5.76994133 1.07924020
v -2.00966120 5.76823521 1.11465824
v -2.30614662 2.11343217 0.96276128
v -2.30906081 2.11522245 0.92559683
v -2.33113647 1.94006014 0.91977203
v -2.32835937 1.93835449 0.95518994
v -2.48681903 3.87954760 1.03955972
v -2.33691859 5.61742306 1.13393545
v -2.33983254 5.61921310 1.09677088
v -2.31762004 5.79429102 1.10434222
v -2.31484318 5.79258537 1.13976014
v -2.62637210 2.13898277 0.98910058
v -2.62928629 2.14077258 0.95193601
v -2.63631821 1.96441042 0.94487393
v -2.63354135 1.96270430 0.98029196
v -2.32142806 3.86536336 1.04968202
v -2.61874437 2.05200553 0.98523700
v -2.31501770 5.70196819 1.13721383
v -2.32790399 2.02879930 0.96131468
v -2.02417707 5.67876196 1.11329162
v -2.29250956 4.25233650 1.02588308
v -2.62180209 2.05388379 0.94624066
v -2.31807542 5.70384645 1.09821737
v -2.33096147 2.03067756 0.92231834
v -2.02723479 5.68064022 1.07429516
v -2.48603892 1.91054034 0.94466591
v -2.16051412 5.82245779 1.10754991
v -2.01737452 5.57144451 1.08468592
v -2.01075768 5.65188742 1.10883427
v -2.01348710 5.65356398 1.07402384
v -2.00951290 5.74026012 1.07871258
v -2.00691152 5.73866224 1.11188710
v -2.30329061 2.13551402 0.94162095
v -2.31020355 2.05336666 0.95899940
v -2.31293297 2.05504298 0.92418909
v -2.32335043 1.96879268 0.92167652
v -2.32074928 1.96719468 0.95485115
v -2.34319258 5.59744120 1.11148512
v -2.33304644 5.67760277 1.13534319
v -2.33577585 5.67927885 1.10053277
v -2.32523036 5.76545095 1.10468102
v -2.32262921 5.76385307 1.13785565
v -2.62910891 2.16151071 0.96842015
v -2.63249230 2.07908177 0.98550832
v -2.63522172 2.08075786 0.95069790
v -2.63906765 1.99398315 0.94764507
v -2.63646650 1.99238563 0.98081970
v -2.34359312 5.50703669 1.12978911
v -2.61471272 2.24891782 0.99412787
v -2.46507740 3.87682819 1.06141984
v -2.61413598 2.16799235 0.99058855
v -2.32964683 5.58676958 1.13293934
v -2.02825165 5.48187590 1.10385168
v -2.29937148 2.22375727 0.96819043
v -2.17779112 3.85390639 1.03778994
v -2.31325507 2.14398551 0.96584046
v -2.02876616 5.56276274 1.10819125
v -2.34660792 5.50888824 1.09134173
v -2.61772728 2.25076938 0.95568061
v -2.43627071 4.26230288 1.03771317
v -2.61721301 2.16988277 0.95134091
v -2.33272433 5.58865976 1.09369171
v -2.03126669 5.48372746 1.06540430
v -2.30238628 2.22560883 0.92974305
v -2.14898443 4.23938084 1.01408315
v -2.31633234 2.14587593 0.92659283
v -2.03184366 5.56465340 1.06894350
v -2.34187603 1.92852116 0.91944194
v -2.62772799 1.95132899 0.94295382
v -2.61781073 1.99013329 0.94315720
v -2.34539127 1.96839738 0.92075002
v -2.48649335 1.91878045 0.93114674
v -2.33900309 1.92675650 0.95608258
v -2.62485504 1.94956446 0.97959459
v -2.61479950 1.98828375 0.98155880
v -2.34238029 1.96654785 0.95915163
v -2.48375034 1.91709542 0.96613204
v -2.02112436 5.78308105 1.07993770
v -2.30697632 5.80588865 1.10344970
v -2.30359888 5.76609755 1.10038042
v -2.03117967 5.74436188 1.07797337
v -2.16222906 5.81555033 1.09340012
v -2.01825118 5.78131676 1.11657834
v -2.30410337 5.80412483 1.14009023
v -2.30058789 5.76424837 1.13878202
v -2.02816868 5.74251270 1.11637497
v -2.15948582 5.81386518 1.12838531
v -2.02318549 5.48341370 1.10171461
v -2.02591801 5.48509216 1.06686449
v -2.29461384 2.22158623 0.96589899
v -2.29734635 2.22326469 0.93104887
v -2.00967312 5.70760155 1.11231887
v -2.16060710 3.85258365 1.03520596
v -2.01698089 5.64871693 1.11096478
v -2.01254082 5.70936298 1.07575083
v -2.13348961 4.21545982 1.01288891
v -2.01998973 5.65056515 1.07259393
v -2.00976276 5.77883244 1.09368777
v -2.01753569 5.73947144 1.07698631
v -2.01925564 5.80187368 1.08242488
v -2.01457429 5.73765182 1.11475670
v -2.01665139 5.80027390 1.11563730
v -2.31835079 1.99814224 0.95786464
v -2.31583285 2.05733371 0.96142709
v -2.32121825 1.99990332 0.92129672
v -2.31884170 2.05918169 0.92305636
v -2.33006382 1.92968762 0.93341744
v -2.33112097 1.97103405 0.92007661
v -2.34315085 1.90953791 0.92035615
v -2.32815957 1.96921492 0.95784688
v -2.34054685 1.90793824 0.95356858
v -2.34863281 5.50938082 1.12848341
v -2.35136557 5.51105928 1.09363329
v -2.62006140 2.24755311 0.99266768
v -2.62279415 2.24923182 0.95781755
v -2.32476115 5.73274231 1.13823545
v -2.48244333 3.87826276 1.06167758
v -2.32713771 5.67346382 1.13647580
v -2.32762861 5.73450327 1.10166752
v -2.45532560 4.24113894 1.03936076
v -2.33014631 5.67531204 1.09810507
v -2.31647992 5.80330515 1.11891592
v -2.31781983 5.76343060 1.10168540
v -2.30543280 5.82470751 1.10596347
v -2.31485844 5.76161146 1.13945568
v -2.30282855 5.82310772 1.13917601
v -2.63343883 2.02328253 0.98378134
v -2.62598968 2.08208060 0.98693824
v -2.63630605 2.02504420 0.94721329
v -2.62899828 2.08392859 0.94856739
v -2.63678098 1.95415986 0.95864558
v -2.63140512 1.99499345 0.94477546
v -2.62932777 1.93237174 0.94389486
v -2.62844348 1.99317431 0.98254585
v -2.62672377 1.93077207 0.97710729
v -2.60020685 2.16491413 0.98954225
v -2.31539392 5.58758354 1.13205492
v -2.32747769 2.14315367 0.96710968
v -2.04266500 5.56582212 1.10962236
v -2.47408032 2.03121805 0.97299182
v -2.16882586 5.69953966 1.12573302
v -2.60331416 2.16682339 0.94990993
v -2.31850171 5.58949184 1.09242260
v -2.33058524 2.14506221 0.92747724
v -2.04577279 5.56773138 1.06999004
v -2.47715306 2.03310561 0.93379915
v -2.17189908 5.70142746 1.08654046
v -2.96909547 2.64836454 0.84656918
v -2.68573713 5.60529375 0.95607066
v -2.67524862 2.61902523 0.87844658
v -2.39189053 5.57595444 0.98794794
v -2.54302692 4.09757328 0.95542276
v -2.82306504 4.12553358 0.92504346
v -2.56794834 3.79319906 0.90500891
v -2.84798622 3.82115984 0.87462962
v -2.53013778 5.66392946 0.95949817
v -2.53427839 5.66294575 0.99676478
v -2.82746816 2.56119299 0.84459734
v -2.83160901 2.56020975 0.88186395
v -2.82978630 4.12707424 0.90083277
v -2.96346760 2.72422409 0.87144530
v -2.95934749 2.72520256 0.83436489
v -2.96615052 2.58284903 0.83073580
v -2.97007728 2.58191657 0.86607361
v -2.69477367 5.52812862 0.97527969
v -2.69065356 5.52910662 0.93819928
v -2.67030907 5.67004299 0.94506097
v -2.67423582 5.66911077 0.98039889
v -2.53114891 4.09725666 0.93322980
v -2.67109346 2.69503164 0.90316284
v -2.66697311 2.69601011 0.86608243
v -2.68751097 2.55502796 0.86096346
v -2.69143748 2.55409551 0.89630127
v -2.40239906 5.49893665 1.00699735
v -2.39827871 5.49991465 0.96991694
v -2.39166975 5.64222193 0.97528863
v -2.39559650 5.64128971 1.01062655
v -2.68308115 4.11154509 0.94055188
v -2.40929055 5.56938219 1.00901604
v -2.69123411 2.62721658 0.90006149
v -2.67483592 5.59589529 0.98020899
v -2.95677948 2.65373039 0.87125444
v -2.70840883 3.80220866 0.88931608
v -2.40496731 5.57040834 0.97010779
v -2.68691063 2.62824345 0.86115324
v -2.67051244 5.59692192 0.94130075
v -2.95245600 2.65475678 0.83234620
v -2.52937865 5.68882656 0.97541833
v -2.83155704 2.53550458 0.85864425
v -2.96196270 2.74218607 0.85005677
v -2.96891713 2.67595220 0.86837637
v -2.96505761 2.67686844 0.83364475
v -2.96882820 2.60684252 0.83220494
v -2.97250605 2.60596919 0.86530459
v -2.69655252 5.51182413 0.95262229
v -2.69094729 5.57665110 0.97579539
v -2.68708801 5.57756710 0.94106364
v -2.67749906 5.64695072 0.94478655
v -2.68117690 5.64607763 0.97788608
v -2.66448212 2.71248388 0.88232839
v -2.67465854 2.64657140 0.90029860
v -2.67079926 2.64748764 0.86556685
v -2.68056965 2.57806134 0.86347604
v -2.68424773 2.57718801 0.89657557
v -2.39907146 5.48212194 0.98489380
v -2.39668894 5.54727030 1.00771749
v -2.39282966 5.54818678 0.97298574
v -2.38924050 5.61816931 0.97605765
v -2.39291859 5.61729622 1.00915730
v -2.66488457 2.78403592 0.90684950
v -2.41320920 5.41034317 1.00410712
v -2.55192280 4.09845257 0.95470250
v -2.41365004 5.47574377 1.00618804
v -2.67773509 2.71993303 0.90413463
v -2.95279980 2.81278300 0.87561560
v -2.70112467 5.43909025 0.97287321
v -2.81422305 4.12464190 0.92624736
v -2.68836236 5.50317240 0.97638655
v -2.95244789 2.74736166 0.87433314
v -2.66062188 2.78504825 0.86848903
v -2.40894675 5.41135597 0.96574664
v -2.57715225 3.79031396 0.90366507
v -2.40929890 5.47677708 0.96702909
v -2.67338419 2.72096610 0.86497569
v -2.94853711 2.81379533 0.83725512
v -2.69686174 5.44010305 0.93451273
v -2.83945251 3.81650329 0.87520993
v -2.68401122 5.50420570 0.93722749
v -2.94809628 2.74839473 0.83517408
v -2.66046357 5.67912483 0.94577658
v -2.39947319 5.65306568 0.97408962
v -2.40854359 5.62202358 0.97137296
v -2.65726948 5.64685822 0.94439042
v -2.52842975 5.68308592 0.96138895
v -2.66452599 5.67816019 0.98233438
v -2.40353537 5.65210152 1.01064754
v -2.41280103 5.62101316 1.00968766
v -2.66152692 5.64584732 0.98270512
v -2.53230858 5.68216515 0.99629509
v -2.95821142 2.57203746 0.83071470
v -2.69722056 2.54597855 0.85902786
v -2.70021987 2.57829118 0.85865712
v -2.94894576 2.60312557 0.83167446
v -2.82943821 2.54197383 0.84506714
v -2.96227360 2.57107282 0.86727250
v -2.70128298 2.54501390 0.89558566
v -2.70447731 2.57728028 0.89697182
v -2.95320344 2.60211468 0.86998928
v -2.83331680 2.54105282 0.87997305
v -2.95735717 2.81179619 0.87326515
v -2.95349336 2.81271338 0.83849382
v -2.70539546 5.44109344 0.97063351
v -2.70153165 5.44201088 0.93586218
v -2.97001171 2.63088775 0.86795402
v -2.82986641 4.12624693 0.92337608
v -2.96330023 2.67822862 0.87085998
v -2.96595764 2.63185048 0.83146870
v -2.85361695 3.83617330 0.87533057
v -2.95904636 2.67923880 0.83257592
v -2.96915960 2.57478333 0.84444988
v -2.96141076 2.60742116 0.83072186
v -2.96000862 2.55678225 0.83184505
v -2.96559811 2.60642695 0.86840677
v -2.96369100 2.55590796 0.86498225
v -2.68347263 5.62101221 0.97868466
v -2.68588185 5.57317448 0.97806585
v -2.67941856 5.62197495 0.94219923
v -2.68162775 5.57418442 0.93978179
v -2.67183018 5.67750597 0.95935011
v -2.67031598 5.64508677 0.94321287
v -2.65934300 5.69431973 0.94803452
v -2.67450333 5.64409256 0.98089778
v -2.66302562 5.69344521 0.98117185
v -2.66021490 2.78212786 0.90550005
v -2.65635109 2.78304505 0.87072873
v -2.40825295 5.41142511 1.00286841
v -2.40438914 5.41234255 0.96809709
v -2.68232799 2.60216379 0.89916289
v -2.53602123 4.09690809 0.95525312
v -2.68011880 2.64995432 0.90158033
v -2.67827368 2.60312653 0.86267757
v -2.55977178 3.80683398 0.90720785
v -2.67586493 2.65096450 0.86329627
v -2.68911862 2.54682231 0.87482953
v -2.68724346 2.58004642 0.86046433
v -2.69872117 2.53069353 0.86019027
v -2.69143057 2.57905245 0.89814925
v -2.70240331 2.52981901 0.89332759
v -2.39578891 5.59228802 1.00989354
v -2.40270019 5.54489994 1.00878620
v -2.39173484 5.59325123 0.97340810
v -2.39844656 5.54590988 0.97050226
v -2.39178896 5.64954472 0.98972988
v -2.39614820 5.61771154 0.97295558
v -2.39805579 5.66823101 0.97637987
v -2.40033579 5.61671734 1.01064038
v -2.40173793 5.66735649 1.00951719
v -2.42637277 5.47859049 1.00504386
v -2.69075847 2.71964240 0.90287423
v -2.67538190 5.50345325 0.97803068
v -2.93976760 2.74450493 0.87586093
v -2.54136515 5.59003592 0.99498439
v -2.82472658 2.63307142 0.88548172
v -2.42197895 5.47963381 0.96550119
v -2.68636465 2.72068572 0.86333156
v -2.67098784 5.50449657 0.93848789
v -2.93537402 2.74554825 0.83631825
v -2.53701997 5.59106731 0.95588052
v -2.82038140 2.63410306 0.84637785
v -2.48996997 5.65281153 0.97167575
v -2.55006933 2.28978395 0.89254856
v -3.52268744 5.67570639 0.78297663
v -3.58278680 2.31267929 0.70384955
v -3.53263712 3.99319386 0.77058792
v -2.54845023 3.97137499 0.95041931
v -3.51934028 4.34132767 0.74005389
v -2.53515315 4.31950855 0.91988540
v -3.06515193 2.21862102 0.78119206
v -3.07190871 2.21787381 0.81807971
v -3.00208902 5.74747944 0.86422110
v -3.00884581 5.74673176 0.90110874
v -2.51155996 3.97111559 0.93342531
v -2.49809361 5.56540775 0.99089503
v -2.49137092 5.56615114 0.95419180
v -2.51278543 5.72776651 0.95443439
v -2.51919246 5.72705793 0.98941302
v -2.55508280 2.37642145 0.91586292
v -2.54835963 2.37716532 0.87915933
v -2.57553220 2.21658516 0.87182128
v -2.58193946 2.21587658 0.90680003
v -3.56111407 3.99438381 0.74164987
v -3.52563810 5.58818769 0.80314136
v -3.51891494 5.58893156 0.76643789
v -3.49205852 5.74947691 0.77550077
v -3.49846554 5.74876833 0.81047940
v -3.58262682 2.39920211 0.72810888
v -3.57590389 2.39994550 0.69140565
v -3.55480528 2.23829532 0.69288766
v -3.56121206 2.23758650 0.72786629
v -3.04060173 3.98227811 0.86081922
v -3.53705287 2.31951380 0.73577821
v -3.47725391 5.66574907 0.81451023
v -2.60379863 2.29882407 0.90630305
v -2.54399943 5.64505959 0.98503518
v -3.02708769 4.33608770 0.82978749
v -3.52999830 2.32029390 0.69726551
v -3.47019935 5.66652918 0.77599764
v -2.59674430 2.29960394 0.86779046
v -2.53694510 5.64583921 0.94652259
v -3.06838250 2.18955398 0.79534626
v -3.00429177 5.77594566 0.87972891
v -2.48552608 5.54615831 0.97055137
v -2.49358630 5.62040138 0.99163282
v -2.48728943 5.62109852 0.95725405
v -2.49656415 5.70059347 0.95800066
v -2.50256515 5.69992971 0.99076366
v -2.54181886 2.39614511 0.89643598
v -2.55254269 2.32132792 0.91401029
v -2.54624557 2.32202411 0.87963164
v -2.55835390 2.24296403 0.87664759
v -2.56435490 2.24230051 0.90941060
v -3.53101659 5.56933689 0.77951837
v -3.52775192 5.64332867 0.80266917
v -3.52145505 5.64402533 0.76829040
v -3.50964260 5.72305250 0.77289009
v -3.51564384 5.72238922 0.80565310
v -3.58730936 2.41932344 0.70540297
v -3.58670831 2.34425521 0.72504652
v -3.58041120 2.34495139 0.69066799
v -3.57143259 2.26542354 0.69153702
v -3.57743382 2.26476002 0.72430003
v -3.51972270 5.48700762 0.80283046
v -3.57310224 2.50000954 0.73255050
v -3.50151205 3.99249840 0.77652240
v -3.55129027 2.42584252 0.73545218
v -3.49527860 5.56012964 0.80919755
v -2.50785065 5.46457481 0.98772049
v -2.56122994 2.47757626 0.91744089
v -2.57966328 3.97206116 0.94496346
v -2.58581901 2.40443826 0.91186392
v -2.52980757 5.53872538 0.98560941
v -3.51276755 5.48777676 0.76485991
v -3.56614709 2.50077844 0.69458020
v -3.48805022 4.34493780 0.74561095
v -3.54419017 2.42662764 0.69669139
v -3.48817873 5.56091452 0.77043676
v -2.50089550 5.46534348 0.94975019
v -2.55427504 2.47834563 0.87947023
v -2.56620169 4.32450008 0.91405201
v -2.57871890 2.40522337 0.87310302
v -2.52270746 5.53951073 0.94684851
v -2.60663700 2.20597196 0.86528456
v -3.52388382 2.22630715 0.69768441
v -3.50152826 2.26187468 0.70160067
v -2.62738585 2.24249506 0.86132467
v -3.06575561 2.19677448 0.78184676
v -2.61326504 2.20523906 0.90147066
v -3.53051186 2.22557425 0.73387051
v -3.50847530 2.26110649 0.73952591
v -2.63433290 2.24172688 0.89924991
v -3.07208467 2.19607472 0.81639791
v -2.54348588 5.73977900 0.94843006
v -3.46073270 5.76011419 0.78083003
v -3.43966532 5.72362614 0.78305078
v -2.56552243 5.70424700 0.94277477
v -3.00191307 5.76927853 0.86590278
v -2.55011392 5.73904610 0.98461616
v -3.46736097 5.75938129 0.81701612
v -3.44661164 5.72285795 0.82097590
v -2.57246923 5.70347881 0.98070002
v -3.00824213 5.76857901 0.90045393
v -2.49128079 5.46595144 0.98894691
v -2.48497629 5.46664810 0.95452905
v -2.54472089 2.47555280 0.91858709
v -2.53841639 2.47625041 0.88416934
v -2.50438976 5.67149353 0.99158609
v -2.52402115 3.97085547 0.95394349
v -2.51343179 5.61752605 0.98975706
v -2.49777484 5.67222500 0.95547175
v -2.51134825 4.30263329 0.92484403
v -2.50649071 5.61829329 0.95186245
v -2.51271725 5.73625994 0.96902668
v -2.52093410 5.69979906 0.95117426
v -2.54296446 5.75704956 0.95062566
v -2.52776694 5.69904327 0.98847592
v -2.54897237 5.75638485 0.98342609
v -2.56516385 2.27071285 0.91157067
v -2.57227135 2.32499552 0.91228867
v -2.55854893 2.27144456 0.87545621
v -2.56533027 2.32576299 0.87439382
v -2.57577968 2.20741773 0.88599801
v -2.58267450 2.24494839 0.86988640
v -2.60673451 2.18861008 0.86666548
v -2.58950710 2.24419284 0.90718818
v -2.61274242 2.18794560 0.89946580
v -3.53558135 5.48910284 0.79813147
v -3.52927709 5.48980045 0.76371360
v -3.58902144 2.49870491 0.72777164
v -3.58271694 2.49940181 0.69335377
v -3.51544881 5.69390869 0.80684447
v -3.55673361 3.99375057 0.76524520
v -3.50866771 5.63959026 0.80790687
v -3.50883389 5.69464016 0.77073014
v -3.54406118 4.32552814 0.73614585
v -3.50172639 5.64035749 0.77001214
v -3.49691558 5.75807953 0.78919303
v -3.48449063 5.72116041 0.77511251
v -3.46125507 5.77740717 0.78283501
v -3.49132299 5.72040510 0.81241417
v -3.46726322 5.77674294 0.81563520
v -3.57622313 2.29312801 0.72682893
v -3.56750703 2.34705973 0.73043835
v -3.56960773 2.29385948 0.69071460
v -3.56056571 2.34782720 0.69254363
v -3.55997849 2.22923684 0.70616448
v -3.54623079 2.26630974 0.69382477
v -3.52502513 2.20896840 0.69887459
v -3.55306363 2.26555419 0.73112643
v -3.53103328 2.20830393 0.73167491
v -3.50618982 2.42305350 0.74385321
v -3.45011449 5.56090832 0.81768239
v -2.63105226 2.40365195 0.90375900
v -2.57497692 5.54150677 0.97758830
v -3.07059383 2.30075145 0.82093942
v -3.01049376 5.66381836 0.90006757
v -3.49902058 2.42384648 0.70471239
v -3.44294548 5.56170130 0.77854168
v -2.62388325 2.40444469 0.86461830
v -2.56780791 5.54229975 0.93844759
v -3.06350374 2.30153537 0.78223300
v -3.00340390 5.66460228 0.86136115
v -2.79843712 2.03050399 0.74627650
v -8.84104633 1.83120060 0.50929832
v -2.93197250 5.95085955 0.85413587
v -8.97458172 5.75155592 0.61715782
v -5.95102310 5.75842762 0.75620997
v -5.82376337 2.02230096 0.65341926
v -5.32540941 5.78014612 0.74137294
v -5.19814920 2.04401898 0.63858211
v -9.05620956 3.78690529 0.54209328
v -9.05764198 3.78582573 0.57955921
v -2.71563864 3.99603605 0.79075682
v -2.71707249 3.99495649 0.82822263
v -5.81864452 1.89890099 0.62667978
v -2.95597339 2.03452945 0.76249480
v -2.95454669 2.03560352 0.72521627
v -2.66824436 2.13674855 0.73996472
v -2.66960382 2.13572478 0.77549160
v -8.68586922 1.84554040 0.53778076
v -8.68444252 1.84661448 0.50050211
v -8.97705364 1.92866504 0.49254704
v -8.97841358 1.92764139 0.52807379
v -5.95435667 5.88317204 0.73629761
v -3.08883953 5.93524694 0.86981392
v -3.08741283 5.93632126 0.83253527
v -2.79486895 5.85421991 0.84224224
v -2.79622841 5.85319662 0.87776911
v -8.81873512 5.74625826 0.64509976
v -8.81730747 5.74733210 0.60782111
v -9.10367775 5.64613676 0.59482443
v -9.10503769 5.64511347 0.63035119
v -5.88740540 3.89035511 0.70513511
v -8.95394421 5.56260157 0.63555443
v -2.94150782 5.76091003 0.87134910
v -8.83327198 2.01982474 0.53808331
v -2.82083368 2.21813297 0.77387798
v -5.25159168 3.91242719 0.69005609
v -8.95244789 5.56372881 0.59643817
v -2.94001102 5.76203728 0.83223283
v -8.83177471 2.02095175 0.49896693
v -2.81933665 2.21925998 0.73476171
v -9.10847282 3.78476620 0.55512977
v -2.66452765 3.99730682 0.80784738
v -2.98898911 1.99994171 0.73832238
v -2.85659814 2.02525806 0.76484716
v -2.85526180 2.02626419 0.72992969
v -2.71421266 2.07096338 0.73743761
v -2.71548605 2.07000422 0.77071428
v -8.64885998 1.81326246 0.51635432
v -8.78429699 1.82974458 0.53237581
v -8.78296089 1.83075082 0.49745822
v -8.92679977 1.86605334 0.49379349
v -8.92807293 1.86509478 0.52707005
v -3.12417579 5.96878529 0.84751570
v -2.99032044 5.95111084 0.87285781
v -2.98898411 5.95211697 0.83794034
v -2.84520841 5.91676712 0.84324598
v -2.84648156 5.91580820 0.87652254
v -8.78404617 5.78210592 0.62554777
v -8.91801929 5.75559759 0.64038622
v -8.91668224 5.75660372 0.60546887
v -9.05779648 5.71185732 0.59960175
v -9.05906868 5.71089840 0.63287830
v -3.26931429 5.89949656 0.86252236
v -8.63628292 5.72247791 0.65204144
v -5.94700193 5.64009809 0.75319767
v -8.76562119 5.63002920 0.64483035
v -3.13400650 5.81577682 0.86568999
v -3.13847446 2.05827260 0.75684011
v -8.50544357 1.88125384 0.54635930
v -5.82780313 2.14061713 0.65691769
v -8.64078140 1.96495080 0.54399419
v -3.00916696 2.15069795 0.76485407
v -3.26783824 5.90060806 0.82395673
v -8.63480663 5.72358942 0.61347592
v -5.31365013 5.66208410 0.73817718
v -8.76411438 5.63116360 0.60546196
v -3.13250017 5.81691074 0.82632172
v -3.13699865 2.05938387 0.71827459
v -8.50396824 1.88236499 0.50779366
v -5.19445133 2.16260338 0.64189720
v -8.63927555 1.96608496 0.50462604
v -3.00766063 2.15183282 0.72548568
v -9.00136662 2.04574323 0.49437547
v -9.11997128 5.52775335 0.59017491
v -9.05241585 5.44809914 0.58957946
v -8.93938541 2.12971830 0.49828196
v -9.09546471 3.78557754 0.54174209
v -9.00277233 2.04468393 0.53112888
v -9.12137699 5.52669430 0.62692821
v -9.05389118 5.44698906 0.62809920
v -8.94085979 2.12860870 0.53680182
v -9.09680843 3.78456640 0.57683492
v -2.65190482 2.25516772 0.74338782
v -2.77050900 5.73717785 0.83918703
v -2.83242202 5.65325308 0.83351421
v -2.71939111 2.33487248 0.74221683
v -2.67647338 3.99729538 0.79348111
v -2.65331125 2.25410843 0.78014100
v -2.77191520 5.73611832 0.87594044
v -2.83389592 5.65214348 0.87203395
v -2.72086525 2.33376288 0.78073645
v -2.67781639 3.99628425 0.82857382
v -3.13325405 1.99687374 0.75346220
v -3.13191652 1.99788105 0.71850502
v -8.50633144 1.81965339 0.54274178
v -8.50499439 1.82066071 0.50778461
v -2.76675367 2.07210422 0.77051866
v -5.82059050 1.93022203 0.64996171
v -2.86506200 2.09890461 0.76843524
v -2.76535010 2.07316113 0.73383820
v -5.22436905 1.95091951 0.63582158
v -2.86358905 2.10001373 0.72994649
v -2.65260077 2.12751460 0.75448275
v -2.71982217 2.16494489 0.73762107
v -2.62079000 2.25416279 0.74627280
v -2.72127199 2.16385317 0.77550733
v -2.62206483 2.25320268 0.77958727
v -8.87719631 1.87056339 0.53088045
v -8.78100300 1.90377915 0.53642488
v -8.87579346 1.87162042 0.49419999
v -8.77953148 1.90488815 0.49793625
v -8.99314308 1.91838443 0.50582051
v -8.92741680 1.96019983 0.49417257
v -9.03247833 2.04268575 0.49482036
v -8.92886639 1.95910811 0.53205895
v -9.03375244 2.04172564 0.52813482
v -3.26828718 5.96120119 0.86253142
v -3.26694965 5.96220827 0.82757413
v -8.64136505 5.78398085 0.65181100
v -8.64002800 5.78498793 0.61685371
v -2.89748812 5.91024160 0.87611604
v -5.95412493 5.85056019 0.75782049
v -2.99375081 5.87697363 0.87237990
v -2.89608479 5.91129875 0.83943558
v -5.35790348 5.87125731 0.74368072
v -2.99227762 5.87808228 0.83389115
v -2.77986217 5.86368561 0.85727465
v -2.84441447 5.82275391 0.83825696
v -2.73952889 5.74013615 0.84218121
v -2.84586430 5.82166195 0.87614346
v -2.74080372 5.73917580 0.87549567
v -9.00793266 5.70870066 0.63647771
v -8.90969276 5.68184853 0.64036942
v -9.00652695 5.70975733 0.59979737
v -8.90821934 5.68295717 0.60188067
v -9.12040520 5.65455532 0.60861230
v -9.05200958 5.61800861 0.59480858
v -9.15121746 5.52865934 0.59072864
v -9.05346012 5.61691666 0.63269496
v -9.15249252 5.52769899 0.62404323
v -8.76299381 5.45845699 0.64018035
v -3.12496853 5.64441633 0.86129129
v -8.64983463 2.13629985 0.54877877
v -3.01180935 2.32225871 0.76988983
v -8.90873241 3.79071164 0.58632410
v -2.86605310 3.99001718 0.82330489
v -8.76147270 5.45960283 0.60042608
v -3.12344766 5.64556217 0.82153714
v -8.64831352 2.13744545 0.50902462
v -3.01028824 2.32340455 0.73013580
v -8.90722847 3.79184461 0.54701114
v -2.86454868 3.99114990 0.78399193
v -2.97486854 2.10527015 0.84014678
v -2.68661904 5.40390110 0.94210160
v -2.64797974 2.07646012 0.84807837
v -2.35973048 5.37509108 0.95003307
v -2.51215458 3.72579241 0.92197549
v -2.82368183 3.75324869 0.91441667
v -2.54087305 3.38621759 0.87211704
v -2.85240030 3.41367388 0.86455810
v -2.51565838 5.47126102 0.93328309
v -2.51666212 5.47019005 0.97076321
v -2.81812143 2.00997448 0.82630086
v -2.81912494 2.00890350 0.86378109
v -2.83340287 3.75482702 0.89083087
v -2.96718264 2.18992162 0.86489344
v -2.96618438 2.19098687 0.82760036
v -2.97237539 2.03227544 0.82377815
v -2.97332740 2.03126025 0.85931861
v -2.69385076 5.31784344 0.96157181
v -2.69285178 5.31890869 0.92427897
v -2.67142797 5.47622347 0.93022454
v -2.67237949 5.47520828 0.96576488
v -2.50118423 3.72554708 0.89889169
v -2.64193130 2.16125560 0.87278509
v -2.64093232 2.16232109 0.83549237
v -2.66240382 2.00495625 0.83129919
v -2.66335559 2.00394106 0.86683965
v -2.36859918 5.28917742 0.96946371
v -2.36760044 5.29024315 0.93217075
v -2.36145568 5.44890404 0.93774557
v -2.36240768 5.44788885 0.97328591
v -2.66792679 3.73951125 0.91851676
v -2.37680793 5.36758566 0.97240436
v -2.66361785 2.08542562 0.87095857
v -2.67221332 5.39362144 0.96523666
v -2.95902348 2.11146092 0.86379099
v -2.69711375 3.39440012 0.86784530
v -2.37575984 5.36870384 0.93327308
v -2.66256976 2.08654332 0.83182752
v -2.67116523 5.39473867 0.92610562
v -2.95797539 2.11257887 0.82465982
v -2.51359606 5.49904585 0.94922447
v -2.82099056 1.98132825 0.84049809
v -2.96776700 2.20990992 0.84354472
v -2.97291684 2.13605785 0.86201811
v -2.97198153 2.13705540 0.82708740
v -2.97546101 2.05897832 0.82558572
v -2.97635269 2.05802727 0.85887492
v -2.69777536 5.29960537 0.93904161
v -2.69014883 5.37195921 0.96203411
v -2.68921351 5.37295723 0.92710340
v -2.67910337 5.45039940 0.93040848
v -2.67999506 5.44944811 0.96369779
v -2.63683510 2.18074322 0.85157430
v -2.64556980 2.10720706 0.86996078
v -2.64463425 2.10820508 0.83503008
v -2.65478849 2.03071618 0.83336639
v -2.65567970 2.02976513 0.86665559
v -2.36684346 5.27043867 0.94707131
v -2.36280179 5.34310913 0.96997678
v -2.36186647 5.34410667 0.93504596
v -2.35843062 5.42213678 0.93818927
v -2.35932255 5.42118597 0.97147846
v -2.63577247 2.26051593 0.87643051
v -2.37975311 5.19031763 0.96698546
v -2.52202702 3.72665477 0.92197943
v -2.38079524 5.26318789 0.96944129
v -2.64943933 2.18891716 0.87442124
v -2.95606327 2.28874445 0.86865902
v -2.70004368 5.21854639 0.95921397
v -2.81382251 3.75237226 0.91489935
v -2.68639874 5.29012203 0.96202624
v -2.95504284 2.21585155 0.86700606
v -2.63473916 2.26161814 0.83785021
v -2.37872005 5.19142008 0.92840517
v -2.55110049 3.38287997 0.87150419
v -2.37974072 5.26431274 0.93005812
v -2.64838457 2.19004250 0.83503783
v -2.95502996 2.28984666 0.83007872
v -2.69901085 5.21964836 0.92063367
v -2.84289646 3.40859747 0.86442411
v -2.68534422 5.29124737 0.92264295
v -2.95398784 2.21697640 0.82762277
v -2.66062498 5.48647213 0.93019211
v -2.37028623 5.46088314 0.93723679
v -2.38017273 5.42617178 0.93509555
v -2.65686750 5.45055819 0.92838204
v -2.51381969 5.49263191 0.93513167
v -2.66160965 5.48542166 0.96695948
v -2.37127137 5.45983267 0.97400415
v -2.38120461 5.42507124 0.97362995
v -2.65789962 5.44945717 0.96691632
v -2.51476002 5.49162912 0.97023773
v -2.96351194 2.02033186 0.82305992
v -2.67317367 1.99474299 0.83010459
v -2.67688394 2.03070736 0.83014774
v -2.95357871 2.05509329 0.82343423
v -2.82002354 1.98853528 0.82682645
v -2.96449709 2.01928115 0.85982740
v -2.67415833 1.99369240 0.86687207
v -2.67791605 2.02960658 0.86868215
v -2.95461059 2.05399251 0.86196852
v -2.82096338 1.98753250 0.86193252
v -2.96129274 2.28758097 0.86667812
v -2.96035624 2.28858018 0.83170748
v -2.70498204 5.22071791 0.95733607
v -2.70404553 5.22171688 0.92236555
v -2.97364211 2.08583045 0.86144686
v -2.83133698 3.75395179 0.91330659
v -2.96652293 2.13867283 0.86405301
v -2.97265959 2.08687854 0.82475269
v -2.85870647 3.43033075 0.86579049
v -2.96549177 2.13977265 0.82554984
v -2.97429132 2.02327824 0.83764994
v -2.96744251 2.05971599 0.82351232
v -2.96520782 2.00331259 0.82425106
v -2.96845746 2.05863333 0.86141312
v -2.96610022 2.00236058 0.85757828
v -2.68215704 5.42149162 0.96454632
v -2.68431616 5.36815643 0.96387076
v -2.68117452 5.42253971 0.92785203
v -2.68328524 5.36925602 0.92536736
v -2.67182970 5.48454952 0.94463158
v -2.67132258 5.44841242 0.92825079
v -2.65935230 5.50342178 0.93243313
v -2.67233777 5.44732904 0.96615160
v -2.66024494 5.50246954 0.96576035
v -2.63073754 2.25844741 0.87469864
v -2.62980103 2.25944662 0.83972800
v -2.37442684 5.19158411 0.96535659
v -2.37349010 5.19258356 0.93038607
v -2.65360904 2.05762458 0.86921227
v -2.50445008 3.72514176 0.92123806
v -2.65149832 2.11090827 0.87169671
v -2.65262628 2.05867267 0.83251798
v -2.53181911 3.40152097 0.87372196
v -2.65046716 2.11200833 0.83319342
v -2.66276002 1.99582160 0.84520876
v -2.66244531 2.03283525 0.83091259
v -2.67453861 1.97769487 0.83130372
v -2.66346049 2.03175259 0.86881328
v -2.67543101 1.97674263 0.86463082
v -2.36212373 5.39328575 0.97231150
v -2.36929131 5.34039164 0.97151434
v -2.36114097 5.39433384 0.93561721
v -2.36826015 5.34149170 0.93301105
v -2.36029863 5.45709229 0.95219052
v -2.36632586 5.42153120 0.93565118
v -2.36868334 5.47780371 0.93948579
v -2.36734104 5.42044830 0.97355187
v -2.36957550 5.47685194 0.97281313
v -2.39494467 5.26619196 0.96934152
v -2.66389441 2.18842196 0.87421322
v -2.67195415 5.29060602 0.96262026
v -2.94090390 2.21283603 0.86749196
v -2.52379203 5.38885546 0.96917403
v -2.81204438 2.09018564 0.86721814
v -2.39387941 5.26732826 0.92957222
v -2.66282916 2.18955827 0.83444381
v -2.67088914 5.29174280 0.92285097
v -2.93983865 2.21397257 0.82772255
v -2.52273893 5.38997889 0.92984605
v -2.81099129 2.09130931 0.82789004
v -12.14683056 1.85969865 0.04995894
v -12.19060516 5.42460871 0.10430622
v -10.18465996 1.88432384 0.01509023
v -10.22843456 5.44923401 0.06943750
v -10.25223637 3.66585302 0.06620073
v -12.12219810 3.64238501 0.09943080
v -10.24842167 3.29824328 0.02124000
v -12.11838436 3.27477527 0.05447006
v -11.21087265 5.52504444 0.07290649
v -11.21019936 5.52448082 0.11040473
v -11.16494179 1.78434825 0.01587915
v -11.16426754 1.78378487 0.05337763
v -12.18471622 3.64195681 0.07718778
v -12.14265251 1.95167303 0.07337713
v -12.14332294 1.95223355 0.03606582
v -12.09535122 1.78202724 0.03352451
v -12.09471321 1.78149319 0.06908226
v -12.18416119 5.33209419 0.12491202
v -12.18483067 5.33265495 0.08760071
v -12.14105415 5.50398588 0.09026575
v -12.14041424 5.50345135 0.12582374
v -10.19055653 3.66698313 0.04175091
v -10.19031048 1.97617459 0.03868318
v -10.19097996 1.97673512 0.00137186
v -10.23472691 1.80537784 0.00045991
v -10.23408794 1.80484378 0.03601813
v -10.23181820 5.35659599 0.09021783
v -10.23248863 5.35715628 0.05290675
v -10.28042793 5.52733660 0.05720162
v -10.27978992 5.52680254 0.09275937
v -11.18721199 3.65411425 0.08313656
v -10.32240200 5.43880224 0.09400010
v -10.27884579 1.89169204 0.03992414
v -12.09559155 5.41654873 0.12551045
v -12.05203533 1.86943865 0.07143450
v -11.18333530 3.28051114 0.03744268
v -10.32310581 5.43939066 0.05484939
v -10.27954960 1.89228058 0.00077343
v -12.09629536 5.41713715 0.08635974
v -12.05273914 1.87002718 0.03228402
v -11.21097660 5.55531168 0.08844781
v -11.16429710 1.75362837 0.03049111
v -12.16034794 1.97244382 0.05211377
v -12.14824677 1.89326358 0.07141781
v -12.14887428 1.89378834 0.03646994
v -12.12779522 1.80999088 0.03565383
v -12.12719727 1.80949044 0.06895971
v -12.20134735 5.31155300 0.10301852
v -12.19118881 5.39038134 0.12473154
v -12.19181538 5.39090633 0.08978367
v -12.17280006 5.47518206 0.09152985
v -12.17220306 5.47468185 0.12483573
v -10.17390919 1.99737346 0.01681376
v -10.18332577 1.91792285 0.03650022
v -10.18395233 1.91844809 0.00155234
v -10.20293903 1.83414769 0.00144839
v -10.20234108 1.83364737 0.03475404
v -10.21490955 5.33648300 0.06771874
v -10.22626686 5.41504097 0.08981395
v -10.22689438 5.41556597 0.05486608
v -10.24794388 5.49933910 0.05732441
v -10.24734592 5.49883842 0.09063005
v -10.20650196 2.08303475 0.04122400
v -10.24538136 5.24934292 0.08949447
v -10.31145382 3.66510630 0.06749630
v -10.29041481 5.32684946 0.09186935
v -10.24961758 2.00441003 0.04121900
v -12.12906647 2.05890656 0.07538891
v -12.16794491 5.22521448 0.12365937
v -12.06297207 3.64312458 0.09862185
v -12.12481594 5.30382776 0.12446761
v -12.08401871 1.98138833 0.07381725
v -10.20719624 2.08361459 0.00262451
v -10.24607468 5.24992275 0.05089521
v -10.30759144 3.29294968 0.02197933
v -10.29112244 5.32744122 0.05246687
v -10.25032520 2.00500178 0.00181627
v -12.12975979 2.05948663 0.03678942
v -12.16863918 5.22579479 0.08506012
v -12.05911160 3.27096820 0.05310488
v -12.12552357 5.30441952 0.08506489
v -12.08472633 1.98198020 0.03441453
v -12.08228588 5.51672602 0.08878779
v -10.33951187 5.53859806 0.05781794
v -10.38000774 5.49990702 0.05707932
v -12.04088497 5.47906303 0.08659387
v -11.21113586 5.54815960 0.07444668
v -12.08162594 5.51617336 0.12557316
v -10.33885098 5.53804493 0.09460330
v -10.37931538 5.49932766 0.09563279
v -12.04019165 5.47848368 0.12514710
v -11.21050549 5.54763174 0.10956979
v -12.03629017 1.77078426 0.03168082
v -10.29351616 1.79265606 0.00071073
v -10.33495045 1.83034551 0.00113678
v -11.99582577 1.80950189 0.03065109
v -11.16463566 1.76119745 0.01671410
v -12.03562927 1.77023160 0.06846619
v -10.29285526 1.79210329 0.03749633
v -10.33425713 1.82976651 0.03969026
v -11.99513435 1.80892241 0.06920481
v -11.16400623 1.76066983 0.05183744
v -12.15988445 2.05674505 0.07410312
v -12.16051197 2.05727053 0.03911543
v -12.19880772 5.22665739 0.12242842
v -12.19943523 5.22718287 0.08744073
v -12.12561798 1.83961952 0.07108831
v -12.16831493 3.64182067 0.09932566
v -12.11127281 1.89716887 0.07260084
v -12.12627792 1.84017098 0.03437591
v -12.16467953 3.29148173 0.05647731
v -12.11196518 1.89774752 0.03407836
v -12.09966183 1.77239537 0.04762983
v -12.08080864 1.81208873 0.03253341
v -12.03702641 1.75239038 0.03313947
v -12.08012772 1.81151903 0.07045293
v -12.03642750 1.75188947 0.06648302
v -12.16988373 5.44454956 0.12604547
v -12.15413094 5.38735056 0.12580872
v -12.17054272 5.44510126 0.08933330
v -12.15482235 5.38792896 0.08728647
v -12.14559460 5.51307440 0.10465693
v -12.12577724 5.47433472 0.08836460
v -12.08347225 5.53504324 0.09080625
v -12.12509727 5.47376490 0.12628412
v -12.08287430 5.53454256 0.12414956
v -10.17570591 2.08164620 0.03884339
v -10.17633343 2.08217192 0.00385547
v -10.21462917 5.25155926 0.08716869
v -10.21525669 5.25208426 0.05218101
v -10.20459747 1.86372817 0.03695107
v -10.20615292 3.66644549 0.06445718
v -10.22031879 1.92090034 0.03899765
v -10.20525742 1.86427963 0.00023866
v -10.20251846 3.31610656 0.02160883
v -10.22101021 1.92147887 0.00047517
v -10.22967720 1.79586315 0.01439953
v -10.25004482 1.83506453 0.00000000
v -10.29226685 1.77428699 0.00213456
v -10.24936390 1.83449483 0.03791952
v -10.29166889 1.77378607 0.03547764
v -10.24886417 5.46865845 0.09190822
v -10.26317596 5.41108179 0.09220552
v -10.24952316 5.46921015 0.05519581
v -10.26386833 5.41166067 0.05368328
v -10.27560997 5.53654289 0.07142663
v -10.29501343 5.49731064 0.05583096
v -10.33871365 5.55694008 0.05980086
v -10.29433250 5.49674082 0.09375048
v -10.33811569 5.55643892 0.09314466
v -10.37625217 5.32766008 0.09361649
v -10.33540916 2.00143909 0.04290819
v -12.03901768 5.30679226 0.12316465
v -11.99817562 1.98057127 0.07245636
v -11.20910454 5.43659496 0.10998964
v -11.16532993 1.87164319 0.05564189
v -10.37696648 5.32825804 0.05382776
v -10.33612347 2.00203705 0.00311923
v -12.03973198 5.30739021 0.08337593
v -11.99888992 1.98116922 0.03266740
v -11.20981121 5.43718624 0.07064223
v -11.16603661 1.87223423 0.01629424
v -9.48848724 1.70816243 0.37756252
v -9.40747356 5.25799799 0.45465422
v -9.15370750 1.70069742 0.36949039
v -9.07269382 5.25053263 0.44658184
v -9.12052059 3.47527599 0.43133759
v -9.43956757 3.48239040 0.43903041
v -9.12981796 3.10950780 0.38403749
v -9.44886494 3.11662173 0.39173055
v -9.23844719 5.34212732 0.43721724
v -9.23756123 5.34129286 0.47470617
v -9.32345581 1.61724889 0.35632420
v -9.32257175 1.61641467 0.39381313
v -9.45071411 3.48314619 0.41594553
v -9.48503017 1.79950643 0.40163112
v -9.48591137 1.80033660 0.36432934
v -9.48194790 1.63009620 0.36132431
v -9.48110771 1.62930512 0.39687324
v -9.40820885 5.16563272 0.47473288
v -9.40908909 5.16646290 0.43743134
v -9.39736366 5.33631563 0.44181180
v -9.39652538 5.33552456 0.47736073
v -9.11047745 3.47555923 0.40774155
v -9.15192795 1.79207885 0.39359927
v -9.15280914 1.79290903 0.35629749
v -9.16449261 1.62301755 0.35366964
v -9.16365337 1.62222636 0.38921857
v -9.07510662 5.15820551 0.46670103
v -9.07598686 5.15903568 0.42939949
v -9.07991028 5.32923698 0.43415737
v -9.07907200 5.32844591 0.46970630
v -9.28003597 3.47882605 0.43550467
v -9.08847523 5.24151754 0.46979141
v -9.16908360 1.70940709 0.39308476
v -9.39101028 5.24826384 0.47708631
v -9.47161961 1.71615314 0.40037966
v -9.28948498 3.10709429 0.38743353
v -9.08939838 5.24238873 0.43065095
v -9.17000866 1.71027815 0.35394430
v -9.39193439 5.24913502 0.43794560
v -9.47254372 1.71702421 0.36123896
v -9.23739910 5.37215614 0.45294952
v -9.32379341 1.58654904 0.37073755
v -9.48798752 1.82062674 0.38027215
v -9.48745823 1.74145496 0.39921379
v -9.48828220 1.74223280 0.36427474
v -9.48675537 1.65845668 0.36319590
v -9.48596859 1.65771604 0.39649320
v -9.41210461 5.14561605 0.45248055
v -9.40798378 5.22378492 0.47483921
v -9.40880871 5.22456217 0.43990016
v -9.40346241 5.30814934 0.44245601
v -9.40267563 5.30740833 0.47575331
v -9.14906788 1.81306934 0.37210011
v -9.15220928 1.73397970 0.39113021
v -9.15303421 1.73475695 0.35619116
v -9.15834332 1.65113378 0.35527706
v -9.15755653 1.65039253 0.38857460
v -9.07318401 5.13805866 0.44430852
v -9.07273579 5.21630907 0.46675587
v -9.07356071 5.21708679 0.43181658
v -9.07504940 5.30082607 0.43453717
v -9.07426167 5.30008507 0.46783447
v -9.15202045 1.89872515 0.39661932
v -9.08006477 5.05164385 0.46509123
v -9.13062096 3.47549605 0.43182445
v -9.08580208 5.12953758 0.46736240
v -9.16130638 1.82114816 0.39551425
v -9.48004246 1.90603924 0.40452886
v -9.40808678 5.05895805 0.47300076
v -9.42945862 3.48215961 0.43903017
v -9.39878178 5.13651705 0.47490883
v -9.47428608 1.82812726 0.40306091
v -9.15293217 1.89958382 0.35802984
v -9.08097649 5.05250263 0.42650175
v -9.14003181 3.10520363 0.38393927
v -9.08673191 5.13041496 0.42796946
v -9.16223717 1.82202506 0.35612154
v -9.48095417 1.90689802 0.36593914
v -9.40899849 5.05981684 0.43441105
v -9.43886948 3.11186743 0.39114523
v -9.39971256 5.13739347 0.43551612
v -9.47521496 1.82900405 0.36366820
v -9.38705254 5.34804583 0.44121528
v -9.08970642 5.34141588 0.43404555
v -9.09758091 5.30356216 0.43250442
v -9.38095570 5.30988121 0.43933725
v -9.23789406 5.36513615 0.43890476
v -9.38618374 5.34722805 0.47799134
v -9.08883762 5.34059715 0.47082162
v -9.09667015 5.30270481 0.47104788
v -9.38004494 5.30902338 0.47788072
v -9.23706436 5.36435461 0.47401929
v -9.47217941 1.61794472 0.36020875
v -9.17483425 1.61131430 0.35303903
v -9.18097496 1.64951849 0.35314965
v -9.46434689 1.65583706 0.35998249
v -9.32395363 1.59418750 0.35701132
v -9.47131252 1.61712611 0.39698505
v -9.17396641 1.61049569 0.38981533
v -9.18006420 1.64866054 0.39169335
v -9.46343708 1.65497959 0.39852619
v -9.32312393 1.59340596 0.39212584
v -9.48538208 1.90440226 0.40281129
v -9.48620796 1.90518069 0.36783242
v -9.41334438 5.06090975 0.47136116
v -9.41417027 5.06168842 0.43638206
v -9.48491764 1.68767369 0.39883971
v -9.44745541 3.48258638 0.43829608
v -9.48102665 1.74472821 0.40092349
v -9.48578453 1.68849051 0.36213660
v -9.45631504 3.13400221 0.39321828
v -9.48193550 1.74558520 0.36241078
v -9.48262310 1.62047780 0.37530279
v -9.47874832 1.65979576 0.36072779
v -9.47272682 1.59963214 0.36153650
v -9.47785378 1.65895200 0.39863777
v -9.47193909 1.59889019 0.39487171
v -9.40299320 5.27735996 0.47679687
v -9.40171051 5.22015047 0.47639894
v -9.40386009 5.27817631 0.44009352
v -9.40262032 5.22100782 0.43788648
v -9.39761543 5.34533930 0.45619535
v -9.39552402 5.30655527 0.43992424
v -9.38676357 5.36628962 0.44333673
v -9.39462757 5.30571175 0.47783422
v -9.38597679 5.36554766 0.47667193
v -9.14684772 1.89685369 0.39464855
v -9.14767361 1.89763200 0.35966945
v -9.07481098 5.05336142 0.46319818
v -9.07563686 5.05413961 0.42821932
v -9.15715885 1.68036532 0.39093685
v -9.11267757 3.47512126 0.43022394
v -9.15839863 1.73753417 0.39314413
v -9.15802574 1.68118203 0.35423374
v -9.12153721 3.12653732 0.38514590
v -9.15930843 1.73839128 0.35463142
v -9.16357327 1.61336362 0.36760974
v -9.16639042 1.65283036 0.35319638
v -9.17504120 1.59299421 0.35435843
v -9.16549492 1.65198660 0.39110637
v -9.17425442 1.59225225 0.38769388
v -9.07523441 5.27005148 0.46889377
v -9.07908154 5.21295643 0.46861982
v -9.07610130 5.27086830 0.43219042
v -9.07999134 5.21381330 0.43010688
v -9.07856369 5.33822489 0.44850230
v -9.08316422 5.29959011 0.43239260
v -9.08907890 5.35965157 0.43615890
v -9.08226871 5.29874611 0.47030258
v -9.08829212 5.35891008 0.46949387
v -9.10039616 5.13174343 0.46794915
v -9.17598724 1.81958759 0.39601946
v -9.38409233 5.13806915 0.47478986
v -9.45968246 1.82591355 0.40285993
v -9.23953629 5.25377178 0.47373009
v -9.32055283 1.70389473 0.39663768
v -9.10133648 5.13262796 0.42817044
v -9.17692661 1.82047284 0.35624051
v -9.38503170 5.13895416 0.43501091
v -9.46062183 1.82679880 0.36308122
v -9.24046707 5.25464725 0.43439269
v -9.32148170 1.70476997 0.35730028
v -9.48358727 5.62035036 0.31017113
v -9.52490330 1.82261121 0.23705125
v -9.80960274 5.62386179 0.31201005
v -9.85091972 1.82612264 0.23889041
v -9.82247639 3.72446346 0.29852629
v -9.51177979 3.72111726 0.29677367
v -9.81842136 4.11747169 0.26672816
v -9.50772572 4.11412573 0.26497531
v -9.68901443 1.73102903 0.22086167
v -9.68880939 1.73030508 0.25836253
v -9.64565945 5.71603489 0.29758692
v -9.64545536 5.71531105 0.33508801
v -9.50158787 3.72145653 0.27336740
v -9.48535156 5.52166367 0.33038473
v -9.48555470 5.52238369 0.29307079
v -9.49118996 5.70437098 0.29749322
v -9.49099636 5.70368385 0.33305359
v -9.52453041 1.92046225 0.26104879
v -9.52473450 1.92118287 0.22373486
v -9.53432751 1.73932660 0.22115183
v -9.53413391 1.73863971 0.25671268
v -9.83292007 3.72502518 0.27523637
v -9.80973530 5.52515745 0.33221459
v -9.80993748 5.52587748 0.29490066
v -9.80033493 5.70770073 0.29923701
v -9.80014133 5.70701361 0.33479738
v -9.84891415 1.92395616 0.26287889
v -9.84911633 1.92467678 0.22556472
v -9.84347248 1.74265635 0.22289586
v -9.84327888 1.74196947 0.25845647
v -9.66712570 3.72278380 0.29797077
v -9.83499146 1.83499038 0.26200509
v -9.79388142 5.61376667 0.33475971
v -9.54037476 1.83181727 0.26034307
v -9.49926472 5.61059332 0.33309793
v -9.66300583 4.12220001 0.26565409
v -9.83520412 1.83574653 0.22285175
v -9.79409409 5.61452293 0.29560637
v -9.54058743 1.83257341 0.22118974
v -9.49947739 5.61134958 0.29394460
v -9.68928432 1.69825292 0.23531365
v -9.64522362 5.74822903 0.31329012
v -9.48287773 5.50005054 0.30806208
v -9.48363686 5.58383417 0.33039379
v -9.48382759 5.58450890 0.29544353
v -9.48617840 5.67405415 0.29800701
v -9.48599625 5.67341137 0.33131504
v -9.52157784 1.94285965 0.23957372
v -9.52416897 1.85831475 0.25866461
v -9.52435780 1.85898995 0.22371411
v -9.52865601 1.76948464 0.22283030
v -9.52847481 1.76884127 0.25613856
v -9.81292725 5.50360489 0.30992389
v -9.81011105 5.58735037 0.33223557
v -9.81030083 5.58802557 0.29728484
v -9.80599499 5.67749882 0.29981112
v -9.80581284 5.67685604 0.33311915
v -9.85162544 1.94641447 0.24143553
v -9.85064220 1.86183107 0.26050615
v -9.85083199 1.86250627 0.22555542
v -9.84847260 1.77292931 0.22463441
v -9.84829044 1.77228594 0.25794244
v -9.80849838 5.41106939 0.33064890
v -9.84519577 2.03796577 0.26570463
v -9.81263447 3.72435284 0.29871416
v -9.83877468 1.95471513 0.26446414
v -9.80026722 5.49414682 0.33261061
v -9.48906231 5.40762949 0.32884693
v -9.52575970 2.03452516 0.26390290
v -9.52161884 3.72121835 0.29707241
v -9.53398705 1.95143235 0.26274467
v -9.49548054 5.49086428 0.33089113
v -9.80870914 5.41181469 0.29204679
v -9.84540653 2.03871107 0.22710252
v -9.80853081 4.12222195 0.26652265
v -9.83898830 1.95547616 0.22505832
v -9.80048180 5.49490786 0.29320502
v -9.48927307 5.40837431 0.29024482
v -9.52597046 2.03527069 0.22530055
v -9.51751423 4.11908770 0.26488113
v -9.53420162 1.95219338 0.22333908
v -9.49569511 5.49162531 0.29148579
v -9.54426003 1.72666895 0.22034764
v -9.83382320 1.72978759 0.22198081
v -9.82658100 1.77041590 0.22184181
v -9.55062580 1.76744378 0.22028518
v -9.68927479 1.70636237 0.22157454
v -9.54405975 1.72595847 0.25713563
v -9.83362293 1.72907722 0.25876904
v -9.82637215 1.76967132 0.26039791
v -9.55041599 1.76669919 0.25884151
v -9.68908310 1.70568407 0.25670052
v -9.50084591 5.71726322 0.29718065
v -9.79040909 5.72038174 0.29881382
v -9.78405285 5.67964077 0.29710817
v -9.50809669 5.67666864 0.29555154
v -9.64538574 5.74065638 0.29924893
v -9.50064564 5.71655273 0.33396864
v -9.79020977 5.71967125 0.33560205
v -9.78384304 5.67889643 0.33566427
v -9.50788784 5.67592430 0.33410764
v -9.64519405 5.73997784 0.33437490
v -9.48393345 5.40952873 0.32704902
v -9.48412418 5.41020393 0.29205871
v -9.52067184 2.03258514 0.26203108
v -9.52086163 2.03326082 0.22704077
v -9.48665619 5.64128304 0.33240247
v -9.50412560 3.72105217 0.29580617
v -9.48981285 5.58017111 0.33214474
v -9.48685455 5.64199257 0.29568744
v -9.50026226 4.09559679 0.26550174
v -9.49002171 5.58091450 0.29361963
v -9.49022770 5.71406031 0.31184721
v -9.49402428 5.67261457 0.29571390
v -9.50045776 5.73678255 0.29927707
v -9.49381828 5.67188168 0.33363605
v -9.50027752 5.73613834 0.33262324
v -9.52843571 1.80091023 0.25846171
v -9.53026295 1.86204135 0.26055765
v -9.52863503 1.80161917 0.22174668
v -9.53047276 1.86278534 0.22203255
v -9.53358078 1.72907245 0.23512197
v -9.53646851 1.77118230 0.22059751
v -9.54429913 1.70707953 0.22169113
v -9.53626156 1.77044988 0.25851965
v -9.54411697 1.70643556 0.25503731
v -9.81360722 5.41307974 0.32890868
v -9.81379700 5.41375494 0.29391861
v -9.85034466 2.03613591 0.26389074
v -9.85053635 2.03681159 0.22890019
v -9.80583382 5.64472103 0.33420277
v -9.83014107 3.72456360 0.29764509
v -9.80399609 5.58355474 0.33391714
v -9.80603313 5.64543009 0.29748774
v -9.82627678 4.09910822 0.26734090
v -9.80420589 5.58429909 0.29539180
v -9.80092812 5.71740723 0.31359982
v -9.79820728 5.67589045 0.29742956
v -9.79035187 5.73990488 0.30091262
v -9.79800129 5.67515802 0.33535194
v -9.79017067 5.73926067 0.33425856
v -9.84761333 1.80434787 0.26026225
v -9.84444714 1.86542535 0.26233006
v -9.84781361 1.80505717 0.22354698
v -9.84465599 1.86616933 0.22380471
v -9.84428120 1.73241901 0.23687482
v -9.84065151 1.77445853 0.22231364
v -9.83419132 1.71020186 0.22332644
v -9.84044456 1.77372611 0.26023579
v -9.83401108 1.70955777 0.25667238
v -9.82453537 1.95254314 0.26453781
v -9.78598595 5.49600410 0.33276176
v -9.54826641 1.94956779 0.26297927
v -9.50971699 5.49302816 0.33120346
v -9.68778515 1.82389808 0.26108956
v -9.64646816 5.62168169 0.33421016
v -9.82475281 1.95331180 0.22474599
v -9.78620243 5.49677229 0.29297018
v -9.54848289 1.95033598 0.22318769
v -9.50993347 5.49379683 0.29141188
v -9.68800068 1.82465839 0.22173929
v -9.64668369 5.62244225 0.29485989
v -9.85232735 5.59610701 0.18422699
v -9.88845158 1.85441959 0.10337424
v -10.17763329 5.59938478 0.17787910
v -10.21375561 1.85769737 0.09702635
v -10.18850803 3.72796893 0.16071606
v -9.87848949 3.72484469 0.16676569
v -10.18400002 4.11527109 0.12972522
v -9.87398148 4.11214733 0.13577485
v -10.05169392 1.76413465 0.08290362
v -10.05243206 1.76333165 0.12039638
v -10.01378822 5.69032478 0.16774344
v -10.01452732 5.68952179 0.20523643
v -9.86773300 3.72524142 0.14362359
v -9.85451221 5.49882317 0.20421529
v -9.85377693 5.49962187 0.16690969
v -9.85966682 5.67891645 0.17151070
v -9.86036873 5.67815542 0.20706320
v -9.88876629 1.95077312 0.12754679
v -9.88803101 1.95157206 0.09024096
v -9.89738178 1.77239323 0.08709598
v -9.89808464 1.77163172 0.12264872
v -10.19834137 3.72857237 0.13717222
v -10.17818832 5.50208426 0.19789910
v -10.17745304 5.50288343 0.16059327
v -10.16813660 5.68202496 0.16549158
v -10.16883755 5.68126297 0.20104408
v -10.21244240 1.95403445 0.12123060
v -10.21170712 1.95483339 0.08392501
v -10.20585155 1.77550113 0.08107662
v -10.20655251 1.77473998 0.11662936
v -10.03350544 3.72640014 0.16406155
v -10.19845486 1.86638772 0.12054944
v -10.16251087 5.58939266 0.20099854
v -9.90448093 1.86342573 0.12628603
v -9.86853695 5.58643007 0.20673513
v -10.02892303 4.12001657 0.13256550
v -10.19768238 1.86722624 0.08140492
v -10.16173935 5.59023046 0.16185403
v -9.90370846 1.86426413 0.08714151
v -9.86776543 5.58726883 0.16759062
v -10.05229759 1.73180628 0.09728670
v -10.01377583 5.72200775 0.18350935
v -9.85146427 5.47758293 0.18192387
v -9.85285664 5.56007957 0.20437741
v -9.85216618 5.56082773 0.16943479
v -9.85465240 5.64904737 0.17209697
v -9.85530949 5.64833450 0.20539761
v -9.88530064 1.97289360 0.10619235
v -9.88829231 1.88954628 0.12506223
v -9.88760376 1.89029455 0.09011936
v -9.89179325 1.80210662 0.08896971
v -9.89244938 1.80139327 0.12227035
v -10.18079281 5.48090076 0.17549729
v -10.17861748 5.56336212 0.19802070
v -10.17792702 5.56411028 0.16307783
v -10.17377090 5.65226316 0.16586971
v -10.17442799 5.65155029 0.19917035
v -10.21462822 1.97621202 0.09976578
v -10.21405315 1.89282846 0.11870527
v -10.21336460 1.89357686 0.08376265
v -10.21091175 1.80532217 0.08274245
v -10.21156788 1.80460882 0.11604309
v -10.17681789 5.38968039 0.19616318
v -10.20890331 2.06636119 0.12435079
v -10.17869377 3.72786474 0.16115093
v -10.20239353 1.98434234 0.12312436
v -10.16872692 5.47153473 0.19847798
v -9.85807991 5.38646889 0.20238304
v -9.89016342 2.06314921 0.13057065
v -9.88831234 3.72493887 0.16681743
v -9.89827061 1.98127794 0.12905884
v -9.86460400 5.46847057 0.20441246
v -10.17605591 5.39050722 0.15756965
v -10.20814037 2.06718755 0.08575726
v -10.17412949 4.11995649 0.12977695
v -10.20161629 1.98518598 0.08372760
v -10.16794968 5.47237873 0.15908122
v -9.85731792 5.38729525 0.16378927
v -9.88940334 2.06397605 0.09197688
v -9.88374996 4.11703062 0.13544321
v -9.89749336 1.98212159 0.08966208
v -9.86382675 5.46931410 0.16501570
v -9.90726089 1.75991821 0.08601999
v -10.19619274 1.76282954 0.08038187
v -10.18899918 1.80286431 0.08049655
v -9.91364479 1.80008984 0.08586979
v -10.05194950 1.73982906 0.08356643
v -9.90798569 1.75913072 0.12279987
v -10.19691849 1.76204193 0.11716151
v -10.18975925 1.80203879 0.11904383
v -9.91440487 1.79926431 0.12441730
v -10.05264282 1.73907685 0.11868453
v -9.86930180 5.69161463 0.17097855
v -10.15823364 5.69452572 0.16534042
v -10.15181541 5.65439224 0.16372275
v -9.87646103 5.65161753 0.16909599
v -10.01357555 5.71457958 0.16945553
v -9.87002850 5.69082689 0.20775819
v -10.15895939 5.69373798 0.20212007
v -10.15257645 5.65356636 0.20227051
v -9.87722111 5.65079212 0.20764351
v -10.01426983 5.71382761 0.20457363
v -9.85291767 5.38834715 0.20071816
v -9.85222721 5.38909721 0.16573524
v -9.88503838 2.06124520 0.12882376
v -9.88434887 2.06199455 0.09384131
v -9.85596657 5.61667633 0.20641112
v -9.87082767 3.72478795 0.16599059
v -9.85905743 5.55646324 0.20596600
v -9.85524178 5.61746264 0.16970420
v -9.86653233 4.09389353 0.13645601
v -9.85829735 5.55728769 0.16744947
v -9.85907555 5.68843031 0.18590140
v -9.86242104 5.64763021 0.16960478
v -9.86898518 5.71084166 0.17311859
v -9.86316967 5.64681768 0.20751858
v -9.86964321 5.71012783 0.20645714
v -9.89249516 1.83298457 0.12465072
v -9.89442444 1.89320982 0.12680793
v -9.89177227 1.83377099 0.08794379
v -9.89366436 1.89403474 0.08829141
v -9.89698029 1.76225710 0.10106206
v -9.89953136 1.80378020 0.08654428
v -9.90731525 1.74061406 0.08732748
v -9.90028000 1.80296838 0.12445807
v -9.90797329 1.73990035 0.12066603
v -10.18187141 5.39166212 0.19429898
v -10.18118191 5.39241123 0.15931630
v -10.21399212 2.06455970 0.12240481
v -10.21330357 2.06530905 0.08742213
v -10.17444897 5.61988544 0.20019627
v -10.19613171 3.72806573 0.15964270
v -10.17255688 5.55962133 0.19984865
v -10.17372417 5.62067175 0.16348934
v -10.19183636 4.09717131 0.13010788
v -10.17179585 5.56044674 0.16133213
v -10.16909790 5.69155359 0.17985177
v -10.16594028 5.65068817 0.16368198
v -10.15824604 5.71375608 0.16747427
v -10.16668892 5.64987612 0.20159578
v -10.15890408 5.71304226 0.20081282
v -10.21097755 1.83619368 0.11843610
v -10.20792294 1.89636886 0.12069058
v -10.21025467 1.83698010 0.08172894
v -10.20716095 1.89719367 0.08217406
v -10.20700264 1.76538122 0.09501243
v -10.20305157 1.80683875 0.08062148
v -10.19657612 1.74352884 0.08168292
v -10.20379925 1.80602646 0.11853528
v -10.19723415 1.74281466 0.11502123
v -10.18818855 1.98220992 0.12355208
v -10.15448380 5.47337246 0.19899154
v -9.91252136 1.97943234 0.12893152
v -9.87881660 5.47059441 0.20437098
v -10.05156040 1.85554135 0.12331390
v -10.01543617 5.59727240 0.20416784
v -10.18740368 1.98306191 0.08376932
v -10.15369892 5.47422409 0.15920854
v -9.91173744 1.98028433 0.08914876
v -9.87803078 5.47144651 0.16458797
v -10.05078411 1.85638392 0.08397245
v -10.01465988 5.59811497 0.16482615
f 1 47 44
f 1 44 43
f 1 43 45
f 1 45 46
f 1 46 47
f 2 49 52
f 6 72 70
f 12 102 99
f 11 96 95
f 8 79 81
f 4 62 59
f 4 59 58
f 4 58 60
f 4 60 61
f 4 61 62
f 5 66 65
f 3 54 57
f 7 73 77
f 9 85 86
f 10 92 88
f 12 101 98
f 6 69 68
f 2 50 48
f 8 82 78
f 11 97 93
f 6 71 69
f 12 100 101
f 11 94 97
f 8 80 82
f 2 51 50
f 10 90 89
f 5 63 64
f 3 55 53
f 7 76 74
f 9 87 84
f 10 91 90
f 5 67 63
f 3 56 55
f 7 75 76
f 9 83 87
f 6 68 72
f 2 48 49
f 8 78 79
f 11 93 96
f 12 98 102
f 10 88 91
f 5 65 67
f 3 57 56
f 7 77 75
f 9 86 83
f 5 64 66
f 3 53 54
f 7 74 73
f 9 84 85
f 10 89 92
f 6 70 71
f 12 99 100
f 11 95 94
f 8 81 80
f 2 52 51
f 35 109 116
f 18 105 108
f 19 111 106
f 40 114 112
f 42 117 115
f 34 125 119
f 33 152 156
f 25 137 139
f 36 158 160
f 20 123 120
f 32 143 149
f 23 127 132
f 24 135 128
f 37 147 145
f 41 150 148
f 34 153 155
f 33 140 133
f 25 138 134
f 36 159 157
f 20 122 124
f 17 107 47
f 14 103 44
f 13 104 43
f 15 110 45
f 16 113 46
f 18 118 49
f 35 154 72
f 42 141 102
f 40 162 96
f 19 121 79
f 30 142 62
f 27 129 59
f 22 130 58
f 28 144 60
f 29 146 61
f 32 151 66
f 23 131 54
f 24 136 73
f 37 161 85
f 41 126 92
f 35 116 101
f 18 108 69
f 19 106 50
f 40 112 82
f 42 115 97
f 34 119 71
f 33 156 100
f 25 139 94
f 36 160 80
f 20 120 51
f 32 149 90
f 23 132 63
f 24 128 55
f 37 145 76
f 41 148 87
f 34 155 91
f 33 133 67
f 25 134 56
f 36 157 75
f 20 124 83
f 14 109 68
f 13 105 48
f 15 111 78
f 16 114 93
f 17 117 98
f 21 125 88
f 31 152 65
f 26 137 57
f 38 158 77
f 39 123 86
f 27 143 64
f 22 127 53
f 28 135 74
f 29 147 84
f 30 150 89
f 31 153 70
f 26 140 99
f 38 138 95
f 39 159 81
f 21 122 52
f 14 107 109
f 13 103 105
f 15 104 111
f 16 110 114
f 17 113 117
f 21 118 125
f 31 154 152
f 26 141 137
f 38 162 158
f 39 121 123
f 27 142 143
f 22 129 127
f 28 130 135
f 29 144 147
f 30 146 150
f 31 151 153
f 26 131 140
f 38 136 138
f 39 161 159
f 21 126 122
f 14 44 107
f 13 43 103
f 15 45 104
f 16 46 110
f 17 47 113
f 21 52 118
f 31 70 154
f 26 99 141
f 38 95 162
f 39 81 121
f 27 59 142
f 22 58 129
f 28 60 130
f 29 61 144
f 30 62 146
f 31 65 151
f 26 57 131
f 38 77 136
f 39 86 161
f 21 88 126
f 17 98 116
f 14 68 108
f 13 48 106
f 15 78 112
f 16 93 115
f 18 69 119
f 35 101 156
f 42 97 139
f 40 82 160
f 19 50 120
f 30 89 149
f 27 64 132
f 22 53 128
f 28 74 145
f 29 84 148
f 32 90 155
f 23 63 133
f 24 55 134
f 37 76 157
f 41 87 124
f 35 72 109
f 18 49 105
f 19 79 111
f 40 96 114
f 42 102 117
f 34 91 125
f 33 67 152
f 25 56 137
f 36 75 158
f 20 83 123
f 32 66 143
f 23 54 127
f 24 73 135
f 37 85 147
f 41 92 150
f 34 71 153
f 33 100 140
f 25 94 138
f 36 80 159
f 20 51 122
f 17 116 107
f 14 108 103
f 13 106 104
f 15 112 110
f 16 115 113
f 18 119 118
f 35 156 154
f 42 139 141
f 40 160 162
f 19 120 121
f 30 149 142
f 27 132 129
f 22 128 130
f 28 145 144
f 29 148 146
f 32 155 151
f 23 133 131
f 24 134 136
f 37 157 161
f 41 124 126
f 107 44 47
f 103 43 44
f 104 45 43
f 110 46 45
f 113 47 46
f 118 52 49
f 154 70 72
f 141 99 102
f 162 95 96
f 121 81 79
f 142 59 62
f 129 58 59
f 130 60 58
f 144 61 60
f 146 62 61
f 151 65 66
f 131 57 54
f 136 77 73
f 161 86 85
f 126 88 92
f 116 98 101
f 108 68 69
f 106 48 50
f 112 78 82
f 115 93 97
f 119 69 71
f 156 101 100
f 139 97 94
f 160 82 80
f 120 50 51
f 149 89 90
f 132 64 63
f 128 53 55
f 145 74 76
f 148 84 87
f 155 90 91
f 133 63 67
f 134 55 56
f 157 76 75
f 124 87 83
f 109 72 68
f 105 49 48
f 111 79 78
f 114 96 93
f 117 102 98
f 125 91 88
f 152 67 65
f 137 56 57
f 158 75 77
f 123 83 86
f 143 66 64
f 127 54 53
f 135 73 74
f 147 85 84
f 150 92 89
f 153 71 70
f 140 100 99
f 138 94 95
f 159 80 81
f 122 51 52
f 107 116 109
f 103 108 105
f 104 106 111
f 110 112 114
f 113 115 117
f 118 119 125
f 154 156 152
f 141 139 137
f 162 160 158
f 121 120 123
f 142 149 143
f 129 132 127
f 130 128 135
f 144 145 147
f 146 148 150
f 151 155 153
f 131 133 140
f 136 134 138
f 161 157 159
f 126 124 122
f 163 209 206
f 163 206 205
f 163 205 207
f 163 207 208
f 163 208 209
f 164 211 214
f 168 234 232
f 174 264 261
f 173 258 257
f 170 241 243
f 166 224 221
f 166 221 220
f 166 220 222
f 166 222 223
f 166 223 224
f 167 228 227
f 165 216 219
f 169 235 239
f 171 247 248
f 172 254 250
f 174 263 260
f 168 231 230
f 164 212 210
f 170 244 240
f 173 259 255
f 168 233 231
f 174 262 263
f 173 256 259
f 170 242 244
f 164 213 212
f 172 252 251
f 167 225 226
f 165 217 215
f 169 238 236
f 171 249 246
f 172 253 252
f 167 229 225
f 165 218 217
f 169 237 238
f 171 245 249
f 168 230 234
f 164 210 211
f 170 240 241
f 173 255 258
f 174 260 264
f 172 250 253
f 167 227 229
f 165 219 218
f 169 239 237
f 171 248 245
f 167 226 228
f 165 215 216
f 169 236 235
f 171 246 247
f 172 251 254
f 168 232 233
f 174 261 262
f 173 257 256
f 170 243 242
f 164 214 213
f 197 271 278
f 180 267 270
f 181 273 268
f 202 276 274
f 204 279 277
f 196 287 281
f 195 314 318
f 187 299 301
f 198 320 322
f 182 285 282
f 194 305 311
f 185 289 294
f 186 297 290
f 199 309 307
f 203 312 310
f 196 315 317
f 195 302 295
f 187 300 296
f 198 321 319
f 182 284 286
f 179 269 209
f 176 265 206
f 175 266 205
f 177 272 207
f 178 275 208
f 180 280 211
f 197 316 234
f 204 303 264
f 202 324 258
f 181 283 241
f 192 304 224
f 189 291 221
f 184 292 220
f 190 306 222
f 191 308 223
f 194 313 228
f 185 293 216
f 186 298 235
f 199 323 247
f 203 288 254
f 197 278 263
f 180 270 231
f 181 268 212
f 202 274 244
f 204 277 259
f 196 281 233
f 195 318 262
f 187 301 256
f 198 322 242
f 182 282 213
f 194 311 252
f 185 294 225
f 186 290 217
f 199 307 238
f 203 310 249
f 196 317 253
f 195 295 229
f 187 296 218
f 198 319 237
f 182 286 245
f 176 271 230
f 175 267 210
f 177 273 240
f 178 276 255
f 179 279 260
f 183 287 250
f 193 314 227
f 188 299 219
f 200 320 239
f 201 285 248
f 189 305 226
f 184 289 215
f 190 297 236
f 191 309 246
f 192 312 251
f 193 315 232
f 188 302 261
f 200 300 257
f 201 321 243
f 183 284 214
f 176 269 271
f 175 265 267
f 177 266 273
f 178 272 276
f 179 275 279
f 183 280 287
f 193 316 314
f 188 303 299
f 200 324 320
f 201 283 285
f 189 304 305
f 184 291 289
f 190 292 297
f 191 306 309
f 192 308 312
f 193 313 315
f 188 293 302
f 200 298 300
f 201 323 321
f 183 288 284
f 176 206 269
f 175 205 265
f 177 207 266
f 178 208 272
f 179 209 275
f 183 214 280
f 193 232 316
f 188 261 303
f 200 257 324
f 201 243 283
f 189 221 304
f 184 220 291
f 190 222 292
f 191 223 306
f 192 224 308
f 193 227 313
f 188 219 293
f 200 239 298
f 201 248 323
f 183 250 288
f 179 260 278
f 176 230 270
f 175 210 268
f 177 240 274
f 178 255 277
f 180 231 281
f 197 263 318
f 204 259 301
f 202 244 322
f 181 212 282
f 192 251 311
f 189 226 294
f 184 215 290
f 190 236 307
f 191 246 310
f 194 252 317
f 185 225 295
f 186 217 296
f 199 238 319
f 203 249 286
f 197 234 271
f 180 211 267
f 181 241 273
f 202 258 276
f 204 264 279
f 196 253 287
f 195 229 314
f 187 218 299
f 198 237 320
f 182 245 285
f 194 228 305
f 185 216 289
f 186 235 297
f 199 247 309
f 203 254 312
f 196 233 315
f 195 262 302
f 187 256 300
f 198 242 321
f 182 213 284
f 179 278 269
f 176 270 265
f 175 268 266
f 177 274 272
f 178 277 275
f 180 281 280
f 197 318 316
f 204 301 303
f 202 322 324
f 181 282 283
f 192 311 304
f 189 294 291
f 184 290 292
f 190 307 306
f 191 310 308
f 194 317 313
f 185 295 293
f 186 296 298
f 199 319 323
f 203 286 288
f 269 206 209
f 265 205 206
f 266 207 205
f 272 208 207
f 275 209 208
f 280 214 211
f 316 232 234
f 303 261 264
f 324 257 258
f 283 243 241
f 304 221 224
f 291 220 221
f 292 222 220
f 306 223 222
f 308 224 223
f 313 227 228
f 293 219 216
f 298 239 235
f 323 248 247
f 288 250 254
f 278 260 263
f 270 230 231
f 268 210 212
f 274 240 244
f 277 255 259
f 281 231 233
f 318 263 262
f 301 259 256
f 322 244 242
f 282 212 213
f 311 251 252
f 294 226 225
f 290 215 217
f 307 236 238
f 310 246 249
f 317 252 253
f 295 225 229
f 296 217 218
f 319 238 237
f 286 249 245
f 271 234 230
f 267 211 210
f 273 241 240
f 276 258 255
f 279 264 260
f 287 253 250
f 314 229 227
f 299 218 219
f 320 237 239
f 285 245 248
f 305 228 226
f 289 216 215
f 297 235 236
f 309 247 246
f 312 254 251
f 315 233 232
f 302 262 261
f 300 256 257
f 321 242 243
f 284 213 214
f 269 278 271
f 265 270 267
f 266 268 273
f 272 274 276
f 275 277 279
f 280 281 287
f 316 318 314
f 303 301 299
f 324 322 320
f 283 282 285
f 304 311 305
f 291 294 289
f 292 290 297
f 306 307 309
f 308 310 312
f 313 317 315
f 293 295 302
f 298 296 300
f 323 319 321
f 288 286 284
f 325 371 368
f 325 368 367
f 325 367 369
f 325 369 370
f 325 370 371
f 326 373 376
f 330 396 394
f 336 426 423
f 335 420 419
f 332 403 405
f 328 386 383
f 328 383 382
f 328 382 384
f 328 384 385
f 328 385 386
f 329 390 389
f 327 378 381
f 331 397 401
f 333 409 410
f 334 416 412
f 336 425 422
f 330 393 392
f 326 374 372
f 332 406 402
f 335 421 417
f 330 395 393
f 336 424 425
f 335 418 421
f 332 404 406
f 326 375 374
f 334 414 413
f 329 387 388
f 327 379 377
f 331 400 398
f 333 411 408
f 334 415 414
f 329 391 387
f 327 380 379
f 331 399 400
f 333 407 411
f 330 392 396
f 326 372 373
f 332 402 403
f 335 417 420
f 336 422 426
f 334 412 415
f 329 389 391
f 327 381 380
f 331 401 399
f 333 410 407
f 329 388 390
f 327 377 378
f 331 398 397
f 333 408 409
f 334 413 416
f 330 394 395
f 336 423 424
f 335 419 418
f 332 405 404
f 326 376 375
f 359 433 440
f 342 429 432
f 343 435 430
f 364 438 436
f 366 441 439
f 358 449 443
f 357 476 480
f 349 461 463
f 360 482 484
f 344 447 444
f 356 467 473
f 347 451 456
f 348 459 452
f 361 471 469
f 365 474 472
f 358 477 479
f 357 464 457
f 349 462 458
f 360 483 481
f 344 446 448
f 341 431 371
f 338 427 368
f 337 428 367
f 339 434 369
f 340 437 370
f 342 442 373
f 359 478 396
f 366 465 426
f 364 486 420
f 343 445 403
f 354 466 386
f 351 453 383
f 346 454 382
f 352 468 384
f 353 470 385
f 356 475 390
f 347 455 378
f 348 460 397
f 361 485 409
f 365 450 416
f 359 440 425
f 342 432 393
f 343 430 374
f 364 436 406
f 366 439 421
f 358 443 395
f 357 480 424
f 349 463 418
f 360 484 404
f 344 444 375
f 356 473 414
f 347 456 387
f 348 452 379
f 361 469 400
f 365 472 411
f 358 479 415
f 357 457 391
f 349 458 380
f 360 481 399
f 344 448 407
f 338 433 392
f 337 429 372
f 339 435 402
f 340 438 417
f 341 441 422
f 345 449 412
f 355 476 389
f 350 461 381
f 362 482 401
f 363 447 410
f 351 467 388
f 346 451 377
f 352 459 398
f 353 471 408
f 354 474 413
f 355 477 394
f 350 464 423
f 362 462 419
f 363 483 405
f 345 446 376
f 338 431 433
f 337 427 429
f 339 428 435
f 340 434 438
f 341 437 441
f 345 442 449
f 355 478 476
f 350 465 461
f 362 486 482
f 363 445 447
f 351 466 467
f 346 453 451
f 352 454 459
f 353 468 471
f 354 470 474
f 355 475 477
f 350 455 464
f 362 460 462
f 363 485 483
f 345 450 446
f 338 368 431
f 337 367 427
f 339 369 428
f 340 370 434
f 341 371 437
f 345 376 442
f 355 394 478
f 350 423 465
f 362 419 486
f 363 405 445
f 351 383 466
f 346 382 453
f 352 384 454
f 353 385 468
f 354 386 470
f 355 389 475
f 350 381 455
f 362 401 460
f 363 410 485
f 345 412 450
f 341 422 440
f 338 392 432
f 337 372 430
f 339 402 436
f 340 417 439
f 342 393 443
f 359 425 480
f 366 421 463
f 364 406 484
f 343 374 444
f 354 413 473
f 351 388 456
f 346 377 452
f 352 398 469
f 353 408 472
f 356 414 479
f 347 387 457
f 348 379 458
f 361 400 481
f 365 411 448
f 359 396 433
f 342 373 429
f 343 403 435
f 364 420 438
f 366 426 441
f 358 415 449
f 357 391 476
f 349 380 461
f 360 399 482
f 344 407 447
f 356 390 467
f 347 378 451
f 348 397 459
f 361 409 471
f 365 416 474
f 358 395 477
f 357 424 464
f 349 418 462
f 360 404 483
f 344 375 446
f 341 440 431
f 338 432 427
f 337 430 428
f 339 436 434
f 340 439 437
f 342 443 442
f 359 480 478
f 366 463 465
f 364 484 486
f 343 444 445
f 354 473 466
f 351 456 453
f 346 452 454
f 352 469 468
f 353 472 470
f 356 479 475
f 347 457 455
f 348 458 460
f 361 481 485
f 365 448 450
f 431 368 371
f 427 367 368
f 428 369 367
f 434 370 369
f 437 371 370
f 442 376 373
f 478 394 396
f 465 423 426
f 486 419 420
f 445 405 403
f 466 383 386
f 453 382 383
f 454 384 382
f 468 385 384
f 470 386 385
f 475 389 390
f 455 381 378
f 460 401 397
f 485 410 409
f 450 412 416
f 440 422 425
f 432 392 393
f 430 372 374
f 436 402 406
f 439 417 421
f 443 393 395
f 480 425 424
f 463 421 418
f 484 406 404
f 444 374 375
f 473 413 414
f 456 388 387
f 452 377 379
f 469 398 400
f 472 408 411
f 479 414 415
f 457 387 391
f 458 379 380
f 481 400 399
f 448 411 407
f 433 396 392
f 429 373 372
f 435 403 402
f 438 420 417
f 441 426 422
f 449 415 412
f 476 391 389
f 461 380 381
f 482 399 401
f 447 407 410
f 467 390 388
f 451 378 377
f 459 397 398
f 471 409 408
f 474 416 413
f 477 395 394
f 464 424 423
f 462 418 419
f 483 404 405
f 446 375 376
f 431 440 433
f 427 432 429
f 428 430 435
f 434 436 438
f 437 439 441
f 442 443 449
f 478 480 476
f 465 463 461
f 486 484 482
f 445 444 447
f 466 473 467
f 453 456 451
f 454 452 459
f 468 469 471
f 470 472 474
f 475 479 477
f 455 457 464
f 460 458 462
f 485 481 483
f 450 448 446
f 487 533 530
f 487 530 529
f 487 529 531
f 487 531 532
f 487 532 533
f 488 535 538
f 492 558 556
f 498 588 585
f 497 582 581
f 494 565 567
f 490 548 545
f 490 545 544
f 490 544 546
f 490 546 547
f 490 547 548
f 491 552 551
f 489 540 543
f 493 559 563
f 495 571 572
f 496 578 574
f 498 587 584
f 492 555 554
f 488 536 534
f 494 568 564
f 497 583 579
f 492 557 555
f 498 586 587
f 497 580 583
f 494 566 568
f 488 537 536
f 496 576 575
f 491 549 550
f 489 541 539
f 493 562 560
f 495 573 570
f 496 577 576
f 491 553 549
f 489 542 541
f 493 561 562
f 495 569 573
f 492 554 558
f 488 534 535
f 494 564 565
f 497 579 582
f 498 584 588
f 496 574 577
f 491 551 553
f 489 543 542
f 493 563 561
f 495 572 569
f 491 550 552
f 489 539 540
f 493 560 559
f 495 570 571
f 496 575 578
f 492 556 557
f 498 585 586
f 497 581 580
f 494 567 566
f 488 538 537
f 521 595 602
f 504 591 594
f 505 597 592
f 526 600 598
f 528 603 601
f 520 611 605
f 519 638 642
f 511 623 625
f 522 644 646
f 506 609 606
f 518 629 635
f 509 613 618
f 510 621 614
f 523 633 631
f 527 636 634
f 520 639 641
f 519 626 619
f 511 624 620
f 522 645 643
f 506 608 610
f 503 593 533
f 500 589 530
f 499 590 529
f 501 596 531
f 502 599 532
f 504 604 535
f 521 640 558
f 528 627 588
f 526 648 582
f 505 607 565
f 516 628 548
f 513 615 545
f 508 616 544
f 514 630 546
f 515 632 547
f 518 637 552
f 509 617 540
f 510 622 559
f 523 647 571
f 527 612 578
f 521 602 587
f 504 594 555
f 505 592 536
f 526 598 568
f 528 601 583
f 520 605 557
f 519 642 586
f 511 625 580
f 522 646 566
f 506 606 537
f 518 635 576
f 509 618 549
f 510 614 541
f 523 631 562
f 527 634 573
f 520 641 577
f 519 619 553
f 511 620 542
f 522 643 561
f 506 610 569
f 500 595 554
f 499 591 534
f 501 597 564
f 502 600 579
f 503 603 584
f 507 611 574
f 517 638 551
f 512 623 543
f 524 644 563
f 525 609 572
f 513 629 550
f 508 613 539
f 514 621 560
f 515 633 570
f 516 636 575
f 517 639 556
f 512 626 585
f 524 624 581
f 525 645 567
f 507 608 538
f 500 593 595
f 499 589 591
f 501 590 597
f 502 596 600
f 503 599 603
f 507 604 611
f 517 640 638
f 512 627 623
f 524 648 644
f 525 607 609
f 513 628 629
f 508 615 613
f 514 616 621
f 515 630 633
f 516 632 636
f 517 637 639
f 512 617 626
f 524 622 624
f 525 647 645
f 507 612 608
f 500 530 593
f 499 529 589
f 501 531 590
f 502 532 596
f 503 533 599
f 507 538 604
f 517 556 640
f 512 585 627
f 524 581 648
f 525 567 607
f 513 545 628
f 508 544 615
f 514 546 616
f 515 547 630
f 516 548 632
f 517 551 637
f 512 543 617
f 524 563 622
f 525 572 647
f 507 574 612
f 503 584 602
f 500 554 594
f 499 534 592
f 501 564 598
f 502 579 601
f 504 555 605
f 521 587 642
f 528 583 625
f 526 568 646
f 505 536 606
f 516 575 635
f 513 550 618
f 508 539 614
f 514 560 631
f 515 570 634
f 518 576 641
f 509 549 619
f 510 541 620
f 523 562 643
f 527 573 610
f 521 558 595
f 504 535 591
f 505 565 597
f 526 582 600
f 528 588 603
f 520 577 611
f 519 553 638
f 511 542 623
f 522 561 644
f 506 569 609
f 518 552 629
f 509 540 613
f 510 559 621
f 523 571 633
f 527 578 636
f 520 557 639
f 519 586 626
f 511 580 624
f 522 566 645
f 506 537 608
f 503 602 593
f 500 594 589
f 499 592 590
f 501 598 596
f 502 601 599
f 504 605 604
f 521 642 640
f 528 625 627
f 526 646 648
f 505 606 607
f 516 635 628
f 513 618 615
f 508 614 616
f 514 631 630
f 515 634 632
f 518 641 637
f 509 619 617
f 510 620 622
f 523 643 647
f 527 610 612
f 593 530 533
f 589 529 530
f 590 531 529
f 596 532 531
f 599 533 532
f 604 538 535
f 640 556 558
f 627 585 588
f 648 581 582
f 607 567 565
f 628 545 548
f 615 544 545
f 616 546 544
f 630 547 546
f 632 548 547
f 637 551 552
f 617 543 540
f 622 563 559
f 647 572 571
f 612 574 578
f 602 584 587
f 594 554 555
f 592 534 536
f 598 564 568
f 601 579 583
f 605 555 557
f 642 587 586
f 625 583 580
f 646 568 566
f 606 536 537
f 635 575 576
f 618 550 549
f 614 539 541
f 631 560 562
f 634 570 573
f 641 576 577
f 619 549 553
f 620 541 542
f 643 562 561
f 610 573 569
f 595 558 554
f 591 535 534
f 597 565 564
f 600 582 579
f 603 588 584
f 611 577 574
f 638 553 551
f 623 542 543
f 644 561 563
f 609 569 572
f 629 552 550
f 613 540 539
f 621 559 560
f 633 571 570
f 636 578 575
f 639 557 556
f 626 586 585
f 624 580 581
f 645 566 567
f 608 537 538
f 593 602 595
f 589 594 591
f 590 592 597
f 596 598 600
f 599 601 603
f 604 605 611
f 640 642 638
f 627 625 623
f 648 646 644
f 607 606 609
f 628 635 629
f 615 618 613
f 616 614 621
f 630 631 633
f 632 634 636
f 637 641 639
f 617 619 626
f 622 620 624
f 647 643 645
f 612 610 608
f 649 695 692
f 649 692 691
f 649 691 693
f 649 693 694
f 649 694 695
f 650 697 700
f 654 720 718
f 660 750 747
f 659 744 743
f 656 727 729
f 652 710 707
f 652 707 706
f 652 706 708
f 652 708 709
f 652 709 710
f 653 714 713
f 651 702 705
f 655 721 725
f 657 733 734
f 658 740 736
f 660 749 746
f 654 717 716
f 650 698 696
f 656 730 726
f 659 745 741
f 654 719 717
f 660 748 749
f 659 742 745
f 656 728 730
f 650 699 698
f 658 738 737
f 653 711 712
f 651 703 701
f 655 724 722
f 657 735 732
f 658 739 738
f 653 715 711
f 651 704 703
f 655 723 724
f 657 731 735
f 654 716 720
f 650 696 697
f 656 726 727
f 659 741 744
f 660 746 750
f 658 736 739
f 653 713 715
f 651 705 704
f 655 725 723
f 657 734 731
f 653 712 714
f 651 701 702
f 655 722 721
f 657 732 733
f 658 737 740
f 654 718 719
f 660 747 748
f 659 743 742
f 656 729 728
f 650 700 699
f 683 757 764
f 666 753 756
f 667 759 754
f 688 762 760
f 690 765 763
f 682 773 767
f 681 800 804
f 673 785 787
f 684 806 808
f 668 771 768
f 680 791 797
f 671 775 780
f 672 783 776
f 685 795 793
f 689 798 796
f 682 801 803
f 681 788 781
f 673 786 782
f 684 807 805
f 668 770 772
f 665 755 695
f 662 751 692
f 661 752 691
f 663 758 693
f 664 761 694
f 666 766 697
f 683 802 720
f 690 789 750
f 688 810 744
f 667 769 727
f 678 790 710
f 675 777 707
f 670 778 706
f 676 792 708
f 677 794 709
f 680 799 714
f 671 779 702
f 672 784 721
f 685 809 733
f 689 774 740
f 683 764 749
f 666 756 717
f 667 754 698
f 688 760 730
f 690 763 745
f 682 767 719
f 681 804 748
f 673 787 742
f 684 808 728
f 668 768 699
f 680 797 738
f 671 780 711
f 672 776 703
f 685 793 724
f 689 796 735
f 682 803 739
f 681 781 715
f 673 782 704
f 684 805 723
f 668 772 731
f 662 757 716
f 661 753 696
f 663 759 726
f 664 762 741
f 665 765 746
f 669 773 736
f 679 800 713
f 674 785 705
f 686 806 725
f 687 771 734
f 675 791 712
f 670 775 701
f 676 783 722
f 677 795 732
f 678 798 737
f 679 801 718
f 674 788 747
f 686 786 743
f 687 807 729
f 669 770 700
f 662 755 757
f 661 751 753
f 663 752 759
f 664 758 762
f 665 761 765
f 669 766 773
f 679 802 800
f 674 789 785
f 686 810 806
f 687 769 771
f 675 790 791
f 670 777 775
f 676 778 783
f 677 792 795
f 678 794 798
f 679 799 801
f 674 779 788
f 686 784 786
f 687 809 807
f 669 774 770
f 662 692 755
f 661 691 751
f 663 693 752
f 664 694 758
f 665 695 761
f 669 700 766
f 679 718 802
f 674 747 789
f 686 743 810
f 687 729 769
f 675 707 790
f 670 706 777
f 676 708 778
f 677 709 792
f 678 710 794
f 679 713 799
f 674 705 779
f 686 725 784
f 687 734 809
f 669 736 774
f 665 746 764
f 662 716 756
f 661 696 754
f 663 726 760
f 664 741 763
f 666 717 767
f 683 749 804
f 690 745 787
f 688 730 808
f 667 698 768
f 678 737 797
f 675 712 780
f 670 701 776
f 676 722 793
f 677 732 796
f 680 738 803
f 671 711 781
f 672 703 782
f 685 724 805
f 689 735 772
f 683 720 757
f 666 697 753
f 667 727 759
f 688 744 762
f 690 750 765
f 682 739 773
f 681 715 800
f 673 704 785
f 684 723 806
f 668 731 771
f 680 714 791
f 671 702 775
f 672 721 783
f 685 733 795
f 689 740 798
f 682 719 801
f 681 748 788
f 673 742 786
f 684 728 807
f 668 699 770
f 665 764 755
f 662 756 751
f 661 754 752
f 663 760 758
f 664 763 761
f 666 767 766
f 683 804 802
f 690 787 789
f 688 808 810
f 667 768 769
f 678 797 790
f 675 780 777
f 670 776 778
f 676 793 792
f 677 796 794
f 680 803 799
f 671 781 779
f 672 782 784
f 685 805 809
f 689 772 774
f 755 692 695
f 751 691 692
f 752 693 691
f 758 694 693
f 761 695 694
f 766 700 697
f 802 718 720
f 789 747 750
f 810 743 744
f 769 729 727
f 790 707 710
f 777 706 707
f 778 708 706
f 792 709 708
f 794 710 709
f 799 713 714
f 779 705 702
f 784 725 721
f 809 734 733
f 774 736 740
f 764 746 749
f 756 716 717
f 754 696 698
f 760 726 730
f 763 741 745
f 767 717 719
f 804 749 748
f 787 745 742
f 808 730 728
f 768 698 699
f 797 737 738
f 780 712 711
f 776 701 703
f 793 722 724
f 796 732 735
f 803 738 739
f 781 711 715
f 782 703 704
f 805 724 723
f 772 735 731
f 757 720 716
f 753 697 696
f 759 727 726
f 762 744 741
f 765 750 746
f 773 739 736
f 800 715 713
f 785 704 705
f 806 723 725
f 771 731 734
f 791 714 712
f 775 702 701
f 783 721 722
f 795 733 732
f 798 740 737
f 801 719 718
f 788 748 747
f 786 742 743
f 807 728 729
f 770 699 700
f 755 764 757
f 751 756 753
f 752 754 759
f 758 760 762
f 761 763 765
f 766 767 773
f 802 804 800
f 789 787 785
f 810 808 806
f 769 768 771
f 790 797 791
f 777 780 775
f 778 776 783
f 792 793 795
f 794 796 798
f 799 803 801
f 779 781 788
f 784 782 786
f 809 805 807
f 774 772 770
f 811 857 854
f 811 854 853
f 811 853 855
f 811 855 856
f 811 856 857
f 812 859 862
f 816 882 880
f 822 912 909
f 821 906 905
f 818 889 891
f 814 872 869
f 814 869 868
f 814 868 870
f 814 870 871
f 814 871 872
f 815 876 875
f 813 864 867
f 817 883 887
f 819 895 896
f 820 902 898
f 822 911 908
f 816 879 878
f 812 860 858
f 818 892 888
f 821 907 903
f 816 881 879
f 822 910 911
f 821 904 907
f 818 890 892
f 812 861 860
f 820 900 899
f 815 873 874
f 813 865 863
f 817 886 884
f 819 897 894
f 820 901 900
f 815 877 873
f 813 866 865
f 817 885 886
f 819 893 897
f 816 878 882
f 812 858 859
f 818 888 889
f 821 903 906
f 822 908 912
f 820 898 901
f 815 875 877
f 813 867 866
f 817 887 885
f 819 896 893
f 815 874 876
f 813 863 864
f 817 884 883
f 819 894 895
f 820 899 902
f 816 880 881
f 822 909 910
f 821 905 904
f 818 891 890
f 812 862 861
f 845 919 926
f 828 915 918
f 829 921 916
f 850 924 922
f 852 927 925
f 844 935 929
f 843 962 966
f 835 947 949
f 846 968 970
f 830 933 930
f 842 953 959
f 833 937 942
f 834 945 938
f 847 957 955
f 851 960 958
f 844 963 965
f 843 950 943
f 835 948 944
f 846 969 967
f 830 932 934
f 827 917 857
f 824 913 854
f 823 914 853
f 825 920 855
f 826 923 856
f 828 928 859
f 845 964 882
f 852 951 912
f 850 972 906
f 829 931 889
f 840 952 872
f 837 939 869
f 832 940 868
f 838 954 870
f 839 956 871
f 842 961 876
f 833 941 864
f 834 946 883
f 847 971 895
f 851 936 902
f 845 926 911
f 828 918 879
f 829 916 860
f 850 922 892
f 852 925 907
f 844 929 881
f 843 966 910
f 835 949 904
f 846 970 890
f 830 930 861
f 842 959 900
f 833 942 873
f 834 938 865
f 847 955 886
f 851 958 897
f 844 965 901
f 843 943 877
f 835 944 866
f 846 967 885
f 830 934 893
f 824 919 878
f 823 915 858
f 825 921 888
f 826 924 903
f 827 927 908
f 831 935 898
f 841 962 875
f 836 947 867
f 848 968 887
f 849 933 896
f 837 953 874
f 832 937 863
f 838 945 884
f 839 957 894
f 840 960 899
f 841 963 880
f 836 950 909
f 848 948 905
f 849 969 891
f 831 932 862
f 824 917 919
f 823 913 915
f 825 914 921
f 826 920 924
f 827 923 927
f 831 928 935
f 841 964 962
f 836 951 947
f 848 972 968
f 849 931 933
f 837 952 953
f 832 939 937
f 838 940 945
f 839 954 957
f 840 956 960
f 841 961 963
f 836 941 950
f 848 946 948
f 849 971 969
f 831 936 932
f 824 854 917
f 823 853 913
f 825 855 914
f 826 856 920
f 827 857 923
f 831 862 928
f 841 880 964
f 836 909 951
f 848 905 972
f 849 891 931
f 837 869 952
f 832 868 939
f 838 870 940
f 839 871 954
f 840 872 956
f 841 875 961
f 836 867 941
f 848 887 946
f 849 896 971
f 831 898 936
f 827 908 926
f 824 878 918
f 823 858 916
f 825 888 922
f 826 903 925
f 828 879 929
f 845 911 966
f 852 907 949
f 850 892 970
f 829 860 930
f 840 899 959
f 837 874 942
f 832 863 938
f 838 884 955
f 839 894 958
f 842 900 965
f 833 873 943
f 834 865 944
f 847 886 967
f 851 897 934
f 845 882 919
f 828 859 915
f 829 889 921
f 850 906 924
f 852 912 927
f 844 901 935
f 843 877 962
f 835 866 947
f 846 885 968
f 830 893 933
f 842 876 953
f 833 864 937
f 834 883 945
f 847 895 957
f 851 902 960
f 844 881 963
f 843 910 950
f 835 904 948
f 846 890 969
f 830 861 932
f 827 926 917
f 824 918 913
f 823 916 914
f 825 922 920
f 826 925 923
f 828 929 928
f 845 966 964
f 852 949 951
f 850 970 972
f 829 930 931
f 840 959 952
f 837 942 939
f 832 938 940
f 838 955 954
f 839 958 956
f 842 965 961
f 833 943 941
f 834 944 946
f 847 967 971
f 851 934 936
f 917 854 857
f 913 853 854
f 914 855 853
f 920 856 855
f 923 857 856
f 928 862 859
f 964 880 882
f 951 909 912
f 972 905 906
f 931 891 889
f 952 869 872
f 939 868 869
f 940 870 868
f 954 871 870
f 956 872 871
f 961 875 876
f 941 867 864
f 946 887 883
f 971 896 895
f 936 898 902
f 926 908 911
f 918 878 879
f 916 858 860
f 922 888 892
f 925 903 907
f 929 879 881
f 966 911 910
f 949 907 904
f 970 892 890
f 930 860 861
f 959 899 900
f 942 874 873
f 938 863 865
f 955 884 886
f 958 894 897
f 965 900 901
f 943 873 877
f 944 865 866
f 967 886 885
f 934 897 893
f 919 882 878
f 915 859 858
f 921 889 888
f 924 906 903
f 927 912 908
f 935 901 898
f 962 877 875
f 947 866 867
f 968 885 887
f 933 893 896
f 953 876 874
f 937 864 863
f 945 883 884
f 957 895 894
f 960 902 899
f 963 881 880
f 950 910 909
f 948 904 905
f 969 890 891
f 932 861 862
f 917 926 919
f 913 918 915
f 914 916 921
f 920 922 924
f 923 925 927
f 928 929 935
f 964 966 962
f 951 949 947
f 972 970 968
f 931 930 933
f 952 959 953
f 939 942 937
f 940 938 945
f 954 955 957
f 956 958 960
f 961 965 963
f 941 943 950
f 946 944 948
f 971 967 969
f 936 934 932
f 973 1019 1016
f 973 1016 1015
f 973 1015 1017
f 973 1017 1018
f 973 1018 1019
f 974 1021 1024
f 978 1044 1042
f 984 1074 1071
f 983 1068 1067
f 980 1051 1053
f 976 1034 1031
f 976 1031 1030
f 976 1030 1032
f 976 1032 1033
f 976 1033 1034
f 977 1038 1037
f 975 1026 1029
f 979 1045 1049
f 981 1057 1058
f 982 1064 1060
f 984 1073 1070
f 978 1041 1040
f 974 1022 1020
f 980 1054 1050
f 983 1069 1065
f 978 1043 1041
f 984 1072 1073
f 983 1066 1069
f 980 1052 1054
f 974 1023 1022
f 982 1062 1061
f 977 1035 1036
f 975 1027 1025
f 979 1048 1046
f 981 1059 1056
f 982 1063 1062
f 977 1039 1035
f 975 1028 1027
f 979 1047 1048
f 981 1055 1059
f 978 1040 1044
f 974 1020 1021
f 980 1050 1051
f 983 1065 1068
f 984 1070 1074
f 982 1060 1063
f 977 1037 1039
f 975 1029 1028
f 979 1049 1047
f 981 1058 1055
f 977 1036 1038
f 975 1025 1026
f 979 1046 1045
f 981 1056 1057
f 982 1061 1064
f 978 1042 1043
f 984 1071 1072
f 983 1067 1066
f 980 1053 1052
f 974 1024 1023
f 1007 1081 1088
f 990 1077 1080
f 991 1083 1078
f 1012 1086 1084
f 1014 1089 1087
f 1006 1097 1091
f 1005 1124 1128
f 997 1109 1111
f 1008 1130 1132
f 992 1095 1092
f 1004 1115 1121
f 995 1099 1104
f 996 1107 1100
f 1009 1119 1117
f 1013 1122 1120
f 1006 1125 1127
f 1005 1112 1105
f 997 1110 1106
f 1008 1131 1129
f 992 1094 1096
f 989 1079 1019
f 986 1075 1016
f 985 1076 1015
f 987 1082 1017
f 988 1085 1018
f 990 1090 1021
f 1007 1126 1044
f 1014 1113 1074
f 1012 1134 1068
f 991 1093 1051
f 1002 1114 1034
f 999 1101 1031
f 994 1102 1030
f 1000 1116 1032
f 1001 1118 1033
f 1004 1123 1038
f 995 1103 1026
f 996 1108 1045
f 1009 1133 1057
f 1013 1098 1064
f 1007 1088 1073
f 990 1080 1041
f 991 1078 1022
f 1012 1084 1054
f 1014 1087 1069
f 1006 1091 1043
f 1005 1128 1072
f 997 1111 1066
f 1008 1132 1052
f 992 1092 1023
f 1004 1121 1062
f 995 1104 1035
f 996 1100 1027
f 1009 1117 1048
f 1013 1120 1059
f 1006 1127 1063
f 1005 1105 1039
f 997 1106 1028
f 1008 1129 1047
f 992 1096 1055
f 986 1081 1040
f 985 1077 1020
f 987 1083 1050
f 988 1086 1065
f 989 1089 1070
f 993 1097 1060
f 1003 1124 1037
f 998 1109 1029
f 1010 1130 1049
f 1011 1095 1058
f 999 1115 1036
f 994 1099 1025
f 1000 1107 1046
f 1001 1119 1056
f 1002 1122 1061
f 1003 1125 1042
f 998 1112 1071
f 1010 1110 1067
f 1011 1131 1053
f 993 1094 1024
f 986 1079 1081
f 985 1075 1077
f 987 1076 1083
f 988 1082 1086
f 989 1085 1089
f 993 1090 1097
f 1003 1126 1124
f 998 1113 1109
f 1010 1134 1130
f 1011 1093 1095
f 999 1114 1115
f 994 1101 1099
f 1000 1102 1107
f 1001 1116 1119
f 1002 1118 1122
f 1003 1123 1125
f 998 1103 1112
f 1010 1108 1110
f 1011 1133 1131
f 993 1098 1094
f 986 1016 1079
f 985 1015 1075
f 987 1017 1076
f 988 1018 1082
f 989 1019 1085
f 993 1024 1090
f 1003 1042 1126
f 998 1071 1113
f 1010 1067 1134
f 1011 1053 1093
f 999 1031 1114
f 994 1030 1101
f 1000 1032 1102
f 1001 1033 1116
f 1002 1034 1118
f 1003 1037 1123
f 998 1029 1103
f 1010 1049 1108
f 1011 1058 1133
f 993 1060 1098
f 989 1070 1088
f 986 1040 1080
f 985 1020 1078
f 987 1050 1084
f 988 1065 1087
f 990 1041 1091
f 1007 1073 1128
f 1014 1069 1111
f 1012 1054 1132
f 991 1022 1092
f 1002 1061 1121
f 999 1036 1104
f 994 1025 1100
f 1000 1046 1117
f 1001 1056 1120
f 1004 1062 1127
f 995 1035 1105
f 996 1027 1106
f 1009 1048 1129
f 1013 1059 1096
f 1007 1044 1081
f 990 1021 1077
f 991 1051 1083
f 1012 1068 1086
f 1014 1074 1089
f 1006 1063 1097
f 1005 1039 1124
f 997 1028 1109
f 1008 1047 1130
f 992 1055 1095
f 1004 1038 1115
f 995 1026 1099
f 996 1045 1107
f 1009 1057 1119
f 1013 1064 1122
f 1006 1043 1125
f 1005 1072 1112
f 997 1066 1110
f 1008 1052 1131
f 992 1023 1094
f 989 1088 1079
f 986 1080 1075
f 985 1078 1076
f 987 1084 1082
f 988 1087 1085
f 990 1091 1090
f 1007 1128 1126
f 1014 1111 1113
f 1012 1132 1134
f 991 1092 1093
f 1002 1121 1114
f 999 1104 1101
f 994 1100 1102
f 1000 1117 1116
f 1001 1120 1118
f 1004 1127 1123
f 995 1105 1103
f 996 1106 1108
f 1009 1129 1133
f 1013 1096 1098
f 1079 1016 1019
f 1075 1015 1016
f 1076 1017 1015
f 1082 1018 1017
f 1085 1019 1018
f 1090 1024 1021
f 1126 1042 1044
f 1113 1071 1074
f 1134 1067 1068
f 1093 1053 1051
f 1114 1031 1034
f 1101 1030 1031
f 1102 1032 1030
f 1116 1033 1032
f 1118 1034 1033
f 1123 1037 1038
f 1103 1029 1026
f 1108 1049 1045
f 1133 1058 1057
f 1098 1060 1064
f 1088 1070 1073
f 1080 1040 1041
f 1078 1020 1022
f 1084 1050 1054
f 1087 1065 1069
f 1091 1041 1043
f 1128 1073 1072
f 1111 1069 1066
f 1132 1054 1052
f 1092 1022 1023
f 1121 1061 1062
f 1104 1036 1035
f 1100 1025 1027
f 1117 1046 1048
f 1120 1056 1059
f 1127 1062 1063
f 1105 1035 1039
f 1106 1027 1028
f 1129 1048 1047
f 1096 1059 1055
f 1081 1044 1040
f 1077 1021 1020
f 1083 1051 1050
f 1086 1068 1065
f 1089 1074 1070
f 1097 1063 1060
f 1124 1039 1037
f 1109 1028 1029
f 1130 1047 1049
f 1095 1055 1058
f 1115 1038 1036
f 1099 1026 1025
f 1107 1045 1046
f 1119 1057 1056
f 1122 1064 1061
f 1125 1043 1042
f 1112 1072 1071
f 1110 1066 1067
f 1131 1052 1053
f 1094 1023 1024
f 1079 1088 1081
f 1075 1080 1077
f 1076 1078 1083
f 1082 1084 1086
f 1085 1087 1089
f 1090 1091 1097
f 1126 1128 1124
f 1113 1111 1109
f 1134 1132 1130
f 1093 1092 1095
f 1114 1121 1115
f 1101 1104 1099
f 1102 1100 1107
f 1116 1117 1119
f 1118 1120 1122
f 1123 1127 1125
f 1103 1105 1112
f 1108 1106 1110
f 1133 1129 1131
f 1098 1096 1094
f 1135 1181 1178
f 1135 1178 1177
f 1135 1177 1179
f 1135 1179 1180
f 1135 1180 1181
f 1136 1183 1186
f 1140 1206 1204
f 1146 1236 1233
f 1145 1230 1229
f 1142 1213 1215
f 1138 1196 1193
f 1138 1193 1192
f 1138 1192 1194
f 1138 1194 1195
f 1138 1195 1196
f 1139 1200 1199
f 1137 1188 1191
f 1141 1207 1211
f 1143 1219 1220
f 1144 1226 1222
f 1146 1235 1232
f 1140 1203 1202
f 1136 1184 1182
f 1142 1216 1212
f 1145 1231 1227
f 1140 1205 1203
f 1146 1234 1235
f 1145 1228 1231
f 1142 1214 1216
f 1136 1185 1184
f 1144 1224 1223
f 1139 1197 1198
f 1137 1189 1187
f 1141 1210 1208
f 1143 1221 1218
f 1144 1225 1224
f 1139 1201 1197
f 1137 1190 1189
f 1141 1209 1210
f 1143 1217 1221
f 1140 1202 1206
f 1136 1182 1183
f 1142 1212 1213
f 1145 1227 1230
f 1146 1232 1236
f 1144 1222 1225
f 1139 1199 1201
f 1137 1191 1190
f 1141 1211 1209
f 1143 1220 1217
f 1139 1198 1200
f 1137 1187 1188
f 1141 1208 1207
f 1143 1218 1219
f 1144 1223 1226
f 1140 1204 1205
f 1146 1233 1234
f 1145 1229 1228
f 1142 1215 1214
f 1136 1186 1185
f 1169 1243 1250
f 1152 1239 1242
f 1153 1245 1240
f 1174 1248 1246
f 1176 1251 1249
f 1168 1259 1253
f 1167 1286 1290
f 1159 1271 1273
f 1170 1292 1294
f 1154 1257 1254
f 1166 1277 1283
f 1157 1261 1266
f 1158 1269 1262
f 1171 1281 1279
f 1175 1284 1282
f 1168 1287 1289
f 1167 1274 1267
f 1159 1272 1268
f 1170 1293 1291
f 1154 1256 1258
f 1151 1241 1181
f 1148 1237 1178
f 1147 1238 1177
f 1149 1244 1179
f 1150 1247 1180
f 1152 1252 1183
f 1169 1288 1206
f 1176 1275 1236
f 1174 1296 1230
f 1153 1255 1213
f 1164 1276 1196
f 1161 1263 1193
f 1156 1264 1192
f 1162 1278 1194
f 1163 1280 1195
f 1166 1285 1200
f 1157 1265 1188
f 1158 1270 1207
f 1171 1295 1219
f 1175 1260 1226
f 1169 1250 1235
f 1152 1242 1203
f 1153 1240 1184
f 1174 1246 1216
f 1176 1249 1231
f 1168 1253 1205
f 1167 1290 1234
f 1159 1273 1228
f 1170 1294 1214
f 1154 1254 1185
f 1166 1283 1224
f 1157 1266 1197
f 1158 1262 1189
f 1171 1279 1210
f 1175 1282 1221
f 1168 1289 1225
f 1167 1267 1201
f 1159 1268 1190
f 1170 1291 1209
f 1154 1258 1217
f 1148 1243 1202
f 1147 1239 1182
f 1149 1245 1212
f 1150 1248 1227
f 1151 1251 1232
f 1155 1259 1222
f 1165 1286 1199
f 1160 1271 1191
f 1172 1292 1211
f 1173 1257 1220
f 1161 1277 1198
f 1156 1261 1187
f 1162 1269 1208
f 1163 1281 1218
f 1164 1284 1223
f 1165 1287 1204
f 1160 1274 1233
f 1172 1272 1229
f 1173 1293 1215
f 1155 1256 1186
f 1148 1241 1243
f 1147 1237 1239
f 1149 1238 1245
f 1150 1244 1248
f 1151 1247 1251
f 1155 1252 1259
f 1165 1288 1286
f 1160 1275 1271
f 1172 1296 1292
f 1173 1255 1257
f 1161 1276 1277
f 1156 1263 1261
f 1162 1264 1269
f 1163 1278 1281
f 1164 1280 1284
f 1165 1285 1287
f 1160 1265 1274
f 1172 1270 1272
f 1173 1295 1293
f 1155 1260 1256
f 1148 1178 1241
f 1147 1177 1237
f 1149 1179 1238
f 1150 1180 1244
f 1151 1181 1247
f 1155 1186 1252
f 1165 1204 1288
f 1160 1233 1275
f 1172 1229 1296
f 1173 1215 1255
f 1161 1193 1276
f 1156 1192 1263
f 1162 1194 1264
f 1163 1195 1278
f 1164 1196 1280
f 1165 1199 1285
f 1160 1191 1265
f 1172 1211 1270
f 1173 1220 1295
f 1155 1222 1260
f 1151 1232 1250
f 1148 1202 1242
f 1147 1182 1240
f 1149 1212 1246
f 1150 1227 1249
f 1152 1203 1253
f 1169 1235 1290
f 1176 1231 1273
f 1174 1216 1294
f 1153 1184 1254
f 1164 1223 1283
f 1161 1198 1266
f 1156 1187 1262
f 1162 1208 1279
f 1163 1218 1282
f 1166 1224 1289
f 1157 1197 1267
f 1158 1189 1268
f 1171 1210 1291
f 1175 1221 1258
f 1169 1206 1243
f 1152 1183 1239
f 1153 1213 1245
f 1174 1230 1248
f 1176 1236 1251
f 1168 1225 1259
f 1167 1201 1286
f 1159 1190 1271
f 1170 1209 1292
f 1154 1217 1257
f 1166 1200 1277
f 1157 1188 1261
f 1158 1207 1269
f 1171 1219 1281
f 1175 1226 1284
f 1168 1205 1287
f 1167 1234 1274
f 1159 1228 1272
f 1170 1214 1293
f 1154 1185 1256
f 1151 1250 1241
f 1148 1242 1237
f 1147 1240 1238
f 1149 1246 1244
f 1150 1249 1247
f 1152 1253 1252
f 1169 1290 1288
f 1176 1273 1275
f 1174 1294 1296
f 1153 1254 1255
f 1164 1283 1276
f 1161 1266 1263
f 1156 1262 1264
f 1162 1279 1278
f 1163 1282 1280
f 1166 1289 1285
f 1157 1267 1265
f 1158 1268 1270
f 1171 1291 1295
f 1175 1258 1260
f 1241 1178 1181
f 1237 1177 1178
f 1238 1179 1177
f 1244 1180 1179
f 1247 1181 1180
f 1252 1186 1183
f 1288 1204 1206
f 1275 1233 1236
f 1296 1229 1230
f 1255 1215 1213
f 1276 1193 1196
f 1263 1192 1193
f 1264 1194 1192
f 1278 1195 1194
f 1280 1196 1195
f 1285 1199 1200
f 1265 1191 1188
f 1270 1211 1207
f 1295 1220 1219
f 1260 1222 1226
f 1250 1232 1235
f 1242 1202 1203
f 1240 1182 1184
f 1246 1212 1216
f 1249 1227 1231
f 1253 1203 1205
f 1290 1235 1234
f 1273 1231 1228
f 1294 1216 1214
f 1254 1184 1185
f 1283 1223 1224
f 1266 1198 1197
f 1262 1187 1189
f 1279 1208 1210
f 1282 1218 1221
f 1289 1224 1225
f 1267 1197 1201
f 1268 1189 1190
f 1291 1210 1209
f 1258 1221 1217
f 1243 1206 1202
f 1239 1183 1182
f 1245 1213 1212
f 1248 1230 1227
f 1251 1236 1232
f 1259 1225 1222
f 1286 1201 1199
f 1271 1190 1191
f 1292 1209 1211
f 1257 1217 1220
f 1277 1200 1198
f 1261 1188 1187
f 1269 1207 1208
f 1281 1219 1218
f 1284 1226 1223
f 1287 1205 1204
f 1274 1234 1233
f 1272 1228 1229
f 1293 1214 1215
f 1256 1185 1186
f 1241 1250 1243
f 1237 1242 1239
f 1238 1240 1245
f 1244 1246 1248
f 1247 1249 1251
f 1252 1253 1259
f 1288 1290 1286
f 1275 1273 1271
f 1296 1294 1292
f 1255 1254 1257
f 1276 1283 1277
f 1263 1266 1261
f 1264 1262 1269
f 1278 1279 1281
f 1280 1282 1284
f 1285 1289 1287
f 1265 1267 1274
f 1270 1268 1272
f 1295 1291 1293
f 1260 1258 1256
f 1297 1343 1340
f 1297 1340 1339
f 1297 1339 1341
f 1297 1341 1342
f 1297 1342 1343
f 1298 1345 1348
f 1302 1368 1366
f 1308 1398 1395
f 1307 1392 1391
f 1304 1375 1377
f 1300 1358 1355
f 1300 1355 1354
f 1300 1354 1356
f 1300 1356 1357
f 1300 1357 1358
f 1301 1362 1361
f 1299 1350 1353
f 1303 1369 1373
f 1305 1381 1382
f 1306 1388 1384
f 1308 1397 1394
f 1302 1365 1364
f 1298 1346 1344
f 1304 1378 1374
f 1307 1393 1389
f 1302 1367 1365
f 1308 1396 1397
f 1307 1390 1393
f 1304 1376 1378
f 1298 1347 1346
f 1306 1386 1385
f 1301 1359 1360
f 1299 1351 1349
f 1303 1372 1370
f 1305 1383 1380
f 1306 1387 1386
f 1301 1363 1359
f 1299 1352 1351
f 1303 1371 1372
f 1305 1379 1383
f 1302 1364 1368
f 1298 1344 1345
f 1304 1374 1375
f 1307 1389 1392
f 1308 1394 1398
f 1306 1384 1387
f 1301 1361 1363
f 1299 1353 1352
f 1303 1373 1371
f 1305 1382 1379
f 1301 1360 1362
f 1299 1349 1350
f 1303 1370 1369
f 1305 1380 1381
f 1306 1385 1388
f 1302 1366 1367
f 1308 1395 1396
f 1307 1391 1390
f 1304 1377 1376
f 1298 1348 1347
f 1331 1405 1412
f 1314 1401 1404
f 1315 1407 1402
f 1336 1410 1408
f 1338 1413 1411
f 1330 1421 1415
f 1329 1448 1452
f 1321 1433 1435
f 1332 1454 1456
f 1316 1419 1416
f 1328 1439 1445
f 1319 1423 1428
f 1320 1431 1424
f 1333 1443 1441
f 1337 1446 1444
f 1330 1449 1451
f 1329 1436 1429
f 1321 1434 1430
f 1332 1455 1453
f 1316 1418 1420
f 1313 1403 1343
f 1310 1399 1340
f 1309 1400 1339
f 1311 1406 1341
f 1312 1409 1342
f 1314 1414 1345
f 1331 1450 1368
f 1338 1437 1398
f 1336 1458 1392
f 1315 1417 1375
f 1326 1438 1358
f 1323 1425 1355
f 1318 1426 1354
f 1324 1440 1356
f 1325 1442 1357
f 1328 1447 1362
f 1319 1427 1350
f 1320 1432 1369
f 1333 1457 1381
f 1337 1422 1388
f 1331 1412 1397
f 1314 1404 1365
f 1315 1402 1346
f 1336 1408 1378
f 1338 1411 1393
f 1330 1415 1367
f 1329 1452 1396
f 1321 1435 1390
f 1332 1456 1376
f 1316 1416 1347
f 1328 1445 1386
f 1319 1428 1359
f 1320 1424 1351
f 1333 1441 1372
f 1337 1444 1383
f 1330 1451 1387
f 1329 1429 1363
f 1321 1430 1352
f 1332 1453 1371
f 1316 1420 1379
f 1310 1405 1364
f 1309 1401 1344
f 1311 1407 1374
f 1312 1410 1389
f 1313 1413 1394
f 1317 1421 1384
f 1327 1448 1361
f 1322 1433 1353
f 1334 1454 1373
f 1335 1419 1382
f 1323 1439 1360
f 1318 1423 1349
f 1324 1431 1370
f 1325 1443 1380
f 1326 1446 1385
f 1327 1449 1366
f 1322 1436 1395
f 1334 1434 1391
f 1335 1455 1377
f 1317 1418 1348
f 1310 1403 1405
f 1309 1399 1401
f 1311 1400 1407
f 1312 1406 1410
f 1313 1409 1413
f 1317 1414 1421
f 1327 1450 1448
f 1322 1437 1433
f 1334 1458 1454
f 1335 1417 1419
f 1323 1438 1439
f 1318 1425 1423
f 1324 1426 1431
f 1325 1440 1443
f 1326 1442 1446
f 1327 1447 1449
f 1322 1427 1436
f 1334 1432 1434
f 1335 1457 1455
f 1317 1422 1418
f 1310 1340 1403
f 1309 1339 1399
f 1311 1341 1400
f 1312 1342 1406
f 1313 1343 1409
f 1317 1348 1414
f 1327 1366 1450
f 1322 1395 1437
f 1334 1391 1458
f 1335 1377 1417
f 1323 1355 1438
f 1318 1354 1425
f 1324 1356 1426
f 1325 1357 1440
f 1326 1358 1442
f 1327 1361 1447
f 1322 1353 1427
f 1334 1373 1432
f 1335 1382 1457
f 1317 1384 1422
f 1313 1394 1412
f 1310 1364 1404
f 1309 1344 1402
f 1311 1374 1408
f 1312 1389 1411
f 1314 1365 1415
f 1331 1397 1452
f 1338 1393 1435
f 1336 1378 1456
f 1315 1346 1416
f 1326 1385 1445
f 1323 1360 1428
f 1318 1349 1424
f 1324 1370 1441
f 1325 1380 1444
f 1328 1386 1451
f 1319 1359 1429
f 1320 1351 1430
f 1333 1372 1453
f 1337 1383 1420
f 1331 1368 1405
f 1314 1345 1401
f 1315 1375 1407
f 1336 1392 1410
f 1338 1398 1413
f 1330 1387 1421
f 1329 1363 1448
f 1321 1352 1433
f 1332 1371 1454
f 1316 1379 1419
f 1328 1362 1439
f 1319 1350 1423
f 1320 1369 1431
f 1333 1381 1443
f 1337 1388 1446
f 1330 1367 1449
f 1329 1396 1436
f 1321 1390 1434
f 1332 1376 1455
f 1316 1347 1418
f 1313 1412 1403
f 1310 1404 1399
f 1309 1402 1400
f 1311 1408 1406
f 1312 1411 1409
f 1314 1415 1414
f 1331 1452 1450
f 1338 1435 1437
f 1336 1456 1458
f 1315 1416 1417
f 1326 1445 1438
f 1323 1428 1425
f 1318 1424 1426
f 1324 1441 1440
f 1325 1444 1442
f 1328 1451 1447
f 1319 1429 1427
f 1320 1430 1432
f 1333 1453 1457
f 1337 1420 1422
f 1403 1340 1343
f 1399 1339 1340
f 1400 1341 1339
f 1406 1342 1341
f 1409 1343 1342
f 1414 1348 1345
f 1450 1366 1368
f 1437 1395 1398
f 1458 1391 1392
f 1417 1377 1375
f 1438 1355 1358
f 1425 1354 1355
f 1426 1356 1354
f 1440 1357 1356
f 1442 1358 1357
f 1447 1361 1362
f 1427 1353 1350
f 1432 1373 1369
f 1457 1382 1381
f 1422 1384 1388
f 1412 1394 1397
f 1404 1364 1365
f 1402 1344 1346
f 1408 1374 1378
f 1411 1389 1393
f 1415 1365 1367
f 1452 1397 1396
f 1435 1393 1390
f 1456 1378 1376
f 1416 1346 1347
f 1445 1385 1386
f 1428 1360 1359
f 1424 1349 1351
f 1441 1370 1372
f 1444 1380 1383
f 1451 1386 1387
f 1429 1359 1363
f 1430 1351 1352
f 1453 1372 1371
f 1420 1383 1379
f 1405 1368 1364
f 1401 1345 1344
f 1407 1375 1374
f 1410 1392 1389
f 1413 1398 1394
f 1421 1387 1384
f 1448 1363 1361
f 1433 1352 1353
f 1454 1371 1373
f 1419 1379 1382
f 1439 1362 1360
f 1423 1350 1349
f 1431 1369 1370
f 1443 1381 1380
f 1446 1388 1385
f 1449 1367 1366
f 1436 1396 1395
f 1434 1390 1391
f 1455 1376 1377
f 1418 1347 1348
f 1403 1412 1405
f 1399 1404 1401
f 1400 1402 1407
f 1406 1408 1410
f 1409 1411 1413
f 1414 1415 1421
f 1450 1452 1448
f 1437 1435 1433
f 1458 1456 1454
f 1417 1416 1419
f 1438 1445 1439
f 1425 1428 1423
f 1426 1424 1431
f 1440 1441 1443
f 1442 1444 1446
f 1447 1451 1449
f 1427 1429 1436
f 1432 1430 1434
f 1457 1453 1455
f 1422 1420 1418
f 1459 1505 1502
f 1459 1502 1501
f 1459 1501 1503
f 1459 1503 1504
f 1459 1504 1505
f 1460 1507 1510
f 1464 1530 1528
f 1470 1560 1557
f 1469 1554 1553
f 1466 1537 1539
f 1462 1520 1517
f 1462 1517 1516
f 1462 1516 1518
f 1462 1518 1519
f 1462 1519 1520
f 1463 1524 1523
f 1461 1512 1515
f 1465 1531 1535
f 1467 1543 1544
f 1468 1550 1546
f 1470 1559 1556
f 1464 1527 1526
f 1460 1508 1506
f 1466 1540 1536
f 1469 1555 1551
f 1464 1529 1527
f 1470 1558 1559
f 1469 1552 1555
f 1466 1538 1540
f 1460 1509 1508
f 1468 1548 1547
f 1463 1521 1522
f 1461 1513 1511
f 1465 1534 1532
f 1467 1545 1542
f 1468 1549 1548
f 1463 1525 1521
f 1461 1514 1513
f 1465 1533 1534
f 1467 1541 1545
f 1464 1526 1530
f 1460 1506 1507
f 1466 1536 1537
f 1469 1551 1554
f 1470 1556 1560
f 1468 1546 1549
f 1463 1523 1525
f 1461 1515 1514
f 1465 1535 1533
f 1467 1544 1541
f 1463 1522 1524
f 1461 1511 1512
f 1465 1532 1531
f 1467 1542 1543
f 1468 1547 1550
f 1464 1528 1529
f 1470 1557 1558
f 1469 1553 1552
f 1466 1539 1538
f 1460 1510 1509
f 1493 1567 1574
f 1476 1563 1566
f 1477 1569 1564
f 1498 1572 1570
f 1500 1575 1573
f 1492 1583 1577
f 1491 1610 1614
f 1483 1595 1597
f 1494 1616 1618
f 1478 1581 1578
f 1490 1601 1607
f 1481 1585 1590
f 1482 1593 1586
f 1495 1605 1603
f 1499 1608 1606
f 1492 1611 1613
f 1491 1598 1591
f 1483 1596 1592
f 1494 1617 1615
f 1478 1580 1582
f 1475 1565 1505
f 1472 1561 1502
f 1471 1562 1501
f 1473 1568 1503
f 1474 1571 1504
f 1476 1576 1507
f 1493 1612 1530
f 1500 1599 1560
f 1498 1620 1554
f 1477 1579 1537
f 1488 1600 1520
f 1485 1587 1517
f 1480 1588 1516
f 1486 1602 1518
f 1487 1604 1519
f 1490 1609 1524
f 1481 1589 1512
f 1482 1594 1531
f 1495 1619 1543
f 1499 1584 1550
f 1493 1574 1559
f 1476 1566 1527
f 1477 1564 1508
f 1498 1570 1540
f 1500 1573 1555
f 1492 1577 1529
f 1491 1614 1558
f 1483 1597 1552
f 1494 1618 1538
f 1478 1578 1509
f 1490 1607 1548
f 1481 1590 1521
f 1482 1586 1513
f 1495 1603 1534
f 1499 1606 1545
f 1492 1613 1549
f 1491 1591 1525
f 1483 1592 1514
f 1494 1615 1533
f 1478 1582 1541
f 1472 1567 1526
f 1471 1563 1506
f 1473 1569 1536
f 1474 1572 1551
f 1475 1575 1556
f 1479 1583 1546
f 1489 1610 1523
f 1484 1595 1515
f 1496 1616 1535
f 1497 1581 1544
f 1485 1601 1522
f 1480 1585 1511
f 1486 1593 1532
f 1487 1605 1542
f 1488 1608 1547
f 1489 1611 1528
f 1484 1598 1557
f 1496 1596 1553
f 1497 1617 1539
f 1479 1580 1510
f 1472 1565 1567
f 1471 1561 1563
f 1473 1562 1569
f 1474 1568 1572
f 1475 1571 1575
f 1479 1576 1583
f 1489 1612 1610
f 1484 1599 1595
f 1496 1620 1616
f 1497 1579 1581
f 1485 1600 1601
f 1480 1587 1585
f 1486 1588 1593
f 1487 1602 1605
f 1488 1604 1608
f 1489 1609 1611
f 1484 1589 1598
f 1496 1594 1596
f 1497 1619 1617
f 1479 1584 1580
f 1472 1502 1565
f 1471 1501 1561
f 1473 1503 1562
f 1474 1504 1568
f 1475 1505 1571
f 1479 1510 1576
f 1489 1528 1612
f 1484 1557 1599
f 1496 1553 1620
f 1497 1539 1579
f 1485 1517 1600
f 1480 1516 1587
f 1486 1518 1588
f 1487 1519 1602
f 1488 1520 1604
f 1489 1523 1609
f 1484 1515 1589
f 1496 1535 1594
f 1497 1544 1619
f 1479 1546 1584
f 1475 1556 1574
f 1472 1526 1566
f 1471 1506 1564
f 1473 1536 1570
f 1474 1551 1573
f 1476 1527 1577
f 1493 1559 1614
f 1500 1555 1597
f 1498 1540 1618
f 1477 1508 1578
f 1488 1547 1607
f 1485 1522 1590
f 1480 1511 1586
f 1486 1532 1603
f 1487 1542 1606
f 1490 1548 1613
f 1481 1521 1591
f 1482 1513 1592
f 1495 1534 1615
f 1499 1545 1582
f 1493 1530 1567
f 1476 1507 1563
f 1477 1537 1569
f 1498 1554 1572
f 1500 1560 1575
f 1492 1549 1583
f 1491 1525 1610
f 1483 1514 1595
f 1494 1533 1616
f 1478 1541 1581
f 1490 1524 1601
f 1481 1512 1585
f 1482 1531 1593
f 1495 1543 1605
f 1499 1550 1608
f 1492 1529 1611
f 1491 1558 1598
f 1483 1552 1596
f 1494 1538 1617
f 1478 1509 1580
f 1475 1574 1565
f 1472 1566 1561
f 1471 1564 1562
f 1473 1570 1568
f 1474 1573 1571
f 1476 1577 1576
f 1493 1614 1612
f 1500 1597 1599
f 1498 1618 1620
f 1477 1578 1579
f 1488 1607 1600
f 1485 1590 1587
f 1480 1586 1588
f 1486 1603 1602
f 1487 1606 1604
f 1490 1613 1609
f 1481 1591 1589
f 1482 1592 1594
f 1495 1615 1619
f 1499 1582 1584
f 1565 1502 1505
f 1561 1501 1502
f 1562 1503 1501
f 1568 1504 1503
f 1571 1505 1504
f 1576 1510 1507
f 1612 1528 1530
f 1599 1557 1560
f 1620 1553 1554
f 1579 1539 1537
f 1600 1517 1520
f 1587 1516 1517
f 1588 1518 1516
f 1602 1519 1518
f 1604 1520 1519
f 1609 1523 1524
f 1589 1515 1512
f 1594 1535 1531
f 1619 1544 1543
f 1584 1546 1550
f 1574 1556 1559
f 1566 1526 1527
f 1564 1506 1508
f 1570 1536 1540
f 1573 1551 1555
f 1577 1527 1529
f 1614 1559 1558
f 1597 1555 1552
f 1618 1540 1538
f 1578 1508 1509
f 1607 1547 1548
f 1590 1522 1521
f 1586 1511 1513
f 1603 1532 1534
f 1606 1542 1545
f 1613 1548 1549
f 1591 1521 1525
f 1592 1513 1514
f 1615 1534 1533
f 1582 1545 1541
f 1567 1530 1526
f 1563 1507 1506
f 1569 1537 1536
f 1572 1554 1551
f 1575 1560 1556
f 1583 1549 1546
f 1610 1525 1523
f 1595 1514 1515
f 1616 1533 1535
f 1581 1541 1544
f 1601 1524 1522
f 1585 1512 1511
f 1593 1531 1532
f 1605 1543 1542
f 1608 1550 1547
f 1611 1529 1528
f 1598 1558 1557
f 1596 1552 1553
f 1617 1538 1539
f 1580 1509 1510
f 1565 1574 1567
f 1561 1566 1563
f 1562 1564 1569
f 1568 1570 1572
f 1571 1573 1575
f 1576 1577 1583
f 1612 1614 1610
f 1599 1597 1595
f 1620 1618 1616
f 1579 1578 1581
f 1600 1607 1601
f 1587 1590 1585
f 1588 1586 1593
f 1602 1603 1605
f 1604 1606 1608
f 1609 1613 1611
f 1589 1591 1598
f 1594 1592 1596
f 1619 1615 1617
f 1584 1582 1580
f 1621 1667 1664
f 1621 1664 1663
f 1621 1663 1665
f 1621 1665 1666
f 1621 1666 1667
f 1622 1669 1672
f 1626 1692 1690
f 1632 1722 1719
f 1631 1716 1715
f 1628 1699 1701
f 1624 1682 1679
f 1624 1679 1678
f 1624 1678 1680
f 1624 1680 1681
f 1624 1681 1682
f 1625 1686 1685
f 1623 1674 1677
f 1627 1693 1697
f 1629 1705 1706
f 1630 1712 1708
f 1632 1721 1718
f 1626 1689 1688
f 1622 1670 1668
f 1628 1702 1698
f 1631 1717 1713
f 1626 1691 1689
f 1632 1720 1721
f 1631 1714 1717
f 1628 1700 1702
f 1622 1671 1670
f 1630 1710 1709
f 1625 1683 1684
f 1623 1675 1673
f 1627 1696 1694
f 1629 1707 1704
f 1630 1711 1710
f 1625 1687 1683
f 1623 1676 1675
f 1627 1695 1696
f 1629 1703 1707
f 1626 1688 1692
f 1622 1668 1669
f 1628 1698 1699
f 1631 1713 1716
f 1632 1718 1722
f 1630 1708 1711
f 1625 1685 1687
f 1623 1677 1676
f 1627 1697 1695
f 1629 1706 1703
f 1625 1684 1686
f 1623 1673 1674
f 1627 1694 1693
f 1629 1704 1705
f 1630 1709 1712
f 1626 1690 1691
f 1632 1719 1720
f 1631 1715 1714
f 1628 1701 1700
f 1622 1672 1671
f 1655 1729 1736
f 1638 1725 1728
f 1639 1731 1726
f 1660 1734 1732
f 1662 1737 1735
f 1654 1745 1739
f 1653 1772 1776
f 1645 1757 1759
f 1656 1778 1780
f 1640 1743 1740
f 1652 1763 1769
f 1643 1747 1752
f 1644 1755 1748
f 1657 1767 1765
f 1661 1770 1768
f 1654 1773 1775
f 1653 1760 1753
f 1645 1758 1754
f 1656 1779 1777
f 1640 1742 1744
f 1637 1727 1667
f 1634 1723 1664
f 1633 1724 1663
f 1635 1730 1665
f 1636 1733 1666
f 1638 1738 1669
f 1655 1774 1692
f 1662 1761 1722
f 1660 1782 1716
f 1639 1741 1699
f 1650 1762 1682
f 1647 1749 1679
f 1642 1750 1678
f 1648 1764 1680
f 1649 1766 1681
f 1652 1771 1686
f 1643 1751 1674
f 1644 1756 1693
f 1657 1781 1705
f 1661 1746 1712
f 1655 1736 1721
f 1638 1728 1689
f 1639 1726 1670
f 1660 1732 1702
f 1662 1735 1717
f 1654 1739 1691
f 1653 1776 1720
f 1645 1759 1714
f 1656 1780 1700
f 1640 1740 1671
f 1652 1769 1710
f 1643 1752 1683
f 1644 1748 1675
f 1657 1765 1696
f 1661 1768 1707
f 1654 1775 1711
f 1653 1753 1687
f 1645 1754 1676
f 1656 1777 1695
f 1640 1744 1703
f 1634 1729 1688
f 1633 1725 1668
f 1635 1731 1698
f 1636 1734 1713
f 1637 1737 1718
f 1641 1745 1708
f 1651 1772 1685
f 1646 1757 1677
f 1658 1778 1697
f 1659 1743 1706
f 1647 1763 1684
f 1642 1747 1673
f 1648 1755 1694
f 1649 1767 1704
f 1650 1770 1709
f 1651 1773 1690
f 1646 1760 1719
f 1658 1758 1715
f 1659 1779 1701
f 1641 1742 1672
f 1634 1727 1729
f 1633 1723 1725
f 1635 1724 1731
f 1636 1730 1734
f 1637 1733 1737
f 1641 1738 1745
f 1651 1774 1772
f 1646 1761 1757
f 1658 1782 1778
f 1659 1741 1743
f 1647 1762 1763
f 1642 1749 1747
f 1648 1750 1755
f 1649 1764 1767
f 1650 1766 1770
f 1651 1771 1773
f 1646 1751 1760
f 1658 1756 1758
f 1659 1781 1779
f 1641 1746 1742
f 1634 1664 1727
f 1633 1663 1723
f 1635 1665 1724
f 1636 1666 1730
f 1637 1667 1733
f 1641 1672 1738
f 1651 1690 1774
f 1646 1719 1761
f 1658 1715 1782
f 1659 1701 1741
f 1647 1679 1762
f 1642 1678 1749
f 1648 1680 1750
f 1649 1681 1764
f 1650 1682 1766
f 1651 1685 1771
f 1646 1677 1751
f 1658 1697 1756
f 1659 1706 1781
f 1641 1708 1746
f 1637 1718 1736
f 1634 1688 1728
f 1633 1668 1726
f 1635 1698 1732
f 1636 1713 1735
f 1638 1689 1739
f 1655 1721 1776
f 1662 1717 1759
f 1660 1702 1780
f 1639 1670 1740
f 1650 1709 1769
f 1647 1684 1752
f 1642 1673 1748
f 1648 1694 1765
f 1649 1704 1768
f 1652 1710 1775
f 1643 1683 1753
f 1644 1675 1754
f 1657 1696 1777
f 1661 1707 1744
f 1655 1692 1729
f 1638 1669 1725
f 1639 1699 1731
f 1660 1716 1734
f 1662 1722 1737
f 1654 1711 1745
f 1653 1687 1772
f 1645 1676 1757
f 1656 1695 1778
f 1640 1703 1743
f 1652 1686 1763
f 1643 1674 1747
f 1644 1693 1755
f 1657 1705 1767
f 1661 1712 1770
f 1654 1691 1773
f 1653 1720 1760
f 1645 1714 1758
f 1656 1700 1779
f 1640 1671 1742
f 1637 1736 1727
f 1634 1728 1723
f 1633 1726 1724
f 1635 1732 1730
f 1636 1735 1733
f 1638 1739 1738
f 1655 1776 1774
f 1662 1759 1761
f 1660 1780 1782
f 1639 1740 1741
f 1650 1769 1762
f 1647 1752 1749
f 1642 1748 1750
f 1648 1765 1764
f 1649 1768 1766
f 1652 1775 1771
f 1643 1753 1751
f 1644 1754 1756
f 1657 1777 1781
f 1661 1744 1746
f 1727 1664 1667
f 1723 1663 1664
f 1724 1665 1663
f 1730 1666 1665
f 1733 1667 1666
f 1738 1672 1669
f 1774 1690 1692
f 1761 1719 1722
f 1782 1715 1716
f 1741 1701 1699
f 1762 1679 1682
f 1749 1678 1679
f 1750 1680 1678
f 1764 1681 1680
f 1766 1682 1681
f 1771 1685 1686
f 1751 1677 1674
f 1756 1697 1693
f 1781 1706 1705
f 1746 1708 1712
f 1736 1718 1721
f 1728 1688 1689
f 1726 1668 1670
f 1732 1698 1702
f 1735 1713 1717
f 1739 1689 1691
f 1776 1721 1720
f 1759 1717 1714
f 1780 1702 1700
f 1740 1670 1671
f 1769 1709 1710
f 1752 1684 1683
f 1748 1673 1675
f 1765 1694 1696
f 1768 1704 1707
f 1775 1710 1711
f 1753 1683 1687
f 1754 1675 1676
f 1777 1696 1695
f 1744 1707 1703
f 1729 1692 1688
f 1725 1669 1668
f 1731 1699 1698
f 1734 1716 1713
f 1737 1722 1718
f 1745 1711 1708
f 1772 1687 1685
f 1757 1676 1677
f 1778 1695 1697
f 1743 1703 1706
f 1763 1686 1684
f 1747 1674 1673
f 1755 1693 1694
f 1767 1705 1704
f 1770 1712 1709
f 1773 1691 1690
f 1760 1720 1719
f 1758 1714 1715
f 1779 1700 1701
f 1742 1671 1672
f 1727 1736 1729
f 1723 1728 1725
f 1724 1726 1731
f 1730 1732 1734
f 1733 1735 1737
f 1738 1739 1745
f 1774 1776 1772
f 1761 1759 1757
f 1782 1780 1778
f 1741 1740 1743
f 1762 1769 1763
f 1749 1752 1747
f 1750 1748 1755
f 1764 1765 1767
f 1766 1768 1770
f 1771 1775 1773
f 1751 1753 1760
f 1756 1754 1758
f 1781 1777 1779
f 1746 1744 1742

