# https://github.com/mikedh/trimesh
v -0.53060913 3.06971240 0.08799946
v 0.83380991 2.90358686 0.13306618
v -0.62749690 2.26798320 0.06598544
v 0.73692214 2.10185766 0.11105216
v 0.05616097 2.20322394 0.11213887
v 0.14849581 2.96727753 0.13311851
v -0.08335321 2.22129130 0.06816173
v 0.00898162 2.98534536 0.08914125
v 0.81955421 2.49898005 0.10787451
v 0.81821090 2.49811339 0.14534914
v -0.61214453 2.67329741 0.06058574
v -0.61348778 2.67243075 0.09806037
v 0.15239848 2.99319053 0.11048365
v -0.49633816 3.06289506 0.11119592
v -0.49500155 3.06375742 0.07390833
v -0.56265646 3.05295777 0.07211113
v -0.56393033 3.05213594 0.10764647
v 0.79747039 2.90536666 0.15393031
v 0.79880702 2.90622902 0.11664271
v 0.86187053 2.87951350 0.11916316
v 0.86059666 2.87869191 0.15469849
v 0.05393098 2.17839026 0.08811069
v -0.59274071 2.26518178 0.08929217
v -0.59140408 2.26604414 0.05200458
v -0.65453029 2.29271889 0.05123639
v -0.65580416 2.29189730 0.08677173
v 0.70106781 2.10765338 0.13202655
v 0.70240444 2.10851574 0.09473896
v 0.76999670 2.11927485 0.09828842
v 0.76872289 2.11845303 0.13382375
v 0.10231691 2.58524323 0.12294924
v 0.73735702 2.14034843 0.13500404
v -0.62024939 2.30564451 0.09016252
v 0.82491326 2.86486125 0.15489793
v -0.53269309 3.03015757 0.11005628
v -0.03947186 2.60360551 0.07825506
v 0.73875952 2.14125323 0.09587860
v -0.61884689 2.30654955 0.05103695
v 0.82631582 2.86576629 0.11577237
v -0.53129065 3.03106236 0.07093072
v 0.83068502 2.49721074 0.12332714
v -0.62435555 2.67437005 0.07526720
v -0.48680657 3.06940436 0.08978093
v -0.51831722 3.06821156 0.10934794
v -0.51706523 3.06901932 0.07442224
v -0.55024767 3.06473112 0.07395577
v -0.55144078 3.06396151 0.10724020
v 0.79119027 2.91380119 0.13199294
v 0.82015520 2.90524507 0.15355754
v 0.82140726 2.90605283 0.11863172
v 0.85255253 2.89393258 0.12029004
v 0.85135943 2.89316273 0.15357459
v -0.58489281 2.25775886 0.06749463
v -0.61534095 2.26535797 0.08730316
v -0.61408895 2.26616573 0.05237734
v -0.64529306 2.27824807 0.05236030
v -0.64648610 2.27747822 0.08564484
v 0.69310403 2.10215569 0.10970664
v 0.72313154 2.10239148 0.13151264
v 0.72438353 2.10319924 0.09658694
v 0.75750715 2.10744929 0.09869468
v 0.75631410 2.10667968 0.13197923
v -0.55105418 2.26626134 0.09145606
v 0.66080564 2.11871076 0.13148379
v 0.05907650 2.22741580 0.11304653
v 0.69284618 2.13307500 0.13336670
v -0.57877046 2.28790140 0.09136534
v -0.45612198 3.05180812 0.11302590
v 0.75573778 2.90425730 0.15305340
v 0.14556284 2.94307446 0.13269722
v 0.78342515 2.88259888 0.15394723
v -0.48819143 3.03742528 0.11194587
v -0.54967147 2.26715350 0.05288148
v 0.66218829 2.11960268 0.09290910
v -0.08216321 2.24570680 0.06852543
v 0.69425774 2.13398552 0.09398901
v -0.57735890 2.28881192 0.05198765
v -0.45473927 3.05270004 0.07445109
v 0.75712055 2.90514946 0.11447871
v 0.00432312 2.96136546 0.08817613
v 0.78483677 2.88350964 0.11456966
v -0.48677990 3.03833580 0.07256818
v 0.86357248 2.85489273 0.11804032
v 0.77751791 2.14280677 0.09848773
v 0.76495486 2.16133833 0.09758091
v 0.84696543 2.83996129 0.11621475
v 0.82836545 2.49787474 0.10935378
v 0.86225480 2.85404253 0.15480232
v 0.77620023 2.14195657 0.13524985
v 0.76357377 2.16044736 0.13610983
v 0.84558433 2.83907032 0.15474355
v 0.82710731 2.49706292 0.14445484
v -0.57013398 3.02945423 0.07068515
v -0.65618849 2.31736827 0.05113256
v -0.63951796 2.33234048 0.05119133
v -0.55750734 3.01096344 0.06982517
v -0.62104088 2.67434788 0.06147993
v -0.57145166 3.02860403 0.10744715
v -0.65750623 2.31651807 0.08789456
v -0.64089906 2.33144951 0.08972013
v -0.55888849 3.01007247 0.10835385
v -0.62229908 2.67353606 0.09658098
v -0.45522586 3.06452131 0.11154401
v -0.45397246 3.06532979 0.07657850
v 0.75801349 2.91680264 0.15161729
v 0.75926685 2.91761136 0.11665177
v -0.54006463 3.06173396 0.10930181
v 0.15080522 2.98613501 0.13271189
v -0.51887995 3.05289745 0.11076295
v -0.53874946 3.06258249 0.07261276
v 0.01784566 3.00335360 0.09080088
v -0.51750004 3.05378795 0.07226491
v -0.56651562 3.05497837 0.08620167
v -0.55192447 3.04549289 0.07114100
v -0.57717192 3.03067517 0.07218397
v -0.55328280 3.04461670 0.10903633
v -0.57836640 3.02990460 0.10550642
v 0.83967167 2.89374352 0.15487444
v 0.81693769 2.89025402 0.15488482
v 0.84098685 2.89459205 0.11818528
v 0.81831765 2.89114451 0.11638701
v 0.86517674 2.88066220 0.13349032
v 0.84974843 2.87483144 0.11743820
v 0.87058520 2.85440278 0.12000334
v 0.84839004 2.87395525 0.15533352
v 0.86939067 2.85363221 0.15332568
v -0.55320048 2.25379944 0.08928311
v -0.55194712 2.25460815 0.05431759
v 0.66003883 2.10608101 0.12935638
v 0.66129220 2.10688949 0.09439063
v -0.63492048 2.27681875 0.08774948
v 0.05391779 2.18440914 0.11069810
v -0.61225140 2.28026628 0.08954787
v -0.63360524 2.27766728 0.05106032
v -0.07904177 2.20162797 0.06878698
v -0.61087143 2.28115678 0.05105007
v -0.65885144 2.29091573 0.06522191
v -0.64232379 2.29745555 0.05060124
v -0.66332442 2.31777859 0.05260921
v -0.64368218 2.29657936 0.08849657
v -0.66451889 2.31700802 0.08593166
v 0.74481577 2.10882831 0.13332212
v 0.72356629 2.11762309 0.13366985
v 0.74613100 2.10967684 0.09663296
v 0.72494626 2.11851335 0.09517193
v 0.77284092 2.11659932 0.11251056
v 0.75934911 2.12679410 0.09689832
v 0.78443271 2.14150620 0.10042846
v 0.75799072 2.12591791 0.13479376
v 0.78323817 2.14073563 0.13375080
v 0.69780052 2.16804671 0.13454640
v -0.57526362 2.32304931 0.09249723
v 0.77990460 2.84744191 0.15320134
v -0.49315959 3.00244451 0.11115217
v 0.78454590 2.50218701 0.14516222
v -0.57988912 2.66831446 0.10009503
v 0.69922590 2.16896629 0.09478271
v -0.57383829 2.32396889 0.05273354
v 0.78132993 2.84836149 0.11343777
v -0.49173424 3.00336409 0.07138860
v 0.78595537 2.50309634 0.10583985
v -0.57847965 2.66922379 0.06077266
v -1.40203047 5.20030546 2.71189404
v -1.44612837 5.18500948 1.66368175
v -1.63227117 4.89556551 2.72602725
v -1.67636907 4.88026953 1.67781472
v -1.63047862 4.88112593 2.20101690
v -1.41105783 5.17154503 2.18754816
v -1.65729570 4.90645313 2.31025457
v -1.43787479 5.19687223 2.29678583
v -1.57453895 5.04150009 1.64528298
v -1.54464149 5.01886845 1.64435554
v -1.52826655 5.05754995 2.74518299
v -1.49836910 5.03491831 2.74425554
v -1.42238498 5.19528008 2.18767834
v -1.38612831 5.18580866 2.68425965
v -1.41587663 5.20832729 2.68518257
v -1.41844618 5.20140886 2.73570323
v -1.39009595 5.17994881 2.73482370
v -1.42794418 5.17130470 1.69029355
v -1.45769250 5.19382286 1.69121659
v -1.46448696 5.18543911 1.64131308
v -1.43613648 5.16397905 1.64043355
v -1.65637934 4.88557148 2.20204163
v -1.61521566 4.88259602 2.69832182
v -1.64496386 4.90511370 2.69924474
v -1.63677156 4.91243982 2.74910498
v -1.60842121 4.89097929 2.74822521
v -1.65703142 4.86809111 1.70435596
v -1.68677974 4.89060974 1.70527875
v -1.68281233 4.89647007 1.65471458
v -1.65446198 4.87500954 1.65383518
v -1.52051246 5.02614212 2.19427466
v -1.64681840 4.88109064 1.67918158
v -1.60294068 4.89630985 2.72216034
v -1.43875277 5.15647984 1.66640973
v -1.39487505 5.17169952 2.70938849
v -1.54776680 5.05188227 2.30529308
v -1.67803299 4.90471888 1.68015003
v -1.63415527 4.91993856 2.72312856
v -1.46996748 5.18010855 1.66737819
v -1.42608964 5.19532776 2.71035695
v -1.56289554 5.03226995 1.63594389
v -1.51586878 5.04858160 2.75377607
v -1.40182936 5.20157433 2.67860460
v -1.38561058 5.18774891 2.70140004
v -1.41347456 5.20884132 2.70226455
v -1.41413093 5.20559502 2.72709823
v -1.38757646 5.18549442 2.72627449
v -1.44313419 5.18724680 1.69678569
v -1.42886996 5.17274427 1.67312109
v -1.45673394 5.19383621 1.67398548
v -1.45946944 5.18986940 1.64939964
v -1.43291485 5.16976786 1.64857578
v -1.63491762 4.89306545 2.69291210
v -1.61617410 4.88258219 2.71555281
v -1.64403808 4.90367460 2.71641731
v -1.63999307 4.90665102 2.74096251
v -1.61343861 4.88654947 2.74013853
v -1.67622244 4.87873793 1.71109343
v -1.65943336 4.86757708 1.68727386
v -1.68729746 4.88866949 1.68813825
v -1.68533170 4.89092445 1.66326392
v -1.65877712 4.87082338 1.66244006
v -1.61427951 4.88405943 2.66672039
v -1.65344656 4.87047434 1.73571122
v -1.62333548 4.89017677 2.20058441
v -1.64891958 4.87674284 1.71242976
v -1.60782099 4.89099884 2.68934679
v -1.38868618 5.18264866 2.65287256
v -1.42785335 5.16906309 1.72186339
v -1.41781282 5.16220045 2.18796873
v -1.43367136 5.16163921 1.69921684
v -1.39257264 5.17589474 2.67613411
v -1.64505458 4.90735531 2.66767502
v -1.68422186 4.89377022 1.73666596
v -1.65048432 4.91581726 2.31117320
v -1.68033528 4.90052414 1.71340430
v -1.63923669 4.91477919 2.69032145
v -1.41946137 5.20594454 2.65382719
v -1.45862865 5.19235897 1.72281814
v -1.44496143 5.18784142 2.29855728
v -1.46508706 5.18542004 1.70019150
v -1.42398846 5.19967556 2.67710876
v -1.47203875 5.17660666 1.63822651
v -1.67653573 4.90594053 1.65077937
v -1.67196298 4.91299772 1.66173553
v -1.47707605 5.17094421 1.64977276
v -1.57387829 5.04068375 1.63845170
v -1.44270980 5.15440512 1.63731670
v -1.64720666 4.88373947 1.64986944
v -1.64122462 4.88972950 1.66078210
v -1.44633746 5.14767599 1.64881921
v -1.54587460 5.01948595 1.63758290
v -1.42570138 5.19267893 2.73966908
v -1.63019812 4.92201328 2.75222158
v -1.62657058 4.92874289 2.74071932
v -1.43168366 5.18668890 2.72875643
v -1.52703357 5.05693245 2.75195551
v -1.39637244 5.17047787 2.73875904
v -1.60086930 4.89981174 2.75131178
v -1.59583199 4.90547466 2.73976564
v -1.40094507 5.16342115 2.72780275
v -1.49902976 5.03573465 2.75108671
v -1.38648880 5.18853045 2.65322495
v -1.41438448 5.20964670 2.65409040
v -1.42570066 5.17492962 1.72115636
v -1.45359623 5.19604588 1.72202182
v -1.38681614 5.18403864 2.71738672
v -1.40638518 5.17926264 2.18723893
v -1.38856828 5.18091202 2.70060253
v -1.41608691 5.20619583 2.71829486
v -1.43194246 5.20340014 2.29134440
v -1.41928208 5.20416164 2.70155549
v -1.40648723 5.19362640 2.73807144
v -1.42150879 5.19967413 2.72706127
v -1.42398596 5.19187307 2.74501657
v -1.39127564 5.17678881 2.72612333
v -1.39740121 5.17174911 2.74419165
v -1.43140912 5.16857100 1.65740705
v -1.43174183 5.16593647 1.67436290
v -1.46068001 5.19072866 1.65831506
v -1.46245563 5.18918610 1.67531586
v -1.45275950 5.17757654 1.63817668
v -1.46681094 5.18396091 1.65022850
v -1.47077739 5.17564344 1.63277960
v -1.43657780 5.16107512 1.64929056
v -1.44419265 5.15551949 1.63195491
v -1.61931181 4.88037300 2.66751671
v -1.64720750 4.90148926 2.66838217
v -1.65852368 4.86677170 1.73544788
v -1.68641937 4.88788795 1.73631322
v -1.61222827 4.88569021 2.73122311
v -1.63662493 4.87452412 2.20137191
v -1.61045241 4.88723278 2.71422267
v -1.64149892 4.90784740 2.73213148
v -1.66218221 4.89866161 2.30547762
v -1.64116621 4.91048193 2.71517539
v -1.62591088 4.90320396 2.75154042
v -1.63633025 4.91534328 2.74024773
v -1.62871552 4.92089939 2.75758362
v -1.60609722 4.89245749 2.73930979
v -1.60213065 4.90077543 2.75675869
v -1.65682113 4.87022257 1.67124367
v -1.65362597 4.87225723 1.68798304
v -1.68609190 4.89237976 1.67215168
v -1.68433988 4.89550638 1.68893600
v -1.67218304 4.88715410 1.65164566
v -1.68163240 4.89962959 1.66341507
v -1.67550707 4.90466928 1.64534664
v -1.65139925 4.87674427 1.66247714
v -1.64892220 4.88454533 1.64452195
v -1.63871932 4.88994598 1.71125078
v -1.59757400 4.90421820 2.68928003
v -1.44361055 5.14818668 1.69927418
v -1.40246511 5.16245842 2.67730331
v -1.54281747 5.01868725 1.67017031
v -1.49871910 5.03398371 2.71839499
v -1.67044294 4.91395998 1.71223497
v -1.62929738 4.92823219 2.69026423
v -1.47533417 5.17220020 1.70025849
v -1.43418884 5.18647242 2.67828774
v -1.57418907 5.04243469 1.67114353
v -1.53009057 5.05773115 2.71936822
v 2.56243944 5.74816179 2.62289643
v 1.00019550 3.66969609 0.31899810
v 2.28740740 5.42563581 3.10035944
v 0.72516340 3.34717011 0.79646122
v 1.53106630 4.37941885 1.93790722
v 1.79317403 4.68678904 1.48288143
v 1.66124272 4.61887836 2.17464709
v 1.92335021 4.92624807 1.71962130
v 0.81203401 3.46682954 0.50045323
v 0.84174848 3.44320869 0.50161386
v 2.45131230 5.64778471 2.91795707
v 2.48102689 5.62416363 2.91911769
v 1.78337812 4.71170235 1.46704805
v 2.53883839 5.67965126 2.56516123
v 2.50927210 5.70315409 2.56400633
v 2.57837486 5.79462814 2.68555498
v 2.60655141 5.77223015 2.68665552
v 1.05744290 3.70874906 0.38049293
v 1.02787685 3.73225212 0.37933815
v 0.94730812 3.62459826 0.28016132
v 0.97548485 3.60219955 0.28126180
v 1.50386202 4.38391781 1.95229554
v 2.26518393 5.35874128 3.04023266
v 2.23561788 5.38224411 3.03907776
v 2.31757569 5.48879337 3.13830900
v 2.34575248 5.46639490 3.13940954
v 0.78378844 3.38783884 0.85556442
v 0.75422227 3.41134167 0.85440964
v 0.68650919 3.31876326 0.73291522
v 0.71468598 3.29636478 0.73401570
v 1.66237438 4.53290176 1.71040428
v 0.76054883 3.35339069 0.77993286
v 2.31499219 5.42147827 3.07232761
v 1.00909197 3.64485359 0.34845519
v 2.56353545 5.71294117 2.64084983
v 1.79467297 4.77626514 1.95100379
v 0.72952533 3.37805200 0.77872109
v 2.28396869 5.44613981 3.07111573
v 0.97806859 3.66951489 0.34724343
v 2.53251195 5.73760223 2.63963819
v 0.81061798 3.43955350 0.48121303
v 2.47662234 5.65606642 2.93813086
v 2.51483679 5.68419409 2.54698586
v 2.56435347 5.71544886 2.60130286
v 2.53666019 5.73746300 2.60022116
v 2.57133007 5.78264904 2.65943193
v 2.59772229 5.76166964 2.66046238
v 1.05154550 3.73737812 0.38901657
v 1.03181839 3.67650843 0.34121692
v 1.00412512 3.69852257 0.34013528
v 0.96514046 3.64571619 0.29072487
v 0.99153250 3.62473655 0.29175562
v 2.23640275 5.35767889 3.03035450
v 2.28893566 5.39247036 3.07943559
v 2.26124215 5.41448450 3.07835388
v 2.30152822 5.46625614 3.12781549
v 2.32792044 5.44527674 3.12884617
v 0.77311164 3.41086292 0.87238520
v 0.75640053 3.35352993 0.81934977
v 0.72870708 3.37554431 0.81826806
v 0.69533849 3.32932329 0.75910836
v 0.72173059 3.30834389 0.76013911
v 2.22086596 5.29836512 2.96744251
v 0.83330089 3.45229769 0.92114902
v 1.53956032 4.38899994 1.92350411
v 0.80558741 3.41377568 0.85998356
v 2.26157355 5.35087252 3.00717974
v 2.49034643 5.61438084 2.49961662
v 1.10278165 3.76831412 0.45332319
v 1.78506601 4.67690086 1.49729955
v 1.06271064 3.71530032 0.41361064
v 2.51869655 5.65239716 2.56080675
v 2.19027901 5.32267904 2.96624756
v 0.80271405 3.47661233 0.91995442
v 1.67134655 4.63142109 2.16317201
v 0.77436393 3.43859625 0.85876405
v 2.23035002 5.37569284 3.00596023
v 2.45975971 5.63869524 2.49842167
v 1.07219470 3.79262805 0.45212859
v 1.91685224 4.91932201 1.73696744
v 1.03148711 3.74012065 0.41239113
v 2.48747325 5.67721748 2.55958748
v 0.93330717 3.60830760 0.28673083
v 0.68902707 3.32184386 0.71080774
v 0.71080256 3.35139775 0.72549736
v 0.94360322 3.62439966 0.32134914
v 0.80283755 3.45259404 0.48553991
v 0.96245670 3.58513594 0.28786933
v 0.71817660 3.29867244 0.71194625
v 0.74135286 3.32711267 0.72669053
v 0.97415358 3.60011435 0.32254237
v 0.83066994 3.43046927 0.48662686
v 2.57488441 5.79232073 2.70762467
v 2.33060408 5.50585747 3.13170171
v 2.31890702 5.49087858 3.09702849
v 2.55170774 5.76388025 2.69288015
v 2.46239066 5.66052389 2.93294406
v 2.60403347 5.76914930 2.70876312
v 2.35975337 5.48268557 3.13284016
v 2.34945750 5.46659327 3.09822178
v 2.58225822 5.73959541 2.69407344
v 2.49022341 5.63839912 2.93403101
v 2.49402356 5.62163305 2.49322891
v 2.46629858 5.64367199 2.49214602
v 1.10487890 3.77346468 0.44460618
v 1.07715416 3.79550385 0.44352341
v 2.58559895 5.74271393 2.64150953
v 1.79890323 4.69494867 1.47163522
v 2.55906582 5.70622158 2.60811615
v 2.55650759 5.76583958 2.64037323
v 1.92296362 4.92315769 1.69725251
v 2.52854037 5.73048782 2.60692382
v 2.59435773 5.79193211 2.69090462
v 2.56226230 5.77551079 2.66985655
v 2.58443069 5.80210161 2.71929955
v 2.59231067 5.75162458 2.67103004
v 2.61085296 5.78109789 2.72033143
v 1.00581753 3.64091563 0.31174767
v 1.02957046 3.67132568 0.35251290
v 0.97672582 3.66404104 0.31061149
v 0.99904472 3.69559145 0.35132062
v 0.95508665 3.61098671 0.27341139
v 0.95736355 3.64029479 0.30305326
v 0.92676598 3.59668446 0.27468014
v 0.98741156 3.61640906 0.30422682
v 0.95318806 3.57568097 0.27571201
v 2.21590662 5.29548931 2.97604752
v 2.18818164 5.31752825 2.97496462
v 0.82676190 3.44732094 0.92742485
v 0.79903704 3.46936011 0.92634195
v 2.31633496 5.42695189 3.10895944
v 1.52387238 4.37242365 1.94909620
v 2.29401588 5.39540195 3.06825018
v 2.28724313 5.45007801 3.10782337
v 1.64793265 4.60063267 2.17471361
v 2.26349020 5.41966724 3.06705809
v 2.33224702 5.48455906 3.14593577
v 2.30564904 5.47458363 3.11534405
v 2.33987260 5.51531172 3.14385891
v 2.33569717 5.45069838 3.11651754
v 2.36629462 5.49430847 3.14489079
v 0.73655331 3.32515335 0.77919745
v 0.76452053 3.36050534 0.81264699
v 0.70746166 3.34827900 0.77806127
v 0.73399472 3.38477135 0.81145465
v 0.69297606 3.30361342 0.72844267
v 0.70075023 3.33936858 0.74854070
v 0.68220782 3.30989480 0.69923961
v 0.73079836 3.31548238 0.74971426
v 0.70862991 3.28889132 0.70027143
v 0.81694055 3.42665768 0.83788514
v 2.27458382 5.36595917 2.98752546
v 1.05000615 3.69997025 0.43327689
v 2.50764966 5.63927174 2.58291721
v 0.88098913 3.49385881 0.55843174
v 2.44325113 5.57234907 2.86235714
v 0.78541112 3.45172119 0.83665371
v 2.24305463 5.39102268 2.98629403
v 1.01847661 3.72503400 0.43204546
v 2.47612023 5.66433573 2.58168554
v 0.84980959 3.51864433 0.55721396
v 2.41207147 5.59713459 2.86113930
v 0.79618090 3.41784620 0.41804129
v 0.32476217 2.80442142 0.00303900
v 0.67560059 3.28270292 0.75477195
v 0.20418181 2.66927838 0.33976954
v 0.46081746 2.96478343 0.54006547
v 0.57573134 3.09357595 0.21915877
v 0.47871244 3.05262089 0.58172607
v 0.59362632 3.18141317 0.26081944
v 0.24087033 2.73124814 0.16070461
v 0.27021855 2.70791841 0.16185081
v 0.73553491 3.37492108 0.59617066
v 0.76488316 3.35159135 0.59731692
v 0.56127548 3.11237788 0.20778823
v 0.80097687 3.38788581 0.40882176
v 0.77177513 3.41109896 0.40768129
v 0.79222536 3.43677950 0.43545753
v 0.82005483 3.41465759 0.43654442
v 0.35395461 2.80620646 0.01529634
v 0.32475293 2.82941985 0.01415575
v 0.30003875 2.79633117 0.00217271
v 0.32786816 2.77420902 0.00325954
v 0.43872923 2.97503138 0.55000871
v 0.68100053 3.25341964 0.74386567
v 0.65179884 3.27663302 0.74272507
v 0.67788523 3.30863047 0.75476187
v 0.70571464 3.28650832 0.75584871
v 0.23397830 2.67174053 0.35034019
v 0.20477659 2.69495368 0.34919971
v 0.18569860 2.66818190 0.32147706
v 0.21352802 2.64605975 0.32256395
v 0.51852548 3.02898002 0.37962192
v 0.22918133 2.66299653 0.32529366
v 0.69824630 3.27335835 0.73822385
v 0.33814830 2.78512359 0.02099431
v 0.80721325 3.39548540 0.43392456
v 0.53671217 3.11824965 0.42196184
v 0.19854018 2.68735385 0.32409686
v 0.66760510 3.29771566 0.73702711
v 0.30750716 2.80948114 0.01979756
v 0.77657211 3.41984296 0.43272775
v 0.24863771 2.71662092 0.15761554
v 0.75136703 3.37078810 0.60018134
v 0.78216755 3.39911890 0.40282243
v 0.80815446 3.39909434 0.41449863
v 0.78080237 3.42083716 0.41343033
v 0.79132694 3.43340707 0.42667633
v 0.81739366 3.41268587 0.42769438
v 0.34060836 2.82454872 0.01410639
v 0.34570041 2.79733491 0.00738823
v 0.31834832 2.81907749 0.00631988
v 0.30664709 2.80272651 0.00000000
v 0.33271381 2.78200531 0.00101805
v 0.66009587 3.26230454 0.74371785
v 0.68740505 3.26376176 0.75170147
v 0.66005296 3.28550434 0.75063318
v 0.67303962 3.30083394 0.75700343
v 0.69910634 3.28011274 0.75802153
v 0.21853665 2.68773389 0.35500175
v 0.22495104 2.66200209 0.34459108
v 0.19759893 2.68374515 0.34352279
v 0.18835975 2.67015338 0.33032709
v 0.21442649 2.64943218 0.33134514
v 0.66826248 3.23562288 0.72886741
v 0.24955425 2.69078660 0.36026770
v 0.46464720 2.96871090 0.52990979
v 0.24225430 2.68013978 0.34362727
v 0.68160903 3.25184202 0.73040271
v 0.78640896 3.36803794 0.39893371
v 0.36770073 2.82320213 0.03033388
v 0.57228249 3.08934569 0.22932935
v 0.35498297 2.80648303 0.02882326
v 0.79433769 3.37818527 0.41559869
v 0.63805264 3.25963736 0.72768754
v 0.21934448 2.71480131 0.35908777
v 0.48276353 3.05763483 0.57208568
v 0.21141575 2.70465422 0.34242278
v 0.65077043 3.27635622 0.72919828
v 0.75619918 3.39205265 0.39775378
v 0.33749095 2.84721637 0.02915394
v 0.59039879 3.17826962 0.27150524
v 0.32414436 2.83099723 0.02761865
v 0.76349914 3.40269947 0.41439420
v 0.29435152 2.79059100 0.01087010
v 0.18725358 2.67055869 0.30995005
v 0.19412841 2.68050051 0.30734158
v 0.29619351 2.79489231 0.02231622
v 0.23874071 2.72652888 0.15804780
v 0.32314163 2.76770520 0.01199460
v 0.21604373 2.64767289 0.31107450
v 0.22430220 2.65651464 0.30852008
v 0.32636732 2.77090645 0.02349472
v 0.26623005 2.70467663 0.15912151
v 0.78970963 3.43516660 0.44694698
v 0.68261176 3.31513405 0.74602681
v 0.67938608 3.31193304 0.73452663
v 0.78145123 3.42632484 0.44950134
v 0.73952329 3.37816262 0.59889996
v 0.81849992 3.41228080 0.44807142
v 0.71140188 3.29224825 0.74715126
v 0.70955992 3.28794694 0.73570514
v 0.81162500 3.40233874 0.45067984
v 0.76701272 3.35631061 0.59997356
v 0.78712720 3.37159348 0.39380139
v 0.75974393 3.39336109 0.39273196
v 0.36794230 2.82613730 0.02478206
v 0.34055910 2.84790492 0.02371252
v 0.81462449 3.40630937 0.42456812
v 0.57784092 3.09732580 0.21121931
v 0.80682182 3.39483833 0.42049634
v 0.78589141 3.42915010 0.42344582
v 0.59489518 3.18103671 0.25092268
v 0.77667224 3.41880512 0.41931880
v 0.80483729 3.42989993 0.43617713
v 0.78643554 3.43134856 0.43450803
v 0.79354483 3.43732285 0.44896615
v 0.81611323 3.40775704 0.43566716
v 0.81964123 3.41657805 0.44998538
v 0.33791348 2.78599834 0.00490689
v 0.34528506 2.79427242 0.01419342
v 0.30918044 2.80883884 0.00378466
v 0.31513554 2.81823897 0.01301587
v 0.31017494 2.78622985 0.00071299
v 0.30214524 2.80117488 0.00817454
v 0.29333204 2.78643036 0.00861573
v 0.33182287 2.77758336 0.00933373
v 0.31942841 2.76568556 0.00963497
v 0.66519439 3.23493433 0.73430890
v 0.63781106 3.25670218 0.73323941
v 0.24600948 2.68947816 0.36528945
v 0.21862628 2.71124578 0.36422002
v 0.69657302 3.27400041 0.75423670
v 0.45726112 2.96218348 0.54794836
v 0.69061792 3.26460028 0.74500555
v 0.66783988 3.29684114 0.75311452
v 0.47431535 3.04589415 0.58765179
v 0.66046834 3.28856683 0.74382800
v 0.68992203 3.30110598 0.75708759
v 0.67393047 3.30525613 0.74868774
v 0.68632495 3.31715369 0.74838644
v 0.70360821 3.28166437 0.74984688
v 0.71242136 3.29640889 0.74940568
v 0.21986198 2.65368915 0.33457559
v 0.22908114 2.66403413 0.33870268
v 0.19112894 2.67653012 0.33345336
v 0.19893156 2.68800092 0.33752507
v 0.19525971 2.65743589 0.32162338
v 0.18964018 2.67508221 0.32235432
v 0.18611217 2.66626143 0.30803603
v 0.21931784 2.65149093 0.32351339
v 0.21220858 2.64551663 0.30905527
v 0.24742904 2.68560505 0.32868582
v 0.68728393 3.25795770 0.71590155
v 0.34961030 2.80012679 0.04333615
v 0.78946525 3.37247992 0.43055189
v 0.28256217 2.72246361 0.17210853
v 0.75398648 3.33589554 0.58711571
v 0.21628822 2.71035957 0.32746959
v 0.65614313 3.28271246 0.71468532
v 0.31846952 2.82488155 0.04211986
v 0.75832438 3.39723420 0.42933565
v 0.25176689 2.74694371 0.17090571
v 0.72319114 3.36037564 0.58591294
v -1.35242021 5.14558840 1.49769700
v -1.39057422 5.19755220 2.67951965
v -0.50961018 4.55387354 1.55092371
v -0.54776400 4.60583782 2.73274636
v -0.56179214 4.57484818 2.14098644
v -1.36499619 5.13875628 2.09026122
v -0.53521067 4.60166788 2.01823783
v -1.33841467 5.16557646 1.96751237
v -0.96130288 4.91549635 2.73500490
v -0.98287976 4.88482189 2.73565674
v -0.92126769 4.86096954 1.49490631
v -0.94284463 4.83029509 1.49555838
v -1.37823617 5.17658091 2.08817053
v -1.36401284 5.12737274 1.52879500
v -1.34254360 5.15789413 1.52814627
v -1.32152319 5.14085865 1.47279298
v -1.34198332 5.11177158 1.47341144
v -1.40019214 5.17664766 2.64945698
v -1.37872303 5.20716906 2.64880800
v -1.36135781 5.19511223 2.70667958
v -1.38181794 5.16602516 2.70729780
v -0.52168500 4.57521915 2.14226484
v -0.52542442 4.53862238 1.58175516
v -0.50395542 4.56914377 1.58110631
v -0.52232957 4.57976627 1.52326524
v -0.54278976 4.55067921 1.52388358
v -0.56160390 4.58789730 2.70241690
v -0.54013473 4.61841869 2.70176792
v -0.56216425 4.63401937 2.75715160
v -0.58262444 4.60493279 2.75777006
v -0.96357876 4.85653973 2.11562943
v -0.60150063 4.61537218 2.72763300
v -0.56353724 4.56366777 1.55171132
v -1.36313784 5.15009785 2.67953253
v -1.32517433 5.09839296 1.50361109
v -0.93656385 4.88379669 1.99087954
v -0.57897311 4.64739847 2.72695208
v -0.54100978 4.59569359 1.55103040
v -1.34061027 5.18212366 2.67885184
v -1.30264711 5.13041878 1.50293016
v -0.97030449 4.90360785 2.74537611
v -0.92961657 4.84819174 1.48505938
v -1.35896611 5.15071440 1.53479981
v -1.36541033 5.12938595 1.50926054
v -1.34530103 5.15797424 1.50865281
v -1.33626950 5.15003633 1.48135102
v -1.35543382 5.12279129 1.48193026
v -1.39470339 5.19938755 2.64176607
v -1.40283859 5.18036175 2.66860914
v -1.38272941 5.20895004 2.66800117
v -1.37549663 5.20346260 2.69641829
v -1.39466095 5.17621756 2.69699764
v -0.50573200 4.55168104 1.58868480
v -0.52141827 4.53684139 1.56256199
v -0.50130898 4.56542969 1.56195414
v -0.50948662 4.56957388 1.53356552
v -0.52865100 4.54232883 1.53414476
v -0.54146922 4.60035467 2.69565105
v -0.55884659 4.58781719 2.72191048
v -0.53873730 4.61640549 2.72130251
v -0.54871380 4.62300014 2.74863291
v -0.56787807 4.59575510 2.74921203
v -0.53333586 4.54414558 1.61685336
v -0.56722373 4.59029961 2.66653347
v -0.58736962 4.59250784 2.13938427
v -0.58722454 4.60440254 2.69122458
v -0.55166578 4.55597258 1.58978462
v -1.35913408 5.12391663 1.56470108
v -1.39302206 5.17007065 2.61438084
v -1.33969879 5.12069798 2.09187174
v -1.37515438 5.15758705 2.64146376
v -1.33959568 5.10915709 1.54002392
v -0.51112562 4.57572079 1.61618209
v -0.54501337 4.62187433 2.66586208
v -0.56045932 4.61965990 2.01511765
v -0.56455195 4.63663435 2.69053936
v -0.52899313 4.58820438 1.58909941
v -1.33692396 5.15549183 1.56402981
v -1.37081182 5.20164585 2.61370993
v -1.31278849 5.14785004 1.96760499
v -1.35248184 5.18981886 2.64077854
v -1.31692314 5.14138889 1.53933859
v -1.33582270 5.17801952 2.71224308
v -0.58724952 4.65246582 2.75951815
v -0.60392088 4.66498137 2.74573135
v -1.31731665 5.16583729 2.70067787
v -0.96223384 4.91486168 2.74269438
v -1.35698938 5.14792871 2.71288252
v -0.60841608 4.62237501 2.76015782
v -0.62610471 4.63344383 2.74640179
v -1.33950055 5.13429976 2.70134830
v -0.98244417 4.88613033 2.74330521
v -1.29573143 5.12341642 1.47040534
v -0.54715818 4.59786272 1.51768064
v -0.56464708 4.61149120 1.52921510
v -1.27804291 5.11234760 1.48416138
v -0.92170352 4.85966110 1.48725808
v -1.31689811 5.09332561 1.47104502
v -0.56832474 4.56777191 1.51832032
v -0.58683097 4.57995415 1.52988553
v -1.30022669 5.08081007 1.48483193
v -0.94191372 4.83092976 1.48786891
v -1.37130845 5.13465786 1.56323671
v -1.35117614 5.16327858 1.56262815
v -1.40523469 5.18086481 2.61411142
v -1.38510263 5.20948458 2.61350298
v -1.35591233 5.12125874 1.49200058
v -1.38426542 5.15341425 2.08899450
v -1.35059023 5.11682177 1.51144469
v -1.33478785 5.15129042 1.49136209
v -1.35893297 5.17897415 1.97201288
v -1.32842422 5.14833355 1.51077473
v -1.33158374 5.13054609 1.46980929
v -1.31474996 5.13775730 1.48307526
v -1.29695129 5.12204027 1.46432316
v -1.33656907 5.10673857 1.48373485
v -1.31613731 5.09476471 1.46490312
v -1.39449441 5.17380619 2.68709040
v -1.38794434 5.16769648 2.66849375
v -1.37336981 5.20383739 2.68645215
v -1.36577833 5.19920874 2.66782379
v -1.37161875 5.18507242 2.70990229
v -1.35394561 5.19114017 2.69716644
v -1.33743548 5.17717838 2.71833110
v -1.37576473 5.16012144 2.69782591
v -1.35662174 5.14990282 2.71891093
v -0.51904505 4.53630638 1.61706018
v -0.49891281 4.56492662 1.61645174
v -0.55297142 4.58251286 2.66793489
v -0.53283924 4.61113358 2.66732669
v -0.53077769 4.54195404 1.54411101
v -0.54145920 4.56170273 2.14222097
v -0.53836924 4.54658270 1.56273949
v -0.50965315 4.57198477 1.54347265
v -0.51612645 4.58726215 2.02523923
v -0.51620328 4.57809496 1.56206954
v -0.52837014 4.56663132 1.52053523
v -0.52838284 4.58566999 1.53273737
v -0.54752588 4.59588861 1.51165235
v -0.55020195 4.55465126 1.53339696
v -0.56671208 4.56861305 1.51223218
v -0.56935978 4.59450102 2.73920107
v -0.57572329 4.59745789 2.71978855
v -0.54823524 4.62453270 2.73856258
v -0.55355734 4.62896967 2.71911860
v -0.56840527 4.62115765 2.76062822
v -0.56757855 4.63905287 2.74682832
v -0.58801019 4.65102673 2.76566005
v -0.58939761 4.60803413 2.74748802
v -0.60719627 4.62375116 2.76624012
v -0.62421691 4.63015127 2.68952656
v -0.58861768 4.58166599 1.58683324
v -1.33842468 5.13157749 2.64442182
v -1.30282533 5.08309269 1.54172838
v -0.98247135 4.88278484 2.70654202
v -0.94431698 4.83081961 1.52470553
v -0.60132211 4.66269875 2.68883491
v -0.56572288 4.61421394 1.58614135
v -1.31552982 5.16412544 2.64372969
v -1.27993059 5.11564016 1.54103637
v -0.95983058 4.91497183 2.70585775
v -0.92167628 4.86300659 1.52402115
v -1.55725408 5.21013117 2.74617624
v -1.13988113 3.67179179 2.79214931
v 0.29990664 5.71631050 2.82333565
v 0.71727943 4.17797136 2.86930871
v 0.46602502 4.93484688 2.82141328
v -1.30386233 4.45245457 2.74787998
v 0.42109787 5.09441566 2.85597563
v -1.34878945 4.61202288 2.78244209
v -0.20171803 3.88721871 2.84715343
v -0.19998460 3.88656950 2.80969024
v -0.63967156 5.50141382 2.79891348
v -0.63793814 5.50076437 2.76145029
v -1.36371720 4.43683910 2.76876211
v -1.54078102 5.17121077 2.72548056
v -1.54250574 5.17185640 2.76275635
v -1.51905477 5.25736189 2.76148176
v -1.51741099 5.25674629 2.72595739
v -1.14500785 3.71248269 2.76907444
v -1.14673257 3.71312857 2.80635023
v -1.08329499 3.65125299 2.80947995
v -1.08165133 3.65063739 2.77395582
v 0.52372164 4.95127106 2.84717965
v 0.30707654 5.67485428 2.80225325
v 0.30535167 5.67550039 2.83952928
v 0.24199514 5.73734522 2.83464813
v 0.24363892 5.73672962 2.79912376
v 0.70284969 4.21612644 2.84584737
v 0.70112497 4.21677256 2.88312340
v 0.67775494 4.13123703 2.88264632
v 0.67939872 4.13062143 2.84712219
v -0.41890377 4.69364548 2.78432608
v 0.62786782 4.15703773 2.84248090
v 0.21257897 5.68769598 2.79673719
v -1.05042529 3.69960952 2.77275276
v -1.46571410 5.23026800 2.72700930
v -0.46456346 4.85581493 2.81945181
v 0.62605810 4.15771532 2.88159442
v 0.21076921 5.68837357 2.83585072
v -1.05223501 3.70028734 2.81186628
v -1.46752393 5.23094559 2.76612282
v -0.19745097 3.87379909 2.83248425
v -0.64254469 5.51431131 2.78345776
v -1.55551052 5.15827799 2.74693727
v -1.55362058 5.19478703 2.72566128
v -1.55523622 5.19539213 2.76057601
v -1.54607642 5.23680925 2.75945997
v -1.54453683 5.23623276 2.72618556
v -1.16457415 3.71737695 2.78999829
v -1.14418471 3.68570185 2.77076006
v -1.14580035 3.68630672 2.80567503
v -1.11696291 3.65519667 2.80672598
v -1.11542332 3.65461993 2.77345181
v 0.32461980 5.67071772 2.82505083
v 0.30614418 5.70167637 2.80292892
v 0.30452865 5.70228148 2.83784389
v 0.27576724 5.73336315 2.83515167
v 0.27730682 5.73278618 2.80187750
v 0.71555638 4.22981691 2.86811185
v 0.71558005 4.19259071 2.84802771
v 0.71396452 4.19319582 2.88294268
v 0.70488071 4.15175056 2.88241816
v 0.70642048 4.15117359 2.84914398
v 0.30554864 5.62480497 2.80240488
v 0.67625380 4.25847197 2.84323764
v 0.40998393 4.91956568 2.81884146
v 0.64369017 4.21340656 2.84210968
v 0.25470534 5.64711380 2.79926348
v -1.51412547 5.12884283 2.72680330
v -1.14342034 3.76250958 2.76763582
v -1.24779868 4.46772766 2.74996567
v -1.09253979 3.74018693 2.76997471
v -1.48152471 5.17389488 2.72712851
v 0.30376428 5.62547350 2.84096789
v 0.67446947 4.25914001 2.88180065
v 0.36450106 5.08110762 2.85383081
v 0.64186865 4.21408844 2.88147521
v 0.25288382 5.64779615 2.83862901
v -1.51590979 5.12951088 2.76536608
v -1.14520466 3.76317787 2.80619860
v -1.29328132 4.62926960 2.78495502
v -1.09436131 3.74086928 2.80934024
v -1.48334622 5.17457676 2.76649404
v -1.02614772 3.66128993 2.81256485
v 0.62335879 4.11087179 2.88109684
v 0.58008915 4.11680365 2.87987757
v -0.99190235 3.68834877 2.81456566
v -0.19895476 3.87721562 2.84626532
v -1.02444720 3.66065288 2.77581453
v 0.62505913 4.11023521 2.84434628
v 0.58187145 4.11613607 2.84136057
v -0.99012017 3.68768096 2.77604914
v -0.19733112 3.87660742 2.81117511
v -1.46471524 5.27774811 2.76425743
v 0.18479107 5.72733068 2.83278942
v 0.15046400 5.70030212 2.83255458
v -1.42152762 5.27184725 2.76724339
v -0.64232498 5.51137543 2.79742861
v -1.46301484 5.27711105 2.72750664
v 0.18649155 5.72669315 2.79603863
v 0.15224627 5.69963408 2.79403782
v -1.41974545 5.27117920 2.72872639
v -0.64070135 5.51076746 2.76233840
v -1.54357839 5.12170458 2.72737265
v -1.54519582 5.12231016 2.76232719
v -1.17245114 3.75381589 2.76825166
v -1.17406869 3.75442171 2.80320644
v -1.53911448 5.22369576 2.72494793
v -1.34753752 4.44057798 2.74699068
v -1.51812756 5.20280027 2.72537470
v -1.54081166 5.22433186 2.76162553
v -1.39035392 4.59264994 2.77992868
v -1.51990831 5.20346689 2.76386070
v -1.52392471 5.25994921 2.74702501
v -1.50148177 5.24835062 2.76363349
v -1.46772361 5.28538322 2.76226234
v -1.49972904 5.24769402 2.72574997
v -1.46618223 5.28480577 2.72895050
v -1.11705625 3.66808772 2.77143693
v -1.10950375 3.69670820 2.77038407
v -1.11875343 3.66872311 2.80811453
v -1.11128449 3.69737482 2.80887008
v -1.08597326 3.64576101 2.79526472
v -1.07271338 3.66800857 2.81086183
v -1.02485788 3.65308309 2.81104326
v -1.07096052 3.66735196 2.77297831
v -1.02331650 3.65250587 2.77773142
v 0.33441252 5.63356161 2.80539703
v 0.33279514 5.63416719 2.84035206
v 0.70553982 4.26567268 2.84627652
v 0.70392239 4.26627827 2.88123131
v 0.27909732 5.71926022 2.80048895
v 0.50961471 4.94675541 2.82414961
v 0.27162847 5.69060802 2.79973364
v 0.27740014 5.71989584 2.83716679
v 0.46679831 5.09882689 2.85708785
v 0.26984775 5.69127464 2.83821964
v 0.24598311 5.74234676 2.82055950
v 0.23130427 5.72063112 2.83562565
v 0.18366033 5.73547745 2.83087230
v 0.23305719 5.71997452 2.79774189
v 0.18520175 5.73490000 2.79756021
v 0.70115554 4.16365099 2.84697819
v 0.68025231 4.18451595 2.84474325
v 0.69945842 4.16428709 2.88365602
v 0.67847151 4.18518305 2.88322878
v 0.68393469 4.12815952 2.86879921
v 0.66007298 4.14028931 2.88285398
v 0.62652612 4.10317707 2.87965345
v 0.66182584 4.13963270 2.84497023
v 0.62806755 4.10259962 2.84634137
v 0.56269580 4.19044828 2.83856630
v 0.17326821 5.62578821 2.79567170
v -1.01108491 3.76150608 2.77318096
v -1.40051258 5.19684553 2.73028564
v -0.21022974 3.92447233 2.80763340
v -0.62760746 5.46282959 2.76166010
v 0.56085646 4.19113779 2.87831783
v 0.17142887 5.62647676 2.83542299
v -1.01292431 3.76219487 2.81293201
v -1.40235198 5.19753456 2.77003717
v -0.21204866 3.92515349 2.84694386
v -0.62942642 5.46351051 2.80097008
v -0.26804146 4.27288675 1.07608700
v -0.86977941 4.57411242 0.16717315
v -0.64517838 4.61430597 1.43891752
v -1.24691641 4.91553116 0.53000379
v -0.95091712 4.73853493 0.97894078
v -0.59150296 4.41316032 0.63316065
v -0.86539561 4.73867512 1.06770253
v -0.50598139 4.41330051 0.72192234
v -1.06409287 4.76440525 0.32418936
v -1.08636570 4.73462105 0.32906431
v -0.43268314 4.44832611 1.27792180
v -0.45495600 4.41854239 1.28279674
v -0.56570023 4.42089844 0.61864263
v -0.29768276 4.26398373 1.05634999
v -0.27552110 4.29361868 1.05149937
v -0.25603113 4.28647232 1.10363245
v -0.27715129 4.25822973 1.10825503
v -0.86827999 4.54962015 0.19447362
v -0.84611827 4.57925510 0.18962312
v -0.88427800 4.60096788 0.15467751
v -0.90539819 4.57272530 0.15930009
v -0.94898582 4.76788330 0.98738867
v -0.67293054 4.60369205 1.41736305
v -0.65076888 4.63332701 1.41251242
v -0.61365068 4.61022186 1.44768596
v -0.63477093 4.58197975 1.45230865
v -1.24352777 4.88932896 0.55548674
v -1.22136617 4.91896391 0.55063617
v -1.24189758 4.92471743 0.49873108
v -1.26301765 4.89647532 0.50335371
v -0.77140051 4.57559299 0.80609238
v -1.24092519 4.88005447 0.51779294
v -0.64219177 4.58033323 1.42216837
v -0.90011114 4.57151842 0.18990743
v -0.30137777 4.27179718 1.09428287
v -0.68448472 4.57573557 0.89630121
v -1.21767104 4.91115046 0.51270330
v -0.61893767 4.61142921 1.41707873
v -0.87685710 4.60261393 0.18481779
v -0.27812371 4.30289268 1.08919322
v -1.07819510 4.75500679 0.31837469
v -0.43649107 4.43377447 1.28765655
v -0.28489581 4.28014183 1.04508638
v -0.28592303 4.25889730 1.06990969
v -0.26516509 4.28665543 1.06536639
v -0.25531819 4.28238773 1.09060359
v -0.27510068 4.25593424 1.09493339
v -0.84851974 4.56228781 0.19374299
v -0.87621796 4.55439425 0.17828035
v -0.85546005 4.58215237 0.17373705
v -0.87398314 4.59208679 0.15612197
v -0.89376557 4.56563377 0.16045177
v -0.66669720 4.62578392 1.41240442
v -0.66358882 4.60079527 1.43324912
v -0.64283091 4.62855291 1.42870581
v -0.62528336 4.61731386 1.44653440
v -0.64506578 4.59086084 1.45086420
v -1.23032129 4.90792942 0.56106114
v -1.25388384 4.89629221 0.54161978
v -1.23312569 4.92404985 0.53707647
v -1.24394810 4.92701292 0.51205277
v -1.26373076 4.90055990 0.51638252
v -0.68852204 4.60963631 1.38739836
v -1.22297812 4.87718105 0.58011264
v -0.93967897 4.72803688 0.96802157
v -1.22792101 4.87578821 0.55211002
v -0.66711098 4.59505081 1.39920318
v -0.31899753 4.27510881 1.03189147
v -0.85345358 4.54265356 0.22460568
v -0.60303015 4.42327166 0.64414316
v -0.87534183 4.55660057 0.21290541
v -0.31453165 4.27586365 1.05999851
v -0.66559535 4.64029408 1.38238037
v -1.20005143 4.90783882 0.57509464
v -0.85309976 4.72817945 1.05788112
v -1.20451713 4.90708399 0.54698759
v -0.64370716 4.62634659 1.39408076
v -0.29607081 4.30576658 1.02687347
v -0.83052689 4.57331133 0.21958780
v -0.51645082 4.42341375 0.73400265
v -0.85193789 4.58789682 0.20778298
v -0.29112774 4.30715942 1.05487609
v -0.89726329 4.61272144 0.16243625
v -1.23223150 4.91596508 0.48469782
v -1.21738958 4.90631533 0.48674798
v -0.89816242 4.61732149 0.17963040
v -1.06870294 4.76541615 0.31844580
v -0.91911262 4.58350420 0.16721845
v -1.25408077 4.88674831 0.48948002
v -1.24028909 4.87569380 0.49176002
v -0.92106187 4.58670044 0.18464243
v -1.08956504 4.73751926 0.32301193
v -0.26496807 4.29619932 1.11750615
v -0.59993631 4.59944344 1.43976772
v -0.59798700 4.59624720 1.42234373
v -0.27875990 4.30725336 1.11522615
v -0.42948383 4.44542789 1.28397417
v -0.28681737 4.26698208 1.12228835
v -0.62178564 4.57022619 1.44454992
v -0.62088639 4.56562567 1.42735577
v -0.30165929 4.27663231 1.12023818
v -0.45034593 4.41753101 1.28854036
v -0.31169954 4.27103043 1.02641952
v -0.29091793 4.29881954 1.02187109
v -0.84676391 4.53887939 0.21821487
v -0.82598239 4.56666899 0.21366644
v -0.28156713 4.25746155 1.08782744
v -0.58209336 4.40587330 0.62451607
v -0.29467836 4.26420593 1.07609653
v -0.25976112 4.28662062 1.08305478
v -0.50058979 4.40600681 0.70910758
v -0.27179736 4.29480267 1.07108855
v -0.26196539 4.27361631 1.10699534
v -0.26323912 4.29253054 1.09862781
v -0.26270127 4.29310894 1.12222648
v -0.28576198 4.26241255 1.10355735
v -0.28250629 4.26662540 1.12656116
v -0.89006013 4.56206799 0.16871011
v -0.88380253 4.55911732 0.18623567
v -0.86825424 4.59122753 0.16393745
v -0.86092150 4.58971405 0.18122780
v -0.89337230 4.58969307 0.15326715
v -0.88140684 4.60198069 0.16489708
v -0.90119314 4.61273336 0.15779662
v -0.90392977 4.57186270 0.16982675
v -0.92099810 4.58624983 0.16213143
v -0.69306654 4.61627865 1.39331973
v -0.67228496 4.64406824 1.38877118
v -1.22813106 4.88412809 0.58511508
v -1.20734930 4.91191721 0.58056664
v -0.65079463 4.59172010 1.44304872
v -0.95922863 4.74729061 0.98734504
v -0.65812743 4.59323359 1.42575848
v -0.62898868 4.62087917 1.43827605
v -0.87772506 4.74742413 1.07193661
v -0.63524634 4.62383032 1.42075050
v -0.62138379 4.59899426 1.45277953
v -0.61511916 4.61108494 1.43715942
v -0.59805083 4.59669781 1.44485474
v -0.63764197 4.58096695 1.44208908
v -0.61785579 4.57021427 1.44918954
v -1.25928783 4.89632702 0.52393138
v -1.24725151 4.88814497 0.53589755
v -1.23748171 4.92548609 0.51915872
v -1.22437048 4.91874170 0.53088957
v -1.25279069 4.91507196 0.49905127
v -1.23328686 4.92053461 0.50342882
v -1.23654258 4.91632223 0.48042494
v -1.25580978 4.89041710 0.50835842
v -1.25634754 4.88983870 0.48475969
v -1.21186066 4.86086178 0.53578430
v -0.65041202 4.57980537 1.38384151
v -0.89227015 4.57153940 0.22831726
v -0.33082157 4.29048252 1.07637453
v -1.07208240 4.72646189 0.35158855
v -0.47033745 4.42523336 1.26051295
v -1.18822742 4.89246511 0.53061163
v -0.62677872 4.61140776 1.37866902
v -0.86863685 4.60314226 0.22314465
v -0.30718830 4.32208538 1.07120192
v -1.04871142 4.75771427 0.34647328
v -0.44696641 4.45648527 1.25539768
v -0.32835746 4.87125111 2.77665997
v -0.31530514 4.84227419 1.82332814
v -0.53540045 4.59452486 2.78223681
v -0.52234811 4.56554747 1.82890487
v -0.50549561 4.57269955 2.30611372
v -0.30818218 4.83642244 2.30079937
v -0.53835547 4.59924650 2.40343118
v -0.34104204 4.86296892 2.39811659
v -0.43076226 4.71235800 1.80216575
v -0.40073130 4.68991137 1.80325913
v -0.44445825 4.74276447 2.80250645
v -0.41442728 4.72031736 2.80359983
v -0.32032672 4.85915518 2.29994202
v -0.31083980 4.85657978 2.75265026
v -0.34072080 4.87891436 2.75156236
v -0.34548274 4.87331009 2.79738522
v -0.31700596 4.85202503 2.79842234
v -0.29846293 4.82910204 1.84865463
v -0.32834387 4.85143614 1.84756660
v -0.33185539 4.84305620 1.80205548
v -0.30337861 4.82177114 1.80309224
v -0.53074521 4.57791710 2.30560970
v -0.51684564 4.58123922 2.75819921
v -0.54672664 4.60357380 2.75711107
v -0.54181093 4.61090469 2.80267334
v -0.51333416 4.58961964 2.80371022
v -0.50446874 4.55376148 1.85420334
v -0.53434968 4.57609606 1.85311532
v -0.52818364 4.58065081 1.80734348
v -0.49970683 4.55936575 1.80838037
v -0.40658200 4.70436907 2.30346584
v -0.49397528 4.56516647 1.83168757
v -0.50696254 4.59399891 2.78025937
v -0.30687311 4.81524086 1.82664800
v -0.31986031 4.84407330 2.77521992
v -0.43997765 4.73134851 2.40236998
v -0.52532929 4.58860207 1.83054590
v -0.53831643 4.61743450 2.77911758
v -0.33822706 4.83867645 1.82550645
v -0.35121420 4.86750889 2.77407813
v -0.41857633 4.70308542 1.79445076
v -0.43249562 4.73398733 2.81110096
v -0.32648903 4.87191391 2.74643993
v -0.31133601 4.85864830 2.76820183
v -0.33932433 4.87956858 2.76718259
v -0.34108824 4.87693453 2.78973675
v -0.31441513 4.85699797 2.79070807
v -0.31426343 4.84477234 1.85349202
v -0.29853186 4.83022213 1.83299875
v -0.32652023 4.85114193 1.83197975
v -0.32766867 4.84714222 1.80958724
v -0.30099562 4.82720518 1.81055856
v -0.53609276 4.59176493 2.75208569
v -0.51866937 4.58153391 2.77378607
v -0.54665774 4.60245371 2.77276683
v -0.54419398 4.60547018 2.79520702
v -0.51752084 4.58553362 2.79617834
v -0.52386713 4.56462336 1.85913754
v -0.50586516 4.55310726 1.83858323
v -0.53385353 4.57402706 1.83756411
v -0.53077447 4.57567787 1.81505799
v -0.50410134 4.55574131 1.81602907
v -0.51436692 4.58208323 2.72954631
v -0.50277394 4.55634594 1.88280892
v -0.49905184 4.58090639 2.30595255
v -0.49751511 4.56168795 1.86181903
v -0.50967968 4.58869410 2.75030899
v -0.31150305 4.85322428 2.72408247
v -0.29991013 4.82748699 1.87734497
v -0.31423622 4.82792425 2.30097461
v -0.30395392 4.82039499 1.85660553
v -0.31611848 4.84740162 2.74509573
v -0.54527944 4.60518885 2.72842073
v -0.53368658 4.57945156 1.88168335
v -0.53231817 4.60778093 2.40447354
v -0.52907109 4.58527422 1.86067009
v -0.54123569 4.61228085 2.74916029
v -0.34241554 4.87632990 2.72295666
v -0.33082262 4.85059261 1.87621927
v -0.34750256 4.85479927 2.39949560
v -0.33550987 4.84398174 1.85545659
v -0.34767443 4.87098789 2.74394679
v -0.33852065 4.83501625 1.79899812
v -0.52241361 4.58923101 1.80395126
v -0.51894051 4.59584522 1.81402206
v -0.34368923 4.83008003 1.80930161
v -0.42972648 4.71145964 1.79601407
v -0.30906078 4.81299591 1.80007076
v -0.49295375 4.56721067 1.80502391
v -0.48806483 4.57276726 1.81514621
v -0.31281352 4.80700207 1.81042576
v -0.40159771 4.69043446 1.79703832
v -0.35223582 4.86546469 2.80074167
v -0.53612876 4.61967993 2.80569506
v -0.53237605 4.62567377 2.79533982
v -0.35712472 4.85990858 2.79061937
v -0.44359183 4.74224138 2.80872750
v -0.32277593 4.84344482 2.80181456
v -0.50666893 4.59765959 2.80676746
v -0.50150037 4.60259533 2.79646397
v -0.32624900 4.83683062 2.79174376
v -0.41546309 4.72121620 2.80975151
v -0.30970511 4.85866451 2.72442389
v -0.33772534 4.87960815 2.72340393
v -0.29809901 4.83289814 1.87672281
v -0.32611924 4.85384178 1.87570262
v -0.31314307 4.85546255 2.78270531
v -0.30405810 4.84347725 2.30064130
v -0.31379446 4.85233450 2.76743150
v -0.34254450 4.87743902 2.78163481
v -0.33537418 4.86877632 2.39338636
v -0.34464535 4.87539387 2.76630807
v -0.33367884 4.86556673 2.80028820
v -0.34789458 4.87166834 2.78940916
v -0.35082015 4.86472368 2.80569792
v -0.31752649 4.84896994 2.79051495
v -0.32411674 4.84476423 2.80667019
v -0.29994419 4.82616043 1.81867123
v -0.30101570 4.82396460 1.83408344
v -0.32934561 4.84813595 1.81760073
v -0.33186662 4.84702396 1.83296013
v -0.31998295 4.83516073 1.79995203
v -0.33448580 4.84189987 1.81004763
v -0.33697060 4.83397627 1.79413688
v -0.30411774 4.81920147 1.81115329
v -0.31026712 4.81401682 1.79510927
v -0.51907033 4.57883406 2.73006344
v -0.54709053 4.59977770 2.72904301
v -0.50746423 4.55306768 1.88236189
v -0.53548443 4.57401133 1.88134170
v -0.51584393 4.58453941 2.78816509
v -0.51110011 4.56675148 2.30621791
v -0.51332289 4.58565140 2.77280569
v -0.54524535 4.60651541 2.78709459
v -0.54241621 4.59205055 2.39896297
v -0.54417378 4.60871124 2.77168226
v -0.53099459 4.60184097 2.80560303
v -0.54107183 4.61347437 2.79461241
v -0.53492242 4.61865902 2.81065655
v -0.51070368 4.59077597 2.79571819
v -0.50821900 4.59869909 2.81162882
v -0.50264508 4.55523682 1.82413089
v -0.50054425 4.55728197 1.83945763
v -0.53204644 4.57721329 1.82306027
v -0.53139514 4.58034134 1.83833432
v -0.51729870 4.57143545 1.80526662
v -0.52766305 4.58370590 1.81525087
v -0.52107280 4.58791161 1.79909563
v -0.49729499 4.56100702 1.81635642
v -0.49436939 4.56795216 1.80006790
v -0.48829830 4.57365990 1.86107516
v -0.50047678 4.60069656 2.75057650
v -0.31284755 4.80816126 1.85634947
v -0.32502601 4.83519840 2.74585080
v -0.40031269 4.69007254 1.82678485
v -0.41336522 4.71904993 2.78012800
v -0.52016360 4.59747744 1.85991478
v -0.53234202 4.62451458 2.74941635
v -0.34471276 4.83197927 1.85518909
v -0.35689121 4.85901594 2.74469066
v -0.43182433 4.71362591 1.82563758
v -0.44487682 4.74260330 2.77898073
v -0.63039976 3.77074265 0.28110701
v 0.29493782 3.04277897 0.29866004
v -0.81794375 3.53204703 0.26856303
v 0.10739385 2.80408359 0.28611600
v -0.35172942 3.17313623 0.30073583
v -0.17299861 3.40061474 0.31269044
v -0.44583711 3.24923849 0.25960255
v -0.26710632 3.47671723 0.27155709
v 0.22455022 2.90583897 0.27752596
v 0.22315350 2.90496707 0.31499857
v -0.74641591 3.66969872 0.25910735
v -0.74781269 3.66882706 0.29658002
v -0.16619359 3.40871191 0.28975719
v -0.60774887 3.75079441 0.30361402
v -0.60635912 3.75166202 0.26632845
v -0.65510094 3.78093433 0.26607060
v -0.65642536 3.78010750 0.30160391
v 0.26970130 3.06050396 0.32025862
v 0.27109101 3.06137133 0.28297311
v 0.31100133 3.02090096 0.28439689
v 0.30967692 3.02007437 0.31993020
v -0.35679528 3.16612482 0.27700871
v -0.79435343 3.51329446 0.29113287
v -0.79296368 3.51416206 0.25384736
v -0.83293939 3.55459142 0.25417578
v -0.83426374 3.55376482 0.28970903
v 0.08309671 2.82300401 0.30777740
v 0.08448643 2.82387137 0.27049196
v 0.13316298 2.79455853 0.27250206
v 0.13183853 2.79373169 0.30803531
v -0.26237595 3.28686810 0.30703366
v 0.11325768 2.81686044 0.30967945
v -0.80745965 3.54118919 0.29221410
v 0.28273895 3.03256655 0.32101530
v -0.63797832 3.75689530 0.30354995
v -0.35801792 3.36421132 0.26522970
v 0.11471596 2.81777072 0.27055597
v -0.80600137 3.54209948 0.25309062
v 0.28419721 3.03347683 0.28189188
v -0.63652009 3.75780559 0.26442647
v 0.23190375 2.89926171 0.29274231
v -0.75489253 3.67557502 0.27402353
v -0.59994268 3.74915910 0.28195840
v -0.62224895 3.76350188 0.30218613
v -0.62094724 3.76431441 0.26726222
v -0.64470583 3.77901912 0.26754093
v -0.64594638 3.77824473 0.30082363
v 0.26678413 3.06730461 0.29839975
v 0.28549182 3.04938173 0.31940532
v 0.28679362 3.05019426 0.28448147
v 0.30666155 3.03057766 0.28558773
v 0.30542099 3.02980328 0.31887043
v -0.78980619 3.50751138 0.26925933
v -0.81005597 3.52447176 0.28962451
v -0.80875427 3.52528405 0.25470054
v -0.82868344 3.54486275 0.25523543
v -0.82992399 3.54408813 0.28851819
v 0.07692051 2.82565665 0.28570050
v 0.09768485 2.81035137 0.30684370
v 0.09898654 2.81116414 0.27191985
v 0.12268395 2.79642129 0.27328229
v 0.12144339 2.79564667 0.30656493
v -0.76516587 3.49322963 0.29239869
v 0.05670724 2.84666157 0.30798900
v -0.34607807 3.18033481 0.30135769
v 0.08116889 2.83607340 0.30905670
v -0.78123093 3.51452374 0.29269749
v -0.58140743 3.72710705 0.30468953
v 0.24046573 3.08053899 0.32027990
v -0.17866808 3.39340472 0.31255502
v 0.25650090 3.05922580 0.32078391
v -0.60589898 3.73767662 0.30442476
v -0.76372814 3.49412680 0.25382602
v 0.05814498 2.84755874 0.26941645
v -0.44134971 3.25737834 0.25971556
v 0.08263656 2.83698940 0.26968122
v -0.77976334 3.51543999 0.25332212
v -0.57996964 3.72800446 0.26611686
v 0.24190347 3.08143616 0.28170729
v -0.27393970 3.47044873 0.27091289
v 0.25796849 3.06014228 0.28140837
v -0.60443121 3.73859262 0.26504922
v 0.30850482 3.01129842 0.28346580
v 0.14193062 2.79929209 0.27232444
v 0.13596438 2.81209254 0.27151489
v 0.29471081 3.01413608 0.28213274
v 0.23051056 2.90108776 0.27882665
v 0.30713472 3.01044321 0.32022583
v 0.14056045 2.79843664 0.30908442
v 0.13452840 2.81119609 0.31004149
v 0.29327482 3.01323962 0.32065940
v 0.22920230 2.90027094 0.31392568
v -0.66382283 3.77622914 0.26502156
v -0.83039707 3.56422281 0.25388002
v -0.81653726 3.56142616 0.25344646
v -0.65779084 3.76346970 0.26406443
v -0.75246471 3.67439508 0.26018023
v -0.66519302 3.77537394 0.30178154
v -0.83176720 3.56336737 0.29064006
v -0.81797326 3.56052971 0.29197323
v -0.65922683 3.76257324 0.30259115
v -0.75377303 3.67357802 0.29527932
v -0.57886338 3.73126459 0.30307311
v -0.57756019 3.73207831 0.26810944
v 0.24394532 3.08396053 0.31868118
v 0.24524851 3.08477402 0.28371757
v -0.63837224 3.77181888 0.30266196
v -0.16855797 3.40624428 0.31206143
v -0.62495017 3.75825310 0.30375272
v -0.63700485 3.77267265 0.26597488
v -0.25824434 3.47877121 0.27286065
v -0.62351537 3.75914884 0.26525688
v -0.65761113 3.78308558 0.28020996
v -0.64873433 3.77304864 0.26494217
v -0.66855669 3.78005815 0.26665711
v -0.65014672 3.77216697 0.30283540
v -0.66979867 3.77928281 0.29997772
v 0.29735318 3.03568316 0.32041204
v 0.28099015 3.04554915 0.32093769
v 0.29872069 3.03653646 0.28372496
v 0.28242499 3.04644513 0.28244197
v 0.31335077 3.01922941 0.29862839
v 0.30186853 3.02520895 0.28297442
v 0.31330004 3.00763059 0.28528231
v 0.30045605 3.02432728 0.32086772
v 0.31205812 3.00685549 0.31860286
v -0.76851094 3.48989201 0.29038835
v -0.76720780 3.49070525 0.25542474
v 0.05429773 2.84258771 0.30599648
v 0.05560096 2.84340119 0.27103281
v -0.82198310 3.53812933 0.29038101
v -0.35610116 3.16754985 0.29951757
v -0.80568737 3.52822089 0.29166394
v -0.82061565 3.53898287 0.25369394
v -0.44578752 3.24007678 0.26031661
v -0.80425256 3.52911663 0.25316823
v -0.83634394 3.55560446 0.26825523
v -0.82371849 3.55033875 0.25323820
v -0.83532053 3.56781030 0.25550306
v -0.82513088 3.54945683 0.29113144
v -0.83656251 3.56703520 0.28882360
v 0.11374243 2.80199337 0.30813110
v 0.10025294 2.81551719 0.30884904
v 0.11510985 2.80284715 0.27144396
v 0.10168778 2.81641269 0.27035320
v 0.13461787 2.79174829 0.28667372
v 0.12688431 2.80249882 0.27127051
v 0.14653623 2.79538321 0.27412820
v 0.12547192 2.80161715 0.30916375
v 0.14529426 2.79460788 0.30744880
v 0.08985493 2.84612203 0.30980754
v -0.77352655 3.52534509 0.29342979
v 0.24878208 3.04839587 0.32043749
v -0.61459941 3.72761869 0.30405980
v 0.20031026 2.92288947 0.31548971
v -0.72503829 3.65086150 0.29793644
v 0.09133698 2.84704733 0.27004623
v -0.77204448 3.52626991 0.25366843
v 0.25026411 3.04932094 0.28067613
v -0.61311740 3.72854376 0.26429832
v 0.20177583 2.92380428 0.27616948
v -0.72357267 3.65177655 0.25861621
v 0.87409312 2.75609827 0.12321258
v 0.81780195 2.82577801 0.72146398
v 0.92118192 2.52093911 0.15503287
v 0.86489081 2.59061909 0.75328428
v 0.86935061 2.55657029 0.45183772
v 0.82447457 2.78067851 0.42151272
v 0.91359609 2.55743146 0.39272499
v 0.86872005 2.78153944 0.36240000
v 0.85490763 2.71305084 0.75316554
v 0.81828219 2.70537162 0.75061381
v 0.91397440 2.63993526 0.12541425
v 0.87734896 2.63225579 0.12286246
v 0.84578711 2.79290199 0.42209440
v 0.85116947 2.75278640 0.13726842
v 0.88761204 2.76042747 0.13980746
v 0.89055282 2.75141406 0.11183369
v 0.85582280 2.74413228 0.10941398
v 0.79779148 2.81886029 0.70455956
v 0.83423412 2.82650137 0.70709866
v 0.83178186 2.82416368 0.73644048
v 0.79705191 2.81688190 0.73402077
v 0.89364362 2.55390882 0.45443350
v 0.89802247 2.51880550 0.16892934
v 0.93446511 2.52644634 0.17146838
v 0.93520474 2.52842498 0.14200723
v 0.90047467 2.52114296 0.13958764
v 0.84464449 2.58487940 0.73622054
v 0.88108712 2.59252024 0.73875958
v 0.87643379 2.60117435 0.76661402
v 0.84170371 2.59389257 0.76419431
v 0.84659934 2.66855860 0.43665338
v 0.84028059 2.59705544 0.74869186
v 0.89629060 2.52772355 0.15342760
v 0.79772699 2.80956554 0.71993625
v 0.85373700 2.74023366 0.12467194
v 0.89156610 2.66943359 0.37657696
v 0.87851959 2.60507298 0.75135601
v 0.93452960 2.53574109 0.15609169
v 0.83596593 2.81758332 0.72260040
v 0.89197600 2.74825120 0.12733614
v 0.83970046 2.71055937 0.75725687
v 0.89973027 2.63625145 0.11927104
v 0.87180614 2.75971437 0.14194751
v 0.85309404 2.75264168 0.12745512
v 0.88722831 2.75979877 0.12983322
v 0.88823402 2.75558734 0.11599958
v 0.85570377 2.74876666 0.11373305
v 0.81908041 2.82498074 0.70230573
v 0.79787338 2.82099652 0.71432984
v 0.83200765 2.82815361 0.71670800
v 0.83035940 2.82722712 0.73107976
v 0.79782921 2.82040644 0.72881329
v 0.91947734 2.52164721 0.17416131
v 0.90024889 2.51715326 0.15932000
v 0.93438321 2.52431011 0.16169822
v 0.93442744 2.52490020 0.14721465
v 0.90189713 2.51807952 0.14494824
v 0.86675173 2.58691335 0.73451960
v 0.84502822 2.58550787 0.74619478
v 0.87916261 2.59266496 0.74857295
v 0.87655282 2.59653997 0.76229495
v 0.84402257 2.58971930 0.76002848
v 0.89534569 2.52255058 0.18660998
v 0.84534860 2.58443928 0.71796936
v 0.86769170 2.56361794 0.45086074
v 0.84266573 2.59116578 0.73032784
v 0.89512807 2.52622509 0.17276716
v 0.84920734 2.75296283 0.15543199
v 0.79921031 2.81485176 0.68679130
v 0.82565814 2.77353096 0.42245662
v 0.79864311 2.81101227 0.70057958
v 0.85110551 2.74607158 0.14301884
v 0.93304628 2.53045511 0.18923676
v 0.88304931 2.59234405 0.72059608
v 0.91248441 2.56448960 0.39101696
v 0.88115102 2.59923506 0.73300922
v 0.93361348 2.53429437 0.17544854
v 0.88690794 2.76086760 0.15805864
v 0.83691084 2.82275629 0.68941802
v 0.87045085 2.77440286 0.36261278
v 0.83712852 2.81908154 0.70326090
v 0.88959086 2.75414085 0.14570010
v 0.83360606 2.81746173 0.73945028
v 0.87542975 2.60859656 0.76771265
v 0.87591350 2.61293864 0.76069975
v 0.83605522 2.81198883 0.73376548
v 0.85338247 2.71325994 0.75696683
v 0.79767710 2.80992842 0.73694700
v 0.83950084 2.60106325 0.76520938
v 0.83825785 2.60504341 0.75807619
v 0.79839957 2.80409336 0.73114192
v 0.81907678 2.70606685 0.75457668
v 0.89275581 2.74424338 0.11081862
v 0.93457943 2.53537822 0.13908100
v 0.93385714 2.54121327 0.14488614
v 0.89399880 2.74026322 0.11795187
v 0.91317976 2.63923979 0.12145138
v 0.85682684 2.73671007 0.10831547
v 0.89865047 2.52784514 0.13657784
v 0.89620137 2.53331804 0.14226258
v 0.85634303 2.73236823 0.11532831
v 0.87887418 2.63204670 0.11906123
v 0.85026014 2.75698948 0.15475273
v 0.88443339 2.76415467 0.15713370
v 0.80020618 2.81894875 0.68671703
v 0.83437943 2.82611394 0.68909800
v 0.85361028 2.74877667 0.11870468
v 0.82427108 2.78639269 0.42082804
v 0.85218120 2.74791121 0.12851524
v 0.88946807 2.75629497 0.12120295
v 0.86643779 2.78721333 0.36449260
v 0.88980663 2.75580025 0.13113666
v 0.87675279 2.74889112 0.10922301
v 0.89159298 2.75044990 0.11716664
v 0.89134097 2.74365115 0.10760498
v 0.85455638 2.74268460 0.11458611
v 0.85877371 2.73682284 0.10533607
v 0.79668730 2.81923866 0.72367215
v 0.79707009 2.81613040 0.71422595
v 0.83254498 2.82675695 0.72617042
v 0.83469558 2.82401943 0.71684742
v 0.81768626 2.82200670 0.73697156
v 0.83376491 2.82203245 0.73175257
v 0.83161157 2.81758714 0.74239737
v 0.79672831 2.81426692 0.72917217
v 0.79904425 2.81075859 0.74012840
v 0.89787722 2.51919293 0.18693006
v 0.93205035 2.52635789 0.18931091
v 0.84782326 2.58115220 0.71889430
v 0.88199645 2.58831716 0.72127521
v 0.89971155 2.51854968 0.14985752
v 0.87135965 2.55123472 0.45264822
v 0.89756101 2.52128744 0.15918064
v 0.93556935 2.52606797 0.15235591
v 0.91352642 2.55205536 0.39631271
v 0.93518651 2.52917624 0.16180205
v 0.92162937 2.52478027 0.13954842
v 0.93552822 2.53103971 0.14685583
v 0.93321228 2.53454804 0.13589966
v 0.89849168 2.52327442 0.14427543
v 0.90064502 2.52771974 0.13363063
v 0.84278858 2.58901167 0.75482506
v 0.84244990 2.58950639 0.74489135
v 0.87864631 2.59652996 0.75732332
v 0.88007540 2.59739542 0.74751276
v 0.86256278 2.59789562 0.76729685
v 0.87770021 2.60262227 0.76144183
v 0.87348294 2.60848379 0.77069199
v 0.84066361 2.59485674 0.75886142
v 0.84091568 2.60165572 0.76842296
v 0.84038776 2.60144806 0.72924036
v 0.89290994 2.53643346 0.17104495
v 0.80048412 2.80072474 0.70227545
v 0.85300624 2.73571038 0.14408004
v 0.81876671 2.70346475 0.73580444
v 0.87505853 2.63378406 0.13754606
v 0.87925035 2.60959625 0.73194802
v 0.93177247 2.54458189 0.17375255
v 0.83934671 2.80887318 0.70498312
v 0.89186877 2.74385858 0.14678764
v 0.85719806 2.71152258 0.73848200
v 0.91348982 2.64184189 0.14022362
v 0.15234813 2.93598580 0.08238375
v 2.23344111 6.11431837 0.07580578
v 0.79158628 2.51748466 0.10944343
v 2.87267923 5.69581747 0.10286546
v 1.81645012 4.11696625 0.12862802
v 1.20725167 4.51580095 0.10283995
v 1.60263300 3.78787255 0.08997393
v 0.99343449 4.18670702 0.06418574
v 2.60480857 5.98311090 0.07387340
v 2.60373330 5.98389244 0.11135864
v 0.42109653 2.64805460 0.08077586
v 0.42002150 2.64883614 0.11826098
v 1.18769026 4.52855921 0.07864547
v 0.20716520 3.01764011 0.10437298
v 0.20823504 3.01686239 0.06707489
v 0.12345980 2.85484910 0.06889892
v 0.12244035 2.85559011 0.10444415
v 2.18055916 6.03148937 0.09813535
v 2.18162870 6.03071165 0.06083727
v 2.29623318 6.17319965 0.06203091
v 2.29521346 6.17394066 0.09757626
v 1.83735025 4.10323477 0.10614634
v 0.84320128 2.60123515 0.13129711
v 0.84427100 2.60045743 0.09399915
v 0.72961646 2.45800614 0.09455812
v 0.72859704 2.45874739 0.13010347
v 2.81659508 5.61508465 0.12505949
v 2.81766462 5.61430693 0.08776152
v 2.90238976 5.77635670 0.08769023
v 2.90137005 5.77709770 0.12323558
v 1.51184177 4.31639051 0.11605465
v 2.83604050 5.70851564 0.12458956
v 0.76533860 2.54605293 0.13113487
v 2.25836873 6.08670998 0.10013616
v 0.18766707 2.92424726 0.10668135
v 1.29453862 3.98193121 0.07677031
v 2.83716273 5.70769930 0.08545303
v 0.76646119 2.54523706 0.09199822
v 2.25949144 6.08589411 0.06099951
v 0.18878949 2.92343140 0.06754482
v 2.62217736 6.01061201 0.08888853
v 0.40286312 2.62118173 0.09590340
v 0.21429695 3.03923631 0.08222616
v 0.17108797 2.96693587 0.10321271
v 0.17208989 2.96620727 0.06827712
v 0.12953427 2.88702822 0.06952929
v 0.12857947 2.88772249 0.10282314
v 2.16357374 6.01625299 0.07606483
v 2.21260548 6.08482742 0.09675968
v 2.21360755 6.08409929 0.06182408
v 2.26916885 6.15476751 0.06276619
v 2.26821351 6.15546131 0.09606004
v 0.86144125 2.61555910 0.10962057
v 0.81122231 2.54784775 0.13031030
v 0.81222439 2.54711938 0.09537470
v 0.75661629 2.47648573 0.09607434
v 0.75566137 2.47717953 0.12936831
v 2.81071806 5.59257603 0.10345912
v 2.85274005 5.66573954 0.12385738
v 2.85374188 5.66501093 0.08892179
v 2.89625049 5.74422455 0.08931124
v 2.89529610 5.74491882 0.12260509
v 0.90082908 2.69987130 0.13153803
v 2.74922943 5.52282619 0.12569547
v 1.79714990 4.12960243 0.12805450
v 2.78042936 5.60183668 0.12534511
v 0.84088421 2.63968182 0.13147569
v 0.27449366 3.10992527 0.10502458
v 2.12289429 5.93288040 0.09918201
v 1.22653806 4.50317478 0.10389996
v 2.18281603 5.99308634 0.10004747
v 0.24327058 3.03093171 0.10617816
v 0.90193570 2.69906688 0.09295237
v 2.75033641 5.52202177 0.08710980
v 1.58068812 3.79643846 0.08892238
v 2.78155923 5.60101509 0.08595634
v 0.84201390 2.63886046 0.09208691
v 0.27560046 3.10912085 0.06643891
v 2.12400079 5.93207502 0.06059635
v 1.01007640 4.17001104 0.06476772
v 2.18394566 5.99226522 0.06065869
v 0.24440043 3.03011036 0.06678927
v 2.32244802 6.17131042 0.06220794
v 2.89021111 5.79960299 0.08624196
v 2.85460138 5.77426910 0.08486414
v 2.31351924 6.12850904 0.06195939
v 2.61827874 6.00375986 0.07501793
v 2.32139301 6.17207718 0.09898031
v 2.88915634 5.80036974 0.12301433
v 2.85349607 5.77507305 0.12340367
v 2.31241369 6.12931252 0.10049903
v 2.61727166 6.00449181 0.11012876
v 0.13567366 2.83157706 0.06912005
v 0.70343685 2.45986986 0.09315407
v 0.71241629 2.50263429 0.09163535
v 0.17133385 2.85687399 0.06873071
v 0.40755814 2.62745500 0.08200574
v 0.13461886 2.83234382 0.10589242
v 0.70238215 2.46063662 0.12992644
v 0.71131086 2.50343776 0.13017499
v 0.17022856 2.85767770 0.10727036
v 0.40655121 2.62818670 0.11711657
v 0.26345715 3.11485171 0.10279787
v 0.26446027 3.11412263 0.06782258
v 2.11396194 5.94102001 0.09694862
v 2.11496472 5.94029045 0.06197333
v 0.14674489 2.91421175 0.10449684
v 1.19225991 4.52561426 0.10128021
v 0.18510985 2.96217728 0.10550284
v 0.14779742 2.91344666 0.06779742
v 0.98848814 4.21198177 0.06444204
v 0.18621424 2.96137452 0.06699419
v 0.11606479 2.84779692 0.08301187
v 0.14578690 2.87825871 0.06786931
v 0.12458565 2.81545949 0.07086062
v 0.14469974 2.87904906 0.10577524
v 0.12362962 2.81615448 0.10419238
v 2.25120044 6.12822485 0.09784484
v 2.22257829 6.07388449 0.09906268
v 2.25225306 6.12745953 0.06114542
v 2.22368264 6.07308149 0.06055391
v 2.29976702 6.18283892 0.07610941
v 2.28370190 6.14337206 0.06111157
v 2.33279109 6.18792295 0.06388068
v 2.28261471 6.14416218 0.09901762
v 2.33183479 6.18861771 0.09721243
v 0.90986514 2.69165611 0.13016117
v 0.91086829 2.69092703 0.09518576
v 2.76036954 5.51782417 0.12431192
v 2.76137280 5.51709509 0.08933651
v 0.77257681 2.50448751 0.13098907
v 1.83149505 4.10711479 0.12833977
v 0.80114722 2.55886531 0.13158047
v 0.77362943 2.50372243 0.09428954
v 1.62772334 3.79348254 0.09150159
v 0.80225176 2.55806255 0.09307182
v 0.72527027 2.44895768 0.10880029
v 0.74221522 2.48778462 0.09311676
v 0.69299507 2.44332886 0.09492195
v 0.74112803 2.48857498 0.13102281
v 0.69203907 2.44402385 0.12825370
v 2.87703228 5.71850014 0.12433708
v 2.83861589 5.67057228 0.12514031
v 2.87808514 5.71773529 0.08763766
v 2.83972001 5.66976976 0.08663154
v 2.90897250 5.78399944 0.10189784
v 2.88013005 5.75289822 0.08635914
v 2.90120029 5.81579256 0.08794212
v 2.87904310 5.75368834 0.12426507
v 2.90024424 5.81648731 0.12127388
v 2.75357032 5.62182999 0.12435114
v 0.81181717 2.65630317 0.13048875
v 2.21187210 5.97647285 0.10142040
v 0.27011880 3.01094627 0.10755801
v 2.55240989 5.90556860 0.11244488
v 0.47129217 2.72719860 0.11902308
v 2.75471091 5.62100077 0.08457637
v 0.81295794 2.65547395 0.09071398
v 2.21301293 5.97564363 0.06164563
v 0.27125973 3.01011705 0.06778324
v 2.55353808 5.90474844 0.07311141
v 0.47242025 2.72637844 0.07968950
v 0.20651750 2.71869206 0.22122347
v -0.76166153 3.49029541 0.16515672
v 0.20532037 2.72473955 0.32512379
v -0.76285875 3.49634290 0.26905704
v -0.29317364 3.09235382 0.29553312
v -0.29203281 3.08659053 0.19651544
v -0.16861026 3.04337311 0.29981929
v -0.16746940 3.03760982 0.20080161
v -0.77657521 3.52429032 0.21513927
v -0.79998618 3.49501944 0.21657324
v 0.23934489 2.71463919 0.27397060
v 0.21593405 2.68536830 0.27540463
v -0.27741945 3.10462284 0.19233441
v 0.16766521 2.72142243 0.22087812
v 0.19095917 2.75054717 0.21945119
v 0.23676217 2.71304226 0.22459877
v 0.21456285 2.68528628 0.22595847
v -0.75040925 3.45309401 0.16771293
v -0.72711533 3.48221898 0.16628599
v -0.77406889 3.51863766 0.16606212
v -0.79626817 3.49088168 0.16742182
v -0.27863607 3.11076903 0.29792857
v 0.16647410 2.72743964 0.32425791
v 0.18976806 2.75656462 0.32283103
v 0.23562698 2.71877694 0.32312208
v 0.21342768 2.69102097 0.32448184
v -0.75160038 3.45911145 0.27109265
v -0.72830641 3.48823595 0.26966584
v -0.77520406 3.52437210 0.26458538
v -0.79740334 3.49661613 0.26594520
v -0.29280347 3.08922195 0.24603665
v -0.77475506 3.47615671 0.26507390
v 0.18858981 2.70840645 0.32086068
v -0.77367324 3.47069192 0.17118037
v 0.18967162 2.70294118 0.22696733
v -0.16620927 3.03944254 0.25039256
v -0.75031286 3.50671721 0.26357663
v 0.21303198 2.73896670 0.31936347
v -0.74923098 3.50125217 0.16968322
v 0.21411379 2.73350167 0.22547007
v -0.79426938 3.51912165 0.21523619
v 0.23821384 2.69627047 0.27502674
v 0.17572655 2.74292088 0.21881366
v 0.18425335 2.70969629 0.22141743
v 0.20607191 2.73697615 0.22008109
v 0.22837014 2.71820784 0.22249484
v 0.20757695 2.69220972 0.22376847
v -0.73112816 3.46565104 0.16629815
v -0.76551431 3.46662641 0.16641688
v -0.74369574 3.49390626 0.16508043
v -0.76704377 3.51151609 0.16485095
v -0.78783697 3.48551822 0.16612458
v 0.17451464 2.74904346 0.32399905
v 0.18305457 2.71575212 0.32546341
v 0.20487309 2.74303222 0.32412696
v 0.22719581 2.72414041 0.32441926
v 0.20640257 2.69814229 0.32569295
v -0.73234016 3.47177339 0.27148354
v -0.76671314 3.47268224 0.27046287
v -0.74489462 3.49996233 0.26912642
v -0.76821822 3.51744890 0.26677537
v -0.78901142 3.49145079 0.26804912
v 0.13700612 2.75006294 0.32181036
v -0.72291833 3.43539095 0.27201259
v -0.29328942 3.09198141 0.29240656
v -0.74434376 3.45183849 0.26846611
v 0.15798360 2.73271656 0.32071942
v 0.13817903 2.74413753 0.22000730
v -0.72174543 3.42946553 0.17020953
v -0.29222083 3.08658314 0.19966066
v -0.74322450 3.44618464 0.17133129
v 0.15910278 2.72706270 0.22358465
v 0.16110417 2.78019309 0.32033432
v -0.69882023 3.46552110 0.27053654
v -0.16718541 3.04239488 0.29674572
v -0.71974403 3.48259568 0.26695919
v 0.18258329 2.76347399 0.31921256
v 0.16227712 2.77426744 0.21853125
v -0.69764727 3.45959568 0.16873348
v -0.16611682 3.03699660 0.20399976
v -0.71862483 3.47694206 0.16982448
v 0.18370247 2.75782013 0.22207785
v -0.77697855 3.52189398 0.16897023
v -0.77804172 3.52726531 0.26125312
v -0.76709294 3.51956296 0.25965166
v -0.76607960 3.51444387 0.17170537
v -0.78359926 3.52837014 0.21482086
v -0.79994428 3.49317956 0.17037690
v -0.80100745 3.49855113 0.26265979
v -0.79116237 3.48946881 0.26112592
v -0.79014909 3.48434973 0.17317963
v -0.80552727 3.50095344 0.21616399
v 0.24036618 2.71110749 0.22788405
v 0.23930299 2.71647906 0.32016695
v 0.22950785 2.72530890 0.31736422
v 0.23052117 2.72018981 0.22941804
v 0.24488601 2.70870519 0.27437985
v 0.21740054 2.68239331 0.22929084
v 0.21633734 2.68776464 0.32157373
v 0.20543844 2.69521451 0.31883860
v 0.20645174 2.69009542 0.23089230
v 0.22295803 2.68128848 0.27572304
v 0.13981462 2.74506187 0.21833539
v 0.16165794 2.77237296 0.21699739
v -0.72108859 3.43117023 0.16848087
v -0.69924527 3.45848107 0.16714287
v 0.19832930 2.69740772 0.22346139
v -0.29142758 3.08716989 0.19403911
v 0.18217306 2.70916605 0.22338963
v 0.22124940 2.72606492 0.22205746
v -0.17271642 3.04049039 0.19812381
v 0.20622313 2.73923588 0.22191644
v 0.23046368 2.69994473 0.22503984
v 0.22938173 2.72047234 0.22487462
v 0.24427751 2.70578814 0.22818613
v 0.20570807 2.69087291 0.22632480
v 0.22346069 2.67976069 0.22946119
v -0.78071868 3.47767282 0.16676521
v -0.76571071 3.46459436 0.16849816
v -0.75779849 3.50633001 0.16536129
v -0.74166059 3.49466467 0.16702497
v -0.78545195 3.50959206 0.16620874
v -0.76523226 3.51314330 0.16727710
v -0.78303754 3.52452040 0.16869473
v -0.78890604 3.48354387 0.16872716
v -0.80385435 3.49849296 0.16996980
v 0.13860404 2.75117731 0.32340103
v 0.16044739 2.77848840 0.32206303
v -0.72229916 3.43728542 0.27354658
v -0.70045584 3.46459675 0.27220857
v 0.19715729 2.70332861 0.32518262
v -0.29262471 3.09321737 0.29793888
v 0.18101941 2.71499395 0.32351893
v 0.22007740 2.73198581 0.32377869
v -0.17391352 3.04653788 0.30202365
v 0.20506948 2.74506426 0.32204574
v 0.22932276 2.70570803 0.32405883
v 0.22826479 2.72611475 0.32181674
v 0.24321306 2.71116567 0.32057405
v 0.20459114 2.69651532 0.32326686
v 0.22239624 2.68513823 0.32184917
v -0.78189063 3.48359370 0.26848650
v -0.76686436 3.47042251 0.26862741
v -0.75897050 3.51225090 0.26708245
v -0.74281430 3.50049257 0.26715434
v -0.78659284 3.51535535 0.26522756
v -0.76634932 3.51878572 0.26421916
v -0.78410196 3.52989793 0.26108277
v -0.79002297 3.48918629 0.26566923
v -0.80491877 3.50387049 0.26235783
v -0.74492550 3.45183229 0.26389956
v 0.15842901 2.73189211 0.31621230
v -0.74391103 3.44670773 0.17585313
v 0.15944345 2.72676754 0.22816598
v -0.77669835 3.47527838 0.21799064
v 0.19149204 2.70366597 0.27405798
v -0.72008467 3.48289108 0.26237798
v 0.18326977 2.76295090 0.31469077
v -0.71907020 3.47776628 0.17433155
v 0.18428423 2.75782609 0.22664440
v -0.75213325 3.50599241 0.21648586
v 0.21605714 2.73438025 0.27255332
v -0.46162945 4.03697920 0.42048085
v 0.39357018 3.29773259 0.43873978
v -0.66471535 3.80233002 0.43226981
v 0.19048423 3.06308341 0.45052862
v -0.23205197 3.43912840 0.46422654
v -0.03850966 3.66275072 0.45299155
v -0.32087773 3.51393533 0.42301577
v -0.12733541 3.73755789 0.41178089
v 0.31291899 3.16158056 0.42978781
v 0.31339231 3.16305375 0.46726465
v -0.58445060 3.93727946 0.41062856
v -0.58397722 3.93875265 0.44810539
v -0.03237702 3.66925979 0.42928565
v -0.43973023 4.01813173 0.44306958
v -0.44020122 4.01666546 0.40577984
v -0.48590279 4.04662752 0.40605688
v -0.48545396 4.04802513 0.44159430
v 0.37121156 3.31714177 0.46038353
v 0.37074059 3.31567574 0.42309386
v 0.40697160 3.27481437 0.42512017
v 0.40742040 3.27621126 0.46065748
v -0.23877394 3.43078494 0.44126672
v -0.64179879 3.78465772 0.45479941
v -0.64226979 3.78319144 0.41750973
v -0.67847872 3.82412195 0.41723573
v -0.67802989 3.82551885 0.45277309
v 0.16914296 3.08366776 0.47211343
v 0.16867200 3.08220196 0.43482369
v 0.21439569 3.05230856 0.43629897
v 0.21484452 3.05370569 0.47183633
v -0.13527675 3.55095220 0.45892966
v 0.19841954 3.07713318 0.47292113
v -0.65250993 3.81268859 0.45475346
v 0.38194579 3.28918266 0.46226770
v -0.46898362 4.02473831 0.44409996
v -0.22555068 3.62697887 0.41704708
v 0.19792537 3.07559490 0.43379331
v -0.65300405 3.81115055 0.41562557
v 0.38145164 3.28764462 0.42313981
v -0.46947780 4.02320004 0.40497208
v 0.32042447 3.15584946 0.44501197
v -0.59157550 3.94419527 0.42554039
v -0.43328658 4.01502705 0.42120421
v -0.45309156 4.03093672 0.44155192
v -0.45353270 4.02956390 0.40662420
v -0.47575551 4.04462719 0.40713477
v -0.47533512 4.04593563 0.44042122
v 0.36774465 3.32260418 0.43830669
v 0.38584515 3.30574775 0.45946360
v 0.38540399 3.30437493 0.42453587
v 0.40350080 3.28458500 0.42590731
v 0.40392119 3.28589344 0.45919377
v -0.63888431 3.77747583 0.43313897
v -0.65646225 3.79595828 0.45335740
v -0.65690339 3.79458547 0.41842961
v -0.67497945 3.81443977 0.41869950
v -0.67455906 3.81574845 0.45198590
v 0.16214693 3.08505273 0.45024139
v 0.18247442 3.07076955 0.47126907
v 0.18203330 3.06939650 0.43634135
v 0.20427689 3.05439806 0.43747199
v 0.20469727 3.05570650 0.47075850
v -0.61456752 3.76426315 0.45590192
v 0.14500989 3.10767365 0.47211927
v -0.22591941 3.44621992 0.46411389
v 0.16830479 3.09677267 0.47265577
v -0.62872756 3.78573895 0.45563871
v -0.41558093 3.99417639 0.44435102
v 0.34399647 3.33758664 0.46056831
v -0.04463607 3.65567827 0.45359057
v 0.35816658 3.31614256 0.46163446
v -0.43886572 4.00510883 0.44461745
v -0.61505473 3.76274681 0.41732496
v 0.14452265 3.10615730 0.43354225
v -0.31584379 3.52195215 0.42239350
v 0.16780744 3.09522462 0.43327582
v -0.62922484 3.78419065 0.41625881
v -0.41606811 3.99265981 0.40577394
v 0.34350929 3.33607006 0.42199129
v -0.13456044 3.73141050 0.41187012
v 0.35766926 3.31459451 0.42225456
v -0.43936303 4.00356054 0.40523750
v 0.40374184 3.26525712 0.42492217
v 0.22336352 3.05684423 0.43539298
v 0.21842900 3.06962585 0.43406790
v 0.39033082 3.26824474 0.42408913
v 0.31848344 3.15683031 0.43109316
v 0.40420619 3.26670194 0.46168637
v 0.22382784 3.05828977 0.47215712
v 0.21891563 3.07114077 0.47259897
v 0.39081737 3.26975918 0.46262032
v 0.31892675 3.15821004 0.46619624
v -0.49488610 4.04204369 0.40573615
v -0.67526442 3.83363128 0.41620684
v -0.66187567 3.83057404 0.41527295
v -0.48997387 4.02919292 0.40529424
v -0.58998501 3.94212341 0.41169703
v -0.49442175 4.04348898 0.44250023
v -0.67480016 3.83507633 0.45297104
v -0.66138905 3.83208871 0.45380408
v -0.48948726 4.03070736 0.44382530
v -0.58954173 3.94350314 0.44680005
v -0.41284749 3.99816298 0.44235194
v -0.41328913 3.99678826 0.40738440
v 0.34759462 3.34082603 0.45858771
v 0.34715301 3.33945131 0.42362016
v -0.46828416 4.03952503 0.44228947
v -0.03374999 3.66822743 0.45179081
v -0.45606479 4.02586460 0.44357812
v -0.46874753 4.03808260 0.40559822
v -0.11840253 3.73951983 0.41251630
v -0.45655102 4.02435112 0.40507799
v -0.48748517 4.04968500 0.42013800
v -0.48030066 4.03860426 0.40511942
v -0.49916506 4.04603624 0.40735608
v -0.47982204 4.04009438 0.44301701
v -0.49874416 4.04734612 0.44068038
v 0.39651600 3.29197907 0.46075332
v 0.38120779 3.30211449 0.46145421
v 0.39605263 3.29053664 0.42406213
v 0.38072151 3.30060101 0.42295414
v 0.40988031 3.27398944 0.43929714
v 0.39824903 3.27917385 0.42387688
v 0.40826958 3.26163673 0.42673022
v 0.39872763 3.28066325 0.46177441
v 0.40869045 3.26294661 0.46005452
v -0.61821127 3.76088190 0.45427310
v -0.61865288 3.75950742 0.41930556
v 0.14223087 3.10354495 0.47050887
v 0.14178924 3.10217023 0.43554127
v -0.66711086 3.80979657 0.45383114
v -0.23683496 3.43357897 0.46357971
v -0.65177971 3.79973221 0.45493913
v -0.66757423 3.80835438 0.41713995
v -0.32148755 3.50487161 0.42430514
v -0.65226609 3.79821873 0.41643906
v -0.68102974 3.82606006 0.43137300
v -0.66978592 3.81966996 0.41611886
v -0.67974865 3.83738661 0.41783875
v -0.66930723 3.82115960 0.45401639
v -0.67932785 3.83869648 0.45116305
v 0.19768932 3.06225085 0.47229505
v 0.18549277 3.07598162 0.47281528
v 0.19722588 3.06080866 0.43560380
v 0.18500654 3.07446837 0.43431515
v 0.21633571 3.05036426 0.45053220
v 0.20876379 3.06023884 0.43487626
v 0.22768593 3.05298710 0.43721288
v 0.20924243 3.06172872 0.47277385
v 0.22810681 3.05429721 0.47053719
v 0.17764299 3.10665083 0.47234279
v -0.62029660 3.79640102 0.45530641
v 0.34974051 3.30549550 0.46235275
v -0.44819903 3.99524546 0.44531637
v 0.29232404 3.18131185 0.46773845
v -0.56288558 3.92056727 0.44947940
v 0.17714079 3.10508752 0.43257689
v -0.62079883 3.79483771 0.41554052
v 0.34923831 3.30393243 0.42258680
v -0.44870126 3.99368238 0.40555048
v 0.29182735 3.17976594 0.42841387
v -0.56338227 3.91902137 0.41015476
v -0.31260726 4.55318451 1.56661999
v -0.31191218 4.50922012 0.82059664
v -0.49370697 4.44069958 1.57308018
v -0.49301198 4.39673519 0.82705677
v -0.47688895 4.40176058 1.20108306
v -0.30429962 4.50895977 1.19492650
v -0.49775192 4.43966103 1.27615058
v -0.32516262 4.54686022 1.26999402
v -0.41053233 4.46486998 0.80466115
v -0.39071816 4.43307829 0.80655324
v -0.41126159 4.51100206 1.58747101
v -0.39144745 4.47920990 1.58936310
v -0.31090429 4.53231335 1.19354403
v -0.30136552 4.53302908 1.54844737
v -0.32108068 4.56466198 1.54656482
v -0.32488331 4.56339598 1.58249640
v -0.30609456 4.53324938 1.58429050
v -0.30070648 4.49133968 0.84103167
v -0.32042167 4.52297258 0.83914912
v -0.32415763 4.51749468 0.80360782
v -0.30536890 4.48734808 0.80540192
v -0.49495664 4.41799450 1.20010960
v -0.48155808 4.42110729 1.55487514
v -0.50127333 4.45274067 1.55299258
v -0.49661088 4.45673227 1.58862233
v -0.47782215 4.42658520 1.59041643
v -0.48089907 4.37941837 0.84745955
v -0.50061423 4.41105127 0.84557700
v -0.49588522 4.41083097 0.80973375
v -0.47709650 4.38068438 0.81152785
v -0.39042482 4.45508814 1.19802094
v -0.47212940 4.38274574 0.82976961
v -0.47282097 4.42649078 1.57206798
v -0.30847177 4.48439693 0.82393169
v -0.30916336 4.52814198 1.56622994
v -0.41162795 4.49360704 1.27431238
v -0.49281639 4.41593838 0.82779431
v -0.49350804 4.45968342 1.57009268
v -0.32915878 4.51758957 0.82195628
v -0.32985038 4.56133461 1.56425464
v -0.40255988 4.45171165 0.79904062
v -0.40330109 4.49859571 1.59461308
v -0.31135002 4.55230284 1.54296446
v -0.30142072 4.53511047 1.56057751
v -0.31988716 4.56474018 1.55881417
v -0.32131860 4.56393194 1.57650769
v -0.30371988 4.53569508 1.57818818
v -0.31069899 4.51112318 0.84419417
v -0.30073884 4.49198246 0.82874095
v -0.31920534 4.52161217 0.82697755
v -0.32060400 4.51873112 0.80949873
v -0.30300534 4.49049377 0.81117922
v -0.49468964 4.43842697 1.54950452
v -0.48277441 4.42246771 1.56704676
v -0.50124085 4.45209789 1.56528330
v -0.49897450 4.45358658 1.58284509
v -0.48137575 4.42534876 1.58452559
v -0.49403867 4.39724684 0.85073435
v -0.48209259 4.37934017 0.83521014
v -0.50055909 4.40896940 0.83344680
v -0.49825987 4.40838528 0.81583607
v -0.48066118 4.38014793 0.81751657
v -0.47982278 4.42009449 1.53245497
v -0.47920546 4.38104630 0.86984658
v -0.47129449 4.40494967 1.20090032
v -0.47490945 4.38226986 0.85338503
v -0.47555727 4.42324352 1.54866695
v -0.30237851 4.53030872 1.52612519
v -0.30176118 4.49126053 0.86351681
v -0.30963692 4.50535822 1.19513369
v -0.30560216 4.48743010 0.84734547
v -0.30624995 4.52840424 1.54262733
v -0.50021863 4.45281982 1.53050745
v -0.49960124 4.41377115 0.86789900
v -0.49241549 4.44331884 1.27689636
v -0.49572980 4.41567612 0.85139692
v -0.49637759 4.45664978 1.54667878
v -0.32277426 4.56303406 1.52417767
v -0.32215700 4.52398539 0.86156923
v -0.33075798 4.54372787 1.27112973
v -0.32642251 4.52083635 0.84535742
v -0.32707030 4.56181049 1.54063928
v -0.32991812 4.51448917 0.80126137
v -0.49076861 4.41458178 0.80699927
v -0.48746374 4.41814947 0.81481189
v -0.33417204 4.51336241 0.80934364
v -0.40990028 4.46357775 0.79988015
v -0.31048080 4.48330164 0.80311745
v -0.47133130 4.38339424 0.80885530
v -0.46709225 4.38546276 0.81675714
v -0.31380054 4.48067617 0.81128889
v -0.39134118 4.43379974 0.80165231
v -0.33064848 4.56068611 1.58516896
v -0.49149898 4.46077871 1.59090686
v -0.48817921 4.46340418 1.58273542
v -0.33488750 4.55861712 1.57726717
v -0.41063860 4.51028061 1.59237194
v -0.31121114 4.52949858 1.58702505
v -0.47206166 4.42959118 1.59276295
v -0.46780771 4.43071795 1.58468056
v -0.31451601 4.52593040 1.57921243
v -0.39207950 4.48050261 1.59414411
v -0.30048963 4.53362846 1.52630985
v -0.31897712 4.56329155 1.52454448
v -0.29987162 4.49453497 0.86294711
v -0.31835911 4.52419853 0.86118174
v -0.30299106 4.53376961 1.57197511
v -0.30053326 4.51238632 1.19472802
v -0.30388910 4.53143263 1.56006360
v -0.32238984 4.56489468 1.57012272
v -0.32041600 4.54850578 1.26626873
v -0.32424426 4.56409264 1.55811989
v -0.31696829 4.55176973 1.58515465
v -0.32687944 4.56317282 1.57623804
v -0.32965121 4.55951023 1.58909380
v -0.30684286 4.53102398 1.57815123
v -0.31203249 4.53124142 1.59077609
v -0.30228820 4.48931170 0.81757683
v -0.30320862 4.48838997 0.82967865
v -0.32168701 4.52043676 0.81572449
v -0.32356378 4.52104998 0.82773495
v -0.31623897 4.50563765 0.80234832
v -0.32616544 4.51800823 0.80984545
v -0.32891369 4.51286030 0.79750377
v -0.30612883 4.48585892 0.81175864
v -0.31129500 4.48459148 0.79918611
v -0.48362067 4.41988182 1.53284252
v -0.50210810 4.44954538 1.53107715
v -0.48300263 4.38078880 0.86947978
v -0.50149012 4.41045189 0.86771441
v -0.48029277 4.42364359 1.57829976
v -0.48163214 4.39990139 1.20118821
v -0.47841600 4.42303038 1.56628931
v -0.49969158 4.45476866 1.57644749
v -0.50151497 4.43602133 1.27272904
v -0.49877110 4.45569038 1.56434560
v -0.48955968 4.44456959 1.59131134
v -0.49585089 4.45822096 1.58226562
v -0.49068478 4.45948887 1.59483814
v -0.47581434 4.42607212 1.58417892
v -0.47306606 4.43121958 1.59652054
v -0.47958991 4.37918568 0.82390153
v -0.47773552 4.37998724 0.83590436
v -0.49898869 4.41031075 0.82204914
v -0.49809065 4.41264725 0.83396077
v -0.48883036 4.39843798 0.80850494
v -0.49513689 4.41305637 0.81587303
v -0.48994726 4.41283894 0.80324817
v -0.47510031 4.38090754 0.81778622
v -0.47232857 4.38457012 0.80493051
v -0.46688652 4.38700199 0.85271657
v -0.46753502 4.42802334 1.54878974
v -0.31342036 4.48232317 0.84724212
v -0.31406885 4.52334404 1.54331529
v -0.39024681 4.43337822 0.82498872
v -0.39094189 4.47734261 1.57102084
v -0.48791093 4.42073631 0.85070896
v -0.48855942 4.46175671 1.54678214
v -0.33444473 4.51605701 0.84523451
v -0.33509323 4.55707788 1.54130769
v -0.41103792 4.46673775 0.82300341
v -0.41173294 4.51070213 1.56903553
v -0.56159717 3.68222213 0.41852093
v 0.24658944 3.05734491 0.44556284
v -0.56081295 3.67995000 0.34257847
v 0.24737367 3.05507278 0.36962038
v -0.17088863 3.34928060 0.35828471
v -0.17163604 3.35144591 0.43065840
v -0.23027687 3.44494176 0.35480934
v -0.23102428 3.44710732 0.42718303
v 0.27627605 3.05290794 0.40799284
v 0.25332281 3.02324939 0.40864325
v -0.57176232 3.70859790 0.37961751
v -0.59471560 3.67893934 0.38026792
v -0.15737027 3.36998296 0.43265700
v -0.55421019 3.64856815 0.41941369
v -0.53137153 3.67807865 0.41876668
v -0.57060403 3.70726562 0.41571164
v -0.59236956 3.67914176 0.41632825
v 0.21215160 3.05602932 0.44505614
v 0.23499031 3.08553982 0.44440913
v 0.27318621 3.05485988 0.44394487
v 0.25142077 3.02673626 0.44456148
v -0.15657324 3.36767387 0.35547638
v -0.55342984 3.64630771 0.34385169
v -0.53059113 3.67581797 0.34320462
v -0.56986034 3.70511103 0.34369928
v -0.59162575 3.67698741 0.34431595
v 0.21293192 3.05376863 0.36949408
v 0.23577064 3.08327913 0.36884707
v 0.27392989 3.05270553 0.37193251
v 0.25216445 3.02458167 0.37254912
v -0.17145869 3.35010958 0.39447713
v 0.23122796 3.03853583 0.37360913
v -0.57292318 3.66029286 0.34670228
v 0.23051922 3.04058909 0.44223744
v -0.57363200 3.66234636 0.41533053
v -0.23181516 3.44733047 0.39094514
v 0.25519243 3.06950116 0.37293023
v -0.54895878 3.69125819 0.34602332
v 0.25448370 3.07155442 0.44155848
v -0.54966754 3.69331145 0.41465157
v 0.27396044 3.03563833 0.40848565
v -0.58790398 3.70201850 0.37964767
v -0.53614032 3.66227365 0.41985083
v -0.56671727 3.65973759 0.41919410
v -0.54532516 3.68737912 0.41858798
v -0.56487149 3.70143676 0.41718942
v -0.58525825 3.67509437 0.41776705
v 0.22085579 3.07697630 0.44517982
v 0.22610027 3.04674363 0.44572175
v 0.24749237 3.07438493 0.44511563
v 0.26604941 3.05898190 0.44499201
v 0.24566258 3.03263950 0.44556963
v -0.53534633 3.65997362 0.34296906
v -0.56593198 3.65746236 0.34314513
v -0.54453987 3.68510365 0.34253901
v -0.56410211 3.69920778 0.34269112
v -0.58448893 3.67286539 0.34326875
v 0.22164972 3.07467604 0.36829811
v 0.22688562 3.04446816 0.36967278
v 0.24827769 3.07210970 0.36906672
v 0.26681873 3.05675292 0.37049371
v 0.24643190 3.03041053 0.37107134
v -0.52955967 3.62704992 0.34525108
v 0.18826140 3.07204199 0.36926943
v -0.17106126 3.34915662 0.36058098
v 0.20569579 3.05809164 0.37157464
v -0.54752111 3.64046693 0.34637201
v -0.53032809 3.62927628 0.41966075
v 0.18749295 3.07426810 0.44367898
v -0.17176130 3.35118484 0.42837054
v 0.20496261 3.06021547 0.44257206
v -0.54825425 3.64259124 0.41736943
v -0.50593257 3.65757918 0.34458178
v 0.21188852 3.10257101 0.36860007
v -0.23118401 3.44600105 0.35706264
v 0.22981469 3.08925605 0.37089133
v -0.52340221 3.67163181 0.34568870
v -0.50670099 3.65980530 0.41899133
v 0.21112007 3.10479736 0.44300967
v -0.23188409 3.44802928 0.42485219
v 0.22908151 3.09138036 0.44188875
v -0.52413535 3.67375565 0.41668612
v 0.27630410 3.05317521 0.44174451
v 0.27700073 3.05115700 0.37429345
v 0.26886740 3.05859780 0.37557322
v 0.26820356 3.06052113 0.43985462
v 0.28079349 3.04791379 0.40818894
v 0.25378731 3.02408051 0.44238251
v 0.25448391 3.02206254 0.37493134
v 0.24526840 3.02810502 0.37624186
v 0.24460457 3.03002834 0.44052327
v 0.25929406 3.02013373 0.40879810
v -0.57292348 3.70978475 0.41332942
v -0.57222682 3.70776677 0.34587830
v -0.56304413 3.70181894 0.34773749
v -0.56370807 3.70374227 0.41201890
v -0.57773364 3.71171355 0.37946272
v -0.59544027 3.68069029 0.41396731
v -0.59474361 3.67867208 0.34651625
v -0.58664316 3.67132616 0.34840614
v -0.58730698 3.67324948 0.41268754
v -0.59923315 3.68393350 0.38007182
v -0.52964360 3.63105607 0.42080808
v -0.50822717 3.65872884 0.42020130
v 0.18899457 3.07541609 0.44485372
v 0.21041101 3.10308886 0.44424695
v -0.57946938 3.66846371 0.41795087
v -0.17108870 3.35223007 0.43242663
v -0.56701022 3.65767360 0.41782004
v -0.55699724 3.69750047 0.41731417
v -0.22768679 3.44339728 0.42911452
v -0.54343021 3.68814182 0.41715193
v -0.58139879 3.69770813 0.41606736
v -0.56310678 3.70294881 0.41533977
v -0.57813847 3.71164227 0.41325843
v -0.58631772 3.67295742 0.41599733
v -0.59854847 3.68527007 0.41383666
v 0.23778993 3.03657150 0.44529635
v 0.22423483 3.04589510 0.44429499
v 0.26026204 3.06560826 0.44465971
v 0.24781486 3.07636356 0.44362694
v 0.26663575 3.04202080 0.44444263
v 0.26714641 3.06101012 0.44311994
v 0.27941161 3.04859781 0.44195205
v 0.24393541 3.03101850 0.44377762
v 0.25900158 3.02222562 0.44253033
v -0.52885062 3.62875843 0.34401381
v -0.50743413 3.65643120 0.34340703
v 0.18978758 3.07311845 0.36805946
v 0.21120404 3.10079122 0.36745268
v -0.57870156 3.66623902 0.34360105
v -0.17030443 3.34995818 0.35648447
v -0.56625444 3.65548372 0.34463382
v -0.55622947 3.69527578 0.34296447
v -0.22690253 3.44112515 0.35317236
v -0.54267442 3.68595219 0.34396571
v -0.58065134 3.69554257 0.34369284
v -0.56237501 3.70082879 0.34448314
v -0.57744110 3.70962167 0.34573048
v -0.58558607 3.67083716 0.34514081
v -0.59785116 3.68324947 0.34630877
v 0.23855776 3.03434682 0.37094659
v 0.22499065 3.04370546 0.37110889
v 0.26102984 3.06338358 0.37030989
v 0.24857065 3.07417369 0.37044072
v 0.26738319 3.03985548 0.37206805
v 0.26787812 3.05888987 0.37226343
v 0.28010896 3.04657722 0.37442416
v 0.24466717 3.02889848 0.37292099
v 0.25969893 3.02020526 0.37500232
v 0.20597199 3.05770659 0.37491375
v -0.54810226 3.64074540 0.34968245
v 0.20530742 3.05963206 0.43926835
v -0.54876679 3.64267063 0.41403699
v 0.23283571 3.03792095 0.40799266
v -0.57536030 3.66280556 0.38095051
v 0.23032726 3.08917665 0.37422377
v -0.52374703 3.67221522 0.34899241
v 0.22966269 3.09110212 0.43857831
v -0.52441156 3.67414069 0.41334701
v 0.25692073 3.06904197 0.40731031
v -0.55127525 3.69392633 0.38026810
v -0.32148802 4.26363802 0.57130623
v 0.47626474 3.60924387 0.59140873
v -0.50255686 4.04252005 0.55886257
v 0.29519588 3.38812590 0.57896507
v -0.10041203 3.72002602 0.59230387
v 0.07214788 3.93075299 0.60416275
v -0.18112956 3.78845310 0.55091399
v -0.00856964 3.99918008 0.56277293
v 0.40605175 3.48287654 0.57039034
v 0.40445238 3.48207784 0.60785645
v -0.43103832 4.16953897 0.54929656
v -0.43263763 4.16874075 0.58676273
v 0.07887413 3.93824816 0.58123046
v -0.30224174 4.24568081 0.59387565
v -0.30065036 4.24647522 0.55659658
v -0.34313399 4.27263594 0.55621874
v -0.34465057 4.27187872 0.59174597
v 0.45422623 3.62515211 0.61293781
v 0.45581761 3.62594676 0.57565880
v 0.48976293 3.58941317 0.57720685
v 0.48824635 3.58865571 0.61273408
v -0.10514680 3.71352530 0.56858385
v -0.48240355 4.02567005 0.58149427
v -0.48081216 4.02646494 0.54421520
v -0.51483232 4.06296110 0.54441899
v -0.51634890 4.06220388 0.57994622
v 0.27406442 3.40514183 0.60055649
v 0.27565581 3.40593648 0.56327742
v 0.31806460 3.37973833 0.56540716
v 0.31654805 3.37898111 0.60093433
v -0.01414576 3.82538271 0.59855384
v 0.30094203 3.39991760 0.60251331
v -0.49282742 4.05104446 0.58251119
v 0.46457165 3.59973907 0.61375850
v -0.32919773 4.25086546 0.59375638
v -0.09617925 3.89492559 0.55648911
v 0.30261186 3.40075135 0.56339669
v -0.49115756 4.05187845 0.54339451
v 0.46624148 3.60057282 0.57464188
v -0.32752794 4.25169945 0.55463970
v 0.41223246 3.47695804 0.58562595
v -0.43850517 4.17481565 0.56418830
v -0.29511279 4.24427652 0.57223779
v -0.31466800 4.25712490 0.59240592
v -0.31317741 4.25786972 0.55748802
v -0.33386672 4.27102089 0.55770755
v -0.33528724 4.27031183 0.59098452
v 0.45211035 3.63133097 0.59106702
v 0.46791425 3.61517525 0.61212611
v 0.46940482 3.61591983 0.57720828
v 0.48632684 3.59821868 0.57837564
v 0.48490635 3.59750915 0.61165255
v -0.47842109 4.02042341 0.55964017
v -0.49599075 4.03569746 0.57994479
v -0.49450019 4.03644180 0.54502690
v -0.51149225 4.05410814 0.54550052
v -0.51291275 4.05339861 0.57877743
v 0.26880202 3.40747857 0.57846940
v 0.28659147 3.39374733 0.59966499
v 0.28808206 3.39449167 0.56474715
v 0.30870131 3.38130546 0.56616855
v 0.30728078 3.38059616 0.59944546
v -0.45710009 4.00768280 0.58283585
v 0.25145382 3.42645788 0.60069066
v -0.09495743 3.72669458 0.59292251
v 0.27297395 3.41708660 0.60181183
v -0.47051883 4.02697182 0.58307654
v -0.27968603 4.22433758 0.59502834
v 0.42886788 3.64311242 0.61288321
v 0.06667253 3.92407393 0.60403031
v 0.44225237 3.62380624 0.61344522
v -0.30124044 4.23369122 0.59470993
v -0.45545378 4.00850439 0.54426992
v 0.25310010 3.42727995 0.56212467
v -0.17667329 3.79596806 0.55102074
v 0.27465448 3.41792583 0.56244308
v -0.46883824 4.02781105 0.54370785
v -0.27803972 4.22515965 0.55646235
v 0.43051413 3.64393473 0.57431716
v -0.01504332 3.99334741 0.56212854
v 0.44393289 3.62464547 0.57407647
v -0.29955986 4.23453045 0.55534124
v 0.48703498 3.58058453 0.57628757
v 0.32621190 3.38419056 0.56523520
v 0.32148215 3.39583445 0.56439638
v 0.47474772 3.58299947 0.57492930
v 0.41117772 3.47860503 0.57170737
v 0.48546597 3.57980108 0.61304122
v 0.32464296 3.38340688 0.60198885
v 0.31983784 3.39501333 0.60291642
v 0.47310340 3.58217812 0.61344934
v 0.40967971 3.47785687 0.60680038
v -0.35122889 4.26821041 0.55516422
v -0.51205194 4.07181644 0.54411185
v -0.49968928 4.06943893 0.54370368
v -0.34642375 4.25660419 0.55423665
v -0.43626562 4.17376041 0.55035263
v -0.35279787 4.26742697 0.59191781
v -0.51362091 4.07103252 0.58086550
v -0.50133365 4.06861782 0.58222371
v -0.34806809 4.25578260 0.59275669
v -0.43776369 4.17301226 0.58544570
v -0.27716941 4.22817802 0.59340942
v -0.27567714 4.22892332 0.55845183
v 0.43219104 3.64629173 0.61128449
v 0.43368331 3.64703703 0.57632697
v -0.32879436 4.26452827 0.59284419
v 0.07644136 3.93596768 0.60353160
v -0.31738091 4.25228310 0.59397656
v -0.32722855 4.26531029 0.55616337
v -0.00048389 4.00117970 0.56408632
v -0.31573793 4.25310373 0.55548745
v -0.34540099 4.27458000 0.57034868
v -0.33778018 4.26549816 0.55511266
v -0.35531837 4.27165508 0.55678642
v -0.33939752 4.26469040 0.59299934
v -0.35674053 4.27094460 0.59010118
v 0.47791407 3.60278773 0.61317235
v 0.46364906 3.61160612 0.61365765
v 0.47947985 3.60356951 0.57649159
v 0.46529207 3.61242676 0.57516855
v 0.49168524 3.58792067 0.59144241
v 0.48175424 3.59323645 0.57576400
v 0.49116072 3.57729030 0.57811671
v 0.48013690 3.59242868 0.61365080
v 0.48973855 3.57658005 0.61143154
v -0.46026921 4.00458002 0.58082610
v -0.45877698 4.00532532 0.54586852
v 0.24909124 3.42269373 0.59870124
v 0.25058347 3.42343903 0.56374365
v -0.50606579 4.04804754 0.58066148
v -0.10462666 3.71485066 0.59108800
v -0.49187797 4.03919029 0.58198446
v -0.50449997 4.04882956 0.54398066
v -0.18155192 3.78006291 0.55164266
v -0.49023500 4.04001093 0.54349542
v -0.51796299 4.06385088 0.55848962
v -0.50672281 4.05918884 0.54350227
v -0.51632458 4.07503700 0.54572153
v -0.50834018 4.05838060 0.58138901
v -0.51774669 4.07432699 0.57903630
v 0.30064258 3.38630700 0.60098964
v 0.28915200 3.39851356 0.60166562
v 0.30220839 3.38708901 0.56430888
v 0.29079500 3.39933419 0.56317651
v 0.31912336 3.37719107 0.57958335
v 0.31281155 3.38692689 0.56415367
v 0.33015463 3.38067245 0.56705189
v 0.31119427 3.38611913 0.60204041
v 0.32873243 3.37996244 0.60036665
v 0.28130808 3.42640615 0.60255963
v -0.46303099 4.03698540 0.58380306
v 0.43474808 3.61378407 0.61310458
v -0.30959103 4.22436380 0.59434801
v 0.38474900 3.49818873 0.60828459
v -0.41301310 4.15259027 0.58818185
v 0.28300509 3.42725372 0.56280506
v -0.46133399 4.03783274 0.54404849
v 0.43644506 3.61463189 0.57335001
v -0.30789399 4.22521114 0.55459344
v 0.38642719 3.49902678 0.56897122
v -0.41133493 4.15342855 0.54886848
v -0.41202888 3.95727658 0.56189287
v 0.32569879 3.36032724 0.58961284
v -0.40559149 3.96146297 0.48072028
v 0.33213615 3.36451364 0.50844020
v -0.05131916 3.64494801 0.49441701
v -0.05745402 3.64095855 0.57177514
v -0.10293705 3.73714161 0.49507803
v -0.10907190 3.73315215 0.57243609
v 0.35666662 3.35958123 0.55108076
v 0.33324349 3.33047843 0.54772234
v -0.41743854 3.98596621 0.52199388
v -0.44086164 3.95686316 0.51863545
v -0.04307463 3.65894532 0.57643503
v -0.40672779 3.92468882 0.56042755
v -0.38342157 3.95364642 0.56376922
v -0.41915783 3.98165965 0.56046569
v -0.44136882 3.95406246 0.55728114
v 0.29282141 3.35863256 0.58671302
v 0.31612763 3.38759041 0.59005463
v 0.35106957 3.35841250 0.58940691
v 0.32885861 3.33081555 0.58622229
v -0.03653232 3.66319990 0.49393898
v -0.40032268 3.92885423 0.47966158
v -0.37701643 3.95781183 0.48300320
v -0.41305363 3.98562932 0.48349392
v -0.43526462 3.95803237 0.48030931
v 0.29922652 3.36279798 0.50594699
v 0.32253274 3.39175558 0.50928861
v 0.35717377 3.36238194 0.51243508
v 0.33496279 3.33478522 0.50925046
v -0.05458694 3.64270425 0.53306735
v 0.31560570 3.34793687 0.51021838
v -0.41843837 3.94190550 0.48263675
v 0.30978832 3.34415388 0.58357304
v -0.42425576 3.93812251 0.55599147
v -0.10704639 3.73640132 0.53373909
v 0.34006071 3.37832212 0.51372474
v -0.39398333 3.97229075 0.48614317
v 0.33424336 3.37453914 0.58707941
v -0.39980075 3.96850777 0.55949783
v 0.35355943 3.34277391 0.54996759
v -0.43316638 3.97937131 0.52040648
v -0.38884109 3.93817592 0.56325322
v -0.41808501 3.93536305 0.56033993
v -0.39625502 3.96248674 0.56346989
v -0.41409290 3.97596407 0.56191421
v -0.43489701 3.95011520 0.55893123
v 0.30215892 3.37903738 0.58921742
v 0.30561361 3.34976602 0.58753276
v 0.32744360 3.37688923 0.59066272
v 0.34438705 3.36222291 0.59041393
v 0.32358289 3.33637381 0.58743101
v -0.38232410 3.94241381 0.48107660
v -0.41163862 3.93955517 0.47905350
v -0.38980862 3.96667862 0.48218346
v -0.40777794 3.98007059 0.48228520
v -0.42858207 3.95422173 0.47930229
v 0.30867594 3.38327551 0.50704086
v 0.31206000 3.35395789 0.50624627
v 0.33388999 3.38108134 0.50937635
v 0.35070202 3.36632919 0.51078492
v 0.32989785 3.34048057 0.50780201
v -0.37861934 3.91039586 0.48105228
v 0.27662101 3.38019300 0.50567281
v -0.05166545 3.64463258 0.49684525
v 0.29238042 3.36671495 0.50806743
v -0.39516988 3.92306232 0.48223281
v -0.38492680 3.90629411 0.56058639
v 0.27031359 3.37609124 0.58520693
v -0.05741173 3.64089608 0.56930339
v 0.28636223 3.36280155 0.58395439
v -0.40118808 3.91914845 0.55811983
v -0.35450861 3.94035316 0.48450929
v 0.30073178 3.41015053 0.50912982
v -0.10392175 3.73796701 0.49751437
v 0.31699306 3.39729595 0.51159638
v -0.37055728 3.95364308 0.48576182
v -0.36081603 3.93625140 0.56404340
v 0.29442433 3.40604877 0.58866400
v -0.10966803 3.73423004 0.56997257
v 0.31097487 3.39338231 0.58748341
v -0.37657547 3.94972968 0.56164879
v 0.35412785 3.35700655 0.58711743
v 0.35984543 3.36072445 0.51502097
v 0.35236013 3.36771822 0.51649719
v 0.34691119 3.36417484 0.58520561
v 0.36071196 3.35478592 0.55115426
v 0.33115011 3.32845688 0.58382291
v 0.33686772 3.33217478 0.51172644
v 0.32827803 3.33779669 0.51304424
v 0.32282910 3.33425307 0.58175278
v 0.33877245 3.32752633 0.54800862
v -0.42106274 3.98426962 0.55798978
v -0.41534516 3.98798776 0.48589331
v -0.40702417 3.98219109 0.48796344
v -0.41247308 3.97864819 0.55667192
v -0.42296749 3.98891807 0.52170765
v -0.44404045 3.95571995 0.55469525
v -0.43832287 3.95943809 0.48259878
v -0.43110624 3.95226955 0.48451060
v -0.43655512 3.94872618 0.55321902
v -0.44490701 3.96165824 0.51856196
v -0.38427284 3.90793157 0.56200856
v -0.36241800 3.93508601 0.56514215
v 0.27171341 3.37712526 0.58665717
v 0.29356825 3.40427971 0.58979070
v -0.42971951 3.94375181 0.55893362
v -0.05702790 3.64157748 0.57376498
v -0.41836232 3.93347406 0.55867684
v -0.40678734 3.97224498 0.56222165
v -0.10622068 3.72943997 0.57439488
v -0.39429963 3.96337199 0.56212699
v -0.42995855 3.97222304 0.55931783
v -0.41219279 3.97760820 0.56018597
v -0.42593950 3.98600554 0.55773395
v -0.43587890 3.94817853 0.55678988
v -0.44676733 3.96012735 0.55474770
v 0.31628993 3.34010124 0.58696479
v 0.30390090 3.34903836 0.58581579
v 0.33922210 3.36859417 0.59025282
v 0.32796359 3.37893605 0.58926588
v 0.34414303 3.34584117 0.58840460
v 0.34567764 3.36436009 0.58866286
v 0.35684821 3.35259509 0.58714712
v 0.32199156 3.33493042 0.58526671
v 0.33602038 3.32671666 0.58416075
v -0.37776330 3.91216469 0.47992551
v -0.35590842 3.93931913 0.48305911
v 0.27822298 3.38135839 0.50457406
v 0.30007783 3.40851283 0.50770760
v -0.42341712 3.94785047 0.47946334
v -0.05059056 3.64576364 0.49259275
v -0.41215861 3.93750834 0.48045033
v -0.40048498 3.97634315 0.48275137
v -0.09978334 3.73362589 0.49322271
v -0.38809589 3.96740580 0.48390043
v -0.42382362 3.97621250 0.48195893
v -0.40618658 3.98151422 0.48444951
v -0.42021537 3.98972774 0.48555541
v -0.42987266 3.95208430 0.48105335
v -0.44104320 3.96384954 0.48256910
v 0.32259232 3.34419966 0.50749457
v 0.31010458 3.35307264 0.50758922
v 0.34552449 3.37269258 0.51078254
v 0.33416730 3.38297033 0.51103932
v 0.35027802 3.34983063 0.51104563
v 0.35168388 3.36826587 0.51292634
v 0.36257231 3.35631728 0.51496857
v 0.32799780 3.33883619 0.50953031
v 0.34174448 3.33043909 0.51198226
v 0.29236960 3.36606550 0.51161498
v -0.39596334 3.92304564 0.48575097
v 0.28691453 3.36251807 0.58040166
v -0.40141848 3.91949821 0.55453765
v 0.31448162 3.34447527 0.54695624
v -0.42325470 3.94143128 0.51923597
v 0.31722346 3.39694619 0.51517850
v -0.37110952 3.95392632 0.48931456
v 0.31176832 3.39339876 0.58396518
v -0.37656465 3.95037889 0.55810124
v 0.33905965 3.37501311 0.55048025
v -0.39867663 3.97196913 0.52275997
v -0.37202835 4.51618195 1.81494880
v -0.00611610 4.97848368 1.57606900
v -0.43645915 4.38135624 1.45532775
v -0.07054690 4.84365845 1.21644807
v -0.23346443 4.60195589 1.34616232
v -0.17206144 4.73044586 1.68888366
v -0.30278772 4.57755804 1.36772943
v -0.24138470 4.70604801 1.71045065
v -0.04157449 4.93155193 1.38916087
v -0.01152609 4.90929794 1.39212060
v -0.42552990 4.44645452 1.63981986
v -0.39548150 4.42420053 1.64277959
v -0.18873031 4.74856806 1.69842231
v -0.34501266 4.51469183 1.80961108
v -0.37491104 4.53683424 1.80666614
v -0.39324254 4.51101780 1.80977368
v -0.36474916 4.48991537 1.81258011
v 0.00196309 4.95306873 1.58309364
v -0.02793527 4.97521114 1.58014882
v -0.01121043 4.99368525 1.56037033
v 0.01728293 4.97258329 1.56317687
v -0.25421154 4.61154413 1.33293831
v -0.40912074 4.38054132 1.45179164
v -0.43901908 4.40268421 1.44884670
v -0.45433894 4.38316917 1.46876359
v -0.42584559 4.36206722 1.47157013
v -0.06214494 4.81891823 1.22527421
v -0.09204331 4.84106112 1.22232938
v -0.07230685 4.86583757 1.21936023
v -0.04381349 4.84473515 1.22216678
v -0.20250592 4.66601038 1.51754832
v -0.04991197 4.83533573 1.23617923
v -0.41399714 4.37534237 1.47386622
v 0.00831333 4.95717621 1.56116426
v -0.35577187 4.49718285 1.79885125
v -0.27295941 4.64121532 1.53946698
v -0.08128413 4.85857010 1.23308909
v -0.44536930 4.39857626 1.47077620
v -0.02305882 4.98041010 1.55807424
v -0.38714400 4.52041674 1.79576123
v -0.02636328 4.92655945 1.38830757
v -0.41657853 4.43355274 1.64305305
v -0.35986671 4.53152752 1.80962467
v -0.35174206 4.50825834 1.81458068
v -0.37974665 4.52899837 1.81182218
v -0.38837224 4.51623678 1.81384659
v -0.36168364 4.49647093 1.81647539
v -0.01713130 4.96454716 1.58587551
v 0.00721181 4.96176863 1.58024359
v -0.02079282 4.98250914 1.57748508
v -0.01216686 4.99154329 1.56824708
v 0.01452175 4.97177744 1.57087588
v -0.42509437 4.39503431 1.44555569
v -0.41626316 4.37324381 1.45445526
v -0.44426781 4.39398384 1.45169687
v -0.45157775 4.38397503 1.46106446
v -0.42488915 4.36420918 1.46369326
v -0.08235899 4.82805395 1.22180665
v -0.05730931 4.82675409 1.22011828
v -0.08531395 4.84749460 1.21735978
v -0.07537238 4.85928154 1.21546507
v -0.04868376 4.83951569 1.21809375
v -0.39712718 4.39506531 1.44739747
v -0.07212855 4.80567551 1.23522747
v -0.23132484 4.60588074 1.35703552
v -0.06234632 4.81859016 1.23810720
v -0.40337068 4.38773203 1.46073925
v -0.33399692 4.52716970 1.79975951
v -0.00899831 4.93777990 1.58758950
v -0.17381111 4.72623158 1.67804897
v -0.00211100 4.94463634 1.57431114
v -0.34313533 4.51377821 1.79694319
v -0.42805767 4.41797256 1.44435084
v -0.10305906 4.82858324 1.23218083
v -0.30150548 4.58118153 1.37886930
v -0.09392063 4.84197426 1.23499727
v -0.43494502 4.41111612 1.45762932
v -0.36492741 4.55007696 1.79671288
v -0.03992881 4.96068764 1.58454299
v -0.24399176 4.70153236 1.69988275
v -0.03368532 4.96802044 1.57120109
v -0.37470967 4.53716278 1.79383326
v -0.01240627 4.99155617 1.54871869
v -0.06963287 4.87180567 1.22930789
v -0.07291654 4.87019157 1.23930216
v -0.01837919 4.98431444 1.54370296
v -0.03824843 4.93384743 1.38770449
v 0.01707070 4.96972513 1.55162203
v -0.04015590 4.84997463 1.23221135
v -0.04202289 4.84731150 1.24234521
v 0.01251447 4.96143436 1.54674602
v -0.01010329 4.91300297 1.39047670
v -0.39690009 4.50577784 1.79972911
v -0.45412672 4.38602734 1.48031831
v -0.44957048 4.39431858 1.48519444
v -0.39503312 4.50844097 1.78959525
v -0.42695272 4.44274950 1.64146364
v -0.36742312 4.48394680 1.80263245
v -0.42464972 4.36419678 1.48322177
v -0.41867682 4.37143850 1.48823738
v -0.36413941 4.48556137 1.79263818
v -0.39880756 4.42190504 1.64423585
v -0.33461732 4.53012419 1.80538404
v -0.36265382 4.55088854 1.80262244
v -0.00924871 4.94120216 1.59297252
v -0.03728523 4.96196604 1.59021103
v -0.35728896 4.49923611 1.81423926
v -0.17128837 4.73416185 1.69725966
v -0.35116836 4.50510645 1.80771089
v -0.38670748 4.52102327 1.81134152
v -0.23735473 4.71091080 1.71781349
v -0.38203719 4.52796793 1.80467045
v -0.38269868 4.50171852 1.81237650
v -0.39161444 4.51456451 1.80494332
v -0.39737257 4.50244427 1.80127668
v -0.36122873 4.49206018 1.80793619
v -0.37065363 4.48265600 1.80390835
v 0.01273102 4.96672726 1.57267785
v 0.00707353 4.95771694 1.57383871
v -0.01668750 4.98851490 1.56978011
v -0.02379531 4.98057890 1.57079816
v 0.00125501 4.98681450 1.56171870
v -0.01571142 4.98948860 1.55954123
v -0.00911063 4.99298334 1.54780626
v 0.01467429 4.96698475 1.56253421
v 0.01760836 4.97319508 1.55043805
v -0.39977077 4.39378643 1.44172943
v -0.42780730 4.41455030 1.43896794
v -0.07440218 4.80486441 1.22931802
v -0.10243867 4.82562828 1.22655642
v -0.42036849 4.36723757 1.46216035
v -0.23571886 4.59933710 1.33764040
v -0.41326067 4.37517357 1.46114230
v -0.44978702 4.38902521 1.45926261
v -0.30178517 4.57608557 1.35819411
v -0.44412956 4.39803553 1.45810175
v -0.44410241 4.37322760 1.46965122
v -0.45173031 4.38876820 1.46940625
v -0.45466432 4.38255787 1.48150229
v -0.42134458 4.36626434 1.47239912
v -0.42794538 4.36276960 1.48413408
v -0.05034851 4.83472967 1.22059882
v -0.05501878 4.82778502 1.22727001
v -0.07976702 4.85651684 1.21770120
v -0.08588763 4.85064650 1.22422945
v -0.06014870 4.85832310 1.21899343
v -0.07582726 4.86369228 1.22400415
v -0.06640238 4.87309647 1.22803199
v -0.04544154 4.84118843 1.22699714
v -0.03968339 4.85330820 1.23066378
v -0.05917959 4.82461739 1.25372410
v -0.40059209 4.39326954 1.47660959
v -0.00458016 4.93887043 1.55847132
v -0.34599268 4.50752211 1.78135681
v -0.01980474 4.89735413 1.39808178
v -0.38572130 4.43504667 1.63696432
v -0.09106332 4.84823084 1.25058365
v -0.43247584 4.41688204 1.47346914
v -0.03646389 4.96248341 1.55533087
v -0.37787637 4.53113556 1.77821636
v -0.05133469 4.92070580 1.39497602
v -0.41725126 4.45839834 1.63385868
v -0.25087485 4.60460520 1.24978709
v -0.24736755 4.54336929 0.75374776
v -0.42361000 4.37497759 1.27691293
v -0.42010272 4.31374216 0.78087366
v -0.39927301 4.33603621 1.03008056
v -0.23465519 4.55487251 1.00422943
v -0.43116537 4.36571169 1.07820821
v -0.26654753 4.58454895 1.05235708
v -0.34591320 4.43612909 0.75387281
v -0.31586483 4.41387510 0.75683254
v -0.34959346 4.50038481 1.27437186
v -0.31954509 4.47813082 1.27733159
v -0.24789637 4.57599497 1.00152826
v -0.23350793 4.58933020 1.23876393
v -0.26340628 4.61147308 1.23581898
v -0.26690879 4.60851955 1.26028371
v -0.23841545 4.58741713 1.26309025
v -0.23018213 4.53126383 0.76839530
v -0.26008049 4.55340672 0.76545042
v -0.26324695 4.54458618 0.74239200
v -0.23475361 4.52348423 0.74519849
v -0.42344773 4.34262371 1.02909636
v -0.40537781 4.36085320 1.26575398
v -0.43527621 4.38299561 1.26280904
v -0.43070468 4.39077568 1.28600585
v -0.40221131 4.36967373 1.28881240
v -0.40205202 4.30278683 0.79538536
v -0.43195036 4.32492924 0.79244047
v -0.42704284 4.32684278 0.76811403
v -0.39854953 4.30573988 0.77092063
v -0.31670710 4.44526386 1.01718032
v -0.39334750 4.31129217 0.78262264
v -0.39683732 4.37222195 1.27618515
v -0.23724888 4.51880360 0.75810933
v -0.24073867 4.57973337 1.25167179
v -0.34911937 4.47542381 1.06609261
v -0.42471963 4.33452606 0.77953255
v -0.42820942 4.39545631 1.27309501
v -0.26862100 4.54203796 0.75501919
v -0.27211082 4.60296774 1.24858177
v -0.33380193 4.42665815 0.75081980
v -0.33754224 4.49196100 1.27980483
v -0.24952078 4.60395670 1.23392701
v -0.23395845 4.59177017 1.24670255
v -0.26196307 4.61251020 1.24394417
v -0.26315126 4.61112213 1.25597918
v -0.23646267 4.59135628 1.25860798
v -0.24623559 4.54659939 0.76930678
v -0.23051785 4.53169870 0.76009625
v -0.25852245 4.55243921 0.75733787
v -0.25954527 4.54816389 0.74598628
v -0.23285669 4.52839851 0.74861503
v -0.42439234 4.37148905 1.26138842
v -0.40693584 4.36182070 1.27386653
v -0.43494049 4.38256121 1.27110815
v -0.43260163 4.38586140 1.28258932
v -0.40591303 4.36609602 1.28521800
v -0.42110720 4.31413221 0.79676819
v -0.40349519 4.30174923 0.78726017
v -0.43149984 4.32248974 0.78450179
v -0.42899561 4.32290363 0.77259636
v -0.40230703 4.30313730 0.77522516
v -0.40344575 4.36037445 1.25070262
v -0.40033060 4.30598545 0.81012678
v -0.39386460 4.34282207 1.02928114
v -0.39605132 4.30956507 0.79868662
v -0.39932007 4.36663532 1.26098728
v -0.23419720 4.58536673 1.22412419
v -0.23108207 4.53097820 0.78354836
v -0.23967364 4.54779768 1.00506735
v -0.23456393 4.52424002 0.77332705
v -0.23783270 4.58131075 1.23562765
v -0.43437624 4.38328171 1.24765599
v -0.43126109 4.32889318 0.80708015
v -0.42615142 4.37286520 1.07800400
v -0.42762560 4.33294916 0.79557669
v -0.43089437 4.39001942 1.25787735
v -0.26512772 4.60827398 1.22107756
v -0.26201254 4.55388546 0.78050172
v -0.27196044 4.57784081 1.05379021
v -0.26613823 4.54762411 0.77021706
v -0.26940697 4.60469484 1.23251772
v -0.26891434 4.53784895 0.74148953
v -0.42233554 4.33389664 0.76558244
v -0.41947660 4.33986902 0.77026057
v -0.27326512 4.53423738 0.74729985
v -0.34493881 4.43502712 0.75074768
v -0.23943739 4.51601791 0.74439293
v -0.39285854 4.31206608 0.76848584
v -0.38858294 4.31698942 0.77330351
v -0.24237144 4.51135683 0.75034285
v -0.31679368 4.41418266 0.75351995
v -0.27259976 4.60219383 1.26271856
v -0.42602092 4.39824152 1.28681147
v -0.42308685 4.40290260 1.28086150
v -0.27687535 4.59727049 1.25790083
v -0.34866458 4.50007677 1.27768445
v -0.24312280 4.58036280 1.26562190
v -0.39654398 4.37641096 1.28971481
v -0.39219323 4.38002253 1.28390455
v -0.24598171 4.57439041 1.26094377
v -0.32051945 4.47923231 1.28045666
v -0.23293394 4.59007454 1.22380650
v -0.26097041 4.61083889 1.22104502
v -0.22981523 4.53562403 0.78272915
v -0.25785175 4.55638790 0.77996767
v -0.23523697 4.58960342 1.25457644
v -0.23133759 4.56081629 1.00351906
v -0.23577870 4.58632183 1.24687231
v -0.26465547 4.61139107 1.25167882
v -0.26173156 4.58909798 1.04938567
v -0.26664752 4.60918331 1.24383175
v -0.25515506 4.60082102 1.26263964
v -0.26913998 4.60696030 1.25624251
v -0.27115151 4.60160398 1.26539469
v -0.23875429 4.58445597 1.25923550
v -0.24443252 4.58181572 1.26802647
v -0.23169029 4.52768040 0.75296855
v -0.23234490 4.52636957 0.76123112
v -0.26110879 4.54946804 0.75007087
v -0.26321372 4.54923105 0.75819063
v -0.25147486 4.53656626 0.74214286
v -0.26553693 4.54405260 0.74665952
v -0.26742992 4.53662825 0.73905760
v -0.23515122 4.52154875 0.74965245
v -0.24071096 4.51683998 0.74168932
v -0.40760654 4.35787201 1.25123668
v -0.43564305 4.37863588 1.24847519
v -0.40448785 4.30342102 0.81015933
v -0.43252438 4.32418489 0.80739784
v -0.40434957 4.36479187 1.28113353
v -0.40407199 4.33118963 1.03064489
v -0.40224454 4.36502838 1.27301371
v -0.43376803 4.38657951 1.27823579
v -0.43446597 4.35947132 1.07651150
v -0.43311337 4.38788986 1.26997316
v -0.41977486 4.38198233 1.28849113
v -0.43030709 4.39271069 1.28155184
v -0.42474735 4.39741993 1.28951502
v -0.39992136 4.37020683 1.28454483
v -0.39802834 4.37763166 1.29214680
v -0.40080285 4.30286884 0.77952564
v -0.39881077 4.30507660 0.78737259
v -0.43022132 4.32465649 0.77662790
v -0.42967960 4.32793808 0.78433204
v -0.41609460 4.31772757 0.76799434
v -0.42670402 4.32980347 0.77196884
v -0.42102578 4.33244419 0.76317793
v -0.39631832 4.30729961 0.77496183
v -0.39430681 4.31265593 0.76580966
v -0.38833997 4.31946087 0.79725242
v -0.39161244 4.37659645 1.26007926
v -0.24196208 4.51405001 0.77426559
v -0.24523456 4.57118511 1.23709249
v -0.31521049 4.41483641 0.76913244
v -0.31871787 4.47607231 1.26517761
v -0.42022371 4.34307432 0.79411185
v -0.42349622 4.40020990 1.25693882
v -0.27384585 4.53766298 0.77112508
v -0.27711836 4.59479856 1.23395193
v -0.34674045 4.43818712 0.76602679
v -0.35024780 4.49942350 1.26207197
v -0.11780623 4.76119614 1.07621574
v -0.41937849 4.38036728 1.27447557
v -0.09104721 4.81699562 1.22410154
v -0.39261952 4.43616724 1.42236125
v -0.22393745 4.61155081 1.32158124
v -0.24943897 4.55837297 1.18064511
v -0.22431970 4.67423582 1.29799843
v -0.24982120 4.62105846 1.15706229
v -0.42569882 4.40796137 1.35209846
v -0.39565045 4.38570738 1.35505819
v -0.10925600 4.80756807 1.14406252
v -0.07920763 4.78531408 1.14702225
v -0.26899379 4.57046270 1.17412210
v -0.10783378 4.73836660 1.08346057
v -0.13773213 4.76050901 1.08051562
v -0.12195814 4.77953577 1.07454395
v -0.09346480 4.75843334 1.07735050
v -0.39379930 4.37724638 1.27146006
v -0.42369762 4.39938927 1.26851523
v -0.43681586 4.38193035 1.28153777
v -0.40832251 4.36082792 1.28434432
v -0.24179851 4.62717199 1.32441890
v -0.08120883 4.79388618 1.23060560
v -0.11110719 4.81602907 1.22766066
v -0.09658396 4.83244753 1.21477640
v -0.06809063 4.81134510 1.21758294
v -0.36717436 4.43276596 1.41860509
v -0.39707270 4.45490885 1.41566014
v -0.41144168 4.43484211 1.42177022
v -0.38294837 4.41373920 1.42457676
v -0.23643118 4.58477163 1.25113845
v -0.37470952 4.42076969 1.41656148
v -0.07464303 4.79969645 1.21929181
v -0.39889133 4.37034416 1.28291893
v -0.09882482 4.74927139 1.08564925
v -0.23681964 4.64847851 1.22717118
v -0.40608165 4.44400406 1.41347146
v -0.10601515 4.82293081 1.21620178
v -0.43026346 4.39357901 1.27982891
v -0.13019696 4.77250576 1.08255911
v -0.41619715 4.39575624 1.35498428
v -0.09459516 4.80187845 1.14355671
v -0.12734768 4.74866056 1.08159733
v -0.10393049 4.74512196 1.07964826
v -0.13193510 4.76586246 1.07688987
v -0.12389483 4.77492237 1.07379079
v -0.09720625 4.75515604 1.07641959
v -0.40981838 4.39195347 1.26729929
v -0.39976791 4.37153578 1.27413774
v -0.42777255 4.39227581 1.27137935
v -0.43395033 4.38338089 1.27762759
v -0.40726179 4.36361504 1.28025639
v -0.10025772 4.80515003 1.23131216
v -0.07713395 4.80099964 1.22774136
v -0.10513856 4.82173967 1.22498298
v -0.09764471 4.82965994 1.21886432
v -0.07095611 4.80989456 1.22149312
v -0.38272846 4.44844294 1.41701412
v -0.37297136 4.42741299 1.42223084
v -0.40097597 4.44815350 1.41947246
v -0.40770021 4.43811893 1.42270112
v -0.38101164 4.41835308 1.42532980
v -0.08995222 4.78164387 1.23548818
v -0.35780495 4.44339705 1.41157985
v -0.22455008 4.60972214 1.31713700
v -0.36468807 4.43356562 1.41263080
v -0.08362755 4.78849173 1.22785592
v -0.11617109 4.72697115 1.09058738
v -0.38402382 4.38872385 1.26667917
v -0.24843635 4.55991316 1.18512774
v -0.38970461 4.38139963 1.27437472
v -0.10864412 4.73632574 1.08959985
v -0.12088268 4.80455112 1.23244154
v -0.38873538 4.46630430 1.40853322
v -0.22493708 4.67318249 1.29326248
v -0.39626235 4.45694971 1.40952086
v -0.11520182 4.81187582 1.22474599
v -0.14710157 4.74987841 1.08754086
v -0.41495425 4.41163158 1.26363254
v -0.24882330 4.62337351 1.16125321
v -0.42127895 4.40478373 1.27126479
v -0.14021841 4.75970984 1.08648992
v -0.43751854 4.38268900 1.28659725
v -0.41375151 4.43224955 1.41794765
v -0.41178760 4.43568945 1.41266763
v -0.43443775 4.38845825 1.28748989
v -0.42670414 4.40478468 1.35347867
v -0.40804157 4.36085844 1.28950071
v -0.38427454 4.41041851 1.42085099
v -0.38089395 4.41280890 1.41571057
v -0.40354410 4.36557817 1.29053283
v -0.39855903 4.38394022 1.35625088
v -0.12063193 4.78285646 1.07826972
v -0.09686492 4.83241701 1.20962000
v -0.10136241 4.82769728 1.20858788
v -0.12401253 4.78046608 1.08341014
v -0.10634745 4.80933523 1.14286971
v -0.09115496 4.76102591 1.08117306
v -0.06738795 4.81058645 1.21252334
v -0.07046875 4.80481720 1.21163082
v -0.09311887 4.75758600 1.08645308
v -0.07820234 4.78849077 1.14564204
v -0.11788575 4.72735929 1.08802271
v -0.14592224 4.74812317 1.08526123
v -0.38604340 4.38872671 1.26431501
v -0.41407982 4.40949106 1.26155341
v -0.09836401 4.75098133 1.07837439
v -0.25080830 4.55761099 1.17709768
v -0.10228743 4.74474287 1.08276951
v -0.12778251 4.77276897 1.07547665
v -0.25117260 4.61735106 1.15462279
v -0.13315625 4.76760435 1.07972908
v -0.10987911 4.77199650 1.07478869
v -0.12522639 4.77747154 1.07723653
v -0.11771367 4.78376818 1.07730997
v -0.09484066 4.75496817 1.08022940
v -0.09099469 4.76397991 1.07994175
v -0.40332174 4.36587763 1.27885973
v -0.39753807 4.37189722 1.27687323
v -0.43274024 4.38766527 1.27596200
v -0.42840689 4.39475870 1.27383280
v -0.42632052 4.37239075 1.28282368
v -0.43503276 4.38624477 1.28090942
v -0.43770581 4.37967873 1.28767920
v -0.40464705 4.36374140 1.28390241
v -0.41098684 4.35989046 1.29031098
v -0.09082662 4.78378439 1.23756731
v -0.11886312 4.80454826 1.23480570
v -0.35898423 4.44515228 1.41385949
v -0.38702071 4.46591616 1.41109800
v -0.07216621 4.80561018 1.22315860
v -0.22404940 4.61341000 1.32498276
v -0.07649962 4.79851675 1.22528791
v -0.10158473 4.82739782 1.22026098
v -0.22441374 4.67315054 1.30250788
v -0.10736843 4.82137823 1.22224748
v -0.08437732 4.82517385 1.21572661
v -0.10025946 4.82953405 1.21521831
v -0.09391963 4.83338499 1.20880973
v -0.06987373 4.80703068 1.21821129
v -0.06720064 4.81359673 1.21144140
v -0.37712398 4.42050648 1.42364407
v -0.37175027 4.42567110 1.41939163
v -0.40654245 4.44229412 1.42074633
v -0.40261906 4.44853258 1.41635108
v -0.40081874 4.42556810 1.42376149
v -0.41006586 4.43830729 1.41889131
v -0.41391176 4.42929554 1.41917896
v -0.37968007 4.41580391 1.42188418
v -0.38719282 4.40950727 1.42181075
v -0.36586362 4.43080854 1.40628326
v -0.08448320 4.78613853 1.22129810
v -0.38853955 4.38352346 1.28096306
v -0.10715909 4.73885345 1.09597790
v -0.38747618 4.39454556 1.35024416
v -0.08590036 4.77537870 1.15198219
v -0.39774737 4.45442200 1.40314281
v -0.11636692 4.80975199 1.21815765
v -0.42042333 4.40713692 1.27782261
v -0.13904282 4.76246691 1.09283745
v -0.41900614 4.41789675 1.34713852
v -0.11743030 4.79872990 1.14887655
v 0.25489035 5.98802233 2.78324699
v -0.44881096 5.17396593 2.81322479
v 0.50136143 5.77660942 2.82795215
v -0.20233984 4.96255350 2.85792947
v 0.14568923 5.37200260 2.81899166
v -0.08919947 5.57348108 2.77638769
v 0.21501842 5.46041584 2.85487032
v -0.01987027 5.66189337 2.81226659
v -0.34422919 5.04987431 2.85147667
v -0.34103429 5.04574490 2.81433320
v 0.39417163 5.90407181 2.82002115
v 0.39736655 5.89994240 2.78287745
v -0.09898897 5.58274269 2.79809809
v 0.23918182 5.96399450 2.76224470
v 0.23600286 5.96810341 2.79920292
v 0.27554700 6.00206137 2.79794312
v 0.27857655 5.99814558 2.76272178
v -0.42810199 5.19206715 2.79067087
v -0.43128091 5.19617653 2.82762861
v -0.45915505 5.15214300 2.82924128
v -0.45612550 5.14822721 2.79401970
v 0.15150049 5.36788321 2.84353161
v 0.48441827 5.75364065 2.80672550
v 0.48123935 5.75774956 2.84368372
v 0.50926280 5.80158949 2.84033442
v 0.51229239 5.79767370 2.80511308
v -0.18286553 4.98171329 2.83515143
v -0.18604448 4.98582220 2.87210941
v -0.22543921 4.95167112 2.87163258
v -0.22240968 4.94775534 2.83641100
v 0.02827221 5.47270679 2.79737186
v -0.21049085 4.97223139 2.83290052
v 0.48969671 5.78222275 2.80307293
v -0.43322375 5.16328287 2.79250145
v 0.26696384 5.97327375 2.76267385
v 0.09873173 5.56256056 2.83383560
v -0.21382649 4.97654295 2.87168026
v 0.48636109 5.78653383 2.84185266
v -0.43655938 5.16759396 2.83128142
v 0.26362821 5.97758579 2.80145359
v -0.34896398 5.04125071 2.83679914
v 0.40147549 5.90937471 2.80483055
v 0.23109850 5.96352434 2.78370404
v 0.24980876 5.97812653 2.76278114
v 0.24683118 5.98197508 2.79739833
v 0.26600602 5.99891615 2.79633474
v 0.26884368 5.99524832 2.76334429
v -0.42803031 5.20103073 2.81178284
v -0.44051051 5.17955112 2.79218864
v -0.44348812 5.18339968 2.82680559
v -0.45749041 5.16196108 2.82715535
v -0.45465270 5.15829325 2.79416466
v 0.48061803 5.74949646 2.82896185
v 0.49662545 5.76641703 2.80754852
v 0.49364787 5.77026558 2.84216571
v 0.50779003 5.79152346 2.84018946
v 0.51062775 5.78785610 2.80719900
v -0.17851083 4.98700333 2.85704041
v -0.19369382 4.96784210 2.83695602
v -0.19667140 4.97169065 2.87157297
v -0.21570632 4.95456839 2.87101007
v -0.21286866 4.95090055 2.83801961
v 0.46147034 5.73072720 2.80664873
v -0.16354819 5.00769281 2.83327436
v 0.13827106 5.37835693 2.81740117
v -0.18446095 4.99457169 2.83252835
v 0.47137734 5.75325918 2.80458975
v 0.21997422 5.93787241 2.76284623
v -0.40504432 5.21483898 2.78947163
v -0.08173982 5.56707335 2.77749586
v -0.41488290 5.19221830 2.79073453
v 0.24095544 5.95090580 2.76279593
v 0.45818165 5.73497772 2.84488249
v -0.16683686 5.01194429 2.87150812
v 0.20845774 5.46786308 2.85372400
v -0.18781810 4.99891090 2.87155819
v 0.46802023 5.75759840 2.84361982
v 0.21668553 5.94212389 2.80107999
v -0.40833297 5.21908951 2.82770562
v -0.01155314 5.65657949 2.81381845
v -0.41823998 5.19655752 2.82976437
v 0.23759830 5.95524502 2.80182600
v -0.45417279 5.14312363 2.83129263
v -0.23526029 4.95534945 2.87099886
v -0.23294064 4.96857977 2.87062025
v -0.44156581 5.14752960 2.83277988
v -0.34869438 5.04446125 2.85049486
v -0.45103863 5.13907290 2.79485512
v -0.23212613 4.95129824 2.83456135
v -0.22965588 4.96433353 2.83243179
v -0.43828106 5.14328432 2.79459143
v -0.34570184 5.04059362 2.81570387
v 0.28526351 5.99851894 2.79979277
v 0.50417596 5.81074429 2.83949900
v 0.49141836 5.80653286 2.83976269
v 0.28279319 5.98548317 2.80192256
v 0.39883924 5.90922356 2.81865025
v 0.28839764 5.99446774 2.76335549
v 0.50731015 5.80669355 2.80306172
v 0.49470317 5.80228710 2.80157423
v 0.28607798 5.98123741 2.76373410
v 0.40183172 5.90535545 2.78385925
v 0.21630639 5.94180250 2.76391792
v 0.21332543 5.94565582 2.79857445
v -0.40942365 5.21794510 2.79057360
v -0.41240463 5.22179842 2.82523012
v 0.26328212 5.98797369 2.76195431
v -0.09506885 5.57854986 2.77625275
v 0.25392202 5.97315311 2.76188254
v 0.26015422 5.99201679 2.79831886
v -0.02899686 5.66280842 2.81044626
v 0.25063989 5.97739553 2.80004025
v 0.27801386 6.00314331 2.78372669
v 0.27142835 5.99376535 2.79970407
v 0.28890887 6.00262737 2.79791117
v 0.27465913 5.98958921 2.76214361
v 0.29174981 5.99895525 2.76488304
v -0.44831893 5.16477919 2.79226804
v -0.43502811 5.17616177 2.79123163
v -0.45144686 5.16882181 2.82863283
v -0.43831024 5.18040419 2.82938933
v -0.46038374 5.14894962 2.81518221
v -0.45148662 5.15748215 2.83049989
v -0.45777410 5.13884974 2.82971954
v -0.44825590 5.15330648 2.79293942
v -0.45493320 5.13517714 2.79669142
v 0.46554196 5.72801876 2.80912399
v 0.46256101 5.73187160 2.84378052
v -0.16018806 5.00416136 2.83577991
v -0.16316906 5.00801420 2.87043643
v 0.50458419 5.78099489 2.80572128
v 0.15140113 5.36713791 2.82095742
v 0.49144757 5.76941299 2.80496502
v 0.50145632 5.78503752 2.84208632
v 0.21747312 5.45139647 2.85515070
v 0.48816544 5.77365541 2.84312248
v 0.51290530 5.80166292 2.82633114
v 0.50139326 5.79651022 2.84141493
v 0.50807059 5.81463957 2.83766270
v 0.50462401 5.79233456 2.80385447
v 0.51091146 5.81096745 2.80463457
v -0.20701693 4.95780039 2.83603525
v -0.19750252 4.97242165 2.83431387
v -0.21014483 4.96184349 2.87240028
v -0.20078467 4.97666407 2.87247181
v -0.22549227 4.94746971 2.85778666
v -0.22152176 4.96022797 2.87221098
v -0.23861244 4.95086145 2.86947107
v -0.21829100 4.95605183 2.83465028
v -0.23577151 4.94718933 2.83644295
v -0.19559740 5.00336552 2.83039784
v 0.46098739 5.76291561 2.80242753
v -0.40446001 5.18251944 2.79251432
v 0.25212476 5.94206953 2.76454401
v -0.32360986 5.06570864 2.81267858
v 0.38009959 5.87977409 2.78270054
v -0.19898742 5.00774717 2.86981010
v 0.45759732 5.76729774 2.84183979
v -0.40785006 5.18690109 2.83192682
v 0.24873473 5.94645166 2.80395651
v -0.32696226 5.07004261 2.85165358
v 0.37674719 5.88410807 2.82167578
v -0.15685630 5.05782604 3.11008215
v 0.82617384 6.12678862 3.01389933
v -0.15597014 5.03590822 2.87554789
v 0.82705992 6.10487080 2.77936506
v 0.35257620 5.55535984 2.83448410
v 0.35173172 5.57624769 3.05799723
v 0.22202046 5.47141027 2.84183621
v 0.22117597 5.49229813 3.06534910
v 0.83956397 6.15247726 2.89325666
v 0.86722368 6.12726212 2.89571738
v -0.19193949 5.03080368 2.99418211
v -0.16427973 5.00558853 2.99664283
v 0.33448285 5.59263992 3.06388760
v -0.11511638 5.07057142 3.10845661
v -0.14263807 5.09566021 3.10600805
v -0.18906042 5.04335213 3.10519171
v -0.16283205 5.01944256 3.10752487
v 0.81704056 6.08421373 3.01725101
v 0.78951877 6.10930252 3.01480246
v 0.83727598 6.15940714 3.00477123
v 0.86350441 6.13549662 3.00710487
v 0.33538342 5.57036495 2.82552958
v -0.11423466 5.04876328 2.87509680
v -0.14175637 5.07385206 2.87264824
v -0.18822011 5.02256918 2.88279438
v -0.16199175 4.99865866 2.88512802
v 0.81792223 6.06240559 2.78389144
v 0.79040056 6.08749437 2.78144264
v 0.83811623 6.13862324 2.78237438
v 0.86434466 6.11471367 2.78470802
v 0.35239050 5.56558800 2.94626188
v 0.84154248 6.08777905 2.79240990
v -0.13657920 5.02415419 2.88811255
v 0.84074169 6.10758591 3.00435591
v -0.13737999 5.04396105 3.10005856
v 0.21970627 5.48026991 2.95373368
v 0.81266415 6.11410475 2.78984070
v -0.16545750 5.05047989 2.88554335
v 0.81186336 6.13391113 3.00178671
v -0.16625829 5.07028675 3.09748936
v 0.85909343 6.15148258 2.89342308
v -0.18922722 5.01152229 2.99599409
v -0.12556830 5.09166908 3.10850096
v -0.13208047 5.05394030 3.11070490
v -0.15785895 5.07743979 3.10841155
v -0.18041746 5.05146456 3.10833836
v -0.15585040 5.02906942 3.11052418
v 0.79519665 6.09292364 3.01841044
v 0.83225578 6.10257483 3.01635122
v 0.80647731 6.12607431 3.01405764
v 0.83026540 6.15049744 3.00944996
v 0.85483253 6.12810230 3.01163554
v -0.12467121 5.06948042 2.87106562
v -0.13119310 5.03199148 2.87584162
v -0.15697157 5.05549097 2.87354803
v -0.17954825 5.02996349 2.87826395
v -0.15498117 5.00756836 2.88044930
v 0.79609382 6.07073498 2.78097486
v 0.83314317 6.08062601 2.78148794
v 0.80736470 6.10412550 2.77919436
v 0.83113462 6.12899637 2.77937531
v 0.85570168 6.10660124 2.78156090
v -0.08424532 5.08059835 2.87403011
v 0.78886956 6.03003740 2.78860164
v 0.35272890 5.55585766 2.84157896
v 0.81067264 6.05366802 2.79179096
v -0.10549565 5.05741215 2.88143158
v -0.08511358 5.10207367 3.10383081
v 0.78800130 6.05151272 3.01840234
v 0.35193792 5.57542229 3.05093479
v 0.80984420 6.07415819 3.01105356
v -0.10632407 5.07790232 3.10069418
v -0.11271708 5.10655308 2.87149715
v 0.76039779 6.05599213 2.78606868
v 0.22055845 5.47087002 2.84902191
v 0.78160822 6.08016348 2.78920507
v -0.13456003 5.08390760 2.87884593
v -0.11358534 5.12802839 3.10129786
v 0.75952953 6.07746744 3.01586914
v 0.21976745 5.49043465 3.05837774
v 0.78077984 6.10065365 3.00846744
v -0.13538843 5.10439777 3.09810853
v 0.84015667 6.16275740 2.99736428
v 0.84094363 6.14329004 2.78905368
v 0.82974207 6.13289022 2.79492044
v 0.82899207 6.15144253 2.99344206
v 0.84681875 6.15861511 2.89271021
v 0.86729050 6.13802195 2.99977827
v 0.86807752 6.11855459 2.79146767
v 0.85817987 6.10696602 2.79745054
v 0.85742992 6.12551880 2.99597239
v 0.87272668 6.13499737 2.89501524
v -0.19279325 5.03951120 3.09843135
v -0.19200626 5.02004385 2.89012098
v -0.18214568 5.03254700 2.89392710
v -0.18289575 5.05109978 3.09244871
v -0.19744247 5.02306843 2.99488401
v -0.16565944 5.01477575 3.10084581
v -0.16487245 4.99530840 2.89253521
v -0.15370786 5.00662327 2.89645720
v -0.15445790 5.02517557 3.09497857
v -0.17153467 4.99945068 2.99718904
v -0.08695640 5.10309172 3.10744286
v -0.11276424 5.12661791 3.10514688
v 0.78715241 6.05361128 3.02191734
v 0.76134455 6.07713795 3.01962137
v -0.14628449 5.03693771 3.10959363
v 0.35102913 5.57738447 3.06344652
v -0.12978914 5.05336523 3.10630846
v -0.17336448 5.06162357 3.10718441
v 0.22660710 5.49737883 3.07045364
v -0.15820412 5.07926846 3.10378003
v -0.18119505 5.03107309 3.10693264
v -0.18169181 5.05293226 3.10252380
v -0.19658594 5.03286076 3.09915829
v -0.15372148 5.02743435 3.10501242
v -0.17199090 5.01043987 3.10134649
v 0.84778112 6.11790037 3.01233101
v 0.83263433 6.09991980 3.01214170
v 0.82070118 6.14258623 3.00992155
v 0.80421931 6.12582302 3.00961351
v 0.85030377 6.15274096 3.00600767
v 0.82817882 6.15108156 3.00371504
v 0.84648716 6.16711473 2.99710059
v 0.85614914 6.12558365 3.00620317
v 0.87108219 6.14469385 2.99928856
v -0.08606031 5.08092785 2.87027788
v -0.11186815 5.10445452 2.86798191
v 0.78804845 6.03144789 2.78475237
v 0.76224059 6.05497408 2.78245616
v -0.14541699 5.01547956 2.87997770
v 0.35191518 5.55546665 2.82891345
v -0.12893514 5.03224277 2.88028574
v -0.17249697 5.04016542 2.87756848
v 0.22749321 5.47546101 2.83591986
v -0.15735015 5.05814600 2.87775779
v -0.18035060 5.01018476 2.88341713
v -0.18086499 5.03248215 2.88369608
v -0.19579798 5.01337194 2.89061069
v -0.15289468 5.00698423 2.88618469
v -0.17120294 4.99095106 2.89279890
v 0.84864861 6.09644222 2.78271484
v 0.83348829 6.07879734 2.78611922
v 0.82156867 6.12112808 2.78030586
v 0.80507332 6.10470057 2.78359127
v 0.85114819 6.13185310 2.78249216
v 0.82900566 6.13063145 2.78488708
v 0.84727514 6.14762592 2.78855276
v 0.85697597 6.10513353 2.78737545
v 0.87187016 6.12520504 2.79074121
v 0.81129777 6.05506372 2.80201006
v -0.10591337 5.05767345 2.89175296
v 0.81054682 6.07363701 3.00075769
v -0.10666431 5.07624722 3.09050035
v 0.84367460 6.10029173 2.89814854
v -0.13936692 5.03131628 2.99433279
v 0.78194857 6.08181858 2.79939890
v -0.13526261 5.08442879 2.88914180
v 0.78119755 6.10039234 2.99814653
v -0.13601357 5.10300207 3.08788919
v 0.81465107 6.12674952 2.89556646
v -0.16839047 5.05777407 2.99175024
v -0.13914900 4.85404205 1.82461810
v 0.44206637 5.58806467 2.35236597
v 0.13952650 5.08187532 1.20082569
v 0.72074181 5.81589746 1.72857356
v 0.44085708 5.42830849 1.48151147
v 0.17527738 5.21118212 2.07599020
v 0.35143048 5.37840843 1.42333531
v 0.08585078 5.16128159 2.01781392
v 0.58429956 5.73015785 2.05205441
v 0.61231411 5.70546246 2.05555010
v -0.02557553 4.95994139 1.49828362
v 0.00243895 4.93524551 1.50177908
v 0.14901613 5.21934700 2.09355569
v -0.10690150 4.85905218 1.83877158
v -0.13477615 4.88362455 1.83529353
v -0.15544997 4.85321045 1.79551601
v -0.12888527 4.82979250 1.79883075
v 0.44423518 5.55508757 2.33920765
v 0.41636056 5.57965994 2.33572960
v 0.45137024 5.61956882 2.34651327
v 0.47793490 5.59615135 2.34982777
v 0.43223500 5.45089436 1.45959330
v 0.17037801 5.08574390 1.21810389
v 0.14250341 5.11031628 1.21462595
v 0.10880365 5.06925249 1.20400584
v 0.13536835 5.04583502 1.20732045
v 0.72151470 5.78177929 1.71854007
v 0.69364005 5.80635166 1.71506214
v 0.71562380 5.83561134 1.75500298
v 0.74218851 5.81219339 1.75831747
v 0.30830684 5.31953382 1.77878070
v 0.72306800 5.78793335 1.75944114
v 0.14475477 5.05757666 1.23432851
v 0.47123241 5.58204365 2.32315445
v -0.10708083 4.85168648 1.79804206
v 0.21742229 5.26882076 1.71965599
v 0.69381928 5.81371737 1.75579166
v 0.11550612 5.08336020 1.23067904
v 0.44198379 5.60782719 2.31950521
v -0.13632947 4.87747002 1.79439259
v 0.60053474 5.72650766 2.05797434
v -0.01928362 4.94373322 1.49517477
v -0.12230233 4.87573576 1.84520984
v -0.11819064 4.84708595 1.83202338
v -0.14429966 4.87010193 1.82876563
v -0.15454225 4.85458374 1.81003284
v -0.12966016 4.83264971 1.81313753
v 0.42209890 5.56326532 2.33952999
v 0.45197198 5.56714964 2.34973526
v 0.42586288 5.59016514 2.34647751
v 0.44302267 5.60925388 2.35262609
v 0.46790481 5.58731985 2.35573053
v 0.15981989 5.10638714 1.21370220
v 0.16087563 5.07523870 1.20735621
v 0.13476658 5.09825420 1.20409846
v 0.11883377 5.07808399 1.19810283
v 0.14371589 5.05614948 1.20120764
v 0.70422113 5.79391670 1.70802236
v 0.73103827 5.79530191 1.72506809
v 0.70492923 5.81831789 1.72181022
v 0.71639872 5.83275414 1.74069619
v 0.74128079 5.81082010 1.74380076
v 0.18619886 5.10563421 1.23874581
v 0.70242703 5.75758362 1.70748460
v 0.43262795 5.42127132 1.50036132
v 0.70919418 5.76827431 1.73309267
v 0.16751079 5.08417702 1.24124038
v -0.08685163 4.88240004 1.84994698
v 0.42937654 5.53434944 2.31868601
v 0.18387008 5.21789789 2.05718565
v 0.44866487 5.55527687 2.31626606
v -0.09301849 4.87117958 1.82441390
v 0.15736198 5.13105440 1.23514771
v 0.67359018 5.78300381 1.70388663
v 0.34209532 5.37075472 1.44146550
v 0.67975706 5.79422426 1.72941971
v 0.13807370 5.11012697 1.23756731
v -0.11568848 4.90782022 1.84634900
v 0.40053967 5.55976963 2.31508780
v 0.09333744 5.16738129 1.99828982
v 0.41922775 5.58122635 2.31259346
v -0.12245560 4.89712954 1.82074094
v 0.46123555 5.62928438 2.32949829
v 0.70875156 5.83164215 1.77545381
v 0.69604903 5.81960630 1.78273582
v 0.46016446 5.62675714 2.31074429
v 0.58895844 5.73413944 2.05558991
v 0.48871729 5.60505819 2.33292723
v 0.73623329 5.80741644 1.77888286
v 0.72485149 5.79421616 1.78632963
v 0.48896691 5.60136700 2.31433821
v 0.61519843 5.71100760 2.05886412
v -0.14949475 4.85798693 1.77495074
v 0.09802125 5.06034565 1.22090638
v 0.09777160 5.06403685 1.23949564
v -0.13811296 4.87118769 1.76750398
v -0.02845987 4.95439625 1.49496973
v -0.12201302 4.83376122 1.77837968
v 0.12550300 5.03611946 1.22433531
v 0.12657413 5.03864622 1.24308944
v -0.10931046 4.84579706 1.77109790
v -0.00221983 4.93126440 1.49824369
v -0.09286979 4.87964106 1.85930586
v -0.11900858 4.90268326 1.85604429
v 0.42394593 5.53233194 2.32857823
v 0.39780715 5.55537415 2.32531691
v -0.12320266 4.83795404 1.81714678
v 0.16803958 5.20643806 2.09055948
v -0.11103747 4.85091734 1.82094598
v -0.15062991 4.86213207 1.81372464
v 0.08281440 5.15888214 2.03511643
v -0.13981687 4.87628746 1.81735492
v -0.14705804 4.84141016 1.79693842
v -0.14934389 4.86186886 1.79507923
v -0.15134266 4.85295963 1.77270913
v -0.12101487 4.83689594 1.79861403
v -0.12643225 4.83099985 1.77581739
v 0.46453744 5.58021688 2.35081911
v 0.45799431 5.56955242 2.33763075
v 0.43711022 5.60439491 2.34739685
v 0.42921492 5.59492254 2.33403993
v 0.46281442 5.61162376 2.35070705
v 0.44774091 5.61593246 2.33723664
v 0.46537304 5.63181496 2.33269143
v 0.47606987 5.59095955 2.34077120
v 0.49028346 5.60985565 2.33579969
v 0.18893139 5.11002922 1.22851682
v 0.16279261 5.13307142 1.22525537
v 0.70574713 5.76272058 1.69778919
v 0.67960835 5.78576279 1.69452786
v 0.14962834 5.06100893 1.20643675
v 0.44671381 5.43426991 1.46676970
v 0.15752363 5.07048130 1.21979368
v 0.12220111 5.08518696 1.20301449
v 0.36148864 5.38671398 1.41132689
v 0.12874426 5.09585142 1.21620274
v 0.11852477 5.05853939 1.20245290
v 0.11066867 5.07444429 1.21306229
v 0.09645510 5.05554819 1.21803403
v 0.13899764 5.04947090 1.21659708
v 0.12136554 5.03358889 1.22114217
v 0.73736846 5.80327177 1.74010897
v 0.72655547 5.78911638 1.73647869
v 0.70994121 5.82744980 1.73668683
v 0.69777602 5.81448650 1.73288774
v 0.72839725 5.82875299 1.75622153
v 0.70775348 5.82850742 1.75521958
v 0.71317083 5.83440351 1.77801633
v 0.73608249 5.80353498 1.75875437
v 0.73808116 5.81244421 1.78112447
v 0.69745857 5.75857162 1.76067281
v 0.15515858 5.07369614 1.26826048
v 0.46130556 5.56550312 2.28928208
v -0.08099444 4.88062763 1.79686975
v 0.59867817 5.68676043 2.04262781
v 0.01745606 4.95272970 1.51487374
v 0.66773301 5.78477621 1.75696385
v 0.12543298 5.09990025 1.26455152
v 0.43157998 5.59170771 2.28557301
v -0.11072005 4.90683222 1.79316092
v 0.56928247 5.71267414 2.03895998
v -0.01193966 4.97864294 1.51120591
v 0.40733525 3.58048820 0.72895271
v -0.28466016 4.33021545 0.69154632
v 0.67530066 3.82745957 0.72174239
v -0.01669483 4.57718658 0.68433601
v 0.32276851 4.19745302 0.72631246
v 0.06739561 3.96208763 0.73318404
v 0.39464644 4.11842966 0.69085181
v 0.13927355 3.88306427 0.69772333
v -0.16758104 4.47156763 0.67172259
v -0.16796735 4.47308064 0.70919883
v 0.55853683 3.68487167 0.71097344
v 0.55815047 3.68638492 0.74844968
v 0.05915550 3.95332932 0.71007967
v 0.38987288 3.60139847 0.75005311
v 0.39025721 3.59989262 0.71276397
v 0.42965922 3.56978607 0.71526349
v 0.42929295 3.57122111 0.75080031
v -0.26631084 4.31232595 0.71458250
v -0.26592648 4.31082010 0.67729342
v -0.29282123 4.35254145 0.67620921
v -0.29318756 4.35397625 0.71174604
v 0.33148965 4.20432663 0.70275182
v 0.65649587 3.84713244 0.74287885
v 0.65688038 3.84562683 0.70558977
v 0.68375701 3.80397654 0.70842630
v 0.68339068 3.80541134 0.74396306
v 0.00031223 4.55806017 0.70740831
v 0.00069659 4.55655432 0.67011917
v -0.03872346 4.58673143 0.66937196
v -0.03908977 4.58816671 0.70490879
v 0.19507878 4.07978296 0.73006880
v -0.02810852 4.56435061 0.70778197
v 0.66043174 3.81836700 0.74500155
v -0.27026552 4.34116554 0.71429789
v 0.41827467 3.59518218 0.75151753
v 0.26812857 3.99947143 0.69402999
v -0.02770521 4.56277037 0.66865480
v 0.66083497 3.81678724 0.70587438
v -0.26986220 4.33958578 0.67517072
v 0.41867799 3.59360218 0.71239030
v -0.17365551 4.47858906 0.68647039
v 0.56430066 3.67906713 0.72636116
v 0.38376036 3.60271358 0.72803062
v 0.40035215 3.58828807 0.74950755
v 0.40071219 3.58687735 0.71458030
v 0.41975215 3.57175875 0.71620911
v 0.41940904 3.57310271 0.74949503
v -0.26440406 4.30495310 0.69299358
v -0.27848384 4.32375765 0.71281248
v -0.27812383 4.32234716 0.67788523
v -0.29170913 4.34257507 0.67775053
v -0.29205224 4.34391975 0.71103638
v 0.65504003 3.85273957 0.72073114
v 0.66869324 3.83560562 0.74228704
v 0.66905332 3.83419514 0.70735979
v 0.68262172 3.81403327 0.70913589
v 0.68227863 3.81537747 0.74242181
v 0.00687556 4.55497885 0.68569404
v -0.01014272 4.57107544 0.70559198
v -0.00978270 4.56966448 0.67066479
v -0.02883956 4.58484983 0.67067724
v -0.02918266 4.58619404 0.70396316
v 0.63367498 3.86779928 0.74245387
v 0.01905342 4.53369761 0.70923001
v 0.31467831 4.19000912 0.72677326
v -0.00212423 4.54458284 0.70897430
v 0.64280438 3.84584951 0.74383646
v 0.37111843 3.62581301 0.74951869
v -0.24350312 4.29171133 0.71629477
v 0.07548077 3.96955132 0.73320961
v -0.25264081 4.31369352 0.71571517
v 0.39228776 3.61495996 0.75057733
v 0.63407260 3.86624169 0.70387745
v 0.01945104 4.53213978 0.67065358
v 0.38744530 4.11000824 0.69087404
v -0.00171831 4.54299307 0.66959494
v 0.64321023 3.84425926 0.70445710
v 0.37151605 3.62425542 0.71094227
v -0.24310547 4.29015350 0.67771846
v 0.14824770 3.88955092 0.69731033
v -0.25223491 4.31210327 0.67633581
v 0.39269373 3.61336970 0.71119797
v -0.28709552 4.36245537 0.67525345
v -0.04909208 4.58181190 0.66884935
v -0.04726195 4.56859064 0.66851705
v -0.27408093 4.35954189 0.67462027
v -0.17208363 4.47648048 0.67266673
v -0.28747448 4.36393976 0.71201706
v -0.04947104 4.58329678 0.70561284
v -0.04765912 4.57014656 0.70704752
v -0.27447811 4.36109781 0.71315074
v -0.17244549 4.47789812 0.70776916
v 0.44004053 3.57465625 0.71455944
v 0.67804396 3.79401278 0.70815521
v 0.66504753 3.79685497 0.70702159
v 0.43822858 3.58780622 0.71312475
v 0.56301492 3.68005466 0.71240312
v 0.43966156 3.57614064 0.75132298
v 0.67766494 3.79549742 0.74491882
v 0.66465038 3.79841065 0.74555200
v 0.43783140 3.58936214 0.75165522
v 0.56265312 3.68147206 0.74750555
v 0.36727965 3.62148356 0.74784613
v 0.36764008 3.62007165 0.71287906
v -0.24804159 4.28813982 0.71458441
v -0.24768113 4.28672743 0.67961740
v 0.41380471 3.57974935 0.75087422
v 0.06110950 3.95624781 0.73242968
v 0.40471122 3.59374428 0.75112134
v 0.41418296 3.57826781 0.71418357
v 0.12961049 3.88093734 0.69863498
v 0.40510806 3.59218979 0.71262187
v 0.43069127 3.56780005 0.72953582
v 0.42591497 3.57789683 0.71371526
v 0.44345036 3.57074046 0.71647555
v 0.42552432 3.57942700 0.75161225
v 0.44310689 3.57208610 0.74979937
v -0.28595901 4.33789253 0.71304792
v -0.27277836 4.32775497 0.71449912
v -0.28558084 4.33641148 0.67635727
v -0.27238145 4.32620049 0.67599964
v -0.29542321 4.35449266 0.69028509
v -0.28497458 4.34809399 0.67528760
v -0.29081178 4.36626005 0.67678440
v -0.28536519 4.34962416 0.71318448
v -0.29115528 4.36760569 0.71010822
v 0.63825059 3.87122512 0.74055487
v 0.63861108 3.86981320 0.70558786
v 0.02292939 4.53788090 0.70729321
v 0.02328981 4.53646898 0.67232615
v 0.67615038 3.82154131 0.74381500
v 0.32907367 4.20321846 0.72521925
v 0.66295099 3.83175206 0.74417263
v 0.67652845 3.82005978 0.70712441
v 0.39757463 4.12790775 0.69142461
v 0.66334772 3.83019757 0.70567316
v 0.68606710 3.80316830 0.72266418
v 0.67593467 3.80832839 0.70698780
v 0.68172473 3.79034686 0.71006405
v 0.67554402 3.80985856 0.74488473
v 0.68138123 3.79169250 0.74338788
v -0.02361348 4.57968473 0.70598871
v -0.01453861 4.56576300 0.70755041
v -0.02323527 4.57820320 0.66929805
v -0.01414177 4.56420851 0.66905093
v -0.04004737 4.58986092 0.68341345
v -0.03495485 4.57852554 0.66856009
v -0.05253741 4.58586693 0.67037290
v -0.03534550 4.58005571 0.70645702
v -0.05288092 4.58721256 0.70369673
v -0.01421303 4.53418684 0.70946276
v 0.63144970 3.83465815 0.74436462
v -0.24129015 4.32490015 0.71557289
v 0.40437260 3.62537146 0.75047475
v -0.15091969 4.45463800 0.71104473
v 0.54108381 3.70490241 0.74845153
v -0.01380314 4.53258133 0.66969752
v 0.63185966 3.83305240 0.70459938
v -0.24088028 4.32329464 0.67580771
v 0.40478250 3.62376595 0.71070951
v -0.15051433 4.45305061 0.67172074
v 0.54148918 3.70331454 0.70912755
v 0.44971874 3.63586068 0.64751059
v -0.26395869 4.26157713 0.61347598
v 0.45630872 3.64775276 0.72795594
v -0.25736868 4.27346897 0.69392133
v 0.08417276 3.94326520 0.71281177
v 0.07789246 3.93193197 0.63614684
v 0.18365805 3.90768623 0.70992160
v 0.17737775 3.89635301 0.63325667
v -0.26823419 4.29424906 0.65036798
v -0.29279625 4.26656628 0.65647238
v 0.48063475 3.63767886 0.68608081
v 0.45607263 3.60999584 0.69218522
v 0.09297612 3.94879079 0.62980032
v 0.41679278 3.63576651 0.65042901
v 0.44123229 3.66331148 0.64435506
v 0.47499907 3.63296866 0.64800823
v 0.45170805 3.60671830 0.65379673
v -0.25995082 4.22910118 0.61815578
v -0.23551133 4.25664568 0.61208183
v -0.27011856 4.28625011 0.61247426
v -0.29340956 4.25999975 0.61826277
v 0.09967357 3.96087670 0.71155715
v 0.42334983 3.64759922 0.73047137
v 0.44778931 3.67514372 0.72439742
v 0.48124808 3.64424515 0.72429037
v 0.45795709 3.61799502 0.73007894
v -0.25339383 4.24093342 0.69819814
v -0.22895433 4.26847839 0.69212419
v -0.26386961 4.29752684 0.68875641
v -0.28716061 4.27127647 0.69454491
v 0.08082251 3.93736172 0.67453152
v -0.27098215 4.25434065 0.69387966
v 0.43913171 3.63174868 0.72774434
v -0.27693743 4.24359369 0.62118220
v 0.43317643 3.62100196 0.65504688
v 0.18192977 3.90120268 0.67159420
v -0.24533796 4.28324318 0.68750632
v 0.46477589 3.66065121 0.72137100
v -0.25129321 4.27249670 0.61480880
v 0.45882061 3.64990449 0.64867353
v -0.28421426 4.28847122 0.65253115
v 0.47686392 3.62119627 0.68882626
v 0.42693296 3.65544248 0.64597076
v 0.42922673 3.62635946 0.65053588
v 0.45211822 3.65215945 0.64484662
v 0.46847132 3.63692451 0.64660394
v 0.44665560 3.61233687 0.65202576
v -0.24154015 4.24152613 0.61409187
v -0.27087897 4.24017668 0.61714846
v -0.24798745 4.26597691 0.61145920
v -0.26528180 4.28024197 0.61161190
v -0.28709757 4.25565434 0.61703372
v 0.43360445 3.66748166 0.72741109
v 0.43582591 3.63826823 0.73109394
v 0.45871741 3.66406822 0.72540474
v 0.47493601 3.64859033 0.72551942
v 0.45312029 3.62400293 0.73094130
v -0.23486868 4.25356531 0.69553220
v -0.26427972 4.25208569 0.69770658
v -0.24138825 4.27788544 0.69201732
v -0.25881714 4.29190779 0.69052744
v -0.28063285 4.26732063 0.69594926
v 0.40144578 3.66582394 0.72894377
v -0.23243347 4.22157717 0.69871467
v 0.08381447 3.94272661 0.71042341
v -0.24847296 4.23471594 0.69622743
v 0.41666290 3.65155816 0.72794718
v 0.39498883 3.65417218 0.65012217
v -0.23889042 4.20992517 0.61989301
v 0.07793196 3.93211126 0.63861436
v -0.25463378 4.22359800 0.62102038
v 0.41050202 3.64044046 0.65274012
v 0.42672890 3.69431973 0.72266012
v -0.20715034 4.25007296 0.69243103
v 0.18453023 3.90670753 0.70749754
v -0.22266355 4.26380444 0.68981308
v 0.44247231 3.68064690 0.72153276
v 0.42027193 3.68266749 0.64383852
v -0.21360730 4.23842096 0.61360943
v 0.17864768 3.89609218 0.63568848
v -0.22882442 4.25268650 0.61460602
v 0.43631142 3.66952944 0.64632571
v -0.27191937 4.28916502 0.61467570
v -0.26606619 4.29972744 0.68612623
v -0.25797918 4.29342890 0.68466806
v -0.26355729 4.28336287 0.61657524
v -0.27364311 4.29743290 0.65034044
v -0.29601440 4.26200867 0.62066406
v -0.29016122 4.27257061 0.69211459
v -0.28323224 4.26496696 0.69094419
v -0.28881034 4.25490141 0.62285137
v -0.29664952 4.27150345 0.65605813
v 0.47799972 3.63167405 0.65043861
v 0.48385286 3.64223623 0.72188914
v 0.47664881 3.64934397 0.71970183
v 0.47107071 3.63927794 0.65160894
v 0.48448801 3.63274169 0.68649501
v 0.45390466 3.60451770 0.65642697
v 0.45975780 3.61507988 0.72787750
v 0.45139575 3.62088227 0.72597796
v 0.44581768 3.61081624 0.65788507
v 0.46148163 3.60681224 0.69221276
v 0.39642891 3.65500236 0.64858240
v 0.41934645 3.68083167 0.64288670
v -0.23817188 4.21138811 0.61831886
v -0.21525434 4.23721743 0.61262321
v 0.43951431 3.61637950 0.65209407
v 0.07834306 3.93233490 0.63410634
v 0.42748597 3.62587309 0.65230995
v 0.46356156 3.64348221 0.64611763
v 0.17315437 3.89842725 0.63135201
v 0.45271873 3.65431166 0.64603883
v 0.46757883 3.62083983 0.65021175
v 0.46984559 3.63917112 0.64814311
v 0.48054385 3.62717557 0.65085340
v 0.44500777 3.61117744 0.65431607
v 0.45870322 3.60256004 0.65628141
v -0.28217483 4.24912024 0.61767733
v -0.27123109 4.23847294 0.61898875
v -0.25812766 4.27622271 0.61170089
v -0.24599834 4.26691151 0.61271763
v -0.28128675 4.27740717 0.61449903
v -0.26331791 4.28197193 0.61317921
v -0.27672455 4.29111052 0.61473995
v -0.28815579 4.25397778 0.61935216
v -0.29856515 4.26649475 0.62016797
v 0.40309283 3.66702747 0.72992998
v 0.42601037 3.69285703 0.72423434
v -0.23150799 4.22341347 0.69966644
v -0.20859043 4.24924278 0.69397080
v 0.44596609 3.62802219 0.73085225
v 0.08493302 3.94422698 0.71455133
v 0.43383682 3.63733363 0.72983551
v 0.47001335 3.65512490 0.72487581
v 0.17974432 3.91031957 0.71179694
v 0.45906955 3.66577220 0.72356445
v 0.47385916 3.63217306 0.72687757
v 0.47599429 3.65026689 0.72320104
v 0.48640364 3.63775015 0.72238523
v 0.45115644 3.62227321 0.72937393
v 0.46456304 3.61313438 0.72781324
v -0.27572310 4.26076269 0.69643557
v -0.26488027 4.24993324 0.69651437
v -0.25167587 4.28786564 0.69045913
v -0.23964752 4.27837181 0.69024324
v -0.27500638 4.28874063 0.69116485
v -0.25716928 4.29306746 0.68823713
v -0.27086473 4.30168486 0.68627179
v -0.28200713 4.26507378 0.69441003
v -0.29270533 4.27706957 0.69169980
v -0.24926624 4.23438501 0.69272250
v 0.41662675 3.65056372 0.72447830
v -0.25485066 4.22430754 0.62455213
v 0.41104233 3.64048624 0.65630794
v -0.27581024 4.25046062 0.65746176
v 0.43787557 3.62473679 0.69149679
v -0.22320385 4.26375866 0.68624520
v 0.44268915 3.67993760 0.71800107
v -0.22878827 4.25368118 0.61807489
v 0.43710473 3.66985989 0.64983070
v -0.25003707 4.27950859 0.65105635
v 0.46364868 3.65378475 0.68509138
v 0.63006443 3.39807987 1.31058645
v 2.53443527 5.72981453 3.21265316
v 1.03379714 3.70684600 0.52784961
v 2.93816781 6.03858042 2.42991638
v 1.99328101 4.84974432 1.49973333
v 1.60852087 4.55548763 2.24568725
v 1.76801968 4.63565826 1.29909384
v 1.38325953 4.34140158 2.04504752
v 2.77214098 5.95209026 2.86655235
v 2.79936767 5.92660046 2.87054110
v 0.77386546 3.50537777 0.87069464
v 0.80109191 3.47988820 0.87468290
v 1.57879257 4.56158543 2.26797628
v 0.69639808 3.44416642 1.36019385
v 0.66930765 3.46952891 1.35622537
v 0.58815557 3.36445284 1.24691105
v 0.61397290 3.34028220 1.25069308
v 2.50221539 5.65522957 3.16382575
v 2.47512484 5.68059206 3.15985775
v 2.57642126 5.79890871 3.23277164
v 2.60223866 5.77473831 3.23655343
v 1.98910749 4.87538576 1.47247803
v 1.09810841 3.75138593 0.58137786
v 1.07101798 3.77674818 0.57740951
v 0.97099447 3.65723991 0.50468206
v 0.99681181 3.63306928 0.50846386
v 2.90392518 5.96244955 2.38501024
v 2.87683487 5.98781204 2.38104153
v 2.95925999 6.09169626 2.49054241
v 2.98507762 6.06752539 2.49432421
v 1.80113399 4.70239782 1.87274432
v 2.93068457 6.00224304 2.46530962
v 1.03582251 3.68215108 0.57274014
v 2.56583619 5.72321415 3.17265964
v 0.67097431 3.40312290 1.28008974
v 1.57219994 4.48482132 1.66883373
v 2.90225887 6.02885580 2.46114564
v 1.00739658 3.70876384 0.56857598
v 2.53741050 5.74982738 3.16849518
v 0.64254844 3.42973542 1.27592576
v 2.79937744 5.96178675 2.88442612
v 0.76852268 3.47518444 0.85602832
v 0.68803746 3.46986818 1.37568855
v 0.66307628 3.40581512 1.33144546
v 0.63770169 3.42957115 1.32772839
v 0.59752750 3.37719870 1.27498639
v 0.62170959 3.35455918 1.27852893
v 2.47178555 5.65391064 3.15727854
v 2.53123260 5.69320774 3.19734144
v 2.50585818 5.71696377 3.19362450
v 2.55546808 5.77452421 3.23055887
v 2.57965040 5.75188494 3.23410106
v 1.09676349 3.78245354 0.58327067
v 1.06737518 3.71501446 0.54761100
v 1.04200053 3.73877048 0.54389405
v 0.99358267 3.68009329 0.50713456
v 1.01776481 3.65745354 0.51067686
v 2.88051128 5.96649551 2.36486053
v 2.93553138 6.00240707 2.41350698
v 2.91015697 6.02616310 2.40979004
v 2.95152354 6.07741928 2.46270657
v 2.97570539 6.05477953 2.46624899
v 1.15270197 3.81862879 0.64450580
v 2.84414029 5.88964605 2.33389759
v 1.98127246 4.84025955 1.52338362
v 2.87706423 5.93349648 2.39317703
v 1.10222101 3.76035810 0.62048107
v 0.75711852 3.51609492 1.41144335
v 2.44855642 5.58711147 3.10083532
v 1.62088299 4.56464100 2.22208881
v 2.49962091 5.64483643 3.12494516
v 0.72477782 3.47169733 1.35224938
v 1.12467647 3.84486675 0.64040041
v 2.81611466 5.91588354 2.32979202
v 1.75322497 4.62352562 1.32026255
v 2.84845519 5.96028090 2.38898611
v 1.07361209 3.78714204 0.61629027
v 0.72909296 3.54233265 1.40733790
v 2.42053103 5.61334944 3.09672976
v 1.39283538 4.34790707 2.01896763
v 2.47101188 5.67162037 3.12075424
v 0.69616884 3.49848151 1.34805858
v 2.59450603 5.81644249 3.21559834
v 2.95309639 6.09068441 2.52038145
v 2.92362761 6.05986214 2.51624584
v 2.58188868 5.79850721 3.17879272
v 2.78536105 5.96641350 2.87902164
v 2.62121439 5.79143715 3.21951103
v 2.97980499 6.06567955 2.52429390
v 2.95161986 6.03365517 2.52034664
v 2.60988069 5.77230072 3.18289328
v 2.81086254 5.94253826 2.88275719
v 0.59342825 3.36629891 1.21694160
v 0.95201838 3.64054108 0.52172470
v 0.96335226 3.65967774 0.55834222
v 0.62161320 3.39832306 1.22088897
v 0.76237023 3.48943996 0.85847825
v 0.62013686 3.34129381 1.22085404
v 0.97872704 3.61553597 0.52563715
v 0.99134457 3.63347101 0.56244278
v 0.64960539 3.37211609 1.22498953
v 0.78787214 3.46556473 0.86221385
v 0.74850613 3.51129580 1.42257905
v 0.72310257 3.53507876 1.41885781
v 2.44186950 5.58467007 3.11389399
v 2.41646600 5.60845327 3.11017251
v 0.63943696 3.37341094 1.29402077
v 1.59836459 4.54886198 2.26397872
v 0.67383623 3.41268873 1.31873274
v 0.61278123 3.39836621 1.29011607
v 1.38368618 4.34483385 2.07276535
v 0.64586657 3.43887424 1.31463552
v 0.59247708 3.34796476 1.24529016
v 0.60631949 3.38713336 1.25675929
v 0.58466816 3.35296702 1.20772660
v 0.63385135 3.36135745 1.26079249
v 0.60887772 3.33030152 1.21127307
v 2.56518602 5.73132133 3.21744037
v 2.53828716 5.69554424 3.18092823
v 2.53853083 5.75627661 3.21353579
v 2.51031733 5.72172976 3.17683077
v 2.59074378 5.79466629 3.24113917
v 2.56268692 5.78253269 3.21075988
v 2.60535669 5.82712221 3.22597075
v 2.59021878 5.75675726 3.21479321
v 2.62956643 5.80445719 3.22951698
v 1.15676701 3.82352519 0.63106287
v 1.13136351 3.84730816 0.62734151
v 2.85013056 5.89689970 2.32237768
v 2.82472706 5.92068243 2.31865644
v 1.03470230 3.67570162 0.52769971
v 2.00209546 4.85762691 1.48124528
v 1.06291580 3.71024847 0.56440485
v 1.00804687 3.70065713 0.52379495
v 1.78741705 4.65359879 1.29003215
v 1.03494585 3.73643398 0.56030750
v 0.97724175 3.64222479 0.49932760
v 0.98301417 3.67522144 0.52644247
v 0.94366652 3.62752128 0.51171827
v 1.01054621 3.64944553 0.53047568
v 0.96787614 3.60485625 0.51526469
v 2.96045184 6.03361177 2.45111942
v 2.92736673 5.99310398 2.42659998
v 2.93379593 6.05856752 2.44721460
v 2.89939690 6.01928949 2.42250276
v 2.97550845 6.08892632 2.49517679
v 2.93938136 6.07062101 2.48044300
v 2.96435523 6.10167694 2.52996254
v 2.96691394 6.04484510 2.48447609
v 2.98856497 6.07901096 2.53350878
v 2.86055708 5.92109823 2.42844009
v 1.08369350 3.74548578 0.65372640
v 2.51842904 5.65944576 3.09174109
v 0.74156559 3.48383355 1.31702721
v 2.75309753 5.86849689 2.82375479
v 0.84870440 3.53673530 0.92166567
v 2.83166742 5.94814491 2.42420816
v 1.05480421 3.77253222 0.64949453
v 2.48953962 5.68649244 3.08750916
v 0.71267617 3.51087999 1.31279540
v 2.72452879 5.89524317 2.81957006
v 0.82013559 3.56348157 0.91748071
v 0.08456723 4.75261402 0.82204223
v 0.73899186 4.19521999 0.87820458
v -0.13013814 4.49942160 0.81101179
v 0.52428645 3.94202757 0.86717415
v 0.20047295 4.22706509 0.86241412
v 0.40508872 4.46835899 0.87292624
v 0.13568249 4.28396940 0.81736052
v 0.34029824 4.52526379 0.82787263
v 0.64886379 4.05462217 0.85880548
v 0.64619386 4.05525637 0.89621377
v -0.03783057 4.63950157 0.79987371
v -0.04050055 4.64013577 0.83728194
v 0.41354606 4.47597694 0.84998512
v 0.09938966 4.73793077 0.84551406
v 0.10204630 4.73729944 0.80829263
v 0.06561734 4.75809765 0.80621910
v 0.06308550 4.75869942 0.84169137
v 0.71994686 4.20938253 0.89876997
v 0.72260350 4.20875168 0.86154854
v 0.74887186 4.17614841 0.86485565
v 0.74634004 4.17675018 0.90032792
v 0.19534022 4.21865702 0.83877486
v -0.11424022 4.48600626 0.83453894
v -0.11158357 4.48537540 0.79731750
v -0.13797675 4.51800776 0.79575950
v -0.14050858 4.51861000 0.83123183
v 0.50631702 3.95745873 0.88779479
v 0.50897366 3.95682740 0.85057336
v 0.54527777 3.93605876 0.85439605
v 0.54274601 3.93666053 0.88986838
v 0.30275798 4.34771729 0.86799014
v 0.53135300 3.95600128 0.89052880
v -0.11980396 4.51061201 0.83464682
v 0.72537965 4.18480825 0.90049684
v 0.07422263 4.73941898 0.84461486
v 0.23691119 4.40555000 0.82220203
v 0.53414065 3.95533919 0.85147256
v -0.11701635 4.50994968 0.79559064
v 0.72816724 4.18414593 0.86144066
v 0.07701025 4.73875713 0.80555868
v 0.65338808 4.05010939 0.87432629
v -0.04450182 4.64452410 0.81443369
v 0.10660507 4.73653078 0.82410669
v 0.08945085 4.74784565 0.84345144
v 0.09193924 4.74725437 0.80858755
v 0.07426180 4.75782251 0.80797017
v 0.07189035 4.75838661 0.84119570
v 0.71957850 4.21444225 0.87671173
v 0.73143053 4.20105124 0.89854580
v 0.73391891 4.20045996 0.86368191
v 0.74709541 4.18474913 0.86571240
v 0.74472386 4.18531275 0.89893794
v -0.11075582 4.48020697 0.81293982
v -0.12555563 4.49429798 0.83240551
v -0.12306723 4.49370670 0.79754168
v -0.13636060 4.50944519 0.79714954
v -0.13873206 4.51000881 0.83037502
v 0.50221759 3.95811820 0.86554492
v 0.51642400 3.94750381 0.88749987
v 0.51891243 3.94691253 0.85263598
v 0.53647298 3.93637156 0.85489178
v 0.53410149 3.93693542 0.88811725
v -0.09300417 4.47119999 0.83695167
v 0.48824745 3.97612929 0.88683438
v 0.20693579 4.23471069 0.86298978
v 0.50737309 3.96961856 0.88871276
v -0.10254008 4.48910046 0.83637035
v 0.11736743 4.71928167 0.84775949
v 0.69861913 4.22421122 0.89764220
v 0.39859122 4.46072149 0.87283599
v 0.70809788 4.20632410 0.89902496
v 0.09818456 4.72580624 0.84668255
v -0.09025581 4.47054672 0.79844528
v 0.49099588 3.97547650 0.84832799
v 0.14134401 4.29231930 0.81737900
v 0.51017869 3.96895170 0.84940493
v -0.09973453 4.48843384 0.79706252
v 0.12011581 4.71862888 0.80925310
v 0.70136744 4.22355843 0.85913581
v 0.33299941 4.51833010 0.82722521
v 0.71090335 4.20565748 0.85971713
v 0.10099015 4.72513962 0.80737466
v 0.74466914 4.16665983 0.86410105
v 0.55397058 3.94177699 0.85430396
v 0.55150348 3.95301723 0.85305065
v 0.73324060 4.16733170 0.86238736
v 0.65302581 4.05102539 0.86035466
v 0.74204999 4.16728163 0.90079790
v 0.55135143 3.94239926 0.89100081
v 0.54875845 3.95366955 0.89151120
v 0.73049545 4.16798401 0.90084791
v 0.65052497 4.05161953 0.89539349
v 0.05701189 4.75235891 0.80508667
v -0.13368668 4.52747631 0.79528952
v -0.12213223 4.52677393 0.79523957
v 0.05960488 4.74108839 0.80457628
v -0.04216171 4.64313841 0.80069399
v 0.05439270 4.75298071 0.84178352
v -0.13630590 4.52809858 0.83198643
v -0.12487736 4.52742624 0.83370006
v 0.05685978 4.74174070 0.84303677
v -0.04466258 4.64373302 0.83573282
v 0.12053616 4.72350788 0.84610283
v 0.12302738 4.72291613 0.81119931
v 0.70244950 4.22787428 0.89604235
v 0.70494074 4.22728252 0.86113882
v 0.07709028 4.75345659 0.84335887
v 0.41019881 4.47429228 0.87226325
v 0.08591341 4.74256134 0.84508103
v 0.07970431 4.75283527 0.80673480
v 0.34845233 4.52852345 0.82932639
v 0.08865631 4.74190950 0.80665147
v 0.06340235 4.76040506 0.82022911
v 0.06954844 4.75148296 0.80542755
v 0.05362829 4.75538588 0.80651981
v 0.06684846 4.75212431 0.84325576
v 0.05125415 4.75594997 0.83978313
v 0.73886156 4.18980503 0.90015173
v 0.72661978 4.19685173 0.90006614
v 0.74147552 4.18918419 0.86352766
v 0.72936267 4.19619989 0.86163652
v 0.75009370 4.17552805 0.87916064
v 0.74184138 4.17887020 0.86312342
v 0.74802476 4.16394615 0.86611259
v 0.73914135 4.17951155 0.90095162
v 0.74565065 4.16451073 0.89937592
v -0.09657742 4.46747541 0.83494866
v -0.09408619 4.46688366 0.80004513
v 0.48533589 3.97184205 0.88488817
v 0.48782712 3.97125006 0.84998465
v -0.13311227 4.50557423 0.83255976
v 0.19549443 4.22110081 0.86123288
v -0.12099937 4.49855804 0.83445096
v -0.13049823 4.50495291 0.79593569
v 0.13374794 4.27533197 0.81829602
v -0.11825647 4.49790621 0.79602134
v -0.14121576 4.51910782 0.80971694
v -0.13077812 4.51524639 0.79513586
v -0.13728736 4.53024769 0.79671156
v -0.13347808 4.51588774 0.83296406
v -0.13966149 4.53081179 0.82997489
v 0.52865899 3.94192266 0.88935268
v 0.51970696 3.95284843 0.88943601
v 0.53127301 3.94130158 0.85272855
v 0.52244991 3.95219684 0.85100639
v 0.54547548 3.93423104 0.86864841
v 0.54151481 3.94263363 0.85283172
v 0.55710912 3.93880820 0.85630429
v 0.53881484 3.94327521 0.89065987
v 0.55473495 3.93937206 0.88956761
v 0.51709682 3.98039961 0.88941765
v -0.09351064 4.50047302 0.83701563
v 0.69904083 4.19495821 0.89876497
v 0.08843335 4.71503162 0.84636295
v 0.62999696 4.06901121 0.89575160
v -0.02443532 4.62641191 0.83958852
v 0.51992989 3.97972655 0.84972453
v -0.09067754 4.49979973 0.79732251
v 0.70187396 4.19428492 0.85907185
v 0.09126641 4.71435833 0.80666983
v 0.63279855 4.06834602 0.85649896
v -0.02163366 4.62574673 0.80033588
v 2.82036114 5.90138912 2.38045073
v 1.25376618 3.96305609 0.81752354
v 2.73022223 5.81087446 2.58305693
v 1.16362715 3.87254167 1.02012956
v 1.96657372 4.82879496 1.79791307
v 2.05247712 4.91505527 1.60482812
v 2.09854007 5.05459404 1.95750082
v 2.18444324 5.14085484 1.76441586
v 1.15846527 3.87996674 0.87957722
v 1.18690217 3.85557055 0.88132966
v 2.80230951 5.91387892 2.51957273
v 2.83074617 5.88948298 2.52132511
v 2.03762507 4.93310928 1.59732485
v 2.79635763 5.83662844 2.34154940
v 2.76806259 5.86090326 2.33980560
v 2.84166503 5.95106840 2.41945004
v 2.86863041 5.92793465 2.42111158
v 1.31083620 3.99860764 0.85950571
v 1.28254128 4.02288198 0.85776204
v 1.20605528 3.92734480 0.78766978
v 1.23302078 3.90421104 0.78933150
v 1.94601631 4.84111881 1.80323410
v 2.70667052 5.74656725 2.54314041
v 2.67837548 5.77084160 2.54139662
v 2.75619078 5.86523867 2.61157084
v 2.78315639 5.84210491 2.61323261
v 1.22114873 3.90854645 1.06109679
v 1.19285381 3.93282080 1.05935311
v 1.12058127 3.84151459 0.97979057
v 1.14754653 3.81838083 0.98145235
v 2.00976849 4.87171650 1.70138550
v 1.18933547 3.86676383 1.01535058
v 2.74810815 5.79541779 2.57047415
v 1.27079296 3.94856048 0.83225805
v 2.82956576 5.87721491 2.38738155
v 2.14388657 5.10119724 1.86357522
v 1.15964580 3.89223456 1.01352096
v 2.71841884 5.82088900 2.56864405
v 1.24110329 3.97403145 0.83042836
v 2.79987621 5.90268564 2.38555169
v 1.15649843 3.85357809 0.86691290
v 2.82714319 5.92065001 2.53364611
v 2.77147007 5.84041977 2.32971025
v 2.82139158 5.86941338 2.36642551
v 2.79488873 5.89214993 2.36479235
v 2.83152151 5.93638468 2.40374255
v 2.85677838 5.91471577 2.40529919
v 1.30410278 4.02486086 0.86577868
v 1.28458798 3.96794081 0.83321989
v 1.25808525 3.99067760 0.83158660
v 1.22085786 3.94352651 0.79685014
v 1.24611497 3.92185783 0.79840660
v 2.68021607 5.74878597 2.53482199
v 2.73112607 5.77877188 2.56931567
v 2.70462346 5.80150843 2.56768227
v 2.74309659 5.84759140 2.60249567
v 2.76835370 5.82592297 2.60405207
v 1.21284902 3.93322706 1.07089067
v 1.19432271 3.87729931 1.03611004
v 1.16781986 3.90003633 1.03447676
v 1.13243294 3.85473347 0.99560332
v 1.15769029 3.83306479 0.99715978
v 2.66079664 5.68862629 2.49469757
v 1.26936686 3.96702337 1.10652518
v 1.96947885 4.83136845 1.79180932
v 1.23739076 3.92634916 1.06776690
v 2.69743228 5.73284435 2.52438998
v 2.74911666 5.77731371 2.29618096
v 1.35768652 4.05571079 0.90800875
v 2.04994082 4.91216516 1.61095452
v 1.32166016 4.01096964 0.87835371
v 2.78170180 5.81746483 2.33497691
v 2.63152528 5.71373892 2.49289370
v 1.24009502 3.99213600 1.10472131
v 2.10307741 5.05996037 1.95337105
v 1.20750976 3.95198464 1.06592536
v 2.66755152 5.75847960 2.52254868
v 2.71984458 5.80242586 2.29437709
v 1.32841468 4.08082342 0.90620488
v 2.18353939 5.14075756 1.77251601
v 1.29177928 4.03660536 0.87651229
v 2.75182080 5.84310007 2.33313560
v 1.19761324 3.91850591 0.78846800
v 1.11755311 3.83811188 0.96842003
v 1.13554645 3.86134100 0.98089397
v 1.21184444 3.93795681 0.80939829
v 1.14920032 3.86661625 0.86949086
v 1.22550941 3.89457345 0.79018712
v 1.14544904 3.81417966 0.97013915
v 1.16478324 3.83625841 0.98269576
v 1.24108136 3.91287422 0.81120014
v 1.17583597 3.84376526 0.87113225
v 2.84376240 5.95526934 2.43076324
v 2.76370215 5.87487602 2.61071515
v 2.74813032 5.85657501 2.58970213
v 2.82442808 5.93319082 2.41820669
v 2.81337571 5.92568398 2.52976990
v 2.87165856 5.93133736 2.43248224
v 2.79159832 5.85094357 2.61243439
v 2.77736688 5.83149242 2.59150410
v 2.85366511 5.90810823 2.42000842
v 2.84001136 5.90283298 2.53141141
v 2.74995399 5.78088951 2.29370546
v 2.72342134 5.80365181 2.29207039
v 1.35694027 4.05732679 0.90395325
v 1.33040750 4.08009005 0.90231812
v 2.84474134 5.89713669 2.39236689
v 2.05389380 4.91778374 1.60002482
v 2.81952429 5.86465836 2.36880732
v 2.81690073 5.92102194 2.39065123
v 2.17966008 5.13297462 1.75211477
v 2.79031062 5.88972092 2.36700678
v 2.85673594 5.94715834 2.42373276
v 2.82696342 5.93491459 2.40784693
v 2.85317945 5.96417665 2.43878865
v 2.85571957 5.91024446 2.40961885
v 2.87846541 5.94248295 2.44034696
v 1.26055956 3.93704414 0.81189412
v 1.28576851 3.96695781 0.83864272
v 1.23271883 3.96092892 0.81017846
v 1.25655508 3.99202013 0.83684242
v 1.21289909 3.91325521 0.78374469
v 1.21759427 3.94365788 0.80224580
v 1.19089746 3.90745139 0.78039849
v 1.24635053 3.91898775 0.80401790
v 1.21618342 3.88575840 0.78195673
v 2.65880418 5.68935966 2.49858427
v 2.63227129 5.71212244 2.49694896
v 1.26579034 3.96579742 1.10883176
v 1.23925745 3.98856020 1.10719657
v 2.75649261 5.80852079 2.59072399
v 1.96375513 4.82726908 1.80262995
v 2.73265648 5.77742910 2.56405997
v 2.72865200 5.83240557 2.58900833
v 2.08952141 5.04246044 1.95472002
v 2.70344305 5.80249166 2.56225967
v 2.77083182 5.86089611 2.61681986
v 2.74286103 5.85046148 2.59688449
v 2.77302837 5.88369083 2.61894560
v 2.77161741 5.82579184 2.59865665
v 2.79831409 5.86199808 2.62050390
v 1.17231083 3.84842801 1.01025105
v 1.19890094 3.87972856 1.03389525
v 1.14447021 3.87231278 1.00853539
v 1.16968763 3.90479112 1.03209496
v 1.12699497 3.82699323 0.97683191
v 1.13349187 3.85920525 0.99128330
v 1.11074615 3.82696629 0.96055543
v 1.16224802 3.83453512 0.99305534
v 1.13603210 3.80527306 0.96211374
v 1.24064851 3.92915440 1.05808568
v 2.70235205 5.73770571 2.51636696
v 1.31703317 4.00585747 0.88639486
v 2.77873683 5.81440878 2.34467602
v 1.22621846 3.90274739 0.91989779
v 2.79283190 5.84110308 2.48284340
v 1.21047485 3.95504069 1.05622613
v 2.67217827 5.76359177 2.51450753
v 1.28685963 4.03174353 0.88453537
v 2.74856329 5.84029531 2.34281659
v 1.19637954 3.92834663 0.91805887
v 2.76299310 5.86670208 2.48100471
v 1.07898724 4.28387022 0.99370736
v 0.84133029 4.01829529 0.99689031
v 0.27338880 5.00456476 0.97561491
v 0.03573202 4.73899031 0.97879779
v 0.17333846 4.85525608 1.00075126
v 0.94107932 4.16842842 1.01799345
v 0.19814125 4.88198471 0.96107125
v 0.96588212 4.19515705 0.97831351
v 0.43277153 4.37182283 0.97261560
v 0.43252707 4.37249088 1.01011765
v 0.68214720 4.65049267 0.96927583
v 0.68190271 4.65116072 1.00677776
v 0.96672732 4.14520407 0.99521756
v 1.07067585 4.27919722 1.01584601
v 1.07091904 4.27853251 0.97853118
v 1.06347001 4.30811310 0.97883260
v 1.06323802 4.30874634 1.01439393
v 0.84531802 4.02736664 1.01886415
v 0.84556127 4.02670145 0.98154938
v 0.81534356 4.03083897 0.98215574
v 0.81511164 4.03147268 1.01771700
v 0.14799488 4.87764883 0.97683007
v 0.26911300 4.99628162 0.99784410
v 0.26935619 4.99561691 0.96052933
v 0.29956260 4.99151087 0.96167648
v 0.29933074 4.99214458 0.99723768
v 0.04375529 4.74445105 1.00086224
v 0.04399849 4.74378633 0.96354753
v 0.05143614 4.71423674 0.96499956
v 0.05120431 4.71487045 1.00056076
v 0.55720681 4.51184845 1.00969315
v 0.07496989 4.70535803 1.00268233
v 0.31143999 4.96960640 0.99951530
v 0.80297911 4.05407476 1.01903224
v 1.03944910 4.31832314 1.01586533
v 0.58241397 4.53901291 0.96936619
v 0.07522511 4.70466042 0.96352816
v 0.31169519 4.96890831 0.96036124
v 0.80323428 4.05337715 0.97987813
v 1.03970432 4.31762552 0.97671115
v 0.43064037 4.36981964 0.98772097
v 0.68408173 4.65303278 0.98432666
v 1.07644105 4.27100611 0.99413824
v 1.07715583 4.28121233 1.01467013
v 1.07738364 4.28058958 0.97971880
v 1.07475591 4.29422283 0.98028028
v 1.07453883 4.29481602 1.01358914
v 0.85383743 4.02225304 0.99711955
v 0.84401852 4.02068806 1.01779246
v 0.84424645 4.02006531 0.98284125
v 0.83041388 4.02117729 0.98355275
v 0.83019680 4.02177095 1.01686156
v 0.26087892 5.00061512 0.97582197
v 0.27042788 5.00291824 0.99655223
v 0.27065572 5.00229549 0.96160096
v 0.28447744 5.00121260 0.96253192
v 0.28426036 5.00180578 0.99584067
v 0.03827532 4.75186205 0.97880328
v 0.03729058 4.74239397 0.99967462
v 0.03751838 4.74177122 0.96472335
v 0.04013541 4.72816706 0.96580434
v 0.03991826 4.72876072 0.99911314
v 0.26808447 4.98284912 0.99872100
v 0.05700073 4.74696970 1.00154805
v 0.19765124 4.83350849 1.00154066
v 0.06989206 4.72497034 1.00242591
v 0.29138434 4.97248173 0.99945951
v 1.05742192 4.27670193 1.01644826
v 0.84633809 4.04082155 1.01927531
v 0.91676331 4.19018459 1.01769078
v 0.82303303 4.05120420 1.01934028
v 1.04452538 4.29871559 1.01637387
v 0.26833612 4.98216200 0.96011811
v 0.05725238 4.74628162 0.96294510
v 0.22276083 4.86056757 0.96136987
v 0.07014894 4.72426796 0.96301955
v 0.29164118 4.97177935 0.96005315
v 1.05767345 4.27601385 0.97784543
v 0.84658980 4.04013395 0.98067242
v 0.94187295 4.21724367 0.97751999
v 0.82328999 4.05050182 0.97993392
v 1.04478216 4.29801321 0.97696751
v 0.79035538 4.05157709 0.98100936
v 0.07483327 4.69168997 0.96493983
v 0.09419724 4.67947865 0.96439922
v 0.77609503 4.06944704 0.97971356
v 0.43122166 4.37012053 0.97382396
v 0.79011559 4.05223322 1.01779819
v 0.07459349 4.69234514 1.00172865
v 0.09394590 4.68016577 1.00295615
v 0.77584368 4.07013416 1.01827049
v 0.43099266 4.37074614 1.00895059
v 1.04008079 4.33063841 0.97766483
v 0.32455865 4.97075033 0.96159530
v 0.33883059 4.95284939 0.96112287
v 1.02072835 4.34281778 0.97643733
v 0.68368161 4.65223694 0.97044283
v 1.03984094 4.33129358 1.01445365
v 0.32431883 4.97140646 0.99838412
v 0.33857927 4.95353651 0.99967986
v 1.02047694 4.34350491 1.01499414
v 0.68345261 4.65286303 1.00556946
v 1.07020211 4.26548862 1.01492488
v 1.07043016 4.26486492 0.97993380
v 0.85887814 4.02933979 1.01775503
v 0.85910612 4.02871656 0.98276401
v 1.07173145 4.29330635 1.01530194
v 0.96001226 4.15148020 1.01749420
v 1.06172872 4.29456949 1.01611948
v 1.07197058 4.29265261 0.97858596
v 0.98364973 4.17695284 0.97967839
v 1.06197989 4.29388332 0.97759354
v 1.06592274 4.30734396 0.99303406
v 1.05535710 4.31135178 0.97754073
v 1.04170048 4.33167219 0.97937858
v 1.05510998 4.31202745 1.01546383
v 1.04148304 4.33226633 1.01272535
v 0.83140671 4.02475071 1.01852047
v 0.82905388 4.03456211 1.01923573
v 0.83164591 4.02409649 0.98180461
v 0.82930505 4.03387594 0.98070973
v 0.81654835 4.02867508 0.99637389
v 0.81121153 4.03852606 0.98081052
v 0.78952777 4.04987669 0.98275590
v 0.81096435 4.03920174 1.01873350
v 0.78931040 4.05047035 1.01610267
v 0.25556809 4.99426699 0.99662948
v 0.25579613 4.99364376 0.96163833
v 0.04424402 4.75811863 0.99945962
v 0.04447214 4.75749493 0.96446860
v 0.28302827 4.99888706 0.99758887
v 0.15441757 4.87217140 0.99940175
v 0.28536925 4.98910761 0.99868369
v 0.28326759 4.99823284 0.96087301
v 0.17805512 4.89764452 0.96158600
v 0.28562042 4.98842144 0.96015775
v 0.29817301 4.99417925 0.97579157
v 0.30370992 4.98378134 0.96065992
v 0.32536387 4.97251272 0.96329081
v 0.30346277 4.98445749 0.99858296
v 0.32514650 4.97310686 0.99663758
v 0.04270352 4.73033094 1.00080752
v 0.05269435 4.72910023 1.00179982
v 0.04294288 4.72967720 0.96409154
v 0.05294549 4.72841406 0.96327388
v 0.04879846 4.71551037 0.97913146
v 0.05956427 4.71095610 0.96392971
v 0.07319117 4.69071722 0.96666813
v 0.05931710 4.71163130 1.00185275
v 0.07297380 4.69131136 1.00001478
v 0.10499830 4.69331264 1.00341201
v 0.32674274 4.94110584 1.00044227
v 0.78767216 4.08258724 1.01874375
v 1.00941658 4.33037949 1.01577401
v 0.43837911 4.37905359 1.01096368
v 0.67603862 4.64463091 1.00778079
v 0.10525769 4.69260359 0.96361935
v 0.32700211 4.94039631 0.96064961
v 0.78793150 4.08187771 0.97895122
v 1.00967598 4.32967091 0.97598147
v 0.43863562 4.37835264 0.97161269
v 0.67629516 4.64392996 0.96842974
v 0.77871436 4.08476591 0.92556554
v 0.05588818 4.68462658 0.89598596
v 0.78032452 4.09053326 1.00318027
v 0.05749830 4.69039392 0.97360075
v 0.40410340 4.37261009 0.98818982
v 0.40256894 4.36711359 0.91422248
v 0.50390005 4.34081030 0.98848253
v 0.50236559 4.33531427 0.91451514
v 0.04865077 4.71403027 0.93298954
v 0.02469244 4.68529034 0.93562222
v 0.80711955 4.08459044 0.96402770
v 0.78316128 4.05585051 0.96666032
v 0.41743428 4.38482428 0.91012704
v 0.74589509 4.08336449 0.92654610
v 0.76973385 4.11196041 0.92392659
v 0.80383658 4.08268833 0.92721903
v 0.78111804 4.05543613 0.92971539
v 0.06047612 4.65218163 0.89849728
v 0.08431488 4.68077755 0.89587784
v 0.04916712 4.70897532 0.89633632
v 0.02644863 4.68172312 0.89883274
v 0.41907069 4.39068556 0.98900723
v 0.74749708 4.08910322 1.00377202
v 0.77133590 4.11769915 1.00115252
v 0.80536342 4.08815765 1.00081718
v 0.78264493 4.06090498 1.00331354
v 0.06207819 4.65792036 0.97572327
v 0.08591694 4.68651628 0.97310376
v 0.05069393 4.71444464 0.96993446
v 0.02797545 4.68719244 0.97243083
v 0.40313122 4.36961603 0.95122862
v 0.04451813 4.67097616 0.97155303
v 0.76373512 4.07411051 1.00098491
v 0.04306308 4.66576433 0.90141356
v 0.76228005 4.06889868 0.93084544
v 0.50455493 4.33729792 0.95152617
v 0.06953194 4.70098209 0.96880448
v 0.78874898 4.10411644 0.99823630
v 0.06807690 4.69577026 0.89866495
v 0.78729391 4.09890461 0.92809683
v 0.03283520 4.70760632 0.93379498
v 0.80366981 4.06790400 0.96533918
v 0.75567317 4.10356045 0.92416406
v 0.75847566 4.07443333 0.92669845
v 0.78080446 4.10121870 0.92424488
v 0.79733562 4.08650732 0.92579222
v 0.77605611 4.06098080 0.92813051
v 0.07863077 4.66542625 0.89645809
v 0.04939520 4.66288662 0.89768136
v 0.07172398 4.68967199 0.89522779
v 0.05417637 4.70324183 0.89538062
v 0.03289687 4.67771578 0.89771885
v 0.75730312 4.10939884 1.00273883
v 0.76008803 4.08020878 1.00442207
v 0.78241682 4.10699415 1.00196850
v 0.79891509 4.09216499 1.00193107
v 0.77763563 4.06663895 1.00426924
v 0.08026079 4.67126465 0.97503281
v 0.05100757 4.66866207 0.97540498
v 0.07333635 4.69544744 0.97295141
v 0.05575589 4.70889997 0.97151935
v 0.03447639 4.68337345 0.97385764
v 0.72536647 4.10657978 1.00234008
v 0.08336146 4.63936853 0.97606784
v 0.40389928 4.37224960 0.98586440
v 0.06723998 4.65206718 0.97370464
v 0.74090230 4.09300613 1.00127232
v 0.72378886 4.10092878 0.92629194
v 0.08178382 4.63371754 0.90001971
v 0.40246204 4.36710119 0.91658211
v 0.06573468 4.64667511 0.90114379
v 0.73939705 4.08761454 0.92871153
v 0.75002825 4.13616323 0.99963015
v 0.10802314 4.66895199 0.97335792
v 0.50493032 4.34005642 0.98616070
v 0.09241500 4.68226624 0.97093832
v 0.76607740 4.12320566 0.99850607
v 0.74845058 4.13051224 0.92358202
v 0.10644550 4.66330099 0.89730978
v 0.50349301 4.33490849 0.91687834
v 0.09090970 4.67687464 0.89837754
v 0.76457202 4.11781359 0.92594522
v 0.04717616 4.71163702 0.89852458
v 0.04860623 4.71675920 0.96746105
v 0.05688095 4.71089029 0.96609610
v 0.05551805 4.70600843 0.90039921
v 0.04320159 4.71701241 0.93288100
v 0.02367340 4.68344402 0.90110719
v 0.02510347 4.68856621 0.97004360
v 0.03224863 4.68134212 0.96880281
v 0.03088572 4.67646027 0.90310585
v 0.02076075 4.69009352 0.93534684
v 0.80670857 4.08131456 0.92960626
v 0.80813861 4.08643675 0.99854273
v 0.80092633 4.09342051 0.99654400
v 0.79956341 4.08853865 0.93084705
v 0.81105131 4.07978725 0.96430302
v 0.78320581 4.05312109 0.93218881
v 0.78463584 4.05824375 1.00112534
v 0.77629399 4.06387186 0.99925071
v 0.77493107 4.05899048 0.93355376
v 0.78861040 4.05286837 0.96676886
v 0.72528267 4.10191917 0.92496151
v 0.74763697 4.12873411 0.92250514
v 0.08254690 4.63531446 0.89865935
v 0.10490111 4.66212940 0.89620304
v 0.76886016 4.06475115 0.92807597
v 0.40312165 4.36768627 0.91233408
v 0.75666094 4.07375574 0.92825806
v 0.79231620 4.09288788 0.92549855
v 0.49822968 4.33738136 0.91261297
v 0.78127342 4.10328054 0.92555356
v 0.79668033 4.07024288 0.92810607
v 0.79854959 4.08866119 0.92747903
v 0.80932999 4.07690382 0.92984015
v 0.77432221 4.05959845 0.93014121
v 0.78802627 4.05134821 0.93218112
v 0.03791945 4.67134571 0.89816433
v 0.04898688 4.66104221 0.89929855
v 0.06137560 4.69948292 0.89558685
v 0.07359938 4.69056702 0.89659405
v 0.03821488 4.69967985 0.89706814
v 0.05598747 4.70490074 0.89709175
v 0.04235404 4.71340370 0.89845383
v 0.03176014 4.67583799 0.89975399
v 0.02105031 4.68784857 0.90079480
v 0.72691095 4.10775089 1.00344682
v 0.74926502 4.13456631 1.00099051
v 0.08417508 4.64114666 0.97714472
v 0.10652930 4.66796160 0.97468835
v 0.77043641 4.07039785 1.00406301
v 0.40473178 4.37345409 0.98994845
v 0.75821257 4.07931376 1.00305581
v 0.79389256 4.09853458 1.00148559
v 0.49983981 4.34314823 0.99022740
v 0.78282517 4.10883856 1.00035131
v 0.79821473 4.07573938 1.00207436
v 0.80005187 4.09404278 0.99989593
v 0.81076169 4.08203220 0.99885505
v 0.77582455 4.06498003 1.00255811
v 0.78945792 4.05647659 1.00119603
v 0.03949578 4.67699242 0.97415131
v 0.05053858 4.66660023 0.97409630
v 0.06295192 4.70512962 0.97157389
v 0.07515107 4.69612455 0.97139180
v 0.03974935 4.70517683 0.97103631
v 0.05748977 4.71028185 0.96950865
v 0.04378575 4.71853256 0.96746874
v 0.03326246 4.68121958 0.97217083
v 0.02248201 4.69297695 0.96980971
v 0.06666277 4.65198517 0.97030795
v 0.74109197 4.09228802 0.99790704
v 0.06529833 4.64709759 0.90453625
v 0.73972750 4.08740044 0.93213534
v 0.04191888 4.66979599 0.93641615
v 0.76475346 4.06992769 0.96599615
v 0.09208450 4.68248034 0.96751451
v 0.76651365 4.12278271 0.99511361
v 0.09072006 4.67759275 0.90174282
v 0.76514930 4.11789560 0.92934191
v 0.06705852 4.69995260 0.93365371
v 0.78989321 4.10008478 0.96323371
v 0.50759131 6.33527279 3.99511242
v 1.02141035 6.91558933 4.01451635
v 0.52850717 6.33951044 3.31451607
v 1.04232621 6.91982698 3.33392048
v 0.80222791 6.61423445 3.34064627
v 0.78229481 6.61019611 3.98925877
v 0.71970814 6.58039713 3.33789968
v 0.69977516 6.57635880 3.98651218
v 1.03308105 6.94216824 3.67440748
v 1.06114721 6.91729450 3.67511559
v 0.49392551 6.33323669 3.65404701
v 0.52199161 6.30836296 3.65475464
v 0.76415908 6.62554836 4.01035786
v 0.53747958 6.33564043 3.99432659
v 0.50955361 6.36039019 3.99362278
v 0.48608536 6.33210897 3.97680330
v 0.51269901 6.30852222 3.97747469
v 1.02470791 6.88592482 4.01272678
v 0.99678189 6.91067410 4.01202250
v 1.02254009 6.93799067 3.99706221
v 1.04915369 6.91440392 3.99773312
v 0.78541607 6.62985468 3.31866550
v 0.55829078 6.33985710 3.31714010
v 0.53036481 6.36460638 3.31643581
v 0.50591892 6.33612728 3.33142948
v 0.53253257 6.31254053 3.33210039
v 1.04551911 6.89014101 3.33553982
v 1.01759303 6.91489077 3.33483553
v 1.04237366 6.94200897 3.35168791
v 1.06898725 6.91842222 3.35235882
v 0.79250139 6.61200237 3.66495848
v 1.05726504 6.90290499 3.36708069
v 0.54601157 6.32548618 3.34777403
v 1.03836370 6.89907551 3.98212719
v 0.52711010 6.32165670 3.96282005
v 0.70863634 6.57761335 3.66216707
v 1.02796257 6.92887449 3.36634207
v 0.51670903 6.35145569 3.34703541
v 1.00906122 6.92504501 3.98138809
v 0.49780753 6.34762621 3.96208191
v 1.04876041 6.93713140 3.67485809
v 0.50081468 6.31827164 3.65416574
v 0.52389777 6.35348034 3.99993992
v 0.52811831 6.32691240 3.99616861
v 0.50196111 6.35009432 3.99550915
v 0.49067685 6.33591270 3.98811865
v 0.51560479 6.31382036 3.98874760
v 1.00517166 6.89703989 4.01811457
v 1.03216636 6.89619303 4.01520348
v 1.00600922 6.91937494 4.01454401
v 1.01894963 6.93255329 4.00806856
v 1.04387760 6.91046095 4.00869703
v 0.54507244 6.35777044 3.31092596
v 0.54906350 6.33115578 3.31461811
v 0.52290642 6.35433769 3.31395912
v 0.51119506 6.34006977 3.32046556
v 0.53612298 6.31797743 3.32109404
v 1.02634621 6.90132952 3.32910109
v 1.05311155 6.90043688 3.33365345
v 1.02695441 6.92361879 3.33299398
v 1.03946793 6.93671083 3.34041500
v 1.06439590 6.91461849 3.34104347
v 0.57404447 6.35682440 3.32289934
v 1.03041208 6.87225437 3.34013367
v 0.80177873 6.61394501 3.36119223
v 1.04149461 6.88460112 3.35585594
v 0.56262344 6.34375525 3.33777189
v 0.55355060 6.35267258 3.98975754
v 1.00991821 6.86810207 4.00699186
v 0.78310823 6.61016273 3.96872187
v 1.02194059 6.88063955 3.99213409
v 0.54306942 6.33979321 3.97405052
v 0.54515439 6.38242865 3.32217073
v 1.00152206 6.89785862 3.33940506
v 0.71823835 6.57968903 3.35841179
v 1.01200330 6.91073799 3.35511208
v 0.53313208 6.36989164 3.33702803
v 0.52466059 6.37827682 3.98902893
v 0.98102826 6.89370680 4.00626326
v 0.69956791 6.57590675 3.96594143
v 0.99244928 6.90677595 3.99139071
v 0.51357818 6.36593008 3.97330666
v 1.02443731 6.94047737 3.97667694
v 1.04301453 6.94424057 3.37218046
v 1.03641212 6.93852186 3.38615942
v 1.01870775 6.93493462 3.96224880
v 1.03730404 6.94514656 3.67455626
v 1.05196965 6.91607618 3.97737122
v 1.07054710 6.91983986 3.37287426
v 1.06526768 6.91294861 3.38688660
v 1.04756331 6.90936136 3.96297646
v 1.06359255 6.92184830 3.67521906
v 0.48452565 6.33069134 3.95628834
v 0.50310296 6.33445501 3.35179138
v 0.50750929 6.34116936 3.36618567
v 0.48980504 6.33758259 3.94227552
v 0.49148014 6.32868290 3.65394354
v 0.51205808 6.30629015 3.95698214
v 0.53063536 6.31005383 3.35248518
v 0.53636491 6.31559610 3.36691332
v 0.51866060 6.31200933 3.94300318
v 0.51776850 6.30538464 3.65460634
v 0.55161095 6.35351038 4.00039959
v 0.52542406 6.37671900 3.99973917
v 1.00849807 6.86952734 4.01765299
v 0.98231107 6.89273500 4.01699257
v 0.52124292 6.31759977 3.98827791
v 0.78111154 6.61070967 4.00523138
v 0.53034997 6.32637119 3.98339319
v 0.49376515 6.34195185 3.98758507
v 0.70246881 6.57846165 4.00261354
v 0.50151759 6.35192394 3.98266649
v 0.49528843 6.32117891 3.97864294
v 0.48966399 6.33778429 3.97176504
v 0.48315749 6.32655954 3.95656443
v 0.51804519 6.31263161 3.97248030
v 0.50811386 6.30444193 3.95719385
v 1.04083014 6.90443087 4.00789976
v 1.03339827 6.89452314 4.00239038
v 1.01335251 6.92878294 4.00720692
v 1.00456595 6.92007589 4.00166321
v 1.03444159 6.93010807 3.99900341
v 1.01751232 6.93394613 3.99169827
v 1.02836037 6.94232130 3.97715330
v 1.04589355 6.90879250 3.99241400
v 1.05331671 6.92020369 3.97778273
v 0.57276154 6.35779572 3.31216955
v 0.54657453 6.38100386 3.31150961
v 1.02964854 6.87381220 3.32942343
v 1.00346172 6.89702034 3.32876301
v 0.54172021 6.32174778 3.32195568
v 0.80202752 6.61494732 3.32463837
v 0.55050677 6.33045530 3.32749939
v 0.51424247 6.34610033 3.32126284
v 0.72338462 6.58269930 3.32202101
v 0.52167445 6.35600805 3.32677221
v 0.51522177 6.32521725 3.33002281
v 0.50917917 6.34173822 3.33674860
v 0.50175589 6.33032751 3.35137939
v 0.53756034 6.31658506 3.33746433
v 0.52671224 6.30820990 3.35200882
v 1.06130755 6.90857935 3.34157753
v 1.05355501 6.89860725 3.34649611
v 1.03382981 6.93293142 3.34088469
v 1.02472270 6.92416000 3.34576893
v 1.05437493 6.93414640 3.35038328
v 1.03702748 6.93789959 3.35668182
v 1.04695880 6.94608927 3.37196875
v 1.06540871 6.91274691 3.35739756
v 1.07191515 6.92397165 3.37259817
v 1.04099679 6.88459539 3.38563633
v 0.56158066 6.34313393 3.36753178
v 1.02327240 6.88100433 3.96238136
v 0.54385620 6.33954287 3.94427729
v 1.04917383 6.90237713 3.67465448
v 0.53534877 6.32205343 3.65525055
v 1.01121640 6.91098833 3.38488531
v 0.53180021 6.36952686 3.36678076
v 0.99349201 6.90739727 3.96163082
v 0.51407582 6.36593580 3.94352627
v 1.01972401 6.92847729 3.67391205
v 0.50589883 6.34815407 3.65450811
v 0.39974901 5.11559582 1.12528896
v 1.24955380 4.38266134 1.15114367
v 0.20834482 4.89362144 1.12388659
v 1.05814970 4.16068697 1.14974129
v 0.63726890 4.53263426 1.15996444
v 0.81967849 4.74417686 1.16130090
v 0.55030662 4.60788584 1.11794662
v 0.73271608 4.81942797 1.11928320
v 1.17511857 4.25342894 1.13577461
v 1.17434704 4.25385714 1.17327297
v 0.28340983 5.02250433 1.10864496
v 0.28263840 5.02293253 1.14614332
v 0.82621646 4.75093555 1.13799906
v 0.42080426 5.09632683 1.14805388
v 0.42157185 5.09590101 1.11074269
v 0.37637261 5.12583256 1.11034811
v 0.37564108 5.12623835 1.14590597
v 1.22663045 4.40132284 1.17257059
v 1.22739804 4.40089655 1.13525951
v 1.26361477 4.36060953 1.13734186
v 1.26288295 4.36101532 1.17289972
v 0.63169163 4.52534246 1.13657379
v 0.23035893 4.87546492 1.14665842
v 0.23112652 4.87503862 1.10934734
v 0.19487391 4.91534615 1.10901833
v 0.19414233 4.91575193 1.14457607
v 1.03618503 4.18046045 1.17117524
v 1.03695261 4.18003464 1.13386405
v 1.08211577 4.15012312 1.13601196
v 1.08138430 4.15052891 1.17156982
v 0.72846705 4.63840866 1.16095340
v 1.06477177 4.17346907 1.17276323
v 0.21921015 4.90274382 1.14703763
v 1.23774135 4.37406445 1.17403066
v 0.39217970 5.10333920 1.14830494
v 0.64008689 4.71488762 1.11825061
v 1.06557727 4.17302227 1.13361287
v 0.22001562 4.90229654 1.10788727
v 1.23854673 4.37361717 1.13488030
v 0.39298519 5.10289240 1.10915470
v 1.18207753 4.24733162 1.15107238
v 0.27583063 5.02894592 1.12350047
v 0.42784145 5.09375858 1.12633467
v 0.40753302 5.10902119 1.14645362
v 0.40825203 5.10862207 1.11150575
v 0.38624835 5.12364292 1.11170304
v 0.38556311 5.12402344 1.14500856
v 1.22381961 4.40724850 1.15055168
v 1.24117756 4.39002466 1.17181659
v 1.24189651 4.38962555 1.13686872
v 1.25995815 4.37009096 1.13828504
v 1.25927293 4.37047100 1.17159069
v 0.23406997 4.86903954 1.12491477
v 0.21586050 4.88673592 1.14504910
v 0.21657945 4.88633680 1.11010122
v 0.19848403 4.90588999 1.11032724
v 0.19779888 4.90627050 1.14363289
v 1.03004825 4.18252897 1.14913189
v 1.04950488 4.16773939 1.17041218
v 1.05022383 4.16734028 1.13546431
v 1.07219374 4.15233803 1.13690925
v 1.07150865 4.15271854 1.17021489
v 0.25731814 4.85514593 1.14808953
v 1.01210403 4.20416260 1.17105341
v 0.64304090 4.53933668 1.16025007
v 1.03500509 4.19310427 1.17205286
v 0.24300058 4.87618732 1.14795661
v 0.44485882 5.07263947 1.14946365
v 1.19964457 4.42165661 1.17242754
v 0.81389654 4.73748016 1.16150188
v 1.21394575 4.40062428 1.17336392
v 0.42194131 5.08370733 1.14926767
v 0.25811228 4.85470486 1.10949039
v 1.01289821 4.20372200 1.13245428
v 0.55500287 4.61551857 1.11771250
v 1.03581560 4.19265413 1.13265026
v 0.24381122 4.87573719 1.10855401
v 0.44565293 5.07219839 1.11086452
v 1.20043874 4.42121553 1.13382840
v 0.72585851 4.81366205 1.11896443
v 1.21475625 4.40017414 1.13396132
v 0.42275196 5.08325720 1.10986507
v 1.26073790 4.35147095 1.13677299
v 1.09073496 4.15431643 1.13552737
v 1.08564377 4.16679049 1.13439572
v 1.24765766 4.35468006 1.13558280
v 1.18060851 4.24868631 1.13712990
v 1.25998104 4.35189104 1.17355824
v 1.08997834 4.15473652 1.17231262
v 1.08485079 4.16723061 1.17294884
v 1.24686456 4.35512066 1.17413592
v 1.17988598 4.24908733 1.17225313
v 0.36777863 5.12162495 1.10960531
v 0.19777592 4.92446995 1.10835969
v 0.21089235 4.92124081 1.10778189
v 0.37290621 5.10913086 1.10896897
v 0.27787095 5.02727365 1.10966480
v 0.36702186 5.12204504 1.14639056
v 0.19701912 4.92489052 1.14514494
v 0.21009924 4.92168093 1.14633512
v 0.37211308 5.10957098 1.14752221
v 0.27714837 5.02767515 1.14478803
v 0.44747156 5.07647467 1.14766681
v 0.44819137 5.07607460 1.11267924
v 1.20311654 4.42474985 1.17065692
v 1.20383644 4.42435074 1.13566923
v 0.39252344 5.11763096 1.14692914
v 0.82419443 4.74938107 1.16040957
v 0.40471536 5.10414457 1.14823949
v 0.39327872 5.11721182 1.11021686
v 0.74131757 4.82109737 1.12036586
v 0.40550789 5.10370445 1.10971725
v 0.37430629 5.12844801 1.12444890
v 0.38205761 5.11799145 1.10937321
v 0.36346439 5.12553072 1.11119378
v 0.38127750 5.11842442 1.14729261
v 0.36277843 5.12591124 1.14453733
v 1.25186825 4.37646818 1.17307413
v 1.23670638 4.38657427 1.17355227
v 1.25262344 4.37604904 1.13636184
v 1.23749888 4.38613462 1.13503003
v 1.26601100 4.35937595 1.15157843
v 1.25506520 4.36504507 1.13593388
v 1.26517475 4.34782934 1.13862765
v 1.25428510 4.36547852 1.17385328
v 1.26448882 4.34820938 1.17197120
v 0.25392053 4.85201073 1.14624870
v 0.25464037 4.85161114 1.11126101
v 1.00956559 4.20028687 1.16923869
v 1.01028526 4.19988680 1.13425112
v 0.20513344 4.90031242 1.14555609
v 0.63279104 4.52740860 1.15900719
v 0.22025813 4.89022684 1.14688790
v 0.20588869 4.89989328 1.10884380
v 0.54991436 4.59912443 1.11896336
v 0.22105068 4.88978720 1.10836565
v 0.19189462 4.91690254 1.12311232
v 0.20347182 4.91088295 1.10806465
v 0.19326818 4.92815161 1.10994673
v 0.20269172 4.91131639 1.14598405
v 0.19258215 4.92853212 1.14329028
v 1.06447828 4.15914965 1.17170107
v 1.05224907 4.17265654 1.17220068
v 1.06523347 4.15873051 1.13498878
v 1.05304158 4.17221642 1.13367844
v 1.08359933 4.14783049 1.15024185
v 1.07647943 4.15793705 1.13462532
v 1.09497845 4.15045023 1.13738060
v 1.07569921 4.15836954 1.17254472
v 1.09429252 4.15083075 1.17072415
v 1.04382300 4.20242548 1.17232096
v 0.25091705 4.88628626 1.14819729
v 1.20602119 4.39052916 1.17350936
v 0.41311526 5.07439041 1.14938569
v 1.15338111 4.27193403 1.17356014
v 0.30356631 5.00487661 1.14770508
v 1.04464149 4.20197105 1.13253224
v 0.25173563 4.88583231 1.10840857
v 1.20683992 4.39007521 1.13372064
v 0.41393390 5.07393551 1.10959697
v 1.15419066 4.27148438 1.13421285
v 0.30437583 5.00442743 1.10835779
v 0.68539488 5.06382847 1.28408802
v 0.90599233 4.86965990 1.29119861
v 0.53886902 4.89751673 1.28839159
v 0.75946641 4.70334768 1.29550207
v 0.65248740 4.80504656 1.31495857
v 0.79212767 4.96354342 1.31085730
v 0.62991267 4.82389832 1.27488470
v 0.76955289 4.98239517 1.27078342
v 0.83824968 4.78124857 1.27822340
v 0.83805007 4.78239489 1.31571412
v 0.60677457 4.98499203 1.27076232
v 0.60657495 4.98613834 1.30825293
v 0.79688931 4.96809292 1.28737962
v 0.69061834 5.05906343 1.30637777
v 0.69081706 5.05792284 1.26907420
v 0.67682070 5.06336403 1.26971066
v 0.67663133 5.06445074 1.30526114
v 0.89979953 4.87494326 1.31312025
v 0.89999825 4.87380266 1.27581680
v 0.90713626 4.86064148 1.27713442
v 0.90694696 4.86172819 1.31268501
v 0.64797443 4.79906940 1.29175317
v 0.54482645 4.89358425 1.31065965
v 0.54502511 4.89244366 1.27335608
v 0.53787774 4.90565872 1.27379143
v 0.53768837 4.90674543 1.30934191
v 0.75400758 4.70946407 1.31740224
v 0.75420630 4.70832348 1.28009868
v 0.76819330 4.70293617 1.28121519
v 0.76800400 4.70402288 1.31676579
v 0.72230583 4.88430500 1.31322861
v 0.76584923 4.71254492 1.31829143
v 0.54635328 4.90574408 1.31121635
v 0.89826292 4.86283922 1.31440234
v 0.67876691 5.05603838 1.30732739
v 0.69936299 4.90346384 1.27250147
v 0.76605773 4.71134853 1.27914906
v 0.54656178 4.90454769 1.27207398
v 0.89847136 4.86164284 1.27526009
v 0.67897540 5.05484247 1.26818502
v 0.84005642 4.78004837 1.29335785
v 0.60480738 4.98711348 1.28577495
v 0.69328624 5.05871487 1.28450477
v 0.68748379 5.06273842 1.30506623
v 0.68766987 5.06167030 1.27012539
v 0.68096936 5.06457472 1.27082276
v 0.68079203 5.06559277 1.30412149
v 0.89991099 4.87684441 1.29116488
v 0.90388614 4.87226248 1.31204152
v 0.90407228 4.87119389 1.27710068
v 0.90777218 4.86494350 1.27813327
v 0.90759480 4.86596155 1.31143212
v 0.54494804 4.89034557 1.28886139
v 0.54075241 4.89619303 1.30937564
v 0.54093850 4.89512491 1.27443492
v 0.53722984 4.90142536 1.27504432
v 0.53705245 4.90244341 1.30834317
v 0.75157273 4.70847559 1.29552162
v 0.75715476 4.70571661 1.31635106
v 0.75734091 4.70464849 1.28141022
v 0.76403260 4.70179415 1.28235495
v 0.76385528 4.70281219 1.31565368
v 0.55255949 4.88903522 1.31148446
v 0.74849129 4.71657658 1.31779993
v 0.65690851 4.81007338 1.31507194
v 0.75661159 4.71607304 1.31826055
v 0.55101848 4.89703560 1.31163359
v 0.69612777 5.05199003 1.30726779
v 0.89205962 4.87953186 1.31358325
v 0.78770399 4.95853090 1.31123042
v 0.89359635 4.87155581 1.31423736
v 0.68800318 5.05251837 1.30761039
v 0.55276501 4.88785505 1.27289319
v 0.74869686 4.71539688 1.27920866
v 0.63405454 4.82915878 1.27450252
v 0.75682145 4.71486855 1.27886605
v 0.55122828 4.89583111 1.27223909
v 0.69633335 5.05081034 1.26867652
v 0.89226514 4.87835169 1.27499199
v 0.76484996 4.97761631 1.27066100
v 0.89380622 4.87035131 1.27484274
v 0.68821305 5.05131388 1.26821578
v 0.90348130 4.85497475 1.27667403
v 0.77333885 4.70725870 1.28049624
v 0.77403826 4.71278238 1.27944648
v 0.89806497 4.85355711 1.27580392
v 0.83967483 4.78002548 1.27945685
v 0.90328538 4.85609913 1.31345177
v 0.77314293 4.70838308 1.31727409
v 0.77383298 4.71396065 1.31799185
v 0.89785963 4.85473537 1.31434917
v 0.83948773 4.78109837 1.31457293
v 0.67168170 5.05900431 1.26920235
v 0.54153925 4.91128778 1.27302468
v 0.54696500 4.91265154 1.27212727
v 0.67099166 5.05342627 1.26848459
v 0.60533690 4.98628855 1.27190351
v 0.67148584 5.06012869 1.30598009
v 0.54134339 4.91241217 1.30980241
v 0.54675967 4.91382980 1.31067252
v 0.67078644 5.05460453 1.30702984
v 0.60514981 4.98736191 1.30701947
v 0.69832641 5.05464458 1.30539119
v 0.69851279 5.05357456 1.27041078
v 0.89448136 4.88198948 1.31171393
v 0.89466763 4.88092041 1.27673340
v 0.68250406 5.06384087 1.30588877
v 0.79557514 4.96742201 1.30983210
v 0.68492711 5.05946922 1.30694103
v 0.68269968 5.06271887 1.26918399
v 0.77406090 4.98538828 1.27164102
v 0.68513227 5.05829239 1.26842666
v 0.67651552 5.06470346 1.28384411
v 0.67755955 5.06043673 1.26862240
v 0.67061073 5.06014061 1.27088404
v 0.67735761 5.06159544 1.30653405
v 0.67043316 5.06115961 1.30422080
v 0.90557796 4.86749268 1.31307924
v 0.90090024 4.86937094 1.31390250
v 0.90577358 4.86637020 1.27637434
v 0.90110540 4.86819363 1.27538812
v 0.90798950 4.86096144 1.29130518
v 0.90418005 4.86096621 1.27592707
v 0.90468210 4.85411167 1.27842891
v 0.90397811 4.86212492 1.31383872
v 0.90450448 4.85513115 1.31176567
v 0.55015701 4.88646650 1.30974305
v 0.55034328 4.88539743 1.27476251
v 0.74631190 4.71381235 1.31606567
v 0.74649823 4.71274281 1.28108513
v 0.53905118 4.90101719 1.31010199
v 0.64904988 4.80111074 1.31413555
v 0.54371929 4.89919329 1.31108832
v 0.53924668 4.89989471 1.27339721
v 0.62753564 4.81907701 1.27594447
v 0.54392439 4.89801645 1.27257395
v 0.53687364 4.90620470 1.28794539
v 0.54084647 4.90526199 1.27263772
v 0.54032016 4.91225624 1.27471077
v 0.54064459 4.90642071 1.31054926
v 0.54014260 4.91327524 1.30804741
v 0.76212502 4.70466805 1.31729245
v 0.75969237 4.70909500 1.31804979
v 0.76232052 4.70354605 1.28058755
v 0.75989759 4.70791769 1.27953541
v 0.76834768 4.70246267 1.29540658
v 0.76746702 4.70579147 1.27994239
v 0.77439147 4.70622730 1.28225565
v 0.76726508 4.70695066 1.31785405
v 0.77421391 4.70724678 1.31559229
v 0.76313609 4.72324991 1.31826913
v 0.55730879 4.90441847 1.31163466
v 0.88730395 4.86418486 1.31462240
v 0.68147671 5.04535294 1.30798793
v 0.83260751 4.78720951 1.31646311
v 0.61200762 4.98138046 1.30935252
v 0.76334792 4.72203398 1.27848852
v 0.55752069 4.90320253 1.27185404
v 0.88751584 4.86296844 1.27484167
v 0.68168861 5.04413700 1.26820731
v 0.83281708 4.78600693 1.27712393
v 0.61221713 4.98017788 1.27001333
v 0.33606884 5.10724926 1.28090012
v 0.58232588 5.29755020 1.27639449
v 0.50408608 4.89000654 1.28843594
v 0.75034308 5.08030748 1.28393018
v 0.62314361 4.99096775 1.30911875
v 0.46302208 5.19800186 1.30193710
v 0.59791863 4.97010994 1.27024484
v 0.43779698 5.17714405 1.26306307
v 0.67248750 5.19315243 1.26474905
v 0.67228782 5.19429874 1.30223978
v 0.41408744 4.99346828 1.26947689
v 0.41388777 4.99461460 1.30696750
v 0.45782894 5.20416355 1.27835715
v 0.34274402 5.11230421 1.30289733
v 0.34294268 5.11116409 1.26559377
v 0.33506843 5.09699774 1.26686227
v 0.33487910 5.09808445 1.30241275
v 0.57625693 5.29275703 1.29862475
v 0.57645565 5.29161692 1.26132131
v 0.59217411 5.29568195 1.26215804
v 0.59198469 5.29676867 1.29770863
v 0.62858546 4.98337936 1.28601575
v 0.50991970 4.89615011 1.31039536
v 0.51011831 4.89500999 1.27309179
v 0.49439055 4.89099789 1.27400804
v 0.49420121 4.89208508 1.30955851
v 0.74343258 5.07660246 1.30612278
v 0.74363124 5.07546234 1.26881933
v 0.75149620 5.08968258 1.26930380
v 0.75130677 5.09076929 1.30485439
v 0.54308116 5.09449482 1.30584860
v 0.74151468 5.09099770 1.30659282
v 0.49648723 4.90164661 1.31107605
v 0.58967960 5.28731680 1.29978287
v 0.34465209 5.09796619 1.30426610
v 0.51744491 5.07329655 1.26634085
v 0.74172318 5.08980083 1.26745057
v 0.49669573 4.90044975 1.27193367
v 0.58988810 5.28612041 1.26064050
v 0.34486061 5.09676933 1.26512372
v 0.67451370 5.19524145 1.27978408
v 0.41190076 4.99230099 1.28458893
v 0.34282759 5.11462593 1.28092885
v 0.33818111 5.10985041 1.30176544
v 0.33836722 5.10878181 1.26682472
v 0.33427313 5.10210276 1.26782882
v 0.33409578 5.10312128 1.30112767
v 0.57348669 5.29287338 1.27670860
v 0.57975525 5.29653215 1.29734552
v 0.57994133 5.29546404 1.26240480
v 0.58745736 5.29775715 1.26319647
v 0.58728004 5.29877520 1.29649520
v 0.51292294 4.89469624 1.28855789
v 0.50643402 4.89230299 1.30931175
v 0.50662011 4.89123487 1.27437103
v 0.49909523 4.88899183 1.27522135
v 0.49891788 4.89000988 1.30852008
v 0.74358201 5.07294369 1.28433764
v 0.74800801 5.07898521 1.30489182
v 0.74819416 5.07791662 1.26995111
v 0.75227946 5.08464575 1.27058887
v 0.75210214 5.08566380 1.30388772
v 0.51603663 4.90353298 1.31084669
v 0.73475897 5.07255602 1.30684483
v 0.61807138 4.99753189 1.30913460
v 0.73637486 5.08161592 1.30697846
v 0.50686723 4.90425825 1.31117773
v 0.35141075 5.11639071 1.30346298
v 0.57013315 5.28541374 1.29946113
v 0.46809182 5.19145250 1.30240786
v 0.57929820 5.28471279 1.29993343
v 0.34979060 5.10735512 1.30413258
v 0.51624209 4.90235329 1.27225542
v 0.73496461 5.07137585 1.26825356
v 0.59253430 4.97641611 1.26977980
v 0.73658466 5.08041143 1.26758397
v 0.50707704 4.90305424 1.27178311
v 0.35161626 5.11521101 1.26487172
v 0.57033873 5.28423405 1.26086986
v 0.44255474 5.17033672 1.26305306
v 0.57950807 5.28350830 1.26053882
v 0.35000038 5.10615110 1.26473808
v 0.59805137 5.28977966 1.26175559
v 0.74728215 5.09682751 1.26844871
v 0.74114239 5.09929562 1.26745605
v 0.59892440 5.28318024 1.26107740
v 0.67407918 5.19442415 1.26590705
v 0.59785551 5.29090405 1.29853332
v 0.74708629 5.09795189 1.30522656
v 0.74093705 5.10047388 1.30600131
v 0.59871900 5.28435850 1.29962265
v 0.67389208 5.19549751 1.30102313
v 0.33928901 5.08981514 1.26649010
v 0.48851982 4.89686251 1.27318323
v 0.48765621 4.90340853 1.27209389
v 0.34543821 5.08729315 1.26571524
v 0.41248319 4.99226952 1.27069342
v 0.33909312 5.09093952 1.30326784
v 0.48832390 4.89798737 1.30996096
v 0.48745090 4.90458679 1.31063926
v 0.34523287 5.08847141 1.30426061
v 0.41229612 4.99334288 1.30580950
v 0.34865791 5.11964989 1.30154169
v 0.34884417 5.11858082 1.26656115
v 0.56762934 5.28886557 1.29753518
v 0.56781560 5.28779650 1.26255465
v 0.33633232 5.10456896 1.30279994
v 0.45907953 5.20307732 1.30083597
v 0.34157801 5.10599518 1.30368996
v 0.33652785 5.10344696 1.26609516
v 0.43503961 5.18319988 1.26378834
v 0.34178317 5.10481787 1.26517558
v 0.33394572 5.09744930 1.28101850
v 0.33841565 5.09690237 1.26570129
v 0.33792695 5.08899784 1.26822996
v 0.33821371 5.09806156 1.30361283
v 0.33774939 5.09001637 1.30156660
v 0.58535385 5.29700613 1.29824376
v 0.58267295 5.29230690 1.29927874
v 0.58554947 5.29588413 1.26153886
v 0.58287811 5.29112959 1.26076436
v 0.59234458 5.29713297 1.27629066
v 0.59139645 5.29239941 1.26107264
v 0.59922522 5.29092216 1.26344907
v 0.59119445 5.29355860 1.29898417
v 0.59904772 5.29194117 1.29678583
v 0.51855969 4.89997053 1.30916190
v 0.51874596 4.89890146 1.27418137
v 0.73753107 5.06918621 1.30515552
v 0.73771733 5.06811714 1.27017498
v 0.50082588 4.89188290 1.31017768
v 0.62709600 4.98583555 1.30837178
v 0.50349718 4.89663744 1.31095219
v 0.50102139 4.89076090 1.27347291
v 0.60305601 4.96595812 1.27132404
v 0.50370234 4.89546013 1.27243781
v 0.49406922 4.89041281 1.28820014
v 0.49518076 4.89420843 1.27273238
v 0.48732758 4.89582586 1.27493072
v 0.49497882 4.89536715 1.31064403
v 0.48714998 4.89684486 1.30826747
v 0.74984747 5.08431959 1.30562139
v 0.74459207 5.08294916 1.30654097
v 0.75004292 5.08319759 1.26891661
v 0.74479723 5.08177137 1.26802671
v 0.75246799 5.09009695 1.28347230
v 0.74816161 5.08970547 1.26810372
v 0.74862593 5.09775066 1.27014995
v 0.74795961 5.09086418 1.30601525
v 0.74844825 5.09876919 1.30348659
v 0.72915608 5.09122419 1.30683959
v 0.49938720 4.91366482 1.31104350
v 0.58677614 5.27531815 1.30045366
v 0.35700735 5.09775877 1.30465770
v 0.66621280 5.18963623 1.30327499
v 0.41995293 4.99933338 1.30778074
v 0.72936797 5.09000826 1.26705897
v 0.49959910 4.91244888 1.27126288
v 0.58698803 5.27410221 1.26067305
v 0.35721922 5.09654284 1.26487708
v 0.66642231 5.18843365 1.26393580
v 0.42016244 4.99813032 1.26844156
v 1.35299945 4.17015123 1.31078327
v 0.50379044 4.94619131 1.27084243
v 1.56444669 4.40196228 1.31909764
v 0.71523762 5.17800283 1.27915692
v 1.13386834 4.78462458 1.32203376
v 0.93235773 4.56370640 1.31411016
v 1.22329021 4.70432043 1.28683829
v 1.02177954 4.48340273 1.27891457
v 0.58924252 5.08117199 1.25871992
v 0.58761132 5.08131599 1.29619288
v 1.48032606 4.26686430 1.30063021
v 1.47869503 4.26700830 1.33810318
v 0.92668122 4.55628109 1.29051650
v 1.33059394 4.19089746 1.33185506
v 1.33221698 4.19075394 1.29456913
v 1.37779987 4.15900087 1.29755282
v 1.37625325 4.15913677 1.33308649
v 0.52533269 4.92677641 1.29398119
v 0.52695554 4.92663336 1.25669527
v 0.49117988 4.96922827 1.25585246
v 0.48963314 4.96936512 1.29138613
v 1.14157569 4.79187107 1.29896653
v 1.54098189 4.42154694 1.34012783
v 1.54260480 4.42140388 1.30284190
v 1.57830441 4.37881517 1.30543697
v 1.57675779 4.37895203 1.34097064
v 0.73572057 5.15742636 1.30225396
v 0.73734355 5.15728331 1.26496804
v 0.69168431 5.18904352 1.26373661
v 0.69013762 5.18917942 1.29927027
v 1.03309906 4.67416668 1.31839252
v 0.70617396 5.16499043 1.30185962
v 1.55114269 4.39282513 1.34160101
v 0.51509184 4.95550537 1.29434597
v 1.36006057 4.18334007 1.33408737
v 1.12397873 4.59255362 1.28262317
v 0.70787686 5.16484022 1.26273572
v 1.55284572 4.39267492 1.30247712
v 0.51679474 4.95535517 1.25522220
v 1.36176360 4.18318987 1.29496348
v 0.58132273 5.08786774 1.27344465
v 1.48693419 4.26028442 1.31603825
v 1.32478797 4.19329548 1.30968487
v 1.34386683 4.17744780 1.33130121
v 1.34538698 4.17731380 1.29637706
v 1.36752880 4.16138983 1.29822409
v 1.36608005 4.16151714 1.33150709
v 0.52936780 4.92018175 1.27227402
v 0.51080686 4.93873024 1.29211998
v 0.51232696 4.93859625 1.25719583
v 0.49443135 4.95925999 1.25715971
v 0.49298263 4.95938778 1.29044282
v 1.53885043 4.42797375 1.31810212
v 1.55561054 4.40958405 1.33962739
v 1.55713069 4.40945005 1.30470312
v 1.57495487 4.38879251 1.30638039
v 1.57350624 4.38892031 1.33966339
v 0.74343008 5.15486002 1.28069115
v 0.72255039 5.17086649 1.30044615
v 0.72407073 5.17073250 1.26552188
v 0.70185745 5.18666315 1.26531601
v 0.70040876 5.18679047 1.29859912
v 1.51384711 4.44309521 1.33950889
v 0.75959045 5.13236475 1.30403399
v 1.12747586 4.77762890 1.32202601
v 0.73622650 5.14415264 1.30337393
v 1.52767575 4.42089558 1.34059811
v 1.30666804 4.21596336 1.33136225
v 0.55241144 4.90523291 1.29588735
v 0.93872893 4.57070398 1.31460428
v 0.53854787 4.92743635 1.29560089
v 1.32999718 4.20417881 1.33282506
v 1.51552618 4.44294739 1.30093575
v 0.76126945 5.13221693 1.26546085
v 1.21800387 4.69633150 1.28639519
v 0.73794037 5.14400148 1.26399803
v 1.52938950 4.42074394 1.30122221
v 1.30834699 4.21581554 1.29278922
v 0.55409038 4.90508509 1.25731432
v 1.02925694 4.48940659 1.27897346
v 0.54026181 4.92728472 1.25622499
v 1.33171093 4.20402765 1.29344916
v 0.49469993 4.97879839 1.25535440
v 0.68250459 5.18469000 1.26273918
v 0.68722767 5.17153549 1.26211023
v 0.50824851 4.97531891 1.25507247
v 0.58368027 5.08621216 1.25964749
v 0.49309987 4.97893906 1.29211485
v 0.68090445 5.18483114 1.29949963
v 0.68555069 5.17168331 1.30063736
v 0.50657153 4.97546673 1.29359961
v 0.58215249 5.08634663 1.29474699
v 1.38703299 4.16334963 1.29732347
v 1.57483768 4.36924124 1.30470824
v 1.56136596 4.37271357 1.30322349
v 1.38238692 4.17649698 1.29618573
v 1.48578513 4.26183367 1.30207610
v 1.38543296 4.16349030 1.33408391
v 1.57323754 4.36938190 1.34146869
v 1.55968904 4.37286139 1.34175062
v 1.38070977 4.17664480 1.33471286
v 1.48425722 4.26196814 1.33717561
v 1.30385625 4.21192455 1.32944739
v 1.30537808 4.21179056 1.29448342
v 0.54874080 4.90197849 1.29393208
v 0.55026269 4.90184450 1.25896811
v 1.35903525 4.16830969 1.33287990
v 0.92743009 4.55825710 1.31299102
v 1.34694839 4.18257856 1.33320510
v 1.36063194 4.16816902 1.29619241
v 1.01265085 4.48172617 1.27944911
v 1.34862399 4.18243074 1.29470897
v 1.37890923 4.15646458 1.31179357
v 1.37234807 4.16725922 1.29610157
v 1.39122391 4.15924263 1.29924476
v 1.37069869 4.16740465 1.33399522
v 1.38977349 4.15937042 1.33256567
v 0.50029284 4.95306206 1.29249072
v 0.51554072 4.94235182 1.29410160
v 0.50188971 4.95292139 1.25580323
v 0.51721632 4.94220352 1.25560546
v 0.48782960 4.97076797 1.26988339
v 0.49995241 4.96448851 1.25507033
v 0.49014562 4.98268318 1.25686431
v 0.49830297 4.96463394 1.29296398
v 0.48869517 4.98281097 1.29018533
v 1.51767480 4.44633579 1.33785510
v 1.51919663 4.44620180 1.30289102
v 0.76255953 5.13638973 1.30233967
v 0.76408142 5.13625574 1.26737571
v 1.56604791 4.39525890 1.34101999
v 1.13887620 4.79006720 1.32130539
v 1.55072117 4.40597677 1.34121776
v 1.56764460 4.39511824 1.30433249
v 1.22409701 4.71353579 1.28776348
v 1.55239689 4.40582848 1.30272162
v 1.58042216 4.37738466 1.31971729
v 1.56963444 4.38354635 1.30385923
v 1.57924235 4.36536932 1.30663788
v 1.56798518 4.38369179 1.34175289
v 1.57779193 4.36549711 1.33995879
v 0.70730543 5.18001127 1.30063069
v 0.71931350 5.16574955 1.30211413
v 0.70890230 5.17987061 1.26394331
v 0.72098911 5.16560173 1.26361799
v 0.68934250 5.19168806 1.27780724
v 0.69723880 5.18077564 1.26282787
v 0.67816401 5.18880987 1.26425743
v 0.69558936 5.18092108 1.30072153
v 0.67671353 5.18893766 1.29757845
v 0.72651970 5.13442659 1.30318201
v 1.51886988 4.41034603 1.34044862
v 0.54733682 4.93798685 1.29613638
v 1.33968699 4.21390629 1.33340287
v 0.60850352 5.06219053 1.29810119
v 1.45772254 4.28614044 1.33804250
v 0.72825050 5.13427401 1.26342022
v 1.52060056 4.41019344 1.30068684
v 0.54906762 4.93783426 1.25637448
v 1.34141779 4.21375370 1.29364109
v 0.61021495 5.06203985 1.25878060
v 1.45943403 4.28598976 1.29872191
v 1.22718775 6.82099390 4.04244804
v 1.23658848 6.84231997 3.33058357
v 1.06957960 6.92171907 4.04338408
v 1.07898033 6.94304562 3.33151960
v 1.06553411 6.91054344 3.68668222
v 1.21573567 6.81455088 3.68579006
v 1.08575225 6.94148397 3.76147985
v 1.23595381 6.84549189 3.76058769
v 1.16625834 6.90610075 3.31399584
v 1.14606512 6.87451506 3.31278276
v 1.15639412 6.88372278 4.06096220
v 1.13620055 6.85213709 4.05974960
v 1.23329616 6.83102846 3.68651581
v 1.21513546 6.80318308 4.02331543
v 1.23522794 6.83461094 4.02452230
v 1.23062205 6.83520555 4.05861616
v 1.21147382 6.80525398 4.05746603
v 1.22404981 6.82340574 3.34829092
v 1.24414229 6.85483408 3.34949780
v 1.24043691 6.85747051 3.31539106
v 1.22128856 6.82751989 3.31424093
v 1.07311845 6.93339634 3.68746710
v 1.05831683 6.90340376 4.02424717
v 1.07840931 6.93483210 4.02545404
v 1.08117032 6.93071795 4.05950403
v 1.06202197 6.90076733 4.05835342
v 1.06723106 6.92362642 3.34922266
v 1.08732343 6.95505428 3.35042953
v 1.09098518 6.95298338 3.31627893
v 1.07183683 6.92303228 3.31512880
v 1.14046216 6.86227703 3.68622589
v 1.07415068 6.91875219 3.33250713
v 1.06479681 6.89753246 4.04081726
v 1.21657920 6.82772779 3.33166122
v 1.20722544 6.80650806 4.03997135
v 1.16100991 6.89372206 3.76224232
v 1.09523356 6.95172977 3.33377361
v 1.08587968 6.93050957 4.04208374
v 1.23766208 6.86070490 3.33292770
v 1.22830832 6.83948565 4.04123783
v 1.15821981 6.89358377 3.30741882
v 1.14819455 6.87084103 4.06656408
v 1.22834265 6.82086277 4.01989079
v 1.21612310 6.80350685 4.03500223
v 1.23494303 6.83294439 4.03613234
v 1.23267019 6.83277798 4.05289650
v 1.21473455 6.80472374 4.05181932
v 1.23714793 6.84083796 3.35311556
v 1.22534513 6.82442665 3.33667517
v 1.24416494 6.85386467 3.33780527
v 1.24233532 6.85470390 3.32100725
v 1.22439981 6.82664967 3.31993008
v 1.06878519 6.92283392 4.02083826
v 1.05829394 6.90437317 4.03593969
v 1.07711375 6.93381071 4.03706980
v 1.07805908 6.93158817 4.05381489
v 1.06012356 6.90353394 4.05273771
v 1.07759047 6.94280958 3.35406303
v 1.06751597 6.92529345 3.33761263
v 1.08633578 6.95473099 3.33874273
v 1.08772433 6.95351410 3.32192564
v 1.06978893 6.92545986 3.32084846
v 1.05944812 6.90273762 4.00284147
v 1.06779790 6.92167902 3.37057209
v 1.07016003 6.90729856 3.68664598
v 1.07132816 6.91954517 3.35494995
v 1.06256664 6.89966965 4.01839590
v 1.21387506 6.80404520 4.00192404
v 1.22222483 6.82298708 3.36965513
v 1.21084785 6.81738615 3.68581057
v 1.21867359 6.82537842 3.35407448
v 1.20991206 6.80550289 4.01752090
v 1.08023429 6.93525076 4.00408983
v 1.08858407 6.95419264 3.37182093
v 1.09062803 6.93862152 3.76236868
v 1.09254682 6.95273495 3.35622406
v 1.08378541 6.93285942 4.01967049
v 1.23466122 6.83655834 4.00317287
v 1.24301088 6.85550022 3.37090349
v 1.23131597 6.84870958 3.76153326
v 1.23989236 6.85856819 3.35534906
v 1.23113096 6.83869267 4.01879549
v 1.23606610 6.86108446 3.31304455
v 1.09608042 6.95054770 3.31387615
v 1.09974492 6.94896126 3.32151127
v 1.23315215 6.86370230 3.32071877
v 1.16567969 6.90523863 3.30933809
v 1.21625674 6.83009911 3.31185484
v 1.07627118 6.91956234 3.31268644
v 1.07898343 6.91648674 3.32026434
v 1.21239078 6.83122826 3.31947184
v 1.14676547 6.87565327 3.30820179
v 1.22618794 6.83867502 4.06105852
v 1.08620238 6.92813873 4.06189013
v 1.09006822 6.92700958 4.05427313
v 1.22347546 6.84175062 4.05348063
v 1.15569353 6.88258457 4.06554365
v 1.20637846 6.80769014 4.05986881
v 1.06639290 6.89715290 4.06070042
v 1.06930685 6.89453506 4.05302620
v 1.20271420 6.80927658 4.05223370
v 1.13677919 6.85299921 4.06440687
v 1.21731734 6.80397463 4.00232744
v 1.23615861 6.83344507 4.00345898
v 1.22567654 6.82293701 3.36933899
v 1.24451780 6.85240841 3.37047052
v 1.21374273 6.80356789 4.04574871
v 1.21993637 6.81296349 3.68579817
v 1.21219921 6.80392027 4.03426933
v 1.23351276 6.83449125 4.04693604
v 1.23920453 6.84245062 3.75708103
v 1.23294389 6.83636856 4.03551531
v 1.22334504 6.82297707 4.06002474
v 1.23013735 6.83714485 4.05269957
v 1.22529256 6.83706522 4.06466818
v 1.20971739 6.80520439 4.05147314
v 1.20733654 6.80897903 4.06358957
v 1.22324896 6.82513332 3.32589245
v 1.22140300 6.82479954 3.33732748
v 1.24301910 6.85605717 3.32708025
v 1.24214768 6.85724783 3.33857346
v 1.23320925 6.84535503 3.31306171
v 1.23979485 6.85905361 3.32139874
v 1.23526752 6.85969353 3.30932331
v 1.21937478 6.82711267 3.32017183
v 1.21731150 6.83160782 3.30824471
v 1.05794132 6.90582943 4.00327444
v 1.07678258 6.93530035 4.00440598
v 1.06630039 6.92479277 3.37028551
v 1.08514166 6.95426321 3.37141705
v 1.05943990 6.90218067 4.04666519
v 1.06232893 6.91368818 3.68673372
v 1.06031144 6.90099001 4.03517151
v 1.07920992 6.93310452 4.04785252
v 1.08159721 6.94317532 3.75801754
v 1.08105588 6.93343830 4.03641748
v 1.07314157 6.91897058 4.06091690
v 1.08308423 6.93112469 4.05357313
v 1.08514750 6.92663002 4.06550026
v 1.06266415 6.89918423 4.05234671
v 1.06719160 6.89854431 4.06442165
v 1.06894624 6.92374659 3.32680893
v 1.06951511 6.92186880 3.33822966
v 1.08871627 6.95466995 3.32799673
v 1.09025967 6.95431757 3.33947563
v 1.08300591 6.94134808 3.31395388
v 1.09274161 6.95303345 3.32227182
v 1.09512246 6.94925880 3.31015539
v 1.07232165 6.92109251 3.32104540
v 1.07716656 6.92117262 3.30907679
v 1.07812226 6.91498852 3.35452509
v 1.06935084 6.89509010 4.01872635
v 1.21168125 6.82963228 3.35373163
v 1.20290995 6.80973434 4.01793289
v 1.14533544 6.87321043 3.33029938
v 1.13593459 6.85188389 4.04217243
v 1.09954894 6.94850349 3.35581207
v 1.09077764 6.92860508 4.02001333
v 1.23310804 6.86314774 3.35501814
v 1.22433662 6.84324932 4.01922035
v 1.16652429 6.90635395 3.33157253
v 1.15712368 6.88502741 4.04344511
v 1.38978934 4.47365379 1.38918269
v 0.62075937 5.11153698 1.35248220
v 1.38829207 4.47606230 1.46241736
v 0.61926210 5.11394548 1.42571700
v 0.98904246 4.77715731 1.44262946
v 0.99046934 4.77486181 1.37283623
v 1.09361064 4.74155331 1.44593823
v 1.09503746 4.73925829 1.37614512
v 0.61082888 5.14024687 1.38800728
v 0.58687115 5.11138964 1.38846648
v 1.41777980 4.47090912 1.42651749
v 1.39382195 4.44205236 1.42697656
v 1.00543272 4.79275179 1.37023270
v 1.35576689 4.47315884 1.38868701
v 1.37960517 4.50187159 1.38823020
v 1.41584873 4.47069693 1.39171052
v 1.39313090 4.44333315 1.39214587
v 0.62653553 5.07803059 1.35388589
v 0.65037358 5.10674334 1.35342908
v 0.61294001 5.13668156 1.35339332
v 0.59022206 5.10931778 1.35382867
v 1.00391102 4.79519939 1.44466138
v 1.35427725 4.47555542 1.46155488
v 1.37811542 4.50426817 1.46109796
v 1.41442883 4.47298098 1.46115518
v 1.39171100 4.44561720 1.46159065
v 0.62504566 5.08042717 1.42675376
v 0.64888388 5.10913992 1.42629695
v 0.61152011 5.13896561 1.42283797
v 0.58880222 5.11160183 1.42327344
v 0.98955095 4.77576256 1.40773678
v 0.60654730 5.09452295 1.42256379
v 1.37173724 4.45982409 1.45908093
v 0.60790032 5.09234619 1.35638249
v 1.37309039 4.45764780 1.39289963
v 1.09582388 4.73957825 1.41109955
v 0.63156050 5.12465096 1.42208433
v 1.39675057 4.48995256 1.45860147
v 0.63291359 5.12247467 1.35590303
v 1.39810371 4.48777580 1.39242017
v 0.59461832 5.13410091 1.38787806
v 1.41472542 4.45385075 1.42701602
v 1.36530399 4.49367285 1.38757014
v 1.36911392 4.46362019 1.38903844
v 1.39144218 4.49051380 1.38861060
v 1.40903068 4.47486973 1.39023340
v 1.38775170 4.44923973 1.39064121
v 0.64498442 5.09115267 1.35319436
v 0.61470819 5.08937311 1.35303605
v 0.63703644 5.11626720 1.35260808
v 0.61836803 5.13069677 1.35250068
v 0.59708905 5.10506630 1.35290849
v 1.36378837 4.49611092 1.46171057
v 1.36761451 4.46603203 1.46237588
v 1.38994265 4.49292564 1.46194804
v 1.40756178 4.47723246 1.46207547
v 1.38628280 4.45160198 1.46248329
v 0.64346856 5.09359074 1.42733479
v 0.61320883 5.09178495 1.42637336
v 0.63553703 5.11867857 1.42594552
v 0.61689913 5.13305902 1.42434263
v 0.59562016 5.10742903 1.42475057
v 1.33078265 4.49419737 1.45990491
v 0.64774001 5.06075716 1.42730808
v 0.98893219 4.77689695 1.44042206
v 0.63067657 5.07436228 1.42486405
v 1.34740031 4.47986555 1.45906830
v 1.33224976 4.49183750 1.38814843
v 0.64920706 5.05839729 1.35555172
v 0.99026871 4.77474737 1.37504959
v 0.63207644 5.07211065 1.35639811
v 1.34880006 4.47761393 1.39060235
v 1.35544384 4.52390146 1.45943224
v 0.67240107 5.09046125 1.42683554
v 1.09479356 4.74085331 1.44377184
v 0.65585089 5.10468483 1.42438161
v 1.37257445 4.51018810 1.45858574
v 1.35691082 4.52154160 1.38767588
v 0.67386818 5.08810139 1.35507894
v 1.09613025 4.73870277 1.37839937
v 0.65725070 5.10243320 1.35591567
v 1.37397444 4.50793648 1.39011991
v 0.61070019 5.13937187 1.35546172
v 0.60937035 5.14151096 1.42050779
v 0.61820483 5.13530731 1.41936183
v 0.61947221 5.13326883 1.35737240
v 0.60507983 5.14347219 1.38778377
v 0.58719814 5.11106348 1.35591209
v 0.58586818 5.11320257 1.42095828
v 0.59357309 5.10563898 1.41983390
v 0.59484053 5.10360050 1.35784447
v 0.58263963 5.11644316 1.38821387
v 1.41878271 4.46909618 1.39402568
v 1.41745281 4.47123528 1.45907187
v 1.40981030 4.47869825 1.45713961
v 1.41107786 4.47665977 1.39515007
v 1.42201114 4.46585560 1.42677021
v 1.39528048 4.44078779 1.39447618
v 1.39395070 4.44292688 1.45952225
v 1.38517869 4.44902992 1.45761168
v 1.38644612 4.44699144 1.39562213
v 1.39957106 4.43882656 1.42720020
v 1.33381569 4.49286652 1.38699508
v 1.35616946 4.51979160 1.38656664
v 0.64999557 5.06007195 1.35436118
v 0.67234921 5.08699656 1.35393274
v 1.38016224 4.45332241 1.39042354
v 0.99109507 4.77551651 1.37110436
v 1.36719573 4.46291065 1.39040494
v 1.40361774 4.48157454 1.38997400
v 1.09075046 4.74158573 1.37425768
v 1.39180756 4.49255562 1.38993335
v 1.40882123 4.45811558 1.39180565
v 1.41015100 4.47696638 1.39194596
v 1.42164350 4.46448612 1.39419878
v 1.38592434 4.44778538 1.39241028
v 1.40034068 4.43882608 1.39460707
v 0.60249913 5.09836626 1.35331118
v 0.61428636 5.08742237 1.35447395
v 0.62595457 5.12661839 1.35286164
v 0.63889819 5.11706734 1.35400224
v 0.60187405 5.12744999 1.35329580
v 0.62012362 5.13226652 1.35424352
v 0.60564172 5.14133120 1.35525668
v 0.59589690 5.10308552 1.35470784
v 0.58433861 5.11567163 1.35566497
v 1.33230174 4.49530220 1.46105123
v 1.35465539 4.52222729 1.46062279
v 0.64848149 5.06250715 1.42841721
v 0.67083514 5.08943224 1.42798877
v 1.37869620 4.45568037 1.46212232
v 0.98959774 4.77792501 1.44433880
v 1.36575270 4.46523142 1.46098173
v 1.40215170 4.48393250 1.46167278
v 1.08925319 4.74399424 1.44749212
v 1.39036453 4.49487638 1.46051002
v 1.40739429 4.46041059 1.46159971
v 1.40875399 4.47921324 1.46027613
v 1.42031229 4.46662712 1.45931900
v 1.38452721 4.45003271 1.46074045
v 1.39900911 4.44096756 1.45972729
v 0.60103315 5.10072422 1.42500997
v 0.61284339 5.08974314 1.42505062
v 0.62448865 5.12897635 1.42456043
v 0.63745528 5.11938810 1.42457891
v 0.60044706 5.12974548 1.42308974
v 0.61872655 5.13451338 1.42257369
v 0.60431039 5.14347267 1.42037690
v 0.59449995 5.10533237 1.42303801
v 0.58300728 5.11781263 1.42078519
v 0.63021082 5.07444668 1.42164397
v 1.34775019 4.47927332 1.45588708
v 0.63147962 5.07240582 1.35958409
v 1.34901893 4.47723246 1.39382708
v 0.60523647 5.09495497 1.38938248
v 1.37427533 4.45706415 1.42608333
v 0.65563190 5.10506630 1.42115676
v 1.37317133 4.50989294 1.45539999
v 0.65690064 5.10302544 1.35909688
v 1.37444019 4.50785208 1.39333987
v 0.63037544 5.12523460 1.38890064
v 1.39941442 4.48734379 1.42560148
v 1.53504801 4.36411858 1.45159233
v 0.62867665 5.11018562 1.43194425
v 1.74230230 4.61635208 1.46859479
v 0.83593082 5.36241913 1.44894671
v 1.28318405 4.98277569 1.48146057
v 1.08566928 4.74239540 1.46525717
v 1.37860727 4.90688086 1.44419050
v 1.18109262 4.66650105 1.42798698
v 0.71066076 5.25514889 1.42467427
v 0.70893675 5.25404072 1.46212697
v 1.66172552 4.47229338 1.44529128
v 1.66000152 4.47118521 1.48274398
v 1.08018339 4.73510265 1.44140124
v 1.51109815 4.38340235 1.47319901
v 1.51281369 4.38450432 1.43593335
v 1.56103468 4.35463524 1.43814743
v 1.55939984 4.35358429 1.47366190
v 0.65163279 5.09085894 1.45456779
v 0.65334803 5.09196186 1.41730201
v 0.61473387 5.13356924 1.41763377
v 0.61309922 5.13251877 1.45314825
v 1.29081655 4.99144840 1.45868087
v 1.71731412 4.63437223 1.49011624
v 1.71902955 4.63547468 1.45285058
v 1.75756299 4.59381533 1.45427001
v 1.75592840 4.59276438 1.48978448
v 0.85784864 5.34182930 1.47148502
v 0.85956413 5.34293175 1.43421924
v 0.81126237 5.37274933 1.43375635
v 0.80962765 5.37169886 1.46927083
v 1.18441188 4.86257601 1.47367930
v 0.82715476 5.34772968 1.47116792
v 1.72900069 4.60538816 1.49071789
v 0.63986176 5.11978912 1.45580304
v 1.54170763 4.37744713 1.47535300
v 1.28139114 4.78544426 1.43580151
v 0.82895470 5.34888649 1.43206525
v 1.73080051 4.60654449 1.45161521
v 0.64166164 5.12094593 1.41670036
v 1.54350758 4.37860441 1.43625033
v 0.70221472 5.26108503 1.43956447
v 1.66878533 4.46546602 1.46051764
v 1.50505161 4.38617992 1.45108283
v 1.52532315 4.37041712 1.47228587
v 1.52692986 4.37144947 1.43738055
v 1.55037415 4.35641336 1.43883753
v 1.54884315 4.35542917 1.47210252
v 0.65608972 5.08499146 1.43267918
v 0.63618767 5.10229683 1.45301151
v 0.63779432 5.10332918 1.41810608
v 0.61850637 5.12346745 1.41863668
v 0.61697519 5.12248325 1.45190167
v 1.71486926 4.64153337 1.46829545
v 1.73286784 4.62300491 1.48931217
v 1.73447466 4.62403727 1.45440674
v 1.75368702 4.60385036 1.45551658
v 1.75215590 4.60286665 1.48878157
v 0.86590713 5.34034491 1.44989192
v 0.84373236 5.35488415 1.47003770
v 0.84533918 5.35591650 1.43513227
v 0.82181919 5.37090445 1.43531573
v 0.82028812 5.36992073 1.46858072
v 1.68849301 4.65484428 1.49004042
v 0.88346535 5.31749153 1.47258925
v 1.27691746 4.97515583 1.48119044
v 0.85894287 5.32815075 1.47217822
v 1.70366645 4.63282824 1.49048996
v 1.48542237 4.40770197 1.47338128
v 0.68039459 5.07034922 1.45592999
v 1.09191346 4.75000095 1.46601343
v 0.66518426 5.09234142 1.45628297
v 1.50990784 4.39701891 1.47459459
v 1.69026768 4.65598440 1.45148826
v 0.88523996 5.31863213 1.43403697
v 1.37352109 4.89832258 1.44345927
v 0.86075437 5.32931471 1.43282366
v 1.70547783 4.63399220 1.45113540
v 1.48719692 4.40884209 1.43482900
v 0.68216920 5.07148981 1.41737783
v 1.18851697 4.67316771 1.42828226
v 0.66699576 5.09350538 1.41692829
v 1.51171935 4.39818287 1.43524003
v 0.61793721 5.14367199 1.41746533
v 0.80201769 5.36770248 1.43256664
v 0.80744302 5.35447216 1.43153942
v 0.63201290 5.14096928 1.41714776
v 0.70472461 5.25995541 1.42573285
v 0.61624610 5.14258480 1.45420575
v 0.80032653 5.36661577 1.46930707
v 0.80567050 5.35333347 1.47004557
v 0.63024044 5.13983059 1.45565403
v 0.70310986 5.25891733 1.46081340
v 1.57033575 4.35971832 1.43811119
v 1.75441623 4.58374882 1.45321250
v 1.74042177 4.58650351 1.45176423
v 1.56499171 4.37300062 1.43737268
v 1.66755235 4.46741676 1.44660485
v 1.56864452 4.35863113 1.47485161
v 1.75272489 4.58266211 1.48995304
v 1.73864925 4.58536482 1.49027050
v 1.56321931 4.37186193 1.47587883
v 1.66593766 4.46637869 1.48168540
v 1.48270965 4.40341806 1.47132063
v 1.48431790 4.40445137 1.43637562
v 0.67676538 5.06681967 1.45384955
v 0.67837399 5.06785345 1.41890454
v 1.54130673 4.36193132 1.47365439
v 1.08084261 4.73649693 1.46393454
v 1.52826560 4.37584400 1.47437227
v 1.54299450 4.36301613 1.43698680
v 1.17178273 4.66416788 1.42841542
v 1.53003669 4.37698269 1.43589687
v 1.56226897 4.35165548 1.45230651
v 1.55507505 4.36283779 1.43693292
v 1.57481885 4.35569859 1.43992257
v 1.55333185 4.36171722 1.47480619
v 1.57328558 4.35471296 1.47322547
v 0.62476009 5.11637402 1.45378566
v 0.64089364 5.10627222 1.45513594
v 0.62644804 5.11745882 1.41711807
v 0.64266473 5.10741043 1.41666067
v 0.61120856 5.13450861 1.43168962
v 0.62395614 5.12927532 1.41674840
v 0.61308652 5.14733458 1.41907430
v 0.62221283 5.12815475 1.45462155
v 0.61155355 5.14634991 1.45237720
v 1.69228828 4.65848064 1.48851371
v 1.69389701 4.65951443 1.45356870
v 0.88634419 5.32188225 1.47104263
v 0.88795269 5.32291603 1.43609762
v 1.74421442 4.60887527 1.49030018
v 1.28809559 4.98872900 1.48093688
v 1.72799754 4.61892319 1.49075758
v 1.74590218 4.60995960 1.45363259
v 1.37903595 4.91639996 1.44541776
v 1.72976851 4.62006187 1.45228219
v 1.75978589 4.59203911 1.46851015
v 1.74844944 4.59817934 1.45279670
v 1.75910878 4.57998419 1.45504105
v 1.74670613 4.59705877 1.49066997
v 1.75757575 4.57899904 1.48834395
v 0.82766777 5.36331749 1.47043157
v 0.84062558 5.34935141 1.47152138
v 0.82935554 5.36440277 1.43376398
v 0.84239674 5.35048962 1.43304598
v 0.80872554 5.37489128 1.44789326
v 0.81733048 5.36461687 1.43261218
v 0.79737651 5.37162113 1.43419278
v 0.81558716 5.36349630 1.47048533
v 0.79584354 5.37063551 1.46749568
v 0.84938872 5.31750870 1.47161710
v 1.69507408 4.62139463 1.48994958
v 0.67375892 5.10376310 1.45720899
v 1.51944423 4.40764904 1.47554159
v 0.73123550 5.23562336 1.46353459
v 1.63761759 4.48954773 1.48318303
v 0.85121804 5.31868505 1.43187666
v 1.69690323 4.62257099 1.45020926
v 0.67558825 5.10493898 1.41746867
v 1.52127349 4.40882492 1.43580127
v 0.73304456 5.23678637 1.42423522
v 1.63942659 4.49071026 1.44388366
v 1.61346960 7.41388226 4.27704954
v 1.64083147 7.42869520 3.42108154
v 1.29992163 7.02714682 4.26033401
v 1.32728338 7.04195976 3.40436602
v 1.33892334 7.02906990 3.83306456
v 1.63773680 7.39763165 3.84899426
v 1.30553913 7.05233908 3.92092514
v 1.60435259 7.42090082 3.93685532
v 1.47284555 7.24533892 3.39140701
v 1.50196755 7.22170544 3.39192867
v 1.44413447 7.22979546 4.28958273
v 1.47325659 7.20616198 4.29010439
v 1.62952876 7.42458534 3.84919834
v 1.63055527 7.39936876 4.25516653
v 1.60157835 7.42288399 4.25464725
v 1.59362066 7.41258383 4.29527187
v 1.62123561 7.39017344 4.29576683
v 1.65650094 7.41341496 3.44349623
v 1.62752438 7.43693018 3.44297647
v 1.62218773 7.42804909 3.40159512
v 1.64980268 7.40563869 3.40208960
v 1.31086898 7.03154469 3.83221054
v 1.31857777 7.01457071 4.23853445
v 1.28960121 7.03808594 4.23801517
v 1.29629922 7.04586220 4.27942133
v 1.32391417 7.02345181 4.27991629
v 1.34452355 7.02861691 3.42686415
v 1.31554687 7.05213213 3.42634487
v 1.32486641 7.06132746 3.38574457
v 1.35248148 7.03891706 3.38623953
v 1.48857915 7.21314859 3.84103394
v 1.36019146 7.04603863 3.40762854
v 1.33296621 7.03130007 4.25932217
v 1.64354086 7.39552641 3.42273378
v 1.61631572 7.38078785 4.27442789
v 1.45465076 7.23679686 3.93032694
v 1.32978642 7.07071304 3.40708351
v 1.30256116 7.05597448 4.25877762
v 1.61313570 7.42020082 3.42218924
v 1.58591068 7.40546227 4.27388287
v 1.48478830 7.23596334 3.38429499
v 1.45560932 7.22016668 4.29711390
v 1.61644447 7.41660547 4.25004768
v 1.63019466 7.40111065 4.26921368
v 1.60305345 7.42313671 4.26872683
v 1.59984505 7.41832113 4.28874588
v 1.62571084 7.39733028 4.28920937
v 1.64207327 7.43048048 3.44829607
v 1.65703630 7.41564178 3.42952299
v 1.62989497 7.43766832 3.42903662
v 1.62797642 7.43355131 3.40869951
v 1.65384245 7.41256046 3.40916300
v 1.29901850 7.02508640 4.23312521
v 1.31620705 7.01383257 4.25247478
v 1.28906584 7.03585911 4.25198793
v 1.29225957 7.03894043 4.27234793
v 1.31812549 7.01794958 4.27281189
v 1.32464719 7.03896141 3.43137407
v 1.34304857 7.02836418 3.41278410
v 1.31590736 7.05039024 3.41229773
v 1.32039130 7.05417061 3.39230204
v 1.34625697 7.03317976 3.39276552
v 1.32227874 7.01754379 4.21296501
v 1.34658122 7.03070068 3.45270538
v 1.34857559 7.04058933 3.83357239
v 1.35453641 7.03945971 3.43434238
v 1.32903552 7.02565479 4.23209047
v 1.62949777 7.39647293 4.22934341
v 1.65380025 7.40962982 3.46908331
v 1.62846231 7.38580608 3.84849358
v 1.64766729 7.40101290 3.44996929
v 1.62216663 7.38720703 4.24771738
v 1.29230177 7.04187107 4.21242809
v 1.31660426 7.05502796 3.45216799
v 1.31477857 7.06414604 3.92251968
v 1.32393539 7.06429338 3.43379354
v 1.29843462 7.05048800 4.23154211
v 1.59952080 7.42080021 4.22880602
v 1.62382329 7.43395710 3.46854639
v 1.59466517 7.40936279 3.93744087
v 1.61706650 7.42584610 3.44942045
v 1.59156561 7.41204119 4.24716902
v 1.61238718 7.41687202 3.39820528
v 1.33389795 7.07337809 3.38335896
v 1.33946180 7.08184719 3.39286518
v 1.60486412 7.40919971 3.40701389
v 1.47394538 7.24468613 3.38586903
v 1.64095545 7.39368773 3.39871740
v 1.36246622 7.05019426 3.38387060
v 1.36940312 7.05754948 3.39340210
v 1.63480544 7.38490105 3.40755081
v 1.50122285 7.22255039 3.38635778
v 1.58363593 7.40130663 4.29764032
v 1.30514657 7.05781317 4.28279400
v 1.31129670 7.06659985 4.27396107
v 1.57669902 7.39395142 4.28810930
v 1.44487906 7.22895050 4.29515362
v 1.61220407 7.37812281 4.29815245
v 1.33371496 7.03462887 4.28330612
v 1.34123790 7.04230118 4.27449751
v 1.60664034 7.36965322 4.28864622
v 1.47215664 7.20681477 4.29564238
v 1.63300431 7.40367556 4.23001337
v 1.60583222 7.42572641 4.22952652
v 1.65733445 7.41684723 3.46888828
v 1.63016248 7.43889856 3.46840096
v 1.62695837 7.39600420 4.28198195
v 1.64438546 7.40730047 3.84937429
v 1.62569964 7.39270973 4.26809072
v 1.59844685 7.41914225 4.28147125
v 1.61256969 7.42947626 3.93310738
v 1.59578228 7.41698837 4.26755428
v 1.60529768 7.40453911 4.29775620
v 1.59054697 7.41050863 4.28795958
v 1.58499002 7.40034103 4.30208015
v 1.61999583 7.38661051 4.28848696
v 1.61088538 7.37932634 4.30254412
v 1.65462732 7.41098356 3.41640520
v 1.65248775 7.40721178 3.43006563
v 1.62611592 7.43412161 3.41589403
v 1.62257051 7.43149090 3.42952967
v 1.63400853 7.42008257 3.39958477
v 1.61865568 7.42572641 3.40862036
v 1.61402297 7.41605854 3.39383030
v 1.64810479 7.40182781 3.40914774
v 1.63991821 7.39504385 3.39429474
v 1.31593966 7.01260233 4.21310997
v 1.28876734 7.03465366 4.21262312
v 1.34026980 7.02577448 3.45198488
v 1.31309772 7.04782534 3.45149803
v 1.31998622 7.01737928 4.26561737
v 1.33083880 7.02056694 3.83265877
v 1.32353151 7.02000999 4.25198174
v 1.29147470 7.04051733 4.26510620
v 1.29902327 7.04274225 3.91639185
v 1.29361439 7.04428911 4.25144577
v 1.30648065 7.03597355 4.28182602
v 1.29799724 7.04967308 4.27236319
v 1.30618370 7.05645704 4.28721666
v 1.32744634 7.02577448 4.27289104
v 1.33207905 7.03544188 4.28768110
v 1.34765530 7.03235865 3.40004015
v 1.35031974 7.03451252 3.41395664
v 1.31914353 7.05549669 3.39952898
v 1.32040250 7.05879116 3.41342068
v 1.33519161 7.05151653 3.38365412
v 1.32610607 7.06489038 3.39302397
v 1.33521664 7.07217455 3.37896681
v 1.35555518 7.04099226 3.39355183
v 1.36111212 7.05115986 3.37943125
v 1.36841416 7.05626059 3.43462181
v 1.34288430 7.04243898 4.23327827
v 1.63411856 7.38398457 3.44878674
v 1.60858870 7.37016344 4.24744320
v 1.50201106 7.22075796 3.41304064
v 1.47464883 7.20594454 4.26901865
v 1.33751333 7.08133745 3.43406773
v 1.31198347 7.06751585 4.23272467
v 1.60321772 7.40906191 3.44823313
v 1.57768798 7.39524031 4.24688959
v 1.47145319 7.24555635 3.41249275
v 1.44409108 7.23074293 4.26847076
v 1.79282081 6.95800352 2.71429253
v 0.81821662 5.78507710 1.83668327
v 1.53220177 6.71949434 3.32248402
v 0.55759764 5.54656744 2.44487476
v 1.06826401 6.12328577 2.87075734
v 1.31663573 6.35058689 2.29114676
v 1.13958120 6.27055693 2.95907164
v 1.38795280 6.49785805 2.37946129
v 0.65246373 5.64706612 2.11823535
v 0.68042934 5.62216854 2.12045503
v 1.67512584 6.87782955 3.03911972
v 1.70309138 6.85293198 3.04133940
v 1.30747259 6.37363625 2.27051663
v 1.78343081 6.91238260 2.69441509
v 1.75560498 6.93715620 2.69220686
v 1.79685378 6.98718596 2.74851227
v 1.82337213 6.96357679 2.75061727
v 0.85926384 5.80015659 1.86222351
v 0.83143783 5.82493019 1.86001492
v 0.77931464 5.76258755 1.83224106
v 0.80583298 5.73897839 1.83434582
v 1.04260468 6.13123894 2.88862371
v 1.52411735 6.67506838 3.29956007
v 1.49629128 6.69984150 3.29735184
v 1.54972219 6.76102018 3.32522917
v 1.57624054 6.73741055 3.32733393
v 0.59995025 5.56284189 2.46736813
v 0.57212424 5.58761597 2.46515942
v 0.53218299 5.53642178 2.40895748
v 0.55870128 5.51281214 2.41106224
v 1.19268906 6.23672342 2.58097100
v 0.58974826 5.54569817 2.41913986
v 1.55948615 6.71276760 3.29236698
v 0.82526660 5.76123571 1.86952496
v 1.79500437 6.92830563 2.74275255
v 1.26516902 6.38639498 2.67072535
v 0.56055069 5.57169247 2.41682243
v 1.53028858 6.73876238 3.29005003
v 0.79606897 5.78723097 1.86720753
v 1.76580679 6.95430040 2.74043489
v 0.65537113 5.62702274 2.11162114
v 1.69470620 6.87785244 3.04751897
v 1.76372957 6.92218733 2.68275046
v 1.79933679 6.93312931 2.70675993
v 1.77327335 6.95633364 2.70469117
v 1.79419959 6.98100328 2.73163700
v 1.81903827 6.95888901 2.73360872
v 0.85085672 5.82355404 1.86072898
v 0.84326631 5.78250837 1.84583962
v 0.81720281 5.80571270 1.84377098
v 0.79217982 5.77508259 1.82934070
v 0.81701851 5.75296879 1.83131218
v 1.49988699 6.68072796 3.29846382
v 1.53835225 6.69428539 3.31580400
v 1.51228893 6.71748972 3.31373501
v 1.53853667 6.74702978 3.32826281
v 1.56337523 6.72491550 3.33023405
v 0.58701432 5.58209467 2.47644234
v 0.58228183 5.54366446 2.45488358
v 0.55621833 5.56686878 2.45281506
v 0.53651685 5.54110909 2.42596626
v 0.56135559 5.51899529 2.42793751
v 1.49730706 6.64122629 3.26862812
v 0.63167608 5.59944820 2.48914671
v 1.07631123 6.13032246 2.85241556
v 0.61648834 5.57885456 2.45628881
v 1.52480376 6.67200279 3.27420664
v 1.75266576 6.87492132 2.67271304
v 0.88703454 5.83314323 1.89323163
v 1.30895138 6.34322643 2.30951738
v 0.86013705 5.80183315 1.88770056
v 1.76845241 6.89498186 2.70561838
v 1.46852052 6.66685486 3.26634312
v 0.60288948 5.62507677 2.48686171
v 1.14851069 6.27941561 2.94182205
v 0.58710265 5.60501623 2.45395660
v 1.49541807 6.69816542 3.27187443
v 1.72387922 6.90054989 2.67042828
v 0.85824794 5.85877180 1.89094663
v 1.38115060 6.49231911 2.39892435
v 0.83075130 5.82799530 1.88536811
v 1.73906684 6.92114353 2.70328593
v 0.76775193 5.75188732 1.84751701
v 0.53627336 5.54004574 2.38770485
v 0.55149382 5.55817604 2.38436174
v 0.77209455 5.76006222 1.86955881
v 0.64702517 5.63866663 2.11261082
v 0.79518574 5.72746277 1.84969437
v 0.56370717 5.51562166 2.38988233
v 0.58024621 5.53257799 2.38664389
v 0.80084682 5.73446369 1.87184095
v 0.67321944 5.61534548 2.11468983
v 1.79184794 6.98437643 2.76969266
v 1.56036949 6.77253532 3.30988026
v 1.55470836 6.76553488 3.28773403
v 1.77530897 6.96742058 2.77293110
v 1.68233562 6.88465261 3.04488468
v 1.81928182 6.95995235 2.77187014
v 1.58780324 6.74811125 3.31205797
v 1.58346057 6.73993635 3.29001570
v 1.80406129 6.94182253 2.77521324
v 1.70852983 6.86133146 3.04696393
v 1.75590348 6.88045788 2.66350079
v 1.72981048 6.90368891 2.66142988
v 0.88928705 5.83749390 1.88313222
v 0.86319381 5.86072445 1.88106108
v 1.81181645 6.94761133 2.72688675
v 1.32206941 6.35680389 2.27680302
v 1.79480922 6.92630625 2.71747518
v 1.78443706 6.97198772 2.72471333
v 1.39003611 6.49715614 2.36096859
v 1.76608014 6.95188379 2.71519494
v 1.81059873 6.98142910 2.75020504
v 1.78582764 6.97633171 2.74572062
v 1.79828143 6.98939371 2.77400589
v 1.81410730 6.95115423 2.74796534
v 1.82314837 6.96725464 2.77597952
v 0.82627136 5.76151752 1.83942521
v 0.84063506 5.77796698 1.85826266
v 0.79889196 5.78589392 1.83725202
v 0.81190586 5.80354452 1.85598230
v 0.78794122 5.75067139 1.82932472
v 0.78461319 5.77137995 1.84414911
v 0.76414889 5.74482536 1.84279275
v 0.81289279 5.74620247 1.84639382
v 0.78901577 5.72268629 1.84476650
v 1.49236131 6.63927364 3.27851391
v 1.46626818 6.66250467 3.27644300
v 0.62574488 5.59630966 2.49814510
v 0.59965163 5.61954021 2.49607396
v 1.55666316 6.71410418 3.32232285
v 1.06145167 6.11829615 2.88499165
v 1.54364920 6.69645357 3.30359268
v 1.52928388 6.73848057 3.32014942
v 1.12941813 6.25864792 2.96915674
v 1.51492012 6.72203159 3.30131197
v 1.56222391 6.75412560 3.32982254
v 1.54266226 6.75379562 3.31318140
v 1.56653941 6.77731180 3.31480837
v 1.57094204 6.72861814 3.31542587
v 1.59140623 6.75517273 3.31678200
v 0.57111800 5.52801037 2.43486142
v 0.58947504 5.54811430 2.44438004
v 0.54373866 5.55238676 2.43268824
v 0.56074584 5.57369232 2.44209957
v 0.53956652 5.52336788 2.40894222
v 0.54144788 5.54884386 2.41160965
v 0.53240687 5.53274345 2.38359523
v 0.56972742 5.52366638 2.41385412
v 0.55727375 5.51060438 2.38556910
v 0.62751383 5.58853531 2.42923498
v 1.53686333 6.68292856 3.24808359
v 0.84836560 5.79065084 1.91384625
v 1.75771511 6.88504410 2.73269510
v 0.70514202 5.65046597 2.14214230
v 1.67975760 6.82340622 3.01976180
v 0.59784007 5.61495399 2.42687988
v 1.50718939 6.70934725 3.24572873
v 0.81869191 5.81706953 1.91149104
v 1.72804117 6.91146278 2.73034000
v 0.67579752 5.67659187 2.13981295
v 1.65041304 6.84953213 3.01743269
v 1.68936443 4.56032372 1.60106134
v 0.86662364 5.25384045 1.58104539
v 1.88719738 4.79529619 1.61066437
v 1.06445634 5.48881292 1.59064841
v 1.47038400 5.13625813 1.62353933
v 1.28184807 4.91232729 1.61438763
v 1.55671287 5.06509733 1.58627439
v 1.36817670 4.84116650 1.57712269
v 0.94578129 5.38860750 1.57005382
v 0.94449264 5.38816071 1.60753787
v 1.80909145 4.66089392 1.59105682
v 1.80780292 4.66044664 1.62854075
v 1.27638924 4.90516901 1.59074640
v 1.66781139 4.57859421 1.62265837
v 1.66909373 4.57903910 1.58536160
v 1.71309841 4.55129862 1.58742118
v 1.71187651 4.55087519 1.62296534
v 0.88764870 5.23621988 1.60367823
v 0.88893092 5.23666525 1.56638145
v 0.85411292 5.27536726 1.56652343
v 0.85289091 5.27494335 1.60206747
v 1.47744739 5.14397287 1.60050607
v 1.86465347 4.81238937 1.63221323
v 1.86593544 4.81283426 1.59491634
v 1.90069330 4.77411127 1.59652722
v 1.89947128 4.77368689 1.63207126
v 1.08449042 5.47001553 1.61323309
v 1.08577275 5.47046041 1.57593632
v 1.04170775 5.49817944 1.57562935
v 1.04048574 5.49775600 1.61117351
v 1.37610495 5.02428865 1.61928415
v 1.05619252 5.47549152 1.61324596
v 1.87482536 4.78543758 1.63316202
v 0.87741351 5.26315022 1.60456789
v 1.69604611 4.57309628 1.62448394
v 1.46384120 4.95196772 1.58141160
v 1.05753803 5.47595835 1.57411075
v 1.87617064 4.78590441 1.59402680
v 0.87875885 5.26361656 1.56543267
v 1.69739175 4.57356262 1.58534861
v 0.93822569 5.39436007 1.58495355
v 1.81561100 4.65478182 1.60629892
v 1.66207731 4.58083200 1.60058606
v 1.68068409 4.56650352 1.62177396
v 1.68188500 4.56692028 1.58683956
v 1.70327127 4.55296087 1.58823037
v 1.70212662 4.55256414 1.62152302
v 0.89144892 5.23042107 1.58183801
v 0.87358898 5.24683237 1.60213864
v 0.87478989 5.24724865 1.56720424
v 0.85738677 5.26598597 1.56765127
v 0.85624218 5.26558924 1.60094404
v 1.86235702 4.81871033 1.61030781
v 1.87879419 4.80180597 1.63139045
v 1.87999535 4.80222225 1.59645605
v 1.89734209 4.78346539 1.59765065
v 1.89619732 4.78306866 1.63094342
v 1.09172869 5.46829987 1.59155965
v 1.07169926 5.48213434 1.61175513
v 1.07290018 5.48255110 1.57682061
v 1.05145752 5.49649048 1.57707167
v 1.05031288 5.49609375 1.61036444
v 1.83842278 4.83142567 1.63218307
v 1.10767460 5.44739819 1.61440516
v 1.46440470 5.12916279 1.62349272
v 1.08519995 5.45730162 1.61415267
v 1.85198104 4.81095552 1.63280714
v 1.64458311 4.60119581 1.62277389
v 0.91383517 5.21716881 1.60499597
v 1.28781056 4.91941643 1.61492074
v 0.90024912 5.23762941 1.60517502
v 1.66703022 4.59128332 1.62382948
v 1.83974910 4.83188581 1.59359872
v 1.10900116 5.44785833 1.57582080
v 1.55180132 5.05712271 1.58576691
v 1.08655393 5.45777130 1.57476521
v 1.85333526 4.81142521 1.59341979
v 1.64590967 4.60165596 1.58418953
v 0.91516155 5.21762896 1.56641161
v 1.37520707 4.84737539 1.57719493
v 0.90160316 5.23809910 1.56578755
v 1.66838419 4.59175301 1.58444214
v 0.85730749 5.28476429 1.56613100
v 1.03302002 5.49346304 1.57466018
v 1.03773570 5.48114061 1.57379055
v 0.87028039 5.28224897 1.56566215
v 0.94040167 5.39309406 1.57111108
v 0.85604328 5.28432560 1.60290205
v 1.03175604 5.49302530 1.61143136
v 1.03641093 5.48068142 1.61232901
v 0.86895549 5.28178883 1.60420048
v 0.93919468 5.39267492 1.60622084
v 1.72182810 4.55602932 1.58716345
v 1.89754093 4.76472902 1.59569263
v 1.88462865 4.76726580 1.59439421
v 1.71717322 4.56837320 1.58626580
v 1.81438959 4.65637922 1.59237385
v 1.72056413 4.55559111 1.62393451
v 1.89627659 4.76429033 1.63246369
v 1.88330376 4.76680565 1.63293254
v 1.71584845 4.56791353 1.62480414
v 1.81318247 4.65596056 1.62748361
v 1.64195490 4.59717798 1.62082815
v 1.64315724 4.59759474 1.58585405
v 0.91037518 5.21385193 1.60302997
v 0.91157752 5.21426868 1.56805587
v 1.69530773 4.55863523 1.62306607
v 1.27723181 4.90681791 1.61323810
v 1.68355107 4.57158613 1.62372196
v 1.69656944 4.55907297 1.58636785
v 1.35950470 4.83900070 1.57772398
v 1.68487477 4.57204533 1.58521461
v 1.71430027 4.54874849 1.60161066
v 1.70775425 4.55890894 1.58614624
v 1.72590542 4.55231905 1.58898187
v 1.70645094 4.55845690 1.62405109
v 1.72475958 4.55192184 1.62231243
v 0.86333090 5.25993681 1.60282528
v 0.87805676 5.25056458 1.60412562
v 0.86459255 5.26037455 1.56612706
v 0.87938064 5.25102425 1.56561828
v 0.85099393 5.27645922 1.58060777
v 0.86254930 5.27136135 1.56558383
v 0.85291207 5.28819561 1.56774330
v 0.86124611 5.27090931 1.60348856
v 0.85176611 5.28779793 1.60107398
v 1.84200692 4.83478594 1.63053894
v 1.84320903 4.83520269 1.59556472
v 1.11042702 5.45145988 1.61274076
v 1.11162937 5.45187664 1.57776642
v 1.88899171 4.78867960 1.63246751
v 1.47506380 5.14178991 1.62284100
v 1.87420368 4.79803038 1.63297641
v 1.89025331 4.78911734 1.59576941
v 1.55733681 5.07397223 1.58732677
v 1.87552750 4.79848957 1.59446907
v 1.90283859 4.77268171 1.61076248
v 1.89233804 4.77814531 1.59510612
v 1.90181816 4.76125669 1.59752083
v 1.89103496 4.77769327 1.63301086
v 1.90067208 4.76085901 1.63085139
v 1.05701470 5.48998165 1.61222696
v 1.06870937 5.47700930 1.61338007
v 1.05827641 5.49041939 1.57552862
v 1.07003307 5.47746801 1.57487273
v 1.03953218 5.50039244 1.58975959
v 1.04713321 5.49059772 1.57454371
v 1.02882469 5.49713230 1.57628226
v 1.04583013 5.49014568 1.61244845
v 1.02767873 5.49673557 1.60961282
v 1.07610452 5.44739056 1.61391497
v 1.84375834 4.80030823 1.63259077
v 0.90845847 5.24827194 1.60577726
v 1.67611253 4.60118961 1.62445307
v 0.96474081 5.37105513 1.60895526
v 1.78749120 4.67753029 1.62897158
v 1.07747185 5.44786501 1.57414150
v 1.84512568 4.80078268 1.59281743
v 0.90982574 5.24874592 1.56600380
v 1.67747986 4.60166359 1.58467972
v 0.96609300 5.37152433 1.56962311
v 1.78884339 4.67799902 1.58963943
v 2.62965703 5.64159775 2.58333540
v 1.94149816 4.64284420 2.28364253
v 2.63505578 5.79253292 2.06793451
v 1.94689715 4.79377937 1.76824176
v 2.27155113 5.30188847 1.93359184
v 2.26640582 5.15804672 2.42477250
v 2.37547469 5.38414526 1.95876956
v 2.37032938 5.24030304 2.44995022
v 1.94000804 4.68555832 2.01630640
v 1.90870440 4.70547485 2.02181125
v 2.66210008 5.73356056 2.33077717
v 2.63079619 5.75347710 2.33628178
v 2.28572464 5.14086914 2.43765688
v 2.59341526 5.62787056 2.57753396
v 2.62456274 5.60805273 2.57205677
v 2.65692139 5.65988922 2.57449603
v 2.62723804 5.67877531 2.57971573
v 1.94086981 4.68080378 2.29335070
v 1.97201705 4.66098642 2.28787327
v 1.93844688 4.61713648 2.26160049
v 1.90876305 4.63602257 2.26682043
v 2.29121113 5.29426479 1.91385317
v 2.59878707 5.77804947 2.06471491
v 2.62993455 5.75823164 2.05923772
v 2.66204095 5.80301285 2.08576775
v 2.63235736 5.82189894 2.09098768
v 1.94624162 4.83098269 1.78053164
v 1.97738898 4.81116486 1.77505445
v 1.94356632 4.76026011 1.77287245
v 1.91388273 4.77914667 1.77809227
v 2.26871085 5.23013783 2.17922926
v 1.92913890 4.80123043 1.79718876
v 2.61386132 5.79499722 2.09538531
v 1.92426002 4.66483307 2.26295018
v 2.60898280 5.65859938 2.56114674
v 2.37432861 5.31373596 2.20481730
v 1.96182168 4.78043652 1.79144168
v 2.64654422 5.77420282 2.08963799
v 1.95694268 4.64403820 2.25720286
v 2.64166546 5.63780499 2.55539942
v 1.92153561 4.68502331 2.01595592
v 2.65540028 5.75011110 2.33555388
v 2.60764766 5.60914993 2.57706332
v 2.60564780 5.64310598 2.58391786
v 2.63482213 5.62454319 2.57878757
v 2.65041399 5.65006447 2.58071089
v 2.62261057 5.66775465 2.58560014
v 1.96307671 4.67365742 2.29635334
v 1.93057549 4.66334534 2.28992414
v 1.95975006 4.64478302 2.28479385
v 1.94289756 4.62321615 2.27258778
v 1.91509390 4.64090633 2.27747679
v 2.61311316 5.76195145 2.05528808
v 2.61105442 5.79425240 2.06779432
v 2.64022851 5.77569008 2.06266403
v 2.65571022 5.79812908 2.07511139
v 2.62790680 5.81581926 2.08000064
v 1.96854234 4.82645893 1.77457786
v 1.93598199 4.81449223 1.77380073
v 1.96515644 4.79592943 1.76867032
v 1.94819367 4.77128077 1.76698804
v 1.92039013 4.78897095 1.77187741
v 2.57754230 5.74725294 2.05972028
v 1.96632886 4.86017275 1.79353690
v 2.27118516 5.29746199 1.94918334
v 1.95080256 4.83512449 1.79861188
v 2.59215569 5.76594639 2.07792068
v 2.57225275 5.59936476 2.56471777
v 1.96103895 4.71228456 2.29853439
v 2.26636553 5.16273117 2.40925264
v 1.94575536 4.69401741 2.28045177
v 2.58710837 5.62483978 2.55976057
v 2.60976553 5.72675085 2.05405402
v 1.99855149 4.83967113 1.78787041
v 2.37639380 5.38073635 1.97467220
v 1.98369586 4.81419611 1.79282761
v 2.62504888 5.74501801 2.07213640
v 2.60447526 5.57886267 2.55905151
v 1.99326158 4.69178295 2.29286814
v 2.37157464 5.24600554 2.43474150
v 1.97864866 4.67308903 2.27466750
v 2.62000155 5.60391140 2.55397654
v 1.93680656 4.61798382 2.24502444
v 1.94160163 4.75204229 1.78725195
v 1.94959915 4.75912237 1.80108881
v 1.94502914 4.63136339 2.23734927
v 1.93455112 4.67970800 2.01453590
v 1.90609813 4.63752174 2.25042462
v 1.91089332 4.77158022 1.79265213
v 1.91741478 4.77959919 1.80674839
v 1.91284502 4.65184116 2.24300885
v 1.90523016 4.69836378 2.01969218
v 2.65991092 5.66745520 2.55993629
v 2.66470599 5.80151367 2.10216379
v 2.65795898 5.78719473 2.10957932
v 2.65338945 5.65943623 2.54583979
v 2.66557384 5.74067211 2.33289623
v 2.62920260 5.68699360 2.56533623
v 2.63399768 5.82105160 2.10756373
v 2.62577510 5.80767202 2.11523890
v 2.62120509 5.67991304 2.55149937
v 2.63625288 5.75932741 2.33805227
v 2.57402301 5.59654045 2.57269621
v 2.60323095 5.57795715 2.56756020
v 1.96211362 4.70845079 2.30620980
v 1.99132156 4.68986702 2.30107355
v 2.61537743 5.66036558 2.58281326
v 2.26705074 5.15400934 2.43674564
v 2.60358810 5.64592838 2.57417440
v 2.64602494 5.64086580 2.57742405
v 2.36609173 5.23240185 2.46074057
v 2.63574672 5.62546778 2.56851912
v 2.64689040 5.66967487 2.57859135
v 2.65218496 5.65204573 2.56789064
v 2.66201496 5.67343569 2.56199241
v 2.62053013 5.67218637 2.57345748
v 2.63417983 5.69114542 2.56688738
v 1.91949344 4.65039968 2.27975607
v 1.92985487 4.66811132 2.28076363
v 1.95014083 4.63090086 2.27436686
v 1.96201301 4.64765072 2.27510858
v 1.92480183 4.62167788 2.26412201
v 1.94523704 4.62602282 2.26001501
v 1.93182373 4.61367893 2.24399447
v 1.91358185 4.64616299 2.26558161
v 1.90398860 4.63138914 2.24888945
v 2.57948279 5.74916840 2.05151463
v 2.60869074 5.73058462 2.04637837
v 1.96757305 4.86107826 1.78502822
v 1.99678087 4.84249496 1.77989197
v 2.62066317 5.80813503 2.07822156
v 2.27244949 5.30494356 1.92134726
v 2.60879111 5.79138517 2.07747960
v 2.65131068 5.78863573 2.07283211
v 2.37149072 5.38333607 1.94534183
v 2.64094949 5.77092409 2.07182455
v 2.65203547 5.81351900 2.08740520
v 2.65722227 5.79287243 2.08700657
v 2.66681552 5.80764627 2.10369897
v 2.62556720 5.81301308 2.09257317
v 2.63898039 5.82535648 2.10859370
v 1.92477930 4.79816961 1.77516437
v 1.93505764 4.81356764 1.78406906
v 1.95542669 4.77866983 1.76977491
v 1.96721601 4.79310751 1.77841389
v 1.92994702 4.76552153 1.77293587
v 1.95027423 4.76684904 1.77913094
v 1.93662429 4.74789000 1.78570104
v 1.91861916 4.78699017 1.78469741
v 1.90878940 4.76559973 1.79059589
v 1.95004022 4.82809544 1.82102275
v 2.59212303 5.75997734 2.10064960
v 1.94546521 4.70019197 2.25777960
v 2.58754802 5.63207340 2.53740668
v 1.92489517 4.73058510 2.02933407
v 2.61306190 5.72935009 2.32903051
v 1.98325598 4.80696249 1.81518173
v 2.62533903 5.73884392 2.09480858
v 1.97868097 4.67905807 2.25193882
v 2.62076378 5.61093998 2.53156567
v 1.95774233 4.70968580 2.02355766
v 2.64590907 5.70845079 2.32325411
v 1.53056288 4.06730795 2.02916670
v 1.55278563 4.25408602 1.47975004
v 1.90327156 4.59897518 2.22498655
v 1.92549443 4.78575373 1.67557001
v 1.88632715 4.69215107 1.94907081
v 1.53113294 4.18546820 1.76245308
v 1.91687906 4.65196085 2.00004101
v 1.56168509 4.14527750 1.81342328
v 1.75246477 4.51639605 1.56186724
v 1.72116125 4.53631306 1.56737208
v 1.72914612 4.32040691 2.13837576
v 1.69784248 4.34032393 2.14388037
v 1.53882694 4.15624142 1.75282848
v 1.51362276 4.08521032 2.01868486
v 1.54477012 4.06539249 2.01320744
v 1.55168438 4.06933689 2.04423141
v 1.52200067 4.08822346 2.04945111
v 1.53469539 4.26232290 1.49770129
v 1.56584299 4.24250507 1.49222398
v 1.57488620 4.26434374 1.47061062
v 1.54520261 4.28322983 1.47583055
v 1.91761208 4.69657755 1.95184088
v 1.88446450 4.61421490 2.21352363
v 1.91561186 4.59439707 2.20804644
v 1.90510476 4.57349014 2.22991705
v 1.87542117 4.59237623 2.23513699
v 1.90553737 4.79132748 1.69254017
v 1.93668461 4.77150965 1.68706298
v 1.92830670 4.76849651 1.65629661
v 1.89862311 4.78738308 1.66151655
v 1.70846236 4.43898010 1.85580909
v 1.88827443 4.77191067 1.67089093
v 1.86616254 4.58606482 2.21756411
v 1.55146217 4.29144907 1.49393082
v 1.52935028 4.10560322 2.04060411
v 1.73951232 4.39813423 1.90761018
v 1.92095709 4.75111675 1.66514361
v 1.89884520 4.56527090 2.21181703
v 1.58414495 4.27065516 1.48818362
v 1.56203282 4.08480930 2.03485680
v 1.74006891 4.52600098 1.55938089
v 1.71637011 4.32681704 2.14528847
v 1.52877963 4.07005072 2.01058769
v 1.51305068 4.07982111 2.02687597
v 1.54222512 4.06125879 2.02174568
v 1.54482079 4.06272030 2.03681707
v 1.51701760 4.08041000 2.04170632
v 1.54959488 4.24499893 1.49597108
v 1.53485084 4.26304770 1.48790753
v 1.56402540 4.24448586 1.48277712
v 1.56766891 4.25475264 1.47194529
v 1.53986537 4.27244282 1.47683454
v 1.90609825 4.60829449 2.20882964
v 1.88628197 4.61223412 2.22297049
v 1.91545653 4.59367228 2.21784019
v 1.91044199 4.58427763 2.22891307
v 1.88263845 4.60196733 2.23380232
v 1.92691338 4.78324223 1.69421303
v 1.90808225 4.79546118 1.68400204
v 1.93725669 4.77689886 1.67887163
v 1.93328989 4.77630997 1.66404152
v 1.90548658 4.79400015 1.66893065
v 1.88176632 4.61613178 2.19563293
v 1.90150428 4.78202581 1.70764828
v 1.87487495 4.67623377 1.94319630
v 1.89328241 4.77438498 1.69127679
v 1.87257099 4.60031080 2.20332432
v 1.51658046 4.09519577 2.00376582
v 1.53631854 4.26108980 1.51578093
v 1.54217899 4.20164394 1.76839900
v 1.54484308 4.27733755 1.50820780
v 1.52413154 4.10326338 2.02025509
v 1.91398871 4.59563017 2.18996668
v 1.93372691 4.76152420 1.70198202
v 1.90580475 4.63554621 1.99479699
v 1.92617571 4.75345659 1.68549252
v 1.90546429 4.57938242 2.19753981
v 1.54880321 4.07469416 1.99809957
v 1.56854117 4.24058819 1.51011467
v 1.57310879 4.16095591 1.81999958
v 1.57773626 4.25640917 1.50242352
v 1.55702496 4.08233500 2.01447105
v 1.58666599 4.28061247 1.47455299
v 1.91770113 4.75283289 1.64847779
v 1.91042292 4.73926687 1.65014732
v 1.59494400 4.28923702 1.48439574
v 1.75161767 4.51823854 1.55847645
v 1.55595756 4.30015039 1.47995305
v 1.88699281 4.77237082 1.65387785
v 1.87823868 4.75974417 1.65580678
v 1.56275976 4.30971432 1.49005532
v 1.72229683 4.53689432 1.56363249
v 1.56331456 4.08434916 2.05186987
v 1.89434981 4.55656958 2.22579455
v 1.88754761 4.54700565 2.21569252
v 1.57206881 4.09697580 2.04994082
v 1.72801054 4.31982613 2.14211535
v 1.53260612 4.10388708 2.05727005
v 1.86364138 4.57610798 2.23119473
v 1.85536337 4.56748295 2.22135210
v 1.53988445 4.11745310 2.05560040
v 1.69868982 4.33848143 2.14727116
v 1.51222503 4.08579445 2.00070405
v 1.54143262 4.06721115 1.99556780
v 1.53198552 4.25187778 1.51216364
v 1.56119323 4.23329401 1.50702751
v 1.51614773 4.08341312 2.03750420
v 1.52314806 4.17248583 1.75771677
v 1.51860523 4.09097338 2.03029490
v 1.54679513 4.06391430 2.03211498
v 1.55226469 4.13418388 1.80629230
v 1.55076373 4.07051229 2.02463961
v 1.53891194 4.07510233 2.04728627
v 1.55569220 4.07431984 2.04094648
v 1.56157517 4.08403254 2.05485249
v 1.52403724 4.09446001 2.04651308
v 1.53374004 4.10174227 2.05974722
v 1.53862011 4.27228880 1.48191977
v 1.54036236 4.27383614 1.49239528
v 1.56926739 4.25278902 1.47653031
v 1.57252073 4.25337553 1.48674023
v 1.56223059 4.27109003 1.47078049
v 1.57852185 4.26619816 1.47652876
v 1.58515537 4.28221893 1.47187769
v 1.54686666 4.28633833 1.48209536
v 1.55732024 4.29992962 1.47677255
v 1.88911414 4.62342596 2.19872022
v 1.91832197 4.60484219 2.19358420
v 1.90887463 4.78950882 1.71017992
v 1.93808234 4.77092552 1.70504379
v 1.88103998 4.60393095 2.22921729
v 1.89585519 4.70415163 1.95353580
v 1.87778676 4.60334444 2.21900749
v 1.91168725 4.58443117 2.22382808
v 1.92497182 4.66584921 2.00211120
v 1.90994513 4.58288383 2.21335244
v 1.89411020 4.58179140 2.23390627
v 1.90344059 4.57038164 2.22365236
v 1.89298713 4.55679035 2.22897530
v 1.87178552 4.59052181 2.22921896
v 1.86515200 4.57450104 2.23387003
v 1.90351224 4.79280567 1.67363286
v 1.89954376 4.78620768 1.68110800
v 1.93415976 4.77330685 1.66824353
v 1.93170214 4.76574659 1.67545295
v 1.91742885 4.77777910 1.65740049
v 1.92627025 4.76225996 1.65923464
v 1.91656733 4.75497770 1.64600050
v 1.89461517 4.78240013 1.66480112
v 1.88873219 4.77268744 1.65089536
v 1.87683225 4.75133419 1.68244922
v 1.85609746 4.57706118 2.19507980
v 1.56099451 4.30079222 1.51650906
v 1.54025948 4.12651968 2.02913952
v 1.71984172 4.53219986 1.58105040
v 1.69761860 4.34541941 2.13047338
v 1.91004801 4.73020029 1.67660832
v 1.88931298 4.55592775 2.18923855
v 1.59421003 4.27965879 1.51066804
v 1.57347512 4.10538578 2.02329850
v 1.75268888 4.51130056 1.57527423
v 1.73046565 4.32452011 2.12469721
f 1 47 44
f 1 44 43
f 1 43 45
f 1 45 46
f 1 46 47
f 2 49 52
f 6 72 70
f 12 102 99
f 11 96 95
f 8 79 81
f 4 62 59
f 4 59 58
f 4 58 60
f 4 60 61
f 4 61 62
f 5 66 65
f 3 54 57
f 7 73 77
f 9 85 86
f 10 92 88
f 12 101 98
f 6 69 68
f 2 50 48
f 8 82 78
f 11 97 93
f 6 71 69
f 12 100 101
f 11 94 97
f 8 80 82
f 2 51 50
f 10 90 89
f 5 63 64
f 3 55 53
f 7 76 74
f 9 87 84
f 10 91 90
f 5 67 63
f 3 56 55
f 7 75 76
f 9 83 87
f 6 68 72
f 2 48 49
f 8 78 79
f 11 93 96
f 12 98 102
f 10 88 91
f 5 65 67
f 3 57 56
f 7 77 75
f 9 86 83
f 5 64 66
f 3 53 54
f 7 74 73
f 9 84 85
f 10 89 92
f 6 70 71
f 12 99 100
f 11 95 94
f 8 81 80
f 2 52 51
f 35 109 116
f 18 105 108
f 19 111 106
f 40 114 112
f 42 117 115
f 34 125 119
f 33 152 156
f 25 137 139
f 36 158 160
f 20 123 120
f 32 143 149
f 23 127 132
f 24 135 128
f 37 147 145
f 41 150 148
f 34 153 155
f 33 140 133
f 25 138 134
f 36 159 157
f 20 122 124
f 17 107 47
f 14 103 44
f 13 104 43
f 15 110 45
f 16 113 46
f 18 118 49
f 35 154 72
f 42 141 102
f 40 162 96
f 19 121 79
f 30 142 62
f 27 129 59
f 22 130 58
f 28 144 60
f 29 146 61
f 32 151 66
f 23 131 54
f 24 136 73
f 37 161 85
f 41 126 92
f 35 116 101
f 18 108 69
f 19 106 50
f 40 112 82
f 42 115 97
f 34 119 71
f 33 156 100
f 25 139 94
f 36 160 80
f 20 120 51
f 32 149 90
f 23 132 63
f 24 128 55
f 37 145 76
f 41 148 87
f 34 155 91
f 33 133 67
f 25 134 56
f 36 157 75
f 20 124 83
f 14 109 68
f 13 105 48
f 15 111 78
f 16 114 93
f 17 117 98
f 21 125 88
f 31 152 65
f 26 137 57
f 38 158 77
f 39 123 86
f 27 143 64
f 22 127 53
f 28 135 74
f 29 147 84
f 30 150 89
f 31 153 70
f 26 140 99
f 38 138 95
f 39 159 81
f 21 122 52
f 14 107 109
f 13 103 105
f 15 104 111
f 16 110 114
f 17 113 117
f 21 118 125
f 31 154 152
f 26 141 137
f 38 162 158
f 39 121 123
f 27 142 143
f 22 129 127
f 28 130 135
f 29 144 147
f 30 146 150
f 31 151 153
f 26 131 140
f 38 136 138
f 39 161 159
f 21 126 122
f 14 44 107
f 13 43 103
f 15 45 104
f 16 46 110
f 17 47 113
f 21 52 118
f 31 70 154
f 26 99 141
f 38 95 162
f 39 81 121
f 27 59 142
f 22 58 129
f 28 60 130
f 29 61 144
f 30 62 146
f 31 65 151
f 26 57 131
f 38 77 136
f 39 86 161
f 21 88 126
f 17 98 116
f 14 68 108
f 13 48 106
f 15 78 112
f 16 93 115
f 18 69 119
f 35 101 156
f 42 97 139
f 40 82 160
f 19 50 120
f 30 89 149
f 27 64 132
f 22 53 128
f 28 74 145
f 29 84 148
f 32 90 155
f 23 63 133
f 24 55 134
f 37 76 157
f 41 87 124
f 35 72 109
f 18 49 105
f 19 79 111
f 40 96 114
f 42 102 117
f 34 91 125
f 33 67 152
f 25 56 137
f 36 75 158
f 20 83 123
f 32 66 143
f 23 54 127
f 24 73 135
f 37 85 147
f 41 92 150
f 34 71 153
f 33 100 140
f 25 94 138
f 36 80 159
f 20 51 122
f 17 116 107
f 14 108 103
f 13 106 104
f 15 112 110
f 16 115 113
f 18 119 118
f 35 156 154
f 42 139 141
f 40 160 162
f 19 120 121
f 30 149 142
f 27 132 129
f 22 128 130
f 28 145 144
f 29 148 146
f 32 155 151
f 23 133 131
f 24 134 136
f 37 157 161
f 41 124 126
f 107 44 47
f 103 43 44
f 104 45 43
f 110 46 45
f 113 47 46
f 118 52 49
f 154 70 72
f 141 99 102
f 162 95 96
f 121 81 79
f 142 59 62
f 129 58 59
f 130 60 58
f 144 61 60
f 146 62 61
f 151 65 66
f 131 57 54
f 136 77 73
f 161 86 85
f 126 88 92
f 116 98 101
f 108 68 69
f 106 48 50
f 112 78 82
f 115 93 97
f 119 69 71
f 156 101 100
f 139 97 94
f 160 82 80
f 120 50 51
f 149 89 90
f 132 64 63
f 128 53 55
f 145 74 76
f 148 84 87
f 155 90 91
f 133 63 67
f 134 55 56
f 157 76 75
f 124 87 83
f 109 72 68
f 105 49 48
f 111 79 78
f 114 96 93
f 117 102 98
f 125 91 88
f 152 67 65
f 137 56 57
f 158 75 77
f 123 83 86
f 143 66 64
f 127 54 53
f 135 73 74
f 147 85 84
f 150 92 89
f 153 71 70
f 140 100 99
f 138 94 95
f 159 80 81
f 122 51 52
f 107 116 109
f 103 108 105
f 104 106 111
f 110 112 114
f 113 115 117
f 118 119 125
f 154 156 152
f 141 139 137
f 162 160 158
f 121 120 123
f 142 149 143
f 129 132 127
f 130 128 135
f 144 145 147
f 146 148 150
f 151 155 153
f 131 133 140
f 136 134 138
f 161 157 159
f 126 124 122
f 163 209 206
f 163 206 205
f 163 205 207
f 163 207 208
f 163 208 209
f 164 211 214
f 168 234 232
f 174 264 261
f 173 258 257
f 170 241 243
f 166 224 221
f 166 221 220
f 166 220 222
f 166 222 223
f 166 223 224
f 167 228 227
f 165 216 219
f 169 235 239
f 171 247 248
f 172 254 250
f 174 263 260
f 168 231 230
f 164 212 210
f 170 244 240
f 173 259 255
f 168 233 231
f 174 262 263
f 173 256 259
f 170 242 244
f 164 213 212
f 172 252 251
f 167 225 226
f 165 217 215
f 169 238 236
f 171 249 246
f 172 253 252
f 167 229 225
f 165 218 217
f 169 237 238
f 171 245 249
f 168 230 234
f 164 210 211
f 170 240 241
f 173 255 258
f 174 260 264
f 172 250 253
f 167 227 229
f 165 219 218
f 169 239 237
f 171 248 245
f 167 226 228
f 165 215 216
f 169 236 235
f 171 246 247
f 172 251 254
f 168 232 233
f 174 261 262
f 173 257 256
f 170 243 242
f 164 214 213
f 197 271 278
f 180 267 270
f 181 273 268
f 202 276 274
f 204 279 277
f 196 287 281
f 195 314 318
f 187 299 301
f 198 320 322
f 182 285 282
f 194 305 311
f 185 289 294
f 186 297 290
f 199 309 307
f 203 312 310
f 196 315 317
f 195 302 295
f 187 300 296
f 198 321 319
f 182 284 286
f 179 269 209
f 176 265 206
f 175 266 205
f 177 272 207
f 178 275 208
f 180 280 211
f 197 316 234
f 204 303 264
f 202 324 258
f 181 283 241
f 192 304 224
f 189 291 221
f 184 292 220
f 190 306 222
f 191 308 223
f 194 313 228
f 185 293 216
f 186 298 235
f 199 323 247
f 203 288 254
f 197 278 263
f 180 270 231
f 181 268 212
f 202 274 244
f 204 277 259
f 196 281 233
f 195 318 262
f 187 301 256
f 198 322 242
f 182 282 213
f 194 311 252
f 185 294 225
f 186 290 217
f 199 307 238
f 203 310 249
f 196 317 253
f 195 295 229
f 187 296 218
f 198 319 237
f 182 286 245
f 176 271 230
f 175 267 210
f 177 273 240
f 178 276 255
f 179 279 260
f 183 287 250
f 193 314 227
f 188 299 219
f 200 320 239
f 201 285 248
f 189 305 226
f 184 289 215
f 190 297 236
f 191 309 246
f 192 312 251
f 193 315 232
f 188 302 261
f 200 300 257
f 201 321 243
f 183 284 214
f 176 269 271
f 175 265 267
f 177 266 273
f 178 272 276
f 179 275 279
f 183 280 287
f 193 316 314
f 188 303 299
f 200 324 320
f 201 283 285
f 189 304 305
f 184 291 289
f 190 292 297
f 191 306 309
f 192 308 312
f 193 313 315
f 188 293 302
f 200 298 300
f 201 323 321
f 183 288 284
f 176 206 269
f 175 205 265
f 177 207 266
f 178 208 272
f 179 209 275
f 183 214 280
f 193 232 316
f 188 261 303
f 200 257 324
f 201 243 283
f 189 221 304
f 184 220 291
f 190 222 292
f 191 223 306
f 192 224 308
f 193 227 313
f 188 219 293
f 200 239 298
f 201 248 323
f 183 250 288
f 179 260 278
f 176 230 270
f 175 210 268
f 177 240 274
f 178 255 277
f 180 231 281
f 197 263 318
f 204 259 301
f 202 244 322
f 181 212 282
f 192 251 311
f 189 226 294
f 184 215 290
f 190 236 307
f 191 246 310
f 194 252 317
f 185 225 295
f 186 217 296
f 199 238 319
f 203 249 286
f 197 234 271
f 180 211 267
f 181 241 273
f 202 258 276
f 204 264 279
f 196 253 287
f 195 229 314
f 187 218 299
f 198 237 320
f 182 245 285
f 194 228 305
f 185 216 289
f 186 235 297
f 199 247 309
f 203 254 312
f 196 233 315
f 195 262 302
f 187 256 300
f 198 242 321
f 182 213 284
f 179 278 269
f 176 270 265
f 175 268 266
f 177 274 272
f 178 277 275
f 180 281 280
f 197 318 316
f 204 301 303
f 202 322 324
f 181 282 283
f 192 311 304
f 189 294 291
f 184 290 292
f 190 307 306
f 191 310 308
f 194 317 313
f 185 295 293
f 186 296 298
f 199 319 323
f 203 286 288
f 269 206 209
f 265 205 206
f 266 207 205
f 272 208 207
f 275 209 208
f 280 214 211
f 316 232 234
f 303 261 264
f 324 257 258
f 283 243 241
f 304 221 224
f 291 220 221
f 292 222 220
f 306 223 222
f 308 224 223
f 313 227 228
f 293 219 216
f 298 239 235
f 323 248 247
f 288 250 254
f 278 260 263
f 270 230 231
f 268 210 212
f 274 240 244
f 277 255 259
f 281 231 233
f 318 263 262
f 301 259 256
f 322 244 242
f 282 212 213
f 311 251 252
f 294 226 225
f 290 215 217
f 307 236 238
f 310 246 249
f 317 252 253
f 295 225 229
f 296 217 218
f 319 238 237
f 286 249 245
f 271 234 230
f 267 211 210
f 273 241 240
f 276 258 255
f 279 264 260
f 287 253 250
f 314 229 227
f 299 218 219
f 320 237 239
f 285 245 248
f 305 228 226
f 289 216 215
f 297 235 236
f 309 247 246
f 312 254 251
f 315 233 232
f 302 262 261
f 300 256 257
f 321 242 243
f 284 213 214
f 269 278 271
f 265 270 267
f 266 268 273
f 272 274 276
f 275 277 279
f 280 281 287
f 316 318 314
f 303 301 299
f 324 322 320
f 283 282 285
f 304 311 305
f 291 294 289
f 292 290 297
f 306 307 309
f 308 310 312
f 313 317 315
f 293 295 302
f 298 296 300
f 323 319 321
f 288 286 284
f 325 371 368
f 325 368 367
f 325 367 369
f 325 369 370
f 325 370 371
f 326 373 376
f 330 396 394
f 336 426 423
f 335 420 419
f 332 403 405
f 328 386 383
f 328 383 382
f 328 382 384
f 328 384 385
f 328 385 386
f 329 390 389
f 327 378 381
f 331 397 401
f 333 409 410
f 334 416 412
f 336 425 422
f 330 393 392
f 326 374 372
f 332 406 402
f 335 421 417
f 330 395 393
f 336 424 425
f 335 418 421
f 332 404 406
f 326 375 374
f 334 414 413
f 329 387 388
f 327 379 377
f 331 400 398
f 333 411 408
f 334 415 414
f 329 391 387
f 327 380 379
f 331 399 400
f 333 407 411
f 330 392 396
f 326 372 373
f 332 402 403
f 335 417 420
f 336 422 426
f 334 412 415
f 329 389 391
f 327 381 380
f 331 401 399
f 333 410 407
f 329 388 390
f 327 377 378
f 331 398 397
f 333 408 409
f 334 413 416
f 330 394 395
f 336 423 424
f 335 419 418
f 332 405 404
f 326 376 375
f 359 433 440
f 342 429 432
f 343 435 430
f 364 438 436
f 366 441 439
f 358 449 443
f 357 476 480
f 349 461 463
f 360 482 484
f 344 447 444
f 356 467 473
f 347 451 456
f 348 459 452
f 361 471 469
f 365 474 472
f 358 477 479
f 357 464 457
f 349 462 458
f 360 483 481
f 344 446 448
f 341 431 371
f 338 427 368
f 337 428 367
f 339 434 369
f 340 437 370
f 342 442 373
f 359 478 396
f 366 465 426
f 364 486 420
f 343 445 403
f 354 466 386
f 351 453 383
f 346 454 382
f 352 468 384
f 353 470 385
f 356 475 390
f 347 455 378
f 348 460 397
f 361 485 409
f 365 450 416
f 359 440 425
f 342 432 393
f 343 430 374
f 364 436 406
f 366 439 421
f 358 443 395
f 357 480 424
f 349 463 418
f 360 484 404
f 344 444 375
f 356 473 414
f 347 456 387
f 348 452 379
f 361 469 400
f 365 472 411
f 358 479 415
f 357 457 391
f 349 458 380
f 360 481 399
f 344 448 407
f 338 433 392
f 337 429 372
f 339 435 402
f 340 438 417
f 341 441 422
f 345 449 412
f 355 476 389
f 350 461 381
f 362 482 401
f 363 447 410
f 351 467 388
f 346 451 377
f 352 459 398
f 353 471 408
f 354 474 413
f 355 477 394
f 350 464 423
f 362 462 419
f 363 483 405
f 345 446 376
f 338 431 433
f 337 427 429
f 339 428 435
f 340 434 438
f 341 437 441
f 345 442 449
f 355 478 476
f 350 465 461
f 362 486 482
f 363 445 447
f 351 466 467
f 346 453 451
f 352 454 459
f 353 468 471
f 354 470 474
f 355 475 477
f 350 455 464
f 362 460 462
f 363 485 483
f 345 450 446
f 338 368 431
f 337 367 427
f 339 369 428
f 340 370 434
f 341 371 437
f 345 376 442
f 355 394 478
f 350 423 465
f 362 419 486
f 363 405 445
f 351 383 466
f 346 382 453
f 352 384 454
f 353 385 468
f 354 386 470
f 355 389 475
f 350 381 455
f 362 401 460
f 363 410 485
f 345 412 450
f 341 422 440
f 338 392 432
f 337 372 430
f 339 402 436
f 340 417 439
f 342 393 443
f 359 425 480
f 366 421 463
f 364 406 484
f 343 374 444
f 354 413 473
f 351 388 456
f 346 377 452
f 352 398 469
f 353 408 472
f 356 414 479
f 347 387 457
f 348 379 458
f 361 400 481
f 365 411 448
f 359 396 433
f 342 373 429
f 343 403 435
f 364 420 438
f 366 426 441
f 358 415 449
f 357 391 476
f 349 380 461
f 360 399 482
f 344 407 447
f 356 390 467
f 347 378 451
f 348 397 459
f 361 409 471
f 365 416 474
f 358 395 477
f 357 424 464
f 349 418 462
f 360 404 483
f 344 375 446
f 341 440 431
f 338 432 427
f 337 430 428
f 339 436 434
f 340 439 437
f 342 443 442
f 359 480 478
f 366 463 465
f 364 484 486
f 343 444 445
f 354 473 466
f 351 456 453
f 346 452 454
f 352 469 468
f 353 472 470
f 356 479 475
f 347 457 455
f 348 458 460
f 361 481 485
f 365 448 450
f 431 368 371
f 427 367 368
f 428 369 367
f 434 370 369
f 437 371 370
f 442 376 373
f 478 394 396
f 465 423 426
f 486 419 420
f 445 405 403
f 466 383 386
f 453 382 383
f 454 384 382
f 468 385 384
f 470 386 385
f 475 389 390
f 455 381 378
f 460 401 397
f 485 410 409
f 450 412 416
f 440 422 425
f 432 392 393
f 430 372 374
f 436 402 406
f 439 417 421
f 443 393 395
f 480 425 424
f 463 421 418
f 484 406 404
f 444 374 375
f 473 413 414
f 456 388 387
f 452 377 379
f 469 398 400
f 472 408 411
f 479 414 415
f 457 387 391
f 458 379 380
f 481 400 399
f 448 411 407
f 433 396 392
f 429 373 372
f 435 403 402
f 438 420 417
f 441 426 422
f 449 415 412
f 476 391 389
f 461 380 381
f 482 399 401
f 447 407 410
f 467 390 388
f 451 378 377
f 459 397 398
f 471 409 408
f 474 416 413
f 477 395 394
f 464 424 423
f 462 418 419
f 483 404 405
f 446 375 376
f 431 440 433
f 427 432 429
f 428 430 435
f 434 436 438
f 437 439 441
f 442 443 449
f 478 480 476
f 465 463 461
f 486 484 482
f 445 444 447
f 466 473 467
f 453 456 451
f 454 452 459
f 468 469 471
f 470 472 474
f 475 479 477
f 455 457 464
f 460 458 462
f 485 481 483
f 450 448 446
f 487 533 530
f 487 530 529
f 487 529 531
f 487 531 532
f 487 532 533
f 488 535 538
f 492 558 556
f 498 588 585
f 497 582 581
f 494 565 567
f 490 548 545
f 490 545 544
f 490 544 546
f 490 546 547
f 490 547 548
f 491 552 551
f 489 540 543
f 493 559 563
f 495 571 572
f 496 578 574
f 498 587 584
f 492 555 554
f 488 536 534
f 494 568 564
f 497 583 579
f 492 557 555
f 498 586 587
f 497 580 583
f 494 566 568
f 488 537 536
f 496 576 575
f 491 549 550
f 489 541 539
f 493 562 560
f 495 573 570
f 496 577 576
f 491 553 549
f 489 542 541
f 493 561 562
f 495 569 573
f 492 554 558
f 488 534 535
f 494 564 565
f 497 579 582
f 498 584 588
f 496 574 577
f 491 551 553
f 489 543 542
f 493 563 561
f 495 572 569
f 491 550 552
f 489 539 540
f 493 560 559
f 495 570 571
f 496 575 578
f 492 556 557
f 498 585 586
f 497 581 580
f 494 567 566
f 488 538 537
f 521 595 602
f 504 591 594
f 505 597 592
f 526 600 598
f 528 603 601
f 520 611 605
f 519 638 642
f 511 623 625
f 522 644 646
f 506 609 606
f 518 629 635
f 509 613 618
f 510 621 614
f 523 633 631
f 527 636 634
f 520 639 641
f 519 626 619
f 511 624 620
f 522 645 643
f 506 608 610
f 503 593 533
f 500 589 530
f 499 590 529
f 501 596 531
f 502 599 532
f 504 604 535
f 521 640 558
f 528 627 588
f 526 648 582
f 505 607 565
f 516 628 548
f 513 615 545
f 508 616 544
f 514 630 546
f 515 632 547
f 518 637 552
f 509 617 540
f 510 622 559
f 523 647 571
f 527 612 578
f 521 602 587
f 504 594 555
f 505 592 536
f 526 598 568
f 528 601 583
f 520 605 557
f 519 642 586
f 511 625 580
f 522 646 566
f 506 606 537
f 518 635 576
f 509 618 549
f 510 614 541
f 523 631 562
f 527 634 573
f 520 641 577
f 519 619 553
f 511 620 542
f 522 643 561
f 506 610 569
f 500 595 554
f 499 591 534
f 501 597 564
f 502 600 579
f 503 603 584
f 507 611 574
f 517 638 551
f 512 623 543
f 524 644 563
f 525 609 572
f 513 629 550
f 508 613 539
f 514 621 560
f 515 633 570
f 516 636 575
f 517 639 556
f 512 626 585
f 524 624 581
f 525 645 567
f 507 608 538
f 500 593 595
f 499 589 591
f 501 590 597
f 502 596 600
f 503 599 603
f 507 604 611
f 517 640 638
f 512 627 623
f 524 648 644
f 525 607 609
f 513 628 629
f 508 615 613
f 514 616 621
f 515 630 633
f 516 632 636
f 517 637 639
f 512 617 626
f 524 622 624
f 525 647 645
f 507 612 608
f 500 530 593
f 499 529 589
f 501 531 590
f 502 532 596
f 503 533 599
f 507 538 604
f 517 556 640
f 512 585 627
f 524 581 648
f 525 567 607
f 513 545 628
f 508 544 615
f 514 546 616
f 515 547 630
f 516 548 632
f 517 551 637
f 512 543 617
f 524 563 622
f 525 572 647
f 507 574 612
f 503 584 602
f 500 554 594
f 499 534 592
f 501 564 598
f 502 579 601
f 504 555 605
f 521 587 642
f 528 583 625
f 526 568 646
f 505 536 606
f 516 575 635
f 513 550 618
f 508 539 614
f 514 560 631
f 515 570 634
f 518 576 641
f 509 549 619
f 510 541 620
f 523 562 643
f 527 573 610
f 521 558 595
f 504 535 591
f 505 565 597
f 526 582 600
f 528 588 603
f 520 577 611
f 519 553 638
f 511 542 623
f 522 561 644
f 506 569 609
f 518 552 629
f 509 540 613
f 510 559 621
f 523 571 633
f 527 578 636
f 520 557 639
f 519 586 626
f 511 580 624
f 522 566 645
f 506 537 608
f 503 602 593
f 500 594 589
f 499 592 590
f 501 598 596
f 502 601 599
f 504 605 604
f 521 642 640
f 528 625 627
f 526 646 648
f 505 606 607
f 516 635 628
f 513 618 615
f 508 614 616
f 514 631 630
f 515 634 632
f 518 641 637
f 509 619 617
f 510 620 622
f 523 643 647
f 527 610 612
f 593 530 533
f 589 529 530
f 590 531 529
f 596 532 531
f 599 533 532
f 604 538 535
f 640 556 558
f 627 585 588
f 648 581 582
f 607 567 565
f 628 545 548
f 615 544 545
f 616 546 544
f 630 547 546
f 632 548 547
f 637 551 552
f 617 543 540
f 622 563 559
f 647 572 571
f 612 574 578
f 602 584 587
f 594 554 555
f 592 534 536
f 598 564 568
f 601 579 583
f 605 555 557
f 642 587 586
f 625 583 580
f 646 568 566
f 606 536 537
f 635 575 576
f 618 550 549
f 614 539 541
f 631 560 562
f 634 570 573
f 641 576 577
f 619 549 553
f 620 541 542
f 643 562 561
f 610 573 569
f 595 558 554
f 591 535 534
f 597 565 564
f 600 582 579
f 603 588 584
f 611 577 574
f 638 553 551
f 623 542 543
f 644 561 563
f 609 569 572
f 629 552 550
f 613 540 539
f 621 559 560
f 633 571 570
f 636 578 575
f 639 557 556
f 626 586 585
f 624 580 581
f 645 566 567
f 608 537 538
f 593 602 595
f 589 594 591
f 590 592 597
f 596 598 600
f 599 601 603
f 604 605 611
f 640 642 638
f 627 625 623
f 648 646 644
f 607 606 609
f 628 635 629
f 615 618 613
f 616 614 621
f 630 631 633
f 632 634 636
f 637 641 639
f 617 619 626
f 622 620 624
f 647 643 645
f 612 610 608
f 649 695 692
f 649 692 691
f 649 691 693
f 649 693 694
f 649 694 695
f 650 697 700
f 654 720 718
f 660 750 747
f 659 744 743
f 656 727 729
f 652 710 707
f 652 707 706
f 652 706 708
f 652 708 709
f 652 709 710
f 653 714 713
f 651 702 705
f 655 721 725
f 657 733 734
f 658 740 736
f 660 749 746
f 654 717 716
f 650 698 696
f 656 730 726
f 659 745 741
f 654 719 717
f 660 748 749
f 659 742 745
f 656 728 730
f 650 699 698
f 658 738 737
f 653 711 712
f 651 703 701
f 655 724 722
f 657 735 732
f 658 739 738
f 653 715 711
f 651 704 703
f 655 723 724
f 657 731 735
f 654 716 720
f 650 696 697
f 656 726 727
f 659 741 744
f 660 746 750
f 658 736 739
f 653 713 715
f 651 705 704
f 655 725 723
f 657 734 731
f 653 712 714
f 651 701 702
f 655 722 721
f 657 732 733
f 658 737 740
f 654 718 719
f 660 747 748
f 659 743 742
f 656 729 728
f 650 700 699
f 683 757 764
f 666 753 756
f 667 759 754
f 688 762 760
f 690 765 763
f 682 773 767
f 681 800 804
f 673 785 787
f 684 806 808
f 668 771 768
f 680 791 797
f 671 775 780
f 672 783 776
f 685 795 793
f 689 798 796
f 682 801 803
f 681 788 781
f 673 786 782
f 684 807 805
f 668 770 772
f 665 755 695
f 662 751 692
f 661 752 691
f 663 758 693
f 664 761 694
f 666 766 697
f 683 802 720
f 690 789 750
f 688 810 744
f 667 769 727
f 678 790 710
f 675 777 707
f 670 778 706
f 676 792 708
f 677 794 709
f 680 799 714
f 671 779 702
f 672 784 721
f 685 809 733
f 689 774 740
f 683 764 749
f 666 756 717
f 667 754 698
f 688 760 730
f 690 763 745
f 682 767 719
f 681 804 748
f 673 787 742
f 684 808 728
f 668 768 699
f 680 797 738
f 671 780 711
f 672 776 703
f 685 793 724
f 689 796 735
f 682 803 739
f 681 781 715
f 673 782 704
f 684 805 723
f 668 772 731
f 662 757 716
f 661 753 696
f 663 759 726
f 664 762 741
f 665 765 746
f 669 773 736
f 679 800 713
f 674 785 705
f 686 806 725
f 687 771 734
f 675 791 712
f 670 775 701
f 676 783 722
f 677 795 732
f 678 798 737
f 679 801 718
f 674 788 747
f 686 786 743
f 687 807 729
f 669 770 700
f 662 755 757
f 661 751 753
f 663 752 759
f 664 758 762
f 665 761 765
f 669 766 773
f 679 802 800
f 674 789 785
f 686 810 806
f 687 769 771
f 675 790 791
f 670 777 775
f 676 778 783
f 677 792 795
f 678 794 798
f 679 799 801
f 674 779 788
f 686 784 786
f 687 809 807
f 669 774 770
f 662 692 755
f 661 691 751
f 663 693 752
f 664 694 758
f 665 695 761
f 669 700 766
f 679 718 802
f 674 747 789
f 686 743 810
f 687 729 769
f 675 707 790
f 670 706 777
f 676 708 778
f 677 709 792
f 678 710 794
f 679 713 799
f 674 705 779
f 686 725 784
f 687 734 809
f 669 736 774
f 665 746 764
f 662 716 756
f 661 696 754
f 663 726 760
f 664 741 763
f 666 717 767
f 683 749 804
f 690 745 787
f 688 730 808
f 667 698 768
f 678 737 797
f 675 712 780
f 670 701 776
f 676 722 793
f 677 732 796
f 680 738 803
f 671 711 781
f 672 703 782
f 685 724 805
f 689 735 772
f 683 720 757
f 666 697 753
f 667 727 759
f 688 744 762
f 690 750 765
f 682 739 773
f 681 715 800
f 673 704 785
f 684 723 806
f 668 731 771
f 680 714 791
f 671 702 775
f 672 721 783
f 685 733 795
f 689 740 798
f 682 719 801
f 681 748 788
f 673 742 786
f 684 728 807
f 668 699 770
f 665 764 755
f 662 756 751
f 661 754 752
f 663 760 758
f 664 763 761
f 666 767 766
f 683 804 802
f 690 787 789
f 688 808 810
f 667 768 769
f 678 797 790
f 675 780 777
f 670 776 778
f 676 793 792
f 677 796 794
f 680 803 799
f 671 781 779
f 672 782 784
f 685 805 809
f 689 772 774
f 755 692 695
f 751 691 692
f 752 693 691
f 758 694 693
f 761 695 694
f 766 700 697
f 802 718 720
f 789 747 750
f 810 743 744
f 769 729 727
f 790 707 710
f 777 706 707
f 778 708 706
f 792 709 708
f 794 710 709
f 799 713 714
f 779 705 702
f 784 725 721
f 809 734 733
f 774 736 740
f 764 746 749
f 756 716 717
f 754 696 698
f 760 726 730
f 763 741 745
f 767 717 719
f 804 749 748
f 787 745 742
f 808 730 728
f 768 698 699
f 797 737 738
f 780 712 711
f 776 701 703
f 793 722 724
f 796 732 735
f 803 738 739
f 781 711 715
f 782 703 704
f 805 724 723
f 772 735 731
f 757 720 716
f 753 697 696
f 759 727 726
f 762 744 741
f 765 750 746
f 773 739 736
f 800 715 713
f 785 704 705
f 806 723 725
f 771 731 734
f 791 714 712
f 775 702 701
f 783 721 722
f 795 733 732
f 798 740 737
f 801 719 718
f 788 748 747
f 786 742 743
f 807 728 729
f 770 699 700
f 755 764 757
f 751 756 753
f 752 754 759
f 758 760 762
f 761 763 765
f 766 767 773
f 802 804 800
f 789 787 785
f 810 808 806
f 769 768 771
f 790 797 791
f 777 780 775
f 778 776 783
f 792 793 795
f 794 796 798
f 799 803 801
f 779 781 788
f 784 782 786
f 809 805 807
f 774 772 770
f 811 857 854
f 811 854 853
f 811 853 855
f 811 855 856
f 811 856 857
f 812 859 862
f 816 882 880
f 822 912 909
f 821 906 905
f 818 889 891
f 814 872 869
f 814 869 868
f 814 868 870
f 814 870 871
f 814 871 872
f 815 876 875
f 813 864 867
f 817 883 887
f 819 895 896
f 820 902 898
f 822 911 908
f 816 879 878
f 812 860 858
f 818 892 888
f 821 907 903
f 816 881 879
f 822 910 911
f 821 904 907
f 818 890 892
f 812 861 860
f 820 900 899
f 815 873 874
f 813 865 863
f 817 886 884
f 819 897 894
f 820 901 900
f 815 877 873
f 813 866 865
f 817 885 886
f 819 893 897
f 816 878 882
f 812 858 859
f 818 888 889
f 821 903 906
f 822 908 912
f 820 898 901
f 815 875 877
f 813 867 866
f 817 887 885
f 819 896 893
f 815 874 876
f 813 863 864
f 817 884 883
f 819 894 895
f 820 899 902
f 816 880 881
f 822 909 910
f 821 905 904
f 818 891 890
f 812 862 861
f 845 919 926
f 828 915 918
f 829 921 916
f 850 924 922
f 852 927 925
f 844 935 929
f 843 962 966
f 835 947 949
f 846 968 970
f 830 933 930
f 842 953 959
f 833 937 942
f 834 945 938
f 847 957 955
f 851 960 958
f 844 963 965
f 843 950 943
f 835 948 944
f 846 969 967
f 830 932 934
f 827 917 857
f 824 913 854
f 823 914 853
f 825 920 855
f 826 923 856
f 828 928 859
f 845 964 882
f 852 951 912
f 850 972 906
f 829 931 889
f 840 952 872
f 837 939 869
f 832 940 868
f 838 954 870
f 839 956 871
f 842 961 876
f 833 941 864
f 834 946 883
f 847 971 895
f 851 936 902
f 845 926 911
f 828 918 879
f 829 916 860
f 850 922 892
f 852 925 907
f 844 929 881
f 843 966 910
f 835 949 904
f 846 970 890
f 830 930 861
f 842 959 900
f 833 942 873
f 834 938 865
f 847 955 886
f 851 958 897
f 844 965 901
f 843 943 877
f 835 944 866
f 846 967 885
f 830 934 893
f 824 919 878
f 823 915 858
f 825 921 888
f 826 924 903
f 827 927 908
f 831 935 898
f 841 962 875
f 836 947 867
f 848 968 887
f 849 933 896
f 837 953 874
f 832 937 863
f 838 945 884
f 839 957 894
f 840 960 899
f 841 963 880
f 836 950 909
f 848 948 905
f 849 969 891
f 831 932 862
f 824 917 919
f 823 913 915
f 825 914 921
f 826 920 924
f 827 923 927
f 831 928 935
f 841 964 962
f 836 951 947
f 848 972 968
f 849 931 933
f 837 952 953
f 832 939 937
f 838 940 945
f 839 954 957
f 840 956 960
f 841 961 963
f 836 941 950
f 848 946 948
f 849 971 969
f 831 936 932
f 824 854 917
f 823 853 913
f 825 855 914
f 826 856 920
f 827 857 923
f 831 862 928
f 841 880 964
f 836 909 951
f 848 905 972
f 849 891 931
f 837 869 952
f 832 868 939
f 838 870 940
f 839 871 954
f 840 872 956
f 841 875 961
f 836 867 941
f 848 887 946
f 849 896 971
f 831 898 936
f 827 908 926
f 824 878 918
f 823 858 916
f 825 888 922
f 826 903 925
f 828 879 929
f 845 911 966
f 852 907 949
f 850 892 970
f 829 860 930
f 840 899 959
f 837 874 942
f 832 863 938
f 838 884 955
f 839 894 958
f 842 900 965
f 833 873 943
f 834 865 944
f 847 886 967
f 851 897 934
f 845 882 919
f 828 859 915
f 829 889 921
f 850 906 924
f 852 912 927
f 844 901 935
f 843 877 962
f 835 866 947
f 846 885 968
f 830 893 933
f 842 876 953
f 833 864 937
f 834 883 945
f 847 895 957
f 851 902 960
f 844 881 963
f 843 910 950
f 835 904 948
f 846 890 969
f 830 861 932
f 827 926 917
f 824 918 913
f 823 916 914
f 825 922 920
f 826 925 923
f 828 929 928
f 845 966 964
f 852 949 951
f 850 970 972
f 829 930 931
f 840 959 952
f 837 942 939
f 832 938 940
f 838 955 954
f 839 958 956
f 842 965 961
f 833 943 941
f 834 944 946
f 847 967 971
f 851 934 936
f 917 854 857
f 913 853 854
f 914 855 853
f 920 856 855
f 923 857 856
f 928 862 859
f 964 880 882
f 951 909 912
f 972 905 906
f 931 891 889
f 952 869 872
f 939 868 869
f 940 870 868
f 954 871 870
f 956 872 871
f 961 875 876
f 941 867 864
f 946 887 883
f 971 896 895
f 936 898 902
f 926 908 911
f 918 878 879
f 916 858 860
f 922 888 892
f 925 903 907
f 929 879 881
f 966 911 910
f 949 907 904
f 970 892 890
f 930 860 861
f 959 899 900
f 942 874 873
f 938 863 865
f 955 884 886
f 958 894 897
f 965 900 901
f 943 873 877
f 944 865 866
f 967 886 885
f 934 897 893
f 919 882 878
f 915 859 858
f 921 889 888
f 924 906 903
f 927 912 908
f 935 901 898
f 962 877 875
f 947 866 867
f 968 885 887
f 933 893 896
f 953 876 874
f 937 864 863
f 945 883 884
f 957 895 894
f 960 902 899
f 963 881 880
f 950 910 909
f 948 904 905
f 969 890 891
f 932 861 862
f 917 926 919
f 913 918 915
f 914 916 921
f 920 922 924
f 923 925 927
f 928 929 935
f 964 966 962
f 951 949 947
f 972 970 968
f 931 930 933
f 952 959 953
f 939 942 937
f 940 938 945
f 954 955 957
f 956 958 960
f 961 965 963
f 941 943 950
f 946 944 948
f 971 967 969
f 936 934 932
f 973 1019 1016
f 973 1016 1015
f 973 1015 1017
f 973 1017 1018
f 973 1018 1019
f 974 1021 1024
f 978 1044 1042
f 984 1074 1071
f 983 1068 1067
f 980 1051 1053
f 976 1034 1031
f 976 1031 1030
f 976 1030 1032
f 976 1032 1033
f 976 1033 1034
f 977 1038 1037
f 975 1026 1029
f 979 1045 1049
f 981 1057 1058
f 982 1064 1060
f 984 1073 1070
f 978 1041 1040
f 974 1022 1020
f 980 1054 1050
f 983 1069 1065
f 978 1043 1041
f 984 1072 1073
f 983 1066 1069
f 980 1052 1054
f 974 1023 1022
f 982 1062 1061
f 977 1035 1036
f 975 1027 1025
f 979 1048 1046
f 981 1059 1056
f 982 1063 1062
f 977 1039 1035
f 975 1028 1027
f 979 1047 1048
f 981 1055 1059
f 978 1040 1044
f 974 1020 1021
f 980 1050 1051
f 983 1065 1068
f 984 1070 1074
f 982 1060 1063
f 977 1037 1039
f 975 1029 1028
f 979 1049 1047
f 981 1058 1055
f 977 1036 1038
f 975 1025 1026
f 979 1046 1045
f 981 1056 1057
f 982 1061 1064
f 978 1042 1043
f 984 1071 1072
f 983 1067 1066
f 980 1053 1052
f 974 1024 1023
f 1007 1081 1088
f 990 1077 1080
f 991 1083 1078
f 1012 1086 1084
f 1014 1089 1087
f 1006 1097 1091
f 1005 1124 1128
f 997 1109 1111
f 1008 1130 1132
f 992 1095 1092
f 1004 1115 1121
f 995 1099 1104
f 996 1107 1100
f 1009 1119 1117
f 1013 1122 1120
f 1006 1125 1127
f 1005 1112 1105
f 997 1110 1106
f 1008 1131 1129
f 992 1094 1096
f 989 1079 1019
f 986 1075 1016
f 985 1076 1015
f 987 1082 1017
f 988 1085 1018
f 990 1090 1021
f 1007 1126 1044
f 1014 1113 1074
f 1012 1134 1068
f 991 1093 1051
f 1002 1114 1034
f 999 1101 1031
f 994 1102 1030
f 1000 1116 1032
f 1001 1118 1033
f 1004 1123 1038
f 995 1103 1026
f 996 1108 1045
f 1009 1133 1057
f 1013 1098 1064
f 1007 1088 1073
f 990 1080 1041
f 991 1078 1022
f 1012 1084 1054
f 1014 1087 1069
f 1006 1091 1043
f 1005 1128 1072
f 997 1111 1066
f 1008 1132 1052
f 992 1092 1023
f 1004 1121 1062
f 995 1104 1035
f 996 1100 1027
f 1009 1117 1048
f 1013 1120 1059
f 1006 1127 1063
f 1005 1105 1039
f 997 1106 1028
f 1008 1129 1047
f 992 1096 1055
f 986 1081 1040
f 985 1077 1020
f 987 1083 1050
f 988 1086 1065
f 989 1089 1070
f 993 1097 1060
f 1003 1124 1037
f 998 1109 1029
f 1010 1130 1049
f 1011 1095 1058
f 999 1115 1036
f 994 1099 1025
f 1000 1107 1046
f 1001 1119 1056
f 1002 1122 1061
f 1003 1125 1042
f 998 1112 1071
f 1010 1110 1067
f 1011 1131 1053
f 993 1094 1024
f 986 1079 1081
f 985 1075 1077
f 987 1076 1083
f 988 1082 1086
f 989 1085 1089
f 993 1090 1097
f 1003 1126 1124
f 998 1113 1109
f 1010 1134 1130
f 1011 1093 1095
f 999 1114 1115
f 994 1101 1099
f 1000 1102 1107
f 1001 1116 1119
f 1002 1118 1122
f 1003 1123 1125
f 998 1103 1112
f 1010 1108 1110
f 1011 1133 1131
f 993 1098 1094
f 986 1016 1079
f 985 1015 1075
f 987 1017 1076
f 988 1018 1082
f 989 1019 1085
f 993 1024 1090
f 1003 1042 1126
f 998 1071 1113
f 1010 1067 1134
f 1011 1053 1093
f 999 1031 1114
f 994 1030 1101
f 1000 1032 1102
f 1001 1033 1116
f 1002 1034 1118
f 1003 1037 1123
f 998 1029 1103
f 1010 1049 1108
f 1011 1058 1133
f 993 1060 1098
f 989 1070 1088
f 986 1040 1080
f 985 1020 1078
f 987 1050 1084
f 988 1065 1087
f 990 1041 1091
f 1007 1073 1128
f 1014 1069 1111
f 1012 1054 1132
f 991 1022 1092
f 1002 1061 1121
f 999 1036 1104
f 994 1025 1100
f 1000 1046 1117
f 1001 1056 1120
f 1004 1062 1127
f 995 1035 1105
f 996 1027 1106
f 1009 1048 1129
f 1013 1059 1096
f 1007 1044 1081
f 990 1021 1077
f 991 1051 1083
f 1012 1068 1086
f 1014 1074 1089
f 1006 1063 1097
f 1005 1039 1124
f 997 1028 1109
f 1008 1047 1130
f 992 1055 1095
f 1004 1038 1115
f 995 1026 1099
f 996 1045 1107
f 1009 1057 1119
f 1013 1064 1122
f 1006 1043 1125
f 1005 1072 1112
f 997 1066 1110
f 1008 1052 1131
f 992 1023 1094
f 989 1088 1079
f 986 1080 1075
f 985 1078 1076
f 987 1084 1082
f 988 1087 1085
f 990 1091 1090
f 1007 1128 1126
f 1014 1111 1113
f 1012 1132 1134
f 991 1092 1093
f 1002 1121 1114
f 999 1104 1101
f 994 1100 1102
f 1000 1117 1116
f 1001 1120 1118
f 1004 1127 1123
f 995 1105 1103
f 996 1106 1108
f 1009 1129 1133
f 1013 1096 1098
f 1079 1016 1019
f 1075 1015 1016
f 1076 1017 1015
f 1082 1018 1017
f 1085 1019 1018
f 1090 1024 1021
f 1126 1042 1044
f 1113 1071 1074
f 1134 1067 1068
f 1093 1053 1051
f 1114 1031 1034
f 1101 1030 1031
f 1102 1032 1030
f 1116 1033 1032
f 1118 1034 1033
f 1123 1037 1038
f 1103 1029 1026
f 1108 1049 1045
f 1133 1058 1057
f 1098 1060 1064
f 1088 1070 1073
f 1080 1040 1041
f 1078 1020 1022
f 1084 1050 1054
f 1087 1065 1069
f 1091 1041 1043
f 1128 1073 1072
f 1111 1069 1066
f 1132 1054 1052
f 1092 1022 1023
f 1121 1061 1062
f 1104 1036 1035
f 1100 1025 1027
f 1117 1046 1048
f 1120 1056 1059
f 1127 1062 1063
f 1105 1035 1039
f 1106 1027 1028
f 1129 1048 1047
f 1096 1059 1055
f 1081 1044 1040
f 1077 1021 1020
f 1083 1051 1050
f 1086 1068 1065
f 1089 1074 1070
f 1097 1063 1060
f 1124 1039 1037
f 1109 1028 1029
f 1130 1047 1049
f 1095 1055 1058
f 1115 1038 1036
f 1099 1026 1025
f 1107 1045 1046
f 1119 1057 1056
f 1122 1064 1061
f 1125 1043 1042
f 1112 1072 1071
f 1110 1066 1067
f 1131 1052 1053
f 1094 1023 1024
f 1079 1088 1081
f 1075 1080 1077
f 1076 1078 1083
f 1082 1084 1086
f 1085 1087 1089
f 1090 1091 1097
f 1126 1128 1124
f 1113 1111 1109
f 1134 1132 1130
f 1093 1092 1095
f 1114 1121 1115
f 1101 1104 1099
f 1102 1100 1107
f 1116 1117 1119
f 1118 1120 1122
f 1123 1127 1125
f 1103 1105 1112
f 1108 1106 1110
f 1133 1129 1131
f 1098 1096 1094
f 1135 1181 1178
f 1135 1178 1177
f 1135 1177 1179
f 1135 1179 1180
f 1135 1180 1181
f 1136 1183 1186
f 1140 1206 1204
f 1146 1236 1233
f 1145 1230 1229
f 1142 1213 1215
f 1138 1196 1193
f 1138 1193 1192
f 1138 1192 1194
f 1138 1194 1195
f 1138 1195 1196
f 1139 1200 1199
f 1137 1188 1191
f 1141 1207 1211
f 1143 1219 1220
f 1144 1226 1222
f 1146 1235 1232
f 1140 1203 1202
f 1136 1184 1182
f 1142 1216 1212
f 1145 1231 1227
f 1140 1205 1203
f 1146 1234 1235
f 1145 1228 1231
f 1142 1214 1216
f 1136 1185 1184
f 1144 1224 1223
f 1139 1197 1198
f 1137 1189 1187
f 1141 1210 1208
f 1143 1221 1218
f 1144 1225 1224
f 1139 1201 1197
f 1137 1190 1189
f 1141 1209 1210
f 1143 1217 1221
f 1140 1202 1206
f 1136 1182 1183
f 1142 1212 1213
f 1145 1227 1230
f 1146 1232 1236
f 1144 1222 1225
f 1139 1199 1201
f 1137 1191 1190
f 1141 1211 1209
f 1143 1220 1217
f 1139 1198 1200
f 1137 1187 1188
f 1141 1208 1207
f 1143 1218 1219
f 1144 1223 1226
f 1140 1204 1205
f 1146 1233 1234
f 1145 1229 1228
f 1142 1215 1214
f 1136 1186 1185
f 1169 1243 1250
f 1152 1239 1242
f 1153 1245 1240
f 1174 1248 1246
f 1176 1251 1249
f 1168 1259 1253
f 1167 1286 1290
f 1159 1271 1273
f 1170 1292 1294
f 1154 1257 1254
f 1166 1277 1283
f 1157 1261 1266
f 1158 1269 1262
f 1171 1281 1279
f 1175 1284 1282
f 1168 1287 1289
f 1167 1274 1267
f 1159 1272 1268
f 1170 1293 1291
f 1154 1256 1258
f 1151 1241 1181
f 1148 1237 1178
f 1147 1238 1177
f 1149 1244 1179
f 1150 1247 1180
f 1152 1252 1183
f 1169 1288 1206
f 1176 1275 1236
f 1174 1296 1230
f 1153 1255 1213
f 1164 1276 1196
f 1161 1263 1193
f 1156 1264 1192
f 1162 1278 1194
f 1163 1280 1195
f 1166 1285 1200
f 1157 1265 1188
f 1158 1270 1207
f 1171 1295 1219
f 1175 1260 1226
f 1169 1250 1235
f 1152 1242 1203
f 1153 1240 1184
f 1174 1246 1216
f 1176 1249 1231
f 1168 1253 1205
f 1167 1290 1234
f 1159 1273 1228
f 1170 1294 1214
f 1154 1254 1185
f 1166 1283 1224
f 1157 1266 1197
f 1158 1262 1189
f 1171 1279 1210
f 1175 1282 1221
f 1168 1289 1225
f 1167 1267 1201
f 1159 1268 1190
f 1170 1291 1209
f 1154 1258 1217
f 1148 1243 1202
f 1147 1239 1182
f 1149 1245 1212
f 1150 1248 1227
f 1151 1251 1232
f 1155 1259 1222
f 1165 1286 1199
f 1160 1271 1191
f 1172 1292 1211
f 1173 1257 1220
f 1161 1277 1198
f 1156 1261 1187
f 1162 1269 1208
f 1163 1281 1218
f 1164 1284 1223
f 1165 1287 1204
f 1160 1274 1233
f 1172 1272 1229
f 1173 1293 1215
f 1155 1256 1186
f 1148 1241 1243
f 1147 1237 1239
f 1149 1238 1245
f 1150 1244 1248
f 1151 1247 1251
f 1155 1252 1259
f 1165 1288 1286
f 1160 1275 1271
f 1172 1296 1292
f 1173 1255 1257
f 1161 1276 1277
f 1156 1263 1261
f 1162 1264 1269
f 1163 1278 1281
f 1164 1280 1284
f 1165 1285 1287
f 1160 1265 1274
f 1172 1270 1272
f 1173 1295 1293
f 1155 1260 1256
f 1148 1178 1241
f 1147 1177 1237
f 1149 1179 1238
f 1150 1180 1244
f 1151 1181 1247
f 1155 1186 1252
f 1165 1204 1288
f 1160 1233 1275
f 1172 1229 1296
f 1173 1215 1255
f 1161 1193 1276
f 1156 1192 1263
f 1162 1194 1264
f 1163 1195 1278
f 1164 1196 1280
f 1165 1199 1285
f 1160 1191 1265
f 1172 1211 1270
f 1173 1220 1295
f 1155 1222 1260
f 1151 1232 1250
f 1148 1202 1242
f 1147 1182 1240
f 1149 1212 1246
f 1150 1227 1249
f 1152 1203 1253
f 1169 1235 1290
f 1176 1231 1273
f 1174 1216 1294
f 1153 1184 1254
f 1164 1223 1283
f 1161 1198 1266
f 1156 1187 1262
f 1162 1208 1279
f 1163 1218 1282
f 1166 1224 1289
f 1157 1197 1267
f 1158 1189 1268
f 1171 1210 1291
f 1175 1221 1258
f 1169 1206 1243
f 1152 1183 1239
f 1153 1213 1245
f 1174 1230 1248
f 1176 1236 1251
f 1168 1225 1259
f 1167 1201 1286
f 1159 1190 1271
f 1170 1209 1292
f 1154 1217 1257
f 1166 1200 1277
f 1157 1188 1261
f 1158 1207 1269
f 1171 1219 1281
f 1175 1226 1284
f 1168 1205 1287
f 1167 1234 1274
f 1159 1228 1272
f 1170 1214 1293
f 1154 1185 1256
f 1151 1250 1241
f 1148 1242 1237
f 1147 1240 1238
f 1149 1246 1244
f 1150 1249 1247
f 1152 1253 1252
f 1169 1290 1288
f 1176 1273 1275
f 1174 1294 1296
f 1153 1254 1255
f 1164 1283 1276
f 1161 1266 1263
f 1156 1262 1264
f 1162 1279 1278
f 1163 1282 1280
f 1166 1289 1285
f 1157 1267 1265
f 1158 1268 1270
f 1171 1291 1295
f 1175 1258 1260
f 1241 1178 1181
f 1237 1177 1178
f 1238 1179 1177
f 1244 1180 1179
f 1247 1181 1180
f 1252 1186 1183
f 1288 1204 1206
f 1275 1233 1236
f 1296 1229 1230
f 1255 1215 1213
f 1276 1193 1196
f 1263 1192 1193
f 1264 1194 1192
f 1278 1195 1194
f 1280 1196 1195
f 1285 1199 1200
f 1265 1191 1188
f 1270 1211 1207
f 1295 1220 1219
f 1260 1222 1226
f 1250 1232 1235
f 1242 1202 1203
f 1240 1182 1184
f 1246 1212 1216
f 1249 1227 1231
f 1253 1203 1205
f 1290 1235 1234
f 1273 1231 1228
f 1294 1216 1214
f 1254 1184 1185
f 1283 1223 1224
f 1266 1198 1197
f 1262 1187 1189
f 1279 1208 1210
f 1282 1218 1221
f 1289 1224 1225
f 1267 1197 1201
f 1268 1189 1190
f 1291 1210 1209
f 1258 1221 1217
f 1243 1206 1202
f 1239 1183 1182
f 1245 1213 1212
f 1248 1230 1227
f 1251 1236 1232
f 1259 1225 1222
f 1286 1201 1199
f 1271 1190 1191
f 1292 1209 1211
f 1257 1217 1220
f 1277 1200 1198
f 1261 1188 1187
f 1269 1207 1208
f 1281 1219 1218
f 1284 1226 1223
f 1287 1205 1204
f 1274 1234 1233
f 1272 1228 1229
f 1293 1214 1215
f 1256 1185 1186
f 1241 1250 1243
f 1237 1242 1239
f 1238 1240 1245
f 1244 1246 1248
f 1247 1249 1251
f 1252 1253 1259
f 1288 1290 1286
f 1275 1273 1271
f 1296 1294 1292
f 1255 1254 1257
f 1276 1283 1277
f 1263 1266 1261
f 1264 1262 1269
f 1278 1279 1281
f 1280 1282 1284
f 1285 1289 1287
f 1265 1267 1274
f 1270 1268 1272
f 1295 1291 1293
f 1260 1258 1256
f 1297 1343 1340
f 1297 1340 1339
f 1297 1339 1341
f 1297 1341 1342
f 1297 1342 1343
f 1298 1345 1348
f 1302 1368 1366
f 1308 1398 1395
f 1307 1392 1391
f 1304 1375 1377
f 1300 1358 1355
f 1300 1355 1354
f 1300 1354 1356
f 1300 1356 1357
f 1300 1357 1358
f 1301 1362 1361
f 1299 1350 1353
f 1303 1369 1373
f 1305 1381 1382
f 1306 1388 1384
f 1308 1397 1394
f 1302 1365 1364
f 1298 1346 1344
f 1304 1378 1374
f 1307 1393 1389
f 1302 1367 1365
f 1308 1396 1397
f 1307 1390 1393
f 1304 1376 1378
f 1298 1347 1346
f 1306 1386 1385
f 1301 1359 1360
f 1299 1351 1349
f 1303 1372 1370
f 1305 1383 1380
f 1306 1387 1386
f 1301 1363 1359
f 1299 1352 1351
f 1303 1371 1372
f 1305 1379 1383
f 1302 1364 1368
f 1298 1344 1345
f 1304 1374 1375
f 1307 1389 1392
f 1308 1394 1398
f 1306 1384 1387
f 1301 1361 1363
f 1299 1353 1352
f 1303 1373 1371
f 1305 1382 1379
f 1301 1360 1362
f 1299 1349 1350
f 1303 1370 1369
f 1305 1380 1381
f 1306 1385 1388
f 1302 1366 1367
f 1308 1395 1396
f 1307 1391 1390
f 1304 1377 1376
f 1298 1348 1347
f 1331 1405 1412
f 1314 1401 1404
f 1315 1407 1402
f 1336 1410 1408
f 1338 1413 1411
f 1330 1421 1415
f 1329 1448 1452
f 1321 1433 1435
f 1332 1454 1456
f 1316 1419 1416
f 1328 1439 1445
f 1319 1423 1428
f 1320 1431 1424
f 1333 1443 1441
f 1337 1446 1444
f 1330 1449 1451
f 1329 1436 1429
f 1321 1434 1430
f 1332 1455 1453
f 1316 1418 1420
f 1313 1403 1343
f 1310 1399 1340
f 1309 1400 1339
f 1311 1406 1341
f 1312 1409 1342
f 1314 1414 1345
f 1331 1450 1368
f 1338 1437 1398
f 1336 1458 1392
f 1315 1417 1375
f 1326 1438 1358
f 1323 1425 1355
f 1318 1426 1354
f 1324 1440 1356
f 1325 1442 1357
f 1328 1447 1362
f 1319 1427 1350
f 1320 1432 1369
f 1333 1457 1381
f 1337 1422 1388
f 1331 1412 1397
f 1314 1404 1365
f 1315 1402 1346
f 1336 1408 1378
f 1338 1411 1393
f 1330 1415 1367
f 1329 1452 1396
f 1321 1435 1390
f 1332 1456 1376
f 1316 1416 1347
f 1328 1445 1386
f 1319 1428 1359
f 1320 1424 1351
f 1333 1441 1372
f 1337 1444 1383
f 1330 1451 1387
f 1329 1429 1363
f 1321 1430 1352
f 1332 1453 1371
f 1316 1420 1379
f 1310 1405 1364
f 1309 1401 1344
f 1311 1407 1374
f 1312 1410 1389
f 1313 1413 1394
f 1317 1421 1384
f 1327 1448 1361
f 1322 1433 1353
f 1334 1454 1373
f 1335 1419 1382
f 1323 1439 1360
f 1318 1423 1349
f 1324 1431 1370
f 1325 1443 1380
f 1326 1446 1385
f 1327 1449 1366
f 1322 1436 1395
f 1334 1434 1391
f 1335 1455 1377
f 1317 1418 1348
f 1310 1403 1405
f 1309 1399 1401
f 1311 1400 1407
f 1312 1406 1410
f 1313 1409 1413
f 1317 1414 1421
f 1327 1450 1448
f 1322 1437 1433
f 1334 1458 1454
f 1335 1417 1419
f 1323 1438 1439
f 1318 1425 1423
f 1324 1426 1431
f 1325 1440 1443
f 1326 1442 1446
f 1327 1447 1449
f 1322 1427 1436
f 1334 1432 1434
f 1335 1457 1455
f 1317 1422 1418
f 1310 1340 1403
f 1309 1339 1399
f 1311 1341 1400
f 1312 1342 1406
f 1313 1343 1409
f 1317 1348 1414
f 1327 1366 1450
f 1322 1395 1437
f 1334 1391 1458
f 1335 1377 1417
f 1323 1355 1438
f 1318 1354 1425
f 1324 1356 1426
f 1325 1357 1440
f 1326 1358 1442
f 1327 1361 1447
f 1322 1353 1427
f 1334 1373 1432
f 1335 1382 1457
f 1317 1384 1422
f 1313 1394 1412
f 1310 1364 1404
f 1309 1344 1402
f 1311 1374 1408
f 1312 1389 1411
f 1314 1365 1415
f 1331 1397 1452
f 1338 1393 1435
f 1336 1378 1456
f 1315 1346 1416
f 1326 1385 1445
f 1323 1360 1428
f 1318 1349 1424
f 1324 1370 1441
f 1325 1380 1444
f 1328 1386 1451
f 1319 1359 1429
f 1320 1351 1430
f 1333 1372 1453
f 1337 1383 1420
f 1331 1368 1405
f 1314 1345 1401
f 1315 1375 1407
f 1336 1392 1410
f 1338 1398 1413
f 1330 1387 1421
f 1329 1363 1448
f 1321 1352 1433
f 1332 1371 1454
f 1316 1379 1419
f 1328 1362 1439
f 1319 1350 1423
f 1320 1369 1431
f 1333 1381 1443
f 1337 1388 1446
f 1330 1367 1449
f 1329 1396 1436
f 1321 1390 1434
f 1332 1376 1455
f 1316 1347 1418
f 1313 1412 1403
f 1310 1404 1399
f 1309 1402 1400
f 1311 1408 1406
f 1312 1411 1409
f 1314 1415 1414
f 1331 1452 1450
f 1338 1435 1437
f 1336 1456 1458
f 1315 1416 1417
f 1326 1445 1438
f 1323 1428 1425
f 1318 1424 1426
f 1324 1441 1440
f 1325 1444 1442
f 1328 1451 1447
f 1319 1429 1427
f 1320 1430 1432
f 1333 1453 1457
f 1337 1420 1422
f 1403 1340 1343
f 1399 1339 1340
f 1400 1341 1339
f 1406 1342 1341
f 1409 1343 1342
f 1414 1348 1345
f 1450 1366 1368
f 1437 1395 1398
f 1458 1391 1392
f 1417 1377 1375
f 1438 1355 1358
f 1425 1354 1355
f 1426 1356 1354
f 1440 1357 1356
f 1442 1358 1357
f 1447 1361 1362
f 1427 1353 1350
f 1432 1373 1369
f 1457 1382 1381
f 1422 1384 1388
f 1412 1394 1397
f 1404 1364 1365
f 1402 1344 1346
f 1408 1374 1378
f 1411 1389 1393
f 1415 1365 1367
f 1452 1397 1396
f 1435 1393 1390
f 1456 1378 1376
f 1416 1346 1347
f 1445 1385 1386
f 1428 1360 1359
f 1424 1349 1351
f 1441 1370 1372
f 1444 1380 1383
f 1451 1386 1387
f 1429 1359 1363
f 1430 1351 1352
f 1453 1372 1371
f 1420 1383 1379
f 1405 1368 1364
f 1401 1345 1344
f 1407 1375 1374
f 1410 1392 1389
f 1413 1398 1394
f 1421 1387 1384
f 1448 1363 1361
f 1433 1352 1353
f 1454 1371 1373
f 1419 1379 1382
f 1439 1362 1360
f 1423 1350 1349
f 1431 1369 1370
f 1443 1381 1380
f 1446 1388 1385
f 1449 1367 1366
f 1436 1396 1395
f 1434 1390 1391
f 1455 1376 1377
f 1418 1347 1348
f 1403 1412 1405
f 1399 1404 1401
f 1400 1402 1407
f 1406 1408 1410
f 1409 1411 1413
f 1414 1415 1421
f 1450 1452 1448
f 1437 1435 1433
f 1458 1456 1454
f 1417 1416 1419
f 1438 1445 1439
f 1425 1428 1423
f 1426 1424 1431
f 1440 1441 1443
f 1442 1444 1446
f 1447 1451 1449
f 1427 1429 1436
f 1432 1430 1434
f 1457 1453 1455
f 1422 1420 1418
f 1459 1505 1502
f 1459 1502 1501
f 1459 1501 1503
f 1459 1503 1504
f 1459 1504 1505
f 1460 1507 1510
f 1464 1530 1528
f 1470 1560 1557
f 1469 1554 1553
f 1466 1537 1539
f 1462 1520 1517
f 1462 1517 1516
f 1462 1516 1518
f 1462 1518 1519
f 1462 1519 1520
f 1463 1524 1523
f 1461 1512 1515
f 1465 1531 1535
f 1467 1543 1544
f 1468 1550 1546
f 1470 1559 1556
f 1464 1527 1526
f 1460 1508 1506
f 1466 1540 1536
f 1469 1555 1551
f 1464 1529 1527
f 1470 1558 1559
f 1469 1552 1555
f 1466 1538 1540
f 1460 1509 1508
f 1468 1548 1547
f 1463 1521 1522
f 1461 1513 1511
f 1465 1534 1532
f 1467 1545 1542
f 1468 1549 1548
f 1463 1525 1521
f 1461 1514 1513
f 1465 1533 1534
f 1467 1541 1545
f 1464 1526 1530
f 1460 1506 1507
f 1466 1536 1537
f 1469 1551 1554
f 1470 1556 1560
f 1468 1546 1549
f 1463 1523 1525
f 1461 1515 1514
f 1465 1535 1533
f 1467 1544 1541
f 1463 1522 1524
f 1461 1511 1512
f 1465 1532 1531
f 1467 1542 1543
f 1468 1547 1550
f 1464 1528 1529
f 1470 1557 1558
f 1469 1553 1552
f 1466 1539 1538
f 1460 1510 1509
f 1493 1567 1574
f 1476 1563 1566
f 1477 1569 1564
f 1498 1572 1570
f 1500 1575 1573
f 1492 1583 1577
f 1491 1610 1614
f 1483 1595 1597
f 1494 1616 1618
f 1478 1581 1578
f 1490 1601 1607
f 1481 1585 1590
f 1482 1593 1586
f 1495 1605 1603
f 1499 1608 1606
f 1492 1611 1613
f 1491 1598 1591
f 1483 1596 1592
f 1494 1617 1615
f 1478 1580 1582
f 1475 1565 1505
f 1472 1561 1502
f 1471 1562 1501
f 1473 1568 1503
f 1474 1571 1504
f 1476 1576 1507
f 1493 1612 1530
f 1500 1599 1560
f 1498 1620 1554
f 1477 1579 1537
f 1488 1600 1520
f 1485 1587 1517
f 1480 1588 1516
f 1486 1602 1518
f 1487 1604 1519
f 1490 1609 1524
f 1481 1589 1512
f 1482 1594 1531
f 1495 1619 1543
f 1499 1584 1550
f 1493 1574 1559
f 1476 1566 1527
f 1477 1564 1508
f 1498 1570 1540
f 1500 1573 1555
f 1492 1577 1529
f 1491 1614 1558
f 1483 1597 1552
f 1494 1618 1538
f 1478 1578 1509
f 1490 1607 1548
f 1481 1590 1521
f 1482 1586 1513
f 1495 1603 1534
f 1499 1606 1545
f 1492 1613 1549
f 1491 1591 1525
f 1483 1592 1514
f 1494 1615 1533
f 1478 1582 1541
f 1472 1567 1526
f 1471 1563 1506
f 1473 1569 1536
f 1474 1572 1551
f 1475 1575 1556
f 1479 1583 1546
f 1489 1610 1523
f 1484 1595 1515
f 1496 1616 1535
f 1497 1581 1544
f 1485 1601 1522
f 1480 1585 1511
f 1486 1593 1532
f 1487 1605 1542
f 1488 1608 1547
f 1489 1611 1528
f 1484 1598 1557
f 1496 1596 1553
f 1497 1617 1539
f 1479 1580 1510
f 1472 1565 1567
f 1471 1561 1563
f 1473 1562 1569
f 1474 1568 1572
f 1475 1571 1575
f 1479 1576 1583
f 1489 1612 1610
f 1484 1599 1595
f 1496 1620 1616
f 1497 1579 1581
f 1485 1600 1601
f 1480 1587 1585
f 1486 1588 1593
f 1487 1602 1605
f 1488 1604 1608
f 1489 1609 1611
f 1484 1589 1598
f 1496 1594 1596
f 1497 1619 1617
f 1479 1584 1580
f 1472 1502 1565
f 1471 1501 1561
f 1473 1503 1562
f 1474 1504 1568
f 1475 1505 1571
f 1479 1510 1576
f 1489 1528 1612
f 1484 1557 1599
f 1496 1553 1620
f 1497 1539 1579
f 1485 1517 1600
f 1480 1516 1587
f 1486 1518 1588
f 1487 1519 1602
f 1488 1520 1604
f 1489 1523 1609
f 1484 1515 1589
f 1496 1535 1594
f 1497 1544 1619
f 1479 1546 1584
f 1475 1556 1574
f 1472 1526 1566
f 1471 1506 1564
f 1473 1536 1570
f 1474 1551 1573
f 1476 1527 1577
f 1493 1559 1614
f 1500 1555 1597
f 1498 1540 1618
f 1477 1508 1578
f 1488 1547 1607
f 1485 1522 1590
f 1480 1511 1586
f 1486 1532 1603
f 1487 1542 1606
f 1490 1548 1613
f 1481 1521 1591
f 1482 1513 1592
f 1495 1534 1615
f 1499 1545 1582
f 1493 1530 1567
f 1476 1507 1563
f 1477 1537 1569
f 1498 1554 1572
f 1500 1560 1575
f 1492 1549 1583
f 1491 1525 1610
f 1483 1514 1595
f 1494 1533 1616
f 1478 1541 1581
f 1490 1524 1601
f 1481 1512 1585
f 1482 1531 1593
f 1495 1543 1605
f 1499 1550 1608
f 1492 1529 1611
f 1491 1558 1598
f 1483 1552 1596
f 1494 1538 1617
f 1478 1509 1580
f 1475 1574 1565
f 1472 1566 1561
f 1471 1564 1562
f 1473 1570 1568
f 1474 1573 1571
f 1476 1577 1576
f 1493 1614 1612
f 1500 1597 1599
f 1498 1618 1620
f 1477 1578 1579
f 1488 1607 1600
f 1485 1590 1587
f 1480 1586 1588
f 1486 1603 1602
f 1487 1606 1604
f 1490 1613 1609
f 1481 1591 1589
f 1482 1592 1594
f 1495 1615 1619
f 1499 1582 1584
f 1565 1502 1505
f 1561 1501 1502
f 1562 1503 1501
f 1568 1504 1503
f 1571 1505 1504
f 1576 1510 1507
f 1612 1528 1530
f 1599 1557 1560
f 1620 1553 1554
f 1579 1539 1537
f 1600 1517 1520
f 1587 1516 1517
f 1588 1518 1516
f 1602 1519 1518
f 1604 1520 1519
f 1609 1523 1524
f 1589 1515 1512
f 1594 1535 1531
f 1619 1544 1543
f 1584 1546 1550
f 1574 1556 1559
f 1566 1526 1527
f 1564 1506 1508
f 1570 1536 1540
f 1573 1551 1555
f 1577 1527 1529
f 1614 1559 1558
f 1597 1555 1552
f 1618 1540 1538
f 1578 1508 1509
f 1607 1547 1548
f 1590 1522 1521
f 1586 1511 1513
f 1603 1532 1534
f 1606 1542 1545
f 1613 1548 1549
f 1591 1521 1525
f 1592 1513 1514
f 1615 1534 1533
f 1582 1545 1541
f 1567 1530 1526
f 1563 1507 1506
f 1569 1537 1536
f 1572 1554 1551
f 1575 1560 1556
f 1583 1549 1546
f 1610 1525 1523
f 1595 1514 1515
f 1616 1533 1535
f 1581 1541 1544
f 1601 1524 1522
f 1585 1512 1511
f 1593 1531 1532
f 1605 1543 1542
f 1608 1550 1547
f 1611 1529 1528
f 1598 1558 1557
f 1596 1552 1553
f 1617 1538 1539
f 1580 1509 1510
f 1565 1574 1567
f 1561 1566 1563
f 1562 1564 1569
f 1568 1570 1572
f 1571 1573 1575
f 1576 1577 1583
f 1612 1614 1610
f 1599 1597 1595
f 1620 1618 1616
f 1579 1578 1581
f 1600 1607 1601
f 1587 1590 1585
f 1588 1586 1593
f 1602 1603 1605
f 1604 1606 1608
f 1609 1613 1611
f 1589 1591 1598
f 1594 1592 1596
f 1619 1615 1617
f 1584 1582 1580
f 1621 1667 1664
f 1621 1664 1663
f 1621 1663 1665
f 1621 1665 1666
f 1621 1666 1667
f 1622 1669 1672
f 1626 1692 1690
f 1632 1722 1719
f 1631 1716 1715
f 1628 1699 1701
f 1624 1682 1679
f 1624 1679 1678
f 1624 1678 1680
f 1624 1680 1681
f 1624 1681 1682
f 1625 1686 1685
f 1623 1674 1677
f 1627 1693 1697
f 1629 1705 1706
f 1630 1712 1708
f 1632 1721 1718
f 1626 1689 1688
f 1622 1670 1668
f 1628 1702 1698
f 1631 1717 1713
f 1626 1691 1689
f 1632 1720 1721
f 1631 1714 1717
f 1628 1700 1702
f 1622 1671 1670
f 1630 1710 1709
f 1625 1683 1684
f 1623 1675 1673
f 1627 1696 1694
f 1629 1707 1704
f 1630 1711 1710
f 1625 1687 1683
f 1623 1676 1675
f 1627 1695 1696
f 1629 1703 1707
f 1626 1688 1692
f 1622 1668 1669
f 1628 1698 1699
f 1631 1713 1716
f 1632 1718 1722
f 1630 1708 1711
f 1625 1685 1687
f 1623 1677 1676
f 1627 1697 1695
f 1629 1706 1703
f 1625 1684 1686
f 1623 1673 1674
f 1627 1694 1693
f 1629 1704 1705
f 1630 1709 1712
f 1626 1690 1691
f 1632 1719 1720
f 1631 1715 1714
f 1628 1701 1700
f 1622 1672 1671
f 1655 1729 1736
f 1638 1725 1728
f 1639 1731 1726
f 1660 1734 1732
f 1662 1737 1735
f 1654 1745 1739
f 1653 1772 1776
f 1645 1757 1759
f 1656 1778 1780
f 1640 1743 1740
f 1652 1763 1769
f 1643 1747 1752
f 1644 1755 1748
f 1657 1767 1765
f 1661 1770 1768
f 1654 1773 1775
f 1653 1760 1753
f 1645 1758 1754
f 1656 1779 1777
f 1640 1742 1744
f 1637 1727 1667
f 1634 1723 1664
f 1633 1724 1663
f 1635 1730 1665
f 1636 1733 1666
f 1638 1738 1669
f 1655 1774 1692
f 1662 1761 1722
f 1660 1782 1716
f 1639 1741 1699
f 1650 1762 1682
f 1647 1749 1679
f 1642 1750 1678
f 1648 1764 1680
f 1649 1766 1681
f 1652 1771 1686
f 1643 1751 1674
f 1644 1756 1693
f 1657 1781 1705
f 1661 1746 1712
f 1655 1736 1721
f 1638 1728 1689
f 1639 1726 1670
f 1660 1732 1702
f 1662 1735 1717
f 1654 1739 1691
f 1653 1776 1720
f 1645 1759 1714
f 1656 1780 1700
f 1640 1740 1671
f 1652 1769 1710
f 1643 1752 1683
f 1644 1748 1675
f 1657 1765 1696
f 1661 1768 1707
f 1654 1775 1711
f 1653 1753 1687
f 1645 1754 1676
f 1656 1777 1695
f 1640 1744 1703
f 1634 1729 1688
f 1633 1725 1668
f 1635 1731 1698
f 1636 1734 1713
f 1637 1737 1718
f 1641 1745 1708
f 1651 1772 1685
f 1646 1757 1677
f 1658 1778 1697
f 1659 1743 1706
f 1647 1763 1684
f 1642 1747 1673
f 1648 1755 1694
f 1649 1767 1704
f 1650 1770 1709
f 1651 1773 1690
f 1646 1760 1719
f 1658 1758 1715
f 1659 1779 1701
f 1641 1742 1672
f 1634 1727 1729
f 1633 1723 1725
f 1635 1724 1731
f 1636 1730 1734
f 1637 1733 1737
f 1641 1738 1745
f 1651 1774 1772
f 1646 1761 1757
f 1658 1782 1778
f 1659 1741 1743
f 1647 1762 1763
f 1642 1749 1747
f 1648 1750 1755
f 1649 1764 1767
f 1650 1766 1770
f 1651 1771 1773
f 1646 1751 1760
f 1658 1756 1758
f 1659 1781 1779
f 1641 1746 1742
f 1634 1664 1727
f 1633 1663 1723
f 1635 1665 1724
f 1636 1666 1730
f 1637 1667 1733
f 1641 1672 1738
f 1651 1690 1774
f 1646 1719 1761
f 1658 1715 1782
f 1659 1701 1741
f 1647 1679 1762
f 1642 1678 1749
f 1648 1680 1750
f 1649 1681 1764
f 1650 1682 1766
f 1651 1685 1771
f 1646 1677 1751
f 1658 1697 1756
f 1659 1706 1781
f 1641 1708 1746
f 1637 1718 1736
f 1634 1688 1728
f 1633 1668 1726
f 1635 1698 1732
f 1636 1713 1735
f 1638 1689 1739
f 1655 1721 1776
f 1662 1717 1759
f 1660 1702 1780
f 1639 1670 1740
f 1650 1709 1769
f 1647 1684 1752
f 1642 1673 1748
f 1648 1694 1765
f 1649 1704 1768
f 1652 1710 1775
f 1643 1683 1753
f 1644 1675 1754
f 1657 1696 1777
f 1661 1707 1744
f 1655 1692 1729
f 1638 1669 1725
f 1639 1699 1731
f 1660 1716 1734
f 1662 1722 1737
f 1654 1711 1745
f 1653 1687 1772
f 1645 1676 1757
f 1656 1695 1778
f 1640 1703 1743
f 1652 1686 1763
f 1643 1674 1747
f 1644 1693 1755
f 1657 1705 1767
f 1661 1712 1770
f 1654 1691 1773
f 1653 1720 1760
f 1645 1714 1758
f 1656 1700 1779
f 1640 1671 1742
f 1637 1736 1727
f 1634 1728 1723
f 1633 1726 1724
f 1635 1732 1730
f 1636 1735 1733
f 1638 1739 1738
f 1655 1776 1774
f 1662 1759 1761
f 1660 1780 1782
f 1639 1740 1741
f 1650 1769 1762
f 1647 1752 1749
f 1642 1748 1750
f 1648 1765 1764
f 1649 1768 1766
f 1652 1775 1771
f 1643 1753 1751
f 1644 1754 1756
f 1657 1777 1781
f 1661 1744 1746
f 1727 1664 1667
f 1723 1663 1664
f 1724 1665 1663
f 1730 1666 1665
f 1733 1667 1666
f 1738 1672 1669
f 1774 1690 1692
f 1761 1719 1722
f 1782 1715 1716
f 1741 1701 1699
f 1762 1679 1682
f 1749 1678 1679
f 1750 1680 1678
f 1764 1681 1680
f 1766 1682 1681
f 1771 1685 1686
f 1751 1677 1674
f 1756 1697 1693
f 1781 1706 1705
f 1746 1708 1712
f 1736 1718 1721
f 1728 1688 1689
f 1726 1668 1670
f 1732 1698 1702
f 1735 1713 1717
f 1739 1689 1691
f 1776 1721 1720
f 1759 1717 1714
f 1780 1702 1700
f 1740 1670 1671
f 1769 1709 1710
f 1752 1684 1683
f 1748 1673 1675
f 1765 1694 1696
f 1768 1704 1707
f 1775 1710 1711
f 1753 1683 1687
f 1754 1675 1676
f 1777 1696 1695
f 1744 1707 1703
f 1729 1692 1688
f 1725 1669 1668
f 1731 1699 1698
f 1734 1716 1713
f 1737 1722 1718
f 1745 1711 1708
f 1772 1687 1685
f 1757 1676 1677
f 1778 1695 1697
f 1743 1703 1706
f 1763 1686 1684
f 1747 1674 1673
f 1755 1693 1694
f 1767 1705 1704
f 1770 1712 1709
f 1773 1691 1690
f 1760 1720 1719
f 1758 1714 1715
f 1779 1700 1701
f 1742 1671 1672
f 1727 1736 1729
f 1723 1728 1725
f 1724 1726 1731
f 1730 1732 1734
f 1733 1735 1737
f 1738 1739 1745
f 1774 1776 1772
f 1761 1759 1757
f 1782 1780 1778
f 1741 1740 1743
f 1762 1769 1763
f 1749 1752 1747
f 1750 1748 1755
f 1764 1765 1767
f 1766 1768 1770
f 1771 1775 1773
f 1751 1753 1760
f 1756 1754 1758
f 1781 1777 1779
f 1746 1744 1742
f 1783 1829 1826
f 1783 1826 1825
f 1783 1825 1827
f 1783 1827 1828
f 1783 1828 1829
f 1784 1831 1834
f 1788 1854 1852
f 1794 1884 1881
f 1793 1878 1877
f 1790 1861 1863
f 1786 1844 1841
f 1786 1841 1840
f 1786 1840 1842
f 1786 1842 1843
f 1786 1843 1844
f 1787 1848 1847
f 1785 1836 1839
f 1789 1855 1859
f 1791 1867 1868
f 1792 1874 1870
f 1794 1883 1880
f 1788 1851 1850
f 1784 1832 1830
f 1790 1864 1860
f 1793 1879 1875
f 1788 1853 1851
f 1794 1882 1883
f 1793 1876 1879
f 1790 1862 1864
f 1784 1833 1832
f 1792 1872 1871
f 1787 1845 1846
f 1785 1837 1835
f 1789 1858 1856
f 1791 1869 1866
f 1792 1873 1872
f 1787 1849 1845
f 1785 1838 1837
f 1789 1857 1858
f 1791 1865 1869
f 1788 1850 1854
f 1784 1830 1831
f 1790 1860 1861
f 1793 1875 1878
f 1794 1880 1884
f 1792 1870 1873
f 1787 1847 1849
f 1785 1839 1838
f 1789 1859 1857
f 1791 1868 1865
f 1787 1846 1848
f 1785 1835 1836
f 1789 1856 1855
f 1791 1866 1867
f 1792 1871 1874
f 1788 1852 1853
f 1794 1881 1882
f 1793 1877 1876
f 1790 1863 1862
f 1784 1834 1833
f 1817 1891 1898
f 1800 1887 1890
f 1801 1893 1888
f 1822 1896 1894
f 1824 1899 1897
f 1816 1907 1901
f 1815 1934 1938
f 1807 1919 1921
f 1818 1940 1942
f 1802 1905 1902
f 1814 1925 1931
f 1805 1909 1914
f 1806 1917 1910
f 1819 1929 1927
f 1823 1932 1930
f 1816 1935 1937
f 1815 1922 1915
f 1807 1920 1916
f 1818 1941 1939
f 1802 1904 1906
f 1799 1889 1829
f 1796 1885 1826
f 1795 1886 1825
f 1797 1892 1827
f 1798 1895 1828
f 1800 1900 1831
f 1817 1936 1854
f 1824 1923 1884
f 1822 1944 1878
f 1801 1903 1861
f 1812 1924 1844
f 1809 1911 1841
f 1804 1912 1840
f 1810 1926 1842
f 1811 1928 1843
f 1814 1933 1848
f 1805 1913 1836
f 1806 1918 1855
f 1819 1943 1867
f 1823 1908 1874
f 1817 1898 1883
f 1800 1890 1851
f 1801 1888 1832
f 1822 1894 1864
f 1824 1897 1879
f 1816 1901 1853
f 1815 1938 1882
f 1807 1921 1876
f 1818 1942 1862
f 1802 1902 1833
f 1814 1931 1872
f 1805 1914 1845
f 1806 1910 1837
f 1819 1927 1858
f 1823 1930 1869
f 1816 1937 1873
f 1815 1915 1849
f 1807 1916 1838
f 1818 1939 1857
f 1802 1906 1865
f 1796 1891 1850
f 1795 1887 1830
f 1797 1893 1860
f 1798 1896 1875
f 1799 1899 1880
f 1803 1907 1870
f 1813 1934 1847
f 1808 1919 1839
f 1820 1940 1859
f 1821 1905 1868
f 1809 1925 1846
f 1804 1909 1835
f 1810 1917 1856
f 1811 1929 1866
f 1812 1932 1871
f 1813 1935 1852
f 1808 1922 1881
f 1820 1920 1877
f 1821 1941 1863
f 1803 1904 1834
f 1796 1889 1891
f 1795 1885 1887
f 1797 1886 1893
f 1798 1892 1896
f 1799 1895 1899
f 1803 1900 1907
f 1813 1936 1934
f 1808 1923 1919
f 1820 1944 1940
f 1821 1903 1905
f 1809 1924 1925
f 1804 1911 1909
f 1810 1912 1917
f 1811 1926 1929
f 1812 1928 1932
f 1813 1933 1935
f 1808 1913 1922
f 1820 1918 1920
f 1821 1943 1941
f 1803 1908 1904
f 1796 1826 1889
f 1795 1825 1885
f 1797 1827 1886
f 1798 1828 1892
f 1799 1829 1895
f 1803 1834 1900
f 1813 1852 1936
f 1808 1881 1923
f 1820 1877 1944
f 1821 1863 1903
f 1809 1841 1924
f 1804 1840 1911
f 1810 1842 1912
f 1811 1843 1926
f 1812 1844 1928
f 1813 1847 1933
f 1808 1839 1913
f 1820 1859 1918
f 1821 1868 1943
f 1803 1870 1908
f 1799 1880 1898
f 1796 1850 1890
f 1795 1830 1888
f 1797 1860 1894
f 1798 1875 1897
f 1800 1851 1901
f 1817 1883 1938
f 1824 1879 1921
f 1822 1864 1942
f 1801 1832 1902
f 1812 1871 1931
f 1809 1846 1914
f 1804 1835 1910
f 1810 1856 1927
f 1811 1866 1930
f 1814 1872 1937
f 1805 1845 1915
f 1806 1837 1916
f 1819 1858 1939
f 1823 1869 1906
f 1817 1854 1891
f 1800 1831 1887
f 1801 1861 1893
f 1822 1878 1896
f 1824 1884 1899
f 1816 1873 1907
f 1815 1849 1934
f 1807 1838 1919
f 1818 1857 1940
f 1802 1865 1905
f 1814 1848 1925
f 1805 1836 1909
f 1806 1855 1917
f 1819 1867 1929
f 1823 1874 1932
f 1816 1853 1935
f 1815 1882 1922
f 1807 1876 1920
f 1818 1862 1941
f 1802 1833 1904
f 1799 1898 1889
f 1796 1890 1885
f 1795 1888 1886
f 1797 1894 1892
f 1798 1897 1895
f 1800 1901 1900
f 1817 1938 1936
f 1824 1921 1923
f 1822 1942 1944
f 1801 1902 1903
f 1812 1931 1924
f 1809 1914 1911
f 1804 1910 1912
f 1810 1927 1926
f 1811 1930 1928
f 1814 1937 1933
f 1805 1915 1913
f 1806 1916 1918
f 1819 1939 1943
f 1823 1906 1908
f 1889 1826 1829
f 1885 1825 1826
f 1886 1827 1825
f 1892 1828 1827
f 1895 1829 1828
f 1900 1834 1831
f 1936 1852 1854
f 1923 1881 1884
f 1944 1877 1878
f 1903 1863 1861
f 1924 1841 1844
f 1911 1840 1841
f 1912 1842 1840
f 1926 1843 1842
f 1928 1844 1843
f 1933 1847 1848
f 1913 1839 1836
f 1918 1859 1855
f 1943 1868 1867
f 1908 1870 1874
f 1898 1880 1883
f 1890 1850 1851
f 1888 1830 1832
f 1894 1860 1864
f 1897 1875 1879
f 1901 1851 1853
f 1938 1883 1882
f 1921 1879 1876
f 1942 1864 1862
f 1902 1832 1833
f 1931 1871 1872
f 1914 1846 1845
f 1910 1835 1837
f 1927 1856 1858
f 1930 1866 1869
f 1937 1872 1873
f 1915 1845 1849
f 1916 1837 1838
f 1939 1858 1857
f 1906 1869 1865
f 1891 1854 1850
f 1887 1831 1830
f 1893 1861 1860
f 1896 1878 1875
f 1899 1884 1880
f 1907 1873 1870
f 1934 1849 1847
f 1919 1838 1839
f 1940 1857 1859
f 1905 1865 1868
f 1925 1848 1846
f 1909 1836 1835
f 1917 1855 1856
f 1929 1867 1866
f 1932 1874 1871
f 1935 1853 1852
f 1922 1882 1881
f 1920 1876 1877
f 1941 1862 1863
f 1904 1833 1834
f 1889 1898 1891
f 1885 1890 1887
f 1886 1888 1893
f 1892 1894 1896
f 1895 1897 1899
f 1900 1901 1907
f 1936 1938 1934
f 1923 1921 1919
f 1944 1942 1940
f 1903 1902 1905
f 1924 1931 1925
f 1911 1914 1909
f 1912 1910 1917
f 1926 1927 1929
f 1928 1930 1932
f 1933 1937 1935
f 1913 1915 1922
f 1918 1916 1920
f 1943 1939 1941
f 1908 1906 1904
f 1945 1991 1988
f 1945 1988 1987
f 1945 1987 1989
f 1945 1989 1990
f 1945 1990 1991
f 1946 1993 1996
f 1950 2016 2014
f 1956 2046 2043
f 1955 2040 2039
f 1952 2023 2025
f 1948 2006 2003
f 1948 2003 2002
f 1948 2002 2004
f 1948 2004 2005
f 1948 2005 2006
f 1949 2010 2009
f 1947 1998 2001
f 1951 2017 2021
f 1953 2029 2030
f 1954 2036 2032
f 1956 2045 2042
f 1950 2013 2012
f 1946 1994 1992
f 1952 2026 2022
f 1955 2041 2037
f 1950 2015 2013
f 1956 2044 2045
f 1955 2038 2041
f 1952 2024 2026
f 1946 1995 1994
f 1954 2034 2033
f 1949 2007 2008
f 1947 1999 1997
f 1951 2020 2018
f 1953 2031 2028
f 1954 2035 2034
f 1949 2011 2007
f 1947 2000 1999
f 1951 2019 2020
f 1953 2027 2031
f 1950 2012 2016
f 1946 1992 1993
f 1952 2022 2023
f 1955 2037 2040
f 1956 2042 2046
f 1954 2032 2035
f 1949 2009 2011
f 1947 2001 2000
f 1951 2021 2019
f 1953 2030 2027
f 1949 2008 2010
f 1947 1997 1998
f 1951 2018 2017
f 1953 2028 2029
f 1954 2033 2036
f 1950 2014 2015
f 1956 2043 2044
f 1955 2039 2038
f 1952 2025 2024
f 1946 1996 1995
f 1979 2053 2060
f 1962 2049 2052
f 1963 2055 2050
f 1984 2058 2056
f 1986 2061 2059
f 1978 2069 2063
f 1977 2096 2100
f 1969 2081 2083
f 1980 2102 2104
f 1964 2067 2064
f 1976 2087 2093
f 1967 2071 2076
f 1968 2079 2072
f 1981 2091 2089
f 1985 2094 2092
f 1978 2097 2099
f 1977 2084 2077
f 1969 2082 2078
f 1980 2103 2101
f 1964 2066 2068
f 1961 2051 1991
f 1958 2047 1988
f 1957 2048 1987
f 1959 2054 1989
f 1960 2057 1990
f 1962 2062 1993
f 1979 2098 2016
f 1986 2085 2046
f 1984 2106 2040
f 1963 2065 2023
f 1974 2086 2006
f 1971 2073 2003
f 1966 2074 2002
f 1972 2088 2004
f 1973 2090 2005
f 1976 2095 2010
f 1967 2075 1998
f 1968 2080 2017
f 1981 2105 2029
f 1985 2070 2036
f 1979 2060 2045
f 1962 2052 2013
f 1963 2050 1994
f 1984 2056 2026
f 1986 2059 2041
f 1978 2063 2015
f 1977 2100 2044
f 1969 2083 2038
f 1980 2104 2024
f 1964 2064 1995
f 1976 2093 2034
f 1967 2076 2007
f 1968 2072 1999
f 1981 2089 2020
f 1985 2092 2031
f 1978 2099 2035
f 1977 2077 2011
f 1969 2078 2000
f 1980 2101 2019
f 1964 2068 2027
f 1958 2053 2012
f 1957 2049 1992
f 1959 2055 2022
f 1960 2058 2037
f 1961 2061 2042
f 1965 2069 2032
f 1975 2096 2009
f 1970 2081 2001
f 1982 2102 2021
f 1983 2067 2030
f 1971 2087 2008
f 1966 2071 1997
f 1972 2079 2018
f 1973 2091 2028
f 1974 2094 2033
f 1975 2097 2014
f 1970 2084 2043
f 1982 2082 2039
f 1983 2103 2025
f 1965 2066 1996
f 1958 2051 2053
f 1957 2047 2049
f 1959 2048 2055
f 1960 2054 2058
f 1961 2057 2061
f 1965 2062 2069
f 1975 2098 2096
f 1970 2085 2081
f 1982 2106 2102
f 1983 2065 2067
f 1971 2086 2087
f 1966 2073 2071
f 1972 2074 2079
f 1973 2088 2091
f 1974 2090 2094
f 1975 2095 2097
f 1970 2075 2084
f 1982 2080 2082
f 1983 2105 2103
f 1965 2070 2066
f 1958 1988 2051
f 1957 1987 2047
f 1959 1989 2048
f 1960 1990 2054
f 1961 1991 2057
f 1965 1996 2062
f 1975 2014 2098
f 1970 2043 2085
f 1982 2039 2106
f 1983 2025 2065
f 1971 2003 2086
f 1966 2002 2073
f 1972 2004 2074
f 1973 2005 2088
f 1974 2006 2090
f 1975 2009 2095
f 1970 2001 2075
f 1982 2021 2080
f 1983 2030 2105
f 1965 2032 2070
f 1961 2042 2060
f 1958 2012 2052
f 1957 1992 2050
f 1959 2022 2056
f 1960 2037 2059
f 1962 2013 2063
f 1979 2045 2100
f 1986 2041 2083
f 1984 2026 2104
f 1963 1994 2064
f 1974 2033 2093
f 1971 2008 2076
f 1966 1997 2072
f 1972 2018 2089
f 1973 2028 2092
f 1976 2034 2099
f 1967 2007 2077
f 1968 1999 2078
f 1981 2020 2101
f 1985 2031 2068
f 1979 2016 2053
f 1962 1993 2049
f 1963 2023 2055
f 1984 2040 2058
f 1986 2046 2061
f 1978 2035 2069
f 1977 2011 2096
f 1969 2000 2081
f 1980 2019 2102
f 1964 2027 2067
f 1976 2010 2087
f 1967 1998 2071
f 1968 2017 2079
f 1981 2029 2091
f 1985 2036 2094
f 1978 2015 2097
f 1977 2044 2084
f 1969 2038 2082
f 1980 2024 2103
f 1964 1995 2066
f 1961 2060 2051
f 1958 2052 2047
f 1957 2050 2048
f 1959 2056 2054
f 1960 2059 2057
f 1962 2063 2062
f 1979 2100 2098
f 1986 2083 2085
f 1984 2104 2106
f 1963 2064 2065
f 1974 2093 2086
f 1971 2076 2073
f 1966 2072 2074
f 1972 2089 2088
f 1973 2092 2090
f 1976 2099 2095
f 1967 2077 2075
f 1968 2078 2080
f 1981 2101 2105
f 1985 2068 2070
f 2051 1988 1991
f 2047 1987 1988
f 2048 1989 1987
f 2054 1990 1989
f 2057 1991 1990
f 2062 1996 1993
f 2098 2014 2016
f 2085 2043 2046
f 2106 2039 2040
f 2065 2025 2023
f 2086 2003 2006
f 2073 2002 2003
f 2074 2004 2002
f 2088 2005 2004
f 2090 2006 2005
f 2095 2009 2010
f 2075 2001 1998
f 2080 2021 2017
f 2105 2030 2029
f 2070 2032 2036
f 2060 2042 2045
f 2052 2012 2013
f 2050 1992 1994
f 2056 2022 2026
f 2059 2037 2041
f 2063 2013 2015
f 2100 2045 2044
f 2083 2041 2038
f 2104 2026 2024
f 2064 1994 1995
f 2093 2033 2034
f 2076 2008 2007
f 2072 1997 1999
f 2089 2018 2020
f 2092 2028 2031
f 2099 2034 2035
f 2077 2007 2011
f 2078 1999 2000
f 2101 2020 2019
f 2068 2031 2027
f 2053 2016 2012
f 2049 1993 1992
f 2055 2023 2022
f 2058 2040 2037
f 2061 2046 2042
f 2069 2035 2032
f 2096 2011 2009
f 2081 2000 2001
f 2102 2019 2021
f 2067 2027 2030
f 2087 2010 2008
f 2071 1998 1997
f 2079 2017 2018
f 2091 2029 2028
f 2094 2036 2033
f 2097 2015 2014
f 2084 2044 2043
f 2082 2038 2039
f 2103 2024 2025
f 2066 1995 1996
f 2051 2060 2053
f 2047 2052 2049
f 2048 2050 2055
f 2054 2056 2058
f 2057 2059 2061
f 2062 2063 2069
f 2098 2100 2096
f 2085 2083 2081
f 2106 2104 2102
f 2065 2064 2067
f 2086 2093 2087
f 2073 2076 2071
f 2074 2072 2079
f 2088 2089 2091
f 2090 2092 2094
f 2095 2099 2097
f 2075 2077 2084
f 2080 2078 2082
f 2105 2101 2103
f 2070 2068 2066
f 2107 2153 2150
f 2107 2150 2149
f 2107 2149 2151
f 2107 2151 2152
f 2107 2152 2153
f 2108 2155 2158
f 2112 2178 2176
f 2118 2208 2205
f 2117 2202 2201
f 2114 2185 2187
f 2110 2168 2165
f 2110 2165 2164
f 2110 2164 2166
f 2110 2166 2167
f 2110 2167 2168
f 2111 2172 2171
f 2109 2160 2163
f 2113 2179 2183
f 2115 2191 2192
f 2116 2198 2194
f 2118 2207 2204
f 2112 2175 2174
f 2108 2156 2154
f 2114 2188 2184
f 2117 2203 2199
f 2112 2177 2175
f 2118 2206 2207
f 2117 2200 2203
f 2114 2186 2188
f 2108 2157 2156
f 2116 2196 2195
f 2111 2169 2170
f 2109 2161 2159
f 2113 2182 2180
f 2115 2193 2190
f 2116 2197 2196
f 2111 2173 2169
f 2109 2162 2161
f 2113 2181 2182
f 2115 2189 2193
f 2112 2174 2178
f 2108 2154 2155
f 2114 2184 2185
f 2117 2199 2202
f 2118 2204 2208
f 2116 2194 2197
f 2111 2171 2173
f 2109 2163 2162
f 2113 2183 2181
f 2115 2192 2189
f 2111 2170 2172
f 2109 2159 2160
f 2113 2180 2179
f 2115 2190 2191
f 2116 2195 2198
f 2112 2176 2177
f 2118 2205 2206
f 2117 2201 2200
f 2114 2187 2186
f 2108 2158 2157
f 2141 2215 2222
f 2124 2211 2214
f 2125 2217 2212
f 2146 2220 2218
f 2148 2223 2221
f 2140 2231 2225
f 2139 2258 2262
f 2131 2243 2245
f 2142 2264 2266
f 2126 2229 2226
f 2138 2249 2255
f 2129 2233 2238
f 2130 2241 2234
f 2143 2253 2251
f 2147 2256 2254
f 2140 2259 2261
f 2139 2246 2239
f 2131 2244 2240
f 2142 2265 2263
f 2126 2228 2230
f 2123 2213 2153
f 2120 2209 2150
f 2119 2210 2149
f 2121 2216 2151
f 2122 2219 2152
f 2124 2224 2155
f 2141 2260 2178
f 2148 2247 2208
f 2146 2268 2202
f 2125 2227 2185
f 2136 2248 2168
f 2133 2235 2165
f 2128 2236 2164
f 2134 2250 2166
f 2135 2252 2167
f 2138 2257 2172
f 2129 2237 2160
f 2130 2242 2179
f 2143 2267 2191
f 2147 2232 2198
f 2141 2222 2207
f 2124 2214 2175
f 2125 2212 2156
f 2146 2218 2188
f 2148 2221 2203
f 2140 2225 2177
f 2139 2262 2206
f 2131 2245 2200
f 2142 2266 2186
f 2126 2226 2157
f 2138 2255 2196
f 2129 2238 2169
f 2130 2234 2161
f 2143 2251 2182
f 2147 2254 2193
f 2140 2261 2197
f 2139 2239 2173
f 2131 2240 2162
f 2142 2263 2181
f 2126 2230 2189
f 2120 2215 2174
f 2119 2211 2154
f 2121 2217 2184
f 2122 2220 2199
f 2123 2223 2204
f 2127 2231 2194
f 2137 2258 2171
f 2132 2243 2163
f 2144 2264 2183
f 2145 2229 2192
f 2133 2249 2170
f 2128 2233 2159
f 2134 2241 2180
f 2135 2253 2190
f 2136 2256 2195
f 2137 2259 2176
f 2132 2246 2205
f 2144 2244 2201
f 2145 2265 2187
f 2127 2228 2158
f 2120 2213 2215
f 2119 2209 2211
f 2121 2210 2217
f 2122 2216 2220
f 2123 2219 2223
f 2127 2224 2231
f 2137 2260 2258
f 2132 2247 2243
f 2144 2268 2264
f 2145 2227 2229
f 2133 2248 2249
f 2128 2235 2233
f 2134 2236 2241
f 2135 2250 2253
f 2136 2252 2256
f 2137 2257 2259
f 2132 2237 2246
f 2144 2242 2244
f 2145 2267 2265
f 2127 2232 2228
f 2120 2150 2213
f 2119 2149 2209
f 2121 2151 2210
f 2122 2152 2216
f 2123 2153 2219
f 2127 2158 2224
f 2137 2176 2260
f 2132 2205 2247
f 2144 2201 2268
f 2145 2187 2227
f 2133 2165 2248
f 2128 2164 2235
f 2134 2166 2236
f 2135 2167 2250
f 2136 2168 2252
f 2137 2171 2257
f 2132 2163 2237
f 2144 2183 2242
f 2145 2192 2267
f 2127 2194 2232
f 2123 2204 2222
f 2120 2174 2214
f 2119 2154 2212
f 2121 2184 2218
f 2122 2199 2221
f 2124 2175 2225
f 2141 2207 2262
f 2148 2203 2245
f 2146 2188 2266
f 2125 2156 2226
f 2136 2195 2255
f 2133 2170 2238
f 2128 2159 2234
f 2134 2180 2251
f 2135 2190 2254
f 2138 2196 2261
f 2129 2169 2239
f 2130 2161 2240
f 2143 2182 2263
f 2147 2193 2230
f 2141 2178 2215
f 2124 2155 2211
f 2125 2185 2217
f 2146 2202 2220
f 2148 2208 2223
f 2140 2197 2231
f 2139 2173 2258
f 2131 2162 2243
f 2142 2181 2264
f 2126 2189 2229
f 2138 2172 2249
f 2129 2160 2233
f 2130 2179 2241
f 2143 2191 2253
f 2147 2198 2256
f 2140 2177 2259
f 2139 2206 2246
f 2131 2200 2244
f 2142 2186 2265
f 2126 2157 2228
f 2123 2222 2213
f 2120 2214 2209
f 2119 2212 2210
f 2121 2218 2216
f 2122 2221 2219
f 2124 2225 2224
f 2141 2262 2260
f 2148 2245 2247
f 2146 2266 2268
f 2125 2226 2227
f 2136 2255 2248
f 2133 2238 2235
f 2128 2234 2236
f 2134 2251 2250
f 2135 2254 2252
f 2138 2261 2257
f 2129 2239 2237
f 2130 2240 2242
f 2143 2263 2267
f 2147 2230 2232
f 2213 2150 2153
f 2209 2149 2150
f 2210 2151 2149
f 2216 2152 2151
f 2219 2153 2152
f 2224 2158 2155
f 2260 2176 2178
f 2247 2205 2208
f 2268 2201 2202
f 2227 2187 2185
f 2248 2165 2168
f 2235 2164 2165
f 2236 2166 2164
f 2250 2167 2166
f 2252 2168 2167
f 2257 2171 2172
f 2237 2163 2160
f 2242 2183 2179
f 2267 2192 2191
f 2232 2194 2198
f 2222 2204 2207
f 2214 2174 2175
f 2212 2154 2156
f 2218 2184 2188
f 2221 2199 2203
f 2225 2175 2177
f 2262 2207 2206
f 2245 2203 2200
f 2266 2188 2186
f 2226 2156 2157
f 2255 2195 2196
f 2238 2170 2169
f 2234 2159 2161
f 2251 2180 2182
f 2254 2190 2193
f 2261 2196 2197
f 2239 2169 2173
f 2240 2161 2162
f 2263 2182 2181
f 2230 2193 2189
f 2215 2178 2174
f 2211 2155 2154
f 2217 2185 2184
f 2220 2202 2199
f 2223 2208 2204
f 2231 2197 2194
f 2258 2173 2171
f 2243 2162 2163
f 2264 2181 2183
f 2229 2189 2192
f 2249 2172 2170
f 2233 2160 2159
f 2241 2179 2180
f 2253 2191 2190
f 2256 2198 2195
f 2259 2177 2176
f 2246 2206 2205
f 2244 2200 2201
f 2265 2186 2187
f 2228 2157 2158
f 2213 2222 2215
f 2209 2214 2211
f 2210 2212 2217
f 2216 2218 2220
f 2219 2221 2223
f 2224 2225 2231
f 2260 2262 2258
f 2247 2245 2243
f 2268 2266 2264
f 2227 2226 2229
f 2248 2255 2249
f 2235 2238 2233
f 2236 2234 2241
f 2250 2251 2253
f 2252 2254 2256
f 2257 2261 2259
f 2237 2239 2246
f 2242 2240 2244
f 2267 2263 2265
f 2232 2230 2228
f 2269 2315 2312
f 2269 2312 2311
f 2269 2311 2313
f 2269 2313 2314
f 2269 2314 2315
f 2270 2317 2320
f 2274 2340 2338
f 2280 2370 2367
f 2279 2364 2363
f 2276 2347 2349
f 2272 2330 2327
f 2272 2327 2326
f 2272 2326 2328
f 2272 2328 2329
f 2272 2329 2330
f 2273 2334 2333
f 2271 2322 2325
f 2275 2341 2345
f 2277 2353 2354
f 2278 2360 2356
f 2280 2369 2366
f 2274 2337 2336
f 2270 2318 2316
f 2276 2350 2346
f 2279 2365 2361
f 2274 2339 2337
f 2280 2368 2369
f 2279 2362 2365
f 2276 2348 2350
f 2270 2319 2318
f 2278 2358 2357
f 2273 2331 2332
f 2271 2323 2321
f 2275 2344 2342
f 2277 2355 2352
f 2278 2359 2358
f 2273 2335 2331
f 2271 2324 2323
f 2275 2343 2344
f 2277 2351 2355
f 2274 2336 2340
f 2270 2316 2317
f 2276 2346 2347
f 2279 2361 2364
f 2280 2366 2370
f 2278 2356 2359
f 2273 2333 2335
f 2271 2325 2324
f 2275 2345 2343
f 2277 2354 2351
f 2273 2332 2334
f 2271 2321 2322
f 2275 2342 2341
f 2277 2352 2353
f 2278 2357 2360
f 2274 2338 2339
f 2280 2367 2368
f 2279 2363 2362
f 2276 2349 2348
f 2270 2320 2319
f 2303 2377 2384
f 2286 2373 2376
f 2287 2379 2374
f 2308 2382 2380
f 2310 2385 2383
f 2302 2393 2387
f 2301 2420 2424
f 2293 2405 2407
f 2304 2426 2428
f 2288 2391 2388
f 2300 2411 2417
f 2291 2395 2400
f 2292 2403 2396
f 2305 2415 2413
f 2309 2418 2416
f 2302 2421 2423
f 2301 2408 2401
f 2293 2406 2402
f 2304 2427 2425
f 2288 2390 2392
f 2285 2375 2315
f 2282 2371 2312
f 2281 2372 2311
f 2283 2378 2313
f 2284 2381 2314
f 2286 2386 2317
f 2303 2422 2340
f 2310 2409 2370
f 2308 2430 2364
f 2287 2389 2347
f 2298 2410 2330
f 2295 2397 2327
f 2290 2398 2326
f 2296 2412 2328
f 2297 2414 2329
f 2300 2419 2334
f 2291 2399 2322
f 2292 2404 2341
f 2305 2429 2353
f 2309 2394 2360
f 2303 2384 2369
f 2286 2376 2337
f 2287 2374 2318
f 2308 2380 2350
f 2310 2383 2365
f 2302 2387 2339
f 2301 2424 2368
f 2293 2407 2362
f 2304 2428 2348
f 2288 2388 2319
f 2300 2417 2358
f 2291 2400 2331
f 2292 2396 2323
f 2305 2413 2344
f 2309 2416 2355
f 2302 2423 2359
f 2301 2401 2335
f 2293 2402 2324
f 2304 2425 2343
f 2288 2392 2351
f 2282 2377 2336
f 2281 2373 2316
f 2283 2379 2346
f 2284 2382 2361
f 2285 2385 2366
f 2289 2393 2356
f 2299 2420 2333
f 2294 2405 2325
f 2306 2426 2345
f 2307 2391 2354
f 2295 2411 2332
f 2290 2395 2321
f 2296 2403 2342
f 2297 2415 2352
f 2298 2418 2357
f 2299 2421 2338
f 2294 2408 2367
f 2306 2406 2363
f 2307 2427 2349
f 2289 2390 2320
f 2282 2375 2377
f 2281 2371 2373
f 2283 2372 2379
f 2284 2378 2382
f 2285 2381 2385
f 2289 2386 2393
f 2299 2422 2420
f 2294 2409 2405
f 2306 2430 2426
f 2307 2389 2391
f 2295 2410 2411
f 2290 2397 2395
f 2296 2398 2403
f 2297 2412 2415
f 2298 2414 2418
f 2299 2419 2421
f 2294 2399 2408
f 2306 2404 2406
f 2307 2429 2427
f 2289 2394 2390
f 2282 2312 2375
f 2281 2311 2371
f 2283 2313 2372
f 2284 2314 2378
f 2285 2315 2381
f 2289 2320 2386
f 2299 2338 2422
f 2294 2367 2409
f 2306 2363 2430
f 2307 2349 2389
f 2295 2327 2410
f 2290 2326 2397
f 2296 2328 2398
f 2297 2329 2412
f 2298 2330 2414
f 2299 2333 2419
f 2294 2325 2399
f 2306 2345 2404
f 2307 2354 2429
f 2289 2356 2394
f 2285 2366 2384
f 2282 2336 2376
f 2281 2316 2374
f 2283 2346 2380
f 2284 2361 2383
f 2286 2337 2387
f 2303 2369 2424
f 2310 2365 2407
f 2308 2350 2428
f 2287 2318 2388
f 2298 2357 2417
f 2295 2332 2400
f 2290 2321 2396
f 2296 2342 2413
f 2297 2352 2416
f 2300 2358 2423
f 2291 2331 2401
f 2292 2323 2402
f 2305 2344 2425
f 2309 2355 2392
f 2303 2340 2377
f 2286 2317 2373
f 2287 2347 2379
f 2308 2364 2382
f 2310 2370 2385
f 2302 2359 2393
f 2301 2335 2420
f 2293 2324 2405
f 2304 2343 2426
f 2288 2351 2391
f 2300 2334 2411
f 2291 2322 2395
f 2292 2341 2403
f 2305 2353 2415
f 2309 2360 2418
f 2302 2339 2421
f 2301 2368 2408
f 2293 2362 2406
f 2304 2348 2427
f 2288 2319 2390
f 2285 2384 2375
f 2282 2376 2371
f 2281 2374 2372
f 2283 2380 2378
f 2284 2383 2381
f 2286 2387 2386
f 2303 2424 2422
f 2310 2407 2409
f 2308 2428 2430
f 2287 2388 2389
f 2298 2417 2410
f 2295 2400 2397
f 2290 2396 2398
f 2296 2413 2412
f 2297 2416 2414
f 2300 2423 2419
f 2291 2401 2399
f 2292 2402 2404
f 2305 2425 2429
f 2309 2392 2394
f 2375 2312 2315
f 2371 2311 2312
f 2372 2313 2311
f 2378 2314 2313
f 2381 2315 2314
f 2386 2320 2317
f 2422 2338 2340
f 2409 2367 2370
f 2430 2363 2364
f 2389 2349 2347
f 2410 2327 2330
f 2397 2326 2327
f 2398 2328 2326
f 2412 2329 2328
f 2414 2330 2329
f 2419 2333 2334
f 2399 2325 2322
f 2404 2345 2341
f 2429 2354 2353
f 2394 2356 2360
f 2384 2366 2369
f 2376 2336 2337
f 2374 2316 2318
f 2380 2346 2350
f 2383 2361 2365
f 2387 2337 2339
f 2424 2369 2368
f 2407 2365 2362
f 2428 2350 2348
f 2388 2318 2319
f 2417 2357 2358
f 2400 2332 2331
f 2396 2321 2323
f 2413 2342 2344
f 2416 2352 2355
f 2423 2358 2359
f 2401 2331 2335
f 2402 2323 2324
f 2425 2344 2343
f 2392 2355 2351
f 2377 2340 2336
f 2373 2317 2316
f 2379 2347 2346
f 2382 2364 2361
f 2385 2370 2366
f 2393 2359 2356
f 2420 2335 2333
f 2405 2324 2325
f 2426 2343 2345
f 2391 2351 2354
f 2411 2334 2332
f 2395 2322 2321
f 2403 2341 2342
f 2415 2353 2352
f 2418 2360 2357
f 2421 2339 2338
f 2408 2368 2367
f 2406 2362 2363
f 2427 2348 2349
f 2390 2319 2320
f 2375 2384 2377
f 2371 2376 2373
f 2372 2374 2379
f 2378 2380 2382
f 2381 2383 2385
f 2386 2387 2393
f 2422 2424 2420
f 2409 2407 2405
f 2430 2428 2426
f 2389 2388 2391
f 2410 2417 2411
f 2397 2400 2395
f 2398 2396 2403
f 2412 2413 2415
f 2414 2416 2418
f 2419 2423 2421
f 2399 2401 2408
f 2404 2402 2406
f 2429 2425 2427
f 2394 2392 2390
f 2431 2477 2474
f 2431 2474 2473
f 2431 2473 2475
f 2431 2475 2476
f 2431 2476 2477
f 2432 2479 2482
f 2436 2502 2500
f 2442 2532 2529
f 2441 2526 2525
f 2438 2509 2511
f 2434 2492 2489
f 2434 2489 2488
f 2434 2488 2490
f 2434 2490 2491
f 2434 2491 2492
f 2435 2496 2495
f 2433 2484 2487
f 2437 2503 2507
f 2439 2515 2516
f 2440 2522 2518
f 2442 2531 2528
f 2436 2499 2498
f 2432 2480 2478
f 2438 2512 2508
f 2441 2527 2523
f 2436 2501 2499
f 2442 2530 2531
f 2441 2524 2527
f 2438 2510 2512
f 2432 2481 2480
f 2440 2520 2519
f 2435 2493 2494
f 2433 2485 2483
f 2437 2506 2504
f 2439 2517 2514
f 2440 2521 2520
f 2435 2497 2493
f 2433 2486 2485
f 2437 2505 2506
f 2439 2513 2517
f 2436 2498 2502
f 2432 2478 2479
f 2438 2508 2509
f 2441 2523 2526
f 2442 2528 2532
f 2440 2518 2521
f 2435 2495 2497
f 2433 2487 2486
f 2437 2507 2505
f 2439 2516 2513
f 2435 2494 2496
f 2433 2483 2484
f 2437 2504 2503
f 2439 2514 2515
f 2440 2519 2522
f 2436 2500 2501
f 2442 2529 2530
f 2441 2525 2524
f 2438 2511 2510
f 2432 2482 2481
f 2465 2539 2546
f 2448 2535 2538
f 2449 2541 2536
f 2470 2544 2542
f 2472 2547 2545
f 2464 2555 2549
f 2463 2582 2586
f 2455 2567 2569
f 2466 2588 2590
f 2450 2553 2550
f 2462 2573 2579
f 2453 2557 2562
f 2454 2565 2558
f 2467 2577 2575
f 2471 2580 2578
f 2464 2583 2585
f 2463 2570 2563
f 2455 2568 2564
f 2466 2589 2587
f 2450 2552 2554
f 2447 2537 2477
f 2444 2533 2474
f 2443 2534 2473
f 2445 2540 2475
f 2446 2543 2476
f 2448 2548 2479
f 2465 2584 2502
f 2472 2571 2532
f 2470 2592 2526
f 2449 2551 2509
f 2460 2572 2492
f 2457 2559 2489
f 2452 2560 2488
f 2458 2574 2490
f 2459 2576 2491
f 2462 2581 2496
f 2453 2561 2484
f 2454 2566 2503
f 2467 2591 2515
f 2471 2556 2522
f 2465 2546 2531
f 2448 2538 2499
f 2449 2536 2480
f 2470 2542 2512
f 2472 2545 2527
f 2464 2549 2501
f 2463 2586 2530
f 2455 2569 2524
f 2466 2590 2510
f 2450 2550 2481
f 2462 2579 2520
f 2453 2562 2493
f 2454 2558 2485
f 2467 2575 2506
f 2471 2578 2517
f 2464 2585 2521
f 2463 2563 2497
f 2455 2564 2486
f 2466 2587 2505
f 2450 2554 2513
f 2444 2539 2498
f 2443 2535 2478
f 2445 2541 2508
f 2446 2544 2523
f 2447 2547 2528
f 2451 2555 2518
f 2461 2582 2495
f 2456 2567 2487
f 2468 2588 2507
f 2469 2553 2516
f 2457 2573 2494
f 2452 2557 2483
f 2458 2565 2504
f 2459 2577 2514
f 2460 2580 2519
f 2461 2583 2500
f 2456 2570 2529
f 2468 2568 2525
f 2469 2589 2511
f 2451 2552 2482
f 2444 2537 2539
f 2443 2533 2535
f 2445 2534 2541
f 2446 2540 2544
f 2447 2543 2547
f 2451 2548 2555
f 2461 2584 2582
f 2456 2571 2567
f 2468 2592 2588
f 2469 2551 2553
f 2457 2572 2573
f 2452 2559 2557
f 2458 2560 2565
f 2459 2574 2577
f 2460 2576 2580
f 2461 2581 2583
f 2456 2561 2570
f 2468 2566 2568
f 2469 2591 2589
f 2451 2556 2552
f 2444 2474 2537
f 2443 2473 2533
f 2445 2475 2534
f 2446 2476 2540
f 2447 2477 2543
f 2451 2482 2548
f 2461 2500 2584
f 2456 2529 2571
f 2468 2525 2592
f 2469 2511 2551
f 2457 2489 2572
f 2452 2488 2559
f 2458 2490 2560
f 2459 2491 2574
f 2460 2492 2576
f 2461 2495 2581
f 2456 2487 2561
f 2468 2507 2566
f 2469 2516 2591
f 2451 2518 2556
f 2447 2528 2546
f 2444 2498 2538
f 2443 2478 2536
f 2445 2508 2542
f 2446 2523 2545
f 2448 2499 2549
f 2465 2531 2586
f 2472 2527 2569
f 2470 2512 2590
f 2449 2480 2550
f 2460 2519 2579
f 2457 2494 2562
f 2452 2483 2558
f 2458 2504 2575
f 2459 2514 2578
f 2462 2520 2585
f 2453 2493 2563
f 2454 2485 2564
f 2467 2506 2587
f 2471 2517 2554
f 2465 2502 2539
f 2448 2479 2535
f 2449 2509 2541
f 2470 2526 2544
f 2472 2532 2547
f 2464 2521 2555
f 2463 2497 2582
f 2455 2486 2567
f 2466 2505 2588
f 2450 2513 2553
f 2462 2496 2573
f 2453 2484 2557
f 2454 2503 2565
f 2467 2515 2577
f 2471 2522 2580
f 2464 2501 2583
f 2463 2530 2570
f 2455 2524 2568
f 2466 2510 2589
f 2450 2481 2552
f 2447 2546 2537
f 2444 2538 2533
f 2443 2536 2534
f 2445 2542 2540
f 2446 2545 2543
f 2448 2549 2548
f 2465 2586 2584
f 2472 2569 2571
f 2470 2590 2592
f 2449 2550 2551
f 2460 2579 2572
f 2457 2562 2559
f 2452 2558 2560
f 2458 2575 2574
f 2459 2578 2576
f 2462 2585 2581
f 2453 2563 2561
f 2454 2564 2566
f 2467 2587 2591
f 2471 2554 2556
f 2537 2474 2477
f 2533 2473 2474
f 2534 2475 2473
f 2540 2476 2475
f 2543 2477 2476
f 2548 2482 2479
f 2584 2500 2502
f 2571 2529 2532
f 2592 2525 2526
f 2551 2511 2509
f 2572 2489 2492
f 2559 2488 2489
f 2560 2490 2488
f 2574 2491 2490
f 2576 2492 2491
f 2581 2495 2496
f 2561 2487 2484
f 2566 2507 2503
f 2591 2516 2515
f 2556 2518 2522
f 2546 2528 2531
f 2538 2498 2499
f 2536 2478 2480
f 2542 2508 2512
f 2545 2523 2527
f 2549 2499 2501
f 2586 2531 2530
f 2569 2527 2524
f 2590 2512 2510
f 2550 2480 2481
f 2579 2519 2520
f 2562 2494 2493
f 2558 2483 2485
f 2575 2504 2506
f 2578 2514 2517
f 2585 2520 2521
f 2563 2493 2497
f 2564 2485 2486
f 2587 2506 2505
f 2554 2517 2513
f 2539 2502 2498
f 2535 2479 2478
f 2541 2509 2508
f 2544 2526 2523
f 2547 2532 2528
f 2555 2521 2518
f 2582 2497 2495
f 2567 2486 2487
f 2588 2505 2507
f 2553 2513 2516
f 2573 2496 2494
f 2557 2484 2483
f 2565 2503 2504
f 2577 2515 2514
f 2580 2522 2519
f 2583 2501 2500
f 2570 2530 2529
f 2568 2524 2525
f 2589 2510 2511
f 2552 2481 2482
f 2537 2546 2539
f 2533 2538 2535
f 2534 2536 2541
f 2540 2542 2544
f 2543 2545 2547
f 2548 2549 2555
f 2584 2586 2582
f 2571 2569 2567
f 2592 2590 2588
f 2551 2550 2553
f 2572 2579 2573
f 2559 2562 2557
f 2560 2558 2565
f 2574 2575 2577
f 2576 2578 2580
f 2581 2585 2583
f 2561 2563 2570
f 2566 2564 2568
f 2591 2587 2589
f 2556 2554 2552
f 2593 2639 2636
f 2593 2636 2635
f 2593 2635 2637
f 2593 2637 2638
f 2593 2638 2639
f 2594 2641 2644
f 2598 2664 2662
f 2604 2694 2691
f 2603 2688 2687
f 2600 2671 2673
f 2596 2654 2651
f 2596 2651 2650
f 2596 2650 2652
f 2596 2652 2653
f 2596 2653 2654
f 2597 2658 2657
f 2595 2646 2649
f 2599 2665 2669
f 2601 2677 2678
f 2602 2684 2680
f 2604 2693 2690
f 2598 2661 2660
f 2594 2642 2640
f 2600 2674 2670
f 2603 2689 2685
f 2598 2663 2661
f 2604 2692 2693
f 2603 2686 2689
f 2600 2672 2674
f 2594 2643 2642
f 2602 2682 2681
f 2597 2655 2656
f 2595 2647 2645
f 2599 2668 2666
f 2601 2679 2676
f 2602 2683 2682
f 2597 2659 2655
f 2595 2648 2647
f 2599 2667 2668
f 2601 2675 2679
f 2598 2660 2664
f 2594 2640 2641
f 2600 2670 2671
f 2603 2685 2688
f 2604 2690 2694
f 2602 2680 2683
f 2597 2657 2659
f 2595 2649 2648
f 2599 2669 2667
f 2601 2678 2675
f 2597 2656 2658
f 2595 2645 2646
f 2599 2666 2665
f 2601 2676 2677
f 2602 2681 2684
f 2598 2662 2663
f 2604 2691 2692
f 2603 2687 2686
f 2600 2673 2672
f 2594 2644 2643
f 2627 2701 2708
f 2610 2697 2700
f 2611 2703 2698
f 2632 2706 2704
f 2634 2709 2707
f 2626 2717 2711
f 2625 2744 2748
f 2617 2729 2731
f 2628 2750 2752
f 2612 2715 2712
f 2624 2735 2741
f 2615 2719 2724
f 2616 2727 2720
f 2629 2739 2737
f 2633 2742 2740
f 2626 2745 2747
f 2625 2732 2725
f 2617 2730 2726
f 2628 2751 2749
f 2612 2714 2716
f 2609 2699 2639
f 2606 2695 2636
f 2605 2696 2635
f 2607 2702 2637
f 2608 2705 2638
f 2610 2710 2641
f 2627 2746 2664
f 2634 2733 2694
f 2632 2754 2688
f 2611 2713 2671
f 2622 2734 2654
f 2619 2721 2651
f 2614 2722 2650
f 2620 2736 2652
f 2621 2738 2653
f 2624 2743 2658
f 2615 2723 2646
f 2616 2728 2665
f 2629 2753 2677
f 2633 2718 2684
f 2627 2708 2693
f 2610 2700 2661
f 2611 2698 2642
f 2632 2704 2674
f 2634 2707 2689
f 2626 2711 2663
f 2625 2748 2692
f 2617 2731 2686
f 2628 2752 2672
f 2612 2712 2643
f 2624 2741 2682
f 2615 2724 2655
f 2616 2720 2647
f 2629 2737 2668
f 2633 2740 2679
f 2626 2747 2683
f 2625 2725 2659
f 2617 2726 2648
f 2628 2749 2667
f 2612 2716 2675
f 2606 2701 2660
f 2605 2697 2640
f 2607 2703 2670
f 2608 2706 2685
f 2609 2709 2690
f 2613 2717 2680
f 2623 2744 2657
f 2618 2729 2649
f 2630 2750 2669
f 2631 2715 2678
f 2619 2735 2656
f 2614 2719 2645
f 2620 2727 2666
f 2621 2739 2676
f 2622 2742 2681
f 2623 2745 2662
f 2618 2732 2691
f 2630 2730 2687
f 2631 2751 2673
f 2613 2714 2644
f 2606 2699 2701
f 2605 2695 2697
f 2607 2696 2703
f 2608 2702 2706
f 2609 2705 2709
f 2613 2710 2717
f 2623 2746 2744
f 2618 2733 2729
f 2630 2754 2750
f 2631 2713 2715
f 2619 2734 2735
f 2614 2721 2719
f 2620 2722 2727
f 2621 2736 2739
f 2622 2738 2742
f 2623 2743 2745
f 2618 2723 2732
f 2630 2728 2730
f 2631 2753 2751
f 2613 2718 2714
f 2606 2636 2699
f 2605 2635 2695
f 2607 2637 2696
f 2608 2638 2702
f 2609 2639 2705
f 2613 2644 2710
f 2623 2662 2746
f 2618 2691 2733
f 2630 2687 2754
f 2631 2673 2713
f 2619 2651 2734
f 2614 2650 2721
f 2620 2652 2722
f 2621 2653 2736
f 2622 2654 2738
f 2623 2657 2743
f 2618 2649 2723
f 2630 2669 2728
f 2631 2678 2753
f 2613 2680 2718
f 2609 2690 2708
f 2606 2660 2700
f 2605 2640 2698
f 2607 2670 2704
f 2608 2685 2707
f 2610 2661 2711
f 2627 2693 2748
f 2634 2689 2731
f 2632 2674 2752
f 2611 2642 2712
f 2622 2681 2741
f 2619 2656 2724
f 2614 2645 2720
f 2620 2666 2737
f 2621 2676 2740
f 2624 2682 2747
f 2615 2655 2725
f 2616 2647 2726
f 2629 2668 2749
f 2633 2679 2716
f 2627 2664 2701
f 2610 2641 2697
f 2611 2671 2703
f 2632 2688 2706
f 2634 2694 2709
f 2626 2683 2717
f 2625 2659 2744
f 2617 2648 2729
f 2628 2667 2750
f 2612 2675 2715
f 2624 2658 2735
f 2615 2646 2719
f 2616 2665 2727
f 2629 2677 2739
f 2633 2684 2742
f 2626 2663 2745
f 2625 2692 2732
f 2617 2686 2730
f 2628 2672 2751
f 2612 2643 2714
f 2609 2708 2699
f 2606 2700 2695
f 2605 2698 2696
f 2607 2704 2702
f 2608 2707 2705
f 2610 2711 2710
f 2627 2748 2746
f 2634 2731 2733
f 2632 2752 2754
f 2611 2712 2713
f 2622 2741 2734
f 2619 2724 2721
f 2614 2720 2722
f 2620 2737 2736
f 2621 2740 2738
f 2624 2747 2743
f 2615 2725 2723
f 2616 2726 2728
f 2629 2749 2753
f 2633 2716 2718
f 2699 2636 2639
f 2695 2635 2636
f 2696 2637 2635
f 2702 2638 2637
f 2705 2639 2638
f 2710 2644 2641
f 2746 2662 2664
f 2733 2691 2694
f 2754 2687 2688
f 2713 2673 2671
f 2734 2651 2654
f 2721 2650 2651
f 2722 2652 2650
f 2736 2653 2652
f 2738 2654 2653
f 2743 2657 2658
f 2723 2649 2646
f 2728 2669 2665
f 2753 2678 2677
f 2718 2680 2684
f 2708 2690 2693
f 2700 2660 2661
f 2698 2640 2642
f 2704 2670 2674
f 2707 2685 2689
f 2711 2661 2663
f 2748 2693 2692
f 2731 2689 2686
f 2752 2674 2672
f 2712 2642 2643
f 2741 2681 2682
f 2724 2656 2655
f 2720 2645 2647
f 2737 2666 2668
f 2740 2676 2679
f 2747 2682 2683
f 2725 2655 2659
f 2726 2647 2648
f 2749 2668 2667
f 2716 2679 2675
f 2701 2664 2660
f 2697 2641 2640
f 2703 2671 2670
f 2706 2688 2685
f 2709 2694 2690
f 2717 2683 2680
f 2744 2659 2657
f 2729 2648 2649
f 2750 2667 2669
f 2715 2675 2678
f 2735 2658 2656
f 2719 2646 2645
f 2727 2665 2666
f 2739 2677 2676
f 2742 2684 2681
f 2745 2663 2662
f 2732 2692 2691
f 2730 2686 2687
f 2751 2672 2673
f 2714 2643 2644
f 2699 2708 2701
f 2695 2700 2697
f 2696 2698 2703
f 2702 2704 2706
f 2705 2707 2709
f 2710 2711 2717
f 2746 2748 2744
f 2733 2731 2729
f 2754 2752 2750
f 2713 2712 2715
f 2734 2741 2735
f 2721 2724 2719
f 2722 2720 2727
f 2736 2737 2739
f 2738 2740 2742
f 2743 2747 2745
f 2723 2725 2732
f 2728 2726 2730
f 2753 2749 2751
f 2718 2716 2714
f 2755 2801 2798
f 2755 2798 2797
f 2755 2797 2799
f 2755 2799 2800
f 2755 2800 2801
f 2756 2803 2806
f 2760 2826 2824
f 2766 2856 2853
f 2765 2850 2849
f 2762 2833 2835
f 2758 2816 2813
f 2758 2813 2812
f 2758 2812 2814
f 2758 2814 2815
f 2758 2815 2816
f 2759 2820 2819
f 2757 2808 2811
f 2761 2827 2831
f 2763 2839 2840
f 2764 2846 2842
f 2766 2855 2852
f 2760 2823 2822
f 2756 2804 2802
f 2762 2836 2832
f 2765 2851 2847
f 2760 2825 2823
f 2766 2854 2855
f 2765 2848 2851
f 2762 2834 2836
f 2756 2805 2804
f 2764 2844 2843
f 2759 2817 2818
f 2757 2809 2807
f 2761 2830 2828
f 2763 2841 2838
f 2764 2845 2844
f 2759 2821 2817
f 2757 2810 2809
f 2761 2829 2830
f 2763 2837 2841
f 2760 2822 2826
f 2756 2802 2803
f 2762 2832 2833
f 2765 2847 2850
f 2766 2852 2856
f 2764 2842 2845
f 2759 2819 2821
f 2757 2811 2810
f 2761 2831 2829
f 2763 2840 2837
f 2759 2818 2820
f 2757 2807 2808
f 2761 2828 2827
f 2763 2838 2839
f 2764 2843 2846
f 2760 2824 2825
f 2766 2853 2854
f 2765 2849 2848
f 2762 2835 2834
f 2756 2806 2805
f 2789 2863 2870
f 2772 2859 2862
f 2773 2865 2860
f 2794 2868 2866
f 2796 2871 2869
f 2788 2879 2873
f 2787 2906 2910
f 2779 2891 2893
f 2790 2912 2914
f 2774 2877 2874
f 2786 2897 2903
f 2777 2881 2886
f 2778 2889 2882
f 2791 2901 2899
f 2795 2904 2902
f 2788 2907 2909
f 2787 2894 2887
f 2779 2892 2888
f 2790 2913 2911
f 2774 2876 2878
f 2771 2861 2801
f 2768 2857 2798
f 2767 2858 2797
f 2769 2864 2799
f 2770 2867 2800
f 2772 2872 2803
f 2789 2908 2826
f 2796 2895 2856
f 2794 2916 2850
f 2773 2875 2833
f 2784 2896 2816
f 2781 2883 2813
f 2776 2884 2812
f 2782 2898 2814
f 2783 2900 2815
f 2786 2905 2820
f 2777 2885 2808
f 2778 2890 2827
f 2791 2915 2839
f 2795 2880 2846
f 2789 2870 2855
f 2772 2862 2823
f 2773 2860 2804
f 2794 2866 2836
f 2796 2869 2851
f 2788 2873 2825
f 2787 2910 2854
f 2779 2893 2848
f 2790 2914 2834
f 2774 2874 2805
f 2786 2903 2844
f 2777 2886 2817
f 2778 2882 2809
f 2791 2899 2830
f 2795 2902 2841
f 2788 2909 2845
f 2787 2887 2821
f 2779 2888 2810
f 2790 2911 2829
f 2774 2878 2837
f 2768 2863 2822
f 2767 2859 2802
f 2769 2865 2832
f 2770 2868 2847
f 2771 2871 2852
f 2775 2879 2842
f 2785 2906 2819
f 2780 2891 2811
f 2792 2912 2831
f 2793 2877 2840
f 2781 2897 2818
f 2776 2881 2807
f 2782 2889 2828
f 2783 2901 2838
f 2784 2904 2843
f 2785 2907 2824
f 2780 2894 2853
f 2792 2892 2849
f 2793 2913 2835
f 2775 2876 2806
f 2768 2861 2863
f 2767 2857 2859
f 2769 2858 2865
f 2770 2864 2868
f 2771 2867 2871
f 2775 2872 2879
f 2785 2908 2906
f 2780 2895 2891
f 2792 2916 2912
f 2793 2875 2877
f 2781 2896 2897
f 2776 2883 2881
f 2782 2884 2889
f 2783 2898 2901
f 2784 2900 2904
f 2785 2905 2907
f 2780 2885 2894
f 2792 2890 2892
f 2793 2915 2913
f 2775 2880 2876
f 2768 2798 2861
f 2767 2797 2857
f 2769 2799 2858
f 2770 2800 2864
f 2771 2801 2867
f 2775 2806 2872
f 2785 2824 2908
f 2780 2853 2895
f 2792 2849 2916
f 2793 2835 2875
f 2781 2813 2896
f 2776 2812 2883
f 2782 2814 2884
f 2783 2815 2898
f 2784 2816 2900
f 2785 2819 2905
f 2780 2811 2885
f 2792 2831 2890
f 2793 2840 2915
f 2775 2842 2880
f 2771 2852 2870
f 2768 2822 2862
f 2767 2802 2860
f 2769 2832 2866
f 2770 2847 2869
f 2772 2823 2873
f 2789 2855 2910
f 2796 2851 2893
f 2794 2836 2914
f 2773 2804 2874
f 2784 2843 2903
f 2781 2818 2886
f 2776 2807 2882
f 2782 2828 2899
f 2783 2838 2902
f 2786 2844 2909
f 2777 2817 2887
f 2778 2809 2888
f 2791 2830 2911
f 2795 2841 2878
f 2789 2826 2863
f 2772 2803 2859
f 2773 2833 2865
f 2794 2850 2868
f 2796 2856 2871
f 2788 2845 2879
f 2787 2821 2906
f 2779 2810 2891
f 2790 2829 2912
f 2774 2837 2877
f 2786 2820 2897
f 2777 2808 2881
f 2778 2827 2889
f 2791 2839 2901
f 2795 2846 2904
f 2788 2825 2907
f 2787 2854 2894
f 2779 2848 2892
f 2790 2834 2913
f 2774 2805 2876
f 2771 2870 2861
f 2768 2862 2857
f 2767 2860 2858
f 2769 2866 2864
f 2770 2869 2867
f 2772 2873 2872
f 2789 2910 2908
f 2796 2893 2895
f 2794 2914 2916
f 2773 2874 2875
f 2784 2903 2896
f 2781 2886 2883
f 2776 2882 2884
f 2782 2899 2898
f 2783 2902 2900
f 2786 2909 2905
f 2777 2887 2885
f 2778 2888 2890
f 2791 2911 2915
f 2795 2878 2880
f 2861 2798 2801
f 2857 2797 2798
f 2858 2799 2797
f 2864 2800 2799
f 2867 2801 2800
f 2872 2806 2803
f 2908 2824 2826
f 2895 2853 2856
f 2916 2849 2850
f 2875 2835 2833
f 2896 2813 2816
f 2883 2812 2813
f 2884 2814 2812
f 2898 2815 2814
f 2900 2816 2815
f 2905 2819 2820
f 2885 2811 2808
f 2890 2831 2827
f 2915 2840 2839
f 2880 2842 2846
f 2870 2852 2855
f 2862 2822 2823
f 2860 2802 2804
f 2866 2832 2836
f 2869 2847 2851
f 2873 2823 2825
f 2910 2855 2854
f 2893 2851 2848
f 2914 2836 2834
f 2874 2804 2805
f 2903 2843 2844
f 2886 2818 2817
f 2882 2807 2809
f 2899 2828 2830
f 2902 2838 2841
f 2909 2844 2845
f 2887 2817 2821
f 2888 2809 2810
f 2911 2830 2829
f 2878 2841 2837
f 2863 2826 2822
f 2859 2803 2802
f 2865 2833 2832
f 2868 2850 2847
f 2871 2856 2852
f 2879 2845 2842
f 2906 2821 2819
f 2891 2810 2811
f 2912 2829 2831
f 2877 2837 2840
f 2897 2820 2818
f 2881 2808 2807
f 2889 2827 2828
f 2901 2839 2838
f 2904 2846 2843
f 2907 2825 2824
f 2894 2854 2853
f 2892 2848 2849
f 2913 2834 2835
f 2876 2805 2806
f 2861 2870 2863
f 2857 2862 2859
f 2858 2860 2865
f 2864 2866 2868
f 2867 2869 2871
f 2872 2873 2879
f 2908 2910 2906
f 2895 2893 2891
f 2916 2914 2912
f 2875 2874 2877
f 2896 2903 2897
f 2883 2886 2881
f 2884 2882 2889
f 2898 2899 2901
f 2900 2902 2904
f 2905 2909 2907
f 2885 2887 2894
f 2890 2888 2892
f 2915 2911 2913
f 2880 2878 2876
f 2917 2963 2960
f 2917 2960 2959
f 2917 2959 2961
f 2917 2961 2962
f 2917 2962 2963
f 2918 2965 2968
f 2922 2988 2986
f 2928 3018 3015
f 2927 3012 3011
f 2924 2995 2997
f 2920 2978 2975
f 2920 2975 2974
f 2920 2974 2976
f 2920 2976 2977
f 2920 2977 2978
f 2921 2982 2981
f 2919 2970 2973
f 2923 2989 2993
f 2925 3001 3002
f 2926 3008 3004
f 2928 3017 3014
f 2922 2985 2984
f 2918 2966 2964
f 2924 2998 2994
f 2927 3013 3009
f 2922 2987 2985
f 2928 3016 3017
f 2927 3010 3013
f 2924 2996 2998
f 2918 2967 2966
f 2926 3006 3005
f 2921 2979 2980
f 2919 2971 2969
f 2923 2992 2990
f 2925 3003 3000
f 2926 3007 3006
f 2921 2983 2979
f 2919 2972 2971
f 2923 2991 2992
f 2925 2999 3003
f 2922 2984 2988
f 2918 2964 2965
f 2924 2994 2995
f 2927 3009 3012
f 2928 3014 3018
f 2926 3004 3007
f 2921 2981 2983
f 2919 2973 2972
f 2923 2993 2991
f 2925 3002 2999
f 2921 2980 2982
f 2919 2969 2970
f 2923 2990 2989
f 2925 3000 3001
f 2926 3005 3008
f 2922 2986 2987
f 2928 3015 3016
f 2927 3011 3010
f 2924 2997 2996
f 2918 2968 2967
f 2951 3025 3032
f 2934 3021 3024
f 2935 3027 3022
f 2956 3030 3028
f 2958 3033 3031
f 2950 3041 3035
f 2949 3068 3072
f 2941 3053 3055
f 2952 3074 3076
f 2936 3039 3036
f 2948 3059 3065
f 2939 3043 3048
f 2940 3051 3044
f 2953 3063 3061
f 2957 3066 3064
f 2950 3069 3071
f 2949 3056 3049
f 2941 3054 3050
f 2952 3075 3073
f 2936 3038 3040
f 2933 3023 2963
f 2930 3019 2960
f 2929 3020 2959
f 2931 3026 2961
f 2932 3029 2962
f 2934 3034 2965
f 2951 3070 2988
f 2958 3057 3018
f 2956 3078 3012
f 2935 3037 2995
f 2946 3058 2978
f 2943 3045 2975
f 2938 3046 2974
f 2944 3060 2976
f 2945 3062 2977
f 2948 3067 2982
f 2939 3047 2970
f 2940 3052 2989
f 2953 3077 3001
f 2957 3042 3008
f 2951 3032 3017
f 2934 3024 2985
f 2935 3022 2966
f 2956 3028 2998
f 2958 3031 3013
f 2950 3035 2987
f 2949 3072 3016
f 2941 3055 3010
f 2952 3076 2996
f 2936 3036 2967
f 2948 3065 3006
f 2939 3048 2979
f 2940 3044 2971
f 2953 3061 2992
f 2957 3064 3003
f 2950 3071 3007
f 2949 3049 2983
f 2941 3050 2972
f 2952 3073 2991
f 2936 3040 2999
f 2930 3025 2984
f 2929 3021 2964
f 2931 3027 2994
f 2932 3030 3009
f 2933 3033 3014
f 2937 3041 3004
f 2947 3068 2981
f 2942 3053 2973
f 2954 3074 2993
f 2955 3039 3002
f 2943 3059 2980
f 2938 3043 2969
f 2944 3051 2990
f 2945 3063 3000
f 2946 3066 3005
f 2947 3069 2986
f 2942 3056 3015
f 2954 3054 3011
f 2955 3075 2997
f 2937 3038 2968
f 2930 3023 3025
f 2929 3019 3021
f 2931 3020 3027
f 2932 3026 3030
f 2933 3029 3033
f 2937 3034 3041
f 2947 3070 3068
f 2942 3057 3053
f 2954 3078 3074
f 2955 3037 3039
f 2943 3058 3059
f 2938 3045 3043
f 2944 3046 3051
f 2945 3060 3063
f 2946 3062 3066
f 2947 3067 3069
f 2942 3047 3056
f 2954 3052 3054
f 2955 3077 3075
f 2937 3042 3038
f 2930 2960 3023
f 2929 2959 3019
f 2931 2961 3020
f 2932 2962 3026
f 2933 2963 3029
f 2937 2968 3034
f 2947 2986 3070
f 2942 3015 3057
f 2954 3011 3078
f 2955 2997 3037
f 2943 2975 3058
f 2938 2974 3045
f 2944 2976 3046
f 2945 2977 3060
f 2946 2978 3062
f 2947 2981 3067
f 2942 2973 3047
f 2954 2993 3052
f 2955 3002 3077
f 2937 3004 3042
f 2933 3014 3032
f 2930 2984 3024
f 2929 2964 3022
f 2931 2994 3028
f 2932 3009 3031
f 2934 2985 3035
f 2951 3017 3072
f 2958 3013 3055
f 2956 2998 3076
f 2935 2966 3036
f 2946 3005 3065
f 2943 2980 3048
f 2938 2969 3044
f 2944 2990 3061
f 2945 3000 3064
f 2948 3006 3071
f 2939 2979 3049
f 2940 2971 3050
f 2953 2992 3073
f 2957 3003 3040
f 2951 2988 3025
f 2934 2965 3021
f 2935 2995 3027
f 2956 3012 3030
f 2958 3018 3033
f 2950 3007 3041
f 2949 2983 3068
f 2941 2972 3053
f 2952 2991 3074
f 2936 2999 3039
f 2948 2982 3059
f 2939 2970 3043
f 2940 2989 3051
f 2953 3001 3063
f 2957 3008 3066
f 2950 2987 3069
f 2949 3016 3056
f 2941 3010 3054
f 2952 2996 3075
f 2936 2967 3038
f 2933 3032 3023
f 2930 3024 3019
f 2929 3022 3020
f 2931 3028 3026
f 2932 3031 3029
f 2934 3035 3034
f 2951 3072 3070
f 2958 3055 3057
f 2956 3076 3078
f 2935 3036 3037
f 2946 3065 3058
f 2943 3048 3045
f 2938 3044 3046
f 2944 3061 3060
f 2945 3064 3062
f 2948 3071 3067
f 2939 3049 3047
f 2940 3050 3052
f 2953 3073 3077
f 2957 3040 3042
f 3023 2960 2963
f 3019 2959 2960
f 3020 2961 2959
f 3026 2962 2961
f 3029 2963 2962
f 3034 2968 2965
f 3070 2986 2988
f 3057 3015 3018
f 3078 3011 3012
f 3037 2997 2995
f 3058 2975 2978
f 3045 2974 2975
f 3046 2976 2974
f 3060 2977 2976
f 3062 2978 2977
f 3067 2981 2982
f 3047 2973 2970
f 3052 2993 2989
f 3077 3002 3001
f 3042 3004 3008
f 3032 3014 3017
f 3024 2984 2985
f 3022 2964 2966
f 3028 2994 2998
f 3031 3009 3013
f 3035 2985 2987
f 3072 3017 3016
f 3055 3013 3010
f 3076 2998 2996
f 3036 2966 2967
f 3065 3005 3006
f 3048 2980 2979
f 3044 2969 2971
f 3061 2990 2992
f 3064 3000 3003
f 3071 3006 3007
f 3049 2979 2983
f 3050 2971 2972
f 3073 2992 2991
f 3040 3003 2999
f 3025 2988 2984
f 3021 2965 2964
f 3027 2995 2994
f 3030 3012 3009
f 3033 3018 3014
f 3041 3007 3004
f 3068 2983 2981
f 3053 2972 2973
f 3074 2991 2993
f 3039 2999 3002
f 3059 2982 2980
f 3043 2970 2969
f 3051 2989 2990
f 3063 3001 3000
f 3066 3008 3005
f 3069 2987 2986
f 3056 3016 3015
f 3054 3010 3011
f 3075 2996 2997
f 3038 2967 2968
f 3023 3032 3025
f 3019 3024 3021
f 3020 3022 3027
f 3026 3028 3030
f 3029 3031 3033
f 3034 3035 3041
f 3070 3072 3068
f 3057 3055 3053
f 3078 3076 3074
f 3037 3036 3039
f 3058 3065 3059
f 3045 3048 3043
f 3046 3044 3051
f 3060 3061 3063
f 3062 3064 3066
f 3067 3071 3069
f 3047 3049 3056
f 3052 3050 3054
f 3077 3073 3075
f 3042 3040 3038
f 3079 3125 3122
f 3079 3122 3121
f 3079 3121 3123
f 3079 3123 3124
f 3079 3124 3125
f 3080 3127 3130
f 3084 3150 3148
f 3090 3180 3177
f 3089 3174 3173
f 3086 3157 3159
f 3082 3140 3137
f 3082 3137 3136
f 3082 3136 3138
f 3082 3138 3139
f 3082 3139 3140
f 3083 3144 3143
f 3081 3132 3135
f 3085 3151 3155
f 3087 3163 3164
f 3088 3170 3166
f 3090 3179 3176
f 3084 3147 3146
f 3080 3128 3126
f 3086 3160 3156
f 3089 3175 3171
f 3084 3149 3147
f 3090 3178 3179
f 3089 3172 3175
f 3086 3158 3160
f 3080 3129 3128
f 3088 3168 3167
f 3083 3141 3142
f 3081 3133 3131
f 3085 3154 3152
f 3087 3165 3162
f 3088 3169 3168
f 3083 3145 3141
f 3081 3134 3133
f 3085 3153 3154
f 3087 3161 3165
f 3084 3146 3150
f 3080 3126 3127
f 3086 3156 3157
f 3089 3171 3174
f 3090 3176 3180
f 3088 3166 3169
f 3083 3143 3145
f 3081 3135 3134
f 3085 3155 3153
f 3087 3164 3161
f 3083 3142 3144
f 3081 3131 3132
f 3085 3152 3151
f 3087 3162 3163
f 3088 3167 3170
f 3084 3148 3149
f 3090 3177 3178
f 3089 3173 3172
f 3086 3159 3158
f 3080 3130 3129
f 3113 3187 3194
f 3096 3183 3186
f 3097 3189 3184
f 3118 3192 3190
f 3120 3195 3193
f 3112 3203 3197
f 3111 3230 3234
f 3103 3215 3217
f 3114 3236 3238
f 3098 3201 3198
f 3110 3221 3227
f 3101 3205 3210
f 3102 3213 3206
f 3115 3225 3223
f 3119 3228 3226
f 3112 3231 3233
f 3111 3218 3211
f 3103 3216 3212
f 3114 3237 3235
f 3098 3200 3202
f 3095 3185 3125
f 3092 3181 3122
f 3091 3182 3121
f 3093 3188 3123
f 3094 3191 3124
f 3096 3196 3127
f 3113 3232 3150
f 3120 3219 3180
f 3118 3240 3174
f 3097 3199 3157
f 3108 3220 3140
f 3105 3207 3137
f 3100 3208 3136
f 3106 3222 3138
f 3107 3224 3139
f 3110 3229 3144
f 3101 3209 3132
f 3102 3214 3151
f 3115 3239 3163
f 3119 3204 3170
f 3113 3194 3179
f 3096 3186 3147
f 3097 3184 3128
f 3118 3190 3160
f 3120 3193 3175
f 3112 3197 3149
f 3111 3234 3178
f 3103 3217 3172
f 3114 3238 3158
f 3098 3198 3129
f 3110 3227 3168
f 3101 3210 3141
f 3102 3206 3133
f 3115 3223 3154
f 3119 3226 3165
f 3112 3233 3169
f 3111 3211 3145
f 3103 3212 3134
f 3114 3235 3153
f 3098 3202 3161
f 3092 3187 3146
f 3091 3183 3126
f 3093 3189 3156
f 3094 3192 3171
f 3095 3195 3176
f 3099 3203 3166
f 3109 3230 3143
f 3104 3215 3135
f 3116 3236 3155
f 3117 3201 3164
f 3105 3221 3142
f 3100 3205 3131
f 3106 3213 3152
f 3107 3225 3162
f 3108 3228 3167
f 3109 3231 3148
f 3104 3218 3177
f 3116 3216 3173
f 3117 3237 3159
f 3099 3200 3130
f 3092 3185 3187
f 3091 3181 3183
f 3093 3182 3189
f 3094 3188 3192
f 3095 3191 3195
f 3099 3196 3203
f 3109 3232 3230
f 3104 3219 3215
f 3116 3240 3236
f 3117 3199 3201
f 3105 3220 3221
f 3100 3207 3205
f 3106 3208 3213
f 3107 3222 3225
f 3108 3224 3228
f 3109 3229 3231
f 3104 3209 3218
f 3116 3214 3216
f 3117 3239 3237
f 3099 3204 3200
f 3092 3122 3185
f 3091 3121 3181
f 3093 3123 3182
f 3094 3124 3188
f 3095 3125 3191
f 3099 3130 3196
f 3109 3148 3232
f 3104 3177 3219
f 3116 3173 3240
f 3117 3159 3199
f 3105 3137 3220
f 3100 3136 3207
f 3106 3138 3208
f 3107 3139 3222
f 3108 3140 3224
f 3109 3143 3229
f 3104 3135 3209
f 3116 3155 3214
f 3117 3164 3239
f 3099 3166 3204
f 3095 3176 3194
f 3092 3146 3186
f 3091 3126 3184
f 3093 3156 3190
f 3094 3171 3193
f 3096 3147 3197
f 3113 3179 3234
f 3120 3175 3217
f 3118 3160 3238
f 3097 3128 3198
f 3108 3167 3227
f 3105 3142 3210
f 3100 3131 3206
f 3106 3152 3223
f 3107 3162 3226
f 3110 3168 3233
f 3101 3141 3211
f 3102 3133 3212
f 3115 3154 3235
f 3119 3165 3202
f 3113 3150 3187
f 3096 3127 3183
f 3097 3157 3189
f 3118 3174 3192
f 3120 3180 3195
f 3112 3169 3203
f 3111 3145 3230
f 3103 3134 3215
f 3114 3153 3236
f 3098 3161 3201
f 3110 3144 3221
f 3101 3132 3205
f 3102 3151 3213
f 3115 3163 3225
f 3119 3170 3228
f 3112 3149 3231
f 3111 3178 3218
f 3103 3172 3216
f 3114 3158 3237
f 3098 3129 3200
f 3095 3194 3185
f 3092 3186 3181
f 3091 3184 3182
f 3093 3190 3188
f 3094 3193 3191
f 3096 3197 3196
f 3113 3234 3232
f 3120 3217 3219
f 3118 3238 3240
f 3097 3198 3199
f 3108 3227 3220
f 3105 3210 3207
f 3100 3206 3208
f 3106 3223 3222
f 3107 3226 3224
f 3110 3233 3229
f 3101 3211 3209
f 3102 3212 3214
f 3115 3235 3239
f 3119 3202 3204
f 3185 3122 3125
f 3181 3121 3122
f 3182 3123 3121
f 3188 3124 3123
f 3191 3125 3124
f 3196 3130 3127
f 3232 3148 3150
f 3219 3177 3180
f 3240 3173 3174
f 3199 3159 3157
f 3220 3137 3140
f 3207 3136 3137
f 3208 3138 3136
f 3222 3139 3138
f 3224 3140 3139
f 3229 3143 3144
f 3209 3135 3132
f 3214 3155 3151
f 3239 3164 3163
f 3204 3166 3170
f 3194 3176 3179
f 3186 3146 3147
f 3184 3126 3128
f 3190 3156 3160
f 3193 3171 3175
f 3197 3147 3149
f 3234 3179 3178
f 3217 3175 3172
f 3238 3160 3158
f 3198 3128 3129
f 3227 3167 3168
f 3210 3142 3141
f 3206 3131 3133
f 3223 3152 3154
f 3226 3162 3165
f 3233 3168 3169
f 3211 3141 3145
f 3212 3133 3134
f 3235 3154 3153
f 3202 3165 3161
f 3187 3150 3146
f 3183 3127 3126
f 3189 3157 3156
f 3192 3174 3171
f 3195 3180 3176
f 3203 3169 3166
f 3230 3145 3143
f 3215 3134 3135
f 3236 3153 3155
f 3201 3161 3164
f 3221 3144 3142
f 3205 3132 3131
f 3213 3151 3152
f 3225 3163 3162
f 3228 3170 3167
f 3231 3149 3148
f 3218 3178 3177
f 3216 3172 3173
f 3237 3158 3159
f 3200 3129 3130
f 3185 3194 3187
f 3181 3186 3183
f 3182 3184 3189
f 3188 3190 3192
f 3191 3193 3195
f 3196 3197 3203
f 3232 3234 3230
f 3219 3217 3215
f 3240 3238 3236
f 3199 3198 3201
f 3220 3227 3221
f 3207 3210 3205
f 3208 3206 3213
f 3222 3223 3225
f 3224 3226 3228
f 3229 3233 3231
f 3209 3211 3218
f 3214 3212 3216
f 3239 3235 3237
f 3204 3202 3200
f 3241 3287 3284
f 3241 3284 3283
f 3241 3283 3285
f 3241 3285 3286
f 3241 3286 3287
f 3242 3289 3292
f 3246 3312 3310
f 3252 3342 3339
f 3251 3336 3335
f 3248 3319 3321
f 3244 3302 3299
f 3244 3299 3298
f 3244 3298 3300
f 3244 3300 3301
f 3244 3301 3302
f 3245 3306 3305
f 3243 3294 3297
f 3247 3313 3317
f 3249 3325 3326
f 3250 3332 3328
f 3252 3341 3338
f 3246 3309 3308
f 3242 3290 3288
f 3248 3322 3318
f 3251 3337 3333
f 3246 3311 3309
f 3252 3340 3341
f 3251 3334 3337
f 3248 3320 3322
f 3242 3291 3290
f 3250 3330 3329
f 3245 3303 3304
f 3243 3295 3293
f 3247 3316 3314
f 3249 3327 3324
f 3250 3331 3330
f 3245 3307 3303
f 3243 3296 3295
f 3247 3315 3316
f 3249 3323 3327
f 3246 3308 3312
f 3242 3288 3289
f 3248 3318 3319
f 3251 3333 3336
f 3252 3338 3342
f 3250 3328 3331
f 3245 3305 3307
f 3243 3297 3296
f 3247 3317 3315
f 3249 3326 3323
f 3245 3304 3306
f 3243 3293 3294
f 3247 3314 3313
f 3249 3324 3325
f 3250 3329 3332
f 3246 3310 3311
f 3252 3339 3340
f 3251 3335 3334
f 3248 3321 3320
f 3242 3292 3291
f 3275 3349 3356
f 3258 3345 3348
f 3259 3351 3346
f 3280 3354 3352
f 3282 3357 3355
f 3274 3365 3359
f 3273 3392 3396
f 3265 3377 3379
f 3276 3398 3400
f 3260 3363 3360
f 3272 3383 3389
f 3263 3367 3372
f 3264 3375 3368
f 3277 3387 3385
f 3281 3390 3388
f 3274 3393 3395
f 3273 3380 3373
f 3265 3378 3374
f 3276 3399 3397
f 3260 3362 3364
f 3257 3347 3287
f 3254 3343 3284
f 3253 3344 3283
f 3255 3350 3285
f 3256 3353 3286
f 3258 3358 3289
f 3275 3394 3312
f 3282 3381 3342
f 3280 3402 3336
f 3259 3361 3319
f 3270 3382 3302
f 3267 3369 3299
f 3262 3370 3298
f 3268 3384 3300
f 3269 3386 3301
f 3272 3391 3306
f 3263 3371 3294
f 3264 3376 3313
f 3277 3401 3325
f 3281 3366 3332
f 3275 3356 3341
f 3258 3348 3309
f 3259 3346 3290
f 3280 3352 3322
f 3282 3355 3337
f 3274 3359 3311
f 3273 3396 3340
f 3265 3379 3334
f 3276 3400 3320
f 3260 3360 3291
f 3272 3389 3330
f 3263 3372 3303
f 3264 3368 3295
f 3277 3385 3316
f 3281 3388 3327
f 3274 3395 3331
f 3273 3373 3307
f 3265 3374 3296
f 3276 3397 3315
f 3260 3364 3323
f 3254 3349 3308
f 3253 3345 3288
f 3255 3351 3318
f 3256 3354 3333
f 3257 3357 3338
f 3261 3365 3328
f 3271 3392 3305
f 3266 3377 3297
f 3278 3398 3317
f 3279 3363 3326
f 3267 3383 3304
f 3262 3367 3293
f 3268 3375 3314
f 3269 3387 3324
f 3270 3390 3329
f 3271 3393 3310
f 3266 3380 3339
f 3278 3378 3335
f 3279 3399 3321
f 3261 3362 3292
f 3254 3347 3349
f 3253 3343 3345
f 3255 3344 3351
f 3256 3350 3354
f 3257 3353 3357
f 3261 3358 3365
f 3271 3394 3392
f 3266 3381 3377
f 3278 3402 3398
f 3279 3361 3363
f 3267 3382 3383
f 3262 3369 3367
f 3268 3370 3375
f 3269 3384 3387
f 3270 3386 3390
f 3271 3391 3393
f 3266 3371 3380
f 3278 3376 3378
f 3279 3401 3399
f 3261 3366 3362
f 3254 3284 3347
f 3253 3283 3343
f 3255 3285 3344
f 3256 3286 3350
f 3257 3287 3353
f 3261 3292 3358
f 3271 3310 3394
f 3266 3339 3381
f 3278 3335 3402
f 3279 3321 3361
f 3267 3299 3382
f 3262 3298 3369
f 3268 3300 3370
f 3269 3301 3384
f 3270 3302 3386
f 3271 3305 3391
f 3266 3297 3371
f 3278 3317 3376
f 3279 3326 3401
f 3261 3328 3366
f 3257 3338 3356
f 3254 3308 3348
f 3253 3288 3346
f 3255 3318 3352
f 3256 3333 3355
f 3258 3309 3359
f 3275 3341 3396
f 3282 3337 3379
f 3280 3322 3400
f 3259 3290 3360
f 3270 3329 3389
f 3267 3304 3372
f 3262 3293 3368
f 3268 3314 3385
f 3269 3324 3388
f 3272 3330 3395
f 3263 3303 3373
f 3264 3295 3374
f 3277 3316 3397
f 3281 3327 3364
f 3275 3312 3349
f 3258 3289 3345
f 3259 3319 3351
f 3280 3336 3354
f 3282 3342 3357
f 3274 3331 3365
f 3273 3307 3392
f 3265 3296 3377
f 3276 3315 3398
f 3260 3323 3363
f 3272 3306 3383
f 3263 3294 3367
f 3264 3313 3375
f 3277 3325 3387
f 3281 3332 3390
f 3274 3311 3393
f 3273 3340 3380
f 3265 3334 3378
f 3276 3320 3399
f 3260 3291 3362
f 3257 3356 3347
f 3254 3348 3343
f 3253 3346 3344
f 3255 3352 3350
f 3256 3355 3353
f 3258 3359 3358
f 3275 3396 3394
f 3282 3379 3381
f 3280 3400 3402
f 3259 3360 3361
f 3270 3389 3382
f 3267 3372 3369
f 3262 3368 3370
f 3268 3385 3384
f 3269 3388 3386
f 3272 3395 3391
f 3263 3373 3371
f 3264 3374 3376
f 3277 3397 3401
f 3281 3364 3366
f 3347 3284 3287
f 3343 3283 3284
f 3344 3285 3283
f 3350 3286 3285
f 3353 3287 3286
f 3358 3292 3289
f 3394 3310 3312
f 3381 3339 3342
f 3402 3335 3336
f 3361 3321 3319
f 3382 3299 3302
f 3369 3298 3299
f 3370 3300 3298
f 3384 3301 3300
f 3386 3302 3301
f 3391 3305 3306
f 3371 3297 3294
f 3376 3317 3313
f 3401 3326 3325
f 3366 3328 3332
f 3356 3338 3341
f 3348 3308 3309
f 3346 3288 3290
f 3352 3318 3322
f 3355 3333 3337
f 3359 3309 3311
f 3396 3341 3340
f 3379 3337 3334
f 3400 3322 3320
f 3360 3290 3291
f 3389 3329 3330
f 3372 3304 3303
f 3368 3293 3295
f 3385 3314 3316
f 3388 3324 3327
f 3395 3330 3331
f 3373 3303 3307
f 3374 3295 3296
f 3397 3316 3315
f 3364 3327 3323
f 3349 3312 3308
f 3345 3289 3288
f 3351 3319 3318
f 3354 3336 3333
f 3357 3342 3338
f 3365 3331 3328
f 3392 3307 3305
f 3377 3296 3297
f 3398 3315 3317
f 3363 3323 3326
f 3383 3306 3304
f 3367 3294 3293
f 3375 3313 3314
f 3387 3325 3324
f 3390 3332 3329
f 3393 3311 3310
f 3380 3340 3339
f 3378 3334 3335
f 3399 3320 3321
f 3362 3291 3292
f 3347 3356 3349
f 3343 3348 3345
f 3344 3346 3351
f 3350 3352 3354
f 3353 3355 3357
f 3358 3359 3365
f 3394 3396 3392
f 3381 3379 3377
f 3402 3400 3398
f 3361 3360 3363
f 3382 3389 3383
f 3369 3372 3367
f 3370 3368 3375
f 3384 3385 3387
f 3386 3388 3390
f 3391 3395 3393
f 3371 3373 3380
f 3376 3374 3378
f 3401 3397 3399
f 3366 3364 3362
f 3403 3449 3446
f 3403 3446 3445
f 3403 3445 3447
f 3403 3447 3448
f 3403 3448 3449
f 3404 3451 3454
f 3408 3474 3472
f 3414 3504 3501
f 3413 3498 3497
f 3410 3481 3483
f 3406 3464 3461
f 3406 3461 3460
f 3406 3460 3462
f 3406 3462 3463
f 3406 3463 3464
f 3407 3468 3467
f 3405 3456 3459
f 3409 3475 3479
f 3411 3487 3488
f 3412 3494 3490
f 3414 3503 3500
f 3408 3471 3470
f 3404 3452 3450
f 3410 3484 3480
f 3413 3499 3495
f 3408 3473 3471
f 3414 3502 3503
f 3413 3496 3499
f 3410 3482 3484
f 3404 3453 3452
f 3412 3492 3491
f 3407 3465 3466
f 3405 3457 3455
f 3409 3478 3476
f 3411 3489 3486
f 3412 3493 3492
f 3407 3469 3465
f 3405 3458 3457
f 3409 3477 3478
f 3411 3485 3489
f 3408 3470 3474
f 3404 3450 3451
f 3410 3480 3481
f 3413 3495 3498
f 3414 3500 3504
f 3412 3490 3493
f 3407 3467 3469
f 3405 3459 3458
f 3409 3479 3477
f 3411 3488 3485
f 3407 3466 3468
f 3405 3455 3456
f 3409 3476 3475
f 3411 3486 3487
f 3412 3491 3494
f 3408 3472 3473
f 3414 3501 3502
f 3413 3497 3496
f 3410 3483 3482
f 3404 3454 3453
f 3437 3511 3518
f 3420 3507 3510
f 3421 3513 3508
f 3442 3516 3514
f 3444 3519 3517
f 3436 3527 3521
f 3435 3554 3558
f 3427 3539 3541
f 3438 3560 3562
f 3422 3525 3522
f 3434 3545 3551
f 3425 3529 3534
f 3426 3537 3530
f 3439 3549 3547
f 3443 3552 3550
f 3436 3555 3557
f 3435 3542 3535
f 3427 3540 3536
f 3438 3561 3559
f 3422 3524 3526
f 3419 3509 3449
f 3416 3505 3446
f 3415 3506 3445
f 3417 3512 3447
f 3418 3515 3448
f 3420 3520 3451
f 3437 3556 3474
f 3444 3543 3504
f 3442 3564 3498
f 3421 3523 3481
f 3432 3544 3464
f 3429 3531 3461
f 3424 3532 3460
f 3430 3546 3462
f 3431 3548 3463
f 3434 3553 3468
f 3425 3533 3456
f 3426 3538 3475
f 3439 3563 3487
f 3443 3528 3494
f 3437 3518 3503
f 3420 3510 3471
f 3421 3508 3452
f 3442 3514 3484
f 3444 3517 3499
f 3436 3521 3473
f 3435 3558 3502
f 3427 3541 3496
f 3438 3562 3482
f 3422 3522 3453
f 3434 3551 3492
f 3425 3534 3465
f 3426 3530 3457
f 3439 3547 3478
f 3443 3550 3489
f 3436 3557 3493
f 3435 3535 3469
f 3427 3536 3458
f 3438 3559 3477
f 3422 3526 3485
f 3416 3511 3470
f 3415 3507 3450
f 3417 3513 3480
f 3418 3516 3495
f 3419 3519 3500
f 3423 3527 3490
f 3433 3554 3467
f 3428 3539 3459
f 3440 3560 3479
f 3441 3525 3488
f 3429 3545 3466
f 3424 3529 3455
f 3430 3537 3476
f 3431 3549 3486
f 3432 3552 3491
f 3433 3555 3472
f 3428 3542 3501
f 3440 3540 3497
f 3441 3561 3483
f 3423 3524 3454
f 3416 3509 3511
f 3415 3505 3507
f 3417 3506 3513
f 3418 3512 3516
f 3419 3515 3519
f 3423 3520 3527
f 3433 3556 3554
f 3428 3543 3539
f 3440 3564 3560
f 3441 3523 3525
f 3429 3544 3545
f 3424 3531 3529
f 3430 3532 3537
f 3431 3546 3549
f 3432 3548 3552
f 3433 3553 3555
f 3428 3533 3542
f 3440 3538 3540
f 3441 3563 3561
f 3423 3528 3524
f 3416 3446 3509
f 3415 3445 3505
f 3417 3447 3506
f 3418 3448 3512
f 3419 3449 3515
f 3423 3454 3520
f 3433 3472 3556
f 3428 3501 3543
f 3440 3497 3564
f 3441 3483 3523
f 3429 3461 3544
f 3424 3460 3531
f 3430 3462 3532
f 3431 3463 3546
f 3432 3464 3548
f 3433 3467 3553
f 3428 3459 3533
f 3440 3479 3538
f 3441 3488 3563
f 3423 3490 3528
f 3419 3500 3518
f 3416 3470 3510
f 3415 3450 3508
f 3417 3480 3514
f 3418 3495 3517
f 3420 3471 3521
f 3437 3503 3558
f 3444 3499 3541
f 3442 3484 3562
f 3421 3452 3522
f 3432 3491 3551
f 3429 3466 3534
f 3424 3455 3530
f 3430 3476 3547
f 3431 3486 3550
f 3434 3492 3557
f 3425 3465 3535
f 3426 3457 3536
f 3439 3478 3559
f 3443 3489 3526
f 3437 3474 3511
f 3420 3451 3507
f 3421 3481 3513
f 3442 3498 3516
f 3444 3504 3519
f 3436 3493 3527
f 3435 3469 3554
f 3427 3458 3539
f 3438 3477 3560
f 3422 3485 3525
f 3434 3468 3545
f 3425 3456 3529
f 3426 3475 3537
f 3439 3487 3549
f 3443 3494 3552
f 3436 3473 3555
f 3435 3502 3542
f 3427 3496 3540
f 3438 3482 3561
f 3422 3453 3524
f 3419 3518 3509
f 3416 3510 3505
f 3415 3508 3506
f 3417 3514 3512
f 3418 3517 3515
f 3420 3521 3520
f 3437 3558 3556
f 3444 3541 3543
f 3442 3562 3564
f 3421 3522 3523
f 3432 3551 3544
f 3429 3534 3531
f 3424 3530 3532
f 3430 3547 3546
f 3431 3550 3548
f 3434 3557 3553
f 3425 3535 3533
f 3426 3536 3538
f 3439 3559 3563
f 3443 3526 3528
f 3509 3446 3449
f 3505 3445 3446
f 3506 3447 3445
f 3512 3448 3447
f 3515 3449 3448
f 3520 3454 3451
f 3556 3472 3474
f 3543 3501 3504
f 3564 3497 3498
f 3523 3483 3481
f 3544 3461 3464
f 3531 3460 3461
f 3532 3462 3460
f 3546 3463 3462
f 3548 3464 3463
f 3553 3467 3468
f 3533 3459 3456
f 3538 3479 3475
f 3563 3488 3487
f 3528 3490 3494
f 3518 3500 3503
f 3510 3470 3471
f 3508 3450 3452
f 3514 3480 3484
f 3517 3495 3499
f 3521 3471 3473
f 3558 3503 3502
f 3541 3499 3496
f 3562 3484 3482
f 3522 3452 3453
f 3551 3491 3492
f 3534 3466 3465
f 3530 3455 3457
f 3547 3476 3478
f 3550 3486 3489
f 3557 3492 3493
f 3535 3465 3469
f 3536 3457 3458
f 3559 3478 3477
f 3526 3489 3485
f 3511 3474 3470
f 3507 3451 3450
f 3513 3481 3480
f 3516 3498 3495
f 3519 3504 3500
f 3527 3493 3490
f 3554 3469 3467
f 3539 3458 3459
f 3560 3477 3479
f 3525 3485 3488
f 3545 3468 3466
f 3529 3456 3455
f 3537 3475 3476
f 3549 3487 3486
f 3552 3494 3491
f 3555 3473 3472
f 3542 3502 3501
f 3540 3496 3497
f 3561 3482 3483
f 3524 3453 3454
f 3509 3518 3511
f 3505 3510 3507
f 3506 3508 3513
f 3512 3514 3516
f 3515 3517 3519
f 3520 3521 3527
f 3556 3558 3554
f 3543 3541 3539
f 3564 3562 3560
f 3523 3522 3525
f 3544 3551 3545
f 3531 3534 3529
f 3532 3530 3537
f 3546 3547 3549
f 3548 3550 3552
f 3553 3557 3555
f 3533 3535 3542
f 3538 3536 3540
f 3563 3559 3561
f 3528 3526 3524
f 3565 3611 3608
f 3565 3608 3607
f 3565 3607 3609
f 3565 3609 3610
f 3565 3610 3611
f 3566 3613 3616
f 3570 3636 3634
f 3576 3666 3663
f 3575 3660 3659
f 3572 3643 3645
f 3568 3626 3623
f 3568 3623 3622
f 3568 3622 3624
f 3568 3624 3625
f 3568 3625 3626
f 3569 3630 3629
f 3567 3618 3621
f 3571 3637 3641
f 3573 3649 3650
f 3574 3656 3652
f 3576 3665 3662
f 3570 3633 3632
f 3566 3614 3612
f 3572 3646 3642
f 3575 3661 3657
f 3570 3635 3633
f 3576 3664 3665
f 3575 3658 3661
f 3572 3644 3646
f 3566 3615 3614
f 3574 3654 3653
f 3569 3627 3628
f 3567 3619 3617
f 3571 3640 3638
f 3573 3651 3648
f 3574 3655 3654
f 3569 3631 3627
f 3567 3620 3619
f 3571 3639 3640
f 3573 3647 3651
f 3570 3632 3636
f 3566 3612 3613
f 3572 3642 3643
f 3575 3657 3660
f 3576 3662 3666
f 3574 3652 3655
f 3569 3629 3631
f 3567 3621 3620
f 3571 3641 3639
f 3573 3650 3647
f 3569 3628 3630
f 3567 3617 3618
f 3571 3638 3637
f 3573 3648 3649
f 3574 3653 3656
f 3570 3634 3635
f 3576 3663 3664
f 3575 3659 3658
f 3572 3645 3644
f 3566 3616 3615
f 3599 3673 3680
f 3582 3669 3672
f 3583 3675 3670
f 3604 3678 3676
f 3606 3681 3679
f 3598 3689 3683
f 3597 3716 3720
f 3589 3701 3703
f 3600 3722 3724
f 3584 3687 3684
f 3596 3707 3713
f 3587 3691 3696
f 3588 3699 3692
f 3601 3711 3709
f 3605 3714 3712
f 3598 3717 3719
f 3597 3704 3697
f 3589 3702 3698
f 3600 3723 3721
f 3584 3686 3688
f 3581 3671 3611
f 3578 3667 3608
f 3577 3668 3607
f 3579 3674 3609
f 3580 3677 3610
f 3582 3682 3613
f 3599 3718 3636
f 3606 3705 3666
f 3604 3726 3660
f 3583 3685 3643
f 3594 3706 3626
f 3591 3693 3623
f 3586 3694 3622
f 3592 3708 3624
f 3593 3710 3625
f 3596 3715 3630
f 3587 3695 3618
f 3588 3700 3637
f 3601 3725 3649
f 3605 3690 3656
f 3599 3680 3665
f 3582 3672 3633
f 3583 3670 3614
f 3604 3676 3646
f 3606 3679 3661
f 3598 3683 3635
f 3597 3720 3664
f 3589 3703 3658
f 3600 3724 3644
f 3584 3684 3615
f 3596 3713 3654
f 3587 3696 3627
f 3588 3692 3619
f 3601 3709 3640
f 3605 3712 3651
f 3598 3719 3655
f 3597 3697 3631
f 3589 3698 3620
f 3600 3721 3639
f 3584 3688 3647
f 3578 3673 3632
f 3577 3669 3612
f 3579 3675 3642
f 3580 3678 3657
f 3581 3681 3662
f 3585 3689 3652
f 3595 3716 3629
f 3590 3701 3621
f 3602 3722 3641
f 3603 3687 3650
f 3591 3707 3628
f 3586 3691 3617
f 3592 3699 3638
f 3593 3711 3648
f 3594 3714 3653
f 3595 3717 3634
f 3590 3704 3663
f 3602 3702 3659
f 3603 3723 3645
f 3585 3686 3616
f 3578 3671 3673
f 3577 3667 3669
f 3579 3668 3675
f 3580 3674 3678
f 3581 3677 3681
f 3585 3682 3689
f 3595 3718 3716
f 3590 3705 3701
f 3602 3726 3722
f 3603 3685 3687
f 3591 3706 3707
f 3586 3693 3691
f 3592 3694 3699
f 3593 3708 3711
f 3594 3710 3714
f 3595 3715 3717
f 3590 3695 3704
f 3602 3700 3702
f 3603 3725 3723
f 3585 3690 3686
f 3578 3608 3671
f 3577 3607 3667
f 3579 3609 3668
f 3580 3610 3674
f 3581 3611 3677
f 3585 3616 3682
f 3595 3634 3718
f 3590 3663 3705
f 3602 3659 3726
f 3603 3645 3685
f 3591 3623 3706
f 3586 3622 3693
f 3592 3624 3694
f 3593 3625 3708
f 3594 3626 3710
f 3595 3629 3715
f 3590 3621 3695
f 3602 3641 3700
f 3603 3650 3725
f 3585 3652 3690
f 3581 3662 3680
f 3578 3632 3672
f 3577 3612 3670
f 3579 3642 3676
f 3580 3657 3679
f 3582 3633 3683
f 3599 3665 3720
f 3606 3661 3703
f 3604 3646 3724
f 3583 3614 3684
f 3594 3653 3713
f 3591 3628 3696
f 3586 3617 3692
f 3592 3638 3709
f 3593 3648 3712
f 3596 3654 3719
f 3587 3627 3697
f 3588 3619 3698
f 3601 3640 3721
f 3605 3651 3688
f 3599 3636 3673
f 3582 3613 3669
f 3583 3643 3675
f 3604 3660 3678
f 3606 3666 3681
f 3598 3655 3689
f 3597 3631 3716
f 3589 3620 3701
f 3600 3639 3722
f 3584 3647 3687
f 3596 3630 3707
f 3587 3618 3691
f 3588 3637 3699
f 3601 3649 3711
f 3605 3656 3714
f 3598 3635 3717
f 3597 3664 3704
f 3589 3658 3702
f 3600 3644 3723
f 3584 3615 3686
f 3581 3680 3671
f 3578 3672 3667
f 3577 3670 3668
f 3579 3676 3674
f 3580 3679 3677
f 3582 3683 3682
f 3599 3720 3718
f 3606 3703 3705
f 3604 3724 3726
f 3583 3684 3685
f 3594 3713 3706
f 3591 3696 3693
f 3586 3692 3694
f 3592 3709 3708
f 3593 3712 3710
f 3596 3719 3715
f 3587 3697 3695
f 3588 3698 3700
f 3601 3721 3725
f 3605 3688 3690
f 3671 3608 3611
f 3667 3607 3608
f 3668 3609 3607
f 3674 3610 3609
f 3677 3611 3610
f 3682 3616 3613
f 3718 3634 3636
f 3705 3663 3666
f 3726 3659 3660
f 3685 3645 3643
f 3706 3623 3626
f 3693 3622 3623
f 3694 3624 3622
f 3708 3625 3624
f 3710 3626 3625
f 3715 3629 3630
f 3695 3621 3618
f 3700 3641 3637
f 3725 3650 3649
f 3690 3652 3656
f 3680 3662 3665
f 3672 3632 3633
f 3670 3612 3614
f 3676 3642 3646
f 3679 3657 3661
f 3683 3633 3635
f 3720 3665 3664
f 3703 3661 3658
f 3724 3646 3644
f 3684 3614 3615
f 3713 3653 3654
f 3696 3628 3627
f 3692 3617 3619
f 3709 3638 3640
f 3712 3648 3651
f 3719 3654 3655
f 3697 3627 3631
f 3698 3619 3620
f 3721 3640 3639
f 3688 3651 3647
f 3673 3636 3632
f 3669 3613 3612
f 3675 3643 3642
f 3678 3660 3657
f 3681 3666 3662
f 3689 3655 3652
f 3716 3631 3629
f 3701 3620 3621
f 3722 3639 3641
f 3687 3647 3650
f 3707 3630 3628
f 3691 3618 3617
f 3699 3637 3638
f 3711 3649 3648
f 3714 3656 3653
f 3717 3635 3634
f 3704 3664 3663
f 3702 3658 3659
f 3723 3644 3645
f 3686 3615 3616
f 3671 3680 3673
f 3667 3672 3669
f 3668 3670 3675
f 3674 3676 3678
f 3677 3679 3681
f 3682 3683 3689
f 3718 3720 3716
f 3705 3703 3701
f 3726 3724 3722
f 3685 3684 3687
f 3706 3713 3707
f 3693 3696 3691
f 3694 3692 3699
f 3708 3709 3711
f 3710 3712 3714
f 3715 3719 3717
f 3695 3697 3704
f 3700 3698 3702
f 3725 3721 3723
f 3690 3688 3686
f 3727 3773 3770
f 3727 3770 3769
f 3727 3769 3771
f 3727 3771 3772
f 3727 3772 3773
f 3728 3775 3778
f 3732 3798 3796
f 3738 3828 3825
f 3737 3822 3821
f 3734 3805 3807
f 3730 3788 3785
f 3730 3785 3784
f 3730 3784 3786
f 3730 3786 3787
f 3730 3787 3788
f 3731 3792 3791
f 3729 3780 3783
f 3733 3799 3803
f 3735 3811 3812
f 3736 3818 3814
f 3738 3827 3824
f 3732 3795 3794
f 3728 3776 3774
f 3734 3808 3804
f 3737 3823 3819
f 3732 3797 3795
f 3738 3826 3827
f 3737 3820 3823
f 3734 3806 3808
f 3728 3777 3776
f 3736 3816 3815
f 3731 3789 3790
f 3729 3781 3779
f 3733 3802 3800
f 3735 3813 3810
f 3736 3817 3816
f 3731 3793 3789
f 3729 3782 3781
f 3733 3801 3802
f 3735 3809 3813
f 3732 3794 3798
f 3728 3774 3775
f 3734 3804 3805
f 3737 3819 3822
f 3738 3824 3828
f 3736 3814 3817
f 3731 3791 3793
f 3729 3783 3782
f 3733 3803 3801
f 3735 3812 3809
f 3731 3790 3792
f 3729 3779 3780
f 3733 3800 3799
f 3735 3810 3811
f 3736 3815 3818
f 3732 3796 3797
f 3738 3825 3826
f 3737 3821 3820
f 3734 3807 3806
f 3728 3778 3777
f 3761 3835 3842
f 3744 3831 3834
f 3745 3837 3832
f 3766 3840 3838
f 3768 3843 3841
f 3760 3851 3845
f 3759 3878 3882
f 3751 3863 3865
f 3762 3884 3886
f 3746 3849 3846
f 3758 3869 3875
f 3749 3853 3858
f 3750 3861 3854
f 3763 3873 3871
f 3767 3876 3874
f 3760 3879 3881
f 3759 3866 3859
f 3751 3864 3860
f 3762 3885 3883
f 3746 3848 3850
f 3743 3833 3773
f 3740 3829 3770
f 3739 3830 3769
f 3741 3836 3771
f 3742 3839 3772
f 3744 3844 3775
f 3761 3880 3798
f 3768 3867 3828
f 3766 3888 3822
f 3745 3847 3805
f 3756 3868 3788
f 3753 3855 3785
f 3748 3856 3784
f 3754 3870 3786
f 3755 3872 3787
f 3758 3877 3792
f 3749 3857 3780
f 3750 3862 3799
f 3763 3887 3811
f 3767 3852 3818
f 3761 3842 3827
f 3744 3834 3795
f 3745 3832 3776
f 3766 3838 3808
f 3768 3841 3823
f 3760 3845 3797
f 3759 3882 3826
f 3751 3865 3820
f 3762 3886 3806
f 3746 3846 3777
f 3758 3875 3816
f 3749 3858 3789
f 3750 3854 3781
f 3763 3871 3802
f 3767 3874 3813
f 3760 3881 3817
f 3759 3859 3793
f 3751 3860 3782
f 3762 3883 3801
f 3746 3850 3809
f 3740 3835 3794
f 3739 3831 3774
f 3741 3837 3804
f 3742 3840 3819
f 3743 3843 3824
f 3747 3851 3814
f 3757 3878 3791
f 3752 3863 3783
f 3764 3884 3803
f 3765 3849 3812
f 3753 3869 3790
f 3748 3853 3779
f 3754 3861 3800
f 3755 3873 3810
f 3756 3876 3815
f 3757 3879 3796
f 3752 3866 3825
f 3764 3864 3821
f 3765 3885 3807
f 3747 3848 3778
f 3740 3833 3835
f 3739 3829 3831
f 3741 3830 3837
f 3742 3836 3840
f 3743 3839 3843
f 3747 3844 3851
f 3757 3880 3878
f 3752 3867 3863
f 3764 3888 3884
f 3765 3847 3849
f 3753 3868 3869
f 3748 3855 3853
f 3754 3856 3861
f 3755 3870 3873
f 3756 3872 3876
f 3757 3877 3879
f 3752 3857 3866
f 3764 3862 3864
f 3765 3887 3885
f 3747 3852 3848
f 3740 3770 3833
f 3739 3769 3829
f 3741 3771 3830
f 3742 3772 3836
f 3743 3773 3839
f 3747 3778 3844
f 3757 3796 3880
f 3752 3825 3867
f 3764 3821 3888
f 3765 3807 3847
f 3753 3785 3868
f 3748 3784 3855
f 3754 3786 3856
f 3755 3787 3870
f 3756 3788 3872
f 3757 3791 3877
f 3752 3783 3857
f 3764 3803 3862
f 3765 3812 3887
f 3747 3814 3852
f 3743 3824 3842
f 3740 3794 3834
f 3739 3774 3832
f 3741 3804 3838
f 3742 3819 3841
f 3744 3795 3845
f 3761 3827 3882
f 3768 3823 3865
f 3766 3808 3886
f 3745 3776 3846
f 3756 3815 3875
f 3753 3790 3858
f 3748 3779 3854
f 3754 3800 3871
f 3755 3810 3874
f 3758 3816 3881
f 3749 3789 3859
f 3750 3781 3860
f 3763 3802 3883
f 3767 3813 3850
f 3761 3798 3835
f 3744 3775 3831
f 3745 3805 3837
f 3766 3822 3840
f 3768 3828 3843
f 3760 3817 3851
f 3759 3793 3878
f 3751 3782 3863
f 3762 3801 3884
f 3746 3809 3849
f 3758 3792 3869
f 3749 3780 3853
f 3750 3799 3861
f 3763 3811 3873
f 3767 3818 3876
f 3760 3797 3879
f 3759 3826 3866
f 3751 3820 3864
f 3762 3806 3885
f 3746 3777 3848
f 3743 3842 3833
f 3740 3834 3829
f 3739 3832 3830
f 3741 3838 3836
f 3742 3841 3839
f 3744 3845 3844
f 3761 3882 3880
f 3768 3865 3867
f 3766 3886 3888
f 3745 3846 3847
f 3756 3875 3868
f 3753 3858 3855
f 3748 3854 3856
f 3754 3871 3870
f 3755 3874 3872
f 3758 3881 3877
f 3749 3859 3857
f 3750 3860 3862
f 3763 3883 3887
f 3767 3850 3852
f 3833 3770 3773
f 3829 3769 3770
f 3830 3771 3769
f 3836 3772 3771
f 3839 3773 3772
f 3844 3778 3775
f 3880 3796 3798
f 3867 3825 3828
f 3888 3821 3822
f 3847 3807 3805
f 3868 3785 3788
f 3855 3784 3785
f 3856 3786 3784
f 3870 3787 3786
f 3872 3788 3787
f 3877 3791 3792
f 3857 3783 3780
f 3862 3803 3799
f 3887 3812 3811
f 3852 3814 3818
f 3842 3824 3827
f 3834 3794 3795
f 3832 3774 3776
f 3838 3804 3808
f 3841 3819 3823
f 3845 3795 3797
f 3882 3827 3826
f 3865 3823 3820
f 3886 3808 3806
f 3846 3776 3777
f 3875 3815 3816
f 3858 3790 3789
f 3854 3779 3781
f 3871 3800 3802
f 3874 3810 3813
f 3881 3816 3817
f 3859 3789 3793
f 3860 3781 3782
f 3883 3802 3801
f 3850 3813 3809
f 3835 3798 3794
f 3831 3775 3774
f 3837 3805 3804
f 3840 3822 3819
f 3843 3828 3824
f 3851 3817 3814
f 3878 3793 3791
f 3863 3782 3783
f 3884 3801 3803
f 3849 3809 3812
f 3869 3792 3790
f 3853 3780 3779
f 3861 3799 3800
f 3873 3811 3810
f 3876 3818 3815
f 3879 3797 3796
f 3866 3826 3825
f 3864 3820 3821
f 3885 3806 3807
f 3848 3777 3778
f 3833 3842 3835
f 3829 3834 3831
f 3830 3832 3837
f 3836 3838 3840
f 3839 3841 3843
f 3844 3845 3851
f 3880 3882 3878
f 3867 3865 3863
f 3888 3886 3884
f 3847 3846 3849
f 3868 3875 3869
f 3855 3858 3853
f 3856 3854 3861
f 3870 3871 3873
f 3872 3874 3876
f 3877 3881 3879
f 3857 3859 3866
f 3862 3860 3864
f 3887 3883 3885
f 3852 3850 3848
f 3889 3935 3932
f 3889 3932 3931
f 3889 3931 3933
f 3889 3933 3934
f 3889 3934 3935
f 3890 3937 3940
f 3894 3960 3958
f 3900 3990 3987
f 3899 3984 3983
f 3896 3967 3969
f 3892 3950 3947
f 3892 3947 3946
f 3892 3946 3948
f 3892 3948 3949
f 3892 3949 3950
f 3893 3954 3953
f 3891 3942 3945
f 3895 3961 3965
f 3897 3973 3974
f 3898 3980 3976
f 3900 3989 3986
f 3894 3957 3956
f 3890 3938 3936
f 3896 3970 3966
f 3899 3985 3981
f 3894 3959 3957
f 3900 3988 3989
f 3899 3982 3985
f 3896 3968 3970
f 3890 3939 3938
f 3898 3978 3977
f 3893 3951 3952
f 3891 3943 3941
f 3895 3964 3962
f 3897 3975 3972
f 3898 3979 3978
f 3893 3955 3951
f 3891 3944 3943
f 3895 3963 3964
f 3897 3971 3975
f 3894 3956 3960
f 3890 3936 3937
f 3896 3966 3967
f 3899 3981 3984
f 3900 3986 3990
f 3898 3976 3979
f 3893 3953 3955
f 3891 3945 3944
f 3895 3965 3963
f 3897 3974 3971
f 3893 3952 3954
f 3891 3941 3942
f 3895 3962 3961
f 3897 3972 3973
f 3898 3977 3980
f 3894 3958 3959
f 3900 3987 3988
f 3899 3983 3982
f 3896 3969 3968
f 3890 3940 3939
f 3923 3997 4004
f 3906 3993 3996
f 3907 3999 3994
f 3928 4002 4000
f 3930 4005 4003
f 3922 4013 4007
f 3921 4040 4044
f 3913 4025 4027
f 3924 4046 4048
f 3908 4011 4008
f 3920 4031 4037
f 3911 4015 4020
f 3912 4023 4016
f 3925 4035 4033
f 3929 4038 4036
f 3922 4041 4043
f 3921 4028 4021
f 3913 4026 4022
f 3924 4047 4045
f 3908 4010 4012
f 3905 3995 3935
f 3902 3991 3932
f 3901 3992 3931
f 3903 3998 3933
f 3904 4001 3934
f 3906 4006 3937
f 3923 4042 3960
f 3930 4029 3990
f 3928 4050 3984
f 3907 4009 3967
f 3918 4030 3950
f 3915 4017 3947
f 3910 4018 3946
f 3916 4032 3948
f 3917 4034 3949
f 3920 4039 3954
f 3911 4019 3942
f 3912 4024 3961
f 3925 4049 3973
f 3929 4014 3980
f 3923 4004 3989
f 3906 3996 3957
f 3907 3994 3938
f 3928 4000 3970
f 3930 4003 3985
f 3922 4007 3959
f 3921 4044 3988
f 3913 4027 3982
f 3924 4048 3968
f 3908 4008 3939
f 3920 4037 3978
f 3911 4020 3951
f 3912 4016 3943
f 3925 4033 3964
f 3929 4036 3975
f 3922 4043 3979
f 3921 4021 3955
f 3913 4022 3944
f 3924 4045 3963
f 3908 4012 3971
f 3902 3997 3956
f 3901 3993 3936
f 3903 3999 3966
f 3904 4002 3981
f 3905 4005 3986
f 3909 4013 3976
f 3919 4040 3953
f 3914 4025 3945
f 3926 4046 3965
f 3927 4011 3974
f 3915 4031 3952
f 3910 4015 3941
f 3916 4023 3962
f 3917 4035 3972
f 3918 4038 3977
f 3919 4041 3958
f 3914 4028 3987
f 3926 4026 3983
f 3927 4047 3969
f 3909 4010 3940
f 3902 3995 3997
f 3901 3991 3993
f 3903 3992 3999
f 3904 3998 4002
f 3905 4001 4005
f 3909 4006 4013
f 3919 4042 4040
f 3914 4029 4025
f 3926 4050 4046
f 3927 4009 4011
f 3915 4030 4031
f 3910 4017 4015
f 3916 4018 4023
f 3917 4032 4035
f 3918 4034 4038
f 3919 4039 4041
f 3914 4019 4028
f 3926 4024 4026
f 3927 4049 4047
f 3909 4014 4010
f 3902 3932 3995
f 3901 3931 3991
f 3903 3933 3992
f 3904 3934 3998
f 3905 3935 4001
f 3909 3940 4006
f 3919 3958 4042
f 3914 3987 4029
f 3926 3983 4050
f 3927 3969 4009
f 3915 3947 4030
f 3910 3946 4017
f 3916 3948 4018
f 3917 3949 4032
f 3918 3950 4034
f 3919 3953 4039
f 3914 3945 4019
f 3926 3965 4024
f 3927 3974 4049
f 3909 3976 4014
f 3905 3986 4004
f 3902 3956 3996
f 3901 3936 3994
f 3903 3966 4000
f 3904 3981 4003
f 3906 3957 4007
f 3923 3989 4044
f 3930 3985 4027
f 3928 3970 4048
f 3907 3938 4008
f 3918 3977 4037
f 3915 3952 4020
f 3910 3941 4016
f 3916 3962 4033
f 3917 3972 4036
f 3920 3978 4043
f 3911 3951 4021
f 3912 3943 4022
f 3925 3964 4045
f 3929 3975 4012
f 3923 3960 3997
f 3906 3937 3993
f 3907 3967 3999
f 3928 3984 4002
f 3930 3990 4005
f 3922 3979 4013
f 3921 3955 4040
f 3913 3944 4025
f 3924 3963 4046
f 3908 3971 4011
f 3920 3954 4031
f 3911 3942 4015
f 3912 3961 4023
f 3925 3973 4035
f 3929 3980 4038
f 3922 3959 4041
f 3921 3988 4028
f 3913 3982 4026
f 3924 3968 4047
f 3908 3939 4010
f 3905 4004 3995
f 3902 3996 3991
f 3901 3994 3992
f 3903 4000 3998
f 3904 4003 4001
f 3906 4007 4006
f 3923 4044 4042
f 3930 4027 4029
f 3928 4048 4050
f 3907 4008 4009
f 3918 4037 4030
f 3915 4020 4017
f 3910 4016 4018
f 3916 4033 4032
f 3917 4036 4034
f 3920 4043 4039
f 3911 4021 4019
f 3912 4022 4024
f 3925 4045 4049
f 3929 4012 4014
f 3995 3932 3935
f 3991 3931 3932
f 3992 3933 3931
f 3998 3934 3933
f 4001 3935 3934
f 4006 3940 3937
f 4042 3958 3960
f 4029 3987 3990
f 4050 3983 3984
f 4009 3969 3967
f 4030 3947 3950
f 4017 3946 3947
f 4018 3948 3946
f 4032 3949 3948
f 4034 3950 3949
f 4039 3953 3954
f 4019 3945 3942
f 4024 3965 3961
f 4049 3974 3973
f 4014 3976 3980
f 4004 3986 3989
f 3996 3956 3957
f 3994 3936 3938
f 4000 3966 3970
f 4003 3981 3985
f 4007 3957 3959
f 4044 3989 3988
f 4027 3985 3982
f 4048 3970 3968
f 4008 3938 3939
f 4037 3977 3978
f 4020 3952 3951
f 4016 3941 3943
f 4033 3962 3964
f 4036 3972 3975
f 4043 3978 3979
f 4021 3951 3955
f 4022 3943 3944
f 4045 3964 3963
f 4012 3975 3971
f 3997 3960 3956
f 3993 3937 3936
f 3999 3967 3966
f 4002 3984 3981
f 4005 3990 3986
f 4013 3979 3976
f 4040 3955 3953
f 4025 3944 3945
f 4046 3963 3965
f 4011 3971 3974
f 4031 3954 3952
f 4015 3942 3941
f 4023 3961 3962
f 4035 3973 3972
f 4038 3980 3977
f 4041 3959 3958
f 4028 3988 3987
f 4026 3982 3983
f 4047 3968 3969
f 4010 3939 3940
f 3995 4004 3997
f 3991 3996 3993
f 3992 3994 3999
f 3998 4000 4002
f 4001 4003 4005
f 4006 4007 4013
f 4042 4044 4040
f 4029 4027 4025
f 4050 4048 4046
f 4009 4008 4011
f 4030 4037 4031
f 4017 4020 4015
f 4018 4016 4023
f 4032 4033 4035
f 4034 4036 4038
f 4039 4043 4041
f 4019 4021 4028
f 4024 4022 4026
f 4049 4045 4047
f 4014 4012 4010
f 4051 4097 4094
f 4051 4094 4093
f 4051 4093 4095
f 4051 4095 4096
f 4051 4096 4097
f 4052 4099 4102
f 4056 4122 4120
f 4062 4152 4149
f 4061 4146 4145
f 4058 4129 4131
f 4054 4112 4109
f 4054 4109 4108
f 4054 4108 4110
f 4054 4110 4111
f 4054 4111 4112
f 4055 4116 4115
f 4053 4104 4107
f 4057 4123 4127
f 4059 4135 4136
f 4060 4142 4138
f 4062 4151 4148
f 4056 4119 4118
f 4052 4100 4098
f 4058 4132 4128
f 4061 4147 4143
f 4056 4121 4119
f 4062 4150 4151
f 4061 4144 4147
f 4058 4130 4132
f 4052 4101 4100
f 4060 4140 4139
f 4055 4113 4114
f 4053 4105 4103
f 4057 4126 4124
f 4059 4137 4134
f 4060 4141 4140
f 4055 4117 4113
f 4053 4106 4105
f 4057 4125 4126
f 4059 4133 4137
f 4056 4118 4122
f 4052 4098 4099
f 4058 4128 4129
f 4061 4143 4146
f 4062 4148 4152
f 4060 4138 4141
f 4055 4115 4117
f 4053 4107 4106
f 4057 4127 4125
f 4059 4136 4133
f 4055 4114 4116
f 4053 4103 4104
f 4057 4124 4123
f 4059 4134 4135
f 4060 4139 4142
f 4056 4120 4121
f 4062 4149 4150
f 4061 4145 4144
f 4058 4131 4130
f 4052 4102 4101
f 4085 4159 4166
f 4068 4155 4158
f 4069 4161 4156
f 4090 4164 4162
f 4092 4167 4165
f 4084 4175 4169
f 4083 4202 4206
f 4075 4187 4189
f 4086 4208 4210
f 4070 4173 4170
f 4082 4193 4199
f 4073 4177 4182
f 4074 4185 4178
f 4087 4197 4195
f 4091 4200 4198
f 4084 4203 4205
f 4083 4190 4183
f 4075 4188 4184
f 4086 4209 4207
f 4070 4172 4174
f 4067 4157 4097
f 4064 4153 4094
f 4063 4154 4093
f 4065 4160 4095
f 4066 4163 4096
f 4068 4168 4099
f 4085 4204 4122
f 4092 4191 4152
f 4090 4212 4146
f 4069 4171 4129
f 4080 4192 4112
f 4077 4179 4109
f 4072 4180 4108
f 4078 4194 4110
f 4079 4196 4111
f 4082 4201 4116
f 4073 4181 4104
f 4074 4186 4123
f 4087 4211 4135
f 4091 4176 4142
f 4085 4166 4151
f 4068 4158 4119
f 4069 4156 4100
f 4090 4162 4132
f 4092 4165 4147
f 4084 4169 4121
f 4083 4206 4150
f 4075 4189 4144
f 4086 4210 4130
f 4070 4170 4101
f 4082 4199 4140
f 4073 4182 4113
f 4074 4178 4105
f 4087 4195 4126
f 4091 4198 4137
f 4084 4205 4141
f 4083 4183 4117
f 4075 4184 4106
f 4086 4207 4125
f 4070 4174 4133
f 4064 4159 4118
f 4063 4155 4098
f 4065 4161 4128
f 4066 4164 4143
f 4067 4167 4148
f 4071 4175 4138
f 4081 4202 4115
f 4076 4187 4107
f 4088 4208 4127
f 4089 4173 4136
f 4077 4193 4114
f 4072 4177 4103
f 4078 4185 4124
f 4079 4197 4134
f 4080 4200 4139
f 4081 4203 4120
f 4076 4190 4149
f 4088 4188 4145
f 4089 4209 4131
f 4071 4172 4102
f 4064 4157 4159
f 4063 4153 4155
f 4065 4154 4161
f 4066 4160 4164
f 4067 4163 4167
f 4071 4168 4175
f 4081 4204 4202
f 4076 4191 4187
f 4088 4212 4208
f 4089 4171 4173
f 4077 4192 4193
f 4072 4179 4177
f 4078 4180 4185
f 4079 4194 4197
f 4080 4196 4200
f 4081 4201 4203
f 4076 4181 4190
f 4088 4186 4188
f 4089 4211 4209
f 4071 4176 4172
f 4064 4094 4157
f 4063 4093 4153
f 4065 4095 4154
f 4066 4096 4160
f 4067 4097 4163
f 4071 4102 4168
f 4081 4120 4204
f 4076 4149 4191
f 4088 4145 4212
f 4089 4131 4171
f 4077 4109 4192
f 4072 4108 4179
f 4078 4110 4180
f 4079 4111 4194
f 4080 4112 4196
f 4081 4115 4201
f 4076 4107 4181
f 4088 4127 4186
f 4089 4136 4211
f 4071 4138 4176
f 4067 4148 4166
f 4064 4118 4158
f 4063 4098 4156
f 4065 4128 4162
f 4066 4143 4165
f 4068 4119 4169
f 4085 4151 4206
f 4092 4147 4189
f 4090 4132 4210
f 4069 4100 4170
f 4080 4139 4199
f 4077 4114 4182
f 4072 4103 4178
f 4078 4124 4195
f 4079 4134 4198
f 4082 4140 4205
f 4073 4113 4183
f 4074 4105 4184
f 4087 4126 4207
f 4091 4137 4174
f 4085 4122 4159
f 4068 4099 4155
f 4069 4129 4161
f 4090 4146 4164
f 4092 4152 4167
f 4084 4141 4175
f 4083 4117 4202
f 4075 4106 4187
f 4086 4125 4208
f 4070 4133 4173
f 4082 4116 4193
f 4073 4104 4177
f 4074 4123 4185
f 4087 4135 4197
f 4091 4142 4200
f 4084 4121 4203
f 4083 4150 4190
f 4075 4144 4188
f 4086 4130 4209
f 4070 4101 4172
f 4067 4166 4157
f 4064 4158 4153
f 4063 4156 4154
f 4065 4162 4160
f 4066 4165 4163
f 4068 4169 4168
f 4085 4206 4204
f 4092 4189 4191
f 4090 4210 4212
f 4069 4170 4171
f 4080 4199 4192
f 4077 4182 4179
f 4072 4178 4180
f 4078 4195 4194
f 4079 4198 4196
f 4082 4205 4201
f 4073 4183 4181
f 4074 4184 4186
f 4087 4207 4211
f 4091 4174 4176
f 4157 4094 4097
f 4153 4093 4094
f 4154 4095 4093
f 4160 4096 4095
f 4163 4097 4096
f 4168 4102 4099
f 4204 4120 4122
f 4191 4149 4152
f 4212 4145 4146
f 4171 4131 4129
f 4192 4109 4112
f 4179 4108 4109
f 4180 4110 4108
f 4194 4111 4110
f 4196 4112 4111
f 4201 4115 4116
f 4181 4107 4104
f 4186 4127 4123
f 4211 4136 4135
f 4176 4138 4142
f 4166 4148 4151
f 4158 4118 4119
f 4156 4098 4100
f 4162 4128 4132
f 4165 4143 4147
f 4169 4119 4121
f 4206 4151 4150
f 4189 4147 4144
f 4210 4132 4130
f 4170 4100 4101
f 4199 4139 4140
f 4182 4114 4113
f 4178 4103 4105
f 4195 4124 4126
f 4198 4134 4137
f 4205 4140 4141
f 4183 4113 4117
f 4184 4105 4106
f 4207 4126 4125
f 4174 4137 4133
f 4159 4122 4118
f 4155 4099 4098
f 4161 4129 4128
f 4164 4146 4143
f 4167 4152 4148
f 4175 4141 4138
f 4202 4117 4115
f 4187 4106 4107
f 4208 4125 4127
f 4173 4133 4136
f 4193 4116 4114
f 4177 4104 4103
f 4185 4123 4124
f 4197 4135 4134
f 4200 4142 4139
f 4203 4121 4120
f 4190 4150 4149
f 4188 4144 4145
f 4209 4130 4131
f 4172 4101 4102
f 4157 4166 4159
f 4153 4158 4155
f 4154 4156 4161
f 4160 4162 4164
f 4163 4165 4167
f 4168 4169 4175
f 4204 4206 4202
f 4191 4189 4187
f 4212 4210 4208
f 4171 4170 4173
f 4192 4199 4193
f 4179 4182 4177
f 4180 4178 4185
f 4194 4195 4197
f 4196 4198 4200
f 4201 4205 4203
f 4181 4183 4190
f 4186 4184 4188
f 4211 4207 4209
f 4176 4174 4172
f 4213 4259 4256
f 4213 4256 4255
f 4213 4255 4257
f 4213 4257 4258
f 4213 4258 4259
f 4214 4261 4264
f 4218 4284 4282
f 4224 4314 4311
f 4223 4308 4307
f 4220 4291 4293
f 4216 4274 4271
f 4216 4271 4270
f 4216 4270 4272
f 4216 4272 4273
f 4216 4273 4274
f 4217 4278 4277
f 4215 4266 4269
f 4219 4285 4289
f 4221 4297 4298
f 4222 4304 4300
f 4224 4313 4310
f 4218 4281 4280
f 4214 4262 4260
f 4220 4294 4290
f 4223 4309 4305
f 4218 4283 4281
f 4224 4312 4313
f 4223 4306 4309
f 4220 4292 4294
f 4214 4263 4262
f 4222 4302 4301
f 4217 4275 4276
f 4215 4267 4265
f 4219 4288 4286
f 4221 4299 4296
f 4222 4303 4302
f 4217 4279 4275
f 4215 4268 4267
f 4219 4287 4288
f 4221 4295 4299
f 4218 4280 4284
f 4214 4260 4261
f 4220 4290 4291
f 4223 4305 4308
f 4224 4310 4314
f 4222 4300 4303
f 4217 4277 4279
f 4215 4269 4268
f 4219 4289 4287
f 4221 4298 4295
f 4217 4276 4278
f 4215 4265 4266
f 4219 4286 4285
f 4221 4296 4297
f 4222 4301 4304
f 4218 4282 4283
f 4224 4311 4312
f 4223 4307 4306
f 4220 4293 4292
f 4214 4264 4263
f 4247 4321 4328
f 4230 4317 4320
f 4231 4323 4318
f 4252 4326 4324
f 4254 4329 4327
f 4246 4337 4331
f 4245 4364 4368
f 4237 4349 4351
f 4248 4370 4372
f 4232 4335 4332
f 4244 4355 4361
f 4235 4339 4344
f 4236 4347 4340
f 4249 4359 4357
f 4253 4362 4360
f 4246 4365 4367
f 4245 4352 4345
f 4237 4350 4346
f 4248 4371 4369
f 4232 4334 4336
f 4229 4319 4259
f 4226 4315 4256
f 4225 4316 4255
f 4227 4322 4257
f 4228 4325 4258
f 4230 4330 4261
f 4247 4366 4284
f 4254 4353 4314
f 4252 4374 4308
f 4231 4333 4291
f 4242 4354 4274
f 4239 4341 4271
f 4234 4342 4270
f 4240 4356 4272
f 4241 4358 4273
f 4244 4363 4278
f 4235 4343 4266
f 4236 4348 4285
f 4249 4373 4297
f 4253 4338 4304
f 4247 4328 4313
f 4230 4320 4281
f 4231 4318 4262
f 4252 4324 4294
f 4254 4327 4309
f 4246 4331 4283
f 4245 4368 4312
f 4237 4351 4306
f 4248 4372 4292
f 4232 4332 4263
f 4244 4361 4302
f 4235 4344 4275
f 4236 4340 4267
f 4249 4357 4288
f 4253 4360 4299
f 4246 4367 4303
f 4245 4345 4279
f 4237 4346 4268
f 4248 4369 4287
f 4232 4336 4295
f 4226 4321 4280
f 4225 4317 4260
f 4227 4323 4290
f 4228 4326 4305
f 4229 4329 4310
f 4233 4337 4300
f 4243 4364 4277
f 4238 4349 4269
f 4250 4370 4289
f 4251 4335 4298
f 4239 4355 4276
f 4234 4339 4265
f 4240 4347 4286
f 4241 4359 4296
f 4242 4362 4301
f 4243 4365 4282
f 4238 4352 4311
f 4250 4350 4307
f 4251 4371 4293
f 4233 4334 4264
f 4226 4319 4321
f 4225 4315 4317
f 4227 4316 4323
f 4228 4322 4326
f 4229 4325 4329
f 4233 4330 4337
f 4243 4366 4364
f 4238 4353 4349
f 4250 4374 4370
f 4251 4333 4335
f 4239 4354 4355
f 4234 4341 4339
f 4240 4342 4347
f 4241 4356 4359
f 4242 4358 4362
f 4243 4363 4365
f 4238 4343 4352
f 4250 4348 4350
f 4251 4373 4371
f 4233 4338 4334
f 4226 4256 4319
f 4225 4255 4315
f 4227 4257 4316
f 4228 4258 4322
f 4229 4259 4325
f 4233 4264 4330
f 4243 4282 4366
f 4238 4311 4353
f 4250 4307 4374
f 4251 4293 4333
f 4239 4271 4354
f 4234 4270 4341
f 4240 4272 4342
f 4241 4273 4356
f 4242 4274 4358
f 4243 4277 4363
f 4238 4269 4343
f 4250 4289 4348
f 4251 4298 4373
f 4233 4300 4338
f 4229 4310 4328
f 4226 4280 4320
f 4225 4260 4318
f 4227 4290 4324
f 4228 4305 4327
f 4230 4281 4331
f 4247 4313 4368
f 4254 4309 4351
f 4252 4294 4372
f 4231 4262 4332
f 4242 4301 4361
f 4239 4276 4344
f 4234 4265 4340
f 4240 4286 4357
f 4241 4296 4360
f 4244 4302 4367
f 4235 4275 4345
f 4236 4267 4346
f 4249 4288 4369
f 4253 4299 4336
f 4247 4284 4321
f 4230 4261 4317
f 4231 4291 4323
f 4252 4308 4326
f 4254 4314 4329
f 4246 4303 4337
f 4245 4279 4364
f 4237 4268 4349
f 4248 4287 4370
f 4232 4295 4335
f 4244 4278 4355
f 4235 4266 4339
f 4236 4285 4347
f 4249 4297 4359
f 4253 4304 4362
f 4246 4283 4365
f 4245 4312 4352
f 4237 4306 4350
f 4248 4292 4371
f 4232 4263 4334
f 4229 4328 4319
f 4226 4320 4315
f 4225 4318 4316
f 4227 4324 4322
f 4228 4327 4325
f 4230 4331 4330
f 4247 4368 4366
f 4254 4351 4353
f 4252 4372 4374
f 4231 4332 4333
f 4242 4361 4354
f 4239 4344 4341
f 4234 4340 4342
f 4240 4357 4356
f 4241 4360 4358
f 4244 4367 4363
f 4235 4345 4343
f 4236 4346 4348
f 4249 4369 4373
f 4253 4336 4338
f 4319 4256 4259
f 4315 4255 4256
f 4316 4257 4255
f 4322 4258 4257
f 4325 4259 4258
f 4330 4264 4261
f 4366 4282 4284
f 4353 4311 4314
f 4374 4307 4308
f 4333 4293 4291
f 4354 4271 4274
f 4341 4270 4271
f 4342 4272 4270
f 4356 4273 4272
f 4358 4274 4273
f 4363 4277 4278
f 4343 4269 4266
f 4348 4289 4285
f 4373 4298 4297
f 4338 4300 4304
f 4328 4310 4313
f 4320 4280 4281
f 4318 4260 4262
f 4324 4290 4294
f 4327 4305 4309
f 4331 4281 4283
f 4368 4313 4312
f 4351 4309 4306
f 4372 4294 4292
f 4332 4262 4263
f 4361 4301 4302
f 4344 4276 4275
f 4340 4265 4267
f 4357 4286 4288
f 4360 4296 4299
f 4367 4302 4303
f 4345 4275 4279
f 4346 4267 4268
f 4369 4288 4287
f 4336 4299 4295
f 4321 4284 4280
f 4317 4261 4260
f 4323 4291 4290
f 4326 4308 4305
f 4329 4314 4310
f 4337 4303 4300
f 4364 4279 4277
f 4349 4268 4269
f 4370 4287 4289
f 4335 4295 4298
f 4355 4278 4276
f 4339 4266 4265
f 4347 4285 4286
f 4359 4297 4296
f 4362 4304 4301
f 4365 4283 4282
f 4352 4312 4311
f 4350 4306 4307
f 4371 4292 4293
f 4334 4263 4264
f 4319 4328 4321
f 4315 4320 4317
f 4316 4318 4323
f 4322 4324 4326
f 4325 4327 4329
f 4330 4331 4337
f 4366 4368 4364
f 4353 4351 4349
f 4374 4372 4370
f 4333 4332 4335
f 4354 4361 4355
f 4341 4344 4339
f 4342 4340 4347
f 4356 4357 4359
f 4358 4360 4362
f 4363 4367 4365
f 4343 4345 4352
f 4348 4346 4350
f 4373 4369 4371
f 4338 4336 4334
f 4375 4421 4418
f 4375 4418 4417
f 4375 4417 4419
f 4375 4419 4420
f 4375 4420 4421
f 4376 4423 4426
f 4380 4446 4444
f 4386 4476 4473
f 4385 4470 4469
f 4382 4453 4455
f 4378 4436 4433
f 4378 4433 4432
f 4378 4432 4434
f 4378 4434 4435
f 4378 4435 4436
f 4379 4440 4439
f 4377 4428 4431
f 4381 4447 4451
f 4383 4459 4460
f 4384 4466 4462
f 4386 4475 4472
f 4380 4443 4442
f 4376 4424 4422
f 4382 4456 4452
f 4385 4471 4467
f 4380 4445 4443
f 4386 4474 4475
f 4385 4468 4471
f 4382 4454 4456
f 4376 4425 4424
f 4384 4464 4463
f 4379 4437 4438
f 4377 4429 4427
f 4381 4450 4448
f 4383 4461 4458
f 4384 4465 4464
f 4379 4441 4437
f 4377 4430 4429
f 4381 4449 4450
f 4383 4457 4461
f 4380 4442 4446
f 4376 4422 4423
f 4382 4452 4453
f 4385 4467 4470
f 4386 4472 4476
f 4384 4462 4465
f 4379 4439 4441
f 4377 4431 4430
f 4381 4451 4449
f 4383 4460 4457
f 4379 4438 4440
f 4377 4427 4428
f 4381 4448 4447
f 4383 4458 4459
f 4384 4463 4466
f 4380 4444 4445
f 4386 4473 4474
f 4385 4469 4468
f 4382 4455 4454
f 4376 4426 4425
f 4409 4483 4490
f 4392 4479 4482
f 4393 4485 4480
f 4414 4488 4486
f 4416 4491 4489
f 4408 4499 4493
f 4407 4526 4530
f 4399 4511 4513
f 4410 4532 4534
f 4394 4497 4494
f 4406 4517 4523
f 4397 4501 4506
f 4398 4509 4502
f 4411 4521 4519
f 4415 4524 4522
f 4408 4527 4529
f 4407 4514 4507
f 4399 4512 4508
f 4410 4533 4531
f 4394 4496 4498
f 4391 4481 4421
f 4388 4477 4418
f 4387 4478 4417
f 4389 4484 4419
f 4390 4487 4420
f 4392 4492 4423
f 4409 4528 4446
f 4416 4515 4476
f 4414 4536 4470
f 4393 4495 4453
f 4404 4516 4436
f 4401 4503 4433
f 4396 4504 4432
f 4402 4518 4434
f 4403 4520 4435
f 4406 4525 4440
f 4397 4505 4428
f 4398 4510 4447
f 4411 4535 4459
f 4415 4500 4466
f 4409 4490 4475
f 4392 4482 4443
f 4393 4480 4424
f 4414 4486 4456
f 4416 4489 4471
f 4408 4493 4445
f 4407 4530 4474
f 4399 4513 4468
f 4410 4534 4454
f 4394 4494 4425
f 4406 4523 4464
f 4397 4506 4437
f 4398 4502 4429
f 4411 4519 4450
f 4415 4522 4461
f 4408 4529 4465
f 4407 4507 4441
f 4399 4508 4430
f 4410 4531 4449
f 4394 4498 4457
f 4388 4483 4442
f 4387 4479 4422
f 4389 4485 4452
f 4390 4488 4467
f 4391 4491 4472
f 4395 4499 4462
f 4405 4526 4439
f 4400 4511 4431
f 4412 4532 4451
f 4413 4497 4460
f 4401 4517 4438
f 4396 4501 4427
f 4402 4509 4448
f 4403 4521 4458
f 4404 4524 4463
f 4405 4527 4444
f 4400 4514 4473
f 4412 4512 4469
f 4413 4533 4455
f 4395 4496 4426
f 4388 4481 4483
f 4387 4477 4479
f 4389 4478 4485
f 4390 4484 4488
f 4391 4487 4491
f 4395 4492 4499
f 4405 4528 4526
f 4400 4515 4511
f 4412 4536 4532
f 4413 4495 4497
f 4401 4516 4517
f 4396 4503 4501
f 4402 4504 4509
f 4403 4518 4521
f 4404 4520 4524
f 4405 4525 4527
f 4400 4505 4514
f 4412 4510 4512
f 4413 4535 4533
f 4395 4500 4496
f 4388 4418 4481
f 4387 4417 4477
f 4389 4419 4478
f 4390 4420 4484
f 4391 4421 4487
f 4395 4426 4492
f 4405 4444 4528
f 4400 4473 4515
f 4412 4469 4536
f 4413 4455 4495
f 4401 4433 4516
f 4396 4432 4503
f 4402 4434 4504
f 4403 4435 4518
f 4404 4436 4520
f 4405 4439 4525
f 4400 4431 4505
f 4412 4451 4510
f 4413 4460 4535
f 4395 4462 4500
f 4391 4472 4490
f 4388 4442 4482
f 4387 4422 4480
f 4389 4452 4486
f 4390 4467 4489
f 4392 4443 4493
f 4409 4475 4530
f 4416 4471 4513
f 4414 4456 4534
f 4393 4424 4494
f 4404 4463 4523
f 4401 4438 4506
f 4396 4427 4502
f 4402 4448 4519
f 4403 4458 4522
f 4406 4464 4529
f 4397 4437 4507
f 4398 4429 4508
f 4411 4450 4531
f 4415 4461 4498
f 4409 4446 4483
f 4392 4423 4479
f 4393 4453 4485
f 4414 4470 4488
f 4416 4476 4491
f 4408 4465 4499
f 4407 4441 4526
f 4399 4430 4511
f 4410 4449 4532
f 4394 4457 4497
f 4406 4440 4517
f 4397 4428 4501
f 4398 4447 4509
f 4411 4459 4521
f 4415 4466 4524
f 4408 4445 4527
f 4407 4474 4514
f 4399 4468 4512
f 4410 4454 4533
f 4394 4425 4496
f 4391 4490 4481
f 4388 4482 4477
f 4387 4480 4478
f 4389 4486 4484
f 4390 4489 4487
f 4392 4493 4492
f 4409 4530 4528
f 4416 4513 4515
f 4414 4534 4536
f 4393 4494 4495
f 4404 4523 4516
f 4401 4506 4503
f 4396 4502 4504
f 4402 4519 4518
f 4403 4522 4520
f 4406 4529 4525
f 4397 4507 4505
f 4398 4508 4510
f 4411 4531 4535
f 4415 4498 4500
f 4481 4418 4421
f 4477 4417 4418
f 4478 4419 4417
f 4484 4420 4419
f 4487 4421 4420
f 4492 4426 4423
f 4528 4444 4446
f 4515 4473 4476
f 4536 4469 4470
f 4495 4455 4453
f 4516 4433 4436
f 4503 4432 4433
f 4504 4434 4432
f 4518 4435 4434
f 4520 4436 4435
f 4525 4439 4440
f 4505 4431 4428
f 4510 4451 4447
f 4535 4460 4459
f 4500 4462 4466
f 4490 4472 4475
f 4482 4442 4443
f 4480 4422 4424
f 4486 4452 4456
f 4489 4467 4471
f 4493 4443 4445
f 4530 4475 4474
f 4513 4471 4468
f 4534 4456 4454
f 4494 4424 4425
f 4523 4463 4464
f 4506 4438 4437
f 4502 4427 4429
f 4519 4448 4450
f 4522 4458 4461
f 4529 4464 4465
f 4507 4437 4441
f 4508 4429 4430
f 4531 4450 4449
f 4498 4461 4457
f 4483 4446 4442
f 4479 4423 4422
f 4485 4453 4452
f 4488 4470 4467
f 4491 4476 4472
f 4499 4465 4462
f 4526 4441 4439
f 4511 4430 4431
f 4532 4449 4451
f 4497 4457 4460
f 4517 4440 4438
f 4501 4428 4427
f 4509 4447 4448
f 4521 4459 4458
f 4524 4466 4463
f 4527 4445 4444
f 4514 4474 4473
f 4512 4468 4469
f 4533 4454 4455
f 4496 4425 4426
f 4481 4490 4483
f 4477 4482 4479
f 4478 4480 4485
f 4484 4486 4488
f 4487 4489 4491
f 4492 4493 4499
f 4528 4530 4526
f 4515 4513 4511
f 4536 4534 4532
f 4495 4494 4497
f 4516 4523 4517
f 4503 4506 4501
f 4504 4502 4509
f 4518 4519 4521
f 4520 4522 4524
f 4525 4529 4527
f 4505 4507 4514
f 4510 4508 4512
f 4535 4531 4533
f 4500 4498 4496
f 4537 4583 4580
f 4537 4580 4579
f 4537 4579 4581
f 4537 4581 4582
f 4537 4582 4583
f 4538 4585 4588
f 4542 4608 4606
f 4548 4638 4635
f 4547 4632 4631
f 4544 4615 4617
f 4540 4598 4595
f 4540 4595 4594
f 4540 4594 4596
f 4540 4596 4597
f 4540 4597 4598
f 4541 4602 4601
f 4539 4590 4593
f 4543 4609 4613
f 4545 4621 4622
f 4546 4628 4624
f 4548 4637 4634
f 4542 4605 4604
f 4538 4586 4584
f 4544 4618 4614
f 4547 4633 4629
f 4542 4607 4605
f 4548 4636 4637
f 4547 4630 4633
f 4544 4616 4618
f 4538 4587 4586
f 4546 4626 4625
f 4541 4599 4600
f 4539 4591 4589
f 4543 4612 4610
f 4545 4623 4620
f 4546 4627 4626
f 4541 4603 4599
f 4539 4592 4591
f 4543 4611 4612
f 4545 4619 4623
f 4542 4604 4608
f 4538 4584 4585
f 4544 4614 4615
f 4547 4629 4632
f 4548 4634 4638
f 4546 4624 4627
f 4541 4601 4603
f 4539 4593 4592
f 4543 4613 4611
f 4545 4622 4619
f 4541 4600 4602
f 4539 4589 4590
f 4543 4610 4609
f 4545 4620 4621
f 4546 4625 4628
f 4542 4606 4607
f 4548 4635 4636
f 4547 4631 4630
f 4544 4617 4616
f 4538 4588 4587
f 4571 4645 4652
f 4554 4641 4644
f 4555 4647 4642
f 4576 4650 4648
f 4578 4653 4651
f 4570 4661 4655
f 4569 4688 4692
f 4561 4673 4675
f 4572 4694 4696
f 4556 4659 4656
f 4568 4679 4685
f 4559 4663 4668
f 4560 4671 4664
f 4573 4683 4681
f 4577 4686 4684
f 4570 4689 4691
f 4569 4676 4669
f 4561 4674 4670
f 4572 4695 4693
f 4556 4658 4660
f 4553 4643 4583
f 4550 4639 4580
f 4549 4640 4579
f 4551 4646 4581
f 4552 4649 4582
f 4554 4654 4585
f 4571 4690 4608
f 4578 4677 4638
f 4576 4698 4632
f 4555 4657 4615
f 4566 4678 4598
f 4563 4665 4595
f 4558 4666 4594
f 4564 4680 4596
f 4565 4682 4597
f 4568 4687 4602
f 4559 4667 4590
f 4560 4672 4609
f 4573 4697 4621
f 4577 4662 4628
f 4571 4652 4637
f 4554 4644 4605
f 4555 4642 4586
f 4576 4648 4618
f 4578 4651 4633
f 4570 4655 4607
f 4569 4692 4636
f 4561 4675 4630
f 4572 4696 4616
f 4556 4656 4587
f 4568 4685 4626
f 4559 4668 4599
f 4560 4664 4591
f 4573 4681 4612
f 4577 4684 4623
f 4570 4691 4627
f 4569 4669 4603
f 4561 4670 4592
f 4572 4693 4611
f 4556 4660 4619
f 4550 4645 4604
f 4549 4641 4584
f 4551 4647 4614
f 4552 4650 4629
f 4553 4653 4634
f 4557 4661 4624
f 4567 4688 4601
f 4562 4673 4593
f 4574 4694 4613
f 4575 4659 4622
f 4563 4679 4600
f 4558 4663 4589
f 4564 4671 4610
f 4565 4683 4620
f 4566 4686 4625
f 4567 4689 4606
f 4562 4676 4635
f 4574 4674 4631
f 4575 4695 4617
f 4557 4658 4588
f 4550 4643 4645
f 4549 4639 4641
f 4551 4640 4647
f 4552 4646 4650
f 4553 4649 4653
f 4557 4654 4661
f 4567 4690 4688
f 4562 4677 4673
f 4574 4698 4694
f 4575 4657 4659
f 4563 4678 4679
f 4558 4665 4663
f 4564 4666 4671
f 4565 4680 4683
f 4566 4682 4686
f 4567 4687 4689
f 4562 4667 4676
f 4574 4672 4674
f 4575 4697 4695
f 4557 4662 4658
f 4550 4580 4643
f 4549 4579 4639
f 4551 4581 4640
f 4552 4582 4646
f 4553 4583 4649
f 4557 4588 4654
f 4567 4606 4690
f 4562 4635 4677
f 4574 4631 4698
f 4575 4617 4657
f 4563 4595 4678
f 4558 4594 4665
f 4564 4596 4666
f 4565 4597 4680
f 4566 4598 4682
f 4567 4601 4687
f 4562 4593 4667
f 4574 4613 4672
f 4575 4622 4697
f 4557 4624 4662
f 4553 4634 4652
f 4550 4604 4644
f 4549 4584 4642
f 4551 4614 4648
f 4552 4629 4651
f 4554 4605 4655
f 4571 4637 4692
f 4578 4633 4675
f 4576 4618 4696
f 4555 4586 4656
f 4566 4625 4685
f 4563 4600 4668
f 4558 4589 4664
f 4564 4610 4681
f 4565 4620 4684
f 4568 4626 4691
f 4559 4599 4669
f 4560 4591 4670
f 4573 4612 4693
f 4577 4623 4660
f 4571 4608 4645
f 4554 4585 4641
f 4555 4615 4647
f 4576 4632 4650
f 4578 4638 4653
f 4570 4627 4661
f 4569 4603 4688
f 4561 4592 4673
f 4572 4611 4694
f 4556 4619 4659
f 4568 4602 4679
f 4559 4590 4663
f 4560 4609 4671
f 4573 4621 4683
f 4577 4628 4686
f 4570 4607 4689
f 4569 4636 4676
f 4561 4630 4674
f 4572 4616 4695
f 4556 4587 4658
f 4553 4652 4643
f 4550 4644 4639
f 4549 4642 4640
f 4551 4648 4646
f 4552 4651 4649
f 4554 4655 4654
f 4571 4692 4690
f 4578 4675 4677
f 4576 4696 4698
f 4555 4656 4657
f 4566 4685 4678
f 4563 4668 4665
f 4558 4664 4666
f 4564 4681 4680
f 4565 4684 4682
f 4568 4691 4687
f 4559 4669 4667
f 4560 4670 4672
f 4573 4693 4697
f 4577 4660 4662
f 4643 4580 4583
f 4639 4579 4580
f 4640 4581 4579
f 4646 4582 4581
f 4649 4583 4582
f 4654 4588 4585
f 4690 4606 4608
f 4677 4635 4638
f 4698 4631 4632
f 4657 4617 4615
f 4678 4595 4598
f 4665 4594 4595
f 4666 4596 4594
f 4680 4597 4596
f 4682 4598 4597
f 4687 4601 4602
f 4667 4593 4590
f 4672 4613 4609
f 4697 4622 4621
f 4662 4624 4628
f 4652 4634 4637
f 4644 4604 4605
f 4642 4584 4586
f 4648 4614 4618
f 4651 4629 4633
f 4655 4605 4607
f 4692 4637 4636
f 4675 4633 4630
f 4696 4618 4616
f 4656 4586 4587
f 4685 4625 4626
f 4668 4600 4599
f 4664 4589 4591
f 4681 4610 4612
f 4684 4620 4623
f 4691 4626 4627
f 4669 4599 4603
f 4670 4591 4592
f 4693 4612 4611
f 4660 4623 4619
f 4645 4608 4604
f 4641 4585 4584
f 4647 4615 4614
f 4650 4632 4629
f 4653 4638 4634
f 4661 4627 4624
f 4688 4603 4601
f 4673 4592 4593
f 4694 4611 4613
f 4659 4619 4622
f 4679 4602 4600
f 4663 4590 4589
f 4671 4609 4610
f 4683 4621 4620
f 4686 4628 4625
f 4689 4607 4606
f 4676 4636 4635
f 4674 4630 4631
f 4695 4616 4617
f 4658 4587 4588
f 4643 4652 4645
f 4639 4644 4641
f 4640 4642 4647
f 4646 4648 4650
f 4649 4651 4653
f 4654 4655 4661
f 4690 4692 4688
f 4677 4675 4673
f 4698 4696 4694
f 4657 4656 4659
f 4678 4685 4679
f 4665 4668 4663
f 4666 4664 4671
f 4680 4681 4683
f 4682 4684 4686
f 4687 4691 4689
f 4667 4669 4676
f 4672 4670 4674
f 4697 4693 4695
f 4662 4660 4658
f 4699 4745 4742
f 4699 4742 4741
f 4699 4741 4743
f 4699 4743 4744
f 4699 4744 4745
f 4700 4747 4750
f 4704 4770 4768
f 4710 4800 4797
f 4709 4794 4793
f 4706 4777 4779
f 4702 4760 4757
f 4702 4757 4756
f 4702 4756 4758
f 4702 4758 4759
f 4702 4759 4760
f 4703 4764 4763
f 4701 4752 4755
f 4705 4771 4775
f 4707 4783 4784
f 4708 4790 4786
f 4710 4799 4796
f 4704 4767 4766
f 4700 4748 4746
f 4706 4780 4776
f 4709 4795 4791
f 4704 4769 4767
f 4710 4798 4799
f 4709 4792 4795
f 4706 4778 4780
f 4700 4749 4748
f 4708 4788 4787
f 4703 4761 4762
f 4701 4753 4751
f 4705 4774 4772
f 4707 4785 4782
f 4708 4789 4788
f 4703 4765 4761
f 4701 4754 4753
f 4705 4773 4774
f 4707 4781 4785
f 4704 4766 4770
f 4700 4746 4747
f 4706 4776 4777
f 4709 4791 4794
f 4710 4796 4800
f 4708 4786 4789
f 4703 4763 4765
f 4701 4755 4754
f 4705 4775 4773
f 4707 4784 4781
f 4703 4762 4764
f 4701 4751 4752
f 4705 4772 4771
f 4707 4782 4783
f 4708 4787 4790
f 4704 4768 4769
f 4710 4797 4798
f 4709 4793 4792
f 4706 4779 4778
f 4700 4750 4749
f 4733 4807 4814
f 4716 4803 4806
f 4717 4809 4804
f 4738 4812 4810
f 4740 4815 4813
f 4732 4823 4817
f 4731 4850 4854
f 4723 4835 4837
f 4734 4856 4858
f 4718 4821 4818
f 4730 4841 4847
f 4721 4825 4830
f 4722 4833 4826
f 4735 4845 4843
f 4739 4848 4846
f 4732 4851 4853
f 4731 4838 4831
f 4723 4836 4832
f 4734 4857 4855
f 4718 4820 4822
f 4715 4805 4745
f 4712 4801 4742
f 4711 4802 4741
f 4713 4808 4743
f 4714 4811 4744
f 4716 4816 4747
f 4733 4852 4770
f 4740 4839 4800
f 4738 4860 4794
f 4717 4819 4777
f 4728 4840 4760
f 4725 4827 4757
f 4720 4828 4756
f 4726 4842 4758
f 4727 4844 4759
f 4730 4849 4764
f 4721 4829 4752
f 4722 4834 4771
f 4735 4859 4783
f 4739 4824 4790
f 4733 4814 4799
f 4716 4806 4767
f 4717 4804 4748
f 4738 4810 4780
f 4740 4813 4795
f 4732 4817 4769
f 4731 4854 4798
f 4723 4837 4792
f 4734 4858 4778
f 4718 4818 4749
f 4730 4847 4788
f 4721 4830 4761
f 4722 4826 4753
f 4735 4843 4774
f 4739 4846 4785
f 4732 4853 4789
f 4731 4831 4765
f 4723 4832 4754
f 4734 4855 4773
f 4718 4822 4781
f 4712 4807 4766
f 4711 4803 4746
f 4713 4809 4776
f 4714 4812 4791
f 4715 4815 4796
f 4719 4823 4786
f 4729 4850 4763
f 4724 4835 4755
f 4736 4856 4775
f 4737 4821 4784
f 4725 4841 4762
f 4720 4825 4751
f 4726 4833 4772
f 4727 4845 4782
f 4728 4848 4787
f 4729 4851 4768
f 4724 4838 4797
f 4736 4836 4793
f 4737 4857 4779
f 4719 4820 4750
f 4712 4805 4807
f 4711 4801 4803
f 4713 4802 4809
f 4714 4808 4812
f 4715 4811 4815
f 4719 4816 4823
f 4729 4852 4850
f 4724 4839 4835
f 4736 4860 4856
f 4737 4819 4821
f 4725 4840 4841
f 4720 4827 4825
f 4726 4828 4833
f 4727 4842 4845
f 4728 4844 4848
f 4729 4849 4851
f 4724 4829 4838
f 4736 4834 4836
f 4737 4859 4857
f 4719 4824 4820
f 4712 4742 4805
f 4711 4741 4801
f 4713 4743 4802
f 4714 4744 4808
f 4715 4745 4811
f 4719 4750 4816
f 4729 4768 4852
f 4724 4797 4839
f 4736 4793 4860
f 4737 4779 4819
f 4725 4757 4840
f 4720 4756 4827
f 4726 4758 4828
f 4727 4759 4842
f 4728 4760 4844
f 4729 4763 4849
f 4724 4755 4829
f 4736 4775 4834
f 4737 4784 4859
f 4719 4786 4824
f 4715 4796 4814
f 4712 4766 4806
f 4711 4746 4804
f 4713 4776 4810
f 4714 4791 4813
f 4716 4767 4817
f 4733 4799 4854
f 4740 4795 4837
f 4738 4780 4858
f 4717 4748 4818
f 4728 4787 4847
f 4725 4762 4830
f 4720 4751 4826
f 4726 4772 4843
f 4727 4782 4846
f 4730 4788 4853
f 4721 4761 4831
f 4722 4753 4832
f 4735 4774 4855
f 4739 4785 4822
f 4733 4770 4807
f 4716 4747 4803
f 4717 4777 4809
f 4738 4794 4812
f 4740 4800 4815
f 4732 4789 4823
f 4731 4765 4850
f 4723 4754 4835
f 4734 4773 4856
f 4718 4781 4821
f 4730 4764 4841
f 4721 4752 4825
f 4722 4771 4833
f 4735 4783 4845
f 4739 4790 4848
f 4732 4769 4851
f 4731 4798 4838
f 4723 4792 4836
f 4734 4778 4857
f 4718 4749 4820
f 4715 4814 4805
f 4712 4806 4801
f 4711 4804 4802
f 4713 4810 4808
f 4714 4813 4811
f 4716 4817 4816
f 4733 4854 4852
f 4740 4837 4839
f 4738 4858 4860
f 4717 4818 4819
f 4728 4847 4840
f 4725 4830 4827
f 4720 4826 4828
f 4726 4843 4842
f 4727 4846 4844
f 4730 4853 4849
f 4721 4831 4829
f 4722 4832 4834
f 4735 4855 4859
f 4739 4822 4824
f 4805 4742 4745
f 4801 4741 4742
f 4802 4743 4741
f 4808 4744 4743
f 4811 4745 4744
f 4816 4750 4747
f 4852 4768 4770
f 4839 4797 4800
f 4860 4793 4794
f 4819 4779 4777
f 4840 4757 4760
f 4827 4756 4757
f 4828 4758 4756
f 4842 4759 4758
f 4844 4760 4759
f 4849 4763 4764
f 4829 4755 4752
f 4834 4775 4771
f 4859 4784 4783
f 4824 4786 4790
f 4814 4796 4799
f 4806 4766 4767
f 4804 4746 4748
f 4810 4776 4780
f 4813 4791 4795
f 4817 4767 4769
f 4854 4799 4798
f 4837 4795 4792
f 4858 4780 4778
f 4818 4748 4749
f 4847 4787 4788
f 4830 4762 4761
f 4826 4751 4753
f 4843 4772 4774
f 4846 4782 4785
f 4853 4788 4789
f 4831 4761 4765
f 4832 4753 4754
f 4855 4774 4773
f 4822 4785 4781
f 4807 4770 4766
f 4803 4747 4746
f 4809 4777 4776
f 4812 4794 4791
f 4815 4800 4796
f 4823 4789 4786
f 4850 4765 4763
f 4835 4754 4755
f 4856 4773 4775
f 4821 4781 4784
f 4841 4764 4762
f 4825 4752 4751
f 4833 4771 4772
f 4845 4783 4782
f 4848 4790 4787
f 4851 4769 4768
f 4838 4798 4797
f 4836 4792 4793
f 4857 4778 4779
f 4820 4749 4750
f 4805 4814 4807
f 4801 4806 4803
f 4802 4804 4809
f 4808 4810 4812
f 4811 4813 4815
f 4816 4817 4823
f 4852 4854 4850
f 4839 4837 4835
f 4860 4858 4856
f 4819 4818 4821
f 4840 4847 4841
f 4827 4830 4825
f 4828 4826 4833
f 4842 4843 4845
f 4844 4846 4848
f 4849 4853 4851
f 4829 4831 4838
f 4834 4832 4836
f 4859 4855 4857
f 4824 4822 4820
f 4861 4907 4904
f 4861 4904 4903
f 4861 4903 4905
f 4861 4905 4906
f 4861 4906 4907
f 4862 4909 4912
f 4866 4932 4930
f 4872 4962 4959
f 4871 4956 4955
f 4868 4939 4941
f 4864 4922 4919
f 4864 4919 4918
f 4864 4918 4920
f 4864 4920 4921
f 4864 4921 4922
f 4865 4926 4925
f 4863 4914 4917
f 4867 4933 4937
f 4869 4945 4946
f 4870 4952 4948
f 4872 4961 4958
f 4866 4929 4928
f 4862 4910 4908
f 4868 4942 4938
f 4871 4957 4953
f 4866 4931 4929
f 4872 4960 4961
f 4871 4954 4957
f 4868 4940 4942
f 4862 4911 4910
f 4870 4950 4949
f 4865 4923 4924
f 4863 4915 4913
f 4867 4936 4934
f 4869 4947 4944
f 4870 4951 4950
f 4865 4927 4923
f 4863 4916 4915
f 4867 4935 4936
f 4869 4943 4947
f 4866 4928 4932
f 4862 4908 4909
f 4868 4938 4939
f 4871 4953 4956
f 4872 4958 4962
f 4870 4948 4951
f 4865 4925 4927
f 4863 4917 4916
f 4867 4937 4935
f 4869 4946 4943
f 4865 4924 4926
f 4863 4913 4914
f 4867 4934 4933
f 4869 4944 4945
f 4870 4949 4952
f 4866 4930 4931
f 4872 4959 4960
f 4871 4955 4954
f 4868 4941 4940
f 4862 4912 4911
f 4895 4969 4976
f 4878 4965 4968
f 4879 4971 4966
f 4900 4974 4972
f 4902 4977 4975
f 4894 4985 4979
f 4893 5012 5016
f 4885 4997 4999
f 4896 5018 5020
f 4880 4983 4980
f 4892 5003 5009
f 4883 4987 4992
f 4884 4995 4988
f 4897 5007 5005
f 4901 5010 5008
f 4894 5013 5015
f 4893 5000 4993
f 4885 4998 4994
f 4896 5019 5017
f 4880 4982 4984
f 4877 4967 4907
f 4874 4963 4904
f 4873 4964 4903
f 4875 4970 4905
f 4876 4973 4906
f 4878 4978 4909
f 4895 5014 4932
f 4902 5001 4962
f 4900 5022 4956
f 4879 4981 4939
f 4890 5002 4922
f 4887 4989 4919
f 4882 4990 4918
f 4888 5004 4920
f 4889 5006 4921
f 4892 5011 4926
f 4883 4991 4914
f 4884 4996 4933
f 4897 5021 4945
f 4901 4986 4952
f 4895 4976 4961
f 4878 4968 4929
f 4879 4966 4910
f 4900 4972 4942
f 4902 4975 4957
f 4894 4979 4931
f 4893 5016 4960
f 4885 4999 4954
f 4896 5020 4940
f 4880 4980 4911
f 4892 5009 4950
f 4883 4992 4923
f 4884 4988 4915
f 4897 5005 4936
f 4901 5008 4947
f 4894 5015 4951
f 4893 4993 4927
f 4885 4994 4916
f 4896 5017 4935
f 4880 4984 4943
f 4874 4969 4928
f 4873 4965 4908
f 4875 4971 4938
f 4876 4974 4953
f 4877 4977 4958
f 4881 4985 4948
f 4891 5012 4925
f 4886 4997 4917
f 4898 5018 4937
f 4899 4983 4946
f 4887 5003 4924
f 4882 4987 4913
f 4888 4995 4934
f 4889 5007 4944
f 4890 5010 4949
f 4891 5013 4930
f 4886 5000 4959
f 4898 4998 4955
f 4899 5019 4941
f 4881 4982 4912
f 4874 4967 4969
f 4873 4963 4965
f 4875 4964 4971
f 4876 4970 4974
f 4877 4973 4977
f 4881 4978 4985
f 4891 5014 5012
f 4886 5001 4997
f 4898 5022 5018
f 4899 4981 4983
f 4887 5002 5003
f 4882 4989 4987
f 4888 4990 4995
f 4889 5004 5007
f 4890 5006 5010
f 4891 5011 5013
f 4886 4991 5000
f 4898 4996 4998
f 4899 5021 5019
f 4881 4986 4982
f 4874 4904 4967
f 4873 4903 4963
f 4875 4905 4964
f 4876 4906 4970
f 4877 4907 4973
f 4881 4912 4978
f 4891 4930 5014
f 4886 4959 5001
f 4898 4955 5022
f 4899 4941 4981
f 4887 4919 5002
f 4882 4918 4989
f 4888 4920 4990
f 4889 4921 5004
f 4890 4922 5006
f 4891 4925 5011
f 4886 4917 4991
f 4898 4937 4996
f 4899 4946 5021
f 4881 4948 4986
f 4877 4958 4976
f 4874 4928 4968
f 4873 4908 4966
f 4875 4938 4972
f 4876 4953 4975
f 4878 4929 4979
f 4895 4961 5016
f 4902 4957 4999
f 4900 4942 5020
f 4879 4910 4980
f 4890 4949 5009
f 4887 4924 4992
f 4882 4913 4988
f 4888 4934 5005
f 4889 4944 5008
f 4892 4950 5015
f 4883 4923 4993
f 4884 4915 4994
f 4897 4936 5017
f 4901 4947 4984
f 4895 4932 4969
f 4878 4909 4965
f 4879 4939 4971
f 4900 4956 4974
f 4902 4962 4977
f 4894 4951 4985
f 4893 4927 5012
f 4885 4916 4997
f 4896 4935 5018
f 4880 4943 4983
f 4892 4926 5003
f 4883 4914 4987
f 4884 4933 4995
f 4897 4945 5007
f 4901 4952 5010
f 4894 4931 5013
f 4893 4960 5000
f 4885 4954 4998
f 4896 4940 5019
f 4880 4911 4982
f 4877 4976 4967
f 4874 4968 4963
f 4873 4966 4964
f 4875 4972 4970
f 4876 4975 4973
f 4878 4979 4978
f 4895 5016 5014
f 4902 4999 5001
f 4900 5020 5022
f 4879 4980 4981
f 4890 5009 5002
f 4887 4992 4989
f 4882 4988 4990
f 4888 5005 5004
f 4889 5008 5006
f 4892 5015 5011
f 4883 4993 4991
f 4884 4994 4996
f 4897 5017 5021
f 4901 4984 4986
f 4967 4904 4907
f 4963 4903 4904
f 4964 4905 4903
f 4970 4906 4905
f 4973 4907 4906
f 4978 4912 4909
f 5014 4930 4932
f 5001 4959 4962
f 5022 4955 4956
f 4981 4941 4939
f 5002 4919 4922
f 4989 4918 4919
f 4990 4920 4918
f 5004 4921 4920
f 5006 4922 4921
f 5011 4925 4926
f 4991 4917 4914
f 4996 4937 4933
f 5021 4946 4945
f 4986 4948 4952
f 4976 4958 4961
f 4968 4928 4929
f 4966 4908 4910
f 4972 4938 4942
f 4975 4953 4957
f 4979 4929 4931
f 5016 4961 4960
f 4999 4957 4954
f 5020 4942 4940
f 4980 4910 4911
f 5009 4949 4950
f 4992 4924 4923
f 4988 4913 4915
f 5005 4934 4936
f 5008 4944 4947
f 5015 4950 4951
f 4993 4923 4927
f 4994 4915 4916
f 5017 4936 4935
f 4984 4947 4943
f 4969 4932 4928
f 4965 4909 4908
f 4971 4939 4938
f 4974 4956 4953
f 4977 4962 4958
f 4985 4951 4948
f 5012 4927 4925
f 4997 4916 4917
f 5018 4935 4937
f 4983 4943 4946
f 5003 4926 4924
f 4987 4914 4913
f 4995 4933 4934
f 5007 4945 4944
f 5010 4952 4949
f 5013 4931 4930
f 5000 4960 4959
f 4998 4954 4955
f 5019 4940 4941
f 4982 4911 4912
f 4967 4976 4969
f 4963 4968 4965
f 4964 4966 4971
f 4970 4972 4974
f 4973 4975 4977
f 4978 4979 4985
f 5014 5016 5012
f 5001 4999 4997
f 5022 5020 5018
f 4981 4980 4983
f 5002 5009 5003
f 4989 4992 4987
f 4990 4988 4995
f 5004 5005 5007
f 5006 5008 5010
f 5011 5015 5013
f 4991 4993 5000
f 4996 4994 4998
f 5021 5017 5019
f 4986 4984 4982
f 5023 5069 5066
f 5023 5066 5065
f 5023 5065 5067
f 5023 5067 5068
f 5023 5068 5069
f 5024 5071 5074
f 5028 5094 5092
f 5034 5124 5121
f 5033 5118 5117
f 5030 5101 5103
f 5026 5084 5081
f 5026 5081 5080
f 5026 5080 5082
f 5026 5082 5083
f 5026 5083 5084
f 5027 5088 5087
f 5025 5076 5079
f 5029 5095 5099
f 5031 5107 5108
f 5032 5114 5110
f 5034 5123 5120
f 5028 5091 5090
f 5024 5072 5070
f 5030 5104 5100
f 5033 5119 5115
f 5028 5093 5091
f 5034 5122 5123
f 5033 5116 5119
f 5030 5102 5104
f 5024 5073 5072
f 5032 5112 5111
f 5027 5085 5086
f 5025 5077 5075
f 5029 5098 5096
f 5031 5109 5106
f 5032 5113 5112
f 5027 5089 5085
f 5025 5078 5077
f 5029 5097 5098
f 5031 5105 5109
f 5028 5090 5094
f 5024 5070 5071
f 5030 5100 5101
f 5033 5115 5118
f 5034 5120 5124
f 5032 5110 5113
f 5027 5087 5089
f 5025 5079 5078
f 5029 5099 5097
f 5031 5108 5105
f 5027 5086 5088
f 5025 5075 5076
f 5029 5096 5095
f 5031 5106 5107
f 5032 5111 5114
f 5028 5092 5093
f 5034 5121 5122
f 5033 5117 5116
f 5030 5103 5102
f 5024 5074 5073
f 5057 5131 5138
f 5040 5127 5130
f 5041 5133 5128
f 5062 5136 5134
f 5064 5139 5137
f 5056 5147 5141
f 5055 5174 5178
f 5047 5159 5161
f 5058 5180 5182
f 5042 5145 5142
f 5054 5165 5171
f 5045 5149 5154
f 5046 5157 5150
f 5059 5169 5167
f 5063 5172 5170
f 5056 5175 5177
f 5055 5162 5155
f 5047 5160 5156
f 5058 5181 5179
f 5042 5144 5146
f 5039 5129 5069
f 5036 5125 5066
f 5035 5126 5065
f 5037 5132 5067
f 5038 5135 5068
f 5040 5140 5071
f 5057 5176 5094
f 5064 5163 5124
f 5062 5184 5118
f 5041 5143 5101
f 5052 5164 5084
f 5049 5151 5081
f 5044 5152 5080
f 5050 5166 5082
f 5051 5168 5083
f 5054 5173 5088
f 5045 5153 5076
f 5046 5158 5095
f 5059 5183 5107
f 5063 5148 5114
f 5057 5138 5123
f 5040 5130 5091
f 5041 5128 5072
f 5062 5134 5104
f 5064 5137 5119
f 5056 5141 5093
f 5055 5178 5122
f 5047 5161 5116
f 5058 5182 5102
f 5042 5142 5073
f 5054 5171 5112
f 5045 5154 5085
f 5046 5150 5077
f 5059 5167 5098
f 5063 5170 5109
f 5056 5177 5113
f 5055 5155 5089
f 5047 5156 5078
f 5058 5179 5097
f 5042 5146 5105
f 5036 5131 5090
f 5035 5127 5070
f 5037 5133 5100
f 5038 5136 5115
f 5039 5139 5120
f 5043 5147 5110
f 5053 5174 5087
f 5048 5159 5079
f 5060 5180 5099
f 5061 5145 5108
f 5049 5165 5086
f 5044 5149 5075
f 5050 5157 5096
f 5051 5169 5106
f 5052 5172 5111
f 5053 5175 5092
f 5048 5162 5121
f 5060 5160 5117
f 5061 5181 5103
f 5043 5144 5074
f 5036 5129 5131
f 5035 5125 5127
f 5037 5126 5133
f 5038 5132 5136
f 5039 5135 5139
f 5043 5140 5147
f 5053 5176 5174
f 5048 5163 5159
f 5060 5184 5180
f 5061 5143 5145
f 5049 5164 5165
f 5044 5151 5149
f 5050 5152 5157
f 5051 5166 5169
f 5052 5168 5172
f 5053 5173 5175
f 5048 5153 5162
f 5060 5158 5160
f 5061 5183 5181
f 5043 5148 5144
f 5036 5066 5129
f 5035 5065 5125
f 5037 5067 5126
f 5038 5068 5132
f 5039 5069 5135
f 5043 5074 5140
f 5053 5092 5176
f 5048 5121 5163
f 5060 5117 5184
f 5061 5103 5143
f 5049 5081 5164
f 5044 5080 5151
f 5050 5082 5152
f 5051 5083 5166
f 5052 5084 5168
f 5053 5087 5173
f 5048 5079 5153
f 5060 5099 5158
f 5061 5108 5183
f 5043 5110 5148
f 5039 5120 5138
f 5036 5090 5130
f 5035 5070 5128
f 5037 5100 5134
f 5038 5115 5137
f 5040 5091 5141
f 5057 5123 5178
f 5064 5119 5161
f 5062 5104 5182
f 5041 5072 5142
f 5052 5111 5171
f 5049 5086 5154
f 5044 5075 5150
f 5050 5096 5167
f 5051 5106 5170
f 5054 5112 5177
f 5045 5085 5155
f 5046 5077 5156
f 5059 5098 5179
f 5063 5109 5146
f 5057 5094 5131
f 5040 5071 5127
f 5041 5101 5133
f 5062 5118 5136
f 5064 5124 5139
f 5056 5113 5147
f 5055 5089 5174
f 5047 5078 5159
f 5058 5097 5180
f 5042 5105 5145
f 5054 5088 5165
f 5045 5076 5149
f 5046 5095 5157
f 5059 5107 5169
f 5063 5114 5172
f 5056 5093 5175
f 5055 5122 5162
f 5047 5116 5160
f 5058 5102 5181
f 5042 5073 5144
f 5039 5138 5129
f 5036 5130 5125
f 5035 5128 5126
f 5037 5134 5132
f 5038 5137 5135
f 5040 5141 5140
f 5057 5178 5176
f 5064 5161 5163
f 5062 5182 5184
f 5041 5142 5143
f 5052 5171 5164
f 5049 5154 5151
f 5044 5150 5152
f 5050 5167 5166
f 5051 5170 5168
f 5054 5177 5173
f 5045 5155 5153
f 5046 5156 5158
f 5059 5179 5183
f 5063 5146 5148
f 5129 5066 5069
f 5125 5065 5066
f 5126 5067 5065
f 5132 5068 5067
f 5135 5069 5068
f 5140 5074 5071
f 5176 5092 5094
f 5163 5121 5124
f 5184 5117 5118
f 5143 5103 5101
f 5164 5081 5084
f 5151 5080 5081
f 5152 5082 5080
f 5166 5083 5082
f 5168 5084 5083
f 5173 5087 5088
f 5153 5079 5076
f 5158 5099 5095
f 5183 5108 5107
f 5148 5110 5114
f 5138 5120 5123
f 5130 5090 5091
f 5128 5070 5072
f 5134 5100 5104
f 5137 5115 5119
f 5141 5091 5093
f 5178 5123 5122
f 5161 5119 5116
f 5182 5104 5102
f 5142 5072 5073
f 5171 5111 5112
f 5154 5086 5085
f 5150 5075 5077
f 5167 5096 5098
f 5170 5106 5109
f 5177 5112 5113
f 5155 5085 5089
f 5156 5077 5078
f 5179 5098 5097
f 5146 5109 5105
f 5131 5094 5090
f 5127 5071 5070
f 5133 5101 5100
f 5136 5118 5115
f 5139 5124 5120
f 5147 5113 5110
f 5174 5089 5087
f 5159 5078 5079
f 5180 5097 5099
f 5145 5105 5108
f 5165 5088 5086
f 5149 5076 5075
f 5157 5095 5096
f 5169 5107 5106
f 5172 5114 5111
f 5175 5093 5092
f 5162 5122 5121
f 5160 5116 5117
f 5181 5102 5103
f 5144 5073 5074
f 5129 5138 5131
f 5125 5130 5127
f 5126 5128 5133
f 5132 5134 5136
f 5135 5137 5139
f 5140 5141 5147
f 5176 5178 5174
f 5163 5161 5159
f 5184 5182 5180
f 5143 5142 5145
f 5164 5171 5165
f 5151 5154 5149
f 5152 5150 5157
f 5166 5167 5169
f 5168 5170 5172
f 5173 5177 5175
f 5153 5155 5162
f 5158 5156 5160
f 5183 5179 5181
f 5148 5146 5144
f 5185 5231 5228
f 5185 5228 5227
f 5185 5227 5229
f 5185 5229 5230
f 5185 5230 5231
f 5186 5233 5236
f 5190 5256 5254
f 5196 5286 5283
f 5195 5280 5279
f 5192 5263 5265
f 5188 5246 5243
f 5188 5243 5242
f 5188 5242 5244
f 5188 5244 5245
f 5188 5245 5246
f 5189 5250 5249
f 5187 5238 5241
f 5191 5257 5261
f 5193 5269 5270
f 5194 5276 5272
f 5196 5285 5282
f 5190 5253 5252
f 5186 5234 5232
f 5192 5266 5262
f 5195 5281 5277
f 5190 5255 5253
f 5196 5284 5285
f 5195 5278 5281
f 5192 5264 5266
f 5186 5235 5234
f 5194 5274 5273
f 5189 5247 5248
f 5187 5239 5237
f 5191 5260 5258
f 5193 5271 5268
f 5194 5275 5274
f 5189 5251 5247
f 5187 5240 5239
f 5191 5259 5260
f 5193 5267 5271
f 5190 5252 5256
f 5186 5232 5233
f 5192 5262 5263
f 5195 5277 5280
f 5196 5282 5286
f 5194 5272 5275
f 5189 5249 5251
f 5187 5241 5240
f 5191 5261 5259
f 5193 5270 5267
f 5189 5248 5250
f 5187 5237 5238
f 5191 5258 5257
f 5193 5268 5269
f 5194 5273 5276
f 5190 5254 5255
f 5196 5283 5284
f 5195 5279 5278
f 5192 5265 5264
f 5186 5236 5235
f 5219 5293 5300
f 5202 5289 5292
f 5203 5295 5290
f 5224 5298 5296
f 5226 5301 5299
f 5218 5309 5303
f 5217 5336 5340
f 5209 5321 5323
f 5220 5342 5344
f 5204 5307 5304
f 5216 5327 5333
f 5207 5311 5316
f 5208 5319 5312
f 5221 5331 5329
f 5225 5334 5332
f 5218 5337 5339
f 5217 5324 5317
f 5209 5322 5318
f 5220 5343 5341
f 5204 5306 5308
f 5201 5291 5231
f 5198 5287 5228
f 5197 5288 5227
f 5199 5294 5229
f 5200 5297 5230
f 5202 5302 5233
f 5219 5338 5256
f 5226 5325 5286
f 5224 5346 5280
f 5203 5305 5263
f 5214 5326 5246
f 5211 5313 5243
f 5206 5314 5242
f 5212 5328 5244
f 5213 5330 5245
f 5216 5335 5250
f 5207 5315 5238
f 5208 5320 5257
f 5221 5345 5269
f 5225 5310 5276
f 5219 5300 5285
f 5202 5292 5253
f 5203 5290 5234
f 5224 5296 5266
f 5226 5299 5281
f 5218 5303 5255
f 5217 5340 5284
f 5209 5323 5278
f 5220 5344 5264
f 5204 5304 5235
f 5216 5333 5274
f 5207 5316 5247
f 5208 5312 5239
f 5221 5329 5260
f 5225 5332 5271
f 5218 5339 5275
f 5217 5317 5251
f 5209 5318 5240
f 5220 5341 5259
f 5204 5308 5267
f 5198 5293 5252
f 5197 5289 5232
f 5199 5295 5262
f 5200 5298 5277
f 5201 5301 5282
f 5205 5309 5272
f 5215 5336 5249
f 5210 5321 5241
f 5222 5342 5261
f 5223 5307 5270
f 5211 5327 5248
f 5206 5311 5237
f 5212 5319 5258
f 5213 5331 5268
f 5214 5334 5273
f 5215 5337 5254
f 5210 5324 5283
f 5222 5322 5279
f 5223 5343 5265
f 5205 5306 5236
f 5198 5291 5293
f 5197 5287 5289
f 5199 5288 5295
f 5200 5294 5298
f 5201 5297 5301
f 5205 5302 5309
f 5215 5338 5336
f 5210 5325 5321
f 5222 5346 5342
f 5223 5305 5307
f 5211 5326 5327
f 5206 5313 5311
f 5212 5314 5319
f 5213 5328 5331
f 5214 5330 5334
f 5215 5335 5337
f 5210 5315 5324
f 5222 5320 5322
f 5223 5345 5343
f 5205 5310 5306
f 5198 5228 5291
f 5197 5227 5287
f 5199 5229 5288
f 5200 5230 5294
f 5201 5231 5297
f 5205 5236 5302
f 5215 5254 5338
f 5210 5283 5325
f 5222 5279 5346
f 5223 5265 5305
f 5211 5243 5326
f 5206 5242 5313
f 5212 5244 5314
f 5213 5245 5328
f 5214 5246 5330
f 5215 5249 5335
f 5210 5241 5315
f 5222 5261 5320
f 5223 5270 5345
f 5205 5272 5310
f 5201 5282 5300
f 5198 5252 5292
f 5197 5232 5290
f 5199 5262 5296
f 5200 5277 5299
f 5202 5253 5303
f 5219 5285 5340
f 5226 5281 5323
f 5224 5266 5344
f 5203 5234 5304
f 5214 5273 5333
f 5211 5248 5316
f 5206 5237 5312
f 5212 5258 5329
f 5213 5268 5332
f 5216 5274 5339
f 5207 5247 5317
f 5208 5239 5318
f 5221 5260 5341
f 5225 5271 5308
f 5219 5256 5293
f 5202 5233 5289
f 5203 5263 5295
f 5224 5280 5298
f 5226 5286 5301
f 5218 5275 5309
f 5217 5251 5336
f 5209 5240 5321
f 5220 5259 5342
f 5204 5267 5307
f 5216 5250 5327
f 5207 5238 5311
f 5208 5257 5319
f 5221 5269 5331
f 5225 5276 5334
f 5218 5255 5337
f 5217 5284 5324
f 5209 5278 5322
f 5220 5264 5343
f 5204 5235 5306
f 5201 5300 5291
f 5198 5292 5287
f 5197 5290 5288
f 5199 5296 5294
f 5200 5299 5297
f 5202 5303 5302
f 5219 5340 5338
f 5226 5323 5325
f 5224 5344 5346
f 5203 5304 5305
f 5214 5333 5326
f 5211 5316 5313
f 5206 5312 5314
f 5212 5329 5328
f 5213 5332 5330
f 5216 5339 5335
f 5207 5317 5315
f 5208 5318 5320
f 5221 5341 5345
f 5225 5308 5310
f 5291 5228 5231
f 5287 5227 5228
f 5288 5229 5227
f 5294 5230 5229
f 5297 5231 5230
f 5302 5236 5233
f 5338 5254 5256
f 5325 5283 5286
f 5346 5279 5280
f 5305 5265 5263
f 5326 5243 5246
f 5313 5242 5243
f 5314 5244 5242
f 5328 5245 5244
f 5330 5246 5245
f 5335 5249 5250
f 5315 5241 5238
f 5320 5261 5257
f 5345 5270 5269
f 5310 5272 5276
f 5300 5282 5285
f 5292 5252 5253
f 5290 5232 5234
f 5296 5262 5266
f 5299 5277 5281
f 5303 5253 5255
f 5340 5285 5284
f 5323 5281 5278
f 5344 5266 5264
f 5304 5234 5235
f 5333 5273 5274
f 5316 5248 5247
f 5312 5237 5239
f 5329 5258 5260
f 5332 5268 5271
f 5339 5274 5275
f 5317 5247 5251
f 5318 5239 5240
f 5341 5260 5259
f 5308 5271 5267
f 5293 5256 5252
f 5289 5233 5232
f 5295 5263 5262
f 5298 5280 5277
f 5301 5286 5282
f 5309 5275 5272
f 5336 5251 5249
f 5321 5240 5241
f 5342 5259 5261
f 5307 5267 5270
f 5327 5250 5248
f 5311 5238 5237
f 5319 5257 5258
f 5331 5269 5268
f 5334 5276 5273
f 5337 5255 5254
f 5324 5284 5283
f 5322 5278 5279
f 5343 5264 5265
f 5306 5235 5236
f 5291 5300 5293
f 5287 5292 5289
f 5288 5290 5295
f 5294 5296 5298
f 5297 5299 5301
f 5302 5303 5309
f 5338 5340 5336
f 5325 5323 5321
f 5346 5344 5342
f 5305 5304 5307
f 5326 5333 5327
f 5313 5316 5311
f 5314 5312 5319
f 5328 5329 5331
f 5330 5332 5334
f 5335 5339 5337
f 5315 5317 5324
f 5320 5318 5322
f 5345 5341 5343
f 5310 5308 5306
f 5347 5393 5390
f 5347 5390 5389
f 5347 5389 5391
f 5347 5391 5392
f 5347 5392 5393
f 5348 5395 5398
f 5352 5418 5416
f 5358 5448 5445
f 5357 5442 5441
f 5354 5425 5427
f 5350 5408 5405
f 5350 5405 5404
f 5350 5404 5406
f 5350 5406 5407
f 5350 5407 5408
f 5351 5412 5411
f 5349 5400 5403
f 5353 5419 5423
f 5355 5431 5432
f 5356 5438 5434
f 5358 5447 5444
f 5352 5415 5414
f 5348 5396 5394
f 5354 5428 5424
f 5357 5443 5439
f 5352 5417 5415
f 5358 5446 5447
f 5357 5440 5443
f 5354 5426 5428
f 5348 5397 5396
f 5356 5436 5435
f 5351 5409 5410
f 5349 5401 5399
f 5353 5422 5420
f 5355 5433 5430
f 5356 5437 5436
f 5351 5413 5409
f 5349 5402 5401
f 5353 5421 5422
f 5355 5429 5433
f 5352 5414 5418
f 5348 5394 5395
f 5354 5424 5425
f 5357 5439 5442
f 5358 5444 5448
f 5356 5434 5437
f 5351 5411 5413
f 5349 5403 5402
f 5353 5423 5421
f 5355 5432 5429
f 5351 5410 5412
f 5349 5399 5400
f 5353 5420 5419
f 5355 5430 5431
f 5356 5435 5438
f 5352 5416 5417
f 5358 5445 5446
f 5357 5441 5440
f 5354 5427 5426
f 5348 5398 5397
f 5381 5455 5462
f 5364 5451 5454
f 5365 5457 5452
f 5386 5460 5458
f 5388 5463 5461
f 5380 5471 5465
f 5379 5498 5502
f 5371 5483 5485
f 5382 5504 5506
f 5366 5469 5466
f 5378 5489 5495
f 5369 5473 5478
f 5370 5481 5474
f 5383 5493 5491
f 5387 5496 5494
f 5380 5499 5501
f 5379 5486 5479
f 5371 5484 5480
f 5382 5505 5503
f 5366 5468 5470
f 5363 5453 5393
f 5360 5449 5390
f 5359 5450 5389
f 5361 5456 5391
f 5362 5459 5392
f 5364 5464 5395
f 5381 5500 5418
f 5388 5487 5448
f 5386 5508 5442
f 5365 5467 5425
f 5376 5488 5408
f 5373 5475 5405
f 5368 5476 5404
f 5374 5490 5406
f 5375 5492 5407
f 5378 5497 5412
f 5369 5477 5400
f 5370 5482 5419
f 5383 5507 5431
f 5387 5472 5438
f 5381 5462 5447
f 5364 5454 5415
f 5365 5452 5396
f 5386 5458 5428
f 5388 5461 5443
f 5380 5465 5417
f 5379 5502 5446
f 5371 5485 5440
f 5382 5506 5426
f 5366 5466 5397
f 5378 5495 5436
f 5369 5478 5409
f 5370 5474 5401
f 5383 5491 5422
f 5387 5494 5433
f 5380 5501 5437
f 5379 5479 5413
f 5371 5480 5402
f 5382 5503 5421
f 5366 5470 5429
f 5360 5455 5414
f 5359 5451 5394
f 5361 5457 5424
f 5362 5460 5439
f 5363 5463 5444
f 5367 5471 5434
f 5377 5498 5411
f 5372 5483 5403
f 5384 5504 5423
f 5385 5469 5432
f 5373 5489 5410
f 5368 5473 5399
f 5374 5481 5420
f 5375 5493 5430
f 5376 5496 5435
f 5377 5499 5416
f 5372 5486 5445
f 5384 5484 5441
f 5385 5505 5427
f 5367 5468 5398
f 5360 5453 5455
f 5359 5449 5451
f 5361 5450 5457
f 5362 5456 5460
f 5363 5459 5463
f 5367 5464 5471
f 5377 5500 5498
f 5372 5487 5483
f 5384 5508 5504
f 5385 5467 5469
f 5373 5488 5489
f 5368 5475 5473
f 5374 5476 5481
f 5375 5490 5493
f 5376 5492 5496
f 5377 5497 5499
f 5372 5477 5486
f 5384 5482 5484
f 5385 5507 5505
f 5367 5472 5468
f 5360 5390 5453
f 5359 5389 5449
f 5361 5391 5450
f 5362 5392 5456
f 5363 5393 5459
f 5367 5398 5464
f 5377 5416 5500
f 5372 5445 5487
f 5384 5441 5508
f 5385 5427 5467
f 5373 5405 5488
f 5368 5404 5475
f 5374 5406 5476
f 5375 5407 5490
f 5376 5408 5492
f 5377 5411 5497
f 5372 5403 5477
f 5384 5423 5482
f 5385 5432 5507
f 5367 5434 5472
f 5363 5444 5462
f 5360 5414 5454
f 5359 5394 5452
f 5361 5424 5458
f 5362 5439 5461
f 5364 5415 5465
f 5381 5447 5502
f 5388 5443 5485
f 5386 5428 5506
f 5365 5396 5466
f 5376 5435 5495
f 5373 5410 5478
f 5368 5399 5474
f 5374 5420 5491
f 5375 5430 5494
f 5378 5436 5501
f 5369 5409 5479
f 5370 5401 5480
f 5383 5422 5503
f 5387 5433 5470
f 5381 5418 5455
f 5364 5395 5451
f 5365 5425 5457
f 5386 5442 5460
f 5388 5448 5463
f 5380 5437 5471
f 5379 5413 5498
f 5371 5402 5483
f 5382 5421 5504
f 5366 5429 5469
f 5378 5412 5489
f 5369 5400 5473
f 5370 5419 5481
f 5383 5431 5493
f 5387 5438 5496
f 5380 5417 5499
f 5379 5446 5486
f 5371 5440 5484
f 5382 5426 5505
f 5366 5397 5468
f 5363 5462 5453
f 5360 5454 5449
f 5359 5452 5450
f 5361 5458 5456
f 5362 5461 5459
f 5364 5465 5464
f 5381 5502 5500
f 5388 5485 5487
f 5386 5506 5508
f 5365 5466 5467
f 5376 5495 5488
f 5373 5478 5475
f 5368 5474 5476
f 5374 5491 5490
f 5375 5494 5492
f 5378 5501 5497
f 5369 5479 5477
f 5370 5480 5482
f 5383 5503 5507
f 5387 5470 5472
f 5453 5390 5393
f 5449 5389 5390
f 5450 5391 5389
f 5456 5392 5391
f 5459 5393 5392
f 5464 5398 5395
f 5500 5416 5418
f 5487 5445 5448
f 5508 5441 5442
f 5467 5427 5425
f 5488 5405 5408
f 5475 5404 5405
f 5476 5406 5404
f 5490 5407 5406
f 5492 5408 5407
f 5497 5411 5412
f 5477 5403 5400
f 5482 5423 5419
f 5507 5432 5431
f 5472 5434 5438
f 5462 5444 5447
f 5454 5414 5415
f 5452 5394 5396
f 5458 5424 5428
f 5461 5439 5443
f 5465 5415 5417
f 5502 5447 5446
f 5485 5443 5440
f 5506 5428 5426
f 5466 5396 5397
f 5495 5435 5436
f 5478 5410 5409
f 5474 5399 5401
f 5491 5420 5422
f 5494 5430 5433
f 5501 5436 5437
f 5479 5409 5413
f 5480 5401 5402
f 5503 5422 5421
f 5470 5433 5429
f 5455 5418 5414
f 5451 5395 5394
f 5457 5425 5424
f 5460 5442 5439
f 5463 5448 5444
f 5471 5437 5434
f 5498 5413 5411
f 5483 5402 5403
f 5504 5421 5423
f 5469 5429 5432
f 5489 5412 5410
f 5473 5400 5399
f 5481 5419 5420
f 5493 5431 5430
f 5496 5438 5435
f 5499 5417 5416
f 5486 5446 5445
f 5484 5440 5441
f 5505 5426 5427
f 5468 5397 5398
f 5453 5462 5455
f 5449 5454 5451
f 5450 5452 5457
f 5456 5458 5460
f 5459 5461 5463
f 5464 5465 5471
f 5500 5502 5498
f 5487 5485 5483
f 5508 5506 5504
f 5467 5466 5469
f 5488 5495 5489
f 5475 5478 5473
f 5476 5474 5481
f 5490 5491 5493
f 5492 5494 5496
f 5497 5501 5499
f 5477 5479 5486
f 5482 5480 5484
f 5507 5503 5505
f 5472 5470 5468
f 5509 5555 5552
f 5509 5552 5551
f 5509 5551 5553
f 5509 5553 5554
f 5509 5554 5555
f 5510 5557 5560
f 5514 5580 5578
f 5520 5610 5607
f 5519 5604 5603
f 5516 5587 5589
f 5512 5570 5567
f 5512 5567 5566
f 5512 5566 5568
f 5512 5568 5569
f 5512 5569 5570
f 5513 5574 5573
f 5511 5562 5565
f 5515 5581 5585
f 5517 5593 5594
f 5518 5600 5596
f 5520 5609 5606
f 5514 5577 5576
f 5510 5558 5556
f 5516 5590 5586
f 5519 5605 5601
f 5514 5579 5577
f 5520 5608 5609
f 5519 5602 5605
f 5516 5588 5590
f 5510 5559 5558
f 5518 5598 5597
f 5513 5571 5572
f 5511 5563 5561
f 5515 5584 5582
f 5517 5595 5592
f 5518 5599 5598
f 5513 5575 5571
f 5511 5564 5563
f 5515 5583 5584
f 5517 5591 5595
f 5514 5576 5580
f 5510 5556 5557
f 5516 5586 5587
f 5519 5601 5604
f 5520 5606 5610
f 5518 5596 5599
f 5513 5573 5575
f 5511 5565 5564
f 5515 5585 5583
f 5517 5594 5591
f 5513 5572 5574
f 5511 5561 5562
f 5515 5582 5581
f 5517 5592 5593
f 5518 5597 5600
f 5514 5578 5579
f 5520 5607 5608
f 5519 5603 5602
f 5516 5589 5588
f 5510 5560 5559
f 5543 5617 5624
f 5526 5613 5616
f 5527 5619 5614
f 5548 5622 5620
f 5550 5625 5623
f 5542 5633 5627
f 5541 5660 5664
f 5533 5645 5647
f 5544 5666 5668
f 5528 5631 5628
f 5540 5651 5657
f 5531 5635 5640
f 5532 5643 5636
f 5545 5655 5653
f 5549 5658 5656
f 5542 5661 5663
f 5541 5648 5641
f 5533 5646 5642
f 5544 5667 5665
f 5528 5630 5632
f 5525 5615 5555
f 5522 5611 5552
f 5521 5612 5551
f 5523 5618 5553
f 5524 5621 5554
f 5526 5626 5557
f 5543 5662 5580
f 5550 5649 5610
f 5548 5670 5604
f 5527 5629 5587
f 5538 5650 5570
f 5535 5637 5567
f 5530 5638 5566
f 5536 5652 5568
f 5537 5654 5569
f 5540 5659 5574
f 5531 5639 5562
f 5532 5644 5581
f 5545 5669 5593
f 5549 5634 5600
f 5543 5624 5609
f 5526 5616 5577
f 5527 5614 5558
f 5548 5620 5590
f 5550 5623 5605
f 5542 5627 5579
f 5541 5664 5608
f 5533 5647 5602
f 5544 5668 5588
f 5528 5628 5559
f 5540 5657 5598
f 5531 5640 5571
f 5532 5636 5563
f 5545 5653 5584
f 5549 5656 5595
f 5542 5663 5599
f 5541 5641 5575
f 5533 5642 5564
f 5544 5665 5583
f 5528 5632 5591
f 5522 5617 5576
f 5521 5613 5556
f 5523 5619 5586
f 5524 5622 5601
f 5525 5625 5606
f 5529 5633 5596
f 5539 5660 5573
f 5534 5645 5565
f 5546 5666 5585
f 5547 5631 5594
f 5535 5651 5572
f 5530 5635 5561
f 5536 5643 5582
f 5537 5655 5592
f 5538 5658 5597
f 5539 5661 5578
f 5534 5648 5607
f 5546 5646 5603
f 5547 5667 5589
f 5529 5630 5560
f 5522 5615 5617
f 5521 5611 5613
f 5523 5612 5619
f 5524 5618 5622
f 5525 5621 5625
f 5529 5626 5633
f 5539 5662 5660
f 5534 5649 5645
f 5546 5670 5666
f 5547 5629 5631
f 5535 5650 5651
f 5530 5637 5635
f 5536 5638 5643
f 5537 5652 5655
f 5538 5654 5658
f 5539 5659 5661
f 5534 5639 5648
f 5546 5644 5646
f 5547 5669 5667
f 5529 5634 5630
f 5522 5552 5615
f 5521 5551 5611
f 5523 5553 5612
f 5524 5554 5618
f 5525 5555 5621
f 5529 5560 5626
f 5539 5578 5662
f 5534 5607 5649
f 5546 5603 5670
f 5547 5589 5629
f 5535 5567 5650
f 5530 5566 5637
f 5536 5568 5638
f 5537 5569 5652
f 5538 5570 5654
f 5539 5573 5659
f 5534 5565 5639
f 5546 5585 5644
f 5547 5594 5669
f 5529 5596 5634
f 5525 5606 5624
f 5522 5576 5616
f 5521 5556 5614
f 5523 5586 5620
f 5524 5601 5623
f 5526 5577 5627
f 5543 5609 5664
f 5550 5605 5647
f 5548 5590 5668
f 5527 5558 5628
f 5538 5597 5657
f 5535 5572 5640
f 5530 5561 5636
f 5536 5582 5653
f 5537 5592 5656
f 5540 5598 5663
f 5531 5571 5641
f 5532 5563 5642
f 5545 5584 5665
f 5549 5595 5632
f 5543 5580 5617
f 5526 5557 5613
f 5527 5587 5619
f 5548 5604 5622
f 5550 5610 5625
f 5542 5599 5633
f 5541 5575 5660
f 5533 5564 5645
f 5544 5583 5666
f 5528 5591 5631
f 5540 5574 5651
f 5531 5562 5635
f 5532 5581 5643
f 5545 5593 5655
f 5549 5600 5658
f 5542 5579 5661
f 5541 5608 5648
f 5533 5602 5646
f 5544 5588 5667
f 5528 5559 5630
f 5525 5624 5615
f 5522 5616 5611
f 5521 5614 5612
f 5523 5620 5618
f 5524 5623 5621
f 5526 5627 5626
f 5543 5664 5662
f 5550 5647 5649
f 5548 5668 5670
f 5527 5628 5629
f 5538 5657 5650
f 5535 5640 5637
f 5530 5636 5638
f 5536 5653 5652
f 5537 5656 5654
f 5540 5663 5659
f 5531 5641 5639
f 5532 5642 5644
f 5545 5665 5669
f 5549 5632 5634
f 5615 5552 5555
f 5611 5551 5552
f 5612 5553 5551
f 5618 5554 5553
f 5621 5555 5554
f 5626 5560 5557
f 5662 5578 5580
f 5649 5607 5610
f 5670 5603 5604
f 5629 5589 5587
f 5650 5567 5570
f 5637 5566 5567
f 5638 5568 5566
f 5652 5569 5568
f 5654 5570 5569
f 5659 5573 5574
f 5639 5565 5562
f 5644 5585 5581
f 5669 5594 5593
f 5634 5596 5600
f 5624 5606 5609
f 5616 5576 5577
f 5614 5556 5558
f 5620 5586 5590
f 5623 5601 5605
f 5627 5577 5579
f 5664 5609 5608
f 5647 5605 5602
f 5668 5590 5588
f 5628 5558 5559
f 5657 5597 5598
f 5640 5572 5571
f 5636 5561 5563
f 5653 5582 5584
f 5656 5592 5595
f 5663 5598 5599
f 5641 5571 5575
f 5642 5563 5564
f 5665 5584 5583
f 5632 5595 5591
f 5617 5580 5576
f 5613 5557 5556
f 5619 5587 5586
f 5622 5604 5601
f 5625 5610 5606
f 5633 5599 5596
f 5660 5575 5573
f 5645 5564 5565
f 5666 5583 5585
f 5631 5591 5594
f 5651 5574 5572
f 5635 5562 5561
f 5643 5581 5582
f 5655 5593 5592
f 5658 5600 5597
f 5661 5579 5578
f 5648 5608 5607
f 5646 5602 5603
f 5667 5588 5589
f 5630 5559 5560
f 5615 5624 5617
f 5611 5616 5613
f 5612 5614 5619
f 5618 5620 5622
f 5621 5623 5625
f 5626 5627 5633
f 5662 5664 5660
f 5649 5647 5645
f 5670 5668 5666
f 5629 5628 5631
f 5650 5657 5651
f 5637 5640 5635
f 5638 5636 5643
f 5652 5653 5655
f 5654 5656 5658
f 5659 5663 5661
f 5639 5641 5648
f 5644 5642 5646
f 5669 5665 5667
f 5634 5632 5630
f 5671 5717 5714
f 5671 5714 5713
f 5671 5713 5715
f 5671 5715 5716
f 5671 5716 5717
f 5672 5719 5722
f 5676 5742 5740
f 5682 5772 5769
f 5681 5766 5765
f 5678 5749 5751
f 5674 5732 5729
f 5674 5729 5728
f 5674 5728 5730
f 5674 5730 5731
f 5674 5731 5732
f 5675 5736 5735
f 5673 5724 5727
f 5677 5743 5747
f 5679 5755 5756
f 5680 5762 5758
f 5682 5771 5768
f 5676 5739 5738
f 5672 5720 5718
f 5678 5752 5748
f 5681 5767 5763
f 5676 5741 5739
f 5682 5770 5771
f 5681 5764 5767
f 5678 5750 5752
f 5672 5721 5720
f 5680 5760 5759
f 5675 5733 5734
f 5673 5725 5723
f 5677 5746 5744
f 5679 5757 5754
f 5680 5761 5760
f 5675 5737 5733
f 5673 5726 5725
f 5677 5745 5746
f 5679 5753 5757
f 5676 5738 5742
f 5672 5718 5719
f 5678 5748 5749
f 5681 5763 5766
f 5682 5768 5772
f 5680 5758 5761
f 5675 5735 5737
f 5673 5727 5726
f 5677 5747 5745
f 5679 5756 5753
f 5675 5734 5736
f 5673 5723 5724
f 5677 5744 5743
f 5679 5754 5755
f 5680 5759 5762
f 5676 5740 5741
f 5682 5769 5770
f 5681 5765 5764
f 5678 5751 5750
f 5672 5722 5721
f 5705 5779 5786
f 5688 5775 5778
f 5689 5781 5776
f 5710 5784 5782
f 5712 5787 5785
f 5704 5795 5789
f 5703 5822 5826
f 5695 5807 5809
f 5706 5828 5830
f 5690 5793 5790
f 5702 5813 5819
f 5693 5797 5802
f 5694 5805 5798
f 5707 5817 5815
f 5711 5820 5818
f 5704 5823 5825
f 5703 5810 5803
f 5695 5808 5804
f 5706 5829 5827
f 5690 5792 5794
f 5687 5777 5717
f 5684 5773 5714
f 5683 5774 5713
f 5685 5780 5715
f 5686 5783 5716
f 5688 5788 5719
f 5705 5824 5742
f 5712 5811 5772
f 5710 5832 5766
f 5689 5791 5749
f 5700 5812 5732
f 5697 5799 5729
f 5692 5800 5728
f 5698 5814 5730
f 5699 5816 5731
f 5702 5821 5736
f 5693 5801 5724
f 5694 5806 5743
f 5707 5831 5755
f 5711 5796 5762
f 5705 5786 5771
f 5688 5778 5739
f 5689 5776 5720
f 5710 5782 5752
f 5712 5785 5767
f 5704 5789 5741
f 5703 5826 5770
f 5695 5809 5764
f 5706 5830 5750
f 5690 5790 5721
f 5702 5819 5760
f 5693 5802 5733
f 5694 5798 5725
f 5707 5815 5746
f 5711 5818 5757
f 5704 5825 5761
f 5703 5803 5737
f 5695 5804 5726
f 5706 5827 5745
f 5690 5794 5753
f 5684 5779 5738
f 5683 5775 5718
f 5685 5781 5748
f 5686 5784 5763
f 5687 5787 5768
f 5691 5795 5758
f 5701 5822 5735
f 5696 5807 5727
f 5708 5828 5747
f 5709 5793 5756
f 5697 5813 5734
f 5692 5797 5723
f 5698 5805 5744
f 5699 5817 5754
f 5700 5820 5759
f 5701 5823 5740
f 5696 5810 5769
f 5708 5808 5765
f 5709 5829 5751
f 5691 5792 5722
f 5684 5777 5779
f 5683 5773 5775
f 5685 5774 5781
f 5686 5780 5784
f 5687 5783 5787
f 5691 5788 5795
f 5701 5824 5822
f 5696 5811 5807
f 5708 5832 5828
f 5709 5791 5793
f 5697 5812 5813
f 5692 5799 5797
f 5698 5800 5805
f 5699 5814 5817
f 5700 5816 5820
f 5701 5821 5823
f 5696 5801 5810
f 5708 5806 5808
f 5709 5831 5829
f 5691 5796 5792
f 5684 5714 5777
f 5683 5713 5773
f 5685 5715 5774
f 5686 5716 5780
f 5687 5717 5783
f 5691 5722 5788
f 5701 5740 5824
f 5696 5769 5811
f 5708 5765 5832
f 5709 5751 5791
f 5697 5729 5812
f 5692 5728 5799
f 5698 5730 5800
f 5699 5731 5814
f 5700 5732 5816
f 5701 5735 5821
f 5696 5727 5801
f 5708 5747 5806
f 5709 5756 5831
f 5691 5758 5796
f 5687 5768 5786
f 5684 5738 5778
f 5683 5718 5776
f 5685 5748 5782
f 5686 5763 5785
f 5688 5739 5789
f 5705 5771 5826
f 5712 5767 5809
f 5710 5752 5830
f 5689 5720 5790
f 5700 5759 5819
f 5697 5734 5802
f 5692 5723 5798
f 5698 5744 5815
f 5699 5754 5818
f 5702 5760 5825
f 5693 5733 5803
f 5694 5725 5804
f 5707 5746 5827
f 5711 5757 5794
f 5705 5742 5779
f 5688 5719 5775
f 5689 5749 5781
f 5710 5766 5784
f 5712 5772 5787
f 5704 5761 5795
f 5703 5737 5822
f 5695 5726 5807
f 5706 5745 5828
f 5690 5753 5793
f 5702 5736 5813
f 5693 5724 5797
f 5694 5743 5805
f 5707 5755 5817
f 5711 5762 5820
f 5704 5741 5823
f 5703 5770 5810
f 5695 5764 5808
f 5706 5750 5829
f 5690 5721 5792
f 5687 5786 5777
f 5684 5778 5773
f 5683 5776 5774
f 5685 5782 5780
f 5686 5785 5783
f 5688 5789 5788
f 5705 5826 5824
f 5712 5809 5811
f 5710 5830 5832
f 5689 5790 5791
f 5700 5819 5812
f 5697 5802 5799
f 5692 5798 5800
f 5698 5815 5814
f 5699 5818 5816
f 5702 5825 5821
f 5693 5803 5801
f 5694 5804 5806
f 5707 5827 5831
f 5711 5794 5796
f 5777 5714 5717
f 5773 5713 5714
f 5774 5715 5713
f 5780 5716 5715
f 5783 5717 5716
f 5788 5722 5719
f 5824 5740 5742
f 5811 5769 5772
f 5832 5765 5766
f 5791 5751 5749
f 5812 5729 5732
f 5799 5728 5729
f 5800 5730 5728
f 5814 5731 5730
f 5816 5732 5731
f 5821 5735 5736
f 5801 5727 5724
f 5806 5747 5743
f 5831 5756 5755
f 5796 5758 5762
f 5786 5768 5771
f 5778 5738 5739
f 5776 5718 5720
f 5782 5748 5752
f 5785 5763 5767
f 5789 5739 5741
f 5826 5771 5770
f 5809 5767 5764
f 5830 5752 5750
f 5790 5720 5721
f 5819 5759 5760
f 5802 5734 5733
f 5798 5723 5725
f 5815 5744 5746
f 5818 5754 5757
f 5825 5760 5761
f 5803 5733 5737
f 5804 5725 5726
f 5827 5746 5745
f 5794 5757 5753
f 5779 5742 5738
f 5775 5719 5718
f 5781 5749 5748
f 5784 5766 5763
f 5787 5772 5768
f 5795 5761 5758
f 5822 5737 5735
f 5807 5726 5727
f 5828 5745 5747
f 5793 5753 5756
f 5813 5736 5734
f 5797 5724 5723
f 5805 5743 5744
f 5817 5755 5754
f 5820 5762 5759
f 5823 5741 5740
f 5810 5770 5769
f 5808 5764 5765
f 5829 5750 5751
f 5792 5721 5722
f 5777 5786 5779
f 5773 5778 5775
f 5774 5776 5781
f 5780 5782 5784
f 5783 5785 5787
f 5788 5789 5795
f 5824 5826 5822
f 5811 5809 5807
f 5832 5830 5828
f 5791 5790 5793
f 5812 5819 5813
f 5799 5802 5797
f 5800 5798 5805
f 5814 5815 5817
f 5816 5818 5820
f 5821 5825 5823
f 5801 5803 5810
f 5806 5804 5808
f 5831 5827 5829
f 5796 5794 5792
f 5833 5879 5876
f 5833 5876 5875
f 5833 5875 5877
f 5833 5877 5878
f 5833 5878 5879
f 5834 5881 5884
f 5838 5904 5902
f 5844 5934 5931
f 5843 5928 5927
f 5840 5911 5913
f 5836 5894 5891
f 5836 5891 5890
f 5836 5890 5892
f 5836 5892 5893
f 5836 5893 5894
f 5837 5898 5897
f 5835 5886 5889
f 5839 5905 5909
f 5841 5917 5918
f 5842 5924 5920
f 5844 5933 5930
f 5838 5901 5900
f 5834 5882 5880
f 5840 5914 5910
f 5843 5929 5925
f 5838 5903 5901
f 5844 5932 5933
f 5843 5926 5929
f 5840 5912 5914
f 5834 5883 5882
f 5842 5922 5921
f 5837 5895 5896
f 5835 5887 5885
f 5839 5908 5906
f 5841 5919 5916
f 5842 5923 5922
f 5837 5899 5895
f 5835 5888 5887
f 5839 5907 5908
f 5841 5915 5919
f 5838 5900 5904
f 5834 5880 5881
f 5840 5910 5911
f 5843 5925 5928
f 5844 5930 5934
f 5842 5920 5923
f 5837 5897 5899
f 5835 5889 5888
f 5839 5909 5907
f 5841 5918 5915
f 5837 5896 5898
f 5835 5885 5886
f 5839 5906 5905
f 5841 5916 5917
f 5842 5921 5924
f 5838 5902 5903
f 5844 5931 5932
f 5843 5927 5926
f 5840 5913 5912
f 5834 5884 5883
f 5867 5941 5948
f 5850 5937 5940
f 5851 5943 5938
f 5872 5946 5944
f 5874 5949 5947
f 5866 5957 5951
f 5865 5984 5988
f 5857 5969 5971
f 5868 5990 5992
f 5852 5955 5952
f 5864 5975 5981
f 5855 5959 5964
f 5856 5967 5960
f 5869 5979 5977
f 5873 5982 5980
f 5866 5985 5987
f 5865 5972 5965
f 5857 5970 5966
f 5868 5991 5989
f 5852 5954 5956
f 5849 5939 5879
f 5846 5935 5876
f 5845 5936 5875
f 5847 5942 5877
f 5848 5945 5878
f 5850 5950 5881
f 5867 5986 5904
f 5874 5973 5934
f 5872 5994 5928
f 5851 5953 5911
f 5862 5974 5894
f 5859 5961 5891
f 5854 5962 5890
f 5860 5976 5892
f 5861 5978 5893
f 5864 5983 5898
f 5855 5963 5886
f 5856 5968 5905
f 5869 5993 5917
f 5873 5958 5924
f 5867 5948 5933
f 5850 5940 5901
f 5851 5938 5882
f 5872 5944 5914
f 5874 5947 5929
f 5866 5951 5903
f 5865 5988 5932
f 5857 5971 5926
f 5868 5992 5912
f 5852 5952 5883
f 5864 5981 5922
f 5855 5964 5895
f 5856 5960 5887
f 5869 5977 5908
f 5873 5980 5919
f 5866 5987 5923
f 5865 5965 5899
f 5857 5966 5888
f 5868 5989 5907
f 5852 5956 5915
f 5846 5941 5900
f 5845 5937 5880
f 5847 5943 5910
f 5848 5946 5925
f 5849 5949 5930
f 5853 5957 5920
f 5863 5984 5897
f 5858 5969 5889
f 5870 5990 5909
f 5871 5955 5918
f 5859 5975 5896
f 5854 5959 5885
f 5860 5967 5906
f 5861 5979 5916
f 5862 5982 5921
f 5863 5985 5902
f 5858 5972 5931
f 5870 5970 5927
f 5871 5991 5913
f 5853 5954 5884
f 5846 5939 5941
f 5845 5935 5937
f 5847 5936 5943
f 5848 5942 5946
f 5849 5945 5949
f 5853 5950 5957
f 5863 5986 5984
f 5858 5973 5969
f 5870 5994 5990
f 5871 5953 5955
f 5859 5974 5975
f 5854 5961 5959
f 5860 5962 5967
f 5861 5976 5979
f 5862 5978 5982
f 5863 5983 5985
f 5858 5963 5972
f 5870 5968 5970
f 5871 5993 5991
f 5853 5958 5954
f 5846 5876 5939
f 5845 5875 5935
f 5847 5877 5936
f 5848 5878 5942
f 5849 5879 5945
f 5853 5884 5950
f 5863 5902 5986
f 5858 5931 5973
f 5870 5927 5994
f 5871 5913 5953
f 5859 5891 5974
f 5854 5890 5961
f 5860 5892 5962
f 5861 5893 5976
f 5862 5894 5978
f 5863 5897 5983
f 5858 5889 5963
f 5870 5909 5968
f 5871 5918 5993
f 5853 5920 5958
f 5849 5930 5948
f 5846 5900 5940
f 5845 5880 5938
f 5847 5910 5944
f 5848 5925 5947
f 5850 5901 5951
f 5867 5933 5988
f 5874 5929 5971
f 5872 5914 5992
f 5851 5882 5952
f 5862 5921 5981
f 5859 5896 5964
f 5854 5885 5960
f 5860 5906 5977
f 5861 5916 5980
f 5864 5922 5987
f 5855 5895 5965
f 5856 5887 5966
f 5869 5908 5989
f 5873 5919 5956
f 5867 5904 5941
f 5850 5881 5937
f 5851 5911 5943
f 5872 5928 5946
f 5874 5934 5949
f 5866 5923 5957
f 5865 5899 5984
f 5857 5888 5969
f 5868 5907 5990
f 5852 5915 5955
f 5864 5898 5975
f 5855 5886 5959
f 5856 5905 5967
f 5869 5917 5979
f 5873 5924 5982
f 5866 5903 5985
f 5865 5932 5972
f 5857 5926 5970
f 5868 5912 5991
f 5852 5883 5954
f 5849 5948 5939
f 5846 5940 5935
f 5845 5938 5936
f 5847 5944 5942
f 5848 5947 5945
f 5850 5951 5950
f 5867 5988 5986
f 5874 5971 5973
f 5872 5992 5994
f 5851 5952 5953
f 5862 5981 5974
f 5859 5964 5961
f 5854 5960 5962
f 5860 5977 5976
f 5861 5980 5978
f 5864 5987 5983
f 5855 5965 5963
f 5856 5966 5968
f 5869 5989 5993
f 5873 5956 5958
f 5939 5876 5879
f 5935 5875 5876
f 5936 5877 5875
f 5942 5878 5877
f 5945 5879 5878
f 5950 5884 5881
f 5986 5902 5904
f 5973 5931 5934
f 5994 5927 5928
f 5953 5913 5911
f 5974 5891 5894
f 5961 5890 5891
f 5962 5892 5890
f 5976 5893 5892
f 5978 5894 5893
f 5983 5897 5898
f 5963 5889 5886
f 5968 5909 5905
f 5993 5918 5917
f 5958 5920 5924
f 5948 5930 5933
f 5940 5900 5901
f 5938 5880 5882
f 5944 5910 5914
f 5947 5925 5929
f 5951 5901 5903
f 5988 5933 5932
f 5971 5929 5926
f 5992 5914 5912
f 5952 5882 5883
f 5981 5921 5922
f 5964 5896 5895
f 5960 5885 5887
f 5977 5906 5908
f 5980 5916 5919
f 5987 5922 5923
f 5965 5895 5899
f 5966 5887 5888
f 5989 5908 5907
f 5956 5919 5915
f 5941 5904 5900
f 5937 5881 5880
f 5943 5911 5910
f 5946 5928 5925
f 5949 5934 5930
f 5957 5923 5920
f 5984 5899 5897
f 5969 5888 5889
f 5990 5907 5909
f 5955 5915 5918
f 5975 5898 5896
f 5959 5886 5885
f 5967 5905 5906
f 5979 5917 5916
f 5982 5924 5921
f 5985 5903 5902
f 5972 5932 5931
f 5970 5926 5927
f 5991 5912 5913
f 5954 5883 5884
f 5939 5948 5941
f 5935 5940 5937
f 5936 5938 5943
f 5942 5944 5946
f 5945 5947 5949
f 5950 5951 5957
f 5986 5988 5984
f 5973 5971 5969
f 5994 5992 5990
f 5953 5952 5955
f 5974 5981 5975
f 5961 5964 5959
f 5962 5960 5967
f 5976 5977 5979
f 5978 5980 5982
f 5983 5987 5985
f 5963 5965 5972
f 5968 5966 5970
f 5993 5989 5991
f 5958 5956 5954
f 5995 6041 6038
f 5995 6038 6037
f 5995 6037 6039
f 5995 6039 6040
f 5995 6040 6041
f 5996 6043 6046
f 6000 6066 6064
f 6006 6096 6093
f 6005 6090 6089
f 6002 6073 6075
f 5998 6056 6053
f 5998 6053 6052
f 5998 6052 6054
f 5998 6054 6055
f 5998 6055 6056
f 5999 6060 6059
f 5997 6048 6051
f 6001 6067 6071
f 6003 6079 6080
f 6004 6086 6082
f 6006 6095 6092
f 6000 6063 6062
f 5996 6044 6042
f 6002 6076 6072
f 6005 6091 6087
f 6000 6065 6063
f 6006 6094 6095
f 6005 6088 6091
f 6002 6074 6076
f 5996 6045 6044
f 6004 6084 6083
f 5999 6057 6058
f 5997 6049 6047
f 6001 6070 6068
f 6003 6081 6078
f 6004 6085 6084
f 5999 6061 6057
f 5997 6050 6049
f 6001 6069 6070
f 6003 6077 6081
f 6000 6062 6066
f 5996 6042 6043
f 6002 6072 6073
f 6005 6087 6090
f 6006 6092 6096
f 6004 6082 6085
f 5999 6059 6061
f 5997 6051 6050
f 6001 6071 6069
f 6003 6080 6077
f 5999 6058 6060
f 5997 6047 6048
f 6001 6068 6067
f 6003 6078 6079
f 6004 6083 6086
f 6000 6064 6065
f 6006 6093 6094
f 6005 6089 6088
f 6002 6075 6074
f 5996 6046 6045
f 6029 6103 6110
f 6012 6099 6102
f 6013 6105 6100
f 6034 6108 6106
f 6036 6111 6109
f 6028 6119 6113
f 6027 6146 6150
f 6019 6131 6133
f 6030 6152 6154
f 6014 6117 6114
f 6026 6137 6143
f 6017 6121 6126
f 6018 6129 6122
f 6031 6141 6139
f 6035 6144 6142
f 6028 6147 6149
f 6027 6134 6127
f 6019 6132 6128
f 6030 6153 6151
f 6014 6116 6118
f 6011 6101 6041
f 6008 6097 6038
f 6007 6098 6037
f 6009 6104 6039
f 6010 6107 6040
f 6012 6112 6043
f 6029 6148 6066
f 6036 6135 6096
f 6034 6156 6090
f 6013 6115 6073
f 6024 6136 6056
f 6021 6123 6053
f 6016 6124 6052
f 6022 6138 6054
f 6023 6140 6055
f 6026 6145 6060
f 6017 6125 6048
f 6018 6130 6067
f 6031 6155 6079
f 6035 6120 6086
f 6029 6110 6095
f 6012 6102 6063
f 6013 6100 6044
f 6034 6106 6076
f 6036 6109 6091
f 6028 6113 6065
f 6027 6150 6094
f 6019 6133 6088
f 6030 6154 6074
f 6014 6114 6045
f 6026 6143 6084
f 6017 6126 6057
f 6018 6122 6049
f 6031 6139 6070
f 6035 6142 6081
f 6028 6149 6085
f 6027 6127 6061
f 6019 6128 6050
f 6030 6151 6069
f 6014 6118 6077
f 6008 6103 6062
f 6007 6099 6042
f 6009 6105 6072
f 6010 6108 6087
f 6011 6111 6092
f 6015 6119 6082
f 6025 6146 6059
f 6020 6131 6051
f 6032 6152 6071
f 6033 6117 6080
f 6021 6137 6058
f 6016 6121 6047
f 6022 6129 6068
f 6023 6141 6078
f 6024 6144 6083
f 6025 6147 6064
f 6020 6134 6093
f 6032 6132 6089
f 6033 6153 6075
f 6015 6116 6046
f 6008 6101 6103
f 6007 6097 6099
f 6009 6098 6105
f 6010 6104 6108
f 6011 6107 6111
f 6015 6112 6119
f 6025 6148 6146
f 6020 6135 6131
f 6032 6156 6152
f 6033 6115 6117
f 6021 6136 6137
f 6016 6123 6121
f 6022 6124 6129
f 6023 6138 6141
f 6024 6140 6144
f 6025 6145 6147
f 6020 6125 6134
f 6032 6130 6132
f 6033 6155 6153
f 6015 6120 6116
f 6008 6038 6101
f 6007 6037 6097
f 6009 6039 6098
f 6010 6040 6104
f 6011 6041 6107
f 6015 6046 6112
f 6025 6064 6148
f 6020 6093 6135
f 6032 6089 6156
f 6033 6075 6115
f 6021 6053 6136
f 6016 6052 6123
f 6022 6054 6124
f 6023 6055 6138
f 6024 6056 6140
f 6025 6059 6145
f 6020 6051 6125
f 6032 6071 6130
f 6033 6080 6155
f 6015 6082 6120
f 6011 6092 6110
f 6008 6062 6102
f 6007 6042 6100
f 6009 6072 6106
f 6010 6087 6109
f 6012 6063 6113
f 6029 6095 6150
f 6036 6091 6133
f 6034 6076 6154
f 6013 6044 6114
f 6024 6083 6143
f 6021 6058 6126
f 6016 6047 6122
f 6022 6068 6139
f 6023 6078 6142
f 6026 6084 6149
f 6017 6057 6127
f 6018 6049 6128
f 6031 6070 6151
f 6035 6081 6118
f 6029 6066 6103
f 6012 6043 6099
f 6013 6073 6105
f 6034 6090 6108
f 6036 6096 6111
f 6028 6085 6119
f 6027 6061 6146
f 6019 6050 6131
f 6030 6069 6152
f 6014 6077 6117
f 6026 6060 6137
f 6017 6048 6121
f 6018 6067 6129
f 6031 6079 6141
f 6035 6086 6144
f 6028 6065 6147
f 6027 6094 6134
f 6019 6088 6132
f 6030 6074 6153
f 6014 6045 6116
f 6011 6110 6101
f 6008 6102 6097
f 6007 6100 6098
f 6009 6106 6104
f 6010 6109 6107
f 6012 6113 6112
f 6029 6150 6148
f 6036 6133 6135
f 6034 6154 6156
f 6013 6114 6115
f 6024 6143 6136
f 6021 6126 6123
f 6016 6122 6124
f 6022 6139 6138
f 6023 6142 6140
f 6026 6149 6145
f 6017 6127 6125
f 6018 6128 6130
f 6031 6151 6155
f 6035 6118 6120
f 6101 6038 6041
f 6097 6037 6038
f 6098 6039 6037
f 6104 6040 6039
f 6107 6041 6040
f 6112 6046 6043
f 6148 6064 6066
f 6135 6093 6096
f 6156 6089 6090
f 6115 6075 6073
f 6136 6053 6056
f 6123 6052 6053
f 6124 6054 6052
f 6138 6055 6054
f 6140 6056 6055
f 6145 6059 6060
f 6125 6051 6048
f 6130 6071 6067
f 6155 6080 6079
f 6120 6082 6086
f 6110 6092 6095
f 6102 6062 6063
f 6100 6042 6044
f 6106 6072 6076
f 6109 6087 6091
f 6113 6063 6065
f 6150 6095 6094
f 6133 6091 6088
f 6154 6076 6074
f 6114 6044 6045
f 6143 6083 6084
f 6126 6058 6057
f 6122 6047 6049
f 6139 6068 6070
f 6142 6078 6081
f 6149 6084 6085
f 6127 6057 6061
f 6128 6049 6050
f 6151 6070 6069
f 6118 6081 6077
f 6103 6066 6062
f 6099 6043 6042
f 6105 6073 6072
f 6108 6090 6087
f 6111 6096 6092
f 6119 6085 6082
f 6146 6061 6059
f 6131 6050 6051
f 6152 6069 6071
f 6117 6077 6080
f 6137 6060 6058
f 6121 6048 6047
f 6129 6067 6068
f 6141 6079 6078
f 6144 6086 6083
f 6147 6065 6064
f 6134 6094 6093
f 6132 6088 6089
f 6153 6074 6075
f 6116 6045 6046
f 6101 6110 6103
f 6097 6102 6099
f 6098 6100 6105
f 6104 6106 6108
f 6107 6109 6111
f 6112 6113 6119
f 6148 6150 6146
f 6135 6133 6131
f 6156 6154 6152
f 6115 6114 6117
f 6136 6143 6137
f 6123 6126 6121
f 6124 6122 6129
f 6138 6139 6141
f 6140 6142 6144
f 6145 6149 6147
f 6125 6127 6134
f 6130 6128 6132
f 6155 6151 6153
f 6120 6118 6116
f 6157 6203 6200
f 6157 6200 6199
f 6157 6199 6201
f 6157 6201 6202
f 6157 6202 6203
f 6158 6205 6208
f 6162 6228 6226
f 6168 6258 6255
f 6167 6252 6251
f 6164 6235 6237
f 6160 6218 6215
f 6160 6215 6214
f 6160 6214 6216
f 6160 6216 6217
f 6160 6217 6218
f 6161 6222 6221
f 6159 6210 6213
f 6163 6229 6233
f 6165 6241 6242
f 6166 6248 6244
f 6168 6257 6254
f 6162 6225 6224
f 6158 6206 6204
f 6164 6238 6234
f 6167 6253 6249
f 6162 6227 6225
f 6168 6256 6257
f 6167 6250 6253
f 6164 6236 6238
f 6158 6207 6206
f 6166 6246 6245
f 6161 6219 6220
f 6159 6211 6209
f 6163 6232 6230
f 6165 6243 6240
f 6166 6247 6246
f 6161 6223 6219
f 6159 6212 6211
f 6163 6231 6232
f 6165 6239 6243
f 6162 6224 6228
f 6158 6204 6205
f 6164 6234 6235
f 6167 6249 6252
f 6168 6254 6258
f 6166 6244 6247
f 6161 6221 6223
f 6159 6213 6212
f 6163 6233 6231
f 6165 6242 6239
f 6161 6220 6222
f 6159 6209 6210
f 6163 6230 6229
f 6165 6240 6241
f 6166 6245 6248
f 6162 6226 6227
f 6168 6255 6256
f 6167 6251 6250
f 6164 6237 6236
f 6158 6208 6207
f 6191 6265 6272
f 6174 6261 6264
f 6175 6267 6262
f 6196 6270 6268
f 6198 6273 6271
f 6190 6281 6275
f 6189 6308 6312
f 6181 6293 6295
f 6192 6314 6316
f 6176 6279 6276
f 6188 6299 6305
f 6179 6283 6288
f 6180 6291 6284
f 6193 6303 6301
f 6197 6306 6304
f 6190 6309 6311
f 6189 6296 6289
f 6181 6294 6290
f 6192 6315 6313
f 6176 6278 6280
f 6173 6263 6203
f 6170 6259 6200
f 6169 6260 6199
f 6171 6266 6201
f 6172 6269 6202
f 6174 6274 6205
f 6191 6310 6228
f 6198 6297 6258
f 6196 6318 6252
f 6175 6277 6235
f 6186 6298 6218
f 6183 6285 6215
f 6178 6286 6214
f 6184 6300 6216
f 6185 6302 6217
f 6188 6307 6222
f 6179 6287 6210
f 6180 6292 6229
f 6193 6317 6241
f 6197 6282 6248
f 6191 6272 6257
f 6174 6264 6225
f 6175 6262 6206
f 6196 6268 6238
f 6198 6271 6253
f 6190 6275 6227
f 6189 6312 6256
f 6181 6295 6250
f 6192 6316 6236
f 6176 6276 6207
f 6188 6305 6246
f 6179 6288 6219
f 6180 6284 6211
f 6193 6301 6232
f 6197 6304 6243
f 6190 6311 6247
f 6189 6289 6223
f 6181 6290 6212
f 6192 6313 6231
f 6176 6280 6239
f 6170 6265 6224
f 6169 6261 6204
f 6171 6267 6234
f 6172 6270 6249
f 6173 6273 6254
f 6177 6281 6244
f 6187 6308 6221
f 6182 6293 6213
f 6194 6314 6233
f 6195 6279 6242
f 6183 6299 6220
f 6178 6283 6209
f 6184 6291 6230
f 6185 6303 6240
f 6186 6306 6245
f 6187 6309 6226
f 6182 6296 6255
f 6194 6294 6251
f 6195 6315 6237
f 6177 6278 6208
f 6170 6263 6265
f 6169 6259 6261
f 6171 6260 6267
f 6172 6266 6270
f 6173 6269 6273
f 6177 6274 6281
f 6187 6310 6308
f 6182 6297 6293
f 6194 6318 6314
f 6195 6277 6279
f 6183 6298 6299
f 6178 6285 6283
f 6184 6286 6291
f 6185 6300 6303
f 6186 6302 6306
f 6187 6307 6309
f 6182 6287 6296
f 6194 6292 6294
f 6195 6317 6315
f 6177 6282 6278
f 6170 6200 6263
f 6169 6199 6259
f 6171 6201 6260
f 6172 6202 6266
f 6173 6203 6269
f 6177 6208 6274
f 6187 6226 6310
f 6182 6255 6297
f 6194 6251 6318
f 6195 6237 6277
f 6183 6215 6298
f 6178 6214 6285
f 6184 6216 6286
f 6185 6217 6300
f 6186 6218 6302
f 6187 6221 6307
f 6182 6213 6287
f 6194 6233 6292
f 6195 6242 6317
f 6177 6244 6282
f 6173 6254 6272
f 6170 6224 6264
f 6169 6204 6262
f 6171 6234 6268
f 6172 6249 6271
f 6174 6225 6275
f 6191 6257 6312
f 6198 6253 6295
f 6196 6238 6316
f 6175 6206 6276
f 6186 6245 6305
f 6183 6220 6288
f 6178 6209 6284
f 6184 6230 6301
f 6185 6240 6304
f 6188 6246 6311
f 6179 6219 6289
f 6180 6211 6290
f 6193 6232 6313
f 6197 6243 6280
f 6191 6228 6265
f 6174 6205 6261
f 6175 6235 6267
f 6196 6252 6270
f 6198 6258 6273
f 6190 6247 6281
f 6189 6223 6308
f 6181 6212 6293
f 6192 6231 6314
f 6176 6239 6279
f 6188 6222 6299
f 6179 6210 6283
f 6180 6229 6291
f 6193 6241 6303
f 6197 6248 6306
f 6190 6227 6309
f 6189 6256 6296
f 6181 6250 6294
f 6192 6236 6315
f 6176 6207 6278
f 6173 6272 6263
f 6170 6264 6259
f 6169 6262 6260
f 6171 6268 6266
f 6172 6271 6269
f 6174 6275 6274
f 6191 6312 6310
f 6198 6295 6297
f 6196 6316 6318
f 6175 6276 6277
f 6186 6305 6298
f 6183 6288 6285
f 6178 6284 6286
f 6184 6301 6300
f 6185 6304 6302
f 6188 6311 6307
f 6179 6289 6287
f 6180 6290 6292
f 6193 6313 6317
f 6197 6280 6282
f 6263 6200 6203
f 6259 6199 6200
f 6260 6201 6199
f 6266 6202 6201
f 6269 6203 6202
f 6274 6208 6205
f 6310 6226 6228
f 6297 6255 6258
f 6318 6251 6252
f 6277 6237 6235
f 6298 6215 6218
f 6285 6214 6215
f 6286 6216 6214
f 6300 6217 6216
f 6302 6218 6217
f 6307 6221 6222
f 6287 6213 6210
f 6292 6233 6229
f 6317 6242 6241
f 6282 6244 6248
f 6272 6254 6257
f 6264 6224 6225
f 6262 6204 6206
f 6268 6234 6238
f 6271 6249 6253
f 6275 6225 6227
f 6312 6257 6256
f 6295 6253 6250
f 6316 6238 6236
f 6276 6206 6207
f 6305 6245 6246
f 6288 6220 6219
f 6284 6209 6211
f 6301 6230 6232
f 6304 6240 6243
f 6311 6246 6247
f 6289 6219 6223
f 6290 6211 6212
f 6313 6232 6231
f 6280 6243 6239
f 6265 6228 6224
f 6261 6205 6204
f 6267 6235 6234
f 6270 6252 6249
f 6273 6258 6254
f 6281 6247 6244
f 6308 6223 6221
f 6293 6212 6213
f 6314 6231 6233
f 6279 6239 6242
f 6299 6222 6220
f 6283 6210 6209
f 6291 6229 6230
f 6303 6241 6240
f 6306 6248 6245
f 6309 6227 6226
f 6296 6256 6255
f 6294 6250 6251
f 6315 6236 6237
f 6278 6207 6208
f 6263 6272 6265
f 6259 6264 6261
f 6260 6262 6267
f 6266 6268 6270
f 6269 6271 6273
f 6274 6275 6281
f 6310 6312 6308
f 6297 6295 6293
f 6318 6316 6314
f 6277 6276 6279
f 6298 6305 6299
f 6285 6288 6283
f 6286 6284 6291
f 6300 6301 6303
f 6302 6304 6306
f 6307 6311 6309
f 6287 6289 6296
f 6292 6290 6294
f 6317 6313 6315
f 6282 6280 6278
f 6319 6365 6362
f 6319 6362 6361
f 6319 6361 6363
f 6319 6363 6364
f 6319 6364 6365
f 6320 6367 6370
f 6324 6390 6388
f 6330 6420 6417
f 6329 6414 6413
f 6326 6397 6399
f 6322 6380 6377
f 6322 6377 6376
f 6322 6376 6378
f 6322 6378 6379
f 6322 6379 6380
f 6323 6384 6383
f 6321 6372 6375
f 6325 6391 6395
f 6327 6403 6404
f 6328 6410 6406
f 6330 6419 6416
f 6324 6387 6386
f 6320 6368 6366
f 6326 6400 6396
f 6329 6415 6411
f 6324 6389 6387
f 6330 6418 6419
f 6329 6412 6415
f 6326 6398 6400
f 6320 6369 6368
f 6328 6408 6407
f 6323 6381 6382
f 6321 6373 6371
f 6325 6394 6392
f 6327 6405 6402
f 6328 6409 6408
f 6323 6385 6381
f 6321 6374 6373
f 6325 6393 6394
f 6327 6401 6405
f 6324 6386 6390
f 6320 6366 6367
f 6326 6396 6397
f 6329 6411 6414
f 6330 6416 6420
f 6328 6406 6409
f 6323 6383 6385
f 6321 6375 6374
f 6325 6395 6393
f 6327 6404 6401
f 6323 6382 6384
f 6321 6371 6372
f 6325 6392 6391
f 6327 6402 6403
f 6328 6407 6410
f 6324 6388 6389
f 6330 6417 6418
f 6329 6413 6412
f 6326 6399 6398
f 6320 6370 6369
f 6353 6427 6434
f 6336 6423 6426
f 6337 6429 6424
f 6358 6432 6430
f 6360 6435 6433
f 6352 6443 6437
f 6351 6470 6474
f 6343 6455 6457
f 6354 6476 6478
f 6338 6441 6438
f 6350 6461 6467
f 6341 6445 6450
f 6342 6453 6446
f 6355 6465 6463
f 6359 6468 6466
f 6352 6471 6473
f 6351 6458 6451
f 6343 6456 6452
f 6354 6477 6475
f 6338 6440 6442
f 6335 6425 6365
f 6332 6421 6362
f 6331 6422 6361
f 6333 6428 6363
f 6334 6431 6364
f 6336 6436 6367
f 6353 6472 6390
f 6360 6459 6420
f 6358 6480 6414
f 6337 6439 6397
f 6348 6460 6380
f 6345 6447 6377
f 6340 6448 6376
f 6346 6462 6378
f 6347 6464 6379
f 6350 6469 6384
f 6341 6449 6372
f 6342 6454 6391
f 6355 6479 6403
f 6359 6444 6410
f 6353 6434 6419
f 6336 6426 6387
f 6337 6424 6368
f 6358 6430 6400
f 6360 6433 6415
f 6352 6437 6389
f 6351 6474 6418
f 6343 6457 6412
f 6354 6478 6398
f 6338 6438 6369
f 6350 6467 6408
f 6341 6450 6381
f 6342 6446 6373
f 6355 6463 6394
f 6359 6466 6405
f 6352 6473 6409
f 6351 6451 6385
f 6343 6452 6374
f 6354 6475 6393
f 6338 6442 6401
f 6332 6427 6386
f 6331 6423 6366
f 6333 6429 6396
f 6334 6432 6411
f 6335 6435 6416
f 6339 6443 6406
f 6349 6470 6383
f 6344 6455 6375
f 6356 6476 6395
f 6357 6441 6404
f 6345 6461 6382
f 6340 6445 6371
f 6346 6453 6392
f 6347 6465 6402
f 6348 6468 6407
f 6349 6471 6388
f 6344 6458 6417
f 6356 6456 6413
f 6357 6477 6399
f 6339 6440 6370
f 6332 6425 6427
f 6331 6421 6423
f 6333 6422 6429
f 6334 6428 6432
f 6335 6431 6435
f 6339 6436 6443
f 6349 6472 6470
f 6344 6459 6455
f 6356 6480 6476
f 6357 6439 6441
f 6345 6460 6461
f 6340 6447 6445
f 6346 6448 6453
f 6347 6462 6465
f 6348 6464 6468
f 6349 6469 6471
f 6344 6449 6458
f 6356 6454 6456
f 6357 6479 6477
f 6339 6444 6440
f 6332 6362 6425
f 6331 6361 6421
f 6333 6363 6422
f 6334 6364 6428
f 6335 6365 6431
f 6339 6370 6436
f 6349 6388 6472
f 6344 6417 6459
f 6356 6413 6480
f 6357 6399 6439
f 6345 6377 6460
f 6340 6376 6447
f 6346 6378 6448
f 6347 6379 6462
f 6348 6380 6464
f 6349 6383 6469
f 6344 6375 6449
f 6356 6395 6454
f 6357 6404 6479
f 6339 6406 6444
f 6335 6416 6434
f 6332 6386 6426
f 6331 6366 6424
f 6333 6396 6430
f 6334 6411 6433
f 6336 6387 6437
f 6353 6419 6474
f 6360 6415 6457
f 6358 6400 6478
f 6337 6368 6438
f 6348 6407 6467
f 6345 6382 6450
f 6340 6371 6446
f 6346 6392 6463
f 6347 6402 6466
f 6350 6408 6473
f 6341 6381 6451
f 6342 6373 6452
f 6355 6394 6475
f 6359 6405 6442
f 6353 6390 6427
f 6336 6367 6423
f 6337 6397 6429
f 6358 6414 6432
f 6360 6420 6435
f 6352 6409 6443
f 6351 6385 6470
f 6343 6374 6455
f 6354 6393 6476
f 6338 6401 6441
f 6350 6384 6461
f 6341 6372 6445
f 6342 6391 6453
f 6355 6403 6465
f 6359 6410 6468
f 6352 6389 6471
f 6351 6418 6458
f 6343 6412 6456
f 6354 6398 6477
f 6338 6369 6440
f 6335 6434 6425
f 6332 6426 6421
f 6331 6424 6422
f 6333 6430 6428
f 6334 6433 6431
f 6336 6437 6436
f 6353 6474 6472
f 6360 6457 6459
f 6358 6478 6480
f 6337 6438 6439
f 6348 6467 6460
f 6345 6450 6447
f 6340 6446 6448
f 6346 6463 6462
f 6347 6466 6464
f 6350 6473 6469
f 6341 6451 6449
f 6342 6452 6454
f 6355 6475 6479
f 6359 6442 6444
f 6425 6362 6365
f 6421 6361 6362
f 6422 6363 6361
f 6428 6364 6363
f 6431 6365 6364
f 6436 6370 6367
f 6472 6388 6390
f 6459 6417 6420
f 6480 6413 6414
f 6439 6399 6397
f 6460 6377 6380
f 6447 6376 6377
f 6448 6378 6376
f 6462 6379 6378
f 6464 6380 6379
f 6469 6383 6384
f 6449 6375 6372
f 6454 6395 6391
f 6479 6404 6403
f 6444 6406 6410
f 6434 6416 6419
f 6426 6386 6387
f 6424 6366 6368
f 6430 6396 6400
f 6433 6411 6415
f 6437 6387 6389
f 6474 6419 6418
f 6457 6415 6412
f 6478 6400 6398
f 6438 6368 6369
f 6467 6407 6408
f 6450 6382 6381
f 6446 6371 6373
f 6463 6392 6394
f 6466 6402 6405
f 6473 6408 6409
f 6451 6381 6385
f 6452 6373 6374
f 6475 6394 6393
f 6442 6405 6401
f 6427 6390 6386
f 6423 6367 6366
f 6429 6397 6396
f 6432 6414 6411
f 6435 6420 6416
f 6443 6409 6406
f 6470 6385 6383
f 6455 6374 6375
f 6476 6393 6395
f 6441 6401 6404
f 6461 6384 6382
f 6445 6372 6371
f 6453 6391 6392
f 6465 6403 6402
f 6468 6410 6407
f 6471 6389 6388
f 6458 6418 6417
f 6456 6412 6413
f 6477 6398 6399
f 6440 6369 6370
f 6425 6434 6427
f 6421 6426 6423
f 6422 6424 6429
f 6428 6430 6432
f 6431 6433 6435
f 6436 6437 6443
f 6472 6474 6470
f 6459 6457 6455
f 6480 6478 6476
f 6439 6438 6441
f 6460 6467 6461
f 6447 6450 6445
f 6448 6446 6453
f 6462 6463 6465
f 6464 6466 6468
f 6469 6473 6471
f 6449 6451 6458
f 6454 6452 6456
f 6479 6475 6477
f 6444 6442 6440
f 6481 6527 6524
f 6481 6524 6523
f 6481 6523 6525
f 6481 6525 6526
f 6481 6526 6527
f 6482 6529 6532
f 6486 6552 6550
f 6492 6582 6579
f 6491 6576 6575
f 6488 6559 6561
f 6484 6542 6539
f 6484 6539 6538
f 6484 6538 6540
f 6484 6540 6541
f 6484 6541 6542
f 6485 6546 6545
f 6483 6534 6537
f 6487 6553 6557
f 6489 6565 6566
f 6490 6572 6568
f 6492 6581 6578
f 6486 6549 6548
f 6482 6530 6528
f 6488 6562 6558
f 6491 6577 6573
f 6486 6551 6549
f 6492 6580 6581
f 6491 6574 6577
f 6488 6560 6562
f 6482 6531 6530
f 6490 6570 6569
f 6485 6543 6544
f 6483 6535 6533
f 6487 6556 6554
f 6489 6567 6564
f 6490 6571 6570
f 6485 6547 6543
f 6483 6536 6535
f 6487 6555 6556
f 6489 6563 6567
f 6486 6548 6552
f 6482 6528 6529
f 6488 6558 6559
f 6491 6573 6576
f 6492 6578 6582
f 6490 6568 6571
f 6485 6545 6547
f 6483 6537 6536
f 6487 6557 6555
f 6489 6566 6563
f 6485 6544 6546
f 6483 6533 6534
f 6487 6554 6553
f 6489 6564 6565
f 6490 6569 6572
f 6486 6550 6551
f 6492 6579 6580
f 6491 6575 6574
f 6488 6561 6560
f 6482 6532 6531
f 6515 6589 6596
f 6498 6585 6588
f 6499 6591 6586
f 6520 6594 6592
f 6522 6597 6595
f 6514 6605 6599
f 6513 6632 6636
f 6505 6617 6619
f 6516 6638 6640
f 6500 6603 6600
f 6512 6623 6629
f 6503 6607 6612
f 6504 6615 6608
f 6517 6627 6625
f 6521 6630 6628
f 6514 6633 6635
f 6513 6620 6613
f 6505 6618 6614
f 6516 6639 6637
f 6500 6602 6604
f 6497 6587 6527
f 6494 6583 6524
f 6493 6584 6523
f 6495 6590 6525
f 6496 6593 6526
f 6498 6598 6529
f 6515 6634 6552
f 6522 6621 6582
f 6520 6642 6576
f 6499 6601 6559
f 6510 6622 6542
f 6507 6609 6539
f 6502 6610 6538
f 6508 6624 6540
f 6509 6626 6541
f 6512 6631 6546
f 6503 6611 6534
f 6504 6616 6553
f 6517 6641 6565
f 6521 6606 6572
f 6515 6596 6581
f 6498 6588 6549
f 6499 6586 6530
f 6520 6592 6562
f 6522 6595 6577
f 6514 6599 6551
f 6513 6636 6580
f 6505 6619 6574
f 6516 6640 6560
f 6500 6600 6531
f 6512 6629 6570
f 6503 6612 6543
f 6504 6608 6535
f 6517 6625 6556
f 6521 6628 6567
f 6514 6635 6571
f 6513 6613 6547
f 6505 6614 6536
f 6516 6637 6555
f 6500 6604 6563
f 6494 6589 6548
f 6493 6585 6528
f 6495 6591 6558
f 6496 6594 6573
f 6497 6597 6578
f 6501 6605 6568
f 6511 6632 6545
f 6506 6617 6537
f 6518 6638 6557
f 6519 6603 6566
f 6507 6623 6544
f 6502 6607 6533
f 6508 6615 6554
f 6509 6627 6564
f 6510 6630 6569
f 6511 6633 6550
f 6506 6620 6579
f 6518 6618 6575
f 6519 6639 6561
f 6501 6602 6532
f 6494 6587 6589
f 6493 6583 6585
f 6495 6584 6591
f 6496 6590 6594
f 6497 6593 6597
f 6501 6598 6605
f 6511 6634 6632
f 6506 6621 6617
f 6518 6642 6638
f 6519 6601 6603
f 6507 6622 6623
f 6502 6609 6607
f 6508 6610 6615
f 6509 6624 6627
f 6510 6626 6630
f 6511 6631 6633
f 6506 6611 6620
f 6518 6616 6618
f 6519 6641 6639
f 6501 6606 6602
f 6494 6524 6587
f 6493 6523 6583
f 6495 6525 6584
f 6496 6526 6590
f 6497 6527 6593
f 6501 6532 6598
f 6511 6550 6634
f 6506 6579 6621
f 6518 6575 6642
f 6519 6561 6601
f 6507 6539 6622
f 6502 6538 6609
f 6508 6540 6610
f 6509 6541 6624
f 6510 6542 6626
f 6511 6545 6631
f 6506 6537 6611
f 6518 6557 6616
f 6519 6566 6641
f 6501 6568 6606
f 6497 6578 6596
f 6494 6548 6588
f 6493 6528 6586
f 6495 6558 6592
f 6496 6573 6595
f 6498 6549 6599
f 6515 6581 6636
f 6522 6577 6619
f 6520 6562 6640
f 6499 6530 6600
f 6510 6569 6629
f 6507 6544 6612
f 6502 6533 6608
f 6508 6554 6625
f 6509 6564 6628
f 6512 6570 6635
f 6503 6543 6613
f 6504 6535 6614
f 6517 6556 6637
f 6521 6567 6604
f 6515 6552 6589
f 6498 6529 6585
f 6499 6559 6591
f 6520 6576 6594
f 6522 6582 6597
f 6514 6571 6605
f 6513 6547 6632
f 6505 6536 6617
f 6516 6555 6638
f 6500 6563 6603
f 6512 6546 6623
f 6503 6534 6607
f 6504 6553 6615
f 6517 6565 6627
f 6521 6572 6630
f 6514 6551 6633
f 6513 6580 6620
f 6505 6574 6618
f 6516 6560 6639
f 6500 6531 6602
f 6497 6596 6587
f 6494 6588 6583
f 6493 6586 6584
f 6495 6592 6590
f 6496 6595 6593
f 6498 6599 6598
f 6515 6636 6634
f 6522 6619 6621
f 6520 6640 6642
f 6499 6600 6601
f 6510 6629 6622
f 6507 6612 6609
f 6502 6608 6610
f 6508 6625 6624
f 6509 6628 6626
f 6512 6635 6631
f 6503 6613 6611
f 6504 6614 6616
f 6517 6637 6641
f 6521 6604 6606
f 6587 6524 6527
f 6583 6523 6524
f 6584 6525 6523
f 6590 6526 6525
f 6593 6527 6526
f 6598 6532 6529
f 6634 6550 6552
f 6621 6579 6582
f 6642 6575 6576
f 6601 6561 6559
f 6622 6539 6542
f 6609 6538 6539
f 6610 6540 6538
f 6624 6541 6540
f 6626 6542 6541
f 6631 6545 6546
f 6611 6537 6534
f 6616 6557 6553
f 6641 6566 6565
f 6606 6568 6572
f 6596 6578 6581
f 6588 6548 6549
f 6586 6528 6530
f 6592 6558 6562
f 6595 6573 6577
f 6599 6549 6551
f 6636 6581 6580
f 6619 6577 6574
f 6640 6562 6560
f 6600 6530 6531
f 6629 6569 6570
f 6612 6544 6543
f 6608 6533 6535
f 6625 6554 6556
f 6628 6564 6567
f 6635 6570 6571
f 6613 6543 6547
f 6614 6535 6536
f 6637 6556 6555
f 6604 6567 6563
f 6589 6552 6548
f 6585 6529 6528
f 6591 6559 6558
f 6594 6576 6573
f 6597 6582 6578
f 6605 6571 6568
f 6632 6547 6545
f 6617 6536 6537
f 6638 6555 6557
f 6603 6563 6566
f 6623 6546 6544
f 6607 6534 6533
f 6615 6553 6554
f 6627 6565 6564
f 6630 6572 6569
f 6633 6551 6550
f 6620 6580 6579
f 6618 6574 6575
f 6639 6560 6561
f 6602 6531 6532
f 6587 6596 6589
f 6583 6588 6585
f 6584 6586 6591
f 6590 6592 6594
f 6593 6595 6597
f 6598 6599 6605
f 6634 6636 6632
f 6621 6619 6617
f 6642 6640 6638
f 6601 6600 6603
f 6622 6629 6623
f 6609 6612 6607
f 6610 6608 6615
f 6624 6625 6627
f 6626 6628 6630
f 6631 6635 6633
f 6611 6613 6620
f 6616 6614 6618
f 6641 6637 6639
f 6606 6604 6602
f 6643 6689 6686
f 6643 6686 6685
f 6643 6685 6687
f 6643 6687 6688
f 6643 6688 6689
f 6644 6691 6694
f 6648 6714 6712
f 6654 6744 6741
f 6653 6738 6737
f 6650 6721 6723
f 6646 6704 6701
f 6646 6701 6700
f 6646 6700 6702
f 6646 6702 6703
f 6646 6703 6704
f 6647 6708 6707
f 6645 6696 6699
f 6649 6715 6719
f 6651 6727 6728
f 6652 6734 6730
f 6654 6743 6740
f 6648 6711 6710
f 6644 6692 6690
f 6650 6724 6720
f 6653 6739 6735
f 6648 6713 6711
f 6654 6742 6743
f 6653 6736 6739
f 6650 6722 6724
f 6644 6693 6692
f 6652 6732 6731
f 6647 6705 6706
f 6645 6697 6695
f 6649 6718 6716
f 6651 6729 6726
f 6652 6733 6732
f 6647 6709 6705
f 6645 6698 6697
f 6649 6717 6718
f 6651 6725 6729
f 6648 6710 6714
f 6644 6690 6691
f 6650 6720 6721
f 6653 6735 6738
f 6654 6740 6744
f 6652 6730 6733
f 6647 6707 6709
f 6645 6699 6698
f 6649 6719 6717
f 6651 6728 6725
f 6647 6706 6708
f 6645 6695 6696
f 6649 6716 6715
f 6651 6726 6727
f 6652 6731 6734
f 6648 6712 6713
f 6654 6741 6742
f 6653 6737 6736
f 6650 6723 6722
f 6644 6694 6693
f 6677 6751 6758
f 6660 6747 6750
f 6661 6753 6748
f 6682 6756 6754
f 6684 6759 6757
f 6676 6767 6761
f 6675 6794 6798
f 6667 6779 6781
f 6678 6800 6802
f 6662 6765 6762
f 6674 6785 6791
f 6665 6769 6774
f 6666 6777 6770
f 6679 6789 6787
f 6683 6792 6790
f 6676 6795 6797
f 6675 6782 6775
f 6667 6780 6776
f 6678 6801 6799
f 6662 6764 6766
f 6659 6749 6689
f 6656 6745 6686
f 6655 6746 6685
f 6657 6752 6687
f 6658 6755 6688
f 6660 6760 6691
f 6677 6796 6714
f 6684 6783 6744
f 6682 6804 6738
f 6661 6763 6721
f 6672 6784 6704
f 6669 6771 6701
f 6664 6772 6700
f 6670 6786 6702
f 6671 6788 6703
f 6674 6793 6708
f 6665 6773 6696
f 6666 6778 6715
f 6679 6803 6727
f 6683 6768 6734
f 6677 6758 6743
f 6660 6750 6711
f 6661 6748 6692
f 6682 6754 6724
f 6684 6757 6739
f 6676 6761 6713
f 6675 6798 6742
f 6667 6781 6736
f 6678 6802 6722
f 6662 6762 6693
f 6674 6791 6732
f 6665 6774 6705
f 6666 6770 6697
f 6679 6787 6718
f 6683 6790 6729
f 6676 6797 6733
f 6675 6775 6709
f 6667 6776 6698
f 6678 6799 6717
f 6662 6766 6725
f 6656 6751 6710
f 6655 6747 6690
f 6657 6753 6720
f 6658 6756 6735
f 6659 6759 6740
f 6663 6767 6730
f 6673 6794 6707
f 6668 6779 6699
f 6680 6800 6719
f 6681 6765 6728
f 6669 6785 6706
f 6664 6769 6695
f 6670 6777 6716
f 6671 6789 6726
f 6672 6792 6731
f 6673 6795 6712
f 6668 6782 6741
f 6680 6780 6737
f 6681 6801 6723
f 6663 6764 6694
f 6656 6749 6751
f 6655 6745 6747
f 6657 6746 6753
f 6658 6752 6756
f 6659 6755 6759
f 6663 6760 6767
f 6673 6796 6794
f 6668 6783 6779
f 6680 6804 6800
f 6681 6763 6765
f 6669 6784 6785
f 6664 6771 6769
f 6670 6772 6777
f 6671 6786 6789
f 6672 6788 6792
f 6673 6793 6795
f 6668 6773 6782
f 6680 6778 6780
f 6681 6803 6801
f 6663 6768 6764
f 6656 6686 6749
f 6655 6685 6745
f 6657 6687 6746
f 6658 6688 6752
f 6659 6689 6755
f 6663 6694 6760
f 6673 6712 6796
f 6668 6741 6783
f 6680 6737 6804
f 6681 6723 6763
f 6669 6701 6784
f 6664 6700 6771
f 6670 6702 6772
f 6671 6703 6786
f 6672 6704 6788
f 6673 6707 6793
f 6668 6699 6773
f 6680 6719 6778
f 6681 6728 6803
f 6663 6730 6768
f 6659 6740 6758
f 6656 6710 6750
f 6655 6690 6748
f 6657 6720 6754
f 6658 6735 6757
f 6660 6711 6761
f 6677 6743 6798
f 6684 6739 6781
f 6682 6724 6802
f 6661 6692 6762
f 6672 6731 6791
f 6669 6706 6774
f 6664 6695 6770
f 6670 6716 6787
f 6671 6726 6790
f 6674 6732 6797
f 6665 6705 6775
f 6666 6697 6776
f 6679 6718 6799
f 6683 6729 6766
f 6677 6714 6751
f 6660 6691 6747
f 6661 6721 6753
f 6682 6738 6756
f 6684 6744 6759
f 6676 6733 6767
f 6675 6709 6794
f 6667 6698 6779
f 6678 6717 6800
f 6662 6725 6765
f 6674 6708 6785
f 6665 6696 6769
f 6666 6715 6777
f 6679 6727 6789
f 6683 6734 6792
f 6676 6713 6795
f 6675 6742 6782
f 6667 6736 6780
f 6678 6722 6801
f 6662 6693 6764
f 6659 6758 6749
f 6656 6750 6745
f 6655 6748 6746
f 6657 6754 6752
f 6658 6757 6755
f 6660 6761 6760
f 6677 6798 6796
f 6684 6781 6783
f 6682 6802 6804
f 6661 6762 6763
f 6672 6791 6784
f 6669 6774 6771
f 6664 6770 6772
f 6670 6787 6786
f 6671 6790 6788
f 6674 6797 6793
f 6665 6775 6773
f 6666 6776 6778
f 6679 6799 6803
f 6683 6766 6768
f 6749 6686 6689
f 6745 6685 6686
f 6746 6687 6685
f 6752 6688 6687
f 6755 6689 6688
f 6760 6694 6691
f 6796 6712 6714
f 6783 6741 6744
f 6804 6737 6738
f 6763 6723 6721
f 6784 6701 6704
f 6771 6700 6701
f 6772 6702 6700
f 6786 6703 6702
f 6788 6704 6703
f 6793 6707 6708
f 6773 6699 6696
f 6778 6719 6715
f 6803 6728 6727
f 6768 6730 6734
f 6758 6740 6743
f 6750 6710 6711
f 6748 6690 6692
f 6754 6720 6724
f 6757 6735 6739
f 6761 6711 6713
f 6798 6743 6742
f 6781 6739 6736
f 6802 6724 6722
f 6762 6692 6693
f 6791 6731 6732
f 6774 6706 6705
f 6770 6695 6697
f 6787 6716 6718
f 6790 6726 6729
f 6797 6732 6733
f 6775 6705 6709
f 6776 6697 6698
f 6799 6718 6717
f 6766 6729 6725
f 6751 6714 6710
f 6747 6691 6690
f 6753 6721 6720
f 6756 6738 6735
f 6759 6744 6740
f 6767 6733 6730
f 6794 6709 6707
f 6779 6698 6699
f 6800 6717 6719
f 6765 6725 6728
f 6785 6708 6706
f 6769 6696 6695
f 6777 6715 6716
f 6789 6727 6726
f 6792 6734 6731
f 6795 6713 6712
f 6782 6742 6741
f 6780 6736 6737
f 6801 6722 6723
f 6764 6693 6694
f 6749 6758 6751
f 6745 6750 6747
f 6746 6748 6753
f 6752 6754 6756
f 6755 6757 6759
f 6760 6761 6767
f 6796 6798 6794
f 6783 6781 6779
f 6804 6802 6800
f 6763 6762 6765
f 6784 6791 6785
f 6771 6774 6769
f 6772 6770 6777
f 6786 6787 6789
f 6788 6790 6792
f 6793 6797 6795
f 6773 6775 6782
f 6778 6776 6780
f 6803 6799 6801
f 6768 6766 6764
f 6805 6851 6848
f 6805 6848 6847
f 6805 6847 6849
f 6805 6849 6850
f 6805 6850 6851
f 6806 6853 6856
f 6810 6876 6874
f 6816 6906 6903
f 6815 6900 6899
f 6812 6883 6885
f 6808 6866 6863
f 6808 6863 6862
f 6808 6862 6864
f 6808 6864 6865
f 6808 6865 6866
f 6809 6870 6869
f 6807 6858 6861
f 6811 6877 6881
f 6813 6889 6890
f 6814 6896 6892
f 6816 6905 6902
f 6810 6873 6872
f 6806 6854 6852
f 6812 6886 6882
f 6815 6901 6897
f 6810 6875 6873
f 6816 6904 6905
f 6815 6898 6901
f 6812 6884 6886
f 6806 6855 6854
f 6814 6894 6893
f 6809 6867 6868
f 6807 6859 6857
f 6811 6880 6878
f 6813 6891 6888
f 6814 6895 6894
f 6809 6871 6867
f 6807 6860 6859
f 6811 6879 6880
f 6813 6887 6891
f 6810 6872 6876
f 6806 6852 6853
f 6812 6882 6883
f 6815 6897 6900
f 6816 6902 6906
f 6814 6892 6895
f 6809 6869 6871
f 6807 6861 6860
f 6811 6881 6879
f 6813 6890 6887
f 6809 6868 6870
f 6807 6857 6858
f 6811 6878 6877
f 6813 6888 6889
f 6814 6893 6896
f 6810 6874 6875
f 6816 6903 6904
f 6815 6899 6898
f 6812 6885 6884
f 6806 6856 6855
f 6839 6913 6920
f 6822 6909 6912
f 6823 6915 6910
f 6844 6918 6916
f 6846 6921 6919
f 6838 6929 6923
f 6837 6956 6960
f 6829 6941 6943
f 6840 6962 6964
f 6824 6927 6924
f 6836 6947 6953
f 6827 6931 6936
f 6828 6939 6932
f 6841 6951 6949
f 6845 6954 6952
f 6838 6957 6959
f 6837 6944 6937
f 6829 6942 6938
f 6840 6963 6961
f 6824 6926 6928
f 6821 6911 6851
f 6818 6907 6848
f 6817 6908 6847
f 6819 6914 6849
f 6820 6917 6850
f 6822 6922 6853
f 6839 6958 6876
f 6846 6945 6906
f 6844 6966 6900
f 6823 6925 6883
f 6834 6946 6866
f 6831 6933 6863
f 6826 6934 6862
f 6832 6948 6864
f 6833 6950 6865
f 6836 6955 6870
f 6827 6935 6858
f 6828 6940 6877
f 6841 6965 6889
f 6845 6930 6896
f 6839 6920 6905
f 6822 6912 6873
f 6823 6910 6854
f 6844 6916 6886
f 6846 6919 6901
f 6838 6923 6875
f 6837 6960 6904
f 6829 6943 6898
f 6840 6964 6884
f 6824 6924 6855
f 6836 6953 6894
f 6827 6936 6867
f 6828 6932 6859
f 6841 6949 6880
f 6845 6952 6891
f 6838 6959 6895
f 6837 6937 6871
f 6829 6938 6860
f 6840 6961 6879
f 6824 6928 6887
f 6818 6913 6872
f 6817 6909 6852
f 6819 6915 6882
f 6820 6918 6897
f 6821 6921 6902
f 6825 6929 6892
f 6835 6956 6869
f 6830 6941 6861
f 6842 6962 6881
f 6843 6927 6890
f 6831 6947 6868
f 6826 6931 6857
f 6832 6939 6878
f 6833 6951 6888
f 6834 6954 6893
f 6835 6957 6874
f 6830 6944 6903
f 6842 6942 6899
f 6843 6963 6885
f 6825 6926 6856
f 6818 6911 6913
f 6817 6907 6909
f 6819 6908 6915
f 6820 6914 6918
f 6821 6917 6921
f 6825 6922 6929
f 6835 6958 6956
f 6830 6945 6941
f 6842 6966 6962
f 6843 6925 6927
f 6831 6946 6947
f 6826 6933 6931
f 6832 6934 6939
f 6833 6948 6951
f 6834 6950 6954
f 6835 6955 6957
f 6830 6935 6944
f 6842 6940 6942
f 6843 6965 6963
f 6825 6930 6926
f 6818 6848 6911
f 6817 6847 6907
f 6819 6849 6908
f 6820 6850 6914
f 6821 6851 6917
f 6825 6856 6922
f 6835 6874 6958
f 6830 6903 6945
f 6842 6899 6966
f 6843 6885 6925
f 6831 6863 6946
f 6826 6862 6933
f 6832 6864 6934
f 6833 6865 6948
f 6834 6866 6950
f 6835 6869 6955
f 6830 6861 6935
f 6842 6881 6940
f 6843 6890 6965
f 6825 6892 6930
f 6821 6902 6920
f 6818 6872 6912
f 6817 6852 6910
f 6819 6882 6916
f 6820 6897 6919
f 6822 6873 6923
f 6839 6905 6960
f 6846 6901 6943
f 6844 6886 6964
f 6823 6854 6924
f 6834 6893 6953
f 6831 6868 6936
f 6826 6857 6932
f 6832 6878 6949
f 6833 6888 6952
f 6836 6894 6959
f 6827 6867 6937
f 6828 6859 6938
f 6841 6880 6961
f 6845 6891 6928
f 6839 6876 6913
f 6822 6853 6909
f 6823 6883 6915
f 6844 6900 6918
f 6846 6906 6921
f 6838 6895 6929
f 6837 6871 6956
f 6829 6860 6941
f 6840 6879 6962
f 6824 6887 6927
f 6836 6870 6947
f 6827 6858 6931
f 6828 6877 6939
f 6841 6889 6951
f 6845 6896 6954
f 6838 6875 6957
f 6837 6904 6944
f 6829 6898 6942
f 6840 6884 6963
f 6824 6855 6926
f 6821 6920 6911
f 6818 6912 6907
f 6817 6910 6908
f 6819 6916 6914
f 6820 6919 6917
f 6822 6923 6922
f 6839 6960 6958
f 6846 6943 6945
f 6844 6964 6966
f 6823 6924 6925
f 6834 6953 6946
f 6831 6936 6933
f 6826 6932 6934
f 6832 6949 6948
f 6833 6952 6950
f 6836 6959 6955
f 6827 6937 6935
f 6828 6938 6940
f 6841 6961 6965
f 6845 6928 6930
f 6911 6848 6851
f 6907 6847 6848
f 6908 6849 6847
f 6914 6850 6849
f 6917 6851 6850
f 6922 6856 6853
f 6958 6874 6876
f 6945 6903 6906
f 6966 6899 6900
f 6925 6885 6883
f 6946 6863 6866
f 6933 6862 6863
f 6934 6864 6862
f 6948 6865 6864
f 6950 6866 6865
f 6955 6869 6870
f 6935 6861 6858
f 6940 6881 6877
f 6965 6890 6889
f 6930 6892 6896
f 6920 6902 6905
f 6912 6872 6873
f 6910 6852 6854
f 6916 6882 6886
f 6919 6897 6901
f 6923 6873 6875
f 6960 6905 6904
f 6943 6901 6898
f 6964 6886 6884
f 6924 6854 6855
f 6953 6893 6894
f 6936 6868 6867
f 6932 6857 6859
f 6949 6878 6880
f 6952 6888 6891
f 6959 6894 6895
f 6937 6867 6871
f 6938 6859 6860
f 6961 6880 6879
f 6928 6891 6887
f 6913 6876 6872
f 6909 6853 6852
f 6915 6883 6882
f 6918 6900 6897
f 6921 6906 6902
f 6929 6895 6892
f 6956 6871 6869
f 6941 6860 6861
f 6962 6879 6881
f 6927 6887 6890
f 6947 6870 6868
f 6931 6858 6857
f 6939 6877 6878
f 6951 6889 6888
f 6954 6896 6893
f 6957 6875 6874
f 6944 6904 6903
f 6942 6898 6899
f 6963 6884 6885
f 6926 6855 6856
f 6911 6920 6913
f 6907 6912 6909
f 6908 6910 6915
f 6914 6916 6918
f 6917 6919 6921
f 6922 6923 6929
f 6958 6960 6956
f 6945 6943 6941
f 6966 6964 6962
f 6925 6924 6927
f 6946 6953 6947
f 6933 6936 6931
f 6934 6932 6939
f 6948 6949 6951
f 6950 6952 6954
f 6955 6959 6957
f 6935 6937 6944
f 6940 6938 6942
f 6965 6961 6963
f 6930 6928 6926

