# https://github.com/mikedh/trimesh
v 0.85390782 0.84748226 0.17267931
v -0.75404525 0.70951748 0.17565930
v 0.75365907 2.01661110 0.20737457
v -0.85429400 1.87864625 0.21035457
v -0.04786102 1.91948116 0.23116314
v 0.04767677 0.80529308 0.19809830
v 0.11804425 1.93488359 0.19151425
v 0.21358202 0.82069546 0.15844941
v -0.84388071 1.29112875 0.17777741
v -0.84371692 1.29003024 0.21526968
v 0.84336084 1.43589664 0.17465067
v 0.84352458 1.43479812 0.21214294
v 0.05074752 0.76897603 0.17365766
v 0.81214637 0.84619319 0.19493926
v 0.81198347 0.84728628 0.15763402
v 0.88666952 0.88119328 0.15917873
v 0.88682479 0.88015151 0.19473088
v -0.71259296 0.71536821 0.19776487
v -0.71275586 0.71646136 0.16045964
v -0.79212022 0.73715049 0.16228986
v -0.79196495 0.73610872 0.19784188
v -0.05113567 1.95716596 0.20891869
v 0.71239972 2.00946546 0.22946072
v 0.71223682 2.01055861 0.19215560
v 0.79160887 1.98981810 0.19207847
v 0.79176414 1.98877633 0.22763050
v -0.81233960 1.87864065 0.23228633
v -0.81250250 1.87973380 0.19498122
v -0.88718092 1.84577525 0.19518971
v -0.88702559 1.84473372 0.23074162
v -0.00009073 1.36237764 0.21495140
v -0.84535152 1.82201564 0.23169148
v 0.75457281 1.95929146 0.22872651
v -0.75475800 0.76548827 0.20033777
v 0.84516633 0.90276426 0.19737291
v 0.16851938 1.37803113 0.17465615
v -0.84552246 1.82316256 0.19254756
v 0.75440186 1.96043837 0.18958259
v -0.75492889 0.76663524 0.16119385
v 0.84499544 0.90391123 0.15822887
v -0.85756886 1.28950691 0.19287717
v 0.85718077 1.43663502 0.18969929
v 0.80360496 0.83587646 0.17277730
v 0.83878058 0.84473789 0.19359767
v 0.83862799 0.84576178 0.15865552
v 0.87551290 0.86092615 0.15976059
v 0.87565833 0.85995054 0.19306064
v -0.70250058 0.70665032 0.17556834
v -0.73859471 0.70939672 0.19652092
v -0.73874730 0.71042055 0.16157866
v -0.77767193 0.71908027 0.16282427
v -0.77752656 0.71810466 0.19612443
v 0.70211625 2.01946545 0.20790172
v 0.73839122 2.01550627 0.22834170
v 0.73823863 2.01653004 0.19339955
v 0.77717048 2.00782204 0.19379604
v 0.77731591 2.00684643 0.22709620
v -0.80398923 1.89023924 0.21069276
v -0.83898413 1.88016498 0.23126483
v -0.83913666 1.88118875 0.19632268
v -0.87601435 1.86597633 0.19685972
v -0.87586904 1.86500072 0.23015988
v 0.66487539 1.99643230 0.22993088
v -0.76328820 1.87389386 0.23257744
v -0.04483427 1.88418758 0.23035932
v -0.79624575 1.84459567 0.23226500
v 0.70234072 1.97317696 0.22948766
v 0.76310062 0.85090220 0.19593585
v -0.66506302 0.72836357 0.19858253
v 0.04465215 0.84057218 0.19938874
v -0.70252478 0.75159568 0.19982886
v 0.79606169 0.88017672 0.19705176
v 0.66470689 1.99756336 0.19133782
v -0.76345676 1.87502456 0.19398463
v 0.12312292 1.89978039 0.19022012
v -0.79641777 1.84575009 0.19286871
v 0.70216876 1.97433114 0.19009149
v 0.76293206 0.85203308 0.15734291
v -0.66523153 0.72949439 0.15998960
v 0.21260935 0.85616511 0.15924954
v -0.70269686 0.75274998 0.16043270
v 0.79588968 0.88133103 0.15765548
v -0.80054224 0.77181405 0.16272819
v -0.88958198 1.81021953 0.19354403
v -0.87026799 1.78732467 0.19190431
v -0.78541249 0.79771674 0.16253638
v -0.85430968 1.29019868 0.17898417
v -0.80038160 0.77073628 0.19950759
v -0.88942128 1.80914187 0.23032343
v -0.87009960 1.78619504 0.23045123
v -0.78524405 0.79658729 0.20108342
v -0.85415620 1.28916967 0.21410179
v 0.88906521 0.91678500 0.15959704
v 0.80002546 1.95519054 0.19041288
v 0.78488797 1.92933941 0.18883705
v 0.86974347 0.93973172 0.15946913
v 0.85380012 1.43675721 0.17581868
v 0.88922590 0.91570735 0.19637632
v 0.80018610 1.95411277 0.22719216
v 0.78505635 1.92821002 0.22738385
v 0.86991185 0.93860227 0.19801617
v 0.85395354 1.43572807 0.21093619
v 0.76547956 0.83266890 0.19358420
v 0.76532680 0.83369386 0.15860212
v -0.66430974 0.70999080 0.19623387
v -0.66446251 0.71101582 0.16125178
v 0.86197740 0.85987765 0.19482291
v 0.05002800 0.77785230 0.19635904
v 0.83533466 0.86658746 0.19604146
v 0.86181700 0.86095321 0.15811658
v 0.20813873 0.79253107 0.15857291
v 0.83516639 0.86771607 0.15752542
v 0.89119256 0.87835240 0.17325115
v 0.87243485 0.88896871 0.15828705
v 0.89740264 0.91685396 0.16128469
v 0.87260044 0.88785785 0.19620025
v 0.89754820 0.91587722 0.19462287
v -0.76402688 0.72036397 0.19783628
v -0.73891217 0.73151463 0.19895887
v -0.76418722 0.72143954 0.16112983
v -0.73908043 0.73264319 0.16044295
v -0.79604137 0.73358512 0.17637801
v -0.77942151 0.74723697 0.16134834
v -0.80876333 0.77046245 0.16444659
v -0.77925587 0.74612594 0.19926167
v -0.80861783 0.76948541 0.19778478
v 0.66410637 2.01491094 0.22866857
v 0.66395372 2.01593614 0.19368660
v -0.76568294 1.89223289 0.23131824
v -0.76583564 1.89325798 0.19633627
v 0.76383108 2.00448728 0.22879052
v -0.05022033 1.94697583 0.23105419
v 0.73872429 1.99328363 0.22947741
v 0.76367074 2.00556278 0.19208419
v 0.10789041 1.96165478 0.19326806
v 0.73855609 1.99441218 0.19096148
v 0.79565364 1.99255347 0.20631635
v 0.77889979 1.97980094 0.19065881
v 0.80826169 1.95644140 0.19213569
v 0.77906543 1.97868991 0.22857213
v 0.80840719 1.95546436 0.22547376
v -0.86217314 1.86497355 0.23180389
v -0.83552253 1.85821068 0.23239493
v -0.86233354 1.86604917 0.19509745
v -0.83569068 1.85933924 0.19387889
v -0.89158028 1.84778619 0.20944321
v -0.87295657 1.83806896 0.19372010
v -0.89790434 1.81004965 0.19529760
v -0.87279099 1.83695805 0.23163331
v -0.89775878 1.80907285 0.22863567
v -0.79271340 1.79338396 0.23094213
v 0.70757896 1.92211127 0.22816181
v -0.70776129 0.80264986 0.20154083
v 0.79253107 0.93137717 0.19876051
v -0.80407822 1.29340374 0.21612060
v 0.80389380 1.43137026 0.21314061
v -0.79288715 1.79454958 0.19115984
v 0.70740521 1.92327690 0.18837941
v -0.70793509 0.80381554 0.16175854
v 0.79235727 0.93254286 0.15897822
v -0.80424994 1.29455650 0.17677963
v 0.80372208 1.43252301 0.17379975
v 0.28979400 4.42348766 3.13480425
v 0.68176067 2.66135073 4.19561195
v 0.46549433 3.33264160 1.25784755
v 0.85746092 1.57050455 2.31865454
v 0.63471091 2.47252870 1.83295107
v 0.46726727 3.51211286 3.62170410
v 0.63275856 2.66248846 1.72236764
v 0.46531498 3.70207262 3.51112103
v 0.79426295 2.07557774 3.28289127
v 0.75754166 2.06799340 3.28386164
v 0.38296837 3.92460608 2.16977572
v 0.34624714 3.91702175 2.17074585
v 0.48456904 3.55135775 3.68050265
v 0.27873513 4.37068939 3.15812445
v 0.31527296 4.37823582 3.15715885
v 0.29974455 4.43697500 3.06249976
v 0.26492366 4.42978382 3.06341982
v 0.65041691 2.69974542 4.16403294
v 0.68695480 2.70729160 4.16306782
v 0.70897883 2.59720922 4.17003965
v 0.67415804 2.59001756 4.17095947
v 0.66313386 2.44272709 1.77294445
v 0.45355526 3.28530765 1.29056954
v 0.49009308 3.29285383 1.28960395
v 0.46635208 3.40258193 1.28267777
v 0.43153122 3.39539003 1.28359783
v 0.82523710 1.61436379 2.29647827
v 0.86177492 1.62190998 2.29551291
v 0.87558639 1.56281590 2.39021778
v 0.84076554 1.55562425 2.39113760
v 0.55067492 2.99225593 2.72733593
v 0.82547939 1.62277925 2.40698862
v 0.43546996 3.37611771 1.35147870
v 0.66670126 2.60856366 4.10317183
v 0.27669176 4.36190176 3.04766130
v 0.54869092 3.18531299 2.61494970
v 0.86381829 1.63069749 2.40597582
v 0.47380883 3.38403583 1.35046566
v 0.70504010 2.61648154 4.10215855
v 0.31503063 4.36982012 3.04664826
v 0.78285158 2.05745554 3.29235530
v 0.36485142 3.93662953 2.16109180
v 0.30090746 4.37438297 3.18001318
v 0.27291352 4.40326691 3.14674807
v 0.30713704 4.41033554 3.14584398
v 0.29888684 4.44057178 3.10169554
v 0.26627150 4.43383551 3.10255766
v 0.66804689 2.72385931 4.17362881
v 0.65742630 2.67463994 4.18738222
v 0.69164985 2.68170810 4.18647814
v 0.70187944 2.62886572 4.19234324
v 0.66926414 2.62212968 4.19320488
v 0.47878084 3.27004480 1.27984166
v 0.44886017 3.31089139 1.26715934
v 0.48308375 3.31795955 1.26625502
v 0.47124588 3.37046981 1.26043212
v 0.43863061 3.36373353 1.26129401
v 0.84592032 1.61952138 2.27345729
v 0.83337295 1.58226407 2.30779338
v 0.86759657 1.58933234 2.30688906
v 0.87423849 1.55876362 2.35107970
v 0.84162325 1.55202758 2.35194159
v 0.46336246 3.24053645 1.33668482
v 0.81150222 1.67542863 2.27888012
v 0.62916964 2.50540304 1.88960719
v 0.81574506 1.66126609 2.34428740
v 0.45043844 3.30354953 1.35563219
v 0.29120862 4.30936432 3.17575598
v 0.63934839 2.74425626 4.11795139
v 0.47233188 3.47914004 3.56506085
v 0.65148556 2.68108082 4.09902477
v 0.28617901 4.32336426 3.11036944
v 0.50116163 3.24834299 1.33568609
v 0.84930146 1.68323529 2.27788162
v 0.62719333 2.69771242 1.77765608
v 0.85433102 1.66923523 2.34326768
v 0.48902440 3.31151867 1.35461271
v 0.32900780 4.31717062 3.17475700
v 0.67714763 2.75206304 4.11695242
v 0.47035551 3.67144918 3.45310974
v 0.69007164 2.68904996 4.09800482
v 0.32476503 4.33133364 3.10934973
v 0.71617466 2.55864692 4.11722565
v 0.87222946 1.58977139 2.45013618
v 0.86522943 1.63159251 2.47791982
v 0.71650803 2.55493808 4.06666756
v 0.79564345 2.06390285 3.28980565
v 0.68015188 2.55120707 4.11817741
v 0.83620661 1.58233142 2.45108819
v 0.82747513 1.62379515 2.47891736
v 0.67875385 2.54714060 4.06766510
v 0.76124811 2.05679917 3.29071426
v 0.30430344 4.41026783 3.00254917
v 0.46035823 3.44139218 1.33545983
v 0.46175623 3.44545889 1.38597190
v 0.31303489 4.36880398 2.97472000
v 0.37926188 3.93580008 2.16292286
v 0.26828054 4.40282822 3.00350094
v 0.42433533 3.43395257 1.33641160
v 0.42400205 3.43766117 1.38696933
v 0.27528068 4.36100674 2.97571754
v 0.34486663 3.92869663 2.16383171
v 0.29002023 4.32774687 3.20464182
v 0.32428277 4.33482313 3.20373678
v 0.63855630 2.76085758 4.14791012
v 0.67281884 2.76793385 4.14700460
v 0.26808813 4.41753101 3.10973239
v 0.46404442 3.53792834 3.66577792
v 0.27485642 4.38063049 3.11244869
v 0.30403957 4.42495584 3.10878229
v 0.46218392 3.71896338 3.56039000
v 0.31258023 4.38842201 3.11145210
v 0.28442463 4.44133854 3.06455684
v 0.30552053 4.41415548 3.05707073
v 0.30051118 4.41954470 2.99808025
v 0.26838708 4.40648651 3.05805206
v 0.26785877 4.41280079 2.99894309
v 0.66445500 2.63561225 4.18244839
v 0.65860653 2.65543222 4.15101910
v 0.70040637 2.64303732 4.18149757
v 0.69633037 2.66322327 4.15002203
v 0.69571733 2.59231901 4.17766762
v 0.70818937 2.60390520 4.14684200
v 0.71641892 2.54977727 4.12368107
v 0.67105591 2.59623599 4.14782333
v 0.68376642 2.54303360 4.12454367
v 0.46769121 3.22466540 1.30663264
v 0.50195372 3.23174191 1.30572736
v 0.81622732 1.65777612 2.24990058
v 0.85048985 1.66485250 2.24899530
v 0.44010365 3.34956217 1.27213919
v 0.63974392 2.44708705 1.78882957
v 0.44417974 3.32937622 1.30361509
v 0.47605509 3.35698724 1.27118921
v 0.63788337 2.62812233 1.68344164
v 0.48190358 3.33716726 1.30261827
v 0.45187020 3.40174246 1.27578282
v 0.46945417 3.39636326 1.30581415
v 0.45674360 3.44956613 1.32909358
v 0.43232071 3.38869429 1.30679524
v 0.42409113 3.44282222 1.32995629
v 0.83647043 1.56764328 2.34485507
v 0.82792979 1.60417759 2.34218502
v 0.87242186 1.57506859 2.34390497
v 0.86565363 1.61196876 2.34118843
v 0.86316293 1.55272245 2.38889337
v 0.87212294 1.58611321 2.39558506
v 0.87265134 1.57979870 2.45469403
v 0.83498955 1.57844388 2.39656639
v 0.83999878 1.57305491 2.45555687
v 0.80807942 1.70800138 2.42694545
v 0.44235703 3.35215425 1.43716478
v 0.65918887 2.63239765 4.01750183
v 0.29346648 4.27655077 3.02772141
v 0.74697477 2.11124206 3.25773764
v 0.35500354 3.87339950 2.19691777
v 0.84704357 1.71604872 2.42591596
v 0.48132119 3.36020160 1.43613541
v 0.69815296 2.64044499 4.01647186
v 0.33243060 4.28459835 3.02669191
v 0.78550649 2.11919999 3.25671911
v 0.39353529 3.88135743 2.19589972
v 0.89376467 1.13379455 0.27911854
v 0.65279073 2.26485968 0.00000000
v 0.87154621 1.36228061 1.22418904
v 0.63057226 2.49334574 0.94507056
v 0.72894275 1.91776907 1.06302214
v 0.75011718 1.70002019 0.16236317
v 0.79236370 1.80890524 1.09083271
v 0.81353807 1.59115648 0.19017386
v 0.65072834 2.41008472 0.46525753
v 0.61400717 2.40250039 0.46622789
v 0.90358484 1.22324669 0.75813943
v 0.86686361 1.21566260 0.75910968
v 0.77368283 1.69751084 0.13184929
v 0.86583233 1.15916455 0.27483499
v 0.90237010 1.16671073 0.27386951
v 0.91253561 1.11769223 0.30935001
v 0.87771475 1.11050081 0.31027007
v 0.63732904 2.23169518 0.01016128
v 0.67386687 2.23924136 0.00919580
v 0.66094583 2.29858494 0.01793540
v 0.62612498 2.29139352 0.01885545
v 0.75110209 1.92972207 1.09232783
v 0.84372509 1.38650596 1.21517134
v 0.88026291 1.39405215 1.21420598
v 0.89146703 1.33435369 1.20551181
v 0.85664612 1.32716227 1.20643187
v 0.61522186 2.45903659 0.95049769
v 0.65175962 2.46658278 0.94953233
v 0.63987720 2.51524639 0.91409725
v 0.60505629 2.50805497 0.91501725
v 0.73921597 1.80882978 0.61270100
v 0.60970187 2.47486329 0.90085202
v 0.84947264 1.34944582 1.17857683
v 0.62978047 2.26838303 0.04680347
v 0.86955118 1.14296579 0.32452822
v 0.80367076 1.69819117 0.64096498
v 0.64804077 2.48278141 0.89983904
v 0.88781154 1.35736418 1.17756379
v 0.66811937 2.27630138 0.04579043
v 0.90789002 1.15088415 0.32351518
v 0.63390291 2.41671014 0.46326017
v 0.89088184 1.21052253 0.76091701
v 0.88605684 1.16815829 0.26444006
v 0.87100476 1.14015841 0.27634311
v 0.90522832 1.14722645 0.27543890
v 0.90987790 1.12273026 0.29168856
v 0.87726259 1.11599422 0.29255033
v 0.66034609 2.22758174 0.00300109
v 0.63461328 2.24971437 0.00253260
v 0.66883683 2.25678253 0.00162828
v 0.66212535 2.28561211 0.00471842
v 0.62950999 2.27887607 0.00558019
v 0.86356354 1.39947033 1.22119939
v 0.84875518 1.36896479 1.22273898
v 0.88297868 1.37603283 1.22183466
v 0.88808197 1.34687126 1.21878707
v 0.85546660 1.34013522 1.21964884
v 0.63785285 2.45889378 0.95976031
v 0.61236364 2.47852087 0.94892836
v 0.64658719 2.48558903 0.94802409
v 0.64032936 2.50975299 0.93181705
v 0.60771406 2.50301719 0.93267876
v 0.83602631 1.41860855 1.19963503
v 0.62199634 2.42320609 0.95172548
v 0.72937518 1.91082370 1.03450465
v 0.61682522 2.44276023 0.92439216
v 0.84140903 1.38862586 1.18452609
v 0.85779631 1.19473445 0.27364051
v 0.64376634 2.19933224 0.02573097
v 0.74920827 1.70686710 0.19089329
v 0.63759696 2.22915220 0.04086065
v 0.86218077 1.17501783 0.30099463
v 0.87382555 1.42641509 1.19863629
v 0.65979558 2.43101287 0.95072675
v 0.79358041 1.80061352 1.06265914
v 0.65541112 2.45072937 0.92337263
v 0.87999511 1.39659500 1.18350661
v 0.89559561 1.20254111 0.27264178
v 0.68156564 2.20713878 0.02473223
v 0.81341356 1.59665692 0.21904790
v 0.67618293 2.23712134 0.03984118
v 0.90076685 1.18298697 0.29997504
v 0.66006905 2.30937529 0.04536164
v 0.64033478 2.51231384 0.88476127
v 0.64424568 2.49560738 0.86800575
v 0.66305250 2.30220556 0.06805182
v 0.64800167 2.41718388 0.46347713
v 0.62404603 2.30193567 0.04631341
v 0.60431200 2.50487399 0.88571316
v 0.60649151 2.48781013 0.86900330
v 0.62529832 2.29440832 0.06904936
v 0.61360645 2.41008019 0.46438599
v 0.91328001 1.12087321 0.33865416
v 0.89354587 1.32381165 1.17805386
v 0.89229363 1.33133900 1.15531790
v 0.91110045 1.13793719 0.35536397
v 0.90398556 1.21566701 0.75998139
v 0.87725711 1.11343336 0.33960605
v 0.85752296 1.31637180 1.17900562
v 0.85453951 1.32354164 1.15631545
v 0.87334633 1.13013995 0.35636151
v 0.86959028 1.20856333 0.76089013
v 0.86003542 1.19094050 0.25889683
v 0.89429796 1.19801676 0.25799155
v 0.64576173 2.19668174 0.01070499
v 0.68002427 2.20375800 0.00979984
v 0.87353605 1.12543273 0.29115939
v 0.75154436 1.69483912 0.14013565
v 0.86860138 1.14520395 0.29393077
v 0.90948755 1.13285792 0.29020941
v 0.81198561 1.59108996 0.16663957
v 0.90632528 1.15299487 0.29293418
v 0.89934969 1.11131251 0.30819559
v 0.91150475 1.12914240 0.31417322
v 0.91284674 1.11458588 0.33965814
v 0.87437123 1.12147319 0.31515443
v 0.88019443 1.10784221 0.34052086
v 0.62985688 2.26919508 0.00890756
v 0.63267881 2.25255919 0.02066338
v 0.66580838 2.27662039 0.00795758
v 0.67040265 2.26035023 0.01966667
v 0.64649439 2.29814506 0.01531518
v 0.66395122 2.29108977 0.02743387
v 0.65715426 2.31473565 0.04349124
v 0.62681776 2.28342056 0.02841496
v 0.62450182 2.30799198 0.04435408
v 0.83756769 1.42198932 1.21456742
v 0.87183022 1.42906559 1.21366215
v 0.62329406 2.42773032 0.96637583
v 0.65755659 2.43480682 0.96547049
v 0.85178363 1.34912694 1.21640968
v 0.72932601 1.92332411 1.08520198
v 0.84718937 1.36539721 1.20470059
v 0.88773501 1.35655212 1.21545982
v 0.78976721 1.81957483 1.11170590
v 0.88491321 1.37318814 1.20370388
v 0.87817502 1.32906389 1.20886517
v 0.89077425 1.34232676 1.19595230
v 0.89309019 1.31775522 1.18001318
v 0.85364074 1.33465743 1.19693351
v 0.86043769 1.31101155 1.18087602
v 0.60810447 2.49288940 0.93415785
v 0.61126661 2.47275233 0.93143314
v 0.64405590 2.50031447 0.93320793
v 0.64899051 2.48054338 0.93043643
v 0.62531978 2.51589656 0.91598463
v 0.64322072 2.50427413 0.90921283
v 0.63739765 2.51790500 0.88384640
v 0.60608727 2.49660492 0.91019398
v 0.60474515 2.51116133 0.88470918
v 0.61748004 2.43332791 0.88291556
v 0.84231961 1.37799370 1.14334559
v 0.63630831 2.23970628 0.08205116
v 0.86114776 1.18437195 0.34248114
v 0.61904162 2.37443376 0.47313178
v 0.86001849 1.24335551 0.75225353
v 0.65644419 2.44137526 0.88188607
v 0.88128364 1.38604105 1.14231610
v 0.67527241 2.24775362 0.08102167
v 0.90011191 1.19241929 0.34145164
v 0.65757346 2.38239169 0.47211373
v 0.89855027 1.25131357 0.75123543
v -0.95653772 2.42312765 3.05569410
v -0.82151306 1.80740273 3.04392529
v 0.58975667 2.76136255 3.10056543
v 0.72478133 2.14563775 3.08879662
v 0.62148428 2.44611454 3.07051611
v -0.85214520 2.12377429 3.02775335
v 0.60660613 2.50875330 3.11106730
v -0.86702341 2.18641305 3.06830454
v -0.04539945 1.96096754 3.08137131
v -0.04451097 1.96187890 3.04388428
v -0.18708216 2.60705376 3.09372044
v -0.18619366 2.60796523 3.05623341
v -0.90163583 2.11250234 3.04967260
v -0.94864732 2.40857959 3.03340912
v -0.94953132 2.40767264 3.07070899
v -0.91983998 2.44509363 3.07144499
v -0.91899753 2.44595814 3.03589773
v -0.82061034 1.82471931 3.02224922
v -0.82149440 1.82381248 3.05954933
v -0.77886701 1.80224383 3.05915785
v -0.77802455 1.80310822 3.02361059
v 0.66986871 2.45625186 3.09527540
v 0.58990133 2.74512029 3.07805562
v 0.58901727 2.74421358 3.11535573
v 0.54643142 2.76582456 3.11399412
v 0.54727387 2.76668882 3.07844687
v 0.71793818 2.16125989 3.06689596
v 0.71705419 2.16035318 3.10419583
v 0.68740445 2.12297463 3.10170698
v 0.68824685 2.12383890 3.06615973
v -0.11532282 2.28495216 3.04881406
v 0.65052605 2.13144636 3.06365299
v 0.51617557 2.74409676 3.07536292
v -0.74684113 1.82578754 3.02310324
v -0.88119149 2.43843794 3.03481340
v -0.13044366 2.34861231 3.09002638
v 0.64959836 2.13049483 3.10279155
v 0.51524800 2.74314523 3.11450148
v -0.74776870 1.82483602 3.06224203
v -0.88211912 2.43748665 3.07395172
v -0.04388726 1.95606720 3.06619883
v -0.18787988 2.61268711 3.07874918
v -0.96181875 2.40154147 3.05482578
v -0.95584232 2.41754436 3.03463912
v -0.95667040 2.41669488 3.06957650
v -0.94404709 2.43468285 3.06949139
v -0.94325793 2.43549228 3.03619552
v -0.83534652 1.82481635 3.04380226
v -0.82338536 1.81352854 3.02309418
v -0.82421339 1.81267905 3.05803156
v -0.80522430 1.80163753 3.05739141
v -0.80443513 1.80244708 3.02409554
v 0.60360062 2.74395967 3.10025191
v 0.59262031 2.75625372 3.07957315
v 0.59179229 2.75540423 3.11451101
v 0.57284200 2.76648569 3.11350918
v 0.57363117 2.76729536 3.08021355
v 0.73007280 2.16723466 3.08922863
v 0.72507727 2.15223765 3.06802845
v 0.72424924 2.15138841 3.10296583
v 0.71166480 2.13344049 3.10140944
v 0.71245396 2.13424993 3.06811380
v 0.58223855 2.72407889 3.07671785
v 0.70216560 2.17719984 3.06626487
v 0.57482022 2.43591213 3.06891823
v 0.67039365 2.15612769 3.06459761
v 0.54455286 2.72997332 3.07556581
v -0.93284416 2.39267111 3.03275228
v -0.81291705 1.84579206 3.02229929
v -0.80546951 2.13398886 3.02886438
v -0.77521241 1.83991706 3.02264810
v -0.90105325 2.41376257 3.03361654
v 0.58132392 2.72314072 3.11530542
v 0.70125103 2.17626166 3.10485268
v 0.55975801 2.49932575 3.10997105
v 0.66946012 2.15516996 3.10398817
v 0.54361933 2.72901559 3.11495686
v -0.93375874 2.39173293 3.07134008
v -0.81383157 1.84485388 3.06088686
v -0.82053185 2.19740224 3.06991696
v -0.77614599 1.83895934 3.06203890
v -0.90198678 2.41280508 3.07300735
v -0.73199117 1.81031525 3.06107926
v 0.64140785 2.11073112 3.10093355
v 0.60767049 2.11024714 3.10100675
v -0.70118868 1.82394850 3.06302547
v -0.04449514 1.95700097 3.08010769
v -0.73111957 1.81120920 3.02430511
v 0.64227951 2.11162519 3.06415915
v 0.60858399 2.11118412 3.06246519
v -0.70027518 1.82488561 3.02448368
v -0.04366292 1.95785451 3.04499507
v -0.87387258 2.45730758 3.07344556
v 0.49952644 2.75772357 3.11329985
v 0.46868202 2.74404716 3.11312103
v -0.84017700 2.45774841 3.07514000
v -0.18793018 2.61107802 3.09260964
v -0.87300092 2.45820141 3.03667140
v 0.50039804 2.75861740 3.07652569
v 0.46959552 2.74498415 3.07457924
v -0.83926362 2.45868564 3.03659821
v -0.18709797 2.61193180 3.05749702
v -0.95723289 2.38762784 3.03385878
v -0.95806193 2.38677764 3.06883621
v -0.83716917 1.84012640 3.02339411
v -0.83799827 1.83927608 3.05837107
v -0.94056445 2.43066025 3.03443718
v -0.88849598 2.11580539 3.02762318
v -0.92652363 2.42336392 3.03368664
v -0.94143426 2.42976809 3.07113838
v -0.90267527 2.17550111 3.06626892
v -0.92743629 2.42242765 3.07219744
v -0.92354649 2.44624829 3.05720806
v -0.90697080 2.44248199 3.07286835
v -0.87530851 2.46034861 3.07176328
v -0.90607238 2.44340372 3.03496027
v -0.87451857 2.46115923 3.03842974
v -0.80402398 1.80802321 3.02253628
v -0.79432946 1.82054615 3.02216482
v -0.80489379 1.80713093 3.05923748
v -0.79524213 1.81960988 3.06067538
v -0.78186452 1.80016482 3.04485893
v -0.76825953 1.80994570 3.06077814
v -0.73203677 1.80701566 3.05927563
v -0.76736110 1.81086719 3.02287006
v -0.73124671 1.80782604 3.02594209
v 0.60640514 2.72965670 3.07923365
v 0.60557604 2.72880626 3.11421108
v 0.72646880 2.18215513 3.06876874
v 0.72563976 2.18130469 3.10374594
v 0.57330072 2.76180172 3.07836723
v 0.65779138 2.45403886 3.07249403
v 0.56364906 2.74932289 3.07692957
v 0.57243085 2.76090956 3.11506891
v 0.64361203 2.51373482 3.11114025
v 0.56273633 2.74838662 3.11544037
v 0.55010015 2.76859236 3.09997129
v 0.53576803 2.75806546 3.11473465
v 0.49965364 2.76110673 3.11166286
v 0.53666639 2.75898719 3.07682657
v 0.50044364 2.76191711 3.07832909
v 0.70984113 2.13916469 3.06646633
v 0.69584316 2.14650512 3.06540728
v 0.70897132 2.13827252 3.10316801
v 0.69493049 2.14556885 3.10391808
v 0.69178218 2.12250876 3.08762217
v 0.67447925 2.12552905 3.10264444
v 0.64292550 2.10777378 3.09917498
v 0.67537767 2.12645054 3.06473637
v 0.64371544 2.10858393 3.06584167
v 0.60284120 2.14101267 3.06243587
v 0.47685719 2.71551156 3.07341671
v -0.70750749 1.85438824 3.02441120
v -0.83349156 2.42888713 3.03539228
v -0.04781732 1.97707844 3.04325008
v -0.18284349 2.59281063 3.05501938
v 0.60189843 2.14004564 3.10221267
v 0.47591439 2.71454453 3.11319351
v -0.70845026 1.85342121 3.06418824
v -0.83443433 2.42792010 3.07516909
v -0.04874961 1.97612226 3.08258581
v -0.18377581 2.59185433 3.09435487
v -0.83243144 1.48001838 0.26952147
v -0.84163350 1.49546599 1.20301783
v -0.68787485 1.50782526 0.27048624
v -0.69707704 1.52327275 1.20398259
v -0.69150788 1.49219131 0.73763049
v -0.82927132 1.46569109 0.73671097
v -0.69798636 1.52924001 0.64050180
v -0.83574969 1.50273979 0.63958228
v -0.77247179 1.52478206 1.22623837
v -0.76539212 1.48795378 1.22691762
v -0.76281595 1.50857282 0.24671113
v -0.75573623 1.47174454 0.24739027
v -0.83825403 1.48774016 0.73625755
v -0.82813507 1.45878327 0.29407895
v -0.83517951 1.49542773 0.29340303
v -0.83119476 1.49447656 0.24872458
v -0.82448137 1.45955420 0.24936867
v -0.83686095 1.47343135 1.17926562
v -0.84390545 1.51007569 1.17858982
v -0.84080225 1.51060450 1.22334516
v -0.83408880 1.47568226 1.22398925
v -0.69134074 1.51600039 0.73723811
v -0.68430263 1.48645091 0.29503894
v -0.69134712 1.52309525 0.29436302
v -0.69411922 1.52084434 0.24963951
v -0.68740582 1.48592210 0.25028348
v -0.69302857 1.50109887 1.18022561
v -0.70007288 1.53774333 1.17954981
v -0.70372665 1.53697252 1.22426009
v -0.69701332 1.50205004 1.22490418
v -0.76032901 1.47862613 0.73717654
v -0.69966930 1.49928749 1.20202255
v -0.69051307 1.48391724 0.27318728
v -0.83030325 1.47415876 1.20115066
v -0.82114708 1.45878851 0.27231526
v -0.76691312 1.51627886 0.63846427
v -0.70706093 1.53773820 1.20131338
v -0.69790477 1.52236784 0.27247810
v -0.83769500 1.51260948 1.20044148
v -0.82853878 1.49723911 0.27160621
v -0.76970404 1.51010692 1.23449636
v -0.75989074 1.49363351 0.23899925
v -0.83357567 1.48012137 0.29908311
v -0.82867098 1.45960176 0.27877557
v -0.83526921 1.49392509 0.27814245
v -0.83342141 1.49303842 0.25616157
v -0.82713330 1.46032810 0.25676489
v -0.84219486 1.49459052 1.17345190
v -0.83769810 1.47475553 1.19452000
v -0.84429634 1.50907886 1.19388700
v -0.84288234 1.50892055 1.21591735
v -0.83659422 1.47621012 1.21652067
v -0.68723124 1.50827229 0.30005991
v -0.68391174 1.48744774 0.27974176
v -0.69050992 1.52177107 0.27910864
v -0.69161385 1.52031660 0.25710809
v -0.68532568 1.48760605 0.25771141
v -0.69585043 1.52274120 1.17442870
v -0.69293886 1.50260150 1.19548619
v -0.69953704 1.53692484 1.19485319
v -0.70107478 1.53619862 1.21686387
v -0.69478661 1.50348818 1.21746707
v -0.68555427 1.48607123 0.32307673
v -0.69372755 1.49979150 1.15219641
v -0.69582492 1.49111295 0.73760575
v -0.69710070 1.49911058 1.17262411
v -0.68852448 1.48471379 0.30262041
v -0.82719296 1.45882571 0.32213140
v -0.83536613 1.47254598 1.15125108
v -0.82486242 1.46629131 0.73674452
v -0.83224428 1.47311449 1.17172205
v -0.82366812 1.45871758 0.30171835
v -0.69284189 1.52398062 0.32237756
v -0.70101511 1.53770089 1.15149736
v -0.70238346 1.52862000 0.63927579
v -0.70453995 1.53780913 1.17191041
v -0.69596380 1.52341223 0.30190670
v -0.83448052 1.49673510 0.32143223
v -0.84265375 1.51045537 1.15055192
v -0.83142096 1.50379837 0.63841450
v -0.83968347 1.51181281 1.17100835
v -0.83110738 1.49741602 0.30100465
v -0.83660787 1.51209450 1.22650313
v -0.70821464 1.53679204 1.22736013
v -0.71129972 1.53691447 1.21732354
v -0.83365941 1.51337731 1.21650696
v -0.77230734 1.52371597 1.23231745
v -0.82966280 1.47596645 1.22716939
v -0.70126957 1.50066411 1.22802639
v -0.70402080 1.49905026 1.21802187
v -0.82638049 1.47551310 1.21720517
v -0.76567602 1.48922038 1.23295367
v -0.82693845 1.49586248 0.24560237
v -0.69854528 1.52056015 0.24645925
v -0.70182759 1.52101350 0.25642359
v -0.82418728 1.49747646 0.25560689
v -0.76253206 1.50730634 0.24067509
v -0.81999344 1.45973456 0.24626863
v -0.69160014 1.48443222 0.24712563
v -0.69454867 1.48314929 0.25712192
v -0.81690836 1.45961213 0.25630510
v -0.75590074 1.47281075 0.24131131
v -0.82979888 1.46015477 0.32161164
v -0.83640462 1.49451721 0.32097793
v -0.83798128 1.47389066 1.15167522
v -0.84458709 1.50825310 1.15104151
v -0.82674807 1.45881295 0.26468658
v -0.83284205 1.46594560 0.73667157
v -0.82561791 1.45838571 0.27973425
v -0.83367944 1.49486911 0.26402152
v -0.83901608 1.50125372 0.64410615
v -0.83289093 1.49621964 0.27903652
v -0.82884091 1.48045754 0.24652767
v -0.83039480 1.49597728 0.25652862
v -0.82663929 1.49407864 0.24082649
v -0.82323545 1.45873547 0.25721550
v -0.82034403 1.46133113 0.24143040
v -0.83605355 1.47443378 1.20866251
v -0.83462703 1.47350943 1.19366241
v -0.84298486 1.51049006 1.20799756
v -0.84190011 1.51134324 1.19296467
v -0.83849669 1.49666667 1.22605062
v -0.83984810 1.51184642 1.21551299
v -0.83640349 1.51046979 1.23134041
v -0.83268887 1.47460485 1.21619987
v -0.83010817 1.47772205 1.23194432
v -0.68362099 1.48827350 0.32258725
v -0.69022673 1.52263606 0.32195354
v -0.69180340 1.50200939 1.15265083
v -0.69840920 1.53637183 1.15201712
v -0.68522316 1.48603654 0.26563120
v -0.68828619 1.49375236 0.73763639
v -0.68630797 1.48518336 0.28066409
v -0.69215453 1.52209282 0.26496625
v -0.69446021 1.52906048 0.64507097
v -0.69358104 1.52301717 0.27996635
v -0.69107586 1.50695801 0.24744725
v -0.69551921 1.52192187 0.25742877
v -0.69809991 1.51880455 0.24168444
v -0.68835998 1.48468018 0.25811565
v -0.69180459 1.48605692 0.24228835
v -0.69452858 1.50165749 1.20960712
v -0.69531715 1.50030696 1.19459224
v -0.70146000 1.53771377 1.20894217
v -0.70259017 1.53814089 1.19389439
v -0.70073169 1.52316713 1.22697008
v -0.70497251 1.53779113 1.21641326
v -0.70786405 1.53519547 1.23219824
v -0.69781321 1.50054944 1.21710014
v -0.70156872 1.50244796 1.23280227
v -0.70339137 1.49771297 1.17308056
v -0.69480544 1.48329985 0.30208647
v -0.82589036 1.47414911 1.17226291
v -0.81730443 1.45973587 0.30126894
v -0.76499075 1.48666513 1.20392442
v -0.75578845 1.47121739 0.27041709
v -0.71090358 1.53679073 1.17235982
v -0.70231766 1.52237749 0.30136585
v -0.83340257 1.51322687 1.17154217
v -0.82481664 1.49881363 0.30054820
v -0.77241957 1.52530932 1.20321167
v -0.76321733 1.50986147 0.26970434
v -1.22431326 2.14945674 2.75733566
v -0.90650594 2.29824996 2.70527649
v -1.43850124 2.50487828 2.46562839
v -1.12069380 2.65367174 2.41356897
v -1.27136505 2.55757785 2.42784214
v -1.06724250 2.21885848 2.70584130
v -1.30963624 2.56492543 2.46489549
v -1.10551345 2.22620606 2.74289465
v -1.00788271 2.48846531 2.57046080
v -1.00269234 2.46681714 2.54027271
v -1.34136140 2.33233500 2.62508702
v -1.33617091 2.31068659 2.59489918
v -1.06369531 2.22108817 2.73386812
v -1.21356750 2.14143872 2.73746705
v -1.21873188 2.16297889 2.76750422
v -1.23884034 2.16365170 2.76247478
v -1.23391843 2.14312387 2.73384905
v -0.91220689 2.28253198 2.68810177
v -0.91737145 2.30407214 2.71813917
v -0.90703213 2.31900024 2.70812178
v -0.90211028 2.29847217 2.67949629
v -1.28137529 2.58230424 2.43740463
v -1.42668235 2.49507999 2.44722080
v -1.43184698 2.51662016 2.47725797
v -1.44194341 2.50067997 2.48586345
v -1.43702161 2.48015189 2.45723772
v -1.12532175 2.63617325 2.39785552
v -1.13048637 2.65771341 2.42789268
v -1.11013532 2.65602827 2.43151069
v -1.10521352 2.63550019 2.40288496
v -1.16925931 2.38803291 2.56658340
v -1.10798645 2.62289548 2.40921497
v -1.42420709 2.47484493 2.46101427
v -0.91442752 2.30170512 2.67282772
v -1.23064816 2.15365458 2.72462702
v -1.20815432 2.39550066 2.60424089
v -1.11340570 2.64549732 2.44073296
v -1.42962635 2.49744701 2.49253225
v -0.91984665 2.32430720 2.70434546
v -1.23606730 2.17625690 2.75614476
v -1.00307751 2.48103428 2.55787802
v -1.34199297 2.32235837 2.61339498
v -1.21289361 2.15184498 2.75731564
v -1.21824598 2.13854599 2.74020576
v -1.22308338 2.15872192 2.76834011
v -1.23264825 2.15836906 2.76592827
v -1.22803819 2.13914132 2.73911572
v -0.91521615 2.29121399 2.70855331
v -0.90648210 2.28450990 2.68913627
v -0.91131955 2.30468607 2.71727085
v -0.90590084 2.31134796 2.71240425
v -0.90129071 2.29212022 2.68559194
v -1.42973077 2.51166248 2.46199989
v -1.43273425 2.49446607 2.44808888
v -1.43757164 2.51464200 2.47622371
v -1.44276309 2.50703168 2.47976780
v -1.43815291 2.48780394 2.45295525
v -1.13205302 2.65103149 2.41323805
v -1.12097037 2.64042997 2.39701962
v -1.12580776 2.66060615 2.42515421
v -1.11601567 2.66001081 2.42624426
v -1.11140549 2.64078307 2.39943171
v -1.41542411 2.49647975 2.44735241
v -1.13315153 2.62863588 2.40111399
v -1.26486659 2.54671001 2.43645024
v -1.12132442 2.62367773 2.40620375
v -1.41751599 2.48500466 2.45472240
v -1.20555949 2.14823198 2.73317194
v -0.92328691 2.28038859 2.68693352
v -1.07367337 2.22944522 2.69684124
v -0.92108369 2.29139972 2.67891669
v -1.21727526 2.15272665 2.72743511
v -1.42076683 2.51876354 2.47842646
v -1.13849425 2.65091991 2.43218803
v -1.30361104 2.55414867 2.47396207
v -1.12677860 2.64642549 2.43792486
v -1.42297006 2.50775242 2.48644328
v -1.21090233 2.17051601 2.76424599
v -0.92862982 2.30267239 2.71800756
v -1.11241782 2.23688388 2.73435307
v -0.92653781 2.31414747 2.71063757
v -1.22272933 2.17547441 2.75915623
v -0.91248018 2.33052850 2.69968081
v -1.10271907 2.64620972 2.44058990
v -1.10177624 2.63770866 2.44794703
v -0.92047709 2.33686233 2.69486260
v -1.00565624 2.48874545 2.56916666
v -0.90738839 2.30929184 2.67006707
v -1.09762728 2.62497282 2.41097593
v -1.09643972 2.61545134 2.41690969
v -0.91514057 2.31460500 2.66382527
v -1.00079453 2.46846843 2.54089117
v -1.24642646 2.17417908 2.75438404
v -1.43666530 2.48986006 2.49529290
v -1.42891324 2.48454714 2.50153446
v -1.24761403 2.18370080 2.74845004
v -1.34325933 2.33068371 2.62446880
v -1.24133468 2.15294242 2.72477007
v -1.43157363 2.46862340 2.46567893
v -1.42357671 2.46228957 2.47049737
v -1.24227750 2.16144347 2.71741295
v -1.33839762 2.31040668 2.59619284
v -1.20260727 2.14361906 2.73923159
v -1.20745027 2.16381812 2.76739836
v -0.92001337 2.27592611 2.69294071
v -0.92485631 2.29612494 2.72110748
v -1.22532570 2.13976288 2.73701906
v -1.06233811 2.21104169 2.71343899
v -1.22172654 2.14435816 2.73321795
v -1.23040736 2.16095757 2.76657438
v -1.09881127 2.21804428 2.74875164
v -1.22705877 2.16659760 2.76423001
v -1.23720324 2.15423584 2.75190353
v -1.23797190 2.16828418 2.76076961
v -1.24771631 2.17224002 2.75341392
v -1.23272312 2.14639282 2.73024273
v -1.24310100 2.15299010 2.72657084
v -0.90395051 2.29022694 2.68437529
v -0.91058093 2.29003239 2.68225002
v -0.90903217 2.31142139 2.71393061
v -0.91591322 2.31227207 2.71326208
v -0.90372604 2.31036544 2.69727731
v -0.91148698 2.32114029 2.70728874
v -0.91049731 2.33012152 2.69817495
v -0.90623826 2.29924893 2.67676210
v -0.90588194 2.31087184 2.67133188
v -1.41919744 2.50302720 2.44425249
v -1.42404044 2.52322602 2.47241902
v -1.13660359 2.63533425 2.39796114
v -1.14144659 2.65553308 2.42612815
v -1.43502164 2.48773074 2.45142937
v -1.27652514 2.56646180 2.42173266
v -1.42814052 2.48688006 2.45209789
v -1.44010317 2.50892520 2.48098445
v -1.31299818 2.57346416 2.45704532
v -1.43347287 2.50911951 2.48310995
v -1.44132817 2.49295902 2.47390079
v -1.43781555 2.49990320 2.48859787
v -1.43817174 2.48828030 2.49402809
v -1.43256688 2.47801161 2.45807076
v -1.43355656 2.46903038 2.46718502
v -1.11364639 2.63819456 2.39878559
v -1.11699510 2.63255429 2.40112972
v -1.11872804 2.65938902 2.42834091
v -1.12232733 2.65479398 2.43214178
v -1.10785103 2.64908862 2.41927481
v -1.11133075 2.65275931 2.43511701
v -1.10095286 2.64616179 2.43878889
v -1.10608208 2.63086772 2.40459037
v -1.09633756 2.62691236 2.41194582
v -1.11176145 2.60810065 2.41877890
v -1.40829027 2.46926951 2.46735263
v -0.93025607 2.30691195 2.66597557
v -1.22678483 2.16808081 2.71454906
v -1.01039815 2.46261573 2.54081178
v -1.32820928 2.31382036 2.59287167
v -1.11726916 2.63107109 2.45081067
v -1.41379762 2.49224043 2.49938440
v -0.93576360 2.32988262 2.69800735
v -1.23229218 2.19105148 2.74658108
v -1.01584435 2.48533154 2.57248831
v -1.33365571 2.33653617 2.62454796
v -1.02920032 2.71680832 2.38799000
v -1.41166627 3.21720529 1.96110129
v -1.50838482 2.46964669 2.52758789
v -1.89085066 2.97004366 2.10069895
v -1.68641293 2.71157670 2.29262066
v -1.22974682 2.94712353 2.15958285
v -1.65022159 2.68385124 2.36776209
v -1.19355571 2.91939831 2.23472452
v -1.66197634 3.11528087 2.03245330
v -1.65882015 3.09244895 2.00286198
v -1.26065099 2.59020925 2.48039198
v -1.25749505 2.56737733 2.45080066
v -1.21654654 2.96916080 2.17358828
v -1.03843713 2.71568155 2.35985422
v -1.04157746 2.73839951 2.38929772
v -1.03438163 2.70811915 2.41231751
v -1.03138876 2.68646884 2.38425779
v -1.40110993 3.19018221 1.95505750
v -1.40425038 3.21290016 1.98450100
v -1.43369663 3.23056030 1.96662271
v -1.43070388 3.20890975 1.93856275
v -1.70354307 2.71796966 2.31546187
v -1.51522112 2.46975803 2.49875283
v -1.51836145 2.49247599 2.52819633
v -1.48876750 2.47374845 2.54469109
v -1.48577476 2.45209789 2.51663113
v -1.87789381 2.94425869 2.09395599
v -1.88103426 2.96697688 2.12339950
v -1.88808239 2.99618959 2.09899616
v -1.88508976 2.97453904 2.07093620
v -1.45805275 2.82915497 2.22584867
v -1.86488283 2.96668100 2.07687712
v -1.48432648 2.46878266 2.50163460
v -1.43184972 3.19003773 1.95072448
v -1.05129349 2.69213939 2.37548161
v -1.42127156 2.80097723 2.30221510
v -1.86817777 2.99051881 2.10777211
v -1.48762155 2.49262047 2.53252935
v -1.43514502 3.21387577 1.98161924
v -1.05458868 2.71597743 2.40637660
v -1.66397882 3.11038113 2.01690435
v -1.25611067 2.57674932 2.47214603
v -1.03833151 2.73405147 2.37343502
v -1.03074074 2.70900321 2.36732626
v -1.03368187 2.73028207 2.39490485
v -1.02948892 2.71546292 2.40574527
v -1.02668595 2.69518375 2.37946272
v -1.39657187 3.20275331 1.97358537
v -1.40593326 3.19988418 1.94855547
v -1.40887463 3.22116327 1.97613406
v -1.42271376 3.22993588 1.96684790
v -1.41991055 3.20965695 1.94056547
v -1.52344239 2.48383284 2.51475954
v -1.51059675 2.46149492 2.50711966
v -1.51353812 2.48277402 2.53469825
v -1.49956071 2.47300148 2.54268837
v -1.49675763 2.45272231 2.51640582
v -1.88168287 2.95253468 2.11490989
v -1.88578928 2.95237613 2.08834887
v -1.88873076 2.97365522 2.11592770
v -1.89278555 2.98747444 2.10379124
v -1.88998222 2.96719551 2.07750845
v -1.52301669 2.48626852 2.48436546
v -1.86271811 2.93071485 2.10520840
v -1.67192972 2.71888852 2.28821516
v -1.86029446 2.94698048 2.09240699
v -1.50384223 2.48061848 2.49026060
v -1.05350459 2.72844124 2.34758568
v -1.39320600 3.17288733 1.96842837
v -1.24418902 2.93951559 2.16360402
v -1.41231275 3.17804813 1.96189916
v -1.05586052 2.71168613 2.35975289
v -1.52626538 2.50977087 2.51482558
v -1.86596668 2.95421696 2.13566828
v -1.63529086 2.69081998 2.36428595
v -1.86361086 2.97097206 2.12350106
v -1.50715876 2.50461006 2.52135468
v -1.05675328 2.75194359 2.37804556
v -1.39645469 3.19638968 1.99888825
v -1.20755005 2.91144729 2.23967505
v -1.41562903 3.20203972 1.99299312
v -1.05917680 2.73567772 2.39084673
v -1.44942498 3.22519493 1.96986318
v -1.87503052 3.00566888 2.09385204
v -1.86100721 3.00600481 2.09620976
v -1.45540249 3.21521425 1.97804725
v -1.66435838 3.11780500 2.02874613
v -1.44632900 3.20279694 1.94083476
v -1.87193453 2.98327112 2.06482363
v -1.85776258 2.98253036 2.06578588
v -1.45215750 3.19174004 1.94762373
v -1.66140223 3.09641910 2.00102901
v -1.04753697 2.69938731 2.41843009
v -1.47314239 2.47986126 2.54241896
v -1.46731389 2.49091816 2.53562999
v -1.06170881 2.70012784 2.41746783
v -1.25806928 2.58623910 2.48222494
v -1.04444075 2.67698932 2.38940167
v -1.47004628 2.45746326 2.51339054
v -1.46406901 2.46744394 2.50520658
v -1.05846405 2.67665362 2.38704395
v -1.25511301 2.56485319 2.45450783
v -1.04593980 2.73316836 2.34703445
v -1.04888463 2.75447178 2.37464452
v -1.38602793 3.17812037 1.96744573
v -1.38897264 3.19942379 1.99505568
v -1.03024364 2.69813418 2.37464690
v -1.21856654 2.95349336 2.15703249
v -1.03999400 2.70374322 2.36813188
v -1.03333342 2.72048783 2.40361786
v -1.18407571 2.92707038 2.22864366
v -1.04323614 2.72719884 2.39853096
v -1.03104234 2.69876957 2.40192723
v -1.04133046 2.71114826 2.41073656
v -1.04518068 2.69588757 2.41919947
v -1.03813910 2.68805981 2.38081312
v -1.04237425 2.67558551 2.39288712
v -1.41700315 3.20414853 1.94296575
v -1.41444254 3.19365072 1.95019150
v -1.42009294 3.22650194 1.97193682
v -1.41768491 3.21710610 1.98059082
v -1.43236589 3.22383881 1.95399046
v -1.43423903 3.22520781 1.97219193
v -1.45100737 3.22684860 1.96623671
v -1.43104756 3.20211935 1.94226837
v -1.44820094 3.20654631 1.93992412
v -1.53049874 2.48323464 2.48819804
v -1.53344345 2.50453782 2.51580811
v -1.87058675 2.92818642 2.10860920
v -1.87353170 2.94949007 2.13621926
v -1.49937844 2.45615625 2.51131701
v -1.69774878 2.70633268 2.29662967
v -1.50178659 2.46555209 2.50266290
v -1.50246835 2.47850966 2.54028797
v -1.66325796 2.67990971 2.36824083
v -1.50502872 2.48900747 2.53306222
v -1.48771381 2.46322012 2.53496647
v -1.48842371 2.48053885 2.54098535
v -1.47127044 2.47611213 2.54332972
v -1.48523223 2.45745039 2.51106191
v -1.46846414 2.45580959 2.51701713
v -1.88613784 2.96217060 2.07963586
v -1.87623501 2.95545959 2.08472300
v -1.88922775 2.98452401 2.10860682
v -1.87947750 2.97891498 2.11512184
v -1.88903725 2.98828912 2.08702993
v -1.88133228 2.99459839 2.10244083
v -1.87709725 3.00707293 2.09036684
v -1.87814093 2.97151017 2.07251740
v -1.87429070 2.98677063 2.06405425
v -1.83952355 2.95793843 2.08592272
v -1.48266566 2.49104548 2.48422909
v -1.43345690 3.16738605 1.96762586
v -1.07659912 2.70049334 2.36593223
v -1.64931500 3.07955146 2.01265478
v -1.26684475 2.57914877 2.43954849
v -1.84287238 2.98216486 2.11732149
v -1.48601449 2.51527214 2.51562786
v -1.43680561 3.19161272 1.99902463
v -1.07994783 2.72472000 2.39733100
v -1.65262675 3.10350943 2.04370522
v -1.27015638 2.60310674 2.47059894
v -1.24493504 2.11752510 2.82737637
v -0.88923192 2.28279519 2.73779511
v -1.48632598 2.47401404 2.52657056
v -1.13062274 2.63928413 2.43698931
v -1.30085683 2.53419709 2.47060490
v -1.07080972 2.19446039 2.75727510
v -1.34090722 2.54108500 2.51090765
v -1.11085999 2.20134854 2.79757786
v -1.00244558 2.47443342 2.59726143
v -0.99928951 2.45160127 2.56767035
v -1.37568867 2.30101395 2.69126010
v -1.37253261 2.27818203 2.66166878
v -1.06513500 2.19739342 2.78521824
v -1.23447561 2.10923862 2.80686569
v -1.23761606 2.13195682 2.83630919
v -1.26022291 2.13183761 2.83287859
v -1.25723016 2.11018705 2.80481863
v -0.89718056 2.26595569 2.72192025
v -0.90032089 2.28867364 2.75136375
v -0.88884956 2.30438828 2.73935080
v -0.88585681 2.28273773 2.71129084
v -1.31046140 2.55969429 2.47950816
v -1.47465730 2.46394181 2.50756669
v -1.47779763 2.48665977 2.53701019
v -1.48912144 2.46987772 2.54763961
v -1.48612857 2.44822717 2.51957965
v -1.13736212 2.62065864 2.42262125
v -1.14050269 2.64337659 2.45206451
v -1.11774802 2.64242816 2.45411181
v -1.11475527 2.62077785 2.42605186
v -1.18580616 2.36413360 2.61368680
v -1.11794901 2.60768843 2.43353343
v -1.47187603 2.44324374 2.52266741
v -0.89980704 2.28553391 2.70536804
v -1.25373411 2.12108922 2.79450226
v -1.22650957 2.37113380 2.65464687
v -1.12124407 2.63152623 2.46442842
v -1.47517121 2.46708155 2.55356216
v -0.90310210 2.30937171 2.73626280
v -1.25702929 2.14492702 2.82539701
v -0.99813402 2.46666718 2.58459759
v -1.37746227 2.29042053 2.68012905
v -1.23215890 2.12042189 2.82622766
v -1.23962331 2.10611033 2.81022882
v -1.24256468 2.12738919 2.83780718
v -1.25334513 2.12663293 2.83620000
v -1.25054204 2.10635376 2.80991745
v -0.89898592 2.27522349 2.74232006
v -0.89068419 2.26823735 2.72235084
v -0.89362574 2.28951645 2.74992943
v -0.88763589 2.29655194 2.74409866
v -0.88483274 2.27627277 2.71781588
v -1.47653520 2.48131990 2.52170110
v -1.48135245 2.46309900 2.50900078
v -1.48429394 2.48437810 2.53657961
v -1.49014544 2.47634244 2.54111433
v -1.48734224 2.45606351 2.51483178
v -1.14336240 2.63612151 2.43779397
v -1.13241351 2.62522602 2.42112303
v -1.13535488 2.64650512 2.44870162
v -1.12443614 2.64626169 2.44901299
v -1.12163293 2.62598228 2.42273045
v -1.46208942 2.46580791 2.50665069
v -1.14615834 2.61259866 2.42708564
v -1.29355061 2.52328920 2.47949171
v -1.13291228 2.60796428 2.43156457
v -1.46442211 2.45393538 2.51505327
v -1.22557116 2.11651468 2.80138493
v -0.90963995 2.26330519 2.72181988
v -1.07807469 2.20507193 2.74800420
v -0.90723991 2.27468848 2.71278334
v -1.23874950 2.12065959 2.79627180
v -1.46533823 2.48931003 2.53711057
v -1.14940703 2.63610077 2.45754552
v -1.33409643 2.53026247 2.52029300
v -1.13622868 2.63195586 2.46265864
v -1.46773839 2.47792673 2.54614687
v -1.22881973 2.14001703 2.83184481
v -0.91288871 2.28680754 2.75227976
v -1.11862063 2.21204519 2.78880548
v -0.91055620 2.29868007 2.74387741
v -1.24206591 2.14465117 2.82736588
v -0.89495373 2.31602335 2.73050022
v -1.10935414 2.63265228 2.46332812
v -1.10820127 2.62398028 2.47126293
v -0.90387648 2.32223082 2.72587991
v -1.00003743 2.47478271 2.59574318
v -0.89185774 2.29362559 2.70147157
v -1.10625792 2.61025453 2.43429971
v -1.10495651 2.60050607 2.44083929
v -0.90063161 2.29875636 2.69545603
v -0.99708122 2.45339680 2.56802607
v -1.26872027 2.14236093 2.82463074
v -1.48312044 2.45898962 2.55745888
v -1.47434664 2.45385885 2.56347418
v -1.27002168 2.15210938 2.81809092
v -1.37789690 2.29921842 2.69090414
v -1.26562417 2.11996293 2.79560208
v -1.48002446 2.43659186 2.52843022
v -1.47110164 2.43038440 2.53305054
v -1.26677680 2.12863493 2.78766727
v -1.37494075 2.27783251 2.66318727
v -1.22211301 2.11193347 2.80757809
v -1.22505760 2.13323689 2.83518791
v -0.90582216 2.25889111 2.72792220
v -0.90876693 2.28019452 2.75553226
v -1.24762821 2.10706210 2.80752182
v -1.06521630 2.18664789 2.76507163
v -1.24367654 2.11190200 2.80306149
v -1.25071812 2.12941551 2.83649278
v -1.10338509 2.19321227 2.80348110
v -1.24691880 2.13535762 2.83346081
v -1.25938892 2.12192845 2.82265282
v -1.25918019 2.13665318 2.83077097
v -1.27028501 2.14028192 2.82388592
v -1.25598860 2.11356497 2.80084753
v -1.26747847 2.11997962 2.79757357
v -0.88793182 2.27418733 2.71693468
v -0.89542967 2.27370763 2.71535802
v -0.89102173 2.29654074 2.74590588
v -0.89867198 2.29716301 2.74575710
v -0.88614774 2.29534721 2.72865438
v -0.89376485 2.30643582 2.73874378
v -0.89285541 2.31564641 2.72883296
v -0.89057326 2.28334737 2.70882034
v -0.89004910 2.29534411 2.70252061
v -1.46621132 2.47242069 2.50339794
v -1.46915603 2.49372411 2.53100824
v -1.14992058 2.61937857 2.42374253
v -1.15286517 2.64068174 2.45135236
v -1.48395646 2.45607471 2.51302433
v -1.30660594 2.54313517 2.46426725
v -1.47630620 2.45545220 2.51317310
v -1.48704624 2.47842813 2.54199553
v -1.34477460 2.54969954 2.50267649
v -1.47954857 2.47890782 2.54357243
v -1.48943877 2.46166897 2.53597903
v -1.48440480 2.46926785 2.55011010
v -1.48492908 2.45727110 2.55640984
v -1.48121321 2.44617963 2.52018666
v -1.48212278 2.43696904 2.53009748
v -1.12426007 2.62319994 2.42243767
v -1.12805939 2.61725783 2.42546964
v -1.12734997 2.64555335 2.45140839
v -1.13130152 2.64071321 2.45586872
v -1.11619747 2.63508749 2.44198084
v -1.11898959 2.63905048 2.45808291
v -1.10749972 2.63263559 2.46135712
v -1.11579812 2.61596203 2.42815948
v -1.10469329 2.61233354 2.43504429
v -1.12214983 2.59234285 2.44452071
v -1.45403695 2.43813872 2.52810431
v -0.91759241 2.29024982 2.69942760
v -1.24947941 2.13604569 2.78301096
v -1.00797939 2.44696474 2.56914878
v -1.36368692 2.28169274 2.65873122
v -1.12549877 2.61656976 2.47591949
v -1.45738566 2.46236539 2.55950284
v -0.92094123 2.31447649 2.73082614
v -1.25282836 2.16027236 2.81440973
v -1.01129127 2.47092247 2.60019922
v -1.36699867 2.30565071 2.68978167
v -0.83299452 1.47013617 0.26519513
v -0.84101081 1.48611808 1.19937992
v -0.68701994 1.50713515 0.26581466
v -0.69503617 1.52311695 1.19999957
v -0.68877923 1.49184501 0.73332471
v -0.82789409 1.45658469 0.73273426
v -0.69761670 1.52834022 0.63610208
v -0.83673155 1.49308014 0.63551164
v -0.77198076 1.51984966 1.22243595
v -0.76276952 1.48349619 1.22313702
v -0.76356918 1.50307965 0.24218643
v -0.75435799 1.46672618 0.24288738
v -0.83824873 1.47804725 0.73227817
v -0.82740784 1.44921780 0.28978240
v -0.83657300 1.48538959 0.28908503
v -0.83256203 1.48463893 0.24436593
v -0.82382762 1.45016682 0.24503064
v -0.83500916 1.46437263 1.17562199
v -0.84417439 1.50054443 1.17492437
v -0.84093142 1.50132477 1.21970522
v -0.83219695 1.46685278 1.22036994
v -0.68989420 1.51564932 0.73290795
v -0.68216431 1.48603129 0.29039896
v -0.69132954 1.52220309 0.28970146
v -0.69414181 1.51972306 0.24495351
v -0.68540734 1.48525095 0.24561822
v -0.68976575 1.50118625 1.17623854
v -0.69893098 1.53735805 1.17554104
v -0.70251119 1.53640902 1.22029281
v -0.69377673 1.50193703 1.22095752
v -0.75825787 1.47390401 0.73303545
v -0.69639128 1.49897921 1.19806778
v -0.68841511 1.48307717 0.26854742
v -0.82830673 1.46554375 1.19750786
v -0.82033056 1.44964170 0.26798749
v -0.76723939 1.51099432 0.63422775
v -0.70600826 1.53693414 1.19733596
v -0.69803196 1.52103198 0.26781559
v -0.83792371 1.50349855 1.19677591
v -0.82994747 1.48759651 0.26725566
v -0.76834583 1.50537002 1.23070872
v -0.75979716 1.48832655 0.23447740
v -0.83409756 1.47020209 0.29478085
v -0.82803476 1.44998312 0.27446818
v -0.83661950 1.48386383 0.27381492
v -0.83473849 1.48306882 0.25181472
v -0.82655722 1.45078027 0.25243735
v -0.84160602 1.48517168 1.16979456
v -0.83589870 1.46566117 1.19088793
v -0.84448338 1.49954188 1.19023478
v -0.84298027 1.49950027 1.21227825
v -0.83479899 1.46721172 1.21290088
v -0.68631744 1.50765860 0.29540825
v -0.68185544 1.48703396 0.27508867
v -0.69044012 1.52091467 0.27443540
v -0.69153982 1.51936412 0.25242269
v -0.68335849 1.48707545 0.25304520
v -0.69382590 1.52262819 1.17042184
v -0.68971926 1.50271189 1.19150853
v -0.69830400 1.53659260 1.19085526
v -0.69978154 1.53579557 1.21288610
v -0.69160032 1.50350690 1.21350861
v -0.68335450 1.48560619 0.31846058
v -0.69047445 1.49980116 1.14819157
v -0.69312525 1.49049234 0.73331064
v -0.69383073 1.49893045 1.16864228
v -0.68635970 1.48403549 0.29799700
v -0.82638270 1.44935405 0.31785333
v -0.83350265 1.46354902 1.14758444
v -0.82342863 1.45746565 0.73275745
v -0.83030015 1.46434081 1.16806293
v -0.82282907 1.44944584 0.29741764
v -0.69283617 1.52302670 0.31773889
v -0.69995600 1.53722179 1.14747012
v -0.70207196 1.52743912 0.63488555
v -0.70350963 1.53712988 1.16790569
v -0.69603866 1.52223492 0.29726040
v -0.83586425 1.48677468 0.31713188
v -0.84298420 1.50096965 1.14686298
v -0.83237535 1.49441230 0.63433236
v -0.83997911 1.50254023 1.16732645
v -0.83250803 1.48764539 0.29668117
v -0.83672553 1.50308466 1.22285485
v -0.70707268 1.53594661 1.22340512
v -0.71025032 1.53586030 1.21336794
v -0.83381039 1.50454259 1.21284342
v -0.77174103 1.51880193 1.22852027
v -0.82768941 1.46742260 1.22354245
v -0.69803661 1.50028455 1.22409284
v -0.70077997 1.49848425 1.21408868
v -0.82434005 1.46716654 1.21356416
v -0.76311326 1.48475122 1.22917676
v -0.82830215 1.48629117 0.24123061
v -0.69864935 1.51915324 0.24178100
v -0.70199871 1.51940918 0.25175929
v -0.82555878 1.48809147 0.25123489
v -0.76322544 1.50182450 0.23614669
v -0.81926608 1.45062912 0.24191821
v -0.68961322 1.48349106 0.24246860
v -0.69252843 1.48203325 0.25247991
v -0.81608844 1.45071554 0.25195551
v -0.75459766 1.46777380 0.23680317
v -0.82911414 1.45051575 0.31733763
v -0.83770853 1.48443508 0.31668365
v -0.83624214 1.46472681 1.14801323
v -0.84483659 1.49864614 1.14735925
v -0.82606381 1.44930005 0.26036549
v -0.83155072 1.45661151 0.73270243
v -0.82485223 1.44896340 0.27542210
v -0.83508193 1.48489141 0.25967920
v -0.83997297 1.49139225 0.64004743
v -0.83431494 1.48630941 0.27470195
v -0.82940960 1.47077596 0.24217629
v -0.83180845 1.48619890 0.25217235
v -0.82791191 1.48452187 0.23645246
v -0.82249385 1.44943750 0.25288117
v -0.81972134 1.45219648 0.23707569
v -0.83417010 1.46546137 1.20503759
v -0.83270037 1.46461034 1.19002426
v -0.84318811 1.50105274 1.20435131
v -0.84216315 1.50195634 1.18930411
v -0.83782101 1.48754573 1.22242153
v -0.84004360 1.50261724 1.21186399
v -0.83641785 1.50147998 1.22769678
v -0.83072901 1.46585584 1.21257281
v -0.82822722 1.46915460 1.22832012
v -0.68150222 1.48792958 0.31796420
v -0.69009668 1.52184892 0.31731021
v -0.68863022 1.50214076 1.14863980
v -0.69722468 1.53606009 1.14798582
v -0.68315059 1.48552299 0.26097214
v -0.68557680 1.49361038 0.73332202
v -0.68417567 1.48461950 0.27601933
v -0.69216871 1.52111435 0.26028585
v -0.69399899 1.52839112 0.64066708
v -0.69363838 1.52196550 0.27529907
v -0.69029301 1.50603652 0.24276674
v -0.69560981 1.52072001 0.25275052
v -0.69811153 1.51742125 0.23700333
v -0.68629515 1.48395860 0.25345945
v -0.68992096 1.48509586 0.23762667
v -0.69125682 1.50168431 1.20564425
v -0.69202387 1.50026643 1.19062138
v -0.70027494 1.53727567 1.20495796
v -0.70148653 1.53761244 1.18990135
v -0.69870454 1.52280641 1.22301197
v -0.70384490 1.53713822 1.21244216
v -0.70661741 1.53437936 1.22824764
v -0.69453025 1.50037694 1.21315098
v -0.69842678 1.50205386 1.22887099
v -0.70017195 1.49713349 1.16911435
v -0.69269240 1.48222172 0.29747808
v -0.82387263 1.46578026 1.16858923
v -0.81639308 1.45086837 0.29695284
v -0.76234490 1.48220599 1.20012736
v -0.75432855 1.46622396 0.26593161
v -0.70994574 1.53570735 1.16837049
v -0.70246619 1.52079558 0.29673409
v -0.83364636 1.50435400 1.16784549
v -0.82616687 1.48944223 0.29620910
v -0.77201027 1.52035189 1.19939184
v -0.76399386 1.50436974 0.26519597
v -0.75206226 2.01212263 0.39986467
v 0.57519686 2.27020073 0.39347196
v -0.70293891 1.75885332 0.37423837
v 0.62432021 2.01693130 0.36784554
v -0.03992049 1.89162028 0.39465451
v -0.08673542 2.13298774 0.41907668
v -0.17793047 1.86874819 0.35614967
v -0.22474539 2.11011577 0.38057172
v 0.63212264 2.15140057 0.36526668
v 0.63300353 2.14779496 0.40259135
v -0.76058382 1.88059676 0.37197471
v -0.75970286 1.87699103 0.40929925
v -0.08883853 2.14324832 0.39664948
v -0.71707636 2.01604128 0.42163205
v -0.71795291 2.01962900 0.38449383
v -0.78036338 2.00126290 0.38507378
v -0.77952814 1.99784374 0.42046690
v 0.54149532 2.26076341 0.41557014
v 0.54061884 2.26435113 0.37843192
v 0.60536665 2.27071023 0.37839937
v 0.60620201 2.26729131 0.41379237
v -0.03891426 1.88584971 0.37060535
v -0.66819906 1.76404059 0.39613414
v -0.66907561 1.76762831 0.35899580
v -0.73378223 1.76110053 0.36077356
v -0.73294699 1.75768137 0.39616668
v 0.59037262 2.00876260 0.39007223
v 0.58949608 2.01235032 0.35293388
v 0.65194786 2.03054786 0.35409915
v 0.65278310 2.02712870 0.38949227
v -0.06332041 2.01227307 0.40718484
v 0.61918175 2.02627015 0.39200795
v -0.70145017 1.76948047 0.39836884
v 0.57478964 2.25514650 0.41516614
v -0.74584234 1.99835706 0.42152703
v -0.20358047 1.98902822 0.36805224
v 0.61826205 2.03003454 0.35303903
v -0.70236987 1.77324510 0.35939991
v 0.57386988 2.25891089 0.37619722
v -0.74676198 2.00212145 0.38255811
v 0.64382988 2.15215850 0.38021874
v -0.77158272 1.87693942 0.38703620
v -0.71032667 2.02184129 0.40003788
v -0.73898536 2.01274276 0.42064273
v -0.73980629 2.01610327 0.38585675
v -0.77057338 2.00735474 0.38656318
v -0.76979101 2.00415230 0.41971445
v 0.53286391 2.26357245 0.39405000
v 0.56303382 2.26591301 0.41437161
v 0.56221282 2.26927352 0.37958562
v 0.59402144 2.27269268 0.37999046
v 0.59480387 2.26949000 0.41314185
v -0.66059566 1.76543939 0.37409461
v -0.68979311 1.75911820 0.39498043
v -0.69061416 1.76247859 0.36019444
v -0.72238415 1.75890172 0.36142421
v -0.72160178 1.75569904 0.39457548
v 0.58259487 2.00717068 0.36810672
v 0.61222607 2.01228833 0.38870931
v 0.61140507 2.01564884 0.35392332
v 0.64221072 2.02423930 0.35485160
v 0.64299309 2.02103686 0.38800287
v -0.62869817 1.77365053 0.39677763
v 0.55015659 2.00287223 0.39109969
v -0.04139740 1.89924097 0.39567018
v 0.57812715 2.01417470 0.39193523
v -0.65885711 1.77365029 0.39789319
v -0.67683005 2.02180791 0.42188668
v 0.50202465 2.25102949 0.41620874
v -0.08524708 2.12532020 0.41854537
v 0.53220242 2.25095248 0.41589296
v -0.70478183 2.01042795 0.42185080
v -0.62960494 1.77736211 0.35835731
v 0.54924977 2.00658369 0.35267937
v -0.18111433 1.87608600 0.35668910
v 0.57720155 2.01796365 0.35271513
v -0.65978271 1.77743912 0.35867310
v -0.67773688 2.02551937 0.38346636
v 0.50111783 2.25474095 0.37778842
v -0.22496401 2.10216546 0.37956429
v 0.53127688 2.25474119 0.37667286
v -0.70570737 2.01421690 0.38263083
v 0.61129212 2.26403165 0.37699735
v 0.65492284 2.03908062 0.35423648
v 0.63965821 2.04168653 0.35395980
v 0.59807777 2.25606632 0.37565124
v 0.64076316 2.15296102 0.36640728
v 0.61215621 2.26049423 0.41361225
v 0.65578705 2.03554368 0.39085126
v 0.64056385 2.03797936 0.39233446
v 0.59898341 2.25235915 0.41402578
v 0.64158827 2.14958358 0.40136778
v -0.78336734 1.99284792 0.38371480
v -0.73973650 1.76789725 0.36095381
v -0.72656369 1.77603257 0.36054027
v -0.76814419 1.99041224 0.38223159
v -0.76916862 1.87880802 0.37319827
v -0.78250313 1.98931086 0.42032957
v -0.73887235 1.76435995 0.39756870
v -0.72565806 1.77232540 0.39891481
v -0.76723856 1.98670495 0.42060626
v -0.76834339 1.87543046 0.40815878
v -0.67831469 2.02582741 0.42049491
v -0.67913663 2.02919173 0.38566935
v 0.50188196 2.25531006 0.41481042
v 0.50106007 2.25867438 0.37998486
v -0.75848502 2.00592208 0.42133093
v -0.08791123 2.13902688 0.41875875
v -0.73672616 2.00804830 0.42193246
v -0.75934738 2.00945234 0.38478863
v -0.21943729 2.11722970 0.38206291
v -0.73763120 2.01175261 0.38358867
v -0.78363281 1.99982715 0.39925134
v -0.76890135 2.00161076 0.38364995
v -0.79018569 1.99148166 0.38547349
v -0.76801068 1.99796450 0.42139363
v -0.78940237 1.98827541 0.41866267
v 0.58367395 2.26689720 0.41486633
v 0.56271052 2.26071644 0.41567361
v 0.58281153 2.27042747 0.37832403
v 0.56180549 2.26442075 0.37732983
v 0.60906732 2.27062964 0.39254332
v 0.59459686 2.26673508 0.37708259
v 0.61814165 2.26532292 0.37869036
v 0.59548759 2.26308894 0.41482627
v 0.61892498 2.26211667 0.41187942
v -0.62864035 1.76971734 0.39458108
v -0.62946224 1.77308154 0.35975564
v 0.55155623 1.99919987 0.38889670
v 0.55073446 2.00256419 0.35407114
v -0.71039182 1.75796425 0.39624190
v -0.03878808 1.88575876 0.39313245
v -0.68938577 1.76397109 0.39723623
v -0.71125424 1.76149428 0.35969973
v -0.17031410 1.86396122 0.35643661
v -0.69029081 1.76767528 0.35889232
v -0.73681736 1.75845683 0.37482882
v -0.72306788 1.76530266 0.35973978
v -0.74650526 1.76627481 0.36268663
v -0.72217715 1.76165640 0.39748347
v -0.74572194 1.76306868 0.39587569
v 0.63176715 2.01893926 0.38977742
v 0.61005098 2.01663899 0.39097738
v 0.63090473 2.02246952 0.35323513
v 0.60914594 2.02034330 0.35263360
v 0.65588278 2.02925920 0.36812103
v 0.64043045 2.03042722 0.35317242
v 0.66182208 2.04011607 0.35590339
v 0.64132112 2.02678084 0.39091611
v 0.66260540 2.03690982 0.38909245
v 0.57668722 2.02537012 0.39324486
v -0.66170502 1.78457177 0.39920962
v 0.53505945 2.23999381 0.41496086
v -0.70333284 1.99919546 0.42092562
v 0.60030931 2.14134455 0.40366912
v -0.72696531 1.88326359 0.41006196
v 0.57575262 2.02919602 0.35364044
v -0.66263974 1.78839779 0.35960519
v 0.53412479 2.24381971 0.37535644
v -0.70426750 2.00302148 0.38132119
v 0.59938508 2.14512801 0.36450410
v -0.72788966 1.88704717 0.37089694
v 0.65904915 2.03846025 0.21483696
v -0.66426098 1.79240811 0.21192002
v 0.66217083 2.01969433 0.38162518
v -0.66113937 1.77364182 0.37870836
v 0.00464794 1.87452221 0.37362778
v 0.00167293 1.89240634 0.21467733
v 0.13416770 1.93837976 0.37838852
v 0.13119271 1.95626414 0.21943808
v -0.69811082 1.79191256 0.29697704
v -0.69128919 1.75527501 0.29272699
v 0.69045198 2.05009770 0.30003762
v 0.69727367 2.01346016 0.29578757
v -0.00267298 1.91581082 0.21204472
v 0.62883574 2.01045442 0.21267450
v 0.62204820 2.04690909 0.21690321
v 0.68567055 2.05740070 0.22084153
v 0.69213915 2.02265906 0.21681166
v -0.62599128 1.77713573 0.20990849
v -0.63277888 1.81359041 0.21413732
v -0.69593644 1.80050874 0.21779621
v -0.68946791 1.76576722 0.21376622
v 0.00049961 1.89673853 0.38155234
v 0.63194180 1.99178231 0.37862730
v 0.62515414 2.02823687 0.38285613
v 0.68863070 2.03960538 0.37899840
v 0.69509935 2.00486398 0.37496841
v -0.62288529 1.75846362 0.37586141
v -0.62967283 1.79491830 0.38009012
v -0.69297630 1.78271377 0.37595296
v -0.68650770 1.74797213 0.37192297
v 0.00321878 1.88315094 0.29411614
v -0.65379828 1.75266922 0.36807489
v 0.66290438 1.99749303 0.37097716
v -0.65661937 1.76962793 0.21735036
v 0.66008335 2.01445174 0.22025263
v 0.13485019 1.94804955 0.29895461
v -0.66092044 1.79092085 0.37251198
v 0.65578216 2.03574467 0.37541425
v -0.66374147 1.80787969 0.22178745
v 0.65296119 2.05270338 0.22468972
v -0.70668733 1.77507734 0.29524326
v 0.70451391 2.03747201 0.29835379
v 0.61716044 2.03057075 0.21368837
v 0.65026987 2.01569653 0.21232140
v 0.64391232 2.04984212 0.21628237
v 0.67528832 2.05464840 0.21796083
v 0.68134719 2.02210736 0.21418607
v -0.62233138 1.80010355 0.21095634
v -0.64787543 1.77432311 0.20946014
v -0.65423304 1.80846870 0.21342099
v -0.68524665 1.80167460 0.21496201
v -0.67918777 1.76913369 0.21118724
v 0.62032062 2.01157260 0.38253939
v 0.65339589 1.99690402 0.37934363
v 0.64703828 2.03104949 0.38330448
v 0.67835063 2.03623891 0.38157737
v 0.68440950 2.00369811 0.37780261
v -0.61917114 1.78110504 0.37980747
v -0.64474940 1.75553071 0.37648225
v -0.65110701 1.78967631 0.38044322
v -0.68218434 1.78326535 0.37857854
v -0.67612553 1.75072432 0.37480378
v 0.59229535 1.98390639 0.37720120
v -0.58305192 1.76536584 0.37461042
v 0.00459798 1.87485063 0.36856627
v -0.61202723 1.76000679 0.37075412
v 0.62127656 1.98932374 0.37347245
v 0.58923668 2.00229383 0.21377945
v -0.58611059 1.78375316 0.21118879
v 0.00181141 1.89160228 0.21968377
v -0.61494571 1.77755094 0.21482635
v 0.61835814 2.00686765 0.21754479
v 0.58527344 2.02161956 0.38157582
v -0.59007382 1.80307889 0.37898517
v 0.13571969 1.93949819 0.37338591
v -0.61919522 1.79850495 0.37521982
v 0.61410856 2.02782178 0.37793827
v 0.58221483 2.04000688 0.21815419
v -0.59313250 1.82146633 0.21556342
v 0.13293311 1.95624971 0.22450328
v -0.62211376 1.81604898 0.21929216
v 0.61119014 2.04536605 0.22201049
v -0.70040578 1.79971719 0.22286487
v -0.69763327 1.78304911 0.37100399
v -0.68368262 1.78694057 0.36765468
v -0.68632495 1.80282497 0.22647691
v -0.70648181 1.78915548 0.29682350
v -0.69371378 1.76377630 0.21869564
v -0.69094127 1.74710846 0.36683488
v -0.67666912 1.74927235 0.36328518
v -0.67931145 1.76515687 0.22210741
v -0.70009226 1.75483859 0.29284275
v 0.69010413 2.05826449 0.22592962
v 0.69287670 2.04159641 0.37406898
v 0.67847437 2.04021573 0.37065721
v 0.67583197 2.05610061 0.22947943
v 0.69925505 2.05053401 0.29992199
v 0.69679600 2.02232361 0.22176063
v 0.69956869 2.00565553 0.36989975
v 0.68548787 2.00254774 0.36628771
v 0.68284547 2.01843214 0.22510993
v 0.70564467 2.01621723 0.29594111
v 0.58952820 2.00447702 0.21136689
v 0.58316320 2.03866148 0.21533239
v -0.58715701 1.78568769 0.20877326
v -0.59352195 1.81987226 0.21273863
v 0.67047548 2.01834512 0.21413147
v 0.00143144 1.89375055 0.21086359
v 0.64936650 2.01335716 0.21525979
v 0.66379684 2.05421472 0.21829236
v 0.12486615 1.95460796 0.21540058
v 0.64235854 2.05099511 0.21962571
v 0.69171476 2.04425144 0.21884608
v 0.67439675 2.05635071 0.22222018
v 0.69722915 2.05785918 0.22566533
v 0.68129492 2.01930189 0.21792257
v 0.70329505 2.02528119 0.22188628
v -0.66769022 1.76953065 0.21118188
v -0.64620399 1.77246273 0.21240413
v -0.67436892 1.80540001 0.21534276
v -0.65321189 1.81010056 0.21677005
v -0.69684184 1.78606725 0.21578538
v -0.68504477 1.80358028 0.21922374
v -0.70690799 1.79677820 0.22257042
v -0.67814660 1.76653147 0.21492600
v -0.70084214 1.76420009 0.21879137
v 0.59268481 1.98550034 0.38002598
v 0.58631992 2.01968503 0.38399136
v -0.58400029 1.76671112 0.37743235
v -0.59036535 1.80089557 0.38139772
v 0.67353177 1.99997270 0.37742186
v 0.00455313 1.87498426 0.37765110
v 0.65237480 1.99527204 0.37599456
v 0.66685313 2.03584194 0.38158274
v 0.12798782 1.93584180 0.38218820
v 0.64536691 2.03291011 0.38036048
v 0.69468987 2.02636695 0.37779832
v 0.67730945 2.03884125 0.37783861
v 0.70000499 2.04117250 0.37397325
v 0.68420768 2.00179243 0.37354088
v 0.70607084 2.00859451 0.37019420
v -0.66463399 1.75115812 0.37447226
v -0.64319569 1.75437760 0.37313890
v -0.67131269 1.78702748 0.37863314
v -0.65020365 1.79201543 0.37750483
v -0.69386673 1.76818275 0.37473774
v -0.68213218 1.78607082 0.37484205
v -0.70413220 1.78009152 0.37087834
v -0.67523390 1.74902201 0.37054443
v -0.69806635 1.74751341 0.36709929
v -0.61283058 1.76050842 0.36343598
v 0.62187707 1.99008632 0.36615753
v -0.61547601 1.77641106 0.22209752
v 0.61923176 2.00598884 0.22481906
v -0.65850228 1.76043677 0.29269409
v 0.66482317 2.00649190 0.29561102
v -0.62006885 1.79938376 0.36794555
v 0.61463875 2.02896166 0.37066710
v -0.62271422 1.81528640 0.22660708
v 0.61199349 2.04486442 0.22932863
v -0.66566032 1.79888070 0.29715359
v 0.65766519 2.04493594 0.30007052
v -0.84129012 2.31427765 0.50490606
v 0.52659148 2.57102966 0.52449167
v -0.79046619 2.04052567 0.54398215
v 0.57741541 2.29727769 0.56356764
v -0.10862923 2.17843342 0.57575393
v -0.15706474 2.43932080 0.53851426
v -0.24836233 2.14663935 0.53475869
v -0.29679781 2.40752649 0.49751890
v 0.58633095 2.43843198 0.52935302
v 0.58485538 2.44345951 0.56649399
v -0.84900111 2.16901922 0.50880170
v -0.85047668 2.17404675 0.54594278
v -0.15775460 2.44485426 0.51415372
v -0.80663747 2.32319832 0.52739954
v -0.80516928 2.31819606 0.49044394
v -0.86954111 2.29961658 0.49128735
v -0.87094027 2.30438399 0.52650630
v 0.49045438 2.56666327 0.54597151
v 0.49192247 2.56166077 0.50901592
v 0.55860096 2.56767941 0.51173580
v 0.55720180 2.57244706 0.54695451
v -0.10610212 2.16663957 0.55386686
v -0.75606823 2.05081797 0.56627989
v -0.75460011 2.04581547 0.52932429
v -0.82134748 2.04003167 0.52834117
v -0.82274669 2.04479933 0.56356001
v 0.54102361 2.29428267 0.58485180
v 0.54249173 2.28928041 0.54789627
v 0.60679460 2.30809474 0.54878950
v 0.60539550 2.31286216 0.58400846
v -0.13285960 2.30892015 0.55745173
v 0.57064718 2.31290603 0.58443666
v -0.79040444 2.05743575 0.56494892
v 0.52471823 2.56029224 0.54912400
v -0.83633333 2.30482197 0.52963638
v -0.27487087 2.27660751 0.51578808
v 0.57218760 2.30765676 0.54565942
v -0.78886402 2.05218649 0.52617168
v 0.52625871 2.55504298 0.51034689
v -0.83479285 2.29957271 0.49085915
v 0.59743822 2.44264936 0.54445350
v -0.86129487 2.16884446 0.52356708
v -0.79829222 2.32413101 0.50550079
v -0.82914257 2.31971526 0.52578330
v -0.82776737 2.31502938 0.49116850
v -0.85952634 2.30629230 0.49191916
v -0.86083674 2.31075764 0.52490723
v 0.48294789 2.56462049 0.52384579
v 0.51272660 2.57158494 0.54499638
v 0.51410174 2.56689906 0.51038158
v 0.54683369 2.57026672 0.51205564
v 0.54552335 2.57473230 0.54504383
v -0.74683970 2.04699326 0.54506016
v -0.77824748 2.04557967 0.56491411
v -0.77687228 2.04089379 0.53029943
v -0.80966902 2.03774643 0.53025198
v -0.81097943 2.04221201 0.56324017
v 0.53440034 2.28748298 0.56340504
v 0.56362170 2.29744935 0.58412725
v 0.56499684 2.29276347 0.54951239
v 0.59669107 2.30172110 0.55038857
v 0.59538066 2.30618644 0.58337671
v -0.71540082 2.06069183 0.56720936
v 0.49953437 2.28873587 0.58460504
v -0.11017277 2.18672848 0.57481557
v 0.52833098 2.30056238 0.58455390
v -0.74651265 2.06127334 0.56630051
v -0.76519889 2.32891822 0.52892208
v 0.44973636 2.55696201 0.54631770
v -0.15554035 2.43109107 0.53993464
v 0.48081648 2.55648851 0.54802239
v -0.79402709 2.31719971 0.52976882
v -0.71388203 2.05551672 0.52897811
v 0.50105315 2.28356051 0.54637372
v -0.25163409 2.15454102 0.53331316
v 0.52988136 2.29527903 0.54552686
v -0.74496222 2.05599022 0.52727342
v -0.76368010 2.32374287 0.49069083
v 0.45125511 2.55178690 0.50808644
v -0.29700172 2.39890385 0.49843228
v 0.48236695 2.55120540 0.50899529
v -0.79247671 2.31191635 0.49074197
v 0.56475258 2.56024003 0.51236713
v 0.60989374 2.31709719 0.54707408
v 0.59421402 2.31994104 0.54517329
v 0.55119425 2.55165792 0.51209736
v 0.59516037 2.44025707 0.53065634
v 0.56330520 2.56517196 0.54880190
v 0.60844630 2.32202911 0.58350873
v 0.59269702 2.32511020 0.58335894
v 0.54967725 2.55682683 0.55028307
v 0.59377837 2.44496632 0.56544495
v -0.87259203 2.29044962 0.49178708
v -0.82745087 2.04730678 0.52649391
v -0.81382293 2.05565190 0.52501273
v -0.85684270 2.28736854 0.49193680
v -0.85792410 2.16751242 0.50985086
v -0.87403947 2.29538155 0.52822173
v -0.82889825 2.05223870 0.56292868
v -0.81533998 2.06082082 0.56319845
v -0.85835969 2.29253769 0.53012252
v -0.85930610 2.17222166 0.54463935
v -0.76661718 2.33284426 0.52651012
v -0.76524055 2.32815313 0.49185586
v 0.44970089 2.56114769 0.54392552
v 0.45107752 2.55645680 0.50927138
v -0.84929287 2.31288862 0.52679813
v -0.15822244 2.44562840 0.53668070
v -0.82692415 2.31504488 0.52830899
v -0.84784824 2.30796623 0.49043572
v -0.29139063 2.41532803 0.49761140
v -0.82540846 2.30988002 0.49015403
v -0.87381148 2.30149436 0.50517297
v -0.85765195 2.29952526 0.49057925
v -0.87972862 2.28949666 0.49337089
v -0.85914397 2.30460954 0.52813709
v -0.88104057 2.29396725 0.52639663
v 0.53394461 2.57252312 0.54660356
v 0.51228344 2.56641483 0.54748404
v 0.53538913 2.56760073 0.51024115
v 0.51379919 2.56124997 0.50932896
v 0.56151420 2.57090592 0.52572417
v 0.54757798 2.56328773 0.51069951
v 0.57170236 2.56193113 0.51415277
v 0.54608601 2.56837177 0.54825747
v 0.57039040 2.56640172 0.54717851
v -0.71522325 2.05602193 0.56602442
v -0.71384662 2.05133104 0.53137028
v 0.50109494 2.28432560 0.58343989
v 0.50247157 2.27963448 0.54878569
v -0.79953486 2.04487801 0.56505466
v -0.10739879 2.17187810 0.57575649
v -0.77794492 2.05122876 0.56596684
v -0.79809034 2.03995562 0.52869225
v -0.24056697 2.14157772 0.53668725
v -0.77642918 2.04606390 0.52781177
v -0.82537550 2.04060411 0.54241323
v -0.81023175 2.04410696 0.52703822
v -0.83453614 2.04607701 0.52811730
v -0.81172371 2.04919100 0.56459630
v -0.83584809 2.05054760 0.56114304
v 0.58370262 2.30451250 0.58486009
v 0.56126273 2.30259871 0.58514184
v 0.58514720 2.29959011 0.54849768
v 0.56277841 2.29743385 0.54698670
v 0.60995013 2.31001544 0.56296444
v 0.59499824 2.30786920 0.54715860
v 0.61689496 2.31851149 0.54889917
v 0.59350622 2.31295347 0.58471656
v 0.61558288 2.32298207 0.58192486
v 0.52682608 2.31269693 0.58304650
v -0.74946862 2.07313585 0.56477225
v 0.48375738 2.54467750 0.54993296
v -0.79253745 2.30511642 0.53165877
v 0.55110186 2.43725467 0.56692684
v -0.81679577 2.18049955 0.54734111
v 0.52839172 2.30736232 0.54363704
v -0.74790311 2.06780124 0.52536273
v 0.48532292 2.53934288 0.51052344
v -0.79097182 2.29978180 0.49224925
v 0.55265003 2.43197918 0.52795470
v -0.81524754 2.17522407 0.50836897
v -0.80164278 2.02006578 0.51659071
v 0.58178252 2.27385402 0.53412306
v -0.81415385 2.10031915 0.34210098
v 0.56927145 2.35410738 0.35963333
v -0.11824466 2.20472813 0.34521270
v -0.10632151 2.12824607 0.51150274
v -0.26777387 2.21357727 0.36000419
v -0.25585070 2.13709521 0.52629423
v 0.60705167 2.33387613 0.45376837
v 0.61338192 2.30046201 0.43794632
v -0.84459049 2.06757379 0.43537152
v -0.83826023 2.03415966 0.41954947
v -0.10986674 2.14650941 0.52687573
v -0.76214623 2.00714159 0.50728261
v -0.76844490 2.04038858 0.52302575
v -0.83485913 2.02932596 0.51773798
v -0.82885647 1.99764121 0.50273466
v 0.54968482 2.24779582 0.52390766
v 0.54338616 2.28104281 0.53965080
v 0.60951149 2.29429436 0.53604269
v 0.61551416 2.26260948 0.52103949
v -0.12258180 2.22807145 0.34954131
v -0.77459472 2.08699298 0.33366692
v -0.78089345 2.12023997 0.34941018
v -0.84672278 2.10542631 0.35227835
v -0.84072012 2.07374144 0.33727503
v 0.53723627 2.32764721 0.35029209
v 0.53093773 2.36089444 0.36603510
v 0.59764785 2.37039471 0.37058306
v 0.60365051 2.33870983 0.35557985
v -0.11222892 2.16620135 0.42822242
v 0.57030606 2.32909727 0.35827971
v -0.80621153 2.07657647 0.34083486
v 0.58161217 2.25657344 0.51596391
v -0.79490542 2.00405240 0.49851906
v -0.26419598 2.17519474 0.44325507
v 0.56369692 2.36398339 0.37479877
v -0.81282079 2.11146235 0.35735393
v 0.57500297 2.29145932 0.53248298
v -0.80151463 2.03893852 0.51503813
v 0.62143028 2.32261252 0.44755697
v -0.85387886 2.05196834 0.42886007
v -0.75771558 2.02741265 0.51813293
v -0.78494877 2.00378346 0.50805366
v -0.79084849 2.03492451 0.52279961
v -0.82344943 2.02902961 0.52025831
v -0.81782699 1.99935174 0.50620544
v 0.53808361 2.26512575 0.53455484
v 0.57216859 2.25274539 0.52525258
v 0.56626874 2.28388643 0.53999853
v 0.59889156 2.28995681 0.53828394
v 0.60451406 2.26027894 0.52423096
v -0.77038133 2.10865879 0.34148514
v -0.79747730 2.08414936 0.33331931
v -0.80337709 2.11529064 0.34806526
v -0.83572268 2.10775685 0.34908688
v -0.83010018 2.07807922 0.33503389
v 0.52541792 2.34637189 0.35790694
v 0.55963987 2.33311129 0.35051823
v 0.55374014 2.36425233 0.36526418
v 0.58661842 2.36868405 0.36711240
v 0.59224087 2.33900619 0.35305941
v -0.73284596 2.09343171 0.33524573
v 0.49589491 2.31884289 0.35081780
v -0.11782597 2.20208907 0.35037661
v 0.52653849 2.32223964 0.35495222
v -0.76279175 2.08571315 0.33861232
v -0.72058743 2.01479793 0.50621355
v 0.50815350 2.24020934 0.52178550
v -0.10665803 2.13045144 0.50613368
v 0.53823483 2.24721193 0.51807988
v -0.75109529 2.01068544 0.50173998
v -0.73936206 2.12782645 0.35153234
v 0.48937878 2.35323787 0.36710429
v -0.26920456 2.21104765 0.36535096
v 0.51988673 2.35735035 0.37157786
v -0.76944345 2.12082386 0.35523796
v -0.72710353 2.04919291 0.52250004
v 0.50163740 2.27460432 0.53807199
v -0.25803664 2.13941002 0.52110803
v 0.53158313 2.28232265 0.53470540
v -0.75774699 2.04579616 0.51836562
v 0.61368573 2.29810500 0.53112066
v 0.60257351 2.36938500 0.37614107
v 0.58786500 2.36577916 0.37996769
v 0.59845501 2.29784870 0.52766430
v 0.61622924 2.33446479 0.45338106
v 0.61989558 2.26532650 0.51559949
v 0.60878336 2.33660674 0.36061978
v 0.59437335 2.33142519 0.36370051
v 0.60496342 2.26349473 0.51139724
v 0.62215859 2.30316734 0.43856120
v -0.83999199 2.03142905 0.51269794
v -0.85110420 2.10270953 0.35771835
v -0.83617193 2.10454106 0.36192060
v -0.82558191 2.03661060 0.50961721
v -0.85336715 2.06486845 0.43475664
v -0.83378214 1.99865067 0.49717677
v -0.84489435 2.06993079 0.34219718
v -0.82966352 2.07018709 0.34565341
v -0.81907356 2.00225663 0.49335015
v -0.84743786 2.03357100 0.41993678
v -0.72139502 2.01501870 0.50970602
v -0.72730154 2.04619551 0.52446878
v 0.50874442 2.24068666 0.52529585
v 0.50283790 2.27186346 0.54005861
v -0.80585897 2.00005746 0.50546420
v -0.10618360 2.12718415 0.51599216
v -0.78353691 2.00395036 0.50402784
v -0.81205660 2.03277087 0.52095461
v -0.24868764 2.13561773 0.53008866
v -0.79004002 2.03827667 0.52028191
v -0.83607048 2.01584578 0.51213121
v -0.82356745 2.03311419 0.51705527
v -0.84681839 2.02854848 0.51196969
v -0.81716603 1.99932504 0.50105560
v -0.84118956 1.99883687 0.49790072
v 0.59309661 2.25669456 0.52319336
v 0.57088852 2.25241852 0.52119267
v 0.58689910 2.28940797 0.53868389
v 0.56438541 2.28674483 0.53744674
v 0.61556512 2.28214717 0.53052795
v 0.59763068 2.29383183 0.53506637
v 0.62110579 2.29783773 0.53057301
v 0.60403204 2.26004267 0.51906669
v 0.62673467 2.26812625 0.51650393
v -0.73404652 2.09617233 0.33325922
v -0.73995292 2.12734914 0.34802198
v 0.49609300 2.32184052 0.34884894
v 0.49018651 2.35301709 0.36361170
v -0.81810772 2.07862782 0.33463395
v -0.11869463 2.20743728 0.34150326
v -0.79559398 2.08129096 0.33587098
v -0.82430524 2.11134124 0.35012436
v -0.26119870 2.21587086 0.35559988
v -0.80209708 2.11561751 0.35212517
v -0.84799373 2.09232879 0.34583926
v -0.83524066 2.10799313 0.35425115
v -0.85794330 2.09990954 0.35681379
v -0.82883930 2.07420397 0.33825147
v -0.85231435 2.07019806 0.34274483
v 0.58084804 2.33526492 0.35236311
v 0.55883139 2.32975912 0.35303593
v 0.57465047 2.36797833 0.36785364
v 0.55232835 2.36408567 0.36928999
v 0.60364187 2.35863018 0.36423612
v 0.58595747 2.36871076 0.37226224
v 0.60998094 2.36919904 0.37541699
v 0.59235889 2.33492160 0.35626256
v 0.61560982 2.33948755 0.36134803
v 0.52785206 2.31869221 0.36251152
v -0.76294577 2.08189654 0.34615302
v 0.53845412 2.25068426 0.51037621
v -0.75234365 2.01388884 0.49401784
v 0.57943755 2.29338264 0.43712413
v -0.80400378 2.03959155 0.41959155
v 0.52113509 2.35414720 0.37930000
v -0.76966274 2.11735153 0.36294150
v 0.53173715 2.28613925 0.52716470
v -0.75906056 2.04934359 0.51080620
v 0.57279521 2.32844424 0.45372617
v -0.81064618 2.07465315 0.43619370
v -1.06537640 2.52404618 3.36659050
v -1.29607332 3.65126491 2.67278147
v -1.02356875 2.21654487 2.85309744
v -1.25426567 3.34376359 2.15928864
v -1.11717606 2.79160976 2.51757526
v -1.15701914 3.08466053 3.00693774
v -1.13202512 2.66798496 2.59039783
v -1.17186809 2.96103597 3.07976055
v -1.29590189 3.52250528 2.39938164
v -1.25904274 3.52936697 2.39827347
v -1.05382907 2.33970332 3.12740231
v -1.01696992 2.34656501 3.12629414
v -1.18129051 3.09012032 3.02387857
v -1.04951847 2.55648732 3.34669876
v -1.08619356 2.54965997 3.34780121
v -1.07330370 2.48863721 3.36900949
v -1.03835201 2.49514365 3.36795902
v -1.26827657 3.62537098 2.68879533
v -1.30495167 3.61854362 2.68989801
v -1.31416380 3.66551399 2.64463568
v -1.27921212 3.67202067 2.64358521
v -1.13880134 2.77760577 2.50201392
v -1.00792015 2.25052643 2.83577776
v -1.04459536 2.24369931 2.83688021
v -1.03365970 2.19704962 2.88209057
v -0.99870807 2.20355606 2.88103986
v -1.22667837 3.31941009 2.17787457
v -1.26335335 3.31258273 2.17897701
v -1.27451980 3.37392664 2.15771675
v -1.23956811 3.38043308 2.15666604
v -1.13678229 2.93819380 2.76224709
v -1.23307657 3.35996985 2.18506861
v -1.00353134 2.23837948 2.87541294
v -1.27085733 3.63785481 2.64910579
v -1.04131234 2.51626468 3.33945036
v -1.15187359 2.81255364 2.83625698
v -1.27155936 3.35280561 2.18622541
v -1.04201436 2.23121548 2.87656999
v -1.30934048 3.63069081 2.65026283
v -1.07979536 2.50910044 3.34060717
v -1.28305554 3.53490615 2.39300132
v -1.03703630 2.33282018 3.13289142
v -1.07272661 2.56168652 3.34778690
v -1.04703808 2.53880739 3.35973549
v -1.08139014 2.53241253 3.36076832
v -1.07471788 2.50285101 3.37185669
v -1.04197991 2.50894523 3.37087297
v -1.28881145 3.61750770 2.69792366
v -1.27334797 3.64459014 2.67912054
v -1.30770016 3.63819528 2.68015313
v -1.31190443 3.66177821 2.65853119
v -1.27916646 3.66787291 2.65754700
v -1.03040195 2.25038218 2.82794285
v -1.00517178 2.23087502 2.84552240
v -1.03952396 2.22447991 2.84655523
v -1.03370535 2.20119739 2.86812878
v -1.00096738 2.20729184 2.86714458
v -1.24648678 3.30620313 2.17807961
v -1.23148179 3.33665776 2.16490746
v -1.26583385 3.33026290 2.16594028
v -1.27089179 3.36012483 2.15480280
v -1.23815393 3.36621928 2.15381885
v -1.01453221 2.28682876 2.81881952
v -1.21943462 3.28801012 2.20258713
v -1.11819887 2.80093503 2.53306627
v -1.22503078 3.31967592 2.19891810
v -1.01002491 2.26912642 2.84553671
v -1.05549598 2.58812308 3.32194781
v -1.26039839 3.58930445 2.70571566
v -1.15551805 3.07542419 2.99143243
v -1.26411605 3.60715389 2.67897463
v -1.04911005 2.55660439 3.32559347
v -1.05247355 2.27976584 2.81996012
v -1.25737584 3.28094721 2.20372772
v -1.13323152 2.67578149 2.60678959
v -1.26376176 3.31246591 2.20008230
v -1.04875588 2.26191616 2.84670115
v -1.09343719 2.58106017 3.32308841
v -1.29833949 3.58224130 2.70685625
v -1.17055094 2.95027065 3.06515574
v -1.30284691 3.59994388 2.68013906
v -1.08784103 2.54939437 3.32675743
v -1.31428766 3.65995908 2.62689948
v -1.27715468 3.38684058 2.17082143
v -1.27642453 3.38102031 2.18899655
v -1.31181252 3.64130449 2.62364197
v -1.29623151 3.53003716 2.39484429
v -1.27812946 3.66669035 2.62581253
v -1.24099648 3.39357162 2.16973448
v -1.23852861 3.38807487 2.18785739
v -1.27391660 3.64835906 2.62250280
v -1.26170719 3.53646421 2.39380646
v -1.07187545 2.47549844 3.35594130
v -1.03474247 2.20237994 2.89986324
v -1.03895521 2.22071123 2.90317273
v -1.07434320 2.48099542 3.33781815
v -1.05116463 2.33260584 3.13186932
v -1.03571713 2.48222971 3.35485411
v -0.99858421 2.20911121 2.89877605
v -1.00105917 2.22776580 2.90203357
v -1.03644729 2.48804975 3.33667898
v -1.01664031 2.33903289 3.13083172
v -1.05781090 2.59205079 3.33041430
v -1.09220207 2.58564854 3.33144784
v -1.26294625 3.59437203 2.71348023
v -1.29733741 3.58796978 2.71451426
v -1.04221463 2.51848364 3.36445618
v -1.15890980 3.09171581 3.01902914
v -1.04471767 2.53443527 3.34932923
v -1.07830107 2.51176596 3.36554098
v -1.17306137 2.97389936 3.08843040
v -1.08258331 2.52738595 3.35046768
v -1.05887389 2.48900270 3.37163758
v -1.07607818 2.49552155 3.35932636
v -1.06901705 2.47016478 3.35972214
v -1.03880548 2.50246048 3.35820627
v -1.03624201 2.47626615 3.35873699
v -1.27550161 3.65835643 2.66285872
v -1.27057874 3.63802481 2.67006421
v -1.31158805 3.65163898 2.66394329
v -1.30844438 3.63097572 2.67120266
v -1.30094552 3.67179942 2.64362001
v -1.31307423 3.65351772 2.64657402
v -1.31380510 3.66623354 2.62353587
v -1.27580130 3.66045642 2.64545345
v -1.28102994 3.67233491 2.62255049
v -1.01553440 2.28110051 2.81116152
v -1.04992557 2.27469826 2.81219530
v -1.22066975 3.28342175 2.19422793
v -1.25506103 3.27701950 2.19526148
v -1.00128388 2.21743131 2.86173224
v -1.11710227 2.78421593 2.50553846
v -1.00442743 2.23809457 2.85447311
v -1.03737032 2.21071362 2.86281705
v -1.13125396 2.66639948 2.57493973
v -1.04229307 2.23104548 2.85561132
v -1.01903033 2.19594836 2.88226938
v -1.03707039 2.20861387 2.88022232
v -1.03184187 2.19673538 2.90312505
v -0.99979752 2.21555257 2.87910175
v -0.99906671 2.20283675 2.90213966
v -1.23457074 3.35730433 2.16013479
v -1.23028862 3.34168410 2.17520809
v -1.27065706 3.35058665 2.16121960
v -1.26815414 3.33463502 2.17634654
v -1.26110208 3.37874508 2.15425158
v -1.27406645 3.36660981 2.16746950
v -1.27662981 3.39280391 2.16693878
v -1.23679364 3.37354851 2.16634917
v -1.24385476 3.39890528 2.16595340
v -1.22679198 3.33375812 2.22100258
v -1.01154113 2.28201246 2.86835718
v -1.26222014 3.59433842 2.65614271
v -1.04696941 2.54259276 3.30349755
v -1.25244772 3.50175095 2.41534805
v -1.02174771 2.37451911 3.10916519
v -1.26590240 3.32647753 2.22217822
v -1.05065167 2.27473187 2.86953282
v -1.30133069 3.58705759 2.65731835
v -1.08607996 2.53531218 3.30467319
v -1.29112399 3.49455118 2.41651058
v -1.06042421 2.36731911 3.11032772
v 0.71980941 1.79920745 0.20537949
v -0.63490826 1.54910052 0.17993486
v 0.61869699 2.33103800 0.36118233
v -0.73602074 2.08093119 0.33573771
v -0.05552830 2.18712354 0.36701703
v 0.04083258 1.68028545 0.21853578
v 0.08310363 2.22378922 0.33182895
v 0.17946452 1.71695077 0.18334770
v -0.71936685 1.81306326 0.24249923
v -0.71813768 1.80273914 0.27853823
v 0.70215219 2.07550311 0.26919854
v 0.70338130 2.06517887 0.30523753
v 0.04326734 1.66988158 0.19116724
v 0.68522626 1.78798330 0.22635067
v 0.68400323 1.79825592 0.19049156
v 0.74656349 1.82242477 0.19619417
v 0.74772900 1.81263494 0.23036826
v -0.59938282 1.55081987 0.20222282
v -0.60060585 1.56109238 0.16636384
v -0.66783476 1.56129980 0.16962874
v -0.66666919 1.55150998 0.20380270
v -0.05949359 2.21038294 0.34951019
v 0.58462036 2.31714988 0.38137293
v 0.58339733 2.32742238 0.34551394
v 0.65068376 2.32673240 0.34393406
v 0.65184927 2.31694245 0.37810791
v -0.69998878 2.07998633 0.35724521
v -0.70121181 2.09025884 0.32138610
v -0.76371443 2.06560731 0.31736851
v -0.76254892 2.05581737 0.35154259
v -0.00733735 1.93361628 0.29308462
v -0.72701478 2.04960704 0.35042143
v 0.62093854 2.29846478 0.37573898
v -0.63564068 1.56899834 0.20962441
v 0.71231258 1.81785631 0.23494196
v 0.13355479 1.97087932 0.25732303
v -0.72829813 2.06038594 0.31279480
v 0.61965525 2.30924416 0.33811224
v -0.63692403 1.57977724 0.17199779
v 0.71102929 1.82863522 0.19731534
v -0.73046046 1.80677307 0.25677145
v 0.71423417 2.07349157 0.28390598
v 0.67753798 1.78793764 0.20381975
v 0.70768493 1.79069734 0.22513199
v 0.70653933 1.80031931 0.19154418
v 0.73746908 1.81141865 0.19452381
v 0.73856080 1.80224895 0.22653317
v -0.59137189 1.55367243 0.17998683
v -0.62127060 1.54534662 0.20017123
v -0.62241620 1.55496860 0.16658354
v -0.65535665 1.55427635 0.16836357
v -0.65426487 1.54510665 0.20037293
v 0.57517487 2.32634616 0.36154950
v 0.60643071 2.32327366 0.38115323
v 0.60528511 2.33289576 0.34756553
v 0.63827944 2.33313560 0.34736383
v 0.63937116 2.32396579 0.37937319
v -0.69373500 2.09208083 0.33771670
v -0.72252476 2.07792282 0.35619259
v -0.72367036 2.08754492 0.32260478
v -0.75454634 2.07599330 0.32120359
v -0.75345463 2.06682348 0.35321283
v 0.54472566 2.30542636 0.38004553
v -0.65851742 2.08328438 0.35744607
v -0.05246858 2.17100501 0.36254847
v -0.68589872 2.06574917 0.35377479
v 0.57667637 2.29884458 0.37748873
v 0.64379716 1.78433061 0.22738767
v -0.55944586 1.56218874 0.20478809
v 0.03778879 1.69626999 0.22347212
v -0.59137022 1.56854916 0.20811713
v 0.67120486 1.80164468 0.23183107
v 0.54346037 2.31605339 0.34294868
v -0.65978265 2.09391165 0.32034910
v 0.08787800 2.20812392 0.32692516
v -0.68719029 2.07659745 0.31590569
v 0.57538474 2.30969310 0.33961964
v 0.64253193 1.79495776 0.19029069
v -0.56071115 1.57281601 0.16769123
v 0.17813535 1.73338902 0.18784881
v -0.59266186 1.57939756 0.17024803
v 0.66991323 1.81249309 0.19396198
v -0.67544836 1.57659853 0.17363214
v -0.76525509 2.04896355 0.31201434
v -0.74866110 2.04078746 0.30818582
v -0.66307467 1.59062016 0.17630672
v -0.72811872 1.81111348 0.24347556
v -0.67424262 1.56647086 0.20898581
v -0.76404941 2.03883600 0.34736788
v -0.74739736 2.03017282 0.34523857
v -0.66181087 1.58000565 0.21335948
v -0.72696739 1.80144322 0.27723181
v 0.74806392 1.83940625 0.20036888
v 0.65825719 2.31177139 0.33875096
v 0.64582545 2.29823637 0.33437741
v 0.73141187 1.84806931 0.20249820
v 0.71098185 2.07679892 0.27050495
v 0.74926966 1.82927859 0.23572242
v 0.65946287 2.30164361 0.37410450
v 0.64708912 2.28762197 0.37143004
v 0.73267561 1.83745468 0.23955095
v 0.71213323 2.06712866 0.30426121
v 0.64601034 1.77660406 0.22321880
v 0.64486343 1.78623700 0.18959284
v -0.55860239 1.55420947 0.20059359
v -0.55974931 1.56384242 0.16696751
v 0.72706771 1.80018616 0.22810757
v 0.04317782 1.66804504 0.21398711
v 0.70451969 1.79998624 0.22976136
v 0.72586447 1.81029391 0.19282401
v 0.17529659 1.70298779 0.18045211
v 0.70325702 1.81059217 0.19273841
v 0.75082606 1.81791329 0.20950341
v 0.73440951 1.82470214 0.19603193
v 0.75514680 1.83995152 0.20207500
v 0.73565251 1.81426215 0.23247540
v 0.75623971 1.83077121 0.23412085
v -0.64285791 1.54727149 0.20237744
v -0.62179989 1.55512202 0.20485020
v -0.64406133 1.55737925 0.16709387
v -0.62306249 1.56572807 0.16782725
v -0.67068642 1.55547464 0.18280435
v -0.65729696 1.56776631 0.16989267
v -0.68231618 1.57456827 0.17507637
v -0.65605408 1.55732632 0.20633626
v -0.68122327 1.56538796 0.20712221
v 0.54376376 2.31439972 0.38076913
v 0.54261684 2.32403255 0.34714317
v -0.66084892 2.09200525 0.35814393
v -0.66199583 2.10163808 0.32451797
v 0.62807578 2.32086301 0.38064289
v -0.05793415 2.19987297 0.36978912
v 0.60707706 2.31251407 0.37990952
v 0.62687248 2.33097076 0.34535933
v 0.07418461 2.23481584 0.33625436
v 0.60581434 2.32312036 0.34288645
v 0.65446401 2.32475734 0.35798645
v 0.64006853 2.32091594 0.34140050
v 0.66523778 2.31285429 0.34061456
v 0.64131153 2.31047583 0.37784410
v 0.66633070 2.30367398 0.37266040
v -0.74184990 2.06794834 0.35491276
v -0.71924251 2.06765008 0.35499835
v -0.74305326 2.07805610 0.31962919
v -0.72050524 2.07825589 0.31797540
v -0.76704842 2.06231880 0.33128726
v -0.75163794 2.06398010 0.31526124
v -0.77222520 2.04747105 0.31361592
v -0.75039500 2.05353999 0.35170484
v -0.77113229 2.03829074 0.34566176
v -0.68218875 2.04230309 0.34713268
v 0.58182347 2.27566409 0.37087357
v -0.59650481 1.59162343 0.21510351
v 0.66750741 1.82498431 0.23884428
v -0.68471462 1.80864966 0.28005397
v 0.67001891 2.05875921 0.30549872
v -0.68349296 2.05325794 0.30889237
v 0.58051938 2.28661871 0.33263326
v -0.59780902 1.60257804 0.17686331
v 0.66620326 1.83593905 0.20060408
v -0.68600434 1.81948280 0.24223804
v 0.66872907 2.06959248 0.26768279
v -0.83511209 2.32308507 0.69179225
v 0.51864773 2.57036924 0.70926875
v -0.83675665 2.34345102 0.53100288
v 0.51700318 2.59073544 0.54847944
v -0.15567949 2.44405365 0.54061890
v -0.15411231 2.42464447 0.69385231
v -0.30258042 2.45691347 0.54375029
v -0.30101326 2.43750429 0.69698364
v 0.54844916 2.60158610 0.63122517
v 0.55519474 2.56499004 0.62652075
v -0.87206471 2.34210825 0.61288685
v -0.86531913 2.30551219 0.60818243
v -0.15825999 2.44678426 0.70186996
v -0.79611140 2.30796695 0.68906927
v -0.80282319 2.34438038 0.69375020
v -0.86755264 2.33215499 0.68904525
v -0.86115611 2.29745293 0.68458426
v 0.48758945 2.54245400 0.70564139
v 0.48087761 2.57886720 0.71032226
v 0.54584557 2.59033322 0.70729166
v 0.55224210 2.55563116 0.70283067
v -0.15993127 2.46748257 0.53845906
v -0.79774755 2.32823133 0.52908540
v -0.80445945 2.36464453 0.53376627
v -0.86911201 2.35146737 0.53657699
v -0.86271554 2.31676531 0.53211594
v 0.48595327 2.56271815 0.54565740
v 0.47924143 2.59913135 0.55033839
v 0.54428619 2.60964537 0.55482340
v 0.55068260 2.57494354 0.55036235
v -0.15483819 2.43403578 0.61719537
v 0.51784354 2.56667233 0.55329096
v -0.82915676 2.32062268 0.53590167
v 0.51932961 2.54826760 0.69859433
v -0.82767075 2.30221796 0.68120503
v -0.30413413 2.44710565 0.62037772
v 0.51080078 2.60488057 0.55820262
v -0.83619958 2.35883093 0.54081333
v 0.51228690 2.58647585 0.70350587
v -0.83471346 2.34042621 0.68611670
v 0.56274104 2.58898759 0.62948316
v -0.88093233 2.32527924 0.61084598
v -0.79218924 2.33057737 0.69331276
v -0.81847614 2.30500746 0.68944693
v -0.82476294 2.33911443 0.69383138
v -0.85654467 2.33269167 0.69167477
v -0.85055333 2.30018759 0.68749642
v 0.47582349 2.56219888 0.70968229
v 0.50953972 2.54758930 0.70659113
v 0.50325292 2.58169627 0.71097553
v 0.53529650 2.58693218 0.70964289
v 0.54128784 2.55442786 0.70546454
v -0.79385406 2.35119581 0.53053474
v -0.82012290 2.32540226 0.52843213
v -0.82640964 2.35950923 0.53281653
v -0.85815781 2.35267067 0.53394306
v -0.85216647 2.32016635 0.52976477
v 0.47415867 2.58281708 0.54690433
v 0.50789297 2.56798410 0.54557621
v 0.50160623 2.60209107 0.54996073
v 0.53368336 2.60691094 0.55191123
v 0.53967464 2.57440686 0.54773283
v -0.75696498 2.33487439 0.53074944
v 0.44542733 2.55450892 0.54627180
v -0.15558608 2.44320130 0.54544127
v 0.47518161 2.55907440 0.55021644
v -0.78650087 2.32860947 0.53392851
v -0.75535363 2.31491899 0.68829328
v 0.44703862 2.53455400 0.70381570
v -0.15411814 2.42502165 0.68896890
v 0.47671893 2.54003453 0.70053577
v -0.78496355 2.30956960 0.68424797
v -0.76390851 2.37254453 0.53559196
v 0.43848372 2.59217954 0.55111432
v -0.30430397 2.45622039 0.54861128
v 0.46809357 2.59752893 0.55515969
v -0.79358894 2.36706400 0.53887188
v -0.76229733 2.35258961 0.69313580
v 0.44009501 2.57222414 0.70865822
v -0.30283603 2.43804049 0.69213891
v 0.46963090 2.57848907 0.70547909
v -0.79205155 2.34802389 0.68919122
v 0.55023956 2.59237552 0.70259881
v 0.54877895 2.61046457 0.55978775
v 0.53415173 2.60825324 0.56306696
v 0.53554362 2.59101439 0.69916689
v 0.55744737 2.60203195 0.63118958
v 0.55685687 2.55647540 0.69798386
v 0.55539626 2.57456470 0.55517280
v 0.54108709 2.57062769 0.55823028
v 0.54247892 2.55338883 0.69433022
v 0.56376570 2.56775379 0.62678313
v -0.87226611 2.33253384 0.68423486
v -0.87372679 2.35062313 0.54142368
v -0.85934889 2.35370970 0.54507744
v -0.85795707 2.33647084 0.68117738
v -0.88063562 2.33934474 0.61262447
v -0.86564887 2.29663396 0.67961985
v -0.86710954 2.31472278 0.53680885
v -0.85241359 2.31608415 0.54024076
v -0.85102165 2.29884505 0.67634064
v -0.87431735 2.30506659 0.60821807
v -0.75633711 2.31623650 0.69103551
v -0.76263100 2.35038233 0.69542491
v 0.44742399 2.53612161 0.70657551
v 0.44113013 2.57026720 0.71096498
v -0.83880651 2.30063510 0.68727320
v -0.15423994 2.42506790 0.69774586
v -0.81686866 2.30388784 0.68620908
v -0.84541070 2.33646393 0.69187897
v -0.29423922 2.43732381 0.70073009
v -0.82379842 2.34148312 0.69104195
v -0.86855519 2.31763291 0.68760568
v -0.85643971 2.33553338 0.68811619
v -0.87892622 2.32957101 0.68401021
v -0.84961849 2.29852653 0.68335903
v -0.87292814 2.29702950 0.67982709
v 0.53015071 2.55069542 0.70494586
v 0.50851321 2.54598832 0.70331925
v 0.52354658 2.58652449 0.70955163
v 0.50158352 2.58358359 0.70815212
v 0.55195236 2.57710958 0.70594388
v 0.53428280 2.58956957 0.70606995
v 0.55752045 2.59195900 0.70255417
v 0.54110414 2.55256271 0.70131266
v 0.56351858 2.55941796 0.69837105
v -0.75800008 2.33683133 0.52844262
v -0.76429397 2.37097692 0.53283215
v 0.44576105 2.55671620 0.54398274
v 0.43946716 2.59086180 0.54837215
v -0.84041649 2.32057405 0.52985597
v -0.15588439 2.44543386 0.53695726
v -0.81845337 2.32351494 0.53125548
v -0.84702069 2.35640311 0.53446174
v -0.29588366 2.45768976 0.53994155
v -0.82538325 2.36111021 0.53608835
v -0.87012237 2.33704209 0.53437054
v -0.85797399 2.35453582 0.53809500
v -0.88038862 2.34768057 0.54103661
v -0.85115278 2.31752896 0.53333771
v -0.87439042 2.31513929 0.53685343
v 0.52854079 2.57063437 0.54752862
v 0.50692850 2.56561542 0.54836571
v 0.52193660 2.60646343 0.55213439
v 0.49999872 2.60321069 0.55319846
v 0.55038512 2.59651899 0.55270863
v 0.53274846 2.60857201 0.55604863
v 0.55605817 2.61006880 0.55958056
v 0.53956980 2.57156515 0.55129135
v 0.56205630 2.57752752 0.55539739
v 0.47600633 2.55812669 0.55723369
v -0.78711230 2.32739902 0.54092729
v 0.47739983 2.54086804 0.69348854
v -0.78571874 2.31014061 0.67718220
v 0.52199197 2.55799270 0.62597400
v -0.83178377 2.31070542 0.60849726
v 0.46884879 2.59695792 0.56222534
v -0.79426980 2.36623049 0.54591906
v 0.47024232 2.57969928 0.69848031
v -0.79287624 2.34897184 0.68217391
v 0.51491380 2.59639311 0.63091034
v -0.83886188 2.34910583 0.61343366
v 0.55105221 2.58549142 0.69441718
v -0.77338237 2.34200096 0.68690836
v 0.50609922 2.82859135 0.74033636
v -0.81833535 2.58510089 0.73282754
v -0.15442294 2.69695783 0.75823778
v -0.11158241 2.46528172 0.71447641
v -0.01871644 2.72921467 0.72031748
v 0.02412411 2.49753881 0.67655611
v -0.82893580 2.46031237 0.69463098
v -0.82789952 2.45353842 0.73150837
v 0.56080669 2.71580935 0.70251000
v 0.56184304 2.70903540 0.73938745
v -0.11080492 2.46180582 0.69006354
v 0.51727974 2.57580733 0.71607137
v 0.51624858 2.58254790 0.67937809
v 0.57866615 2.59973454 0.68167311
v 0.57964879 2.59331107 0.71664208
v -0.73861355 2.34491801 0.70895112
v -0.73964471 2.35165811 0.67225790
v -0.80411494 2.34551740 0.67383355
v -0.80313224 2.33909369 0.70880246
v -0.15649083 2.70886922 0.73673135
v 0.47255191 2.81768966 0.76176047
v 0.47152069 2.82442975 0.72506726
v 0.53603953 2.83025408 0.72521585
v 0.53702217 2.82383037 0.76018482
v -0.78334135 2.58680010 0.75464034
v -0.78437257 2.59354043 0.71794701
v -0.84674150 2.57603669 0.71737629
v -0.84575886 2.56961322 0.75234526
v -0.13299380 2.58106184 0.73667252
v -0.81222790 2.56984353 0.75327283
v 0.50559360 2.81211829 0.76074415
v -0.77160436 2.35015702 0.71177626
v 0.54621702 2.59243178 0.71924752
v 0.00492521 2.61384487 0.69813401
v -0.81330985 2.57691598 0.71477085
v 0.50451165 2.81919074 0.72224212
v -0.77268630 2.35722947 0.67327422
v 0.54513514 2.59950447 0.68074554
v -0.83984798 2.45550609 0.70939368
v 0.57255232 2.71516871 0.71740121
v 0.50939149 2.57623720 0.69410992
v 0.53906870 2.57922673 0.71488500
v 0.53810287 2.58554006 0.68051583
v 0.56888789 2.59361362 0.68196917
v 0.56980830 2.58759689 0.71472323
v -0.73115343 2.34816933 0.68707675
v -0.76017952 2.34036660 0.70751899
v -0.76114541 2.34667993 0.67314982
v -0.79280305 2.34327388 0.67424917
v -0.79188246 2.33725691 0.70700324
v 0.46388242 2.82234383 0.74059701
v 0.49405265 2.82266784 0.76086855
v 0.49308679 2.82898116 0.72649938
v 0.52478981 2.83209085 0.72701514
v 0.52571023 2.82607412 0.75976920
v -0.77666241 2.59427619 0.73356384
v -0.80519569 2.58380771 0.75350255
v -0.80616146 2.59012103 0.71913338
v -0.83690113 2.58175087 0.71929514
v -0.83598071 2.57573414 0.75204915
v 0.43313718 2.80841660 0.76181996
v -0.74320877 2.59215140 0.75515068
v -0.15305945 2.68957663 0.75709116
v -0.77119064 2.58128548 0.75434977
v 0.46316105 2.80821466 0.76134783
v 0.47718278 2.57022357 0.71682763
v -0.69916314 2.35395837 0.71015835
v -0.11293244 2.47257495 0.71610171
v -0.72916484 2.35401511 0.71142066
v 0.50518680 2.58094430 0.71841872
v 0.43207043 2.81538939 0.72385997
v -0.74427551 2.59912443 0.71719074
v -0.01567451 2.72223258 0.71870184
v -0.77227962 2.58840370 0.71559966
v 0.46207204 2.81533265 0.72259778
v 0.47611603 2.57719636 0.67886764
v -0.70022994 2.36093116 0.67219841
v 0.02445251 2.50523090 0.67771238
v -0.73025382 2.36113310 0.67267054
v 0.50409788 2.58806252 0.67966861
v -0.80993700 2.35210967 0.67458367
v -0.84986365 2.56802797 0.71536851
v -0.83476150 2.56572294 0.71362132
v -0.79671115 2.35995126 0.67475307
v -0.83749741 2.45851803 0.69575012
v -0.80892044 2.34546447 0.71075976
v -0.84884709 2.56138277 0.75154459
v -0.83369601 2.55875826 0.75153607
v -0.79564565 2.35298657 0.71266782
v -0.83652663 2.45217276 0.73029172
v 0.58175433 2.60796499 0.68247378
v 0.54182768 2.82388330 0.72325861
v 0.52855289 2.81636119 0.72135055
v 0.56660330 2.61058950 0.68248230
v 0.56943393 2.71717501 0.70372665
v 0.58277088 2.60131979 0.71864986
v 0.54284424 2.81723809 0.75943470
v 0.52961832 2.80939651 0.75926536
v 0.56766880 2.60362482 0.72039706
v 0.57040459 2.71082973 0.73826826
v 0.47850817 2.56685615 0.71433461
v 0.47754124 2.57317638 0.67992634
v -0.69917685 2.35034466 0.70765775
v -0.70014375 2.35666513 0.67324954
v 0.55861747 2.58546901 0.71637982
v -0.11055180 2.45973730 0.71248865
v 0.53698236 2.58324909 0.71750075
v 0.55760288 2.59210110 0.68027550
v 0.01877897 2.49047899 0.67634988
v 0.53591776 2.59020829 0.67961639
v 0.58264244 2.59723520 0.69551396
v 0.56719923 2.59975839 0.68079841
v 0.58864409 2.60878491 0.68418163
v 0.56824714 2.59290838 0.71808982
v 0.58956558 2.60276151 0.71697295
v -0.78068531 2.33924484 0.70878679
v -0.75968897 2.34486270 0.71014935
v -0.78169990 2.34587717 0.67268234
v -0.76075357 2.35182190 0.67226499
v -0.80709386 2.34173942 0.68763500
v -0.79339743 2.34961987 0.67308456
v -0.81668621 2.35042238 0.67621416
v -0.79234946 2.34276962 0.71037602
v -0.81576473 2.34439874 0.70900548
v 0.43305102 2.81268263 0.76076883
v 0.43208411 2.81900311 0.72636056
v -0.74463409 2.59617138 0.75409204
v -0.74560094 2.60249162 0.71968377
v 0.51460713 2.82347059 0.76133603
v -0.15550463 2.70283628 0.75840759
v 0.49366084 2.81752586 0.76175332
v 0.51359254 2.83010292 0.72523159
v -0.02617386 2.73357797 0.72226888
v 0.49259621 2.82448506 0.72386903
v 0.53980130 2.82891393 0.73927587
v 0.52525669 2.82657814 0.72364235
v 0.54867196 2.82494903 0.72501290
v 0.52630466 2.81972790 0.76093376
v 0.54959345 2.81892538 0.75780421
v -0.82469565 2.57724667 0.75374287
v -0.80301046 2.57913947 0.75440198
v -0.82571024 2.58387876 0.71763855
v -0.80407518 2.58609867 0.71651763
v -0.84993494 2.57341814 0.73139679
v -0.83533990 2.57643938 0.71592855
v -0.85665840 2.56658626 0.71704543
v -0.83429188 2.56958938 0.75321996
v -0.85573691 2.56056285 0.74983674
v -0.76992190 2.57048893 0.75252736
v 0.46583492 2.79767656 0.75953341
v -0.73182803 2.36448312 0.71361488
v 0.50392872 2.59167075 0.72062087
v -0.79522765 2.45937324 0.73260254
v 0.52922231 2.70286655 0.74011147
v -0.77102143 2.57767701 0.71339744
v 0.46473530 2.80486465 0.72040349
v -0.73292762 2.37167120 0.67448497
v 0.50282907 2.59885883 0.68149102
v -0.79631507 2.46648121 0.69390696
v 0.52813494 2.70997453 0.70141584
v -0.86514980 2.56857109 0.87884754
v 0.45907685 2.80320454 0.88521445
v -0.86811328 2.58934951 0.72950953
v 0.45611331 2.82398295 0.73587644
v -0.20192024 2.68363285 0.73298544
v -0.19909589 2.66383076 0.87530559
v -0.34551820 2.69777203 0.73780239
v -0.34269387 2.67797017 0.88012260
v 0.48758894 2.83430505 0.81283194
v 0.49409369 2.79773498 0.80761456
v -0.90193540 2.58810186 0.80615109
v -0.89543068 2.55153179 0.80093372
v -0.20305195 2.68594170 0.88328016
v -0.82705843 2.55314231 0.87556338
v -0.83353066 2.58952975 0.88075471
v -0.89688170 2.57792068 0.87683755
v -0.89071351 2.54324341 0.87189019
v 0.42863768 2.77563286 0.88160092
v 0.42216536 2.81202054 0.88679212
v 0.48568207 2.82289052 0.88348502
v 0.49185029 2.78821301 0.87853765
v -0.20606388 2.70705867 0.73150742
v -0.83000708 2.57381654 0.72697353
v -0.83647937 2.61020422 0.73216474
v -0.89969194 2.59762383 0.73522800
v -0.89352381 2.56294632 0.73028064
v 0.42568898 2.79630733 0.73301089
v 0.41921669 2.83269477 0.73820221
v 0.48287186 2.84259391 0.74187541
v 0.48904002 2.80791616 0.73692811
v -0.20045243 2.67341900 0.80410093
v 0.45694304 2.79994750 0.73984933
v -0.86067152 2.56648564 0.73351419
v 0.45962116 2.78117013 0.87480426
v -0.85799336 2.54770851 0.86846912
v -0.34639156 2.68778872 0.80899644
v 0.45015171 2.83812857 0.74529654
v -0.86746287 2.60466671 0.73896140
v 0.45282981 2.81935120 0.88025147
v -0.86478478 2.58588958 0.87391633
v 0.50153148 2.82160854 0.81078875
v -0.91064721 2.57139158 0.80399889
v -0.82315534 2.57566071 0.87994236
v -0.84892797 2.55038738 0.87610239
v -0.85499042 2.58447027 0.88096488
v -0.88609445 2.57835054 0.87917584
v -0.88031703 2.54586959 0.87454188
v 0.41719481 2.79543257 0.88590598
v 0.45011643 2.78055906 0.88234824
v 0.44405404 2.81464171 0.88721073
v 0.47538263 2.81958413 0.88572186
v 0.48116004 2.78710318 0.88108790
v -0.82615566 2.59669614 0.72875726
v -0.85189575 2.57119513 0.72655493
v -0.85795808 2.60527802 0.73141742
v -0.88900173 2.59873390 0.73267776
v -0.88322431 2.56625271 0.72804374
v 0.41419455 2.81646800 0.73472095
v 0.44714871 2.80136681 0.73280078
v 0.44108632 2.83544946 0.73766327
v 0.47247535 2.83996749 0.73922378
v 0.47825277 2.80748630 0.73458982
v -0.79010558 2.58007717 0.72820818
v 0.38605577 2.78847528 0.73386329
v -0.20178859 2.68276834 0.73745883
v 0.41519034 2.79275465 0.73730177
v -0.81896764 2.57408047 0.73136783
v -0.78720176 2.55971813 0.87453187
v 0.38895953 2.76811624 0.88018692
v -0.19914313 2.66422057 0.87076449
v 0.41796094 2.77332926 0.87691551
v -0.81619698 2.55465484 0.87098157
v -0.79680121 2.61772084 0.73357868
v 0.37936008 2.82611895 0.73923379
v -0.34716260 2.69708252 0.74233544
v 0.40835527 2.83118200 0.74278402
v -0.82580262 2.61250758 0.73685014
v -0.79389745 2.59736180 0.87990236
v 0.38226390 2.80575991 0.88555747
v -0.34451714 2.67853475 0.87564105
v 0.41112590 2.81175661 0.88239777
v -0.82303208 2.59308219 0.87646389
v 0.48994118 2.82490253 0.87910712
v 0.48730892 2.84335756 0.74646693
v 0.47303116 2.84127235 0.74963832
v 0.47553977 2.82368445 0.87604529
v 0.49638796 2.83466959 0.81270802
v 0.49632227 2.78902769 0.87398893
v 0.49369004 2.80748296 0.74134880
v 0.47971895 2.80367351 0.74427420
v 0.48222756 2.78608584 0.87068117
v 0.50248075 2.80041575 0.80782109
v -0.90153176 2.57835388 0.87241685
v -0.90416402 2.59680915 0.73977673
v -0.89006919 2.59975123 0.74308443
v -0.88756067 2.58216333 0.86949146
v -0.91032243 2.58542109 0.80594450
v -0.89515060 2.54247928 0.86729872
v -0.89778286 2.56093454 0.73465854
v -0.88338149 2.56215239 0.73772037
v -0.88087291 2.54456449 0.86412734
v -0.90422970 2.55116749 0.80105764
v -0.78813791 2.56103396 0.87712461
v -0.79420710 2.59515572 0.88199258
v 0.38936234 2.76966977 0.88278604
v 0.38329312 2.80379128 0.88765407
v -0.86883223 2.54621172 0.87421262
v -0.19918661 2.66424394 0.87894279
v -0.84738559 2.54926467 0.87304509
v -0.87520057 2.58201528 0.87932062
v -0.33603808 2.67771912 0.88353348
v -0.85406786 2.58683300 0.87840497
v -0.89789450 2.56344056 0.87520611
v -0.88601881 2.58119559 0.87591881
v -0.90805012 2.57545710 0.87222010
v -0.87944090 2.54421496 0.87064284
v -0.90226609 2.54293895 0.86758083
v 0.47026035 2.78347921 0.88065106
v 0.44908229 2.77897930 0.87927860
v 0.46389198 2.81928253 0.88575906
v 0.44239995 2.81654811 0.88463843
v 0.49162361 2.80964255 0.88188696
v 0.47436437 2.82223535 0.88245958
v 0.49705958 2.82442164 0.87897593
v 0.48094222 2.78525472 0.87718362
v 0.50284362 2.79190373 0.87433660
v -0.79113483 2.58204556 0.72611159
v -0.79720408 2.61616707 0.73097962
v 0.38636544 2.79068112 0.73177308
v 0.38029620 2.82480288 0.73664099
v -0.87173367 2.56655431 0.72800660
v -0.20215021 2.68502235 0.72960544
v -0.85024160 2.56928897 0.72912723
v -0.87810200 2.60235786 0.73311460
v -0.33900169 2.69849753 0.73419613
v -0.85692400 2.60685754 0.73448700
v -0.90071899 2.58324265 0.73288423
v -0.88878393 2.60058236 0.73658204
v -0.91068536 2.59393334 0.73942900
v -0.88220608 2.56360173 0.73130608
v -0.90490133 2.56141520 0.73478973
v 0.46735889 2.80382180 0.73444498
v 0.44622621 2.79900384 0.73536068
v 0.46099049 2.83962512 0.73955297
v 0.43954387 2.83657241 0.74072051
v 0.48879918 2.82944489 0.73956507
v 0.47159928 2.84162211 0.74312276
v 0.49442440 2.84289789 0.74618483
v 0.47817710 2.80464149 0.73784685
v 0.50020844 2.81037974 0.74154556
v 0.41605592 2.79178238 0.74380970
v -0.81950682 2.57285881 0.73786902
v 0.41856727 2.77417445 0.87036055
v -0.81699550 2.55525088 0.86441994
v 0.46161294 2.79104996 0.80732906
v -0.86262918 2.55641365 0.80096203
v 0.40915376 2.83058619 0.74934572
v -0.82640898 2.61166263 0.74340510
v 0.41166514 2.81297803 0.87589663
v -0.82389754 2.59405470 0.86995596
v 0.45478749 2.82942319 0.81280363
v -0.86945462 2.59478712 0.80643660
v 0.26335680 4.23042965 2.51907897
v 0.74837160 2.06892395 0.86384797
v 0.15682827 4.55172634 2.06829381
v 0.64184302 2.39022088 0.41306269
v 0.37949651 3.45756578 1.25237417
v 0.48101902 3.15136743 1.68197572
v 0.36742958 3.69078851 1.42145514
v 0.46895209 3.38458991 1.85105669
v 0.72185749 2.18015933 0.59691453
v 0.68561679 2.17065597 0.59870541
v 0.21292649 4.44824886 2.33376551
v 0.17668580 4.43874550 2.33555627
v 0.50695366 3.14711547 1.69512725
v 0.25428191 4.16970301 2.47617507
v 0.29034165 4.17915916 2.47439337
v 0.26377121 4.28998756 2.54318953
v 0.22940604 4.28097630 2.54488778
v 0.71419650 2.12005830 0.90660459
v 0.75025630 2.12951422 0.90482271
v 0.77015275 2.03325939 0.81503934
v 0.73578763 2.02424788 0.81673747
v 0.39868835 3.47365093 1.23699272
v 0.14828698 4.48939085 2.02764797
v 0.18434672 4.49884701 2.02586603
v 0.16275567 4.59465742 2.11573339
v 0.12839048 4.58564568 2.11743140
v 0.60820168 2.43974590 0.45807743
v 0.64426130 2.44920206 0.45629561
v 0.66913724 2.33792877 0.38758290
v 0.63477206 2.32891726 0.38928115
v 0.42994779 3.30438519 1.46719027
v 0.62351531 2.37431097 0.44000256
v 0.14092222 4.52502441 2.08696890
v 0.71978390 2.08395863 0.84737158
v 0.23719075 4.23467207 2.49433804
v 0.41768408 3.54141021 1.63902795
v 0.66135246 2.38423324 0.43813276
v 0.17875941 4.53494644 2.08509922
v 0.75762099 2.09388065 0.84550190
v 0.27502799 4.24459410 2.49246812
v 0.71143514 2.15784955 0.58347619
v 0.19420686 4.46291685 2.34864378
v 0.27916521 4.15993261 2.46945596
v 0.24782701 4.20435095 2.50465560
v 0.28160271 4.21320772 2.50298667
v 0.26828814 4.26723385 2.53744292
v 0.23609962 4.25879288 2.53903341
v 0.73345923 2.13533640 0.91906720
v 0.72361845 2.08394957 0.88090146
v 0.75739419 2.09280658 0.87923241
v 0.76694643 2.04492497 0.83565021
v 0.73475790 2.03648424 0.83724076
v 0.17131904 4.48520374 2.01309538
v 0.14114904 4.52609825 2.05323839
v 0.17492478 4.53495550 2.05156922
v 0.16378537 4.58242083 2.09523010
v 0.13159685 4.57398033 2.09682059
v 0.62561303 2.46060753 0.46270657
v 0.61694056 2.40569735 0.42948413
v 0.65071625 2.41455412 0.42781520
v 0.66244364 2.36011219 0.39343727
v 0.63025516 2.35167146 0.39502788
v 0.16303819 4.42187834 1.98139167
v 0.59382218 2.50205612 0.51123643
v 0.38247660 3.44780684 1.26599133
v 0.60644829 2.44740295 0.48513579
v 0.15442216 4.46189165 2.02778482
v 0.26741651 4.10706663 2.42307782
v 0.69820052 2.18724442 0.95292258
v 0.47756863 3.16100287 1.66838181
v 0.70604008 2.14702749 0.90656787
v 0.25401402 4.16151619 2.44921660
v 0.20034274 4.43166065 1.97954822
v 0.63112676 2.51183844 0.50939298
v 0.37026039 3.68391395 1.43716359
v 0.64452922 2.45738912 0.48325408
v 0.19250320 4.47187757 2.02590275
v 0.30472106 4.11684895 2.42123437
v 0.73550504 2.19702697 0.95107913
v 0.46535245 3.39710999 1.83955419
v 0.74412113 2.15701342 0.90468609
v 0.29209507 4.17150211 2.44733477
v 0.76917839 2.03579235 0.79590476
v 0.67456108 2.32116485 0.39552295
v 0.67244262 2.33783937 0.42262065
v 0.76261353 2.06587791 0.80418730
v 0.72385699 2.16583204 0.58623052
v 0.73362684 2.02647018 0.79766148
v 0.63900954 2.31184220 0.39727962
v 0.63518244 2.32806873 0.42446196
v 0.72535348 2.05610728 0.80602843
v 0.68991178 2.15693069 0.58790779
v 0.25953370 4.30706310 2.53519106
v 0.16491643 4.59243488 2.13480926
v 0.17318980 4.56279755 2.12644243
v 0.26336077 4.29083633 2.50800896
v 0.20863144 4.46197414 2.34456301
v 0.22398223 4.29774046 2.53694773
v 0.12936491 4.58311272 2.13656592
v 0.13592969 4.55302715 2.12828350
v 0.22610065 4.28106546 2.50985003
v 0.17468627 4.45307302 2.34624028
v 0.27058905 4.10357237 2.43090606
v 0.30440325 4.11243916 2.42923498
v 0.70186347 2.18156481 0.95907712
v 0.73567754 2.19043183 0.95740616
v 0.23844852 4.24040651 2.52468419
v 0.48441511 3.14405298 1.69252241
v 0.24456374 4.20785093 2.49463415
v 0.27392951 4.24971056 2.52293086
v 0.47291511 3.36631823 1.85365963
v 0.28179392 4.21761370 2.49279451
v 0.24906157 4.29130697 2.54928732
v 0.26816377 4.27462912 2.52584052
v 0.25542706 4.31759405 2.54402351
v 0.23151624 4.26501894 2.52765131
v 0.22320193 4.30914354 2.54561615
v 0.72890818 2.05463552 0.85087126
v 0.71941155 2.09165549 0.87410057
v 0.76438916 2.06393957 0.84911799
v 0.75664169 2.10141826 0.87226087
v 0.75799024 2.02322745 0.81244457
v 0.76642132 2.05410600 0.82541531
v 0.77006632 2.02406454 0.78769213
v 0.72977382 2.04449606 0.82722628
v 0.73784119 2.01561427 0.78928447
v 0.16286565 4.42847347 1.97506452
v 0.19667982 4.43733978 1.97339368
v 0.59414005 2.50646591 0.50323570
v 0.62795424 2.51533270 0.50156474
v 0.13415408 4.55496550 2.08335280
v 0.37788704 3.46534872 1.24173927
v 0.14190154 4.51748705 2.06020975
v 0.16963506 4.56426954 2.08159947
v 0.36638704 3.68761396 1.40287650
v 0.17913173 4.52724934 2.05837011
v 0.14753790 4.59750938 2.11968088
v 0.16876943 4.57440901 2.10524440
v 0.16070208 4.60329056 2.14318633
v 0.13212191 4.56479883 2.10705566
v 0.12847693 4.59484053 2.14477873
v 0.62461376 2.36919451 0.40953994
v 0.61674929 2.40129137 0.43967640
v 0.66009468 2.37849879 0.40778661
v 0.65397954 2.41105390 0.43783653
v 0.65646660 2.32942963 0.38283813
v 0.66702706 2.35388589 0.40481937
v 0.67534137 2.30976152 0.38685477
v 0.63037950 2.34427619 0.40663016
v 0.64311618 2.30131125 0.38844705
v 0.61117798 2.43215537 0.50398254
v 0.15863742 4.44893694 2.04838753
v 0.70145160 2.15988398 0.88598359
v 0.24891102 4.17666578 2.43038821
v 0.67276812 2.22370124 0.63954973
v 0.18774764 4.38523197 2.29480028
v 0.64963228 2.44223905 0.50208247
v 0.19709162 4.45902109 2.04648709
v 0.73990583 2.16996789 0.88408333
v 0.28736526 4.18674994 2.42848825
v 0.71079564 2.23367286 0.63767064
v 0.22577517 4.39520407 2.29292107
v 0.48853320 2.82626057 0.89959401
v -0.81722915 2.60012913 0.89487058
v 0.44785348 3.06093740 0.91024148
v -0.85790884 2.83480620 0.90551800
v -0.20397682 2.94132614 0.93073028
v -0.16520873 2.71767735 0.92058319
v -0.06927331 2.96643806 0.89189929
v -0.03050521 2.74278903 0.88175225
v -0.86982572 2.71257520 0.88478363
v -0.86967152 2.71090198 0.92225468
v 0.50032407 2.94985747 0.88973993
v 0.50047827 2.94818401 0.92721105
v -0.16401732 2.71129227 0.89691687
v 0.45473471 2.82001114 0.92158175
v 0.45458123 2.82167578 0.88429779
v 0.51618356 2.83795381 0.88564891
v 0.51632988 2.83636689 0.92118084
v -0.78345263 2.60558200 0.91710275
v -0.78360605 2.60724711 0.87981874
v -0.84710270 2.60186052 0.88071734
v -0.84695637 2.60027361 0.91624928
v -0.20536029 2.94979525 0.90773791
v 0.41425869 3.05351233 0.93217587
v 0.41410521 3.05517721 0.89489186
v 0.47760901 3.06048560 0.89574534
v 0.47775531 3.05889893 0.93127728
v -0.82392859 2.83908343 0.92769688
v -0.82408214 2.84074831 0.89041293
v -0.88567722 2.82439232 0.89081377
v -0.88553095 2.82280564 0.92634571
v -0.18459146 2.82948732 0.92597723
v -0.85259545 2.82304239 0.92801929
v 0.44664720 3.04804468 0.93271917
v -0.81583363 2.61096764 0.91839731
v 0.48340902 2.83596992 0.92309719
v -0.04769177 2.85500860 0.88651323
v -0.85275644 2.82478929 0.88889748
v 0.44648618 3.04979157 0.89359730
v -0.81599468 2.61271477 0.87927550
v 0.48324800 2.83771706 0.88397539
v -0.88093287 2.70996833 0.89980888
v 0.51155525 2.95111895 0.90484601
v 0.44743222 2.81763816 0.89959651
v 0.47623220 2.82301235 0.92044419
v 0.47608846 2.82457209 0.88552171
v 0.50645757 2.83226180 0.88656235
v 0.50659460 2.83077574 0.91984367
v -0.77562326 2.60582995 0.89517224
v -0.80469906 2.60118151 0.91581053
v -0.80484277 2.60274100 0.88088804
v -0.83603591 2.59976959 0.88170600
v -0.83589894 2.59828329 0.91498739
v 0.40624928 3.05521750 0.91037565
v 0.43549538 3.05801845 0.93110657
v 0.43535164 3.05957794 0.89618409
v 0.46655142 3.06247616 0.89700729
v 0.46668848 3.06098986 0.93028861
v -0.81680614 2.84340930 0.90595138
v -0.84543580 2.83618736 0.92647290
v -0.84557962 2.83774686 0.89155042
v -0.87594211 2.82998347 0.89215100
v -0.87580502 2.82849741 0.92543232
v 0.37535718 3.04491210 0.93259680
v -0.78440458 2.84406495 0.92840147
v -0.20274805 2.93423223 0.93065208
v -0.81208289 2.83382297 0.92846024
v 0.40486673 3.04457378 0.93286240
v 0.41521585 2.81497192 0.92216426
v -0.74454588 2.61412501 0.91796893
v -0.16643552 2.72474957 0.92114764
v -0.77405208 2.61442733 0.91850615
v 0.44289756 2.82517815 0.92290831
v 0.37519842 3.04663444 0.89402568
v -0.78456324 2.84578753 0.88983035
v -0.06637845 2.95965481 0.89134085
v -0.81224501 2.83558130 0.88908637
v 0.40470460 3.04633212 0.89348853
v 0.41505709 2.81669450 0.88359314
v -0.74470460 2.61584735 0.87939787
v -0.03006594 2.75017190 0.88183647
v -0.77421415 2.61618543 0.87913221
v 0.44273546 2.82693648 0.88353437
v -0.85271919 2.60817456 0.88040793
v -0.88885045 2.81661153 0.88986492
v -0.87401682 2.81417608 0.88880992
v -0.83958346 2.61553407 0.87979746
v -0.87829399 2.71105504 0.88593966
v -0.85256797 2.60653305 0.91716647
v -0.88869917 2.81497025 0.92662334
v -0.87385815 2.81245542 0.92733514
v -0.83942485 2.61381388 0.91832256
v -0.87814945 2.70948768 0.92103738
v 0.51935184 2.84578919 0.88537127
v 0.48322055 3.05422640 0.89482820
v 0.47007737 3.04694557 0.89367205
v 0.50451070 2.84830379 0.88465953
v 0.50880212 2.95127177 0.89095730
v 0.51950312 2.84414792 0.92212975
v 0.48337182 3.05258465 0.93158668
v 0.47023600 3.04522538 0.93219721
v 0.50466931 2.84658337 0.92318469
v 0.50894660 2.94970441 0.92605501
v 0.41650710 2.81148243 0.92019498
v 0.41636327 2.81304359 0.88523287
v -0.74457467 2.61040664 0.91599494
v -0.74471855 2.61196804 0.88103271
v 0.49552557 2.82901788 0.92151630
v -0.16425681 2.71220517 0.91940933
v 0.47420245 2.82713604 0.92242610
v 0.49537453 2.83065629 0.88483065
v -0.03588188 2.73613715 0.88240278
v 0.47404400 2.82885504 0.88393193
v 0.51976740 2.83735585 0.89979088
v 0.50493342 2.83789849 0.88451046
v 0.52610266 2.84675813 0.88710982
v 0.50508946 2.83620620 0.92240220
v 0.52623981 2.84527016 0.92042911
v -0.82489532 2.60034800 0.91673982
v -0.80418807 2.60574508 0.91780168
v -0.82504642 2.60198617 0.88005424
v -0.80434650 2.60746408 0.87930751
v -0.85037601 2.60007501 0.89483452
v -0.83648127 2.60559273 0.87965804
v -0.85941494 2.60681486 0.88209790
v -0.83632535 2.60390043 0.91754979
v -0.85927778 2.60532689 0.91541713
v 0.37537110 3.04879141 0.93096191
v 0.37522721 3.05035281 0.89599967
v -0.78571069 2.84771585 0.92676181
v -0.78585452 2.84927702 0.89179963
v 0.45569903 3.05877328 0.93194044
v -0.20493637 2.94688106 0.93005675
v 0.43499908 3.05329537 0.93268716
v 0.45554796 3.06041145 0.89525479
v -0.07656146 2.97081280 0.89305019
v 0.43484062 3.05501437 0.89419293
v 0.48099887 3.06100726 0.90993810
v 0.46697795 3.05685878 0.89444482
v 0.48993036 3.05543256 0.89657754
v 0.46713397 3.05516672 0.93233657
v 0.49006751 3.05394459 0.92989677
v -0.86472189 2.83010316 0.92716396
v -0.84339136 2.83190417 0.92806274
v -0.86487293 2.83174133 0.89047837
v -0.84354985 2.83362317 0.88956851
v -0.88914454 2.82372594 0.90498179
v -0.87443680 2.82455301 0.88959247
v -0.89558727 2.81548929 0.89156556
v -0.87428075 2.82286096 0.92748421
v -0.89545012 2.81400132 0.92488480
v -0.81099552 2.82343054 0.92818499
v 0.40733925 3.03442121 0.93259221
v -0.77652299 2.62456250 0.91916227
v 0.44181180 2.83555341 0.92356938
v -0.83748168 2.71643472 0.92329490
v 0.46829605 2.94256878 0.92801839
v -0.81115925 2.82520604 0.88842523
v 0.40717557 3.03619695 0.89283240
v -0.77668667 2.62633801 0.87940246
v 0.44164807 2.83732867 0.88380963
v -0.83764350 2.71819067 0.88397628
v 0.46813419 2.94432473 0.88869971
v -0.94084382 3.05537653 1.07673526
v 0.37445107 3.28301978 1.07876241
v -0.90084141 2.82437658 1.06224334
v 0.41445345 3.05201983 1.06427050
v -0.24392517 2.94221401 1.08667731
v -0.28204775 3.16235852 1.10048819
v -0.38013044 2.92110491 1.04718459
v -0.41825297 3.14124966 1.06099558
v 0.42674270 3.17406702 1.05628610
v 0.42708129 3.17177701 1.09372330
v -0.95340949 2.93519855 1.05415893
v -0.95307088 2.93290877 1.09159613
v -0.28352457 3.17109513 1.07763863
v -0.90650988 3.05933881 1.09881485
v -0.90684682 3.06161737 1.06156445
v -0.96891016 3.04526043 1.06200397
v -0.96858913 3.04308891 1.09750378
v 0.34071666 3.27520108 1.10073709
v 0.34037969 3.27747965 1.06348681
v 0.40432861 3.28293204 1.06412041
v 0.40464967 3.28076077 1.09962022
v -0.24286999 2.93632913 1.06291032
v -0.86670786 2.82949591 1.08439541
v -0.86704487 2.83177471 1.04714513
v -0.93097800 2.82621503 1.04826200
v -0.93065685 2.82404351 1.08376181
v 0.38051867 3.04535818 1.08631778
v 0.38018167 3.04763675 1.04906738
v 0.44226080 3.06388664 1.05037844
v 0.44258192 3.06171536 1.08587825
v -0.26298356 3.05226660 1.09390306
v 0.40945128 3.06116986 1.08794475
v -0.89927620 2.83466315 1.08592772
v 0.37330160 3.26992154 1.10104096
v -0.93542588 3.04341483 1.09902394
v -0.40140948 3.03081346 1.05376649
v 0.40909767 3.06356072 1.04885817
v -0.89962977 2.83705401 1.04684126
v 0.37294799 3.27231240 1.06195450
v -0.93577945 3.04580593 1.05993748
v 0.43812954 3.17509341 1.07135546
v -0.96452415 2.93233085 1.06919360
v -0.89943391 3.06400108 1.07710695
v -0.92817676 3.05642557 1.09764838
v -0.92849231 3.05855966 1.06275749
v -0.95908242 3.05078506 1.06338155
v -0.95878166 3.04875112 1.09663284
v 0.33255023 3.27722549 1.07900572
v 0.36210564 3.27973962 1.09963703
v 0.36179006 3.28187394 1.06474614
v 0.39321175 3.28483176 1.06546569
v 0.39351252 3.28279781 1.09871709
v -0.85893685 2.83014417 1.06243563
v -0.88811833 2.82510185 1.08313608
v -0.88843387 2.82723594 1.04824519
v -0.91984075 2.82417798 1.04916525
v -0.91954005 2.82214379 1.08241653
v 0.37304735 3.04336834 1.06433439
v 0.40216416 3.04841590 1.08512473
v 0.40184852 3.05055022 1.05023384
v 0.43245339 3.05822468 1.05124927
v 0.43275416 3.05619073 1.08450067
v -0.82750642 2.83804584 1.08520925
v 0.34072179 3.04023552 1.08700967
v -0.24513032 2.94917130 1.08735752
v 0.36862949 3.05038548 1.08778071
v -0.85720426 2.83822560 1.08589149
v -0.86670136 3.06438303 1.09940875
v 0.30152678 3.26657271 1.10120928
v -0.28083819 3.15537190 1.10029387
v 0.33123186 3.26634359 1.10132909
v -0.89460188 3.05418372 1.09943986
v -0.82785499 2.84040308 1.04667306
v 0.34037319 3.04259276 1.04847348
v -0.38302022 2.92780113 1.04737639
v 0.36827362 3.05279183 1.04844236
v -0.85756004 2.84063196 1.04655313
v -0.86704993 3.06674027 1.06087255
v 0.30117819 3.26892996 1.06267297
v -0.41872808 3.13400149 1.06031275
v 0.33087599 3.26874995 1.06199074
v -0.89495766 3.05659008 1.06010151
v 0.40994877 3.27679825 1.06307936
v 0.44547838 3.07162714 1.05020761
v 0.43054500 3.07406306 1.04960585
v 0.39668500 3.26959276 1.06187272
v 0.43528843 3.17547154 1.05748487
v 0.41028091 3.27455187 1.09980464
v 0.44581053 3.06938076 1.08693302
v 0.43089318 3.07170868 1.08809626
v 0.39703315 3.26723838 1.10036302
v 0.43560567 3.17332649 1.09255087
v -0.97213870 3.03759503 1.06094921
v -0.93660909 2.83242393 1.04807758
v -0.92336136 2.83973718 1.04751921
v -0.95722139 3.03526688 1.05978596
v -0.96193385 2.93364906 1.05533147
v -0.97180653 3.03534865 1.09767461
v -0.93627697 2.83017731 1.08480287
v -0.92301321 2.83738303 1.08600950
v -0.95687318 3.03291249 1.09827638
v -0.96161669 2.93150401 1.09039736
v -0.86801070 3.06800485 1.09783244
v -0.86832666 3.07014155 1.06290174
v 0.30154732 3.27042484 1.09963500
v 0.30123135 3.27256155 1.06470442
v -0.94761032 3.05034518 1.09833646
v -0.28299591 3.16784239 1.09990597
v -0.92612708 3.05218387 1.09916151
v -0.94794184 3.05258727 1.06168389
v -0.41280204 3.14772487 1.06226873
v -0.92647493 3.05453634 1.06070209
v -0.97233123 3.04434848 1.07617545
v -0.95760077 3.04548144 1.06073189
v -0.97891581 3.03643465 1.06266415
v -0.95725834 3.04316545 1.09858942
v -0.97861469 3.03439832 1.09595335
v 0.38245016 3.28054380 1.10038638
v 0.36159611 3.27505517 1.10114622
v 0.38211867 3.28278589 1.06373382
v 0.36124825 3.27740765 1.06268668
v 0.40781474 3.28321576 1.07830250
v 0.39360669 3.27934003 1.06281424
v 0.41671643 3.27798200 1.06481516
v 0.39394915 3.27702427 1.10067177
v 0.41701755 3.27594566 1.09810424
v -0.82755965 2.83441401 1.08317780
v -0.82787561 2.83655095 1.04824722
v 0.34199843 3.03683400 1.08498037
v 0.34168246 3.03897071 1.05004978
v -0.90844691 2.82418966 1.08414841
v -0.24299370 2.93684340 1.08541393
v -0.88757658 2.82956791 1.08519554
v -0.90877843 2.82643199 1.04749584
v -0.37279981 2.91672587 1.04777670
v -0.88792443 2.83192062 1.04673600
v -0.93420833 2.82420135 1.06236422
v -0.92027748 2.82995129 1.04721045
v -0.94334573 2.83102989 1.04977798
v -0.91993493 2.82763577 1.08506787
v -0.94304466 2.82899356 1.08306706
v 0.42161357 3.05438852 1.08619833
v 0.40014666 3.05243921 1.08718014
v 0.42128205 3.05663061 1.04954576
v 0.39979878 3.05479193 1.04872060
v 0.44593772 3.06306839 1.06449139
v 0.43093008 3.06381011 1.04929280
v 0.45228648 3.07257724 1.05192888
v 0.43127251 3.06149435 1.08715034
v 0.45258760 3.07054090 1.08521807
v 0.36757937 3.06059742 1.08860838
v -0.85964972 2.84819627 1.08671701
v 0.33368090 3.25634956 1.10088921
v -0.89354819 3.04394841 1.09899771
v 0.39466873 3.16610932 1.09459627
v -0.92064160 2.93846345 1.09256911
v 0.36722001 3.06302714 1.04888451
v -0.86000913 2.85062599 1.04699302
v 0.33332151 3.25877953 1.06116521
v -0.89390755 3.04637837 1.05927372
v 0.39431337 3.16851234 1.05531311
v -0.92099696 2.94086647 1.05328596
v 0.43538502 3.02652884 0.94461340
v -0.86633295 2.83436799 0.91783327
v 0.42933965 3.05088472 1.06370091
v -0.87237835 2.85872364 1.03692079
v -0.21816774 2.93182898 1.05225754
v -0.21240644 2.90861750 0.93876630
v -0.08918299 2.98980761 1.04694760
v -0.08342168 2.96659636 0.93345630
v -0.90357453 2.85664058 0.97357535
v -0.89836830 2.82030082 0.98127186
v 0.46233130 3.05827713 1.00167608
v 0.46753749 3.02193737 1.00937247
v -0.21545646 2.93047166 0.93020558
v 0.40475518 3.00020123 0.94875455
v 0.39957502 3.03635955 0.94109654
v 0.46191123 3.04528403 0.94534254
v 0.46684802 3.01082516 0.95264065
v -0.82959694 2.81798482 0.92336029
v -0.83477712 2.85414290 0.91570234
v -0.89715242 2.84465766 0.91738260
v -0.89221567 2.81019855 0.92468077
v -0.22160040 2.95522428 1.05123472
v 0.39874008 3.02443504 1.06724548
v 0.39355990 3.06059313 1.05958748
v 0.45617867 3.06837940 1.05826712
v 0.46111542 3.03392029 1.06556523
v -0.83561206 2.84221840 1.04185128
v -0.84079224 2.87837672 1.03419328
v -0.90288502 2.86775279 1.03030729
v -0.89794821 2.83329391 1.03760529
v -0.21524256 2.91991234 0.99557769
v -0.86564147 2.83572292 1.03597736
v 0.42957675 3.02692437 1.06262386
v -0.86017829 2.81371307 0.92835951
v 0.43503991 3.00491452 0.95500588
v -0.08415487 2.97883654 0.99018121
v -0.87107694 2.87366343 1.02794194
v 0.42414129 3.06486487 1.05458832
v -0.86561382 2.85165358 0.92032403
v 0.42960450 3.04285502 0.94697046
v -0.91261584 2.84038615 0.97644073
v 0.47555906 3.04531002 1.00499964
v 0.39422727 3.02008128 0.94307357
v 0.42591634 3.00441360 0.94856852
v 0.42106426 3.03828120 0.94139564
v 0.45180231 3.04226398 0.94341129
v 0.45642638 3.00998759 0.95024717
v -0.82503986 2.84009171 0.91798967
v -0.85104740 2.81590652 0.92229772
v -0.85589957 2.84977460 0.91512477
v -0.88653296 2.84469748 0.91587782
v -0.88190889 2.81242132 0.92271364
v 0.38810712 3.04473829 1.06363404
v 0.41986251 3.02880335 1.06782317
v 0.41501039 3.06267142 1.06065011
v 0.44587186 3.06615663 1.06023419
v 0.45049593 3.03388047 1.06707001
v -0.83116001 2.86474872 1.03855014
v -0.85710126 2.84029651 1.04155231
v -0.86195338 2.87416434 1.03437924
v -0.89246339 2.86859035 1.03270078
v -0.88783932 2.83631372 1.03953660
v 0.35978404 3.01785517 1.06566989
v -0.79638541 2.84718037 1.04188418
v -0.21795149 2.93085790 1.04871321
v -0.82469928 2.84203577 1.03870475
v 0.38848102 3.02112699 1.06366348
v 0.36570740 2.99399137 0.94898611
v -0.79046202 2.82331634 0.92520034
v -0.21255513 2.90911674 0.94241053
v -0.81904751 2.81926608 0.92737174
v 0.39413276 2.99835706 0.95233035
v 0.35442498 3.05526161 1.05774760
v -0.80174440 2.88458657 1.03396177
v -0.08737142 2.98955393 1.04333758
v -0.83016986 2.88022065 1.03061748
v 0.38301048 3.05931187 1.05557609
v 0.36034837 3.03139758 0.94106376
v -0.79582101 2.86072254 0.91727799
v -0.08197505 2.96781278 0.93703485
v -0.82451802 2.85745096 0.91928446
v 0.38866222 3.03654218 0.94424313
v -0.90179789 2.84533739 0.92074281
v -0.90716738 2.86696982 1.02651489
v -0.89321882 2.86937666 1.02413511
v -0.88810170 2.84876108 0.92333353
v -0.91185647 2.85424280 0.97364533
v -0.89669073 2.80968881 0.92829293
v -0.90206027 2.83132124 1.03406501
v -0.88786620 2.83201480 1.03204799
v -0.88274908 2.81139922 0.93124646
v -0.90698016 2.82020497 0.98085427
v 0.46602321 3.04725671 0.94888288
v 0.46065372 3.06888914 1.05465496
v 0.44671205 3.06717873 1.05170143
v 0.45182920 3.04656291 0.95089984
v 0.47094312 3.05837297 1.00209355
v 0.47113037 3.01160812 0.95643300
v 0.46576089 3.03324032 1.06220508
v 0.45206466 3.02981687 1.05961442
v 0.45718178 3.00920105 0.95881277
v 0.47581944 3.02433515 1.00930262
v 0.36620963 2.99545598 0.94675928
v 0.36135203 3.02936244 0.93957818
v -0.79127586 2.82458687 0.92294639
v -0.79613346 2.85849333 0.91576529
v 0.44565493 3.00673676 0.95048684
v -0.21239275 2.90894127 0.93577868
v 0.42478406 3.00295377 0.95115393
v 0.44055787 3.04231453 0.94295174
v -0.08946789 2.96419621 0.93071818
v 0.41943574 3.04028535 0.94324738
v 0.46731025 3.03200293 0.94803619
v 0.45079935 3.04500437 0.94578207
v 0.47296768 3.04656625 0.94931376
v 0.45606393 3.00825667 0.95356488
v 0.47759694 3.01425290 0.95615751
v -0.87067634 2.81241846 0.92340612
v -0.84964687 2.81482077 0.92493516
v -0.87577337 2.84799647 0.91587096
v -0.85499513 2.85215259 0.91702861
v -0.89858931 2.83036733 0.91993564
v -0.88646036 2.84759665 0.91827071
v -0.90825850 2.84266806 0.92089796
v -0.88119578 2.81084895 0.92605358
v -0.90362924 2.81035495 0.92774159
v 0.36009642 3.02008462 1.06718254
v 0.35523883 3.05399108 1.06000149
v -0.79738903 2.84921551 1.04336977
v -0.80224663 2.88312197 1.03618860
v 0.43973634 3.03058147 1.06707692
v -0.21843809 2.93329668 1.05486572
v 0.41895813 3.02642536 1.06591928
v 0.43463928 3.06615949 1.05954170
v -0.09551325 2.98855162 1.04980516
v 0.41360983 3.06375718 1.05801272
v 0.46154892 3.05521441 1.06152892
v 0.44515875 3.06772900 1.05689430
v 0.46759221 3.06822300 1.05520630
v 0.45042336 3.03098130 1.06467724
v 0.47222143 3.03590989 1.06204987
v -0.87659490 2.83626342 1.03999615
v -0.85547280 2.83829236 1.03970051
v -0.88169193 2.87184119 1.03246105
v -0.86082107 2.87562418 1.03179395
v -0.90435058 2.85357881 1.03342831
v -0.89210099 2.87032127 1.02938294
v -0.91363400 2.86432505 1.02679038
v -0.88683641 2.83357358 1.03716588
v -0.90900475 2.83201170 1.03363407
v -0.82509851 2.84068155 1.03352189
v 0.38946271 3.01997638 1.05850887
v -0.81997555 2.82004213 0.93260556
v 0.39458570 2.99933696 0.95759261
v -0.86615366 2.82414150 0.98212171
v 0.43557945 3.01630473 1.00890207
v -0.83062267 2.87924075 1.02535534
v 0.38393852 3.05853581 1.05034232
v -0.82549977 2.85860157 0.92443901
v 0.38906148 3.03789639 0.94942605
v -0.87161648 2.86227298 0.97404575
v 0.43011662 3.05443645 1.00082612
v 0.39168814 3.30212903 1.10681593
v -0.90958846 3.07809925 1.08739042
v 0.39010000 3.30011010 1.23649383
v -0.91117656 3.07608008 1.21706843
v -0.25657356 3.16535664 1.22342741
v -0.25505996 3.16728091 1.09984350
v -0.12885624 3.22727847 1.22595572
v -0.12734266 3.22920275 1.10237181
v -0.94506574 3.08665180 1.15195358
v -0.93869507 3.04969144 1.15145612
v 0.42037684 3.32172871 1.17233682
v 0.42674753 3.28476834 1.17183936
v -0.25897604 3.19035602 1.09604919
v 0.36176720 3.27454472 1.10634494
v 0.35542837 3.31132054 1.10683990
v 0.41787478 3.32114100 1.11078954
v 0.42391568 3.28609324 1.11031771
v -0.87216645 3.06210876 1.08792472
v -0.87850529 3.09888458 1.08841968
v -0.94072795 3.08724165 1.09050834
v -0.93468708 3.05219388 1.09003663
v -0.26059014 3.18830395 1.22784114
v 0.36018696 3.27253580 1.23537314
v 0.35384816 3.30931139 1.23586822
v 0.41636884 3.31922626 1.23375630
v 0.42240968 3.28417873 1.23328459
v -0.87374663 3.06009960 1.21695304
v -0.88008553 3.09687567 1.21744800
v -0.94223398 3.08532691 1.21347511
v -0.93619311 3.05027938 1.21300340
v -0.25576228 3.16600251 1.16163123
v -0.90394062 3.05404782 1.21056676
v 0.39083835 3.27695894 1.22989511
v -0.90250540 3.05587244 1.09337842
v 0.39227352 3.27878380 1.11270678
v -0.12596269 3.22893381 1.16420078
v -0.91059178 3.09263635 1.21108615
v 0.38418713 3.31554770 1.23041451
v -0.90915656 3.09446120 1.09389782
v 0.38562232 3.31737232 1.11322618
v -0.95363516 3.06987524 1.15158737
v 0.43406904 3.30878472 1.17230296
v 0.35052362 3.29483151 1.10539579
v 0.38287005 3.27938271 1.10626268
v 0.37693271 3.31382918 1.10672641
v 0.40773144 3.31828022 1.10849738
v 0.41338977 3.28545260 1.10805559
v -0.86833000 3.08499169 1.08720088
v -0.89366043 3.05961299 1.08720684
v -0.89959782 3.09405971 1.08767033
v -0.93015003 3.08794856 1.08852553
v -0.92449170 3.05512071 1.08808374
v 0.34891573 3.29278755 1.23667765
v 0.38127959 3.27736068 1.23612249
v 0.37534225 3.31180716 1.23658609
v 0.40617347 3.31629968 1.23570919
v 0.41183180 3.28347182 1.23526740
v -0.86993790 3.08294749 1.21848261
v -0.89525104 3.05759096 1.21706653
v -0.90118831 3.09203744 1.21753013
v -0.93170804 3.08596754 1.21573734
v -0.92604971 3.05313993 1.21529555
v 0.32123023 3.26518846 1.23379731
v -0.83454704 3.06620789 1.21654391
v -0.25648427 3.16517758 1.21951032
v -0.86293894 3.06095123 1.21319985
v 0.34982991 3.26974368 1.23130405
v 0.32278633 3.26716709 1.10673690
v -0.83299094 3.06818628 1.08948350
v -0.25506657 3.16698003 1.10375416
v -0.86145407 3.06283903 1.09196615
v 0.35131475 3.27163124 1.11007023
v 0.31467262 3.30323386 1.23430932
v -0.84110463 3.10425329 1.21705604
v -0.12718734 3.22786522 1.22206998
v -0.86963302 3.09978890 1.21372259
v 0.34313577 3.30858111 1.23182678
v 0.31622872 3.30521250 1.10724902
v -0.83954853 3.10623193 1.08999562
v -0.12576962 3.22966766 1.10631371
v -0.86814821 3.10167646 1.09248888
v 0.34462065 3.31046891 1.11059308
v -0.94525713 3.08703232 1.09434533
v -0.94666779 3.08523893 1.20952368
v -0.93284446 3.08855224 1.20703721
v -0.93150014 3.09026146 1.09727156
v -0.95330799 3.08402753 1.15181172
v -0.93900770 3.05077457 1.09385741
v -0.94041836 3.04898119 1.20903563
v -0.92629468 3.05055237 1.20652568
v -0.92495036 3.05226135 1.09676003
v -0.94734091 3.04940820 1.15134573
v 0.42210013 3.32243896 1.11475730
v 0.42068946 3.32064557 1.22993553
v 0.40663210 3.31915879 1.22703290
v 0.40797642 3.32086802 1.11726713
v 0.42902273 3.32201195 1.17244709
v 0.42834955 3.28618121 1.11426926
v 0.42693889 3.28438783 1.22944760
v 0.41318187 3.28115869 1.22652137
v 0.41452616 3.28286791 1.11675572
v 0.43498978 3.28739262 1.17198110
v 0.32316235 3.26909161 1.10473478
v 0.31721833 3.30357766 1.10519886
v -0.83393061 3.06988454 1.08746171
v -0.83987463 3.10437036 1.08792579
v 0.40267920 3.28187823 1.10799551
v -0.25517967 3.16823912 1.09680915
v 0.38187781 3.27736521 1.10866439
v 0.39644215 3.31806397 1.10848260
v -0.13346277 3.22725201 1.09921861
v 0.37533331 3.31533480 1.10917544
v 0.42370197 3.30777192 1.11034334
v 0.40676388 3.32041335 1.11162925
v 0.42909342 3.32189727 1.11476898
v 0.41320604 3.28303766 1.11112618
v 0.43475819 3.28903198 1.11432660
v -0.91320544 3.05533314 1.08835208
v -0.89212102 3.05803132 1.08964610
v -0.91944253 3.09151888 1.08883917
v -0.89866549 3.09600091 1.09015727
v -0.94173455 3.07269621 1.08996010
v -0.93004251 3.09026623 1.09167337
v -0.95166421 3.08418345 1.09415698
v -0.92360038 3.05289102 1.09117031
v -0.94599944 3.05131865 1.09371459
v 0.32155633 3.26704979 1.23586702
v 0.31561235 3.30153561 1.23633122
v -0.83553660 3.06784272 1.21859407
v -0.84148061 3.10232854 1.21905816
v 0.40112430 3.27990150 1.23495376
v -0.25676787 3.16622019 1.22648633
v 0.38034719 3.27541924 1.23363566
v 0.39488724 3.31608701 1.23544085
v -0.13505097 3.22523284 1.22889590
v 0.37380272 3.31338882 1.23414671
v 0.42218840 3.30584764 1.23392868
v 0.40528205 3.31852913 1.23262262
v 0.42768124 3.32010174 1.23007822
v 0.41172418 3.28115392 1.23211944
v 0.43334600 3.28723669 1.22963583
v -0.91476041 3.05335641 1.21531034
v -0.89365155 3.05608559 1.21461749
v -0.92099738 3.08954215 1.21579731
v -0.90019602 3.09405518 1.21512854
v -0.94324803 3.07077193 1.21354544
v -0.93152434 3.08838248 1.21266675
v -0.95307648 3.08238816 1.20946634
v -0.92508221 3.05100703 1.21216369
v -0.94741166 3.04952288 1.20902395
v -0.86352682 3.06073046 1.20751548
v 0.35062245 3.26976061 1.22564018
v -0.86218101 3.06244159 1.09762478
v 0.35196826 3.27147174 1.11574960
v -0.90646267 3.05430245 1.15192270
v 0.39482909 3.27833509 1.17134833
v -0.87028658 3.09994841 1.20804334
v 0.34386268 3.30897856 1.22616816
v -0.86894077 3.10165954 1.09815264
v 0.34520850 3.31068969 1.11627746
v -0.91314733 3.09308505 1.15244460
v 0.38814443 3.31711793 1.17187023
v 0.54085886 2.58132625 0.68492061
v -0.71841300 2.35777116 0.66781980
v 0.53203291 2.62913418 0.70985848
v -0.72723883 2.40557909 0.69275773
v -0.09582140 2.50579262 0.72129476
v -0.08741031 2.46023154 0.69752872
v 0.03156293 2.54665303 0.68804526
v 0.03997403 2.50109172 0.66427922
v -0.75491542 2.38307571 0.66624671
v -0.75236201 2.36614037 0.69961697
v 0.56645113 2.61765409 0.68419075
v 0.56900454 2.60071874 0.71756101
v -0.08872069 2.46926236 0.67596340
v 0.50975698 2.56568050 0.70420706
v 0.50721633 2.58253121 0.67100346
v 0.56739229 2.59396148 0.67318565
v 0.56981349 2.57790256 0.70482892
v -0.68434578 2.35369492 0.68799132
v -0.68688637 2.37054563 0.65478766
v -0.74735522 2.36055827 0.65533149
v -0.74493408 2.34449911 0.68697476
v -0.09769043 2.51784968 0.70130789
v 0.50097537 2.61324883 0.72902012
v 0.49843472 2.63009977 0.69581646
v 0.55902314 2.63929534 0.69683295
v 0.56144434 2.62323642 0.72847629
v -0.69312739 2.40126324 0.71280432
v -0.69566804 2.41811419 0.67960066
v -0.75572443 2.40589190 0.67897886
v -0.75330317 2.38983297 0.71062213
v -0.09159401 2.48286724 0.70969719
v -0.72210246 2.39343882 0.71208441
v 0.53088158 2.61587739 0.72909981
v -0.71412665 2.35023546 0.68954831
v 0.53885734 2.57267427 0.70656365
v 0.03786716 2.52439380 0.67590553
v -0.72476816 2.41112041 0.67724407
v 0.52821577 2.63355923 0.69425941
v -0.71679246 2.36791706 0.65470791
v 0.53619152 2.59035563 0.67172331
v -0.76466036 2.37435460 0.67951727
v 0.57824922 2.61275721 0.69775391
v 0.50104713 2.57385206 0.68441886
v 0.53031582 2.56971979 0.70335549
v 0.52793610 2.58550358 0.67225492
v 0.55758727 2.59089065 0.67364335
v 0.55985516 2.57584858 0.70328248
v -0.67846245 2.36445713 0.66840130
v -0.70500892 2.35041618 0.68657988
v -0.70738858 2.36619997 0.65547937
v -0.73710799 2.36104703 0.65606159
v -0.73484010 2.34600520 0.68570060
v 0.49211216 2.62225103 0.70966530
v 0.52147758 2.61759472 0.72832841
v 0.51909792 2.63337827 0.69722784
v 0.54892915 2.63778925 0.69810712
v 0.55119705 2.62274742 0.72774619
v -0.68739742 2.41285634 0.69364768
v -0.71384710 2.39829111 0.71155280
v -0.71622676 2.41407466 0.68045229
v -0.74576598 2.40794587 0.68052530
v -0.74349815 2.39290380 0.71016437
v 0.46326941 2.60588169 0.72889042
v -0.65519977 2.40732288 0.71370178
v -0.09553845 2.50423980 0.72075862
v -0.68255007 2.40117216 0.71312451
v 0.49107096 2.60952163 0.72906220
v 0.47191703 2.55903888 0.70445585
v -0.64655215 2.36048007 0.68926722
v -0.08766012 2.46156430 0.69849795
v -0.67429894 2.35647726 0.68981045
v 0.49932206 2.56482697 0.70574808
v 0.46064112 2.62331438 0.69454056
v -0.65782803 2.42475557 0.67935193
v 0.03342140 2.54560542 0.68709791
v -0.68523306 2.41896749 0.67805970
v 0.48838794 2.62731719 0.69399732
v 0.46928880 2.57647157 0.67010599
v -0.64918035 2.37791276 0.65491736
v 0.04129974 2.50293016 0.66483724
v -0.67698199 2.37427306 0.65474558
v 0.49663901 2.58262229 0.67068326
v -0.75189817 2.36151910 0.65547669
v -0.75973719 2.40398145 0.67762625
v -0.74612278 2.40577793 0.67650235
v -0.73865205 2.36531091 0.65539366
v -0.76300609 2.38108873 0.66719258
v -0.74939334 2.34490585 0.68821234
v -0.75723243 2.38736796 0.71036196
v -0.74349755 2.38836598 0.71081132
v -0.73602688 2.34789920 0.68970263
v -0.76061440 2.36522603 0.69844919
v 0.57132137 2.59642673 0.67344582
v 0.56348234 2.63888884 0.69559544
v 0.55011588 2.63589549 0.69410515
v 0.55758661 2.59542871 0.67299640
v 0.57470351 2.61856866 0.68535852
v 0.57382619 2.57981324 0.70618147
v 0.56598711 2.62227535 0.72833109
v 0.55274105 2.61848354 0.72841412
v 0.56021172 2.57801652 0.70730543
v 0.57709515 2.60270572 0.71661514
v 0.47256932 2.55921698 0.70246601
v 0.47018692 2.57501841 0.67133003
v -0.64717305 2.36043215 0.68726003
v -0.64955544 2.37623358 0.65612411
v 0.54931903 2.57323670 0.70467818
v -0.08726589 2.45952559 0.69612026
v 0.52904606 2.56959629 0.70539933
v 0.54681927 2.58981729 0.67200738
v 0.03413371 2.49846625 0.66443294
v 0.52642292 2.58699417 0.67111790
v 0.57168436 2.58803701 0.68577689
v 0.55669820 2.59298635 0.67218137
v 0.57792693 2.59677625 0.67505270
v 0.55928028 2.57586074 0.70592624
v 0.58019739 2.58171701 0.70472556
v -0.72408944 2.34717202 0.68738544
v -0.70382851 2.35072756 0.68865699
v -0.72658920 2.36375260 0.65471464
v -0.70645154 2.36812544 0.65437561
v -0.74967629 2.35345960 0.66783297
v -0.73695654 2.36332750 0.65461367
v -0.75826037 2.35956669 0.65690744
v -0.73437440 2.34620190 0.68835855
v -0.75598997 2.34450769 0.68658018
v 0.46364453 2.60756087 0.72768366
v 0.46126211 2.62336254 0.69654769
v -0.65609783 2.40877604 0.71247768
v -0.65848023 2.42457771 0.68134177
v 0.54067832 2.62004185 0.72909313
v -0.09609170 2.50733328 0.72105813
v 0.52054048 2.61566901 0.72943217
v 0.53817844 2.63662243 0.69642234
v 0.02530791 2.54627395 0.68937075
v 0.51791745 2.63306689 0.69515073
v 0.56327307 2.63359880 0.70954323
v 0.54846340 2.63759255 0.69544917
v 0.57007909 2.63928676 0.69722754
v 0.55104554 2.62046695 0.72919410
v 0.57234949 2.62422776 0.72690028
v -0.73273015 2.39397717 0.71180034
v -0.71233392 2.39680028 0.71268988
v -0.73523003 2.41055775 0.67912960
v -0.71495706 2.41419840 0.67840844
v -0.75808752 2.39902163 0.69159925
v -0.74519128 2.40793371 0.67788148
v -0.76610827 2.40207744 0.67908221
v -0.74260926 2.39080811 0.71162635
v -0.76383781 2.38701820 0.70875508
v -0.68281883 2.39887547 0.71219659
v 0.49213809 2.60746217 0.72815239
v -0.67533970 2.35836244 0.69106394
v 0.49961725 2.56694913 0.70701969
v -0.72125912 2.37123322 0.70086122
v 0.53802747 2.59479094 0.71796215
v -0.68552816 2.41684532 0.67678803
v 0.48942876 2.62543225 0.69274384
v -0.67804903 2.37633228 0.65565538
v 0.49690795 2.58491921 0.67161113
v -0.72393835 2.38900375 0.66584557
v 0.53534824 2.61256123 0.68294656
v 0.37702695 3.30480933 1.23566604
v -0.90854967 3.08766174 1.22132123
v 0.34104306 3.51592541 1.26471412
v -0.94453347 3.29877758 1.25036931
v -0.30063063 3.39928412 1.27977192
v -0.26633772 3.19808936 1.25208879
v -0.16830817 3.42700028 1.24225473
v -0.13401523 3.22580504 1.21457171
v -0.95841569 3.18992257 1.22032189
v -0.95797914 3.18488312 1.25748801
v 0.39055279 3.41777802 1.23537397
v 0.39098927 3.41273880 1.27254009
v -0.26547059 3.19454527 1.22803009
v 0.34392887 3.29674935 1.25727117
v 0.34349459 3.30176353 1.22029066
v 0.40424618 3.31698179 1.22252560
v 0.40466014 3.31220317 1.25776827
v -0.87511724 3.09083915 1.24366879
v -0.87555158 3.09585357 1.20668817
v -0.93796486 3.09026766 1.20754886
v -0.93755090 3.08548927 1.24279153
v -0.30204120 3.40910339 1.25755179
v 0.30812517 3.50680780 1.28617382
v 0.30769089 3.51182222 1.24919319
v 0.37012458 3.51717210 1.25007045
v 0.37053853 3.51239371 1.28531313
v -0.91092092 3.30089784 1.27257133
v -0.91135520 3.30591202 1.23559082
v -0.97208649 3.29045820 1.23509371
v -0.97167253 3.28567958 1.27033639
v -0.28348041 3.29864359 1.26624823
v -0.93932319 3.28605962 1.27182126
v 0.33983433 3.50212336 1.28609443
v -0.90680504 3.09527683 1.24557090
v 0.37235248 3.31134033 1.25984406
v -0.14900064 3.32681155 1.22811937
v -0.93977886 3.29132104 1.23301792
v 0.33937863 3.50738454 1.24729109
v -0.90726072 3.10053802 1.20676756
v 0.37189680 3.31660175 1.22104061
v -0.96923673 3.18603921 1.23514223
v 0.40172479 3.41760921 1.25043976
v 0.33653793 3.29659748 1.23524821
v 0.36507213 3.29978561 1.25624168
v 0.36466524 3.30448222 1.22160339
v 0.39461270 3.31164622 1.22305202
v 0.39500040 3.30717015 1.25606251
v -0.86761022 3.09320378 1.22181201
v -0.89605719 3.08676720 1.24216962
v -0.89646405 3.09146380 1.20753145
v -0.92712712 3.08838987 1.20830369
v -0.92673939 3.08391404 1.24131417
v 0.30010888 3.51032448 1.26465571
v 0.32903767 3.51119757 1.28533053
v 0.32863083 3.51589417 1.25069237
v 0.35931304 3.51874733 1.25154781
v 0.35970074 3.51427150 1.28455830
v -0.90403926 3.30693078 1.25121951
v -0.93209159 3.29817915 1.27125859
v -0.93249851 3.30287576 1.23662031
v -0.96242672 3.29549122 1.23679948
v -0.96203905 3.29101515 1.26980996
v 0.26979911 3.49859834 1.28616095
v -0.87203372 3.30573034 1.27341998
v -0.29954168 3.39287972 1.27913642
v -0.89937258 3.29617834 1.27285147
v 0.29876411 3.49855661 1.28622055
v 0.30505669 3.29174376 1.25769901
v -0.83677620 3.09887576 1.24495816
v -0.26742092 3.20442843 1.25320673
v -0.86573178 3.09880948 1.24569488
v 0.33240491 3.30118775 1.25906396
v 0.26934978 3.50378561 1.24790382
v -0.87248307 3.31091762 1.23516285
v -0.16558267 3.42093849 1.24115515
v -0.89983124 3.30147362 1.23379803
v 0.29830542 3.50385189 1.24716711
v 0.30460739 3.29693103 1.21944201
v -0.83722550 3.10406303 1.20670104
v -0.13346186 3.23248720 1.21522546
v -0.86619043 3.10410476 1.20664144
v 0.33194622 3.30648303 1.22001052
v -0.94337708 3.09595966 1.20776463
v -0.97533756 3.28347015 1.23356485
v -0.96082467 3.28150964 1.23223615
v -0.93036610 3.10281062 1.20764828
v -0.96674389 3.18835402 1.22140586
v -0.94294882 3.09101605 1.24422395
v -0.97490931 3.27852654 1.27002406
v -0.96037596 3.27632833 1.27044773
v -0.92991734 3.09762955 1.24585998
v -0.96633512 3.18363380 1.25621784
v 0.40748298 3.32413483 1.22283781
v 0.37552246 3.51164532 1.24863803
v 0.36249104 3.50503182 1.24700201
v 0.39294961 3.32633305 1.22241426
v 0.39890882 3.41902757 1.23664415
v 0.40791124 3.31919122 1.25929713
v 0.37595072 3.50670171 1.28509736
v 0.36293977 3.49985075 1.28521371
v 0.39339837 3.32115173 1.26062584
v 0.39931759 3.41430736 1.27145612
v 0.30625048 3.28878140 1.25546050
v 0.30584323 3.29348350 1.22078288
v -0.83688205 3.09569407 1.24270511
v -0.83728921 3.10039592 1.20802748
v 0.38411933 3.30531240 1.25765800
v -0.26550302 3.19325352 1.25049019
v 0.36316389 3.30331326 1.25854659
v 0.38369200 3.31024599 1.22127092
v -0.13939734 3.21966720 1.21473575
v 0.36271551 3.30849028 1.22036576
v 0.40787265 3.31514478 1.23653376
v 0.39319199 3.31692839 1.22145617
v 0.41414058 3.32491469 1.22460270
v 0.39363337 3.31183243 1.25903952
v 0.41452873 3.32043362 1.25765073
v -0.91588908 3.08572674 1.24315214
v -0.89546394 3.09071732 1.24450243
v -0.91631645 3.09066057 1.20676506
v -0.89591229 3.09589434 1.20632160
v -0.94108975 3.08729029 1.22148168
v -0.92748564 3.09385157 1.20671964
v -0.94995832 3.09450364 1.20938170
v -0.92704427 3.08875561 1.24430299
v -0.94957012 3.09002256 1.24242973
v 0.26986295 3.50226545 1.28483450
v 0.26945570 3.50696731 1.25015688
v -0.87326956 3.30917788 1.27207911
v -0.87367678 3.31387997 1.23740149
v 0.34889013 3.51200080 1.28609693
v -0.30148676 3.40436840 1.27953827
v 0.32848594 3.50676703 1.28654039
v 0.34846279 3.51693463 1.24970984
v -0.17538108 3.43078232 1.24378371
v 0.32803759 3.51194406 1.24835956
v 0.37357938 3.51634216 1.26421714
v 0.35961795 3.51390576 1.24855900
v 0.38214380 3.51263881 1.25043225
v 0.36005929 3.50880980 1.28614235
v 0.38253194 3.50815773 1.28348029
v -0.95111829 3.29241538 1.27159095
v -0.93014175 3.29417109 1.27249622
v -0.95154566 3.29734898 1.23520398
v -0.93059015 3.29934812 1.23431540
v -0.97538304 3.28848767 1.24916506
v -0.96105963 3.29082894 1.23382246
v -0.98195505 3.28222775 1.23521113
v -0.96061832 3.28573298 1.27140582
v -0.98156697 3.27774668 1.26825929
v -0.89847845 3.28680396 1.27176476
v 0.30102202 3.48941255 1.28514910
v -0.86798519 3.10790157 1.24714899
v 0.33151525 3.31051040 1.26053333
v -0.92627996 3.19011164 1.25875783
v 0.35931164 3.40726185 1.27310276
v -0.89894152 3.29215097 1.23232865
v 0.30055892 3.49475980 1.24571300
v -0.86844832 3.11324883 1.20771289
v 0.33105212 3.31585741 1.22109723
v -0.92673796 3.19539952 1.21975923
v 0.35885361 3.41254973 1.23410416
v -0.96801901 3.29389811 1.37899506
v 0.31499785 3.52050781 1.39824641
v -0.96869707 3.30780172 1.26052475
v 0.31431982 3.53441119 1.27977610
v -0.32313880 3.39816809 1.27025735
v -0.32249260 3.38491797 1.38316035
v -0.46252075 3.41324902 1.27282500
v -0.46187457 3.39999890 1.38572788
v 0.34362102 3.54801679 1.34125805
v 0.35016423 3.51133943 1.33691621
v -1.00266147 3.31023288 1.32105756
v -0.99611825 3.27355552 1.31671560
v -0.32654491 3.40731335 1.38961291
v -0.93096542 3.27818108 1.37663770
v -0.93747598 3.31467533 1.38095784
v -0.99879891 3.30328751 1.37716532
v -0.99259424 3.26850820 1.37304819
v 0.28565335 3.49306321 1.39489269
v 0.27914286 3.52955747 1.39921284
v 0.34073991 3.53988028 1.39726472
v 0.34694448 3.50510073 1.39314759
v -0.32723403 3.42144322 1.26921129
v -0.93164015 3.29201484 1.25876093
v -0.93815064 3.32850909 1.26308107
v -0.99944174 3.31647158 1.26482606
v -0.99323720 3.28169203 1.26070893
v 0.28497872 3.50689697 1.27701581
v 0.27846822 3.54339147 1.28133607
v 0.34009701 3.55306435 1.28492546
v 0.34630159 3.51828480 1.28080833
v -0.32275975 3.39122939 1.32667172
v 0.31516594 3.51066065 1.28276777
v -0.96144456 3.28518271 1.26361263
v 0.31577867 3.49809647 1.38982797
v -0.96083176 3.27261829 1.37067270
v -0.46441415 3.40655589 1.32928109
v 0.30833450 3.54895401 1.28730094
v -0.96827602 3.32347608 1.26814580
v 0.30894724 3.53638983 1.39436102
v -0.96766323 3.31091166 1.37520587
v 0.35722640 3.53520846 1.33967698
v -1.01100540 3.29354811 1.31914711
v -0.92734355 3.30077553 1.38031209
v -0.95216918 3.27558327 1.37683916
v -0.95826733 3.30976605 1.38088572
v -0.98837590 3.30376291 1.37912726
v -0.98256433 3.27118635 1.37527096
v 0.27440706 3.51303172 1.39834404
v 0.30644903 3.49788332 1.39572430
v 0.30035087 3.53206635 1.39977086
v 0.33073214 3.53674698 1.39892006
v 0.33654377 3.50417042 1.39506376
v -0.92802995 3.31485105 1.26037657
v -0.95284808 3.28950596 1.25820279
v -0.95894635 3.32368898 1.26224923
v -0.98904097 3.31740189 1.26290989
v -0.98322940 3.28482533 1.25905347
v 0.27372059 3.52710700 1.27840853
v 0.30577010 3.51180625 1.27708793
v 0.29967192 3.54598904 1.28113449
v 0.33006704 3.55038595 1.28270268
v 0.33587870 3.51780963 1.27884638
v -0.89299273 3.29808450 1.26016331
v 0.24656653 3.49935627 1.27726209
v -0.32307586 3.39751053 1.27380490
v 0.27474770 3.50361347 1.28029859
v -0.92100334 3.29241705 1.26235676
v -0.89232844 3.28446174 1.37624240
v 0.24723084 3.48573351 1.39334106
v -0.32247064 3.38509989 1.37955654
v 0.27538154 3.49061537 1.39105451
v -0.92036945 3.27941895 1.37311268
v -0.89972812 3.33583879 1.26463270
v 0.23983118 3.53711057 1.28173137
v -0.46418175 3.41277790 1.27640414
v 0.26787221 3.54215336 1.28486097
v -0.92787880 3.33095694 1.26691914
v -0.89906371 3.32221603 1.38071156
v 0.24049549 3.52348781 1.39781034
v -0.46357647 3.40036702 1.38215590
v 0.26850605 3.52915525 1.39561689
v -0.92724502 3.31795883 1.37767506
v 0.34492826 3.54166031 1.39384282
v 0.34432596 3.55400920 1.28861904
v 0.33044112 3.55215597 1.29098749
v 0.33101511 3.54038739 1.39126658
v 0.35215381 3.54832578 1.34124541
v 0.35134715 3.50568032 1.38958359
v 0.35074481 3.51802921 1.28435969
v 0.33716846 3.51444674 1.28652358
v 0.33774242 3.50267816 1.38680255
v 0.35828263 3.51397133 1.33717871
v -1.00324202 3.30354309 1.37361395
v -1.00384438 3.31589222 1.26839018
v -0.99023968 3.31889415 1.27117109
v -0.98966575 3.30712557 1.37145007
v -1.01077986 3.30760098 1.32079506
v -0.99682319 3.26756310 1.36935461
v -0.99742556 3.27991199 1.26413083
v -0.98351228 3.28118491 1.26670718
v -0.98293835 3.26941633 1.36698616
v -1.00465107 3.27324677 1.31672823
v -0.89328146 3.28589511 1.37830174
v -0.89938658 3.32011700 1.38235283
v 0.24757499 3.48739600 1.39541984
v 0.24146986 3.52161789 1.39947104
v -0.97142369 3.27144909 1.37512052
v -0.32263795 3.38549542 1.38605070
v -0.95062190 3.27431750 1.37441802
v -0.97782975 3.30735779 1.37937140
v -0.45547155 3.39986777 1.38849771
v -0.95734382 3.31199646 1.37887847
v -0.99969441 3.28880429 1.37575722
v -0.98826474 3.30644608 1.37656188
v -1.00954771 3.30068636 1.37337542
v -0.98164803 3.26935673 1.37217128
v -1.00372946 3.26807237 1.36951470
v 0.32599634 3.50060272 1.39458799
v 0.30549994 3.49617696 1.39326572
v 0.31959030 3.53651142 1.39883876
v 0.29877803 3.53385592 1.39772618
v 0.34658211 3.52658701 1.39595759
v 0.32978332 3.53924298 1.39633870
v 0.35183510 3.54113698 1.39380252
v 0.33640003 3.50215364 1.39194822
v 0.35765332 3.50852346 1.38994181
v -0.89396721 3.29995465 1.25850260
v -0.90007228 3.33417630 1.26255381
v 0.24688928 3.50145531 1.27562082
v 0.24078415 3.53567719 1.27967203
v -0.97208750 3.28506088 1.25913489
v -0.32331604 3.39939904 1.26758099
v -0.95127535 3.28771639 1.26024759
v -0.97849369 3.32096958 1.26338577
v -0.45614955 3.41377115 1.27002800
v -0.95799720 3.32539535 1.26470804
v -1.00034070 3.30205441 1.26285291
v -0.98889732 3.31941867 1.26602554
v -1.01015055 3.31304884 1.26803184
v -0.98228061 3.28232932 1.26163495
v -1.00433242 3.28043532 1.26417112
v 0.32533249 3.51421452 1.27860224
v 0.30484653 3.50957584 1.27909517
v 0.31892642 3.55012321 1.28285313
v 0.29812464 3.54725480 1.28355563
v 0.34593591 3.53983736 1.28305328
v 0.32915071 3.55221558 1.28580236
v 0.35123214 3.55349994 1.28845906
v 0.33576745 3.51512623 1.28141189
v 0.35705039 3.52088618 1.28459823
v 0.27549163 3.50293684 1.28546786
v -0.92162061 3.29149985 1.26750553
v 0.27606618 3.49115467 1.38586104
v -0.92104608 3.27971768 1.36789882
v 0.31870022 3.50484943 1.33633459
v -0.96433163 3.27823710 1.31708312
v 0.26854876 3.54185462 1.29007494
v -0.92856354 3.33041763 1.27211261
v 0.26912329 3.53007245 1.39046812
v -0.92798901 3.31863570 1.37250578
v 0.31183439 3.54333520 1.34089053
v -0.97119749 3.31672287 1.32163906
f 1 47 44
f 1 44 43
f 1 43 45
f 1 45 46
f 1 46 47
f 2 49 52
f 6 72 70
f 12 102 99
f 11 96 95
f 8 79 81
f 4 62 59
f 4 59 58
f 4 58 60
f 4 60 61
f 4 61 62
f 5 66 65
f 3 54 57
f 7 73 77
f 9 85 86
f 10 92 88
f 12 101 98
f 6 69 68
f 2 50 48
f 8 82 78
f 11 97 93
f 6 71 69
f 12 100 101
f 11 94 97
f 8 80 82
f 2 51 50
f 10 90 89
f 5 63 64
f 3 55 53
f 7 76 74
f 9 87 84
f 10 91 90
f 5 67 63
f 3 56 55
f 7 75 76
f 9 83 87
f 6 68 72
f 2 48 49
f 8 78 79
f 11 93 96
f 12 98 102
f 10 88 91
f 5 65 67
f 3 57 56
f 7 77 75
f 9 86 83
f 5 64 66
f 3 53 54
f 7 74 73
f 9 84 85
f 10 89 92
f 6 70 71
f 12 99 100
f 11 95 94
f 8 81 80
f 2 52 51
f 35 109 116
f 18 105 108
f 19 111 106
f 40 114 112
f 42 117 115
f 34 125 119
f 33 152 156
f 25 137 139
f 36 158 160
f 20 123 120
f 32 143 149
f 23 127 132
f 24 135 128
f 37 147 145
f 41 150 148
f 34 153 155
f 33 140 133
f 25 138 134
f 36 159 157
f 20 122 124
f 17 107 47
f 14 103 44
f 13 104 43
f 15 110 45
f 16 113 46
f 18 118 49
f 35 154 72
f 42 141 102
f 40 162 96
f 19 121 79
f 30 142 62
f 27 129 59
f 22 130 58
f 28 144 60
f 29 146 61
f 32 151 66
f 23 131 54
f 24 136 73
f 37 161 85
f 41 126 92
f 35 116 101
f 18 108 69
f 19 106 50
f 40 112 82
f 42 115 97
f 34 119 71
f 33 156 100
f 25 139 94
f 36 160 80
f 20 120 51
f 32 149 90
f 23 132 63
f 24 128 55
f 37 145 76
f 41 148 87
f 34 155 91
f 33 133 67
f 25 134 56
f 36 157 75
f 20 124 83
f 14 109 68
f 13 105 48
f 15 111 78
f 16 114 93
f 17 117 98
f 21 125 88
f 31 152 65
f 26 137 57
f 38 158 77
f 39 123 86
f 27 143 64
f 22 127 53
f 28 135 74
f 29 147 84
f 30 150 89
f 31 153 70
f 26 140 99
f 38 138 95
f 39 159 81
f 21 122 52
f 14 107 109
f 13 103 105
f 15 104 111
f 16 110 114
f 17 113 117
f 21 118 125
f 31 154 152
f 26 141 137
f 38 162 158
f 39 121 123
f 27 142 143
f 22 129 127
f 28 130 135
f 29 144 147
f 30 146 150
f 31 151 153
f 26 131 140
f 38 136 138
f 39 161 159
f 21 126 122
f 14 44 107
f 13 43 103
f 15 45 104
f 16 46 110
f 17 47 113
f 21 52 118
f 31 70 154
f 26 99 141
f 38 95 162
f 39 81 121
f 27 59 142
f 22 58 129
f 28 60 130
f 29 61 144
f 30 62 146
f 31 65 151
f 26 57 131
f 38 77 136
f 39 86 161
f 21 88 126
f 17 98 116
f 14 68 108
f 13 48 106
f 15 78 112
f 16 93 115
f 18 69 119
f 35 101 156
f 42 97 139
f 40 82 160
f 19 50 120
f 30 89 149
f 27 64 132
f 22 53 128
f 28 74 145
f 29 84 148
f 32 90 155
f 23 63 133
f 24 55 134
f 37 76 157
f 41 87 124
f 35 72 109
f 18 49 105
f 19 79 111
f 40 96 114
f 42 102 117
f 34 91 125
f 33 67 152
f 25 56 137
f 36 75 158
f 20 83 123
f 32 66 143
f 23 54 127
f 24 73 135
f 37 85 147
f 41 92 150
f 34 71 153
f 33 100 140
f 25 94 138
f 36 80 159
f 20 51 122
f 17 116 107
f 14 108 103
f 13 106 104
f 15 112 110
f 16 115 113
f 18 119 118
f 35 156 154
f 42 139 141
f 40 160 162
f 19 120 121
f 30 149 142
f 27 132 129
f 22 128 130
f 28 145 144
f 29 148 146
f 32 155 151
f 23 133 131
f 24 134 136
f 37 157 161
f 41 124 126
f 107 44 47
f 103 43 44
f 104 45 43
f 110 46 45
f 113 47 46
f 118 52 49
f 154 70 72
f 141 99 102
f 162 95 96
f 121 81 79
f 142 59 62
f 129 58 59
f 130 60 58
f 144 61 60
f 146 62 61
f 151 65 66
f 131 57 54
f 136 77 73
f 161 86 85
f 126 88 92
f 116 98 101
f 108 68 69
f 106 48 50
f 112 78 82
f 115 93 97
f 119 69 71
f 156 101 100
f 139 97 94
f 160 82 80
f 120 50 51
f 149 89 90
f 132 64 63
f 128 53 55
f 145 74 76
f 148 84 87
f 155 90 91
f 133 63 67
f 134 55 56
f 157 76 75
f 124 87 83
f 109 72 68
f 105 49 48
f 111 79 78
f 114 96 93
f 117 102 98
f 125 91 88
f 152 67 65
f 137 56 57
f 158 75 77
f 123 83 86
f 143 66 64
f 127 54 53
f 135 73 74
f 147 85 84
f 150 92 89
f 153 71 70
f 140 100 99
f 138 94 95
f 159 80 81
f 122 51 52
f 107 116 109
f 103 108 105
f 104 106 111
f 110 112 114
f 113 115 117
f 118 119 125
f 154 156 152
f 141 139 137
f 162 160 158
f 121 120 123
f 142 149 143
f 129 132 127
f 130 128 135
f 144 145 147
f 146 148 150
f 151 155 153
f 131 133 140
f 136 134 138
f 161 157 159
f 126 124 122
f 163 209 206
f 163 206 205
f 163 205 207
f 163 207 208
f 163 208 209
f 164 211 214
f 168 234 232
f 174 264 261
f 173 258 257
f 170 241 243
f 166 224 221
f 166 221 220
f 166 220 222
f 166 222 223
f 166 223 224
f 167 228 227
f 165 216 219
f 169 235 239
f 171 247 248
f 172 254 250
f 174 263 260
f 168 231 230
f 164 212 210
f 170 244 240
f 173 259 255
f 168 233 231
f 174 262 263
f 173 256 259
f 170 242 244
f 164 213 212
f 172 252 251
f 167 225 226
f 165 217 215
f 169 238 236
f 171 249 246
f 172 253 252
f 167 229 225
f 165 218 217
f 169 237 238
f 171 245 249
f 168 230 234
f 164 210 211
f 170 240 241
f 173 255 258
f 174 260 264
f 172 250 253
f 167 227 229
f 165 219 218
f 169 239 237
f 171 248 245
f 167 226 228
f 165 215 216
f 169 236 235
f 171 246 247
f 172 251 254
f 168 232 233
f 174 261 262
f 173 257 256
f 170 243 242
f 164 214 213
f 197 271 278
f 180 267 270
f 181 273 268
f 202 276 274
f 204 279 277
f 196 287 281
f 195 314 318
f 187 299 301
f 198 320 322
f 182 285 282
f 194 305 311
f 185 289 294
f 186 297 290
f 199 309 307
f 203 312 310
f 196 315 317
f 195 302 295
f 187 300 296
f 198 321 319
f 182 284 286
f 179 269 209
f 176 265 206
f 175 266 205
f 177 272 207
f 178 275 208
f 180 280 211
f 197 316 234
f 204 303 264
f 202 324 258
f 181 283 241
f 192 304 224
f 189 291 221
f 184 292 220
f 190 306 222
f 191 308 223
f 194 313 228
f 185 293 216
f 186 298 235
f 199 323 247
f 203 288 254
f 197 278 263
f 180 270 231
f 181 268 212
f 202 274 244
f 204 277 259
f 196 281 233
f 195 318 262
f 187 301 256
f 198 322 242
f 182 282 213
f 194 311 252
f 185 294 225
f 186 290 217
f 199 307 238
f 203 310 249
f 196 317 253
f 195 295 229
f 187 296 218
f 198 319 237
f 182 286 245
f 176 271 230
f 175 267 210
f 177 273 240
f 178 276 255
f 179 279 260
f 183 287 250
f 193 314 227
f 188 299 219
f 200 320 239
f 201 285 248
f 189 305 226
f 184 289 215
f 190 297 236
f 191 309 246
f 192 312 251
f 193 315 232
f 188 302 261
f 200 300 257
f 201 321 243
f 183 284 214
f 176 269 271
f 175 265 267
f 177 266 273
f 178 272 276
f 179 275 279
f 183 280 287
f 193 316 314
f 188 303 299
f 200 324 320
f 201 283 285
f 189 304 305
f 184 291 289
f 190 292 297
f 191 306 309
f 192 308 312
f 193 313 315
f 188 293 302
f 200 298 300
f 201 323 321
f 183 288 284
f 176 206 269
f 175 205 265
f 177 207 266
f 178 208 272
f 179 209 275
f 183 214 280
f 193 232 316
f 188 261 303
f 200 257 324
f 201 243 283
f 189 221 304
f 184 220 291
f 190 222 292
f 191 223 306
f 192 224 308
f 193 227 313
f 188 219 293
f 200 239 298
f 201 248 323
f 183 250 288
f 179 260 278
f 176 230 270
f 175 210 268
f 177 240 274
f 178 255 277
f 180 231 281
f 197 263 318
f 204 259 301
f 202 244 322
f 181 212 282
f 192 251 311
f 189 226 294
f 184 215 290
f 190 236 307
f 191 246 310
f 194 252 317
f 185 225 295
f 186 217 296
f 199 238 319
f 203 249 286
f 197 234 271
f 180 211 267
f 181 241 273
f 202 258 276
f 204 264 279
f 196 253 287
f 195 229 314
f 187 218 299
f 198 237 320
f 182 245 285
f 194 228 305
f 185 216 289
f 186 235 297
f 199 247 309
f 203 254 312
f 196 233 315
f 195 262 302
f 187 256 300
f 198 242 321
f 182 213 284
f 179 278 269
f 176 270 265
f 175 268 266
f 177 274 272
f 178 277 275
f 180 281 280
f 197 318 316
f 204 301 303
f 202 322 324
f 181 282 283
f 192 311 304
f 189 294 291
f 184 290 292
f 190 307 306
f 191 310 308
f 194 317 313
f 185 295 293
f 186 296 298
f 199 319 323
f 203 286 288
f 269 206 209
f 265 205 206
f 266 207 205
f 272 208 207
f 275 209 208
f 280 214 211
f 316 232 234
f 303 261 264
f 324 257 258
f 283 243 241
f 304 221 224
f 291 220 221
f 292 222 220
f 306 223 222
f 308 224 223
f 313 227 228
f 293 219 216
f 298 239 235
f 323 248 247
f 288 250 254
f 278 260 263
f 270 230 231
f 268 210 212
f 274 240 244
f 277 255 259
f 281 231 233
f 318 263 262
f 301 259 256
f 322 244 242
f 282 212 213
f 311 251 252
f 294 226 225
f 290 215 217
f 307 236 238
f 310 246 249
f 317 252 253
f 295 225 229
f 296 217 218
f 319 238 237
f 286 249 245
f 271 234 230
f 267 211 210
f 273 241 240
f 276 258 255
f 279 264 260
f 287 253 250
f 314 229 227
f 299 218 219
f 320 237 239
f 285 245 248
f 305 228 226
f 289 216 215
f 297 235 236
f 309 247 246
f 312 254 251
f 315 233 232
f 302 262 261
f 300 256 257
f 321 242 243
f 284 213 214
f 269 278 271
f 265 270 267
f 266 268 273
f 272 274 276
f 275 277 279
f 280 281 287
f 316 318 314
f 303 301 299
f 324 322 320
f 283 282 285
f 304 311 305
f 291 294 289
f 292 290 297
f 306 307 309
f 308 310 312
f 313 317 315
f 293 295 302
f 298 296 300
f 323 319 321
f 288 286 284
f 325 371 368
f 325 368 367
f 325 367 369
f 325 369 370
f 325 370 371
f 326 373 376
f 330 396 394
f 336 426 423
f 335 420 419
f 332 403 405
f 328 386 383
f 328 383 382
f 328 382 384
f 328 384 385
f 328 385 386
f 329 390 389
f 327 378 381
f 331 397 401
f 333 409 410
f 334 416 412
f 336 425 422
f 330 393 392
f 326 374 372
f 332 406 402
f 335 421 417
f 330 395 393
f 336 424 425
f 335 418 421
f 332 404 406
f 326 375 374
f 334 414 413
f 329 387 388
f 327 379 377
f 331 400 398
f 333 411 408
f 334 415 414
f 329 391 387
f 327 380 379
f 331 399 400
f 333 407 411
f 330 392 396
f 326 372 373
f 332 402 403
f 335 417 420
f 336 422 426
f 334 412 415
f 329 389 391
f 327 381 380
f 331 401 399
f 333 410 407
f 329 388 390
f 327 377 378
f 331 398 397
f 333 408 409
f 334 413 416
f 330 394 395
f 336 423 424
f 335 419 418
f 332 405 404
f 326 376 375
f 359 433 440
f 342 429 432
f 343 435 430
f 364 438 436
f 366 441 439
f 358 449 443
f 357 476 480
f 349 461 463
f 360 482 484
f 344 447 444
f 356 467 473
f 347 451 456
f 348 459 452
f 361 471 469
f 365 474 472
f 358 477 479
f 357 464 457
f 349 462 458
f 360 483 481
f 344 446 448
f 341 431 371
f 338 427 368
f 337 428 367
f 339 434 369
f 340 437 370
f 342 442 373
f 359 478 396
f 366 465 426
f 364 486 420
f 343 445 403
f 354 466 386
f 351 453 383
f 346 454 382
f 352 468 384
f 353 470 385
f 356 475 390
f 347 455 378
f 348 460 397
f 361 485 409
f 365 450 416
f 359 440 425
f 342 432 393
f 343 430 374
f 364 436 406
f 366 439 421
f 358 443 395
f 357 480 424
f 349 463 418
f 360 484 404
f 344 444 375
f 356 473 414
f 347 456 387
f 348 452 379
f 361 469 400
f 365 472 411
f 358 479 415
f 357 457 391
f 349 458 380
f 360 481 399
f 344 448 407
f 338 433 392
f 337 429 372
f 339 435 402
f 340 438 417
f 341 441 422
f 345 449 412
f 355 476 389
f 350 461 381
f 362 482 401
f 363 447 410
f 351 467 388
f 346 451 377
f 352 459 398
f 353 471 408
f 354 474 413
f 355 477 394
f 350 464 423
f 362 462 419
f 363 483 405
f 345 446 376
f 338 431 433
f 337 427 429
f 339 428 435
f 340 434 438
f 341 437 441
f 345 442 449
f 355 478 476
f 350 465 461
f 362 486 482
f 363 445 447
f 351 466 467
f 346 453 451
f 352 454 459
f 353 468 471
f 354 470 474
f 355 475 477
f 350 455 464
f 362 460 462
f 363 485 483
f 345 450 446
f 338 368 431
f 337 367 427
f 339 369 428
f 340 370 434
f 341 371 437
f 345 376 442
f 355 394 478
f 350 423 465
f 362 419 486
f 363 405 445
f 351 383 466
f 346 382 453
f 352 384 454
f 353 385 468
f 354 386 470
f 355 389 475
f 350 381 455
f 362 401 460
f 363 410 485
f 345 412 450
f 341 422 440
f 338 392 432
f 337 372 430
f 339 402 436
f 340 417 439
f 342 393 443
f 359 425 480
f 366 421 463
f 364 406 484
f 343 374 444
f 354 413 473
f 351 388 456
f 346 377 452
f 352 398 469
f 353 408 472
f 356 414 479
f 347 387 457
f 348 379 458
f 361 400 481
f 365 411 448
f 359 396 433
f 342 373 429
f 343 403 435
f 364 420 438
f 366 426 441
f 358 415 449
f 357 391 476
f 349 380 461
f 360 399 482
f 344 407 447
f 356 390 467
f 347 378 451
f 348 397 459
f 361 409 471
f 365 416 474
f 358 395 477
f 357 424 464
f 349 418 462
f 360 404 483
f 344 375 446
f 341 440 431
f 338 432 427
f 337 430 428
f 339 436 434
f 340 439 437
f 342 443 442
f 359 480 478
f 366 463 465
f 364 484 486
f 343 444 445
f 354 473 466
f 351 456 453
f 346 452 454
f 352 469 468
f 353 472 470
f 356 479 475
f 347 457 455
f 348 458 460
f 361 481 485
f 365 448 450
f 431 368 371
f 427 367 368
f 428 369 367
f 434 370 369
f 437 371 370
f 442 376 373
f 478 394 396
f 465 423 426
f 486 419 420
f 445 405 403
f 466 383 386
f 453 382 383
f 454 384 382
f 468 385 384
f 470 386 385
f 475 389 390
f 455 381 378
f 460 401 397
f 485 410 409
f 450 412 416
f 440 422 425
f 432 392 393
f 430 372 374
f 436 402 406
f 439 417 421
f 443 393 395
f 480 425 424
f 463 421 418
f 484 406 404
f 444 374 375
f 473 413 414
f 456 388 387
f 452 377 379
f 469 398 400
f 472 408 411
f 479 414 415
f 457 387 391
f 458 379 380
f 481 400 399
f 448 411 407
f 433 396 392
f 429 373 372
f 435 403 402
f 438 420 417
f 441 426 422
f 449 415 412
f 476 391 389
f 461 380 381
f 482 399 401
f 447 407 410
f 467 390 388
f 451 378 377
f 459 397 398
f 471 409 408
f 474 416 413
f 477 395 394
f 464 424 423
f 462 418 419
f 483 404 405
f 446 375 376
f 431 440 433
f 427 432 429
f 428 430 435
f 434 436 438
f 437 439 441
f 442 443 449
f 478 480 476
f 465 463 461
f 486 484 482
f 445 444 447
f 466 473 467
f 453 456 451
f 454 452 459
f 468 469 471
f 470 472 474
f 475 479 477
f 455 457 464
f 460 458 462
f 485 481 483
f 450 448 446
f 487 533 530
f 487 530 529
f 487 529 531
f 487 531 532
f 487 532 533
f 488 535 538
f 492 558 556
f 498 588 585
f 497 582 581
f 494 565 567
f 490 548 545
f 490 545 544
f 490 544 546
f 490 546 547
f 490 547 548
f 491 552 551
f 489 540 543
f 493 559 563
f 495 571 572
f 496 578 574
f 498 587 584
f 492 555 554
f 488 536 534
f 494 568 564
f 497 583 579
f 492 557 555
f 498 586 587
f 497 580 583
f 494 566 568
f 488 537 536
f 496 576 575
f 491 549 550
f 489 541 539
f 493 562 560
f 495 573 570
f 496 577 576
f 491 553 549
f 489 542 541
f 493 561 562
f 495 569 573
f 492 554 558
f 488 534 535
f 494 564 565
f 497 579 582
f 498 584 588
f 496 574 577
f 491 551 553
f 489 543 542
f 493 563 561
f 495 572 569
f 491 550 552
f 489 539 540
f 493 560 559
f 495 570 571
f 496 575 578
f 492 556 557
f 498 585 586
f 497 581 580
f 494 567 566
f 488 538 537
f 521 595 602
f 504 591 594
f 505 597 592
f 526 600 598
f 528 603 601
f 520 611 605
f 519 638 642
f 511 623 625
f 522 644 646
f 506 609 606
f 518 629 635
f 509 613 618
f 510 621 614
f 523 633 631
f 527 636 634
f 520 639 641
f 519 626 619
f 511 624 620
f 522 645 643
f 506 608 610
f 503 593 533
f 500 589 530
f 499 590 529
f 501 596 531
f 502 599 532
f 504 604 535
f 521 640 558
f 528 627 588
f 526 648 582
f 505 607 565
f 516 628 548
f 513 615 545
f 508 616 544
f 514 630 546
f 515 632 547
f 518 637 552
f 509 617 540
f 510 622 559
f 523 647 571
f 527 612 578
f 521 602 587
f 504 594 555
f 505 592 536
f 526 598 568
f 528 601 583
f 520 605 557
f 519 642 586
f 511 625 580
f 522 646 566
f 506 606 537
f 518 635 576
f 509 618 549
f 510 614 541
f 523 631 562
f 527 634 573
f 520 641 577
f 519 619 553
f 511 620 542
f 522 643 561
f 506 610 569
f 500 595 554
f 499 591 534
f 501 597 564
f 502 600 579
f 503 603 584
f 507 611 574
f 517 638 551
f 512 623 543
f 524 644 563
f 525 609 572
f 513 629 550
f 508 613 539
f 514 621 560
f 515 633 570
f 516 636 575
f 517 639 556
f 512 626 585
f 524 624 581
f 525 645 567
f 507 608 538
f 500 593 595
f 499 589 591
f 501 590 597
f 502 596 600
f 503 599 603
f 507 604 611
f 517 640 638
f 512 627 623
f 524 648 644
f 525 607 609
f 513 628 629
f 508 615 613
f 514 616 621
f 515 630 633
f 516 632 636
f 517 637 639
f 512 617 626
f 524 622 624
f 525 647 645
f 507 612 608
f 500 530 593
f 499 529 589
f 501 531 590
f 502 532 596
f 503 533 599
f 507 538 604
f 517 556 640
f 512 585 627
f 524 581 648
f 525 567 607
f 513 545 628
f 508 544 615
f 514 546 616
f 515 547 630
f 516 548 632
f 517 551 637
f 512 543 617
f 524 563 622
f 525 572 647
f 507 574 612
f 503 584 602
f 500 554 594
f 499 534 592
f 501 564 598
f 502 579 601
f 504 555 605
f 521 587 642
f 528 583 625
f 526 568 646
f 505 536 606
f 516 575 635
f 513 550 618
f 508 539 614
f 514 560 631
f 515 570 634
f 518 576 641
f 509 549 619
f 510 541 620
f 523 562 643
f 527 573 610
f 521 558 595
f 504 535 591
f 505 565 597
f 526 582 600
f 528 588 603
f 520 577 611
f 519 553 638
f 511 542 623
f 522 561 644
f 506 569 609
f 518 552 629
f 509 540 613
f 510 559 621
f 523 571 633
f 527 578 636
f 520 557 639
f 519 586 626
f 511 580 624
f 522 566 645
f 506 537 608
f 503 602 593
f 500 594 589
f 499 592 590
f 501 598 596
f 502 601 599
f 504 605 604
f 521 642 640
f 528 625 627
f 526 646 648
f 505 606 607
f 516 635 628
f 513 618 615
f 508 614 616
f 514 631 630
f 515 634 632
f 518 641 637
f 509 619 617
f 510 620 622
f 523 643 647
f 527 610 612
f 593 530 533
f 589 529 530
f 590 531 529
f 596 532 531
f 599 533 532
f 604 538 535
f 640 556 558
f 627 585 588
f 648 581 582
f 607 567 565
f 628 545 548
f 615 544 545
f 616 546 544
f 630 547 546
f 632 548 547
f 637 551 552
f 617 543 540
f 622 563 559
f 647 572 571
f 612 574 578
f 602 584 587
f 594 554 555
f 592 534 536
f 598 564 568
f 601 579 583
f 605 555 557
f 642 587 586
f 625 583 580
f 646 568 566
f 606 536 537
f 635 575 576
f 618 550 549
f 614 539 541
f 631 560 562
f 634 570 573
f 641 576 577
f 619 549 553
f 620 541 542
f 643 562 561
f 610 573 569
f 595 558 554
f 591 535 534
f 597 565 564
f 600 582 579
f 603 588 584
f 611 577 574
f 638 553 551
f 623 542 543
f 644 561 563
f 609 569 572
f 629 552 550
f 613 540 539
f 621 559 560
f 633 571 570
f 636 578 575
f 639 557 556
f 626 586 585
f 624 580 581
f 645 566 567
f 608 537 538
f 593 602 595
f 589 594 591
f 590 592 597
f 596 598 600
f 599 601 603
f 604 605 611
f 640 642 638
f 627 625 623
f 648 646 644
f 607 606 609
f 628 635 629
f 615 618 613
f 616 614 621
f 630 631 633
f 632 634 636
f 637 641 639
f 617 619 626
f 622 620 624
f 647 643 645
f 612 610 608
f 649 695 692
f 649 692 691
f 649 691 693
f 649 693 694
f 649 694 695
f 650 697 700
f 654 720 718
f 660 750 747
f 659 744 743
f 656 727 729
f 652 710 707
f 652 707 706
f 652 706 708
f 652 708 709
f 652 709 710
f 653 714 713
f 651 702 705
f 655 721 725
f 657 733 734
f 658 740 736
f 660 749 746
f 654 717 716
f 650 698 696
f 656 730 726
f 659 745 741
f 654 719 717
f 660 748 749
f 659 742 745
f 656 728 730
f 650 699 698
f 658 738 737
f 653 711 712
f 651 703 701
f 655 724 722
f 657 735 732
f 658 739 738
f 653 715 711
f 651 704 703
f 655 723 724
f 657 731 735
f 654 716 720
f 650 696 697
f 656 726 727
f 659 741 744
f 660 746 750
f 658 736 739
f 653 713 715
f 651 705 704
f 655 725 723
f 657 734 731
f 653 712 714
f 651 701 702
f 655 722 721
f 657 732 733
f 658 737 740
f 654 718 719
f 660 747 748
f 659 743 742
f 656 729 728
f 650 700 699
f 683 757 764
f 666 753 756
f 667 759 754
f 688 762 760
f 690 765 763
f 682 773 767
f 681 800 804
f 673 785 787
f 684 806 808
f 668 771 768
f 680 791 797
f 671 775 780
f 672 783 776
f 685 795 793
f 689 798 796
f 682 801 803
f 681 788 781
f 673 786 782
f 684 807 805
f 668 770 772
f 665 755 695
f 662 751 692
f 661 752 691
f 663 758 693
f 664 761 694
f 666 766 697
f 683 802 720
f 690 789 750
f 688 810 744
f 667 769 727
f 678 790 710
f 675 777 707
f 670 778 706
f 676 792 708
f 677 794 709
f 680 799 714
f 671 779 702
f 672 784 721
f 685 809 733
f 689 774 740
f 683 764 749
f 666 756 717
f 667 754 698
f 688 760 730
f 690 763 745
f 682 767 719
f 681 804 748
f 673 787 742
f 684 808 728
f 668 768 699
f 680 797 738
f 671 780 711
f 672 776 703
f 685 793 724
f 689 796 735
f 682 803 739
f 681 781 715
f 673 782 704
f 684 805 723
f 668 772 731
f 662 757 716
f 661 753 696
f 663 759 726
f 664 762 741
f 665 765 746
f 669 773 736
f 679 800 713
f 674 785 705
f 686 806 725
f 687 771 734
f 675 791 712
f 670 775 701
f 676 783 722
f 677 795 732
f 678 798 737
f 679 801 718
f 674 788 747
f 686 786 743
f 687 807 729
f 669 770 700
f 662 755 757
f 661 751 753
f 663 752 759
f 664 758 762
f 665 761 765
f 669 766 773
f 679 802 800
f 674 789 785
f 686 810 806
f 687 769 771
f 675 790 791
f 670 777 775
f 676 778 783
f 677 792 795
f 678 794 798
f 679 799 801
f 674 779 788
f 686 784 786
f 687 809 807
f 669 774 770
f 662 692 755
f 661 691 751
f 663 693 752
f 664 694 758
f 665 695 761
f 669 700 766
f 679 718 802
f 674 747 789
f 686 743 810
f 687 729 769
f 675 707 790
f 670 706 777
f 676 708 778
f 677 709 792
f 678 710 794
f 679 713 799
f 674 705 779
f 686 725 784
f 687 734 809
f 669 736 774
f 665 746 764
f 662 716 756
f 661 696 754
f 663 726 760
f 664 741 763
f 666 717 767
f 683 749 804
f 690 745 787
f 688 730 808
f 667 698 768
f 678 737 797
f 675 712 780
f 670 701 776
f 676 722 793
f 677 732 796
f 680 738 803
f 671 711 781
f 672 703 782
f 685 724 805
f 689 735 772
f 683 720 757
f 666 697 753
f 667 727 759
f 688 744 762
f 690 750 765
f 682 739 773
f 681 715 800
f 673 704 785
f 684 723 806
f 668 731 771
f 680 714 791
f 671 702 775
f 672 721 783
f 685 733 795
f 689 740 798
f 682 719 801
f 681 748 788
f 673 742 786
f 684 728 807
f 668 699 770
f 665 764 755
f 662 756 751
f 661 754 752
f 663 760 758
f 664 763 761
f 666 767 766
f 683 804 802
f 690 787 789
f 688 808 810
f 667 768 769
f 678 797 790
f 675 780 777
f 670 776 778
f 676 793 792
f 677 796 794
f 680 803 799
f 671 781 779
f 672 782 784
f 685 805 809
f 689 772 774
f 755 692 695
f 751 691 692
f 752 693 691
f 758 694 693
f 761 695 694
f 766 700 697
f 802 718 720
f 789 747 750
f 810 743 744
f 769 729 727
f 790 707 710
f 777 706 707
f 778 708 706
f 792 709 708
f 794 710 709
f 799 713 714
f 779 705 702
f 784 725 721
f 809 734 733
f 774 736 740
f 764 746 749
f 756 716 717
f 754 696 698
f 760 726 730
f 763 741 745
f 767 717 719
f 804 749 748
f 787 745 742
f 808 730 728
f 768 698 699
f 797 737 738
f 780 712 711
f 776 701 703
f 793 722 724
f 796 732 735
f 803 738 739
f 781 711 715
f 782 703 704
f 805 724 723
f 772 735 731
f 757 720 716
f 753 697 696
f 759 727 726
f 762 744 741
f 765 750 746
f 773 739 736
f 800 715 713
f 785 704 705
f 806 723 725
f 771 731 734
f 791 714 712
f 775 702 701
f 783 721 722
f 795 733 732
f 798 740 737
f 801 719 718
f 788 748 747
f 786 742 743
f 807 728 729
f 770 699 700
f 755 764 757
f 751 756 753
f 752 754 759
f 758 760 762
f 761 763 765
f 766 767 773
f 802 804 800
f 789 787 785
f 810 808 806
f 769 768 771
f 790 797 791
f 777 780 775
f 778 776 783
f 792 793 795
f 794 796 798
f 799 803 801
f 779 781 788
f 784 782 786
f 809 805 807
f 774 772 770
f 811 857 854
f 811 854 853
f 811 853 855
f 811 855 856
f 811 856 857
f 812 859 862
f 816 882 880
f 822 912 909
f 821 906 905
f 818 889 891
f 814 872 869
f 814 869 868
f 814 868 870
f 814 870 871
f 814 871 872
f 815 876 875
f 813 864 867
f 817 883 887
f 819 895 896
f 820 902 898
f 822 911 908
f 816 879 878
f 812 860 858
f 818 892 888
f 821 907 903
f 816 881 879
f 822 910 911
f 821 904 907
f 818 890 892
f 812 861 860
f 820 900 899
f 815 873 874
f 813 865 863
f 817 886 884
f 819 897 894
f 820 901 900
f 815 877 873
f 813 866 865
f 817 885 886
f 819 893 897
f 816 878 882
f 812 858 859
f 818 888 889
f 821 903 906
f 822 908 912
f 820 898 901
f 815 875 877
f 813 867 866
f 817 887 885
f 819 896 893
f 815 874 876
f 813 863 864
f 817 884 883
f 819 894 895
f 820 899 902
f 816 880 881
f 822 909 910
f 821 905 904
f 818 891 890
f 812 862 861
f 845 919 926
f 828 915 918
f 829 921 916
f 850 924 922
f 852 927 925
f 844 935 929
f 843 962 966
f 835 947 949
f 846 968 970
f 830 933 930
f 842 953 959
f 833 937 942
f 834 945 938
f 847 957 955
f 851 960 958
f 844 963 965
f 843 950 943
f 835 948 944
f 846 969 967
f 830 932 934
f 827 917 857
f 824 913 854
f 823 914 853
f 825 920 855
f 826 923 856
f 828 928 859
f 845 964 882
f 852 951 912
f 850 972 906
f 829 931 889
f 840 952 872
f 837 939 869
f 832 940 868
f 838 954 870
f 839 956 871
f 842 961 876
f 833 941 864
f 834 946 883
f 847 971 895
f 851 936 902
f 845 926 911
f 828 918 879
f 829 916 860
f 850 922 892
f 852 925 907
f 844 929 881
f 843 966 910
f 835 949 904
f 846 970 890
f 830 930 861
f 842 959 900
f 833 942 873
f 834 938 865
f 847 955 886
f 851 958 897
f 844 965 901
f 843 943 877
f 835 944 866
f 846 967 885
f 830 934 893
f 824 919 878
f 823 915 858
f 825 921 888
f 826 924 903
f 827 927 908
f 831 935 898
f 841 962 875
f 836 947 867
f 848 968 887
f 849 933 896
f 837 953 874
f 832 937 863
f 838 945 884
f 839 957 894
f 840 960 899
f 841 963 880
f 836 950 909
f 848 948 905
f 849 969 891
f 831 932 862
f 824 917 919
f 823 913 915
f 825 914 921
f 826 920 924
f 827 923 927
f 831 928 935
f 841 964 962
f 836 951 947
f 848 972 968
f 849 931 933
f 837 952 953
f 832 939 937
f 838 940 945
f 839 954 957
f 840 956 960
f 841 961 963
f 836 941 950
f 848 946 948
f 849 971 969
f 831 936 932
f 824 854 917
f 823 853 913
f 825 855 914
f 826 856 920
f 827 857 923
f 831 862 928
f 841 880 964
f 836 909 951
f 848 905 972
f 849 891 931
f 837 869 952
f 832 868 939
f 838 870 940
f 839 871 954
f 840 872 956
f 841 875 961
f 836 867 941
f 848 887 946
f 849 896 971
f 831 898 936
f 827 908 926
f 824 878 918
f 823 858 916
f 825 888 922
f 826 903 925
f 828 879 929
f 845 911 966
f 852 907 949
f 850 892 970
f 829 860 930
f 840 899 959
f 837 874 942
f 832 863 938
f 838 884 955
f 839 894 958
f 842 900 965
f 833 873 943
f 834 865 944
f 847 886 967
f 851 897 934
f 845 882 919
f 828 859 915
f 829 889 921
f 850 906 924
f 852 912 927
f 844 901 935
f 843 877 962
f 835 866 947
f 846 885 968
f 830 893 933
f 842 876 953
f 833 864 937
f 834 883 945
f 847 895 957
f 851 902 960
f 844 881 963
f 843 910 950
f 835 904 948
f 846 890 969
f 830 861 932
f 827 926 917
f 824 918 913
f 823 916 914
f 825 922 920
f 826 925 923
f 828 929 928
f 845 966 964
f 852 949 951
f 850 970 972
f 829 930 931
f 840 959 952
f 837 942 939
f 832 938 940
f 838 955 954
f 839 958 956
f 842 965 961
f 833 943 941
f 834 944 946
f 847 967 971
f 851 934 936
f 917 854 857
f 913 853 854
f 914 855 853
f 920 856 855
f 923 857 856
f 928 862 859
f 964 880 882
f 951 909 912
f 972 905 906
f 931 891 889
f 952 869 872
f 939 868 869
f 940 870 868
f 954 871 870
f 956 872 871
f 961 875 876
f 941 867 864
f 946 887 883
f 971 896 895
f 936 898 902
f 926 908 911
f 918 878 879
f 916 858 860
f 922 888 892
f 925 903 907
f 929 879 881
f 966 911 910
f 949 907 904
f 970 892 890
f 930 860 861
f 959 899 900
f 942 874 873
f 938 863 865
f 955 884 886
f 958 894 897
f 965 900 901
f 943 873 877
f 944 865 866
f 967 886 885
f 934 897 893
f 919 882 878
f 915 859 858
f 921 889 888
f 924 906 903
f 927 912 908
f 935 901 898
f 962 877 875
f 947 866 867
f 968 885 887
f 933 893 896
f 953 876 874
f 937 864 863
f 945 883 884
f 957 895 894
f 960 902 899
f 963 881 880
f 950 910 909
f 948 904 905
f 969 890 891
f 932 861 862
f 917 926 919
f 913 918 915
f 914 916 921
f 920 922 924
f 923 925 927
f 928 929 935
f 964 966 962
f 951 949 947
f 972 970 968
f 931 930 933
f 952 959 953
f 939 942 937
f 940 938 945
f 954 955 957
f 956 958 960
f 961 965 963
f 941 943 950
f 946 944 948
f 971 967 969
f 936 934 932
f 973 1019 1016
f 973 1016 1015
f 973 1015 1017
f 973 1017 1018
f 973 1018 1019
f 974 1021 1024
f 978 1044 1042
f 984 1074 1071
f 983 1068 1067
f 980 1051 1053
f 976 1034 1031
f 976 1031 1030
f 976 1030 1032
f 976 1032 1033
f 976 1033 1034
f 977 1038 1037
f 975 1026 1029
f 979 1045 1049
f 981 1057 1058
f 982 1064 1060
f 984 1073 1070
f 978 1041 1040
f 974 1022 1020
f 980 1054 1050
f 983 1069 1065
f 978 1043 1041
f 984 1072 1073
f 983 1066 1069
f 980 1052 1054
f 974 1023 1022
f 982 1062 1061
f 977 1035 1036
f 975 1027 1025
f 979 1048 1046
f 981 1059 1056
f 982 1063 1062
f 977 1039 1035
f 975 1028 1027
f 979 1047 1048
f 981 1055 1059
f 978 1040 1044
f 974 1020 1021
f 980 1050 1051
f 983 1065 1068
f 984 1070 1074
f 982 1060 1063
f 977 1037 1039
f 975 1029 1028
f 979 1049 1047
f 981 1058 1055
f 977 1036 1038
f 975 1025 1026
f 979 1046 1045
f 981 1056 1057
f 982 1061 1064
f 978 1042 1043
f 984 1071 1072
f 983 1067 1066
f 980 1053 1052
f 974 1024 1023
f 1007 1081 1088
f 990 1077 1080
f 991 1083 1078
f 1012 1086 1084
f 1014 1089 1087
f 1006 1097 1091
f 1005 1124 1128
f 997 1109 1111
f 1008 1130 1132
f 992 1095 1092
f 1004 1115 1121
f 995 1099 1104
f 996 1107 1100
f 1009 1119 1117
f 1013 1122 1120
f 1006 1125 1127
f 1005 1112 1105
f 997 1110 1106
f 1008 1131 1129
f 992 1094 1096
f 989 1079 1019
f 986 1075 1016
f 985 1076 1015
f 987 1082 1017
f 988 1085 1018
f 990 1090 1021
f 1007 1126 1044
f 1014 1113 1074
f 1012 1134 1068
f 991 1093 1051
f 1002 1114 1034
f 999 1101 1031
f 994 1102 1030
f 1000 1116 1032
f 1001 1118 1033
f 1004 1123 1038
f 995 1103 1026
f 996 1108 1045
f 1009 1133 1057
f 1013 1098 1064
f 1007 1088 1073
f 990 1080 1041
f 991 1078 1022
f 1012 1084 1054
f 1014 1087 1069
f 1006 1091 1043
f 1005 1128 1072
f 997 1111 1066
f 1008 1132 1052
f 992 1092 1023
f 1004 1121 1062
f 995 1104 1035
f 996 1100 1027
f 1009 1117 1048
f 1013 1120 1059
f 1006 1127 1063
f 1005 1105 1039
f 997 1106 1028
f 1008 1129 1047
f 992 1096 1055
f 986 1081 1040
f 985 1077 1020
f 987 1083 1050
f 988 1086 1065
f 989 1089 1070
f 993 1097 1060
f 1003 1124 1037
f 998 1109 1029
f 1010 1130 1049
f 1011 1095 1058
f 999 1115 1036
f 994 1099 1025
f 1000 1107 1046
f 1001 1119 1056
f 1002 1122 1061
f 1003 1125 1042
f 998 1112 1071
f 1010 1110 1067
f 1011 1131 1053
f 993 1094 1024
f 986 1079 1081
f 985 1075 1077
f 987 1076 1083
f 988 1082 1086
f 989 1085 1089
f 993 1090 1097
f 1003 1126 1124
f 998 1113 1109
f 1010 1134 1130
f 1011 1093 1095
f 999 1114 1115
f 994 1101 1099
f 1000 1102 1107
f 1001 1116 1119
f 1002 1118 1122
f 1003 1123 1125
f 998 1103 1112
f 1010 1108 1110
f 1011 1133 1131
f 993 1098 1094
f 986 1016 1079
f 985 1015 1075
f 987 1017 1076
f 988 1018 1082
f 989 1019 1085
f 993 1024 1090
f 1003 1042 1126
f 998 1071 1113
f 1010 1067 1134
f 1011 1053 1093
f 999 1031 1114
f 994 1030 1101
f 1000 1032 1102
f 1001 1033 1116
f 1002 1034 1118
f 1003 1037 1123
f 998 1029 1103
f 1010 1049 1108
f 1011 1058 1133
f 993 1060 1098
f 989 1070 1088
f 986 1040 1080
f 985 1020 1078
f 987 1050 1084
f 988 1065 1087
f 990 1041 1091
f 1007 1073 1128
f 1014 1069 1111
f 1012 1054 1132
f 991 1022 1092
f 1002 1061 1121
f 999 1036 1104
f 994 1025 1100
f 1000 1046 1117
f 1001 1056 1120
f 1004 1062 1127
f 995 1035 1105
f 996 1027 1106
f 1009 1048 1129
f 1013 1059 1096
f 1007 1044 1081
f 990 1021 1077
f 991 1051 1083
f 1012 1068 1086
f 1014 1074 1089
f 1006 1063 1097
f 1005 1039 1124
f 997 1028 1109
f 1008 1047 1130
f 992 1055 1095
f 1004 1038 1115
f 995 1026 1099
f 996 1045 1107
f 1009 1057 1119
f 1013 1064 1122
f 1006 1043 1125
f 1005 1072 1112
f 997 1066 1110
f 1008 1052 1131
f 992 1023 1094
f 989 1088 1079
f 986 1080 1075
f 985 1078 1076
f 987 1084 1082
f 988 1087 1085
f 990 1091 1090
f 1007 1128 1126
f 1014 1111 1113
f 1012 1132 1134
f 991 1092 1093
f 1002 1121 1114
f 999 1104 1101
f 994 1100 1102
f 1000 1117 1116
f 1001 1120 1118
f 1004 1127 1123
f 995 1105 1103
f 996 1106 1108
f 1009 1129 1133
f 1013 1096 1098
f 1079 1016 1019
f 1075 1015 1016
f 1076 1017 1015
f 1082 1018 1017
f 1085 1019 1018
f 1090 1024 1021
f 1126 1042 1044
f 1113 1071 1074
f 1134 1067 1068
f 1093 1053 1051
f 1114 1031 1034
f 1101 1030 1031
f 1102 1032 1030
f 1116 1033 1032
f 1118 1034 1033
f 1123 1037 1038
f 1103 1029 1026
f 1108 1049 1045
f 1133 1058 1057
f 1098 1060 1064
f 1088 1070 1073
f 1080 1040 1041
f 1078 1020 1022
f 1084 1050 1054
f 1087 1065 1069
f 1091 1041 1043
f 1128 1073 1072
f 1111 1069 1066
f 1132 1054 1052
f 1092 1022 1023
f 1121 1061 1062
f 1104 1036 1035
f 1100 1025 1027
f 1117 1046 1048
f 1120 1056 1059
f 1127 1062 1063
f 1105 1035 1039
f 1106 1027 1028
f 1129 1048 1047
f 1096 1059 1055
f 1081 1044 1040
f 1077 1021 1020
f 1083 1051 1050
f 1086 1068 1065
f 1089 1074 1070
f 1097 1063 1060
f 1124 1039 1037
f 1109 1028 1029
f 1130 1047 1049
f 1095 1055 1058
f 1115 1038 1036
f 1099 1026 1025
f 1107 1045 1046
f 1119 1057 1056
f 1122 1064 1061
f 1125 1043 1042
f 1112 1072 1071
f 1110 1066 1067
f 1131 1052 1053
f 1094 1023 1024
f 1079 1088 1081
f 1075 1080 1077
f 1076 1078 1083
f 1082 1084 1086
f 1085 1087 1089
f 1090 1091 1097
f 1126 1128 1124
f 1113 1111 1109
f 1134 1132 1130
f 1093 1092 1095
f 1114 1121 1115
f 1101 1104 1099
f 1102 1100 1107
f 1116 1117 1119
f 1118 1120 1122
f 1123 1127 1125
f 1103 1105 1112
f 1108 1106 1110
f 1133 1129 1131
f 1098 1096 1094
f 1135 1181 1178
f 1135 1178 1177
f 1135 1177 1179
f 1135 1179 1180
f 1135 1180 1181
f 1136 1183 1186
f 1140 1206 1204
f 1146 1236 1233
f 1145 1230 1229
f 1142 1213 1215
f 1138 1196 1193
f 1138 1193 1192
f 1138 1192 1194
f 1138 1194 1195
f 1138 1195 1196
f 1139 1200 1199
f 1137 1188 1191
f 1141 1207 1211
f 1143 1219 1220
f 1144 1226 1222
f 1146 1235 1232
f 1140 1203 1202
f 1136 1184 1182
f 1142 1216 1212
f 1145 1231 1227
f 1140 1205 1203
f 1146 1234 1235
f 1145 1228 1231
f 1142 1214 1216
f 1136 1185 1184
f 1144 1224 1223
f 1139 1197 1198
f 1137 1189 1187
f 1141 1210 1208
f 1143 1221 1218
f 1144 1225 1224
f 1139 1201 1197
f 1137 1190 1189
f 1141 1209 1210
f 1143 1217 1221
f 1140 1202 1206
f 1136 1182 1183
f 1142 1212 1213
f 1145 1227 1230
f 1146 1232 1236
f 1144 1222 1225
f 1139 1199 1201
f 1137 1191 1190
f 1141 1211 1209
f 1143 1220 1217
f 1139 1198 1200
f 1137 1187 1188
f 1141 1208 1207
f 1143 1218 1219
f 1144 1223 1226
f 1140 1204 1205
f 1146 1233 1234
f 1145 1229 1228
f 1142 1215 1214
f 1136 1186 1185
f 1169 1243 1250
f 1152 1239 1242
f 1153 1245 1240
f 1174 1248 1246
f 1176 1251 1249
f 1168 1259 1253
f 1167 1286 1290
f 1159 1271 1273
f 1170 1292 1294
f 1154 1257 1254
f 1166 1277 1283
f 1157 1261 1266
f 1158 1269 1262
f 1171 1281 1279
f 1175 1284 1282
f 1168 1287 1289
f 1167 1274 1267
f 1159 1272 1268
f 1170 1293 1291
f 1154 1256 1258
f 1151 1241 1181
f 1148 1237 1178
f 1147 1238 1177
f 1149 1244 1179
f 1150 1247 1180
f 1152 1252 1183
f 1169 1288 1206
f 1176 1275 1236
f 1174 1296 1230
f 1153 1255 1213
f 1164 1276 1196
f 1161 1263 1193
f 1156 1264 1192
f 1162 1278 1194
f 1163 1280 1195
f 1166 1285 1200
f 1157 1265 1188
f 1158 1270 1207
f 1171 1295 1219
f 1175 1260 1226
f 1169 1250 1235
f 1152 1242 1203
f 1153 1240 1184
f 1174 1246 1216
f 1176 1249 1231
f 1168 1253 1205
f 1167 1290 1234
f 1159 1273 1228
f 1170 1294 1214
f 1154 1254 1185
f 1166 1283 1224
f 1157 1266 1197
f 1158 1262 1189
f 1171 1279 1210
f 1175 1282 1221
f 1168 1289 1225
f 1167 1267 1201
f 1159 1268 1190
f 1170 1291 1209
f 1154 1258 1217
f 1148 1243 1202
f 1147 1239 1182
f 1149 1245 1212
f 1150 1248 1227
f 1151 1251 1232
f 1155 1259 1222
f 1165 1286 1199
f 1160 1271 1191
f 1172 1292 1211
f 1173 1257 1220
f 1161 1277 1198
f 1156 1261 1187
f 1162 1269 1208
f 1163 1281 1218
f 1164 1284 1223
f 1165 1287 1204
f 1160 1274 1233
f 1172 1272 1229
f 1173 1293 1215
f 1155 1256 1186
f 1148 1241 1243
f 1147 1237 1239
f 1149 1238 1245
f 1150 1244 1248
f 1151 1247 1251
f 1155 1252 1259
f 1165 1288 1286
f 1160 1275 1271
f 1172 1296 1292
f 1173 1255 1257
f 1161 1276 1277
f 1156 1263 1261
f 1162 1264 1269
f 1163 1278 1281
f 1164 1280 1284
f 1165 1285 1287
f 1160 1265 1274
f 1172 1270 1272
f 1173 1295 1293
f 1155 1260 1256
f 1148 1178 1241
f 1147 1177 1237
f 1149 1179 1238
f 1150 1180 1244
f 1151 1181 1247
f 1155 1186 1252
f 1165 1204 1288
f 1160 1233 1275
f 1172 1229 1296
f 1173 1215 1255
f 1161 1193 1276
f 1156 1192 1263
f 1162 1194 1264
f 1163 1195 1278
f 1164 1196 1280
f 1165 1199 1285
f 1160 1191 1265
f 1172 1211 1270
f 1173 1220 1295
f 1155 1222 1260
f 1151 1232 1250
f 1148 1202 1242
f 1147 1182 1240
f 1149 1212 1246
f 1150 1227 1249
f 1152 1203 1253
f 1169 1235 1290
f 1176 1231 1273
f 1174 1216 1294
f 1153 1184 1254
f 1164 1223 1283
f 1161 1198 1266
f 1156 1187 1262
f 1162 1208 1279
f 1163 1218 1282
f 1166 1224 1289
f 1157 1197 1267
f 1158 1189 1268
f 1171 1210 1291
f 1175 1221 1258
f 1169 1206 1243
f 1152 1183 1239
f 1153 1213 1245
f 1174 1230 1248
f 1176 1236 1251
f 1168 1225 1259
f 1167 1201 1286
f 1159 1190 1271
f 1170 1209 1292
f 1154 1217 1257
f 1166 1200 1277
f 1157 1188 1261
f 1158 1207 1269
f 1171 1219 1281
f 1175 1226 1284
f 1168 1205 1287
f 1167 1234 1274
f 1159 1228 1272
f 1170 1214 1293
f 1154 1185 1256
f 1151 1250 1241
f 1148 1242 1237
f 1147 1240 1238
f 1149 1246 1244
f 1150 1249 1247
f 1152 1253 1252
f 1169 1290 1288
f 1176 1273 1275
f 1174 1294 1296
f 1153 1254 1255
f 1164 1283 1276
f 1161 1266 1263
f 1156 1262 1264
f 1162 1279 1278
f 1163 1282 1280
f 1166 1289 1285
f 1157 1267 1265
f 1158 1268 1270
f 1171 1291 1295
f 1175 1258 1260
f 1241 1178 1181
f 1237 1177 1178
f 1238 1179 1177
f 1244 1180 1179
f 1247 1181 1180
f 1252 1186 1183
f 1288 1204 1206
f 1275 1233 1236
f 1296 1229 1230
f 1255 1215 1213
f 1276 1193 1196
f 1263 1192 1193
f 1264 1194 1192
f 1278 1195 1194
f 1280 1196 1195
f 1285 1199 1200
f 1265 1191 1188
f 1270 1211 1207
f 1295 1220 1219
f 1260 1222 1226
f 1250 1232 1235
f 1242 1202 1203
f 1240 1182 1184
f 1246 1212 1216
f 1249 1227 1231
f 1253 1203 1205
f 1290 1235 1234
f 1273 1231 1228
f 1294 1216 1214
f 1254 1184 1185
f 1283 1223 1224
f 1266 1198 1197
f 1262 1187 1189
f 1279 1208 1210
f 1282 1218 1221
f 1289 1224 1225
f 1267 1197 1201
f 1268 1189 1190
f 1291 1210 1209
f 1258 1221 1217
f 1243 1206 1202
f 1239 1183 1182
f 1245 1213 1212
f 1248 1230 1227
f 1251 1236 1232
f 1259 1225 1222
f 1286 1201 1199
f 1271 1190 1191
f 1292 1209 1211
f 1257 1217 1220
f 1277 1200 1198
f 1261 1188 1187
f 1269 1207 1208
f 1281 1219 1218
f 1284 1226 1223
f 1287 1205 1204
f 1274 1234 1233
f 1272 1228 1229
f 1293 1214 1215
f 1256 1185 1186
f 1241 1250 1243
f 1237 1242 1239
f 1238 1240 1245
f 1244 1246 1248
f 1247 1249 1251
f 1252 1253 1259
f 1288 1290 1286
f 1275 1273 1271
f 1296 1294 1292
f 1255 1254 1257
f 1276 1283 1277
f 1263 1266 1261
f 1264 1262 1269
f 1278 1279 1281
f 1280 1282 1284
f 1285 1289 1287
f 1265 1267 1274
f 1270 1268 1272
f 1295 1291 1293
f 1260 1258 1256
f 1297 1343 1340
f 1297 1340 1339
f 1297 1339 1341
f 1297 1341 1342
f 1297 1342 1343
f 1298 1345 1348
f 1302 1368 1366
f 1308 1398 1395
f 1307 1392 1391
f 1304 1375 1377
f 1300 1358 1355
f 1300 1355 1354
f 1300 1354 1356
f 1300 1356 1357
f 1300 1357 1358
f 1301 1362 1361
f 1299 1350 1353
f 1303 1369 1373
f 1305 1381 1382
f 1306 1388 1384
f 1308 1397 1394
f 1302 1365 1364
f 1298 1346 1344
f 1304 1378 1374
f 1307 1393 1389
f 1302 1367 1365
f 1308 1396 1397
f 1307 1390 1393
f 1304 1376 1378
f 1298 1347 1346
f 1306 1386 1385
f 1301 1359 1360
f 1299 1351 1349
f 1303 1372 1370
f 1305 1383 1380
f 1306 1387 1386
f 1301 1363 1359
f 1299 1352 1351
f 1303 1371 1372
f 1305 1379 1383
f 1302 1364 1368
f 1298 1344 1345
f 1304 1374 1375
f 1307 1389 1392
f 1308 1394 1398
f 1306 1384 1387
f 1301 1361 1363
f 1299 1353 1352
f 1303 1373 1371
f 1305 1382 1379
f 1301 1360 1362
f 1299 1349 1350
f 1303 1370 1369
f 1305 1380 1381
f 1306 1385 1388
f 1302 1366 1367
f 1308 1395 1396
f 1307 1391 1390
f 1304 1377 1376
f 1298 1348 1347
f 1331 1405 1412
f 1314 1401 1404
f 1315 1407 1402
f 1336 1410 1408
f 1338 1413 1411
f 1330 1421 1415
f 1329 1448 1452
f 1321 1433 1435
f 1332 1454 1456
f 1316 1419 1416
f 1328 1439 1445
f 1319 1423 1428
f 1320 1431 1424
f 1333 1443 1441
f 1337 1446 1444
f 1330 1449 1451
f 1329 1436 1429
f 1321 1434 1430
f 1332 1455 1453
f 1316 1418 1420
f 1313 1403 1343
f 1310 1399 1340
f 1309 1400 1339
f 1311 1406 1341
f 1312 1409 1342
f 1314 1414 1345
f 1331 1450 1368
f 1338 1437 1398
f 1336 1458 1392
f 1315 1417 1375
f 1326 1438 1358
f 1323 1425 1355
f 1318 1426 1354
f 1324 1440 1356
f 1325 1442 1357
f 1328 1447 1362
f 1319 1427 1350
f 1320 1432 1369
f 1333 1457 1381
f 1337 1422 1388
f 1331 1412 1397
f 1314 1404 1365
f 1315 1402 1346
f 1336 1408 1378
f 1338 1411 1393
f 1330 1415 1367
f 1329 1452 1396
f 1321 1435 1390
f 1332 1456 1376
f 1316 1416 1347
f 1328 1445 1386
f 1319 1428 1359
f 1320 1424 1351
f 1333 1441 1372
f 1337 1444 1383
f 1330 1451 1387
f 1329 1429 1363
f 1321 1430 1352
f 1332 1453 1371
f 1316 1420 1379
f 1310 1405 1364
f 1309 1401 1344
f 1311 1407 1374
f 1312 1410 1389
f 1313 1413 1394
f 1317 1421 1384
f 1327 1448 1361
f 1322 1433 1353
f 1334 1454 1373
f 1335 1419 1382
f 1323 1439 1360
f 1318 1423 1349
f 1324 1431 1370
f 1325 1443 1380
f 1326 1446 1385
f 1327 1449 1366
f 1322 1436 1395
f 1334 1434 1391
f 1335 1455 1377
f 1317 1418 1348
f 1310 1403 1405
f 1309 1399 1401
f 1311 1400 1407
f 1312 1406 1410
f 1313 1409 1413
f 1317 1414 1421
f 1327 1450 1448
f 1322 1437 1433
f 1334 1458 1454
f 1335 1417 1419
f 1323 1438 1439
f 1318 1425 1423
f 1324 1426 1431
f 1325 1440 1443
f 1326 1442 1446
f 1327 1447 1449
f 1322 1427 1436
f 1334 1432 1434
f 1335 1457 1455
f 1317 1422 1418
f 1310 1340 1403
f 1309 1339 1399
f 1311 1341 1400
f 1312 1342 1406
f 1313 1343 1409
f 1317 1348 1414
f 1327 1366 1450
f 1322 1395 1437
f 1334 1391 1458
f 1335 1377 1417
f 1323 1355 1438
f 1318 1354 1425
f 1324 1356 1426
f 1325 1357 1440
f 1326 1358 1442
f 1327 1361 1447
f 1322 1353 1427
f 1334 1373 1432
f 1335 1382 1457
f 1317 1384 1422
f 1313 1394 1412
f 1310 1364 1404
f 1309 1344 1402
f 1311 1374 1408
f 1312 1389 1411
f 1314 1365 1415
f 1331 1397 1452
f 1338 1393 1435
f 1336 1378 1456
f 1315 1346 1416
f 1326 1385 1445
f 1323 1360 1428
f 1318 1349 1424
f 1324 1370 1441
f 1325 1380 1444
f 1328 1386 1451
f 1319 1359 1429
f 1320 1351 1430
f 1333 1372 1453
f 1337 1383 1420
f 1331 1368 1405
f 1314 1345 1401
f 1315 1375 1407
f 1336 1392 1410
f 1338 1398 1413
f 1330 1387 1421
f 1329 1363 1448
f 1321 1352 1433
f 1332 1371 1454
f 1316 1379 1419
f 1328 1362 1439
f 1319 1350 1423
f 1320 1369 1431
f 1333 1381 1443
f 1337 1388 1446
f 1330 1367 1449
f 1329 1396 1436
f 1321 1390 1434
f 1332 1376 1455
f 1316 1347 1418
f 1313 1412 1403
f 1310 1404 1399
f 1309 1402 1400
f 1311 1408 1406
f 1312 1411 1409
f 1314 1415 1414
f 1331 1452 1450
f 1338 1435 1437
f 1336 1456 1458
f 1315 1416 1417
f 1326 1445 1438
f 1323 1428 1425
f 1318 1424 1426
f 1324 1441 1440
f 1325 1444 1442
f 1328 1451 1447
f 1319 1429 1427
f 1320 1430 1432
f 1333 1453 1457
f 1337 1420 1422
f 1403 1340 1343
f 1399 1339 1340
f 1400 1341 1339
f 1406 1342 1341
f 1409 1343 1342
f 1414 1348 1345
f 1450 1366 1368
f 1437 1395 1398
f 1458 1391 1392
f 1417 1377 1375
f 1438 1355 1358
f 1425 1354 1355
f 1426 1356 1354
f 1440 1357 1356
f 1442 1358 1357
f 1447 1361 1362
f 1427 1353 1350
f 1432 1373 1369
f 1457 1382 1381
f 1422 1384 1388
f 1412 1394 1397
f 1404 1364 1365
f 1402 1344 1346
f 1408 1374 1378
f 1411 1389 1393
f 1415 1365 1367
f 1452 1397 1396
f 1435 1393 1390
f 1456 1378 1376
f 1416 1346 1347
f 1445 1385 1386
f 1428 1360 1359
f 1424 1349 1351
f 1441 1370 1372
f 1444 1380 1383
f 1451 1386 1387
f 1429 1359 1363
f 1430 1351 1352
f 1453 1372 1371
f 1420 1383 1379
f 1405 1368 1364
f 1401 1345 1344
f 1407 1375 1374
f 1410 1392 1389
f 1413 1398 1394
f 1421 1387 1384
f 1448 1363 1361
f 1433 1352 1353
f 1454 1371 1373
f 1419 1379 1382
f 1439 1362 1360
f 1423 1350 1349
f 1431 1369 1370
f 1443 1381 1380
f 1446 1388 1385
f 1449 1367 1366
f 1436 1396 1395
f 1434 1390 1391
f 1455 1376 1377
f 1418 1347 1348
f 1403 1412 1405
f 1399 1404 1401
f 1400 1402 1407
f 1406 1408 1410
f 1409 1411 1413
f 1414 1415 1421
f 1450 1452 1448
f 1437 1435 1433
f 1458 1456 1454
f 1417 1416 1419
f 1438 1445 1439
f 1425 1428 1423
f 1426 1424 1431
f 1440 1441 1443
f 1442 1444 1446
f 1447 1451 1449
f 1427 1429 1436
f 1432 1430 1434
f 1457 1453 1455
f 1422 1420 1418
f 1459 1505 1502
f 1459 1502 1501
f 1459 1501 1503
f 1459 1503 1504
f 1459 1504 1505
f 1460 1507 1510
f 1464 1530 1528
f 1470 1560 1557
f 1469 1554 1553
f 1466 1537 1539
f 1462 1520 1517
f 1462 1517 1516
f 1462 1516 1518
f 1462 1518 1519
f 1462 1519 1520
f 1463 1524 1523
f 1461 1512 1515
f 1465 1531 1535
f 1467 1543 1544
f 1468 1550 1546
f 1470 1559 1556
f 1464 1527 1526
f 1460 1508 1506
f 1466 1540 1536
f 1469 1555 1551
f 1464 1529 1527
f 1470 1558 1559
f 1469 1552 1555
f 1466 1538 1540
f 1460 1509 1508
f 1468 1548 1547
f 1463 1521 1522
f 1461 1513 1511
f 1465 1534 1532
f 1467 1545 1542
f 1468 1549 1548
f 1463 1525 1521
f 1461 1514 1513
f 1465 1533 1534
f 1467 1541 1545
f 1464 1526 1530
f 1460 1506 1507
f 1466 1536 1537
f 1469 1551 1554
f 1470 1556 1560
f 1468 1546 1549
f 1463 1523 1525
f 1461 1515 1514
f 1465 1535 1533
f 1467 1544 1541
f 1463 1522 1524
f 1461 1511 1512
f 1465 1532 1531
f 1467 1542 1543
f 1468 1547 1550
f 1464 1528 1529
f 1470 1557 1558
f 1469 1553 1552
f 1466 1539 1538
f 1460 1510 1509
f 1493 1567 1574
f 1476 1563 1566
f 1477 1569 1564
f 1498 1572 1570
f 1500 1575 1573
f 1492 1583 1577
f 1491 1610 1614
f 1483 1595 1597
f 1494 1616 1618
f 1478 1581 1578
f 1490 1601 1607
f 1481 1585 1590
f 1482 1593 1586
f 1495 1605 1603
f 1499 1608 1606
f 1492 1611 1613
f 1491 1598 1591
f 1483 1596 1592
f 1494 1617 1615
f 1478 1580 1582
f 1475 1565 1505
f 1472 1561 1502
f 1471 1562 1501
f 1473 1568 1503
f 1474 1571 1504
f 1476 1576 1507
f 1493 1612 1530
f 1500 1599 1560
f 1498 1620 1554
f 1477 1579 1537
f 1488 1600 1520
f 1485 1587 1517
f 1480 1588 1516
f 1486 1602 1518
f 1487 1604 1519
f 1490 1609 1524
f 1481 1589 1512
f 1482 1594 1531
f 1495 1619 1543
f 1499 1584 1550
f 1493 1574 1559
f 1476 1566 1527
f 1477 1564 1508
f 1498 1570 1540
f 1500 1573 1555
f 1492 1577 1529
f 1491 1614 1558
f 1483 1597 1552
f 1494 1618 1538
f 1478 1578 1509
f 1490 1607 1548
f 1481 1590 1521
f 1482 1586 1513
f 1495 1603 1534
f 1499 1606 1545
f 1492 1613 1549
f 1491 1591 1525
f 1483 1592 1514
f 1494 1615 1533
f 1478 1582 1541
f 1472 1567 1526
f 1471 1563 1506
f 1473 1569 1536
f 1474 1572 1551
f 1475 1575 1556
f 1479 1583 1546
f 1489 1610 1523
f 1484 1595 1515
f 1496 1616 1535
f 1497 1581 1544
f 1485 1601 1522
f 1480 1585 1511
f 1486 1593 1532
f 1487 1605 1542
f 1488 1608 1547
f 1489 1611 1528
f 1484 1598 1557
f 1496 1596 1553
f 1497 1617 1539
f 1479 1580 1510
f 1472 1565 1567
f 1471 1561 1563
f 1473 1562 1569
f 1474 1568 1572
f 1475 1571 1575
f 1479 1576 1583
f 1489 1612 1610
f 1484 1599 1595
f 1496 1620 1616
f 1497 1579 1581
f 1485 1600 1601
f 1480 1587 1585
f 1486 1588 1593
f 1487 1602 1605
f 1488 1604 1608
f 1489 1609 1611
f 1484 1589 1598
f 1496 1594 1596
f 1497 1619 1617
f 1479 1584 1580
f 1472 1502 1565
f 1471 1501 1561
f 1473 1503 1562
f 1474 1504 1568
f 1475 1505 1571
f 1479 1510 1576
f 1489 1528 1612
f 1484 1557 1599
f 1496 1553 1620
f 1497 1539 1579
f 1485 1517 1600
f 1480 1516 1587
f 1486 1518 1588
f 1487 1519 1602
f 1488 1520 1604
f 1489 1523 1609
f 1484 1515 1589
f 1496 1535 1594
f 1497 1544 1619
f 1479 1546 1584
f 1475 1556 1574
f 1472 1526 1566
f 1471 1506 1564
f 1473 1536 1570
f 1474 1551 1573
f 1476 1527 1577
f 1493 1559 1614
f 1500 1555 1597
f 1498 1540 1618
f 1477 1508 1578
f 1488 1547 1607
f 1485 1522 1590
f 1480 1511 1586
f 1486 1532 1603
f 1487 1542 1606
f 1490 1548 1613
f 1481 1521 1591
f 1482 1513 1592
f 1495 1534 1615
f 1499 1545 1582
f 1493 1530 1567
f 1476 1507 1563
f 1477 1537 1569
f 1498 1554 1572
f 1500 1560 1575
f 1492 1549 1583
f 1491 1525 1610
f 1483 1514 1595
f 1494 1533 1616
f 1478 1541 1581
f 1490 1524 1601
f 1481 1512 1585
f 1482 1531 1593
f 1495 1543 1605
f 1499 1550 1608
f 1492 1529 1611
f 1491 1558 1598
f 1483 1552 1596
f 1494 1538 1617
f 1478 1509 1580
f 1475 1574 1565
f 1472 1566 1561
f 1471 1564 1562
f 1473 1570 1568
f 1474 1573 1571
f 1476 1577 1576
f 1493 1614 1612
f 1500 1597 1599
f 1498 1618 1620
f 1477 1578 1579
f 1488 1607 1600
f 1485 1590 1587
f 1480 1586 1588
f 1486 1603 1602
f 1487 1606 1604
f 1490 1613 1609
f 1481 1591 1589
f 1482 1592 1594
f 1495 1615 1619
f 1499 1582 1584
f 1565 1502 1505
f 1561 1501 1502
f 1562 1503 1501
f 1568 1504 1503
f 1571 1505 1504
f 1576 1510 1507
f 1612 1528 1530
f 1599 1557 1560
f 1620 1553 1554
f 1579 1539 1537
f 1600 1517 1520
f 1587 1516 1517
f 1588 1518 1516
f 1602 1519 1518
f 1604 1520 1519
f 1609 1523 1524
f 1589 1515 1512
f 1594 1535 1531
f 1619 1544 1543
f 1584 1546 1550
f 1574 1556 1559
f 1566 1526 1527
f 1564 1506 1508
f 1570 1536 1540
f 1573 1551 1555
f 1577 1527 1529
f 1614 1559 1558
f 1597 1555 1552
f 1618 1540 1538
f 1578 1508 1509
f 1607 1547 1548
f 1590 1522 1521
f 1586 1511 1513
f 1603 1532 1534
f 1606 1542 1545
f 1613 1548 1549
f 1591 1521 1525
f 1592 1513 1514
f 1615 1534 1533
f 1582 1545 1541
f 1567 1530 1526
f 1563 1507 1506
f 1569 1537 1536
f 1572 1554 1551
f 1575 1560 1556
f 1583 1549 1546
f 1610 1525 1523
f 1595 1514 1515
f 1616 1533 1535
f 1581 1541 1544
f 1601 1524 1522
f 1585 1512 1511
f 1593 1531 1532
f 1605 1543 1542
f 1608 1550 1547
f 1611 1529 1528
f 1598 1558 1557
f 1596 1552 1553
f 1617 1538 1539
f 1580 1509 1510
f 1565 1574 1567
f 1561 1566 1563
f 1562 1564 1569
f 1568 1570 1572
f 1571 1573 1575
f 1576 1577 1583
f 1612 1614 1610
f 1599 1597 1595
f 1620 1618 1616
f 1579 1578 1581
f 1600 1607 1601
f 1587 1590 1585
f 1588 1586 1593
f 1602 1603 1605
f 1604 1606 1608
f 1609 1613 1611
f 1589 1591 1598
f 1594 1592 1596
f 1619 1615 1617
f 1584 1582 1580
f 1621 1667 1664
f 1621 1664 1663
f 1621 1663 1665
f 1621 1665 1666
f 1621 1666 1667
f 1622 1669 1672
f 1626 1692 1690
f 1632 1722 1719
f 1631 1716 1715
f 1628 1699 1701
f 1624 1682 1679
f 1624 1679 1678
f 1624 1678 1680
f 1624 1680 1681
f 1624 1681 1682
f 1625 1686 1685
f 1623 1674 1677
f 1627 1693 1697
f 1629 1705 1706
f 1630 1712 1708
f 1632 1721 1718
f 1626 1689 1688
f 1622 1670 1668
f 1628 1702 1698
f 1631 1717 1713
f 1626 1691 1689
f 1632 1720 1721
f 1631 1714 1717
f 1628 1700 1702
f 1622 1671 1670
f 1630 1710 1709
f 1625 1683 1684
f 1623 1675 1673
f 1627 1696 1694
f 1629 1707 1704
f 1630 1711 1710
f 1625 1687 1683
f 1623 1676 1675
f 1627 1695 1696
f 1629 1703 1707
f 1626 1688 1692
f 1622 1668 1669
f 1628 1698 1699
f 1631 1713 1716
f 1632 1718 1722
f 1630 1708 1711
f 1625 1685 1687
f 1623 1677 1676
f 1627 1697 1695
f 1629 1706 1703
f 1625 1684 1686
f 1623 1673 1674
f 1627 1694 1693
f 1629 1704 1705
f 1630 1709 1712
f 1626 1690 1691
f 1632 1719 1720
f 1631 1715 1714
f 1628 1701 1700
f 1622 1672 1671
f 1655 1729 1736
f 1638 1725 1728
f 1639 1731 1726
f 1660 1734 1732
f 1662 1737 1735
f 1654 1745 1739
f 1653 1772 1776
f 1645 1757 1759
f 1656 1778 1780
f 1640 1743 1740
f 1652 1763 1769
f 1643 1747 1752
f 1644 1755 1748
f 1657 1767 1765
f 1661 1770 1768
f 1654 1773 1775
f 1653 1760 1753
f 1645 1758 1754
f 1656 1779 1777
f 1640 1742 1744
f 1637 1727 1667
f 1634 1723 1664
f 1633 1724 1663
f 1635 1730 1665
f 1636 1733 1666
f 1638 1738 1669
f 1655 1774 1692
f 1662 1761 1722
f 1660 1782 1716
f 1639 1741 1699
f 1650 1762 1682
f 1647 1749 1679
f 1642 1750 1678
f 1648 1764 1680
f 1649 1766 1681
f 1652 1771 1686
f 1643 1751 1674
f 1644 1756 1693
f 1657 1781 1705
f 1661 1746 1712
f 1655 1736 1721
f 1638 1728 1689
f 1639 1726 1670
f 1660 1732 1702
f 1662 1735 1717
f 1654 1739 1691
f 1653 1776 1720
f 1645 1759 1714
f 1656 1780 1700
f 1640 1740 1671
f 1652 1769 1710
f 1643 1752 1683
f 1644 1748 1675
f 1657 1765 1696
f 1661 1768 1707
f 1654 1775 1711
f 1653 1753 1687
f 1645 1754 1676
f 1656 1777 1695
f 1640 1744 1703
f 1634 1729 1688
f 1633 1725 1668
f 1635 1731 1698
f 1636 1734 1713
f 1637 1737 1718
f 1641 1745 1708
f 1651 1772 1685
f 1646 1757 1677
f 1658 1778 1697
f 1659 1743 1706
f 1647 1763 1684
f 1642 1747 1673
f 1648 1755 1694
f 1649 1767 1704
f 1650 1770 1709
f 1651 1773 1690
f 1646 1760 1719
f 1658 1758 1715
f 1659 1779 1701
f 1641 1742 1672
f 1634 1727 1729
f 1633 1723 1725
f 1635 1724 1731
f 1636 1730 1734
f 1637 1733 1737
f 1641 1738 1745
f 1651 1774 1772
f 1646 1761 1757
f 1658 1782 1778
f 1659 1741 1743
f 1647 1762 1763
f 1642 1749 1747
f 1648 1750 1755
f 1649 1764 1767
f 1650 1766 1770
f 1651 1771 1773
f 1646 1751 1760
f 1658 1756 1758
f 1659 1781 1779
f 1641 1746 1742
f 1634 1664 1727
f 1633 1663 1723
f 1635 1665 1724
f 1636 1666 1730
f 1637 1667 1733
f 1641 1672 1738
f 1651 1690 1774
f 1646 1719 1761
f 1658 1715 1782
f 1659 1701 1741
f 1647 1679 1762
f 1642 1678 1749
f 1648 1680 1750
f 1649 1681 1764
f 1650 1682 1766
f 1651 1685 1771
f 1646 1677 1751
f 1658 1697 1756
f 1659 1706 1781
f 1641 1708 1746
f 1637 1718 1736
f 1634 1688 1728
f 1633 1668 1726
f 1635 1698 1732
f 1636 1713 1735
f 1638 1689 1739
f 1655 1721 1776
f 1662 1717 1759
f 1660 1702 1780
f 1639 1670 1740
f 1650 1709 1769
f 1647 1684 1752
f 1642 1673 1748
f 1648 1694 1765
f 1649 1704 1768
f 1652 1710 1775
f 1643 1683 1753
f 1644 1675 1754
f 1657 1696 1777
f 1661 1707 1744
f 1655 1692 1729
f 1638 1669 1725
f 1639 1699 1731
f 1660 1716 1734
f 1662 1722 1737
f 1654 1711 1745
f 1653 1687 1772
f 1645 1676 1757
f 1656 1695 1778
f 1640 1703 1743
f 1652 1686 1763
f 1643 1674 1747
f 1644 1693 1755
f 1657 1705 1767
f 1661 1712 1770
f 1654 1691 1773
f 1653 1720 1760
f 1645 1714 1758
f 1656 1700 1779
f 1640 1671 1742
f 1637 1736 1727
f 1634 1728 1723
f 1633 1726 1724
f 1635 1732 1730
f 1636 1735 1733
f 1638 1739 1738
f 1655 1776 1774
f 1662 1759 1761
f 1660 1780 1782
f 1639 1740 1741
f 1650 1769 1762
f 1647 1752 1749
f 1642 1748 1750
f 1648 1765 1764
f 1649 1768 1766
f 1652 1775 1771
f 1643 1753 1751
f 1644 1754 1756
f 1657 1777 1781
f 1661 1744 1746
f 1727 1664 1667
f 1723 1663 1664
f 1724 1665 1663
f 1730 1666 1665
f 1733 1667 1666
f 1738 1672 1669
f 1774 1690 1692
f 1761 1719 1722
f 1782 1715 1716
f 1741 1701 1699
f 1762 1679 1682
f 1749 1678 1679
f 1750 1680 1678
f 1764 1681 1680
f 1766 1682 1681
f 1771 1685 1686
f 1751 1677 1674
f 1756 1697 1693
f 1781 1706 1705
f 1746 1708 1712
f 1736 1718 1721
f 1728 1688 1689
f 1726 1668 1670
f 1732 1698 1702
f 1735 1713 1717
f 1739 1689 1691
f 1776 1721 1720
f 1759 1717 1714
f 1780 1702 1700
f 1740 1670 1671
f 1769 1709 1710
f 1752 1684 1683
f 1748 1673 1675
f 1765 1694 1696
f 1768 1704 1707
f 1775 1710 1711
f 1753 1683 1687
f 1754 1675 1676
f 1777 1696 1695
f 1744 1707 1703
f 1729 1692 1688
f 1725 1669 1668
f 1731 1699 1698
f 1734 1716 1713
f 1737 1722 1718
f 1745 1711 1708
f 1772 1687 1685
f 1757 1676 1677
f 1778 1695 1697
f 1743 1703 1706
f 1763 1686 1684
f 1747 1674 1673
f 1755 1693 1694
f 1767 1705 1704
f 1770 1712 1709
f 1773 1691 1690
f 1760 1720 1719
f 1758 1714 1715
f 1779 1700 1701
f 1742 1671 1672
f 1727 1736 1729
f 1723 1728 1725
f 1724 1726 1731
f 1730 1732 1734
f 1733 1735 1737
f 1738 1739 1745
f 1774 1776 1772
f 1761 1759 1757
f 1782 1780 1778
f 1741 1740 1743
f 1762 1769 1763
f 1749 1752 1747
f 1750 1748 1755
f 1764 1765 1767
f 1766 1768 1770
f 1771 1775 1773
f 1751 1753 1760
f 1756 1754 1758
f 1781 1777 1779
f 1746 1744 1742
f 1783 1829 1826
f 1783 1826 1825
f 1783 1825 1827
f 1783 1827 1828
f 1783 1828 1829
f 1784 1831 1834
f 1788 1854 1852
f 1794 1884 1881
f 1793 1878 1877
f 1790 1861 1863
f 1786 1844 1841
f 1786 1841 1840
f 1786 1840 1842
f 1786 1842 1843
f 1786 1843 1844
f 1787 1848 1847
f 1785 1836 1839
f 1789 1855 1859
f 1791 1867 1868
f 1792 1874 1870
f 1794 1883 1880
f 1788 1851 1850
f 1784 1832 1830
f 1790 1864 1860
f 1793 1879 1875
f 1788 1853 1851
f 1794 1882 1883
f 1793 1876 1879
f 1790 1862 1864
f 1784 1833 1832
f 1792 1872 1871
f 1787 1845 1846
f 1785 1837 1835
f 1789 1858 1856
f 1791 1869 1866
f 1792 1873 1872
f 1787 1849 1845
f 1785 1838 1837
f 1789 1857 1858
f 1791 1865 1869
f 1788 1850 1854
f 1784 1830 1831
f 1790 1860 1861
f 1793 1875 1878
f 1794 1880 1884
f 1792 1870 1873
f 1787 1847 1849
f 1785 1839 1838
f 1789 1859 1857
f 1791 1868 1865
f 1787 1846 1848
f 1785 1835 1836
f 1789 1856 1855
f 1791 1866 1867
f 1792 1871 1874
f 1788 1852 1853
f 1794 1881 1882
f 1793 1877 1876
f 1790 1863 1862
f 1784 1834 1833
f 1817 1891 1898
f 1800 1887 1890
f 1801 1893 1888
f 1822 1896 1894
f 1824 1899 1897
f 1816 1907 1901
f 1815 1934 1938
f 1807 1919 1921
f 1818 1940 1942
f 1802 1905 1902
f 1814 1925 1931
f 1805 1909 1914
f 1806 1917 1910
f 1819 1929 1927
f 1823 1932 1930
f 1816 1935 1937
f 1815 1922 1915
f 1807 1920 1916
f 1818 1941 1939
f 1802 1904 1906
f 1799 1889 1829
f 1796 1885 1826
f 1795 1886 1825
f 1797 1892 1827
f 1798 1895 1828
f 1800 1900 1831
f 1817 1936 1854
f 1824 1923 1884
f 1822 1944 1878
f 1801 1903 1861
f 1812 1924 1844
f 1809 1911 1841
f 1804 1912 1840
f 1810 1926 1842
f 1811 1928 1843
f 1814 1933 1848
f 1805 1913 1836
f 1806 1918 1855
f 1819 1943 1867
f 1823 1908 1874
f 1817 1898 1883
f 1800 1890 1851
f 1801 1888 1832
f 1822 1894 1864
f 1824 1897 1879
f 1816 1901 1853
f 1815 1938 1882
f 1807 1921 1876
f 1818 1942 1862
f 1802 1902 1833
f 1814 1931 1872
f 1805 1914 1845
f 1806 1910 1837
f 1819 1927 1858
f 1823 1930 1869
f 1816 1937 1873
f 1815 1915 1849
f 1807 1916 1838
f 1818 1939 1857
f 1802 1906 1865
f 1796 1891 1850
f 1795 1887 1830
f 1797 1893 1860
f 1798 1896 1875
f 1799 1899 1880
f 1803 1907 1870
f 1813 1934 1847
f 1808 1919 1839
f 1820 1940 1859
f 1821 1905 1868
f 1809 1925 1846
f 1804 1909 1835
f 1810 1917 1856
f 1811 1929 1866
f 1812 1932 1871
f 1813 1935 1852
f 1808 1922 1881
f 1820 1920 1877
f 1821 1941 1863
f 1803 1904 1834
f 1796 1889 1891
f 1795 1885 1887
f 1797 1886 1893
f 1798 1892 1896
f 1799 1895 1899
f 1803 1900 1907
f 1813 1936 1934
f 1808 1923 1919
f 1820 1944 1940
f 1821 1903 1905
f 1809 1924 1925
f 1804 1911 1909
f 1810 1912 1917
f 1811 1926 1929
f 1812 1928 1932
f 1813 1933 1935
f 1808 1913 1922
f 1820 1918 1920
f 1821 1943 1941
f 1803 1908 1904
f 1796 1826 1889
f 1795 1825 1885
f 1797 1827 1886
f 1798 1828 1892
f 1799 1829 1895
f 1803 1834 1900
f 1813 1852 1936
f 1808 1881 1923
f 1820 1877 1944
f 1821 1863 1903
f 1809 1841 1924
f 1804 1840 1911
f 1810 1842 1912
f 1811 1843 1926
f 1812 1844 1928
f 1813 1847 1933
f 1808 1839 1913
f 1820 1859 1918
f 1821 1868 1943
f 1803 1870 1908
f 1799 1880 1898
f 1796 1850 1890
f 1795 1830 1888
f 1797 1860 1894
f 1798 1875 1897
f 1800 1851 1901
f 1817 1883 1938
f 1824 1879 1921
f 1822 1864 1942
f 1801 1832 1902
f 1812 1871 1931
f 1809 1846 1914
f 1804 1835 1910
f 1810 1856 1927
f 1811 1866 1930
f 1814 1872 1937
f 1805 1845 1915
f 1806 1837 1916
f 1819 1858 1939
f 1823 1869 1906
f 1817 1854 1891
f 1800 1831 1887
f 1801 1861 1893
f 1822 1878 1896
f 1824 1884 1899
f 1816 1873 1907
f 1815 1849 1934
f 1807 1838 1919
f 1818 1857 1940
f 1802 1865 1905
f 1814 1848 1925
f 1805 1836 1909
f 1806 1855 1917
f 1819 1867 1929
f 1823 1874 1932
f 1816 1853 1935
f 1815 1882 1922
f 1807 1876 1920
f 1818 1862 1941
f 1802 1833 1904
f 1799 1898 1889
f 1796 1890 1885
f 1795 1888 1886
f 1797 1894 1892
f 1798 1897 1895
f 1800 1901 1900
f 1817 1938 1936
f 1824 1921 1923
f 1822 1942 1944
f 1801 1902 1903
f 1812 1931 1924
f 1809 1914 1911
f 1804 1910 1912
f 1810 1927 1926
f 1811 1930 1928
f 1814 1937 1933
f 1805 1915 1913
f 1806 1916 1918
f 1819 1939 1943
f 1823 1906 1908
f 1889 1826 1829
f 1885 1825 1826
f 1886 1827 1825
f 1892 1828 1827
f 1895 1829 1828
f 1900 1834 1831
f 1936 1852 1854
f 1923 1881 1884
f 1944 1877 1878
f 1903 1863 1861
f 1924 1841 1844
f 1911 1840 1841
f 1912 1842 1840
f 1926 1843 1842
f 1928 1844 1843
f 1933 1847 1848
f 1913 1839 1836
f 1918 1859 1855
f 1943 1868 1867
f 1908 1870 1874
f 1898 1880 1883
f 1890 1850 1851
f 1888 1830 1832
f 1894 1860 1864
f 1897 1875 1879
f 1901 1851 1853
f 1938 1883 1882
f 1921 1879 1876
f 1942 1864 1862
f 1902 1832 1833
f 1931 1871 1872
f 1914 1846 1845
f 1910 1835 1837
f 1927 1856 1858
f 1930 1866 1869
f 1937 1872 1873
f 1915 1845 1849
f 1916 1837 1838
f 1939 1858 1857
f 1906 1869 1865
f 1891 1854 1850
f 1887 1831 1830
f 1893 1861 1860
f 1896 1878 1875
f 1899 1884 1880
f 1907 1873 1870
f 1934 1849 1847
f 1919 1838 1839
f 1940 1857 1859
f 1905 1865 1868
f 1925 1848 1846
f 1909 1836 1835
f 1917 1855 1856
f 1929 1867 1866
f 1932 1874 1871
f 1935 1853 1852
f 1922 1882 1881
f 1920 1876 1877
f 1941 1862 1863
f 1904 1833 1834
f 1889 1898 1891
f 1885 1890 1887
f 1886 1888 1893
f 1892 1894 1896
f 1895 1897 1899
f 1900 1901 1907
f 1936 1938 1934
f 1923 1921 1919
f 1944 1942 1940
f 1903 1902 1905
f 1924 1931 1925
f 1911 1914 1909
f 1912 1910 1917
f 1926 1927 1929
f 1928 1930 1932
f 1933 1937 1935
f 1913 1915 1922
f 1918 1916 1920
f 1943 1939 1941
f 1908 1906 1904
f 1945 1991 1988
f 1945 1988 1987
f 1945 1987 1989
f 1945 1989 1990
f 1945 1990 1991
f 1946 1993 1996
f 1950 2016 2014
f 1956 2046 2043
f 1955 2040 2039
f 1952 2023 2025
f 1948 2006 2003
f 1948 2003 2002
f 1948 2002 2004
f 1948 2004 2005
f 1948 2005 2006
f 1949 2010 2009
f 1947 1998 2001
f 1951 2017 2021
f 1953 2029 2030
f 1954 2036 2032
f 1956 2045 2042
f 1950 2013 2012
f 1946 1994 1992
f 1952 2026 2022
f 1955 2041 2037
f 1950 2015 2013
f 1956 2044 2045
f 1955 2038 2041
f 1952 2024 2026
f 1946 1995 1994
f 1954 2034 2033
f 1949 2007 2008
f 1947 1999 1997
f 1951 2020 2018
f 1953 2031 2028
f 1954 2035 2034
f 1949 2011 2007
f 1947 2000 1999
f 1951 2019 2020
f 1953 2027 2031
f 1950 2012 2016
f 1946 1992 1993
f 1952 2022 2023
f 1955 2037 2040
f 1956 2042 2046
f 1954 2032 2035
f 1949 2009 2011
f 1947 2001 2000
f 1951 2021 2019
f 1953 2030 2027
f 1949 2008 2010
f 1947 1997 1998
f 1951 2018 2017
f 1953 2028 2029
f 1954 2033 2036
f 1950 2014 2015
f 1956 2043 2044
f 1955 2039 2038
f 1952 2025 2024
f 1946 1996 1995
f 1979 2053 2060
f 1962 2049 2052
f 1963 2055 2050
f 1984 2058 2056
f 1986 2061 2059
f 1978 2069 2063
f 1977 2096 2100
f 1969 2081 2083
f 1980 2102 2104
f 1964 2067 2064
f 1976 2087 2093
f 1967 2071 2076
f 1968 2079 2072
f 1981 2091 2089
f 1985 2094 2092
f 1978 2097 2099
f 1977 2084 2077
f 1969 2082 2078
f 1980 2103 2101
f 1964 2066 2068
f 1961 2051 1991
f 1958 2047 1988
f 1957 2048 1987
f 1959 2054 1989
f 1960 2057 1990
f 1962 2062 1993
f 1979 2098 2016
f 1986 2085 2046
f 1984 2106 2040
f 1963 2065 2023
f 1974 2086 2006
f 1971 2073 2003
f 1966 2074 2002
f 1972 2088 2004
f 1973 2090 2005
f 1976 2095 2010
f 1967 2075 1998
f 1968 2080 2017
f 1981 2105 2029
f 1985 2070 2036
f 1979 2060 2045
f 1962 2052 2013
f 1963 2050 1994
f 1984 2056 2026
f 1986 2059 2041
f 1978 2063 2015
f 1977 2100 2044
f 1969 2083 2038
f 1980 2104 2024
f 1964 2064 1995
f 1976 2093 2034
f 1967 2076 2007
f 1968 2072 1999
f 1981 2089 2020
f 1985 2092 2031
f 1978 2099 2035
f 1977 2077 2011
f 1969 2078 2000
f 1980 2101 2019
f 1964 2068 2027
f 1958 2053 2012
f 1957 2049 1992
f 1959 2055 2022
f 1960 2058 2037
f 1961 2061 2042
f 1965 2069 2032
f 1975 2096 2009
f 1970 2081 2001
f 1982 2102 2021
f 1983 2067 2030
f 1971 2087 2008
f 1966 2071 1997
f 1972 2079 2018
f 1973 2091 2028
f 1974 2094 2033
f 1975 2097 2014
f 1970 2084 2043
f 1982 2082 2039
f 1983 2103 2025
f 1965 2066 1996
f 1958 2051 2053
f 1957 2047 2049
f 1959 2048 2055
f 1960 2054 2058
f 1961 2057 2061
f 1965 2062 2069
f 1975 2098 2096
f 1970 2085 2081
f 1982 2106 2102
f 1983 2065 2067
f 1971 2086 2087
f 1966 2073 2071
f 1972 2074 2079
f 1973 2088 2091
f 1974 2090 2094
f 1975 2095 2097
f 1970 2075 2084
f 1982 2080 2082
f 1983 2105 2103
f 1965 2070 2066
f 1958 1988 2051
f 1957 1987 2047
f 1959 1989 2048
f 1960 1990 2054
f 1961 1991 2057
f 1965 1996 2062
f 1975 2014 2098
f 1970 2043 2085
f 1982 2039 2106
f 1983 2025 2065
f 1971 2003 2086
f 1966 2002 2073
f 1972 2004 2074
f 1973 2005 2088
f 1974 2006 2090
f 1975 2009 2095
f 1970 2001 2075
f 1982 2021 2080
f 1983 2030 2105
f 1965 2032 2070
f 1961 2042 2060
f 1958 2012 2052
f 1957 1992 2050
f 1959 2022 2056
f 1960 2037 2059
f 1962 2013 2063
f 1979 2045 2100
f 1986 2041 2083
f 1984 2026 2104
f 1963 1994 2064
f 1974 2033 2093
f 1971 2008 2076
f 1966 1997 2072
f 1972 2018 2089
f 1973 2028 2092
f 1976 2034 2099
f 1967 2007 2077
f 1968 1999 2078
f 1981 2020 2101
f 1985 2031 2068
f 1979 2016 2053
f 1962 1993 2049
f 1963 2023 2055
f 1984 2040 2058
f 1986 2046 2061
f 1978 2035 2069
f 1977 2011 2096
f 1969 2000 2081
f 1980 2019 2102
f 1964 2027 2067
f 1976 2010 2087
f 1967 1998 2071
f 1968 2017 2079
f 1981 2029 2091
f 1985 2036 2094
f 1978 2015 2097
f 1977 2044 2084
f 1969 2038 2082
f 1980 2024 2103
f 1964 1995 2066
f 1961 2060 2051
f 1958 2052 2047
f 1957 2050 2048
f 1959 2056 2054
f 1960 2059 2057
f 1962 2063 2062
f 1979 2100 2098
f 1986 2083 2085
f 1984 2104 2106
f 1963 2064 2065
f 1974 2093 2086
f 1971 2076 2073
f 1966 2072 2074
f 1972 2089 2088
f 1973 2092 2090
f 1976 2099 2095
f 1967 2077 2075
f 1968 2078 2080
f 1981 2101 2105
f 1985 2068 2070
f 2051 1988 1991
f 2047 1987 1988
f 2048 1989 1987
f 2054 1990 1989
f 2057 1991 1990
f 2062 1996 1993
f 2098 2014 2016
f 2085 2043 2046
f 2106 2039 2040
f 2065 2025 2023
f 2086 2003 2006
f 2073 2002 2003
f 2074 2004 2002
f 2088 2005 2004
f 2090 2006 2005
f 2095 2009 2010
f 2075 2001 1998
f 2080 2021 2017
f 2105 2030 2029
f 2070 2032 2036
f 2060 2042 2045
f 2052 2012 2013
f 2050 1992 1994
f 2056 2022 2026
f 2059 2037 2041
f 2063 2013 2015
f 2100 2045 2044
f 2083 2041 2038
f 2104 2026 2024
f 2064 1994 1995
f 2093 2033 2034
f 2076 2008 2007
f 2072 1997 1999
f 2089 2018 2020
f 2092 2028 2031
f 2099 2034 2035
f 2077 2007 2011
f 2078 1999 2000
f 2101 2020 2019
f 2068 2031 2027
f 2053 2016 2012
f 2049 1993 1992
f 2055 2023 2022
f 2058 2040 2037
f 2061 2046 2042
f 2069 2035 2032
f 2096 2011 2009
f 2081 2000 2001
f 2102 2019 2021
f 2067 2027 2030
f 2087 2010 2008
f 2071 1998 1997
f 2079 2017 2018
f 2091 2029 2028
f 2094 2036 2033
f 2097 2015 2014
f 2084 2044 2043
f 2082 2038 2039
f 2103 2024 2025
f 2066 1995 1996
f 2051 2060 2053
f 2047 2052 2049
f 2048 2050 2055
f 2054 2056 2058
f 2057 2059 2061
f 2062 2063 2069
f 2098 2100 2096
f 2085 2083 2081
f 2106 2104 2102
f 2065 2064 2067
f 2086 2093 2087
f 2073 2076 2071
f 2074 2072 2079
f 2088 2089 2091
f 2090 2092 2094
f 2095 2099 2097
f 2075 2077 2084
f 2080 2078 2082
f 2105 2101 2103
f 2070 2068 2066
f 2107 2153 2150
f 2107 2150 2149
f 2107 2149 2151
f 2107 2151 2152
f 2107 2152 2153
f 2108 2155 2158
f 2112 2178 2176
f 2118 2208 2205
f 2117 2202 2201
f 2114 2185 2187
f 2110 2168 2165
f 2110 2165 2164
f 2110 2164 2166
f 2110 2166 2167
f 2110 2167 2168
f 2111 2172 2171
f 2109 2160 2163
f 2113 2179 2183
f 2115 2191 2192
f 2116 2198 2194
f 2118 2207 2204
f 2112 2175 2174
f 2108 2156 2154
f 2114 2188 2184
f 2117 2203 2199
f 2112 2177 2175
f 2118 2206 2207
f 2117 2200 2203
f 2114 2186 2188
f 2108 2157 2156
f 2116 2196 2195
f 2111 2169 2170
f 2109 2161 2159
f 2113 2182 2180
f 2115 2193 2190
f 2116 2197 2196
f 2111 2173 2169
f 2109 2162 2161
f 2113 2181 2182
f 2115 2189 2193
f 2112 2174 2178
f 2108 2154 2155
f 2114 2184 2185
f 2117 2199 2202
f 2118 2204 2208
f 2116 2194 2197
f 2111 2171 2173
f 2109 2163 2162
f 2113 2183 2181
f 2115 2192 2189
f 2111 2170 2172
f 2109 2159 2160
f 2113 2180 2179
f 2115 2190 2191
f 2116 2195 2198
f 2112 2176 2177
f 2118 2205 2206
f 2117 2201 2200
f 2114 2187 2186
f 2108 2158 2157
f 2141 2215 2222
f 2124 2211 2214
f 2125 2217 2212
f 2146 2220 2218
f 2148 2223 2221
f 2140 2231 2225
f 2139 2258 2262
f 2131 2243 2245
f 2142 2264 2266
f 2126 2229 2226
f 2138 2249 2255
f 2129 2233 2238
f 2130 2241 2234
f 2143 2253 2251
f 2147 2256 2254
f 2140 2259 2261
f 2139 2246 2239
f 2131 2244 2240
f 2142 2265 2263
f 2126 2228 2230
f 2123 2213 2153
f 2120 2209 2150
f 2119 2210 2149
f 2121 2216 2151
f 2122 2219 2152
f 2124 2224 2155
f 2141 2260 2178
f 2148 2247 2208
f 2146 2268 2202
f 2125 2227 2185
f 2136 2248 2168
f 2133 2235 2165
f 2128 2236 2164
f 2134 2250 2166
f 2135 2252 2167
f 2138 2257 2172
f 2129 2237 2160
f 2130 2242 2179
f 2143 2267 2191
f 2147 2232 2198
f 2141 2222 2207
f 2124 2214 2175
f 2125 2212 2156
f 2146 2218 2188
f 2148 2221 2203
f 2140 2225 2177
f 2139 2262 2206
f 2131 2245 2200
f 2142 2266 2186
f 2126 2226 2157
f 2138 2255 2196
f 2129 2238 2169
f 2130 2234 2161
f 2143 2251 2182
f 2147 2254 2193
f 2140 2261 2197
f 2139 2239 2173
f 2131 2240 2162
f 2142 2263 2181
f 2126 2230 2189
f 2120 2215 2174
f 2119 2211 2154
f 2121 2217 2184
f 2122 2220 2199
f 2123 2223 2204
f 2127 2231 2194
f 2137 2258 2171
f 2132 2243 2163
f 2144 2264 2183
f 2145 2229 2192
f 2133 2249 2170
f 2128 2233 2159
f 2134 2241 2180
f 2135 2253 2190
f 2136 2256 2195
f 2137 2259 2176
f 2132 2246 2205
f 2144 2244 2201
f 2145 2265 2187
f 2127 2228 2158
f 2120 2213 2215
f 2119 2209 2211
f 2121 2210 2217
f 2122 2216 2220
f 2123 2219 2223
f 2127 2224 2231
f 2137 2260 2258
f 2132 2247 2243
f 2144 2268 2264
f 2145 2227 2229
f 2133 2248 2249
f 2128 2235 2233
f 2134 2236 2241
f 2135 2250 2253
f 2136 2252 2256
f 2137 2257 2259
f 2132 2237 2246
f 2144 2242 2244
f 2145 2267 2265
f 2127 2232 2228
f 2120 2150 2213
f 2119 2149 2209
f 2121 2151 2210
f 2122 2152 2216
f 2123 2153 2219
f 2127 2158 2224
f 2137 2176 2260
f 2132 2205 2247
f 2144 2201 2268
f 2145 2187 2227
f 2133 2165 2248
f 2128 2164 2235
f 2134 2166 2236
f 2135 2167 2250
f 2136 2168 2252
f 2137 2171 2257
f 2132 2163 2237
f 2144 2183 2242
f 2145 2192 2267
f 2127 2194 2232
f 2123 2204 2222
f 2120 2174 2214
f 2119 2154 2212
f 2121 2184 2218
f 2122 2199 2221
f 2124 2175 2225
f 2141 2207 2262
f 2148 2203 2245
f 2146 2188 2266
f 2125 2156 2226
f 2136 2195 2255
f 2133 2170 2238
f 2128 2159 2234
f 2134 2180 2251
f 2135 2190 2254
f 2138 2196 2261
f 2129 2169 2239
f 2130 2161 2240
f 2143 2182 2263
f 2147 2193 2230
f 2141 2178 2215
f 2124 2155 2211
f 2125 2185 2217
f 2146 2202 2220
f 2148 2208 2223
f 2140 2197 2231
f 2139 2173 2258
f 2131 2162 2243
f 2142 2181 2264
f 2126 2189 2229
f 2138 2172 2249
f 2129 2160 2233
f 2130 2179 2241
f 2143 2191 2253
f 2147 2198 2256
f 2140 2177 2259
f 2139 2206 2246
f 2131 2200 2244
f 2142 2186 2265
f 2126 2157 2228
f 2123 2222 2213
f 2120 2214 2209
f 2119 2212 2210
f 2121 2218 2216
f 2122 2221 2219
f 2124 2225 2224
f 2141 2262 2260
f 2148 2245 2247
f 2146 2266 2268
f 2125 2226 2227
f 2136 2255 2248
f 2133 2238 2235
f 2128 2234 2236
f 2134 2251 2250
f 2135 2254 2252
f 2138 2261 2257
f 2129 2239 2237
f 2130 2240 2242
f 2143 2263 2267
f 2147 2230 2232
f 2213 2150 2153
f 2209 2149 2150
f 2210 2151 2149
f 2216 2152 2151
f 2219 2153 2152
f 2224 2158 2155
f 2260 2176 2178
f 2247 2205 2208
f 2268 2201 2202
f 2227 2187 2185
f 2248 2165 2168
f 2235 2164 2165
f 2236 2166 2164
f 2250 2167 2166
f 2252 2168 2167
f 2257 2171 2172
f 2237 2163 2160
f 2242 2183 2179
f 2267 2192 2191
f 2232 2194 2198
f 2222 2204 2207
f 2214 2174 2175
f 2212 2154 2156
f 2218 2184 2188
f 2221 2199 2203
f 2225 2175 2177
f 2262 2207 2206
f 2245 2203 2200
f 2266 2188 2186
f 2226 2156 2157
f 2255 2195 2196
f 2238 2170 2169
f 2234 2159 2161
f 2251 2180 2182
f 2254 2190 2193
f 2261 2196 2197
f 2239 2169 2173
f 2240 2161 2162
f 2263 2182 2181
f 2230 2193 2189
f 2215 2178 2174
f 2211 2155 2154
f 2217 2185 2184
f 2220 2202 2199
f 2223 2208 2204
f 2231 2197 2194
f 2258 2173 2171
f 2243 2162 2163
f 2264 2181 2183
f 2229 2189 2192
f 2249 2172 2170
f 2233 2160 2159
f 2241 2179 2180
f 2253 2191 2190
f 2256 2198 2195
f 2259 2177 2176
f 2246 2206 2205
f 2244 2200 2201
f 2265 2186 2187
f 2228 2157 2158
f 2213 2222 2215
f 2209 2214 2211
f 2210 2212 2217
f 2216 2218 2220
f 2219 2221 2223
f 2224 2225 2231
f 2260 2262 2258
f 2247 2245 2243
f 2268 2266 2264
f 2227 2226 2229
f 2248 2255 2249
f 2235 2238 2233
f 2236 2234 2241
f 2250 2251 2253
f 2252 2254 2256
f 2257 2261 2259
f 2237 2239 2246
f 2242 2240 2244
f 2267 2263 2265
f 2232 2230 2228
f 2269 2315 2312
f 2269 2312 2311
f 2269 2311 2313
f 2269 2313 2314
f 2269 2314 2315
f 2270 2317 2320
f 2274 2340 2338
f 2280 2370 2367
f 2279 2364 2363
f 2276 2347 2349
f 2272 2330 2327
f 2272 2327 2326
f 2272 2326 2328
f 2272 2328 2329
f 2272 2329 2330
f 2273 2334 2333
f 2271 2322 2325
f 2275 2341 2345
f 2277 2353 2354
f 2278 2360 2356
f 2280 2369 2366
f 2274 2337 2336
f 2270 2318 2316
f 2276 2350 2346
f 2279 2365 2361
f 2274 2339 2337
f 2280 2368 2369
f 2279 2362 2365
f 2276 2348 2350
f 2270 2319 2318
f 2278 2358 2357
f 2273 2331 2332
f 2271 2323 2321
f 2275 2344 2342
f 2277 2355 2352
f 2278 2359 2358
f 2273 2335 2331
f 2271 2324 2323
f 2275 2343 2344
f 2277 2351 2355
f 2274 2336 2340
f 2270 2316 2317
f 2276 2346 2347
f 2279 2361 2364
f 2280 2366 2370
f 2278 2356 2359
f 2273 2333 2335
f 2271 2325 2324
f 2275 2345 2343
f 2277 2354 2351
f 2273 2332 2334
f 2271 2321 2322
f 2275 2342 2341
f 2277 2352 2353
f 2278 2357 2360
f 2274 2338 2339
f 2280 2367 2368
f 2279 2363 2362
f 2276 2349 2348
f 2270 2320 2319
f 2303 2377 2384
f 2286 2373 2376
f 2287 2379 2374
f 2308 2382 2380
f 2310 2385 2383
f 2302 2393 2387
f 2301 2420 2424
f 2293 2405 2407
f 2304 2426 2428
f 2288 2391 2388
f 2300 2411 2417
f 2291 2395 2400
f 2292 2403 2396
f 2305 2415 2413
f 2309 2418 2416
f 2302 2421 2423
f 2301 2408 2401
f 2293 2406 2402
f 2304 2427 2425
f 2288 2390 2392
f 2285 2375 2315
f 2282 2371 2312
f 2281 2372 2311
f 2283 2378 2313
f 2284 2381 2314
f 2286 2386 2317
f 2303 2422 2340
f 2310 2409 2370
f 2308 2430 2364
f 2287 2389 2347
f 2298 2410 2330
f 2295 2397 2327
f 2290 2398 2326
f 2296 2412 2328
f 2297 2414 2329
f 2300 2419 2334
f 2291 2399 2322
f 2292 2404 2341
f 2305 2429 2353
f 2309 2394 2360
f 2303 2384 2369
f 2286 2376 2337
f 2287 2374 2318
f 2308 2380 2350
f 2310 2383 2365
f 2302 2387 2339
f 2301 2424 2368
f 2293 2407 2362
f 2304 2428 2348
f 2288 2388 2319
f 2300 2417 2358
f 2291 2400 2331
f 2292 2396 2323
f 2305 2413 2344
f 2309 2416 2355
f 2302 2423 2359
f 2301 2401 2335
f 2293 2402 2324
f 2304 2425 2343
f 2288 2392 2351
f 2282 2377 2336
f 2281 2373 2316
f 2283 2379 2346
f 2284 2382 2361
f 2285 2385 2366
f 2289 2393 2356
f 2299 2420 2333
f 2294 2405 2325
f 2306 2426 2345
f 2307 2391 2354
f 2295 2411 2332
f 2290 2395 2321
f 2296 2403 2342
f 2297 2415 2352
f 2298 2418 2357
f 2299 2421 2338
f 2294 2408 2367
f 2306 2406 2363
f 2307 2427 2349
f 2289 2390 2320
f 2282 2375 2377
f 2281 2371 2373
f 2283 2372 2379
f 2284 2378 2382
f 2285 2381 2385
f 2289 2386 2393
f 2299 2422 2420
f 2294 2409 2405
f 2306 2430 2426
f 2307 2389 2391
f 2295 2410 2411
f 2290 2397 2395
f 2296 2398 2403
f 2297 2412 2415
f 2298 2414 2418
f 2299 2419 2421
f 2294 2399 2408
f 2306 2404 2406
f 2307 2429 2427
f 2289 2394 2390
f 2282 2312 2375
f 2281 2311 2371
f 2283 2313 2372
f 2284 2314 2378
f 2285 2315 2381
f 2289 2320 2386
f 2299 2338 2422
f 2294 2367 2409
f 2306 2363 2430
f 2307 2349 2389
f 2295 2327 2410
f 2290 2326 2397
f 2296 2328 2398
f 2297 2329 2412
f 2298 2330 2414
f 2299 2333 2419
f 2294 2325 2399
f 2306 2345 2404
f 2307 2354 2429
f 2289 2356 2394
f 2285 2366 2384
f 2282 2336 2376
f 2281 2316 2374
f 2283 2346 2380
f 2284 2361 2383
f 2286 2337 2387
f 2303 2369 2424
f 2310 2365 2407
f 2308 2350 2428
f 2287 2318 2388
f 2298 2357 2417
f 2295 2332 2400
f 2290 2321 2396
f 2296 2342 2413
f 2297 2352 2416
f 2300 2358 2423
f 2291 2331 2401
f 2292 2323 2402
f 2305 2344 2425
f 2309 2355 2392
f 2303 2340 2377
f 2286 2317 2373
f 2287 2347 2379
f 2308 2364 2382
f 2310 2370 2385
f 2302 2359 2393
f 2301 2335 2420
f 2293 2324 2405
f 2304 2343 2426
f 2288 2351 2391
f 2300 2334 2411
f 2291 2322 2395
f 2292 2341 2403
f 2305 2353 2415
f 2309 2360 2418
f 2302 2339 2421
f 2301 2368 2408
f 2293 2362 2406
f 2304 2348 2427
f 2288 2319 2390
f 2285 2384 2375
f 2282 2376 2371
f 2281 2374 2372
f 2283 2380 2378
f 2284 2383 2381
f 2286 2387 2386
f 2303 2424 2422
f 2310 2407 2409
f 2308 2428 2430
f 2287 2388 2389
f 2298 2417 2410
f 2295 2400 2397
f 2290 2396 2398
f 2296 2413 2412
f 2297 2416 2414
f 2300 2423 2419
f 2291 2401 2399
f 2292 2402 2404
f 2305 2425 2429
f 2309 2392 2394
f 2375 2312 2315
f 2371 2311 2312
f 2372 2313 2311
f 2378 2314 2313
f 2381 2315 2314
f 2386 2320 2317
f 2422 2338 2340
f 2409 2367 2370
f 2430 2363 2364
f 2389 2349 2347
f 2410 2327 2330
f 2397 2326 2327
f 2398 2328 2326
f 2412 2329 2328
f 2414 2330 2329
f 2419 2333 2334
f 2399 2325 2322
f 2404 2345 2341
f 2429 2354 2353
f 2394 2356 2360
f 2384 2366 2369
f 2376 2336 2337
f 2374 2316 2318
f 2380 2346 2350
f 2383 2361 2365
f 2387 2337 2339
f 2424 2369 2368
f 2407 2365 2362
f 2428 2350 2348
f 2388 2318 2319
f 2417 2357 2358
f 2400 2332 2331
f 2396 2321 2323
f 2413 2342 2344
f 2416 2352 2355
f 2423 2358 2359
f 2401 2331 2335
f 2402 2323 2324
f 2425 2344 2343
f 2392 2355 2351
f 2377 2340 2336
f 2373 2317 2316
f 2379 2347 2346
f 2382 2364 2361
f 2385 2370 2366
f 2393 2359 2356
f 2420 2335 2333
f 2405 2324 2325
f 2426 2343 2345
f 2391 2351 2354
f 2411 2334 2332
f 2395 2322 2321
f 2403 2341 2342
f 2415 2353 2352
f 2418 2360 2357
f 2421 2339 2338
f 2408 2368 2367
f 2406 2362 2363
f 2427 2348 2349
f 2390 2319 2320
f 2375 2384 2377
f 2371 2376 2373
f 2372 2374 2379
f 2378 2380 2382
f 2381 2383 2385
f 2386 2387 2393
f 2422 2424 2420
f 2409 2407 2405
f 2430 2428 2426
f 2389 2388 2391
f 2410 2417 2411
f 2397 2400 2395
f 2398 2396 2403
f 2412 2413 2415
f 2414 2416 2418
f 2419 2423 2421
f 2399 2401 2408
f 2404 2402 2406
f 2429 2425 2427
f 2394 2392 2390
f 2431 2477 2474
f 2431 2474 2473
f 2431 2473 2475
f 2431 2475 2476
f 2431 2476 2477
f 2432 2479 2482
f 2436 2502 2500
f 2442 2532 2529
f 2441 2526 2525
f 2438 2509 2511
f 2434 2492 2489
f 2434 2489 2488
f 2434 2488 2490
f 2434 2490 2491
f 2434 2491 2492
f 2435 2496 2495
f 2433 2484 2487
f 2437 2503 2507
f 2439 2515 2516
f 2440 2522 2518
f 2442 2531 2528
f 2436 2499 2498
f 2432 2480 2478
f 2438 2512 2508
f 2441 2527 2523
f 2436 2501 2499
f 2442 2530 2531
f 2441 2524 2527
f 2438 2510 2512
f 2432 2481 2480
f 2440 2520 2519
f 2435 2493 2494
f 2433 2485 2483
f 2437 2506 2504
f 2439 2517 2514
f 2440 2521 2520
f 2435 2497 2493
f 2433 2486 2485
f 2437 2505 2506
f 2439 2513 2517
f 2436 2498 2502
f 2432 2478 2479
f 2438 2508 2509
f 2441 2523 2526
f 2442 2528 2532
f 2440 2518 2521
f 2435 2495 2497
f 2433 2487 2486
f 2437 2507 2505
f 2439 2516 2513
f 2435 2494 2496
f 2433 2483 2484
f 2437 2504 2503
f 2439 2514 2515
f 2440 2519 2522
f 2436 2500 2501
f 2442 2529 2530
f 2441 2525 2524
f 2438 2511 2510
f 2432 2482 2481
f 2465 2539 2546
f 2448 2535 2538
f 2449 2541 2536
f 2470 2544 2542
f 2472 2547 2545
f 2464 2555 2549
f 2463 2582 2586
f 2455 2567 2569
f 2466 2588 2590
f 2450 2553 2550
f 2462 2573 2579
f 2453 2557 2562
f 2454 2565 2558
f 2467 2577 2575
f 2471 2580 2578
f 2464 2583 2585
f 2463 2570 2563
f 2455 2568 2564
f 2466 2589 2587
f 2450 2552 2554
f 2447 2537 2477
f 2444 2533 2474
f 2443 2534 2473
f 2445 2540 2475
f 2446 2543 2476
f 2448 2548 2479
f 2465 2584 2502
f 2472 2571 2532
f 2470 2592 2526
f 2449 2551 2509
f 2460 2572 2492
f 2457 2559 2489
f 2452 2560 2488
f 2458 2574 2490
f 2459 2576 2491
f 2462 2581 2496
f 2453 2561 2484
f 2454 2566 2503
f 2467 2591 2515
f 2471 2556 2522
f 2465 2546 2531
f 2448 2538 2499
f 2449 2536 2480
f 2470 2542 2512
f 2472 2545 2527
f 2464 2549 2501
f 2463 2586 2530
f 2455 2569 2524
f 2466 2590 2510
f 2450 2550 2481
f 2462 2579 2520
f 2453 2562 2493
f 2454 2558 2485
f 2467 2575 2506
f 2471 2578 2517
f 2464 2585 2521
f 2463 2563 2497
f 2455 2564 2486
f 2466 2587 2505
f 2450 2554 2513
f 2444 2539 2498
f 2443 2535 2478
f 2445 2541 2508
f 2446 2544 2523
f 2447 2547 2528
f 2451 2555 2518
f 2461 2582 2495
f 2456 2567 2487
f 2468 2588 2507
f 2469 2553 2516
f 2457 2573 2494
f 2452 2557 2483
f 2458 2565 2504
f 2459 2577 2514
f 2460 2580 2519
f 2461 2583 2500
f 2456 2570 2529
f 2468 2568 2525
f 2469 2589 2511
f 2451 2552 2482
f 2444 2537 2539
f 2443 2533 2535
f 2445 2534 2541
f 2446 2540 2544
f 2447 2543 2547
f 2451 2548 2555
f 2461 2584 2582
f 2456 2571 2567
f 2468 2592 2588
f 2469 2551 2553
f 2457 2572 2573
f 2452 2559 2557
f 2458 2560 2565
f 2459 2574 2577
f 2460 2576 2580
f 2461 2581 2583
f 2456 2561 2570
f 2468 2566 2568
f 2469 2591 2589
f 2451 2556 2552
f 2444 2474 2537
f 2443 2473 2533
f 2445 2475 2534
f 2446 2476 2540
f 2447 2477 2543
f 2451 2482 2548
f 2461 2500 2584
f 2456 2529 2571
f 2468 2525 2592
f 2469 2511 2551
f 2457 2489 2572
f 2452 2488 2559
f 2458 2490 2560
f 2459 2491 2574
f 2460 2492 2576
f 2461 2495 2581
f 2456 2487 2561
f 2468 2507 2566
f 2469 2516 2591
f 2451 2518 2556
f 2447 2528 2546
f 2444 2498 2538
f 2443 2478 2536
f 2445 2508 2542
f 2446 2523 2545
f 2448 2499 2549
f 2465 2531 2586
f 2472 2527 2569
f 2470 2512 2590
f 2449 2480 2550
f 2460 2519 2579
f 2457 2494 2562
f 2452 2483 2558
f 2458 2504 2575
f 2459 2514 2578
f 2462 2520 2585
f 2453 2493 2563
f 2454 2485 2564
f 2467 2506 2587
f 2471 2517 2554
f 2465 2502 2539
f 2448 2479 2535
f 2449 2509 2541
f 2470 2526 2544
f 2472 2532 2547
f 2464 2521 2555
f 2463 2497 2582
f 2455 2486 2567
f 2466 2505 2588
f 2450 2513 2553
f 2462 2496 2573
f 2453 2484 2557
f 2454 2503 2565
f 2467 2515 2577
f 2471 2522 2580
f 2464 2501 2583
f 2463 2530 2570
f 2455 2524 2568
f 2466 2510 2589
f 2450 2481 2552
f 2447 2546 2537
f 2444 2538 2533
f 2443 2536 2534
f 2445 2542 2540
f 2446 2545 2543
f 2448 2549 2548
f 2465 2586 2584
f 2472 2569 2571
f 2470 2590 2592
f 2449 2550 2551
f 2460 2579 2572
f 2457 2562 2559
f 2452 2558 2560
f 2458 2575 2574
f 2459 2578 2576
f 2462 2585 2581
f 2453 2563 2561
f 2454 2564 2566
f 2467 2587 2591
f 2471 2554 2556
f 2537 2474 2477
f 2533 2473 2474
f 2534 2475 2473
f 2540 2476 2475
f 2543 2477 2476
f 2548 2482 2479
f 2584 2500 2502
f 2571 2529 2532
f 2592 2525 2526
f 2551 2511 2509
f 2572 2489 2492
f 2559 2488 2489
f 2560 2490 2488
f 2574 2491 2490
f 2576 2492 2491
f 2581 2495 2496
f 2561 2487 2484
f 2566 2507 2503
f 2591 2516 2515
f 2556 2518 2522
f 2546 2528 2531
f 2538 2498 2499
f 2536 2478 2480
f 2542 2508 2512
f 2545 2523 2527
f 2549 2499 2501
f 2586 2531 2530
f 2569 2527 2524
f 2590 2512 2510
f 2550 2480 2481
f 2579 2519 2520
f 2562 2494 2493
f 2558 2483 2485
f 2575 2504 2506
f 2578 2514 2517
f 2585 2520 2521
f 2563 2493 2497
f 2564 2485 2486
f 2587 2506 2505
f 2554 2517 2513
f 2539 2502 2498
f 2535 2479 2478
f 2541 2509 2508
f 2544 2526 2523
f 2547 2532 2528
f 2555 2521 2518
f 2582 2497 2495
f 2567 2486 2487
f 2588 2505 2507
f 2553 2513 2516
f 2573 2496 2494
f 2557 2484 2483
f 2565 2503 2504
f 2577 2515 2514
f 2580 2522 2519
f 2583 2501 2500
f 2570 2530 2529
f 2568 2524 2525
f 2589 2510 2511
f 2552 2481 2482
f 2537 2546 2539
f 2533 2538 2535
f 2534 2536 2541
f 2540 2542 2544
f 2543 2545 2547
f 2548 2549 2555
f 2584 2586 2582
f 2571 2569 2567
f 2592 2590 2588
f 2551 2550 2553
f 2572 2579 2573
f 2559 2562 2557
f 2560 2558 2565
f 2574 2575 2577
f 2576 2578 2580
f 2581 2585 2583
f 2561 2563 2570
f 2566 2564 2568
f 2591 2587 2589
f 2556 2554 2552
f 2593 2639 2636
f 2593 2636 2635
f 2593 2635 2637
f 2593 2637 2638
f 2593 2638 2639
f 2594 2641 2644
f 2598 2664 2662
f 2604 2694 2691
f 2603 2688 2687
f 2600 2671 2673
f 2596 2654 2651
f 2596 2651 2650
f 2596 2650 2652
f 2596 2652 2653
f 2596 2653 2654
f 2597 2658 2657
f 2595 2646 2649
f 2599 2665 2669
f 2601 2677 2678
f 2602 2684 2680
f 2604 2693 2690
f 2598 2661 2660
f 2594 2642 2640
f 2600 2674 2670
f 2603 2689 2685
f 2598 2663 2661
f 2604 2692 2693
f 2603 2686 2689
f 2600 2672 2674
f 2594 2643 2642
f 2602 2682 2681
f 2597 2655 2656
f 2595 2647 2645
f 2599 2668 2666
f 2601 2679 2676
f 2602 2683 2682
f 2597 2659 2655
f 2595 2648 2647
f 2599 2667 2668
f 2601 2675 2679
f 2598 2660 2664
f 2594 2640 2641
f 2600 2670 2671
f 2603 2685 2688
f 2604 2690 2694
f 2602 2680 2683
f 2597 2657 2659
f 2595 2649 2648
f 2599 2669 2667
f 2601 2678 2675
f 2597 2656 2658
f 2595 2645 2646
f 2599 2666 2665
f 2601 2676 2677
f 2602 2681 2684
f 2598 2662 2663
f 2604 2691 2692
f 2603 2687 2686
f 2600 2673 2672
f 2594 2644 2643
f 2627 2701 2708
f 2610 2697 2700
f 2611 2703 2698
f 2632 2706 2704
f 2634 2709 2707
f 2626 2717 2711
f 2625 2744 2748
f 2617 2729 2731
f 2628 2750 2752
f 2612 2715 2712
f 2624 2735 2741
f 2615 2719 2724
f 2616 2727 2720
f 2629 2739 2737
f 2633 2742 2740
f 2626 2745 2747
f 2625 2732 2725
f 2617 2730 2726
f 2628 2751 2749
f 2612 2714 2716
f 2609 2699 2639
f 2606 2695 2636
f 2605 2696 2635
f 2607 2702 2637
f 2608 2705 2638
f 2610 2710 2641
f 2627 2746 2664
f 2634 2733 2694
f 2632 2754 2688
f 2611 2713 2671
f 2622 2734 2654
f 2619 2721 2651
f 2614 2722 2650
f 2620 2736 2652
f 2621 2738 2653
f 2624 2743 2658
f 2615 2723 2646
f 2616 2728 2665
f 2629 2753 2677
f 2633 2718 2684
f 2627 2708 2693
f 2610 2700 2661
f 2611 2698 2642
f 2632 2704 2674
f 2634 2707 2689
f 2626 2711 2663
f 2625 2748 2692
f 2617 2731 2686
f 2628 2752 2672
f 2612 2712 2643
f 2624 2741 2682
f 2615 2724 2655
f 2616 2720 2647
f 2629 2737 2668
f 2633 2740 2679
f 2626 2747 2683
f 2625 2725 2659
f 2617 2726 2648
f 2628 2749 2667
f 2612 2716 2675
f 2606 2701 2660
f 2605 2697 2640
f 2607 2703 2670
f 2608 2706 2685
f 2609 2709 2690
f 2613 2717 2680
f 2623 2744 2657
f 2618 2729 2649
f 2630 2750 2669
f 2631 2715 2678
f 2619 2735 2656
f 2614 2719 2645
f 2620 2727 2666
f 2621 2739 2676
f 2622 2742 2681
f 2623 2745 2662
f 2618 2732 2691
f 2630 2730 2687
f 2631 2751 2673
f 2613 2714 2644
f 2606 2699 2701
f 2605 2695 2697
f 2607 2696 2703
f 2608 2702 2706
f 2609 2705 2709
f 2613 2710 2717
f 2623 2746 2744
f 2618 2733 2729
f 2630 2754 2750
f 2631 2713 2715
f 2619 2734 2735
f 2614 2721 2719
f 2620 2722 2727
f 2621 2736 2739
f 2622 2738 2742
f 2623 2743 2745
f 2618 2723 2732
f 2630 2728 2730
f 2631 2753 2751
f 2613 2718 2714
f 2606 2636 2699
f 2605 2635 2695
f 2607 2637 2696
f 2608 2638 2702
f 2609 2639 2705
f 2613 2644 2710
f 2623 2662 2746
f 2618 2691 2733
f 2630 2687 2754
f 2631 2673 2713
f 2619 2651 2734
f 2614 2650 2721
f 2620 2652 2722
f 2621 2653 2736
f 2622 2654 2738
f 2623 2657 2743
f 2618 2649 2723
f 2630 2669 2728
f 2631 2678 2753
f 2613 2680 2718
f 2609 2690 2708
f 2606 2660 2700
f 2605 2640 2698
f 2607 2670 2704
f 2608 2685 2707
f 2610 2661 2711
f 2627 2693 2748
f 2634 2689 2731
f 2632 2674 2752
f 2611 2642 2712
f 2622 2681 2741
f 2619 2656 2724
f 2614 2645 2720
f 2620 2666 2737
f 2621 2676 2740
f 2624 2682 2747
f 2615 2655 2725
f 2616 2647 2726
f 2629 2668 2749
f 2633 2679 2716
f 2627 2664 2701
f 2610 2641 2697
f 2611 2671 2703
f 2632 2688 2706
f 2634 2694 2709
f 2626 2683 2717
f 2625 2659 2744
f 2617 2648 2729
f 2628 2667 2750
f 2612 2675 2715
f 2624 2658 2735
f 2615 2646 2719
f 2616 2665 2727
f 2629 2677 2739
f 2633 2684 2742
f 2626 2663 2745
f 2625 2692 2732
f 2617 2686 2730
f 2628 2672 2751
f 2612 2643 2714
f 2609 2708 2699
f 2606 2700 2695
f 2605 2698 2696
f 2607 2704 2702
f 2608 2707 2705
f 2610 2711 2710
f 2627 2748 2746
f 2634 2731 2733
f 2632 2752 2754
f 2611 2712 2713
f 2622 2741 2734
f 2619 2724 2721
f 2614 2720 2722
f 2620 2737 2736
f 2621 2740 2738
f 2624 2747 2743
f 2615 2725 2723
f 2616 2726 2728
f 2629 2749 2753
f 2633 2716 2718
f 2699 2636 2639
f 2695 2635 2636
f 2696 2637 2635
f 2702 2638 2637
f 2705 2639 2638
f 2710 2644 2641
f 2746 2662 2664
f 2733 2691 2694
f 2754 2687 2688
f 2713 2673 2671
f 2734 2651 2654
f 2721 2650 2651
f 2722 2652 2650
f 2736 2653 2652
f 2738 2654 2653
f 2743 2657 2658
f 2723 2649 2646
f 2728 2669 2665
f 2753 2678 2677
f 2718 2680 2684
f 2708 2690 2693
f 2700 2660 2661
f 2698 2640 2642
f 2704 2670 2674
f 2707 2685 2689
f 2711 2661 2663
f 2748 2693 2692
f 2731 2689 2686
f 2752 2674 2672
f 2712 2642 2643
f 2741 2681 2682
f 2724 2656 2655
f 2720 2645 2647
f 2737 2666 2668
f 2740 2676 2679
f 2747 2682 2683
f 2725 2655 2659
f 2726 2647 2648
f 2749 2668 2667
f 2716 2679 2675
f 2701 2664 2660
f 2697 2641 2640
f 2703 2671 2670
f 2706 2688 2685
f 2709 2694 2690
f 2717 2683 2680
f 2744 2659 2657
f 2729 2648 2649
f 2750 2667 2669
f 2715 2675 2678
f 2735 2658 2656
f 2719 2646 2645
f 2727 2665 2666
f 2739 2677 2676
f 2742 2684 2681
f 2745 2663 2662
f 2732 2692 2691
f 2730 2686 2687
f 2751 2672 2673
f 2714 2643 2644
f 2699 2708 2701
f 2695 2700 2697
f 2696 2698 2703
f 2702 2704 2706
f 2705 2707 2709
f 2710 2711 2717
f 2746 2748 2744
f 2733 2731 2729
f 2754 2752 2750
f 2713 2712 2715
f 2734 2741 2735
f 2721 2724 2719
f 2722 2720 2727
f 2736 2737 2739
f 2738 2740 2742
f 2743 2747 2745
f 2723 2725 2732
f 2728 2726 2730
f 2753 2749 2751
f 2718 2716 2714
f 2755 2801 2798
f 2755 2798 2797
f 2755 2797 2799
f 2755 2799 2800
f 2755 2800 2801
f 2756 2803 2806
f 2760 2826 2824
f 2766 2856 2853
f 2765 2850 2849
f 2762 2833 2835
f 2758 2816 2813
f 2758 2813 2812
f 2758 2812 2814
f 2758 2814 2815
f 2758 2815 2816
f 2759 2820 2819
f 2757 2808 2811
f 2761 2827 2831
f 2763 2839 2840
f 2764 2846 2842
f 2766 2855 2852
f 2760 2823 2822
f 2756 2804 2802
f 2762 2836 2832
f 2765 2851 2847
f 2760 2825 2823
f 2766 2854 2855
f 2765 2848 2851
f 2762 2834 2836
f 2756 2805 2804
f 2764 2844 2843
f 2759 2817 2818
f 2757 2809 2807
f 2761 2830 2828
f 2763 2841 2838
f 2764 2845 2844
f 2759 2821 2817
f 2757 2810 2809
f 2761 2829 2830
f 2763 2837 2841
f 2760 2822 2826
f 2756 2802 2803
f 2762 2832 2833
f 2765 2847 2850
f 2766 2852 2856
f 2764 2842 2845
f 2759 2819 2821
f 2757 2811 2810
f 2761 2831 2829
f 2763 2840 2837
f 2759 2818 2820
f 2757 2807 2808
f 2761 2828 2827
f 2763 2838 2839
f 2764 2843 2846
f 2760 2824 2825
f 2766 2853 2854
f 2765 2849 2848
f 2762 2835 2834
f 2756 2806 2805
f 2789 2863 2870
f 2772 2859 2862
f 2773 2865 2860
f 2794 2868 2866
f 2796 2871 2869
f 2788 2879 2873
f 2787 2906 2910
f 2779 2891 2893
f 2790 2912 2914
f 2774 2877 2874
f 2786 2897 2903
f 2777 2881 2886
f 2778 2889 2882
f 2791 2901 2899
f 2795 2904 2902
f 2788 2907 2909
f 2787 2894 2887
f 2779 2892 2888
f 2790 2913 2911
f 2774 2876 2878
f 2771 2861 2801
f 2768 2857 2798
f 2767 2858 2797
f 2769 2864 2799
f 2770 2867 2800
f 2772 2872 2803
f 2789 2908 2826
f 2796 2895 2856
f 2794 2916 2850
f 2773 2875 2833
f 2784 2896 2816
f 2781 2883 2813
f 2776 2884 2812
f 2782 2898 2814
f 2783 2900 2815
f 2786 2905 2820
f 2777 2885 2808
f 2778 2890 2827
f 2791 2915 2839
f 2795 2880 2846
f 2789 2870 2855
f 2772 2862 2823
f 2773 2860 2804
f 2794 2866 2836
f 2796 2869 2851
f 2788 2873 2825
f 2787 2910 2854
f 2779 2893 2848
f 2790 2914 2834
f 2774 2874 2805
f 2786 2903 2844
f 2777 2886 2817
f 2778 2882 2809
f 2791 2899 2830
f 2795 2902 2841
f 2788 2909 2845
f 2787 2887 2821
f 2779 2888 2810
f 2790 2911 2829
f 2774 2878 2837
f 2768 2863 2822
f 2767 2859 2802
f 2769 2865 2832
f 2770 2868 2847
f 2771 2871 2852
f 2775 2879 2842
f 2785 2906 2819
f 2780 2891 2811
f 2792 2912 2831
f 2793 2877 2840
f 2781 2897 2818
f 2776 2881 2807
f 2782 2889 2828
f 2783 2901 2838
f 2784 2904 2843
f 2785 2907 2824
f 2780 2894 2853
f 2792 2892 2849
f 2793 2913 2835
f 2775 2876 2806
f 2768 2861 2863
f 2767 2857 2859
f 2769 2858 2865
f 2770 2864 2868
f 2771 2867 2871
f 2775 2872 2879
f 2785 2908 2906
f 2780 2895 2891
f 2792 2916 2912
f 2793 2875 2877
f 2781 2896 2897
f 2776 2883 2881
f 2782 2884 2889
f 2783 2898 2901
f 2784 2900 2904
f 2785 2905 2907
f 2780 2885 2894
f 2792 2890 2892
f 2793 2915 2913
f 2775 2880 2876
f 2768 2798 2861
f 2767 2797 2857
f 2769 2799 2858
f 2770 2800 2864
f 2771 2801 2867
f 2775 2806 2872
f 2785 2824 2908
f 2780 2853 2895
f 2792 2849 2916
f 2793 2835 2875
f 2781 2813 2896
f 2776 2812 2883
f 2782 2814 2884
f 2783 2815 2898
f 2784 2816 2900
f 2785 2819 2905
f 2780 2811 2885
f 2792 2831 2890
f 2793 2840 2915
f 2775 2842 2880
f 2771 2852 2870
f 2768 2822 2862
f 2767 2802 2860
f 2769 2832 2866
f 2770 2847 2869
f 2772 2823 2873
f 2789 2855 2910
f 2796 2851 2893
f 2794 2836 2914
f 2773 2804 2874
f 2784 2843 2903
f 2781 2818 2886
f 2776 2807 2882
f 2782 2828 2899
f 2783 2838 2902
f 2786 2844 2909
f 2777 2817 2887
f 2778 2809 2888
f 2791 2830 2911
f 2795 2841 2878
f 2789 2826 2863
f 2772 2803 2859
f 2773 2833 2865
f 2794 2850 2868
f 2796 2856 2871
f 2788 2845 2879
f 2787 2821 2906
f 2779 2810 2891
f 2790 2829 2912
f 2774 2837 2877
f 2786 2820 2897
f 2777 2808 2881
f 2778 2827 2889
f 2791 2839 2901
f 2795 2846 2904
f 2788 2825 2907
f 2787 2854 2894
f 2779 2848 2892
f 2790 2834 2913
f 2774 2805 2876
f 2771 2870 2861
f 2768 2862 2857
f 2767 2860 2858
f 2769 2866 2864
f 2770 2869 2867
f 2772 2873 2872
f 2789 2910 2908
f 2796 2893 2895
f 2794 2914 2916
f 2773 2874 2875
f 2784 2903 2896
f 2781 2886 2883
f 2776 2882 2884
f 2782 2899 2898
f 2783 2902 2900
f 2786 2909 2905
f 2777 2887 2885
f 2778 2888 2890
f 2791 2911 2915
f 2795 2878 2880
f 2861 2798 2801
f 2857 2797 2798
f 2858 2799 2797
f 2864 2800 2799
f 2867 2801 2800
f 2872 2806 2803
f 2908 2824 2826
f 2895 2853 2856
f 2916 2849 2850
f 2875 2835 2833
f 2896 2813 2816
f 2883 2812 2813
f 2884 2814 2812
f 2898 2815 2814
f 2900 2816 2815
f 2905 2819 2820
f 2885 2811 2808
f 2890 2831 2827
f 2915 2840 2839
f 2880 2842 2846
f 2870 2852 2855
f 2862 2822 2823
f 2860 2802 2804
f 2866 2832 2836
f 2869 2847 2851
f 2873 2823 2825
f 2910 2855 2854
f 2893 2851 2848
f 2914 2836 2834
f 2874 2804 2805
f 2903 2843 2844
f 2886 2818 2817
f 2882 2807 2809
f 2899 2828 2830
f 2902 2838 2841
f 2909 2844 2845
f 2887 2817 2821
f 2888 2809 2810
f 2911 2830 2829
f 2878 2841 2837
f 2863 2826 2822
f 2859 2803 2802
f 2865 2833 2832
f 2868 2850 2847
f 2871 2856 2852
f 2879 2845 2842
f 2906 2821 2819
f 2891 2810 2811
f 2912 2829 2831
f 2877 2837 2840
f 2897 2820 2818
f 2881 2808 2807
f 2889 2827 2828
f 2901 2839 2838
f 2904 2846 2843
f 2907 2825 2824
f 2894 2854 2853
f 2892 2848 2849
f 2913 2834 2835
f 2876 2805 2806
f 2861 2870 2863
f 2857 2862 2859
f 2858 2860 2865
f 2864 2866 2868
f 2867 2869 2871
f 2872 2873 2879
f 2908 2910 2906
f 2895 2893 2891
f 2916 2914 2912
f 2875 2874 2877
f 2896 2903 2897
f 2883 2886 2881
f 2884 2882 2889
f 2898 2899 2901
f 2900 2902 2904
f 2905 2909 2907
f 2885 2887 2894
f 2890 2888 2892
f 2915 2911 2913
f 2880 2878 2876
f 2917 2963 2960
f 2917 2960 2959
f 2917 2959 2961
f 2917 2961 2962
f 2917 2962 2963
f 2918 2965 2968
f 2922 2988 2986
f 2928 3018 3015
f 2927 3012 3011
f 2924 2995 2997
f 2920 2978 2975
f 2920 2975 2974
f 2920 2974 2976
f 2920 2976 2977
f 2920 2977 2978
f 2921 2982 2981
f 2919 2970 2973
f 2923 2989 2993
f 2925 3001 3002
f 2926 3008 3004
f 2928 3017 3014
f 2922 2985 2984
f 2918 2966 2964
f 2924 2998 2994
f 2927 3013 3009
f 2922 2987 2985
f 2928 3016 3017
f 2927 3010 3013
f 2924 2996 2998
f 2918 2967 2966
f 2926 3006 3005
f 2921 2979 2980
f 2919 2971 2969
f 2923 2992 2990
f 2925 3003 3000
f 2926 3007 3006
f 2921 2983 2979
f 2919 2972 2971
f 2923 2991 2992
f 2925 2999 3003
f 2922 2984 2988
f 2918 2964 2965
f 2924 2994 2995
f 2927 3009 3012
f 2928 3014 3018
f 2926 3004 3007
f 2921 2981 2983
f 2919 2973 2972
f 2923 2993 2991
f 2925 3002 2999
f 2921 2980 2982
f 2919 2969 2970
f 2923 2990 2989
f 2925 3000 3001
f 2926 3005 3008
f 2922 2986 2987
f 2928 3015 3016
f 2927 3011 3010
f 2924 2997 2996
f 2918 2968 2967
f 2951 3025 3032
f 2934 3021 3024
f 2935 3027 3022
f 2956 3030 3028
f 2958 3033 3031
f 2950 3041 3035
f 2949 3068 3072
f 2941 3053 3055
f 2952 3074 3076
f 2936 3039 3036
f 2948 3059 3065
f 2939 3043 3048
f 2940 3051 3044
f 2953 3063 3061
f 2957 3066 3064
f 2950 3069 3071
f 2949 3056 3049
f 2941 3054 3050
f 2952 3075 3073
f 2936 3038 3040
f 2933 3023 2963
f 2930 3019 2960
f 2929 3020 2959
f 2931 3026 2961
f 2932 3029 2962
f 2934 3034 2965
f 2951 3070 2988
f 2958 3057 3018
f 2956 3078 3012
f 2935 3037 2995
f 2946 3058 2978
f 2943 3045 2975
f 2938 3046 2974
f 2944 3060 2976
f 2945 3062 2977
f 2948 3067 2982
f 2939 3047 2970
f 2940 3052 2989
f 2953 3077 3001
f 2957 3042 3008
f 2951 3032 3017
f 2934 3024 2985
f 2935 3022 2966
f 2956 3028 2998
f 2958 3031 3013
f 2950 3035 2987
f 2949 3072 3016
f 2941 3055 3010
f 2952 3076 2996
f 2936 3036 2967
f 2948 3065 3006
f 2939 3048 2979
f 2940 3044 2971
f 2953 3061 2992
f 2957 3064 3003
f 2950 3071 3007
f 2949 3049 2983
f 2941 3050 2972
f 2952 3073 2991
f 2936 3040 2999
f 2930 3025 2984
f 2929 3021 2964
f 2931 3027 2994
f 2932 3030 3009
f 2933 3033 3014
f 2937 3041 3004
f 2947 3068 2981
f 2942 3053 2973
f 2954 3074 2993
f 2955 3039 3002
f 2943 3059 2980
f 2938 3043 2969
f 2944 3051 2990
f 2945 3063 3000
f 2946 3066 3005
f 2947 3069 2986
f 2942 3056 3015
f 2954 3054 3011
f 2955 3075 2997
f 2937 3038 2968
f 2930 3023 3025
f 2929 3019 3021
f 2931 3020 3027
f 2932 3026 3030
f 2933 3029 3033
f 2937 3034 3041
f 2947 3070 3068
f 2942 3057 3053
f 2954 3078 3074
f 2955 3037 3039
f 2943 3058 3059
f 2938 3045 3043
f 2944 3046 3051
f 2945 3060 3063
f 2946 3062 3066
f 2947 3067 3069
f 2942 3047 3056
f 2954 3052 3054
f 2955 3077 3075
f 2937 3042 3038
f 2930 2960 3023
f 2929 2959 3019
f 2931 2961 3020
f 2932 2962 3026
f 2933 2963 3029
f 2937 2968 3034
f 2947 2986 3070
f 2942 3015 3057
f 2954 3011 3078
f 2955 2997 3037
f 2943 2975 3058
f 2938 2974 3045
f 2944 2976 3046
f 2945 2977 3060
f 2946 2978 3062
f 2947 2981 3067
f 2942 2973 3047
f 2954 2993 3052
f 2955 3002 3077
f 2937 3004 3042
f 2933 3014 3032
f 2930 2984 3024
f 2929 2964 3022
f 2931 2994 3028
f 2932 3009 3031
f 2934 2985 3035
f 2951 3017 3072
f 2958 3013 3055
f 2956 2998 3076
f 2935 2966 3036
f 2946 3005 3065
f 2943 2980 3048
f 2938 2969 3044
f 2944 2990 3061
f 2945 3000 3064
f 2948 3006 3071
f 2939 2979 3049
f 2940 2971 3050
f 2953 2992 3073
f 2957 3003 3040
f 2951 2988 3025
f 2934 2965 3021
f 2935 2995 3027
f 2956 3012 3030
f 2958 3018 3033
f 2950 3007 3041
f 2949 2983 3068
f 2941 2972 3053
f 2952 2991 3074
f 2936 2999 3039
f 2948 2982 3059
f 2939 2970 3043
f 2940 2989 3051
f 2953 3001 3063
f 2957 3008 3066
f 2950 2987 3069
f 2949 3016 3056
f 2941 3010 3054
f 2952 2996 3075
f 2936 2967 3038
f 2933 3032 3023
f 2930 3024 3019
f 2929 3022 3020
f 2931 3028 3026
f 2932 3031 3029
f 2934 3035 3034
f 2951 3072 3070
f 2958 3055 3057
f 2956 3076 3078
f 2935 3036 3037
f 2946 3065 3058
f 2943 3048 3045
f 2938 3044 3046
f 2944 3061 3060
f 2945 3064 3062
f 2948 3071 3067
f 2939 3049 3047
f 2940 3050 3052
f 2953 3073 3077
f 2957 3040 3042
f 3023 2960 2963
f 3019 2959 2960
f 3020 2961 2959
f 3026 2962 2961
f 3029 2963 2962
f 3034 2968 2965
f 3070 2986 2988
f 3057 3015 3018
f 3078 3011 3012
f 3037 2997 2995
f 3058 2975 2978
f 3045 2974 2975
f 3046 2976 2974
f 3060 2977 2976
f 3062 2978 2977
f 3067 2981 2982
f 3047 2973 2970
f 3052 2993 2989
f 3077 3002 3001
f 3042 3004 3008
f 3032 3014 3017
f 3024 2984 2985
f 3022 2964 2966
f 3028 2994 2998
f 3031 3009 3013
f 3035 2985 2987
f 3072 3017 3016
f 3055 3013 3010
f 3076 2998 2996
f 3036 2966 2967
f 3065 3005 3006
f 3048 2980 2979
f 3044 2969 2971
f 3061 2990 2992
f 3064 3000 3003
f 3071 3006 3007
f 3049 2979 2983
f 3050 2971 2972
f 3073 2992 2991
f 3040 3003 2999
f 3025 2988 2984
f 3021 2965 2964
f 3027 2995 2994
f 3030 3012 3009
f 3033 3018 3014
f 3041 3007 3004
f 3068 2983 2981
f 3053 2972 2973
f 3074 2991 2993
f 3039 2999 3002
f 3059 2982 2980
f 3043 2970 2969
f 3051 2989 2990
f 3063 3001 3000
f 3066 3008 3005
f 3069 2987 2986
f 3056 3016 3015
f 3054 3010 3011
f 3075 2996 2997
f 3038 2967 2968
f 3023 3032 3025
f 3019 3024 3021
f 3020 3022 3027
f 3026 3028 3030
f 3029 3031 3033
f 3034 3035 3041
f 3070 3072 3068
f 3057 3055 3053
f 3078 3076 3074
f 3037 3036 3039
f 3058 3065 3059
f 3045 3048 3043
f 3046 3044 3051
f 3060 3061 3063
f 3062 3064 3066
f 3067 3071 3069
f 3047 3049 3056
f 3052 3050 3054
f 3077 3073 3075
f 3042 3040 3038
f 3079 3125 3122
f 3079 3122 3121
f 3079 3121 3123
f 3079 3123 3124
f 3079 3124 3125
f 3080 3127 3130
f 3084 3150 3148
f 3090 3180 3177
f 3089 3174 3173
f 3086 3157 3159
f 3082 3140 3137
f 3082 3137 3136
f 3082 3136 3138
f 3082 3138 3139
f 3082 3139 3140
f 3083 3144 3143
f 3081 3132 3135
f 3085 3151 3155
f 3087 3163 3164
f 3088 3170 3166
f 3090 3179 3176
f 3084 3147 3146
f 3080 3128 3126
f 3086 3160 3156
f 3089 3175 3171
f 3084 3149 3147
f 3090 3178 3179
f 3089 3172 3175
f 3086 3158 3160
f 3080 3129 3128
f 3088 3168 3167
f 3083 3141 3142
f 3081 3133 3131
f 3085 3154 3152
f 3087 3165 3162
f 3088 3169 3168
f 3083 3145 3141
f 3081 3134 3133
f 3085 3153 3154
f 3087 3161 3165
f 3084 3146 3150
f 3080 3126 3127
f 3086 3156 3157
f 3089 3171 3174
f 3090 3176 3180
f 3088 3166 3169
f 3083 3143 3145
f 3081 3135 3134
f 3085 3155 3153
f 3087 3164 3161
f 3083 3142 3144
f 3081 3131 3132
f 3085 3152 3151
f 3087 3162 3163
f 3088 3167 3170
f 3084 3148 3149
f 3090 3177 3178
f 3089 3173 3172
f 3086 3159 3158
f 3080 3130 3129
f 3113 3187 3194
f 3096 3183 3186
f 3097 3189 3184
f 3118 3192 3190
f 3120 3195 3193
f 3112 3203 3197
f 3111 3230 3234
f 3103 3215 3217
f 3114 3236 3238
f 3098 3201 3198
f 3110 3221 3227
f 3101 3205 3210
f 3102 3213 3206
f 3115 3225 3223
f 3119 3228 3226
f 3112 3231 3233
f 3111 3218 3211
f 3103 3216 3212
f 3114 3237 3235
f 3098 3200 3202
f 3095 3185 3125
f 3092 3181 3122
f 3091 3182 3121
f 3093 3188 3123
f 3094 3191 3124
f 3096 3196 3127
f 3113 3232 3150
f 3120 3219 3180
f 3118 3240 3174
f 3097 3199 3157
f 3108 3220 3140
f 3105 3207 3137
f 3100 3208 3136
f 3106 3222 3138
f 3107 3224 3139
f 3110 3229 3144
f 3101 3209 3132
f 3102 3214 3151
f 3115 3239 3163
f 3119 3204 3170
f 3113 3194 3179
f 3096 3186 3147
f 3097 3184 3128
f 3118 3190 3160
f 3120 3193 3175
f 3112 3197 3149
f 3111 3234 3178
f 3103 3217 3172
f 3114 3238 3158
f 3098 3198 3129
f 3110 3227 3168
f 3101 3210 3141
f 3102 3206 3133
f 3115 3223 3154
f 3119 3226 3165
f 3112 3233 3169
f 3111 3211 3145
f 3103 3212 3134
f 3114 3235 3153
f 3098 3202 3161
f 3092 3187 3146
f 3091 3183 3126
f 3093 3189 3156
f 3094 3192 3171
f 3095 3195 3176
f 3099 3203 3166
f 3109 3230 3143
f 3104 3215 3135
f 3116 3236 3155
f 3117 3201 3164
f 3105 3221 3142
f 3100 3205 3131
f 3106 3213 3152
f 3107 3225 3162
f 3108 3228 3167
f 3109 3231 3148
f 3104 3218 3177
f 3116 3216 3173
f 3117 3237 3159
f 3099 3200 3130
f 3092 3185 3187
f 3091 3181 3183
f 3093 3182 3189
f 3094 3188 3192
f 3095 3191 3195
f 3099 3196 3203
f 3109 3232 3230
f 3104 3219 3215
f 3116 3240 3236
f 3117 3199 3201
f 3105 3220 3221
f 3100 3207 3205
f 3106 3208 3213
f 3107 3222 3225
f 3108 3224 3228
f 3109 3229 3231
f 3104 3209 3218
f 3116 3214 3216
f 3117 3239 3237
f 3099 3204 3200
f 3092 3122 3185
f 3091 3121 3181
f 3093 3123 3182
f 3094 3124 3188
f 3095 3125 3191
f 3099 3130 3196
f 3109 3148 3232
f 3104 3177 3219
f 3116 3173 3240
f 3117 3159 3199
f 3105 3137 3220
f 3100 3136 3207
f 3106 3138 3208
f 3107 3139 3222
f 3108 3140 3224
f 3109 3143 3229
f 3104 3135 3209
f 3116 3155 3214
f 3117 3164 3239
f 3099 3166 3204
f 3095 3176 3194
f 3092 3146 3186
f 3091 3126 3184
f 3093 3156 3190
f 3094 3171 3193
f 3096 3147 3197
f 3113 3179 3234
f 3120 3175 3217
f 3118 3160 3238
f 3097 3128 3198
f 3108 3167 3227
f 3105 3142 3210
f 3100 3131 3206
f 3106 3152 3223
f 3107 3162 3226
f 3110 3168 3233
f 3101 3141 3211
f 3102 3133 3212
f 3115 3154 3235
f 3119 3165 3202
f 3113 3150 3187
f 3096 3127 3183
f 3097 3157 3189
f 3118 3174 3192
f 3120 3180 3195
f 3112 3169 3203
f 3111 3145 3230
f 3103 3134 3215
f 3114 3153 3236
f 3098 3161 3201
f 3110 3144 3221
f 3101 3132 3205
f 3102 3151 3213
f 3115 3163 3225
f 3119 3170 3228
f 3112 3149 3231
f 3111 3178 3218
f 3103 3172 3216
f 3114 3158 3237
f 3098 3129 3200
f 3095 3194 3185
f 3092 3186 3181
f 3091 3184 3182
f 3093 3190 3188
f 3094 3193 3191
f 3096 3197 3196
f 3113 3234 3232
f 3120 3217 3219
f 3118 3238 3240
f 3097 3198 3199
f 3108 3227 3220
f 3105 3210 3207
f 3100 3206 3208
f 3106 3223 3222
f 3107 3226 3224
f 3110 3233 3229
f 3101 3211 3209
f 3102 3212 3214
f 3115 3235 3239
f 3119 3202 3204
f 3185 3122 3125
f 3181 3121 3122
f 3182 3123 3121
f 3188 3124 3123
f 3191 3125 3124
f 3196 3130 3127
f 3232 3148 3150
f 3219 3177 3180
f 3240 3173 3174
f 3199 3159 3157
f 3220 3137 3140
f 3207 3136 3137
f 3208 3138 3136
f 3222 3139 3138
f 3224 3140 3139
f 3229 3143 3144
f 3209 3135 3132
f 3214 3155 3151
f 3239 3164 3163
f 3204 3166 3170
f 3194 3176 3179
f 3186 3146 3147
f 3184 3126 3128
f 3190 3156 3160
f 3193 3171 3175
f 3197 3147 3149
f 3234 3179 3178
f 3217 3175 3172
f 3238 3160 3158
f 3198 3128 3129
f 3227 3167 3168
f 3210 3142 3141
f 3206 3131 3133
f 3223 3152 3154
f 3226 3162 3165
f 3233 3168 3169
f 3211 3141 3145
f 3212 3133 3134
f 3235 3154 3153
f 3202 3165 3161
f 3187 3150 3146
f 3183 3127 3126
f 3189 3157 3156
f 3192 3174 3171
f 3195 3180 3176
f 3203 3169 3166
f 3230 3145 3143
f 3215 3134 3135
f 3236 3153 3155
f 3201 3161 3164
f 3221 3144 3142
f 3205 3132 3131
f 3213 3151 3152
f 3225 3163 3162
f 3228 3170 3167
f 3231 3149 3148
f 3218 3178 3177
f 3216 3172 3173
f 3237 3158 3159
f 3200 3129 3130
f 3185 3194 3187
f 3181 3186 3183
f 3182 3184 3189
f 3188 3190 3192
f 3191 3193 3195
f 3196 3197 3203
f 3232 3234 3230
f 3219 3217 3215
f 3240 3238 3236
f 3199 3198 3201
f 3220 3227 3221
f 3207 3210 3205
f 3208 3206 3213
f 3222 3223 3225
f 3224 3226 3228
f 3229 3233 3231
f 3209 3211 3218
f 3214 3212 3216
f 3239 3235 3237
f 3204 3202 3200
f 3241 3287 3284
f 3241 3284 3283
f 3241 3283 3285
f 3241 3285 3286
f 3241 3286 3287
f 3242 3289 3292
f 3246 3312 3310
f 3252 3342 3339
f 3251 3336 3335
f 3248 3319 3321
f 3244 3302 3299
f 3244 3299 3298
f 3244 3298 3300
f 3244 3300 3301
f 3244 3301 3302
f 3245 3306 3305
f 3243 3294 3297
f 3247 3313 3317
f 3249 3325 3326
f 3250 3332 3328
f 3252 3341 3338
f 3246 3309 3308
f 3242 3290 3288
f 3248 3322 3318
f 3251 3337 3333
f 3246 3311 3309
f 3252 3340 3341
f 3251 3334 3337
f 3248 3320 3322
f 3242 3291 3290
f 3250 3330 3329
f 3245 3303 3304
f 3243 3295 3293
f 3247 3316 3314
f 3249 3327 3324
f 3250 3331 3330
f 3245 3307 3303
f 3243 3296 3295
f 3247 3315 3316
f 3249 3323 3327
f 3246 3308 3312
f 3242 3288 3289
f 3248 3318 3319
f 3251 3333 3336
f 3252 3338 3342
f 3250 3328 3331
f 3245 3305 3307
f 3243 3297 3296
f 3247 3317 3315
f 3249 3326 3323
f 3245 3304 3306
f 3243 3293 3294
f 3247 3314 3313
f 3249 3324 3325
f 3250 3329 3332
f 3246 3310 3311
f 3252 3339 3340
f 3251 3335 3334
f 3248 3321 3320
f 3242 3292 3291
f 3275 3349 3356
f 3258 3345 3348
f 3259 3351 3346
f 3280 3354 3352
f 3282 3357 3355
f 3274 3365 3359
f 3273 3392 3396
f 3265 3377 3379
f 3276 3398 3400
f 3260 3363 3360
f 3272 3383 3389
f 3263 3367 3372
f 3264 3375 3368
f 3277 3387 3385
f 3281 3390 3388
f 3274 3393 3395
f 3273 3380 3373
f 3265 3378 3374
f 3276 3399 3397
f 3260 3362 3364
f 3257 3347 3287
f 3254 3343 3284
f 3253 3344 3283
f 3255 3350 3285
f 3256 3353 3286
f 3258 3358 3289
f 3275 3394 3312
f 3282 3381 3342
f 3280 3402 3336
f 3259 3361 3319
f 3270 3382 3302
f 3267 3369 3299
f 3262 3370 3298
f 3268 3384 3300
f 3269 3386 3301
f 3272 3391 3306
f 3263 3371 3294
f 3264 3376 3313
f 3277 3401 3325
f 3281 3366 3332
f 3275 3356 3341
f 3258 3348 3309
f 3259 3346 3290
f 3280 3352 3322
f 3282 3355 3337
f 3274 3359 3311
f 3273 3396 3340
f 3265 3379 3334
f 3276 3400 3320
f 3260 3360 3291
f 3272 3389 3330
f 3263 3372 3303
f 3264 3368 3295
f 3277 3385 3316
f 3281 3388 3327
f 3274 3395 3331
f 3273 3373 3307
f 3265 3374 3296
f 3276 3397 3315
f 3260 3364 3323
f 3254 3349 3308
f 3253 3345 3288
f 3255 3351 3318
f 3256 3354 3333
f 3257 3357 3338
f 3261 3365 3328
f 3271 3392 3305
f 3266 3377 3297
f 3278 3398 3317
f 3279 3363 3326
f 3267 3383 3304
f 3262 3367 3293
f 3268 3375 3314
f 3269 3387 3324
f 3270 3390 3329
f 3271 3393 3310
f 3266 3380 3339
f 3278 3378 3335
f 3279 3399 3321
f 3261 3362 3292
f 3254 3347 3349
f 3253 3343 3345
f 3255 3344 3351
f 3256 3350 3354
f 3257 3353 3357
f 3261 3358 3365
f 3271 3394 3392
f 3266 3381 3377
f 3278 3402 3398
f 3279 3361 3363
f 3267 3382 3383
f 3262 3369 3367
f 3268 3370 3375
f 3269 3384 3387
f 3270 3386 3390
f 3271 3391 3393
f 3266 3371 3380
f 3278 3376 3378
f 3279 3401 3399
f 3261 3366 3362
f 3254 3284 3347
f 3253 3283 3343
f 3255 3285 3344
f 3256 3286 3350
f 3257 3287 3353
f 3261 3292 3358
f 3271 3310 3394
f 3266 3339 3381
f 3278 3335 3402
f 3279 3321 3361
f 3267 3299 3382
f 3262 3298 3369
f 3268 3300 3370
f 3269 3301 3384
f 3270 3302 3386
f 3271 3305 3391
f 3266 3297 3371
f 3278 3317 3376
f 3279 3326 3401
f 3261 3328 3366
f 3257 3338 3356
f 3254 3308 3348
f 3253 3288 3346
f 3255 3318 3352
f 3256 3333 3355
f 3258 3309 3359
f 3275 3341 3396
f 3282 3337 3379
f 3280 3322 3400
f 3259 3290 3360
f 3270 3329 3389
f 3267 3304 3372
f 3262 3293 3368
f 3268 3314 3385
f 3269 3324 3388
f 3272 3330 3395
f 3263 3303 3373
f 3264 3295 3374
f 3277 3316 3397
f 3281 3327 3364
f 3275 3312 3349
f 3258 3289 3345
f 3259 3319 3351
f 3280 3336 3354
f 3282 3342 3357
f 3274 3331 3365
f 3273 3307 3392
f 3265 3296 3377
f 3276 3315 3398
f 3260 3323 3363
f 3272 3306 3383
f 3263 3294 3367
f 3264 3313 3375
f 3277 3325 3387
f 3281 3332 3390
f 3274 3311 3393
f 3273 3340 3380
f 3265 3334 3378
f 3276 3320 3399
f 3260 3291 3362
f 3257 3356 3347
f 3254 3348 3343
f 3253 3346 3344
f 3255 3352 3350
f 3256 3355 3353
f 3258 3359 3358
f 3275 3396 3394
f 3282 3379 3381
f 3280 3400 3402
f 3259 3360 3361
f 3270 3389 3382
f 3267 3372 3369
f 3262 3368 3370
f 3268 3385 3384
f 3269 3388 3386
f 3272 3395 3391
f 3263 3373 3371
f 3264 3374 3376
f 3277 3397 3401
f 3281 3364 3366
f 3347 3284 3287
f 3343 3283 3284
f 3344 3285 3283
f 3350 3286 3285
f 3353 3287 3286
f 3358 3292 3289
f 3394 3310 3312
f 3381 3339 3342
f 3402 3335 3336
f 3361 3321 3319
f 3382 3299 3302
f 3369 3298 3299
f 3370 3300 3298
f 3384 3301 3300
f 3386 3302 3301
f 3391 3305 3306
f 3371 3297 3294
f 3376 3317 3313
f 3401 3326 3325
f 3366 3328 3332
f 3356 3338 3341
f 3348 3308 3309
f 3346 3288 3290
f 3352 3318 3322
f 3355 3333 3337
f 3359 3309 3311
f 3396 3341 3340
f 3379 3337 3334
f 3400 3322 3320
f 3360 3290 3291
f 3389 3329 3330
f 3372 3304 3303
f 3368 3293 3295
f 3385 3314 3316
f 3388 3324 3327
f 3395 3330 3331
f 3373 3303 3307
f 3374 3295 3296
f 3397 3316 3315
f 3364 3327 3323
f 3349 3312 3308
f 3345 3289 3288
f 3351 3319 3318
f 3354 3336 3333
f 3357 3342 3338
f 3365 3331 3328
f 3392 3307 3305
f 3377 3296 3297
f 3398 3315 3317
f 3363 3323 3326
f 3383 3306 3304
f 3367 3294 3293
f 3375 3313 3314
f 3387 3325 3324
f 3390 3332 3329
f 3393 3311 3310
f 3380 3340 3339
f 3378 3334 3335
f 3399 3320 3321
f 3362 3291 3292
f 3347 3356 3349
f 3343 3348 3345
f 3344 3346 3351
f 3350 3352 3354
f 3353 3355 3357
f 3358 3359 3365
f 3394 3396 3392
f 3381 3379 3377
f 3402 3400 3398
f 3361 3360 3363
f 3382 3389 3383
f 3369 3372 3367
f 3370 3368 3375
f 3384 3385 3387
f 3386 3388 3390
f 3391 3395 3393
f 3371 3373 3380
f 3376 3374 3378
f 3401 3397 3399
f 3366 3364 3362
f 3403 3449 3446
f 3403 3446 3445
f 3403 3445 3447
f 3403 3447 3448
f 3403 3448 3449
f 3404 3451 3454
f 3408 3474 3472
f 3414 3504 3501
f 3413 3498 3497
f 3410 3481 3483
f 3406 3464 3461
f 3406 3461 3460
f 3406 3460 3462
f 3406 3462 3463
f 3406 3463 3464
f 3407 3468 3467
f 3405 3456 3459
f 3409 3475 3479
f 3411 3487 3488
f 3412 3494 3490
f 3414 3503 3500
f 3408 3471 3470
f 3404 3452 3450
f 3410 3484 3480
f 3413 3499 3495
f 3408 3473 3471
f 3414 3502 3503
f 3413 3496 3499
f 3410 3482 3484
f 3404 3453 3452
f 3412 3492 3491
f 3407 3465 3466
f 3405 3457 3455
f 3409 3478 3476
f 3411 3489 3486
f 3412 3493 3492
f 3407 3469 3465
f 3405 3458 3457
f 3409 3477 3478
f 3411 3485 3489
f 3408 3470 3474
f 3404 3450 3451
f 3410 3480 3481
f 3413 3495 3498
f 3414 3500 3504
f 3412 3490 3493
f 3407 3467 3469
f 3405 3459 3458
f 3409 3479 3477
f 3411 3488 3485
f 3407 3466 3468
f 3405 3455 3456
f 3409 3476 3475
f 3411 3486 3487
f 3412 3491 3494
f 3408 3472 3473
f 3414 3501 3502
f 3413 3497 3496
f 3410 3483 3482
f 3404 3454 3453
f 3437 3511 3518
f 3420 3507 3510
f 3421 3513 3508
f 3442 3516 3514
f 3444 3519 3517
f 3436 3527 3521
f 3435 3554 3558
f 3427 3539 3541
f 3438 3560 3562
f 3422 3525 3522
f 3434 3545 3551
f 3425 3529 3534
f 3426 3537 3530
f 3439 3549 3547
f 3443 3552 3550
f 3436 3555 3557
f 3435 3542 3535
f 3427 3540 3536
f 3438 3561 3559
f 3422 3524 3526
f 3419 3509 3449
f 3416 3505 3446
f 3415 3506 3445
f 3417 3512 3447
f 3418 3515 3448
f 3420 3520 3451
f 3437 3556 3474
f 3444 3543 3504
f 3442 3564 3498
f 3421 3523 3481
f 3432 3544 3464
f 3429 3531 3461
f 3424 3532 3460
f 3430 3546 3462
f 3431 3548 3463
f 3434 3553 3468
f 3425 3533 3456
f 3426 3538 3475
f 3439 3563 3487
f 3443 3528 3494
f 3437 3518 3503
f 3420 3510 3471
f 3421 3508 3452
f 3442 3514 3484
f 3444 3517 3499
f 3436 3521 3473
f 3435 3558 3502
f 3427 3541 3496
f 3438 3562 3482
f 3422 3522 3453
f 3434 3551 3492
f 3425 3534 3465
f 3426 3530 3457
f 3439 3547 3478
f 3443 3550 3489
f 3436 3557 3493
f 3435 3535 3469
f 3427 3536 3458
f 3438 3559 3477
f 3422 3526 3485
f 3416 3511 3470
f 3415 3507 3450
f 3417 3513 3480
f 3418 3516 3495
f 3419 3519 3500
f 3423 3527 3490
f 3433 3554 3467
f 3428 3539 3459
f 3440 3560 3479
f 3441 3525 3488
f 3429 3545 3466
f 3424 3529 3455
f 3430 3537 3476
f 3431 3549 3486
f 3432 3552 3491
f 3433 3555 3472
f 3428 3542 3501
f 3440 3540 3497
f 3441 3561 3483
f 3423 3524 3454
f 3416 3509 3511
f 3415 3505 3507
f 3417 3506 3513
f 3418 3512 3516
f 3419 3515 3519
f 3423 3520 3527
f 3433 3556 3554
f 3428 3543 3539
f 3440 3564 3560
f 3441 3523 3525
f 3429 3544 3545
f 3424 3531 3529
f 3430 3532 3537
f 3431 3546 3549
f 3432 3548 3552
f 3433 3553 3555
f 3428 3533 3542
f 3440 3538 3540
f 3441 3563 3561
f 3423 3528 3524
f 3416 3446 3509
f 3415 3445 3505
f 3417 3447 3506
f 3418 3448 3512
f 3419 3449 3515
f 3423 3454 3520
f 3433 3472 3556
f 3428 3501 3543
f 3440 3497 3564
f 3441 3483 3523
f 3429 3461 3544
f 3424 3460 3531
f 3430 3462 3532
f 3431 3463 3546
f 3432 3464 3548
f 3433 3467 3553
f 3428 3459 3533
f 3440 3479 3538
f 3441 3488 3563
f 3423 3490 3528
f 3419 3500 3518
f 3416 3470 3510
f 3415 3450 3508
f 3417 3480 3514
f 3418 3495 3517
f 3420 3471 3521
f 3437 3503 3558
f 3444 3499 3541
f 3442 3484 3562
f 3421 3452 3522
f 3432 3491 3551
f 3429 3466 3534
f 3424 3455 3530
f 3430 3476 3547
f 3431 3486 3550
f 3434 3492 3557
f 3425 3465 3535
f 3426 3457 3536
f 3439 3478 3559
f 3443 3489 3526
f 3437 3474 3511
f 3420 3451 3507
f 3421 3481 3513
f 3442 3498 3516
f 3444 3504 3519
f 3436 3493 3527
f 3435 3469 3554
f 3427 3458 3539
f 3438 3477 3560
f 3422 3485 3525
f 3434 3468 3545
f 3425 3456 3529
f 3426 3475 3537
f 3439 3487 3549
f 3443 3494 3552
f 3436 3473 3555
f 3435 3502 3542
f 3427 3496 3540
f 3438 3482 3561
f 3422 3453 3524
f 3419 3518 3509
f 3416 3510 3505
f 3415 3508 3506
f 3417 3514 3512
f 3418 3517 3515
f 3420 3521 3520
f 3437 3558 3556
f 3444 3541 3543
f 3442 3562 3564
f 3421 3522 3523
f 3432 3551 3544
f 3429 3534 3531
f 3424 3530 3532
f 3430 3547 3546
f 3431 3550 3548
f 3434 3557 3553
f 3425 3535 3533
f 3426 3536 3538
f 3439 3559 3563
f 3443 3526 3528
f 3509 3446 3449
f 3505 3445 3446
f 3506 3447 3445
f 3512 3448 3447
f 3515 3449 3448
f 3520 3454 3451
f 3556 3472 3474
f 3543 3501 3504
f 3564 3497 3498
f 3523 3483 3481
f 3544 3461 3464
f 3531 3460 3461
f 3532 3462 3460
f 3546 3463 3462
f 3548 3464 3463
f 3553 3467 3468
f 3533 3459 3456
f 3538 3479 3475
f 3563 3488 3487
f 3528 3490 3494
f 3518 3500 3503
f 3510 3470 3471
f 3508 3450 3452
f 3514 3480 3484
f 3517 3495 3499
f 3521 3471 3473
f 3558 3503 3502
f 3541 3499 3496
f 3562 3484 3482
f 3522 3452 3453
f 3551 3491 3492
f 3534 3466 3465
f 3530 3455 3457
f 3547 3476 3478
f 3550 3486 3489
f 3557 3492 3493
f 3535 3465 3469
f 3536 3457 3458
f 3559 3478 3477
f 3526 3489 3485
f 3511 3474 3470
f 3507 3451 3450
f 3513 3481 3480
f 3516 3498 3495
f 3519 3504 3500
f 3527 3493 3490
f 3554 3469 3467
f 3539 3458 3459
f 3560 3477 3479
f 3525 3485 3488
f 3545 3468 3466
f 3529 3456 3455
f 3537 3475 3476
f 3549 3487 3486
f 3552 3494 3491
f 3555 3473 3472
f 3542 3502 3501
f 3540 3496 3497
f 3561 3482 3483
f 3524 3453 3454
f 3509 3518 3511
f 3505 3510 3507
f 3506 3508 3513
f 3512 3514 3516
f 3515 3517 3519
f 3520 3521 3527
f 3556 3558 3554
f 3543 3541 3539
f 3564 3562 3560
f 3523 3522 3525
f 3544 3551 3545
f 3531 3534 3529
f 3532 3530 3537
f 3546 3547 3549
f 3548 3550 3552
f 3553 3557 3555
f 3533 3535 3542
f 3538 3536 3540
f 3563 3559 3561
f 3528 3526 3524
f 3565 3611 3608
f 3565 3608 3607
f 3565 3607 3609
f 3565 3609 3610
f 3565 3610 3611
f 3566 3613 3616
f 3570 3636 3634
f 3576 3666 3663
f 3575 3660 3659
f 3572 3643 3645
f 3568 3626 3623
f 3568 3623 3622
f 3568 3622 3624
f 3568 3624 3625
f 3568 3625 3626
f 3569 3630 3629
f 3567 3618 3621
f 3571 3637 3641
f 3573 3649 3650
f 3574 3656 3652
f 3576 3665 3662
f 3570 3633 3632
f 3566 3614 3612
f 3572 3646 3642
f 3575 3661 3657
f 3570 3635 3633
f 3576 3664 3665
f 3575 3658 3661
f 3572 3644 3646
f 3566 3615 3614
f 3574 3654 3653
f 3569 3627 3628
f 3567 3619 3617
f 3571 3640 3638
f 3573 3651 3648
f 3574 3655 3654
f 3569 3631 3627
f 3567 3620 3619
f 3571 3639 3640
f 3573 3647 3651
f 3570 3632 3636
f 3566 3612 3613
f 3572 3642 3643
f 3575 3657 3660
f 3576 3662 3666
f 3574 3652 3655
f 3569 3629 3631
f 3567 3621 3620
f 3571 3641 3639
f 3573 3650 3647
f 3569 3628 3630
f 3567 3617 3618
f 3571 3638 3637
f 3573 3648 3649
f 3574 3653 3656
f 3570 3634 3635
f 3576 3663 3664
f 3575 3659 3658
f 3572 3645 3644
f 3566 3616 3615
f 3599 3673 3680
f 3582 3669 3672
f 3583 3675 3670
f 3604 3678 3676
f 3606 3681 3679
f 3598 3689 3683
f 3597 3716 3720
f 3589 3701 3703
f 3600 3722 3724
f 3584 3687 3684
f 3596 3707 3713
f 3587 3691 3696
f 3588 3699 3692
f 3601 3711 3709
f 3605 3714 3712
f 3598 3717 3719
f 3597 3704 3697
f 3589 3702 3698
f 3600 3723 3721
f 3584 3686 3688
f 3581 3671 3611
f 3578 3667 3608
f 3577 3668 3607
f 3579 3674 3609
f 3580 3677 3610
f 3582 3682 3613
f 3599 3718 3636
f 3606 3705 3666
f 3604 3726 3660
f 3583 3685 3643
f 3594 3706 3626
f 3591 3693 3623
f 3586 3694 3622
f 3592 3708 3624
f 3593 3710 3625
f 3596 3715 3630
f 3587 3695 3618
f 3588 3700 3637
f 3601 3725 3649
f 3605 3690 3656
f 3599 3680 3665
f 3582 3672 3633
f 3583 3670 3614
f 3604 3676 3646
f 3606 3679 3661
f 3598 3683 3635
f 3597 3720 3664
f 3589 3703 3658
f 3600 3724 3644
f 3584 3684 3615
f 3596 3713 3654
f 3587 3696 3627
f 3588 3692 3619
f 3601 3709 3640
f 3605 3712 3651
f 3598 3719 3655
f 3597 3697 3631
f 3589 3698 3620
f 3600 3721 3639
f 3584 3688 3647
f 3578 3673 3632
f 3577 3669 3612
f 3579 3675 3642
f 3580 3678 3657
f 3581 3681 3662
f 3585 3689 3652
f 3595 3716 3629
f 3590 3701 3621
f 3602 3722 3641
f 3603 3687 3650
f 3591 3707 3628
f 3586 3691 3617
f 3592 3699 3638
f 3593 3711 3648
f 3594 3714 3653
f 3595 3717 3634
f 3590 3704 3663
f 3602 3702 3659
f 3603 3723 3645
f 3585 3686 3616
f 3578 3671 3673
f 3577 3667 3669
f 3579 3668 3675
f 3580 3674 3678
f 3581 3677 3681
f 3585 3682 3689
f 3595 3718 3716
f 3590 3705 3701
f 3602 3726 3722
f 3603 3685 3687
f 3591 3706 3707
f 3586 3693 3691
f 3592 3694 3699
f 3593 3708 3711
f 3594 3710 3714
f 3595 3715 3717
f 3590 3695 3704
f 3602 3700 3702
f 3603 3725 3723
f 3585 3690 3686
f 3578 3608 3671
f 3577 3607 3667
f 3579 3609 3668
f 3580 3610 3674
f 3581 3611 3677
f 3585 3616 3682
f 3595 3634 3718
f 3590 3663 3705
f 3602 3659 3726
f 3603 3645 3685
f 3591 3623 3706
f 3586 3622 3693
f 3592 3624 3694
f 3593 3625 3708
f 3594 3626 3710
f 3595 3629 3715
f 3590 3621 3695
f 3602 3641 3700
f 3603 3650 3725
f 3585 3652 3690
f 3581 3662 3680
f 3578 3632 3672
f 3577 3612 3670
f 3579 3642 3676
f 3580 3657 3679
f 3582 3633 3683
f 3599 3665 3720
f 3606 3661 3703
f 3604 3646 3724
f 3583 3614 3684
f 3594 3653 3713
f 3591 3628 3696
f 3586 3617 3692
f 3592 3638 3709
f 3593 3648 3712
f 3596 3654 3719
f 3587 3627 3697
f 3588 3619 3698
f 3601 3640 3721
f 3605 3651 3688
f 3599 3636 3673
f 3582 3613 3669
f 3583 3643 3675
f 3604 3660 3678
f 3606 3666 3681
f 3598 3655 3689
f 3597 3631 3716
f 3589 3620 3701
f 3600 3639 3722
f 3584 3647 3687
f 3596 3630 3707
f 3587 3618 3691
f 3588 3637 3699
f 3601 3649 3711
f 3605 3656 3714
f 3598 3635 3717
f 3597 3664 3704
f 3589 3658 3702
f 3600 3644 3723
f 3584 3615 3686
f 3581 3680 3671
f 3578 3672 3667
f 3577 3670 3668
f 3579 3676 3674
f 3580 3679 3677
f 3582 3683 3682
f 3599 3720 3718
f 3606 3703 3705
f 3604 3724 3726
f 3583 3684 3685
f 3594 3713 3706
f 3591 3696 3693
f 3586 3692 3694
f 3592 3709 3708
f 3593 3712 3710
f 3596 3719 3715
f 3587 3697 3695
f 3588 3698 3700
f 3601 3721 3725
f 3605 3688 3690
f 3671 3608 3611
f 3667 3607 3608
f 3668 3609 3607
f 3674 3610 3609
f 3677 3611 3610
f 3682 3616 3613
f 3718 3634 3636
f 3705 3663 3666
f 3726 3659 3660
f 3685 3645 3643
f 3706 3623 3626
f 3693 3622 3623
f 3694 3624 3622
f 3708 3625 3624
f 3710 3626 3625
f 3715 3629 3630
f 3695 3621 3618
f 3700 3641 3637
f 3725 3650 3649
f 3690 3652 3656
f 3680 3662 3665
f 3672 3632 3633
f 3670 3612 3614
f 3676 3642 3646
f 3679 3657 3661
f 3683 3633 3635
f 3720 3665 3664
f 3703 3661 3658
f 3724 3646 3644
f 3684 3614 3615
f 3713 3653 3654
f 3696 3628 3627
f 3692 3617 3619
f 3709 3638 3640
f 3712 3648 3651
f 3719 3654 3655
f 3697 3627 3631
f 3698 3619 3620
f 3721 3640 3639
f 3688 3651 3647
f 3673 3636 3632
f 3669 3613 3612
f 3675 3643 3642
f 3678 3660 3657
f 3681 3666 3662
f 3689 3655 3652
f 3716 3631 3629
f 3701 3620 3621
f 3722 3639 3641
f 3687 3647 3650
f 3707 3630 3628
f 3691 3618 3617
f 3699 3637 3638
f 3711 3649 3648
f 3714 3656 3653
f 3717 3635 3634
f 3704 3664 3663
f 3702 3658 3659
f 3723 3644 3645
f 3686 3615 3616
f 3671 3680 3673
f 3667 3672 3669
f 3668 3670 3675
f 3674 3676 3678
f 3677 3679 3681
f 3682 3683 3689
f 3718 3720 3716
f 3705 3703 3701
f 3726 3724 3722
f 3685 3684 3687
f 3706 3713 3707
f 3693 3696 3691
f 3694 3692 3699
f 3708 3709 3711
f 3710 3712 3714
f 3715 3719 3717
f 3695 3697 3704
f 3700 3698 3702
f 3725 3721 3723
f 3690 3688 3686
f 3727 3773 3770
f 3727 3770 3769
f 3727 3769 3771
f 3727 3771 3772
f 3727 3772 3773
f 3728 3775 3778
f 3732 3798 3796
f 3738 3828 3825
f 3737 3822 3821
f 3734 3805 3807
f 3730 3788 3785
f 3730 3785 3784
f 3730 3784 3786
f 3730 3786 3787
f 3730 3787 3788
f 3731 3792 3791
f 3729 3780 3783
f 3733 3799 3803
f 3735 3811 3812
f 3736 3818 3814
f 3738 3827 3824
f 3732 3795 3794
f 3728 3776 3774
f 3734 3808 3804
f 3737 3823 3819
f 3732 3797 3795
f 3738 3826 3827
f 3737 3820 3823
f 3734 3806 3808
f 3728 3777 3776
f 3736 3816 3815
f 3731 3789 3790
f 3729 3781 3779
f 3733 3802 3800
f 3735 3813 3810
f 3736 3817 3816
f 3731 3793 3789
f 3729 3782 3781
f 3733 3801 3802
f 3735 3809 3813
f 3732 3794 3798
f 3728 3774 3775
f 3734 3804 3805
f 3737 3819 3822
f 3738 3824 3828
f 3736 3814 3817
f 3731 3791 3793
f 3729 3783 3782
f 3733 3803 3801
f 3735 3812 3809
f 3731 3790 3792
f 3729 3779 3780
f 3733 3800 3799
f 3735 3810 3811
f 3736 3815 3818
f 3732 3796 3797
f 3738 3825 3826
f 3737 3821 3820
f 3734 3807 3806
f 3728 3778 3777
f 3761 3835 3842
f 3744 3831 3834
f 3745 3837 3832
f 3766 3840 3838
f 3768 3843 3841
f 3760 3851 3845
f 3759 3878 3882
f 3751 3863 3865
f 3762 3884 3886
f 3746 3849 3846
f 3758 3869 3875
f 3749 3853 3858
f 3750 3861 3854
f 3763 3873 3871
f 3767 3876 3874
f 3760 3879 3881
f 3759 3866 3859
f 3751 3864 3860
f 3762 3885 3883
f 3746 3848 3850
f 3743 3833 3773
f 3740 3829 3770
f 3739 3830 3769
f 3741 3836 3771
f 3742 3839 3772
f 3744 3844 3775
f 3761 3880 3798
f 3768 3867 3828
f 3766 3888 3822
f 3745 3847 3805
f 3756 3868 3788
f 3753 3855 3785
f 3748 3856 3784
f 3754 3870 3786
f 3755 3872 3787
f 3758 3877 3792
f 3749 3857 3780
f 3750 3862 3799
f 3763 3887 3811
f 3767 3852 3818
f 3761 3842 3827
f 3744 3834 3795
f 3745 3832 3776
f 3766 3838 3808
f 3768 3841 3823
f 3760 3845 3797
f 3759 3882 3826
f 3751 3865 3820
f 3762 3886 3806
f 3746 3846 3777
f 3758 3875 3816
f 3749 3858 3789
f 3750 3854 3781
f 3763 3871 3802
f 3767 3874 3813
f 3760 3881 3817
f 3759 3859 3793
f 3751 3860 3782
f 3762 3883 3801
f 3746 3850 3809
f 3740 3835 3794
f 3739 3831 3774
f 3741 3837 3804
f 3742 3840 3819
f 3743 3843 3824
f 3747 3851 3814
f 3757 3878 3791
f 3752 3863 3783
f 3764 3884 3803
f 3765 3849 3812
f 3753 3869 3790
f 3748 3853 3779
f 3754 3861 3800
f 3755 3873 3810
f 3756 3876 3815
f 3757 3879 3796
f 3752 3866 3825
f 3764 3864 3821
f 3765 3885 3807
f 3747 3848 3778
f 3740 3833 3835
f 3739 3829 3831
f 3741 3830 3837
f 3742 3836 3840
f 3743 3839 3843
f 3747 3844 3851
f 3757 3880 3878
f 3752 3867 3863
f 3764 3888 3884
f 3765 3847 3849
f 3753 3868 3869
f 3748 3855 3853
f 3754 3856 3861
f 3755 3870 3873
f 3756 3872 3876
f 3757 3877 3879
f 3752 3857 3866
f 3764 3862 3864
f 3765 3887 3885
f 3747 3852 3848
f 3740 3770 3833
f 3739 3769 3829
f 3741 3771 3830
f 3742 3772 3836
f 3743 3773 3839
f 3747 3778 3844
f 3757 3796 3880
f 3752 3825 3867
f 3764 3821 3888
f 3765 3807 3847
f 3753 3785 3868
f 3748 3784 3855
f 3754 3786 3856
f 3755 3787 3870
f 3756 3788 3872
f 3757 3791 3877
f 3752 3783 3857
f 3764 3803 3862
f 3765 3812 3887
f 3747 3814 3852
f 3743 3824 3842
f 3740 3794 3834
f 3739 3774 3832
f 3741 3804 3838
f 3742 3819 3841
f 3744 3795 3845
f 3761 3827 3882
f 3768 3823 3865
f 3766 3808 3886
f 3745 3776 3846
f 3756 3815 3875
f 3753 3790 3858
f 3748 3779 3854
f 3754 3800 3871
f 3755 3810 3874
f 3758 3816 3881
f 3749 3789 3859
f 3750 3781 3860
f 3763 3802 3883
f 3767 3813 3850
f 3761 3798 3835
f 3744 3775 3831
f 3745 3805 3837
f 3766 3822 3840
f 3768 3828 3843
f 3760 3817 3851
f 3759 3793 3878
f 3751 3782 3863
f 3762 3801 3884
f 3746 3809 3849
f 3758 3792 3869
f 3749 3780 3853
f 3750 3799 3861
f 3763 3811 3873
f 3767 3818 3876
f 3760 3797 3879
f 3759 3826 3866
f 3751 3820 3864
f 3762 3806 3885
f 3746 3777 3848
f 3743 3842 3833
f 3740 3834 3829
f 3739 3832 3830
f 3741 3838 3836
f 3742 3841 3839
f 3744 3845 3844
f 3761 3882 3880
f 3768 3865 3867
f 3766 3886 3888
f 3745 3846 3847
f 3756 3875 3868
f 3753 3858 3855
f 3748 3854 3856
f 3754 3871 3870
f 3755 3874 3872
f 3758 3881 3877
f 3749 3859 3857
f 3750 3860 3862
f 3763 3883 3887
f 3767 3850 3852
f 3833 3770 3773
f 3829 3769 3770
f 3830 3771 3769
f 3836 3772 3771
f 3839 3773 3772
f 3844 3778 3775
f 3880 3796 3798
f 3867 3825 3828
f 3888 3821 3822
f 3847 3807 3805
f 3868 3785 3788
f 3855 3784 3785
f 3856 3786 3784
f 3870 3787 3786
f 3872 3788 3787
f 3877 3791 3792
f 3857 3783 3780
f 3862 3803 3799
f 3887 3812 3811
f 3852 3814 3818
f 3842 3824 3827
f 3834 3794 3795
f 3832 3774 3776
f 3838 3804 3808
f 3841 3819 3823
f 3845 3795 3797
f 3882 3827 3826
f 3865 3823 3820
f 3886 3808 3806
f 3846 3776 3777
f 3875 3815 3816
f 3858 3790 3789
f 3854 3779 3781
f 3871 3800 3802
f 3874 3810 3813
f 3881 3816 3817
f 3859 3789 3793
f 3860 3781 3782
f 3883 3802 3801
f 3850 3813 3809
f 3835 3798 3794
f 3831 3775 3774
f 3837 3805 3804
f 3840 3822 3819
f 3843 3828 3824
f 3851 3817 3814
f 3878 3793 3791
f 3863 3782 3783
f 3884 3801 3803
f 3849 3809 3812
f 3869 3792 3790
f 3853 3780 3779
f 3861 3799 3800
f 3873 3811 3810
f 3876 3818 3815
f 3879 3797 3796
f 3866 3826 3825
f 3864 3820 3821
f 3885 3806 3807
f 3848 3777 3778
f 3833 3842 3835
f 3829 3834 3831
f 3830 3832 3837
f 3836 3838 3840
f 3839 3841 3843
f 3844 3845 3851
f 3880 3882 3878
f 3867 3865 3863
f 3888 3886 3884
f 3847 3846 3849
f 3868 3875 3869
f 3855 3858 3853
f 3856 3854 3861
f 3870 3871 3873
f 3872 3874 3876
f 3877 3881 3879
f 3857 3859 3866
f 3862 3860 3864
f 3887 3883 3885
f 3852 3850 3848
f 3889 3935 3932
f 3889 3932 3931
f 3889 3931 3933
f 3889 3933 3934
f 3889 3934 3935
f 3890 3937 3940
f 3894 3960 3958
f 3900 3990 3987
f 3899 3984 3983
f 3896 3967 3969
f 3892 3950 3947
f 3892 3947 3946
f 3892 3946 3948
f 3892 3948 3949
f 3892 3949 3950
f 3893 3954 3953
f 3891 3942 3945
f 3895 3961 3965
f 3897 3973 3974
f 3898 3980 3976
f 3900 3989 3986
f 3894 3957 3956
f 3890 3938 3936
f 3896 3970 3966
f 3899 3985 3981
f 3894 3959 3957
f 3900 3988 3989
f 3899 3982 3985
f 3896 3968 3970
f 3890 3939 3938
f 3898 3978 3977
f 3893 3951 3952
f 3891 3943 3941
f 3895 3964 3962
f 3897 3975 3972
f 3898 3979 3978
f 3893 3955 3951
f 3891 3944 3943
f 3895 3963 3964
f 3897 3971 3975
f 3894 3956 3960
f 3890 3936 3937
f 3896 3966 3967
f 3899 3981 3984
f 3900 3986 3990
f 3898 3976 3979
f 3893 3953 3955
f 3891 3945 3944
f 3895 3965 3963
f 3897 3974 3971
f 3893 3952 3954
f 3891 3941 3942
f 3895 3962 3961
f 3897 3972 3973
f 3898 3977 3980
f 3894 3958 3959
f 3900 3987 3988
f 3899 3983 3982
f 3896 3969 3968
f 3890 3940 3939
f 3923 3997 4004
f 3906 3993 3996
f 3907 3999 3994
f 3928 4002 4000
f 3930 4005 4003
f 3922 4013 4007
f 3921 4040 4044
f 3913 4025 4027
f 3924 4046 4048
f 3908 4011 4008
f 3920 4031 4037
f 3911 4015 4020
f 3912 4023 4016
f 3925 4035 4033
f 3929 4038 4036
f 3922 4041 4043
f 3921 4028 4021
f 3913 4026 4022
f 3924 4047 4045
f 3908 4010 4012
f 3905 3995 3935
f 3902 3991 3932
f 3901 3992 3931
f 3903 3998 3933
f 3904 4001 3934
f 3906 4006 3937
f 3923 4042 3960
f 3930 4029 3990
f 3928 4050 3984
f 3907 4009 3967
f 3918 4030 3950
f 3915 4017 3947
f 3910 4018 3946
f 3916 4032 3948
f 3917 4034 3949
f 3920 4039 3954
f 3911 4019 3942
f 3912 4024 3961
f 3925 4049 3973
f 3929 4014 3980
f 3923 4004 3989
f 3906 3996 3957
f 3907 3994 3938
f 3928 4000 3970
f 3930 4003 3985
f 3922 4007 3959
f 3921 4044 3988
f 3913 4027 3982
f 3924 4048 3968
f 3908 4008 3939
f 3920 4037 3978
f 3911 4020 3951
f 3912 4016 3943
f 3925 4033 3964
f 3929 4036 3975
f 3922 4043 3979
f 3921 4021 3955
f 3913 4022 3944
f 3924 4045 3963
f 3908 4012 3971
f 3902 3997 3956
f 3901 3993 3936
f 3903 3999 3966
f 3904 4002 3981
f 3905 4005 3986
f 3909 4013 3976
f 3919 4040 3953
f 3914 4025 3945
f 3926 4046 3965
f 3927 4011 3974
f 3915 4031 3952
f 3910 4015 3941
f 3916 4023 3962
f 3917 4035 3972
f 3918 4038 3977
f 3919 4041 3958
f 3914 4028 3987
f 3926 4026 3983
f 3927 4047 3969
f 3909 4010 3940
f 3902 3995 3997
f 3901 3991 3993
f 3903 3992 3999
f 3904 3998 4002
f 3905 4001 4005
f 3909 4006 4013
f 3919 4042 4040
f 3914 4029 4025
f 3926 4050 4046
f 3927 4009 4011
f 3915 4030 4031
f 3910 4017 4015
f 3916 4018 4023
f 3917 4032 4035
f 3918 4034 4038
f 3919 4039 4041
f 3914 4019 4028
f 3926 4024 4026
f 3927 4049 4047
f 3909 4014 4010
f 3902 3932 3995
f 3901 3931 3991
f 3903 3933 3992
f 3904 3934 3998
f 3905 3935 4001
f 3909 3940 4006
f 3919 3958 4042
f 3914 3987 4029
f 3926 3983 4050
f 3927 3969 4009
f 3915 3947 4030
f 3910 3946 4017
f 3916 3948 4018
f 3917 3949 4032
f 3918 3950 4034
f 3919 3953 4039
f 3914 3945 4019
f 3926 3965 4024
f 3927 3974 4049
f 3909 3976 4014
f 3905 3986 4004
f 3902 3956 3996
f 3901 3936 3994
f 3903 3966 4000
f 3904 3981 4003
f 3906 3957 4007
f 3923 3989 4044
f 3930 3985 4027
f 3928 3970 4048
f 3907 3938 4008
f 3918 3977 4037
f 3915 3952 4020
f 3910 3941 4016
f 3916 3962 4033
f 3917 3972 4036
f 3920 3978 4043
f 3911 3951 4021
f 3912 3943 4022
f 3925 3964 4045
f 3929 3975 4012
f 3923 3960 3997
f 3906 3937 3993
f 3907 3967 3999
f 3928 3984 4002
f 3930 3990 4005
f 3922 3979 4013
f 3921 3955 4040
f 3913 3944 4025
f 3924 3963 4046
f 3908 3971 4011
f 3920 3954 4031
f 3911 3942 4015
f 3912 3961 4023
f 3925 3973 4035
f 3929 3980 4038
f 3922 3959 4041
f 3921 3988 4028
f 3913 3982 4026
f 3924 3968 4047
f 3908 3939 4010
f 3905 4004 3995
f 3902 3996 3991
f 3901 3994 3992
f 3903 4000 3998
f 3904 4003 4001
f 3906 4007 4006
f 3923 4044 4042
f 3930 4027 4029
f 3928 4048 4050
f 3907 4008 4009
f 3918 4037 4030
f 3915 4020 4017
f 3910 4016 4018
f 3916 4033 4032
f 3917 4036 4034
f 3920 4043 4039
f 3911 4021 4019
f 3912 4022 4024
f 3925 4045 4049
f 3929 4012 4014
f 3995 3932 3935
f 3991 3931 3932
f 3992 3933 3931
f 3998 3934 3933
f 4001 3935 3934
f 4006 3940 3937
f 4042 3958 3960
f 4029 3987 3990
f 4050 3983 3984
f 4009 3969 3967
f 4030 3947 3950
f 4017 3946 3947
f 4018 3948 3946
f 4032 3949 3948
f 4034 3950 3949
f 4039 3953 3954
f 4019 3945 3942
f 4024 3965 3961
f 4049 3974 3973
f 4014 3976 3980
f 4004 3986 3989
f 3996 3956 3957
f 3994 3936 3938
f 4000 3966 3970
f 4003 3981 3985
f 4007 3957 3959
f 4044 3989 3988
f 4027 3985 3982
f 4048 3970 3968
f 4008 3938 3939
f 4037 3977 3978
f 4020 3952 3951
f 4016 3941 3943
f 4033 3962 3964
f 4036 3972 3975
f 4043 3978 3979
f 4021 3951 3955
f 4022 3943 3944
f 4045 3964 3963
f 4012 3975 3971
f 3997 3960 3956
f 3993 3937 3936
f 3999 3967 3966
f 4002 3984 3981
f 4005 3990 3986
f 4013 3979 3976
f 4040 3955 3953
f 4025 3944 3945
f 4046 3963 3965
f 4011 3971 3974
f 4031 3954 3952
f 4015 3942 3941
f 4023 3961 3962
f 4035 3973 3972
f 4038 3980 3977
f 4041 3959 3958
f 4028 3988 3987
f 4026 3982 3983
f 4047 3968 3969
f 4010 3939 3940
f 3995 4004 3997
f 3991 3996 3993
f 3992 3994 3999
f 3998 4000 4002
f 4001 4003 4005
f 4006 4007 4013
f 4042 4044 4040
f 4029 4027 4025
f 4050 4048 4046
f 4009 4008 4011
f 4030 4037 4031
f 4017 4020 4015
f 4018 4016 4023
f 4032 4033 4035
f 4034 4036 4038
f 4039 4043 4041
f 4019 4021 4028
f 4024 4022 4026
f 4049 4045 4047
f 4014 4012 4010
f 4051 4097 4094
f 4051 4094 4093
f 4051 4093 4095
f 4051 4095 4096
f 4051 4096 4097
f 4052 4099 4102
f 4056 4122 4120
f 4062 4152 4149
f 4061 4146 4145
f 4058 4129 4131
f 4054 4112 4109
f 4054 4109 4108
f 4054 4108 4110
f 4054 4110 4111
f 4054 4111 4112
f 4055 4116 4115
f 4053 4104 4107
f 4057 4123 4127
f 4059 4135 4136
f 4060 4142 4138
f 4062 4151 4148
f 4056 4119 4118
f 4052 4100 4098
f 4058 4132 4128
f 4061 4147 4143
f 4056 4121 4119
f 4062 4150 4151
f 4061 4144 4147
f 4058 4130 4132
f 4052 4101 4100
f 4060 4140 4139
f 4055 4113 4114
f 4053 4105 4103
f 4057 4126 4124
f 4059 4137 4134
f 4060 4141 4140
f 4055 4117 4113
f 4053 4106 4105
f 4057 4125 4126
f 4059 4133 4137
f 4056 4118 4122
f 4052 4098 4099
f 4058 4128 4129
f 4061 4143 4146
f 4062 4148 4152
f 4060 4138 4141
f 4055 4115 4117
f 4053 4107 4106
f 4057 4127 4125
f 4059 4136 4133
f 4055 4114 4116
f 4053 4103 4104
f 4057 4124 4123
f 4059 4134 4135
f 4060 4139 4142
f 4056 4120 4121
f 4062 4149 4150
f 4061 4145 4144
f 4058 4131 4130
f 4052 4102 4101
f 4085 4159 4166
f 4068 4155 4158
f 4069 4161 4156
f 4090 4164 4162
f 4092 4167 4165
f 4084 4175 4169
f 4083 4202 4206
f 4075 4187 4189
f 4086 4208 4210
f 4070 4173 4170
f 4082 4193 4199
f 4073 4177 4182
f 4074 4185 4178
f 4087 4197 4195
f 4091 4200 4198
f 4084 4203 4205
f 4083 4190 4183
f 4075 4188 4184
f 4086 4209 4207
f 4070 4172 4174
f 4067 4157 4097
f 4064 4153 4094
f 4063 4154 4093
f 4065 4160 4095
f 4066 4163 4096
f 4068 4168 4099
f 4085 4204 4122
f 4092 4191 4152
f 4090 4212 4146
f 4069 4171 4129
f 4080 4192 4112
f 4077 4179 4109
f 4072 4180 4108
f 4078 4194 4110
f 4079 4196 4111
f 4082 4201 4116
f 4073 4181 4104
f 4074 4186 4123
f 4087 4211 4135
f 4091 4176 4142
f 4085 4166 4151
f 4068 4158 4119
f 4069 4156 4100
f 4090 4162 4132
f 4092 4165 4147
f 4084 4169 4121
f 4083 4206 4150
f 4075 4189 4144
f 4086 4210 4130
f 4070 4170 4101
f 4082 4199 4140
f 4073 4182 4113
f 4074 4178 4105
f 4087 4195 4126
f 4091 4198 4137
f 4084 4205 4141
f 4083 4183 4117
f 4075 4184 4106
f 4086 4207 4125
f 4070 4174 4133
f 4064 4159 4118
f 4063 4155 4098
f 4065 4161 4128
f 4066 4164 4143
f 4067 4167 4148
f 4071 4175 4138
f 4081 4202 4115
f 4076 4187 4107
f 4088 4208 4127
f 4089 4173 4136
f 4077 4193 4114
f 4072 4177 4103
f 4078 4185 4124
f 4079 4197 4134
f 4080 4200 4139
f 4081 4203 4120
f 4076 4190 4149
f 4088 4188 4145
f 4089 4209 4131
f 4071 4172 4102
f 4064 4157 4159
f 4063 4153 4155
f 4065 4154 4161
f 4066 4160 4164
f 4067 4163 4167
f 4071 4168 4175
f 4081 4204 4202
f 4076 4191 4187
f 4088 4212 4208
f 4089 4171 4173
f 4077 4192 4193
f 4072 4179 4177
f 4078 4180 4185
f 4079 4194 4197
f 4080 4196 4200
f 4081 4201 4203
f 4076 4181 4190
f 4088 4186 4188
f 4089 4211 4209
f 4071 4176 4172
f 4064 4094 4157
f 4063 4093 4153
f 4065 4095 4154
f 4066 4096 4160
f 4067 4097 4163
f 4071 4102 4168
f 4081 4120 4204
f 4076 4149 4191
f 4088 4145 4212
f 4089 4131 4171
f 4077 4109 4192
f 4072 4108 4179
f 4078 4110 4180
f 4079 4111 4194
f 4080 4112 4196
f 4081 4115 4201
f 4076 4107 4181
f 4088 4127 4186
f 4089 4136 4211
f 4071 4138 4176
f 4067 4148 4166
f 4064 4118 4158
f 4063 4098 4156
f 4065 4128 4162
f 4066 4143 4165
f 4068 4119 4169
f 4085 4151 4206
f 4092 4147 4189
f 4090 4132 4210
f 4069 4100 4170
f 4080 4139 4199
f 4077 4114 4182
f 4072 4103 4178
f 4078 4124 4195
f 4079 4134 4198
f 4082 4140 4205
f 4073 4113 4183
f 4074 4105 4184
f 4087 4126 4207
f 4091 4137 4174
f 4085 4122 4159
f 4068 4099 4155
f 4069 4129 4161
f 4090 4146 4164
f 4092 4152 4167
f 4084 4141 4175
f 4083 4117 4202
f 4075 4106 4187
f 4086 4125 4208
f 4070 4133 4173
f 4082 4116 4193
f 4073 4104 4177
f 4074 4123 4185
f 4087 4135 4197
f 4091 4142 4200
f 4084 4121 4203
f 4083 4150 4190
f 4075 4144 4188
f 4086 4130 4209
f 4070 4101 4172
f 4067 4166 4157
f 4064 4158 4153
f 4063 4156 4154
f 4065 4162 4160
f 4066 4165 4163
f 4068 4169 4168
f 4085 4206 4204
f 4092 4189 4191
f 4090 4210 4212
f 4069 4170 4171
f 4080 4199 4192
f 4077 4182 4179
f 4072 4178 4180
f 4078 4195 4194
f 4079 4198 4196
f 4082 4205 4201
f 4073 4183 4181
f 4074 4184 4186
f 4087 4207 4211
f 4091 4174 4176
f 4157 4094 4097
f 4153 4093 4094
f 4154 4095 4093
f 4160 4096 4095
f 4163 4097 4096
f 4168 4102 4099
f 4204 4120 4122
f 4191 4149 4152
f 4212 4145 4146
f 4171 4131 4129
f 4192 4109 4112
f 4179 4108 4109
f 4180 4110 4108
f 4194 4111 4110
f 4196 4112 4111
f 4201 4115 4116
f 4181 4107 4104
f 4186 4127 4123
f 4211 4136 4135
f 4176 4138 4142
f 4166 4148 4151
f 4158 4118 4119
f 4156 4098 4100
f 4162 4128 4132
f 4165 4143 4147
f 4169 4119 4121
f 4206 4151 4150
f 4189 4147 4144
f 4210 4132 4130
f 4170 4100 4101
f 4199 4139 4140
f 4182 4114 4113
f 4178 4103 4105
f 4195 4124 4126
f 4198 4134 4137
f 4205 4140 4141
f 4183 4113 4117
f 4184 4105 4106
f 4207 4126 4125
f 4174 4137 4133
f 4159 4122 4118
f 4155 4099 4098
f 4161 4129 4128
f 4164 4146 4143
f 4167 4152 4148
f 4175 4141 4138
f 4202 4117 4115
f 4187 4106 4107
f 4208 4125 4127
f 4173 4133 4136
f 4193 4116 4114
f 4177 4104 4103
f 4185 4123 4124
f 4197 4135 4134
f 4200 4142 4139
f 4203 4121 4120
f 4190 4150 4149
f 4188 4144 4145
f 4209 4130 4131
f 4172 4101 4102
f 4157 4166 4159
f 4153 4158 4155
f 4154 4156 4161
f 4160 4162 4164
f 4163 4165 4167
f 4168 4169 4175
f 4204 4206 4202
f 4191 4189 4187
f 4212 4210 4208
f 4171 4170 4173
f 4192 4199 4193
f 4179 4182 4177
f 4180 4178 4185
f 4194 4195 4197
f 4196 4198 4200
f 4201 4205 4203
f 4181 4183 4190
f 4186 4184 4188
f 4211 4207 4209
f 4176 4174 4172

