# https://github.com/mikedh/trimesh
v -2.32490873 5.06395197 2.26947474
v 3.71896958 3.90193319 4.60366678
v -1.48096216 4.91776085 0.01148391
v 4.56291580 3.75574207 2.34567547
v 1.51683378 4.31746912 1.23149288
v 0.71254706 4.45678949 3.38337469
v 0.89993459 4.47615433 0.99064708
v 0.09564780 4.61547565 3.14252877
v 4.29281044 3.81522846 3.53231430
v 4.28581381 3.77837896 3.53208494
v -2.04909182 5.03454638 1.08302331
v -2.05608845 4.99769688 1.08279395
v 0.69019359 4.48435879 3.45497894
v -2.17052841 5.01180029 2.32408357
v -2.16356683 5.04846621 2.32431126
v -2.43352413 5.09985161 2.15972018
v -2.44015861 5.06490898 2.15950322
v 3.56057072 3.90991783 4.53747749
v 3.56753206 3.94658351 4.53770542
v 3.87661004 3.88664174 4.59674215
v 3.86997581 3.85169888 4.59652472
v 1.54789913 4.33578444 1.16017413
v -1.33080983 4.86634207 0.07740283
v -1.32384849 4.90300751 0.07763100
v -1.63325357 4.96122694 0.01858330
v -1.63988793 4.92628384 0.01836586
v 4.40028954 3.76445937 2.29079676
v 4.40725040 3.80112505 2.29102468
v 4.67688036 3.74801660 2.45560503
v 4.67024612 3.71307373 2.45538783
v 1.11463058 4.38681412 2.30743170
v 4.50289011 3.74306250 2.44844317
v -1.51080883 4.89927912 0.12590647
v 3.74022675 3.87517333 4.48896217
v -2.27347255 5.03139019 2.16642570
v 0.48767367 4.54808664 2.06265926
v 4.51019430 3.78153563 2.44868255
v -1.50350440 4.93775177 0.12614608
v 3.74753094 3.91364646 4.48920155
v -2.26616836 5.06986284 2.16666508
v 4.34169531 3.79047346 3.55218792
v -2.10360265 5.02967024 1.06296515
v -2.13875866 5.02784014 2.35736108
v -2.27193570 5.03244925 2.29312444
v -2.26541543 5.06679296 2.29333806
v -2.39942622 5.09188604 2.21525574
v -2.40564060 5.05915642 2.21505213
v 3.52230000 3.93942380 4.54370499
v 3.65700817 3.89252853 4.58292770
v 3.66352844 3.92687201 4.58314133
v 3.81446576 3.89717960 4.61510801
v 3.80825186 3.86445022 4.61490440
v -1.28437424 4.87984133 0.07144260
v -1.42680609 4.88605356 0.03196692
v -1.42028594 4.92039680 0.03218055
v -1.57152915 4.94847488 0.00020385
v -1.57774353 4.91574574 0.00000000
v 4.37668419 3.79142499 2.25778651
v 4.50213814 3.74613285 2.32176995
v 4.50865841 3.78047609 2.32198358
v 4.64236259 3.75376892 2.40005612
v 4.63614845 3.72103953 2.39985251
v -1.15583193 4.83192205 0.16462946
v 4.21226358 3.79983187 2.23782873
v 1.49131656 4.32164192 1.29964149
v 4.32557964 3.77727509 2.33966804
v -1.30721736 4.86025810 0.16423893
v -1.98274314 4.97516203 2.37704349
v 3.38535237 3.94307184 4.45024300
v 0.73797345 4.45213842 3.31522322
v 3.53658819 3.91394663 4.45062828
v -2.09620905 4.99692917 2.27519941
v -1.14863026 4.86985350 0.16486526
v 4.21946526 3.83776331 2.23806453
v 0.86678749 4.48229027 1.05581665
v 4.33293152 3.81599617 2.33990884
v -1.29986584 4.89897871 0.16447973
v -1.97554135 5.01309347 2.37727952
v 3.39255428 3.98100352 4.45047903
v 0.11344425 4.61278677 3.07139826
v 3.54393959 3.95266747 4.45086956
v -2.08885741 5.03565025 2.27543998
v 3.92239928 3.87894583 4.53678894
v 4.67198133 3.74910092 2.53126955
v 4.58978701 3.76546907 2.55339170
v 3.87542963 3.88921213 4.46466589
v 4.33180761 3.80652118 3.54745340
v 3.91553593 3.84279680 4.53656387
v 4.66511869 3.71295190 2.53104496
v 4.58259344 3.72758269 2.55315590
v 3.86823606 3.85132575 4.46443033
v 4.32525444 3.77200532 3.54723883
v -2.42839599 5.09997368 2.08406329
v -1.67881370 4.97012901 0.07854390
v -1.63151395 4.96159983 0.15067792
v -2.34587145 5.08534241 2.06195211
v -2.08853221 5.04092026 1.06786919
v -2.43525934 5.06382465 2.08383846
v -1.68567693 4.93397999 0.07831931
v -1.63870728 4.92371321 0.15044212
v -2.35306478 5.04745674 2.06171656
v -2.09508538 5.00640440 1.06765485
v -1.99871218 4.97981930 2.41132641
v -1.99218416 5.01420212 2.41154003
v 3.37549424 3.94655418 4.48688555
v 3.38202190 3.98093677 4.48709965
v -2.35405040 5.04751825 2.23256230
v 0.69289166 4.46113253 3.43642998
v -2.25048232 5.02680683 2.25282526
v -2.34720063 5.08359528 2.23278689
v 0.10497554 4.61236286 3.20689940
v -2.24329472 5.06466341 2.25306034
v -2.45404983 5.08933115 2.15889001
v -2.37626433 5.09016752 2.16209459
v -2.46026325 5.10433960 2.07317543
v -2.38333917 5.05290461 2.16186285
v -2.46648455 5.07157278 2.07297182
v 3.75767612 3.87245464 4.59295750
v 3.66670179 3.88914704 4.53808641
v 3.76452589 3.90853214 4.59318209
v 3.67388940 3.92700338 4.53832150
v 3.88782382 3.87001896 4.60816956
v 3.83263421 3.89642143 4.56001854
v 3.95277143 3.87134528 4.54993820
v 3.82555962 3.85915828 4.55978680
v 3.94655013 3.83857870 4.54973412
v -1.14529979 4.83198881 0.12800860
v -1.13877177 4.86637115 0.12822270
v 4.22890663 3.79872370 2.20356798
v 4.23543453 3.83310628 2.20378160
v -1.52780366 4.90439320 0.02192616
v 1.53683412 4.31494284 1.17844880
v -1.43716693 4.88592196 0.07678628
v -1.52095389 4.94047070 0.02215028
v 0.94891793 4.46617270 0.94891834
v -1.42997932 4.92377853 0.07702160
v -1.64975345 4.95000887 0.00698280
v -1.58883703 4.95376730 0.05532146
v -1.70982790 4.97434664 0.06537366
v -1.59591186 4.91650391 0.05508971
v -1.71604919 4.94157982 0.06517005
v 4.58392286 3.72933006 2.38232136
v 4.48001671 3.74826241 2.36204767
v 4.59077263 3.76540709 2.38254595
v 4.48720407 3.78611827 2.36228299
v 4.69212055 3.73069668 2.45626259
v 4.62006140 3.76002121 2.45324516
v 4.70320654 3.74135280 2.54213643
v 4.61298656 3.72275782 2.45301342
v 4.69698572 3.70858598 2.54193258
v 4.29183912 3.78286290 2.43966031
v -1.34736979 4.86707830 0.26175499
v 3.57666850 3.90674663 4.35310984
v -2.06254029 4.99096203 2.17520475
v 4.13666487 3.80611324 3.47454309
v -1.90728378 4.96814537 1.14032459
v 4.29926205 3.82196355 2.43990350
v -1.33994615 4.90617895 0.26199818
v 3.58409214 3.94584727 4.35335302
v -2.05511665 5.03006268 2.17544794
v 4.14400578 3.84477997 3.47478366
v -1.89994240 5.00681257 1.14056480
v 3.21801877 2.12335825 2.07445073
v 0.60801703 2.58381200 0.88151860
v 3.10517550 2.14929390 2.33135033
v 0.49517348 2.60974741 1.13841844
v 1.79861259 2.35617876 1.72929239
v 1.90615308 2.33146191 1.48446512
v 2.07535768 2.34731293 1.85174811
v 2.18289828 2.32259607 1.60692072
v 0.49003509 2.62318277 0.98026276
v 0.48320061 2.58630896 0.98098326
v 3.22873664 2.14002395 2.23201823
v 3.22190189 2.10315013 2.23273873
v 1.91397953 2.35359859 1.47588611
v 3.14617300 2.11360645 2.04465079
v 3.15297318 2.15029597 2.04393387
v 3.27520204 2.12798333 2.10709929
v 3.26872110 2.09301758 2.10778236
v 0.67124206 2.55023098 0.91345477
v 0.67804253 2.58692074 0.91273761
v 0.55021954 2.60872149 0.86161423
v 0.54373866 2.57375598 0.86229730
v 1.79929626 2.37995696 1.73697424
v 3.03389454 2.13941216 2.30026364
v 3.04069495 2.17610192 2.29954672
v 3.16819859 2.15257668 2.35070395
v 3.16171741 2.11761117 2.35138726
v 0.55896378 2.57603669 1.16906750
v 0.56576419 2.61272621 1.16835070
v 0.44321594 2.63331509 1.10521889
v 0.43673512 2.59834957 1.10590219
v 1.85232425 2.34350491 1.60688484
v 0.50292814 2.58471346 1.12946773
v 3.09989762 2.12655878 2.31644320
v 0.60490352 2.56127572 0.89731050
v 3.20187330 2.10312104 2.08428597
v 2.13358116 2.33449459 1.73133707
v 0.51006389 2.62321162 1.12871540
v 3.10703373 2.16505694 2.31569099
v 0.61203933 2.59977388 0.89655828
v 3.20900893 2.14161921 2.08353376
v 0.46496192 2.61229563 0.97034836
v 3.24831390 2.12125993 2.24251199
v 3.13601851 2.13756585 2.03508592
v 3.18946886 2.10714889 2.06332970
v 3.19583869 2.14151454 2.06265831
v 3.25606322 2.13011765 2.09341812
v 3.24999309 2.09736681 2.09405804
v 0.69133377 2.56885433 0.91771436
v 0.62910026 2.55884600 0.89308333
v 0.63546997 2.59321189 0.89241171
v 0.57264185 2.60352373 0.86692905
v 0.56657153 2.57077265 0.86756897
v 3.02177906 2.16382217 2.29516315
v 3.07646704 2.13312078 2.32058954
v 3.08283687 2.16748667 2.31991816
v 3.14536572 2.15556002 2.34543252
v 3.13929534 2.12280917 2.34607244
v 0.57709461 2.59511065 1.17779148
v 0.51609856 2.58481812 1.15034330
v 0.52246827 2.61918378 1.14967167
v 0.46194425 2.62896609 1.11894333
v 0.45587394 2.59621525 1.11958337
v 2.95625353 2.15240979 2.26250219
v 0.63808280 2.56137872 1.20295513
v 1.80197394 2.35515666 1.72154343
v 0.58339012 2.57048440 1.17106831
v 3.01587009 2.14134884 2.28286171
v 3.06681919 2.12699771 2.01078796
v 0.74864846 2.53596663 0.95124102
v 1.90270305 2.33200550 1.49222338
v 0.68888569 2.54623747 0.93089676
v 3.12136555 2.11710215 2.04269028
v 2.96328878 2.19036603 2.26176047
v 0.64511788 2.59933496 1.20221341
v 2.08214188 2.34618115 1.84551358
v 0.59057170 2.60923052 1.17031121
v 3.02305126 2.18009520 2.28210449
v 3.07385421 2.16495395 2.01004624
v 0.75568360 2.57392311 0.95049906
v 2.18287086 2.32302976 1.61619365
v 0.69606721 2.58498383 0.93013978
v 3.12854695 2.15584850 2.04193306
v 0.53816307 2.61165285 0.86530423
v 0.43793678 2.63468862 1.09347939
v 0.46841362 2.63008356 1.10088086
v 0.56392986 2.60813069 0.88342834
v 0.47288233 2.62500262 0.97254443
v 0.53145850 2.57548022 0.86601114
v 0.43123221 2.59851599 1.09418631
v 0.46138674 2.59217262 1.10162163
v 0.55690295 2.57021952 0.88416910
v 0.46648070 2.59046459 0.97321939
v 3.28070498 2.12781668 2.11881518
v 3.18047857 2.15085244 2.34699011
v 3.15503407 2.15611315 2.32883215
v 3.25055051 2.13416004 2.11137962
v 3.24545646 2.13586807 2.23978209
v 3.27400017 2.09164405 2.11952209
v 3.17377400 2.11467981 2.34769702
v 3.14800715 2.11820221 2.32957315
v 3.24352336 2.09624910 2.11212063
v 3.23905468 2.10133004 2.24045706
v 3.07023954 2.12813330 2.00732279
v 3.07661676 2.16253829 2.00665045
v 0.74942994 2.53756785 0.94656968
v 0.75580692 2.57197285 0.94589734
v 3.22751260 2.09960866 2.08425951
v 1.90897274 2.33176136 1.47841167
v 3.18447661 2.10632825 2.06704569
v 3.23420382 2.13570952 2.08355403
v 2.17271566 2.32331204 1.59511423
v 3.19149804 2.14420867 2.06630540
v 3.27974272 2.11278296 2.10989118
v 3.25269985 2.13319802 2.09904051
v 3.29388714 2.12374043 2.12486076
v 3.24578857 2.09591031 2.09976912
v 3.28780961 2.09095240 2.12550139
v 0.58821040 2.56523132 0.87793541
v 0.62918687 2.55712962 0.89912033
v 0.59490162 2.60133243 0.87722993
v 0.63620812 2.59501028 0.89838004
v 0.54105347 2.59593940 0.85814142
v 0.57143492 2.60622382 0.87353706
v 0.52446759 2.61231852 0.85906506
v 0.56452376 2.56893611 0.87426567
v 0.51839030 2.57953024 0.85970592
v 2.95613050 2.15435982 2.26710415
v 2.96250749 2.18876481 2.26643181
v 0.63532072 2.56379437 1.20635092
v 0.64169765 2.59819937 1.20567846
v 3.11703539 2.12500024 2.33577132
v 1.79612970 2.35769701 1.73531020
v 3.07572889 2.13132238 2.31462145
v 3.12372661 2.16110134 2.33506584
v 2.05987287 2.34924769 1.85201275
v 3.08275032 2.16920304 2.31388116
v 3.17220092 2.13750005 2.35472131
v 3.14741325 2.15739679 2.33873558
v 3.19354677 2.14680243 2.35329556
v 3.14050221 2.12010884 2.33946419
v 3.18746972 2.11401415 2.35393620
v 0.47773346 2.59062314 1.12944746
v 0.52043903 2.58212399 1.14669597
v 0.48442471 2.62672400 1.12874198
v 0.52746028 2.62000442 1.14595580
v 0.43351164 2.62065649 1.10297132
v 0.46614853 2.63042235 1.11323214
v 0.42412731 2.63538027 1.08749986
v 0.45923737 2.59313464 1.11396086
v 0.41805005 2.60259223 1.08814049
v 0.58690578 2.56940436 1.15920341
v 3.02215457 2.13978052 2.27226257
v 0.68253070 2.54742622 0.94150352
v 3.11777949 2.11780238 2.05456257
v 0.54736668 2.57404995 1.01040578
v 3.15739894 2.11359096 2.20335174
v 0.59415764 2.60853028 1.15843892
v 3.02940655 2.17890644 2.27149796
v 0.68978262 2.58655214 0.94073892
v 3.12503147 2.15692854 2.05379796
v 0.55453813 2.61274171 1.00964975
v 3.16457057 2.15228271 2.20259571
v 1.26108003 2.52114964 1.47332311
v 1.67199397 4.19496202 1.40950727
v 1.54126239 2.45112562 1.44079161
v 1.95217645 4.12493801 1.37697566
v 1.74285424 3.28988528 1.43261063
v 1.47583842 3.35661864 1.46361351
v 1.69578671 3.11665177 1.40011799
v 1.42877090 3.18338513 1.43112087
v 1.82041681 4.20108032 1.37646520
v 1.82482588 4.20141745 1.41371250
v 1.38924038 2.44473171 1.44342792
v 1.39364958 2.44506955 1.48067510
v 1.46422601 3.35862446 1.44145322
v 1.27501285 2.56448412 1.49354184
v 1.27062583 2.56414819 1.45648050
v 1.25759315 2.48233938 1.45964801
v 1.26177406 2.48265982 1.49496758
v 1.66466165 4.15167475 1.43302834
v 1.66027451 4.15133858 1.39596725
v 1.68660951 4.22988987 1.39302087
v 1.69079065 4.23020983 1.42834044
v 1.74897647 3.28745890 1.40839124
v 1.55379188 2.49481106 1.46117306
v 1.54940462 2.49447513 1.42411184
v 1.52327573 2.41593957 1.42879987
v 1.52745664 2.41625977 1.46411955
v 1.94344044 4.08200121 1.40065980
v 1.93905330 4.08166552 1.36359859
v 1.95229208 4.16348982 1.36217272
v 1.95647311 4.16381025 1.39749229
v 1.60938418 3.32325482 1.44843078
v 1.94036460 4.12433815 1.40156651
v 1.53150225 2.45888376 1.46506369
v 1.68716729 4.18761873 1.43096471
v 1.27830493 2.52216363 1.49446201
v 1.56154895 3.14719701 1.41540825
v 1.93576133 4.12398624 1.36267829
v 1.52689898 2.45853138 1.42617548
v 1.68256402 4.18726587 1.39207673
v 1.27370167 2.52181101 1.45557392
v 1.82570434 4.21553326 1.39089489
v 1.38749826 2.43055010 1.45894945
v 1.27238667 2.57459426 1.47171986
v 1.26725018 2.53730202 1.49351692
v 1.26314092 2.53698754 1.45880306
v 1.25641131 2.49682283 1.46079087
v 1.26032758 2.49712253 1.49387336
v 1.65727341 4.14238739 1.41194630
v 1.67034996 4.17928410 1.43091464
v 1.66624081 4.17896986 1.39620066
v 1.67888439 4.21771908 1.39517999
v 1.68280053 4.21801901 1.42826247
v 1.55603433 2.50370431 1.43878591
v 1.54782557 2.46718001 1.46093965
v 1.54371631 2.46686554 1.42622566
v 1.53126574 2.42813039 1.42887795
v 1.53518176 2.42843008 1.46196043
v 1.94092095 4.07149696 1.37901223
v 1.95092523 4.10916185 1.39833736
v 1.94681597 4.10884762 1.36362338
v 1.95373869 4.14902687 1.36326706
v 1.95765495 4.14932680 1.39634943
v 1.56408167 2.54561377 1.46014321
v 1.92905009 4.03227282 1.40346277
v 1.73442662 3.29200101 1.43383420
v 1.93180132 4.07050323 1.40319502
v 1.54883599 2.51053715 1.46267045
v 1.28955448 2.61422443 1.49201810
v 1.65452325 4.10088348 1.43533778
v 1.48432350 3.35450721 1.46287346
v 1.66986334 4.13596773 1.43360841
v 1.28689802 2.57600141 1.49308383
v 1.55954301 2.54526639 1.42180252
v 1.92451167 4.03192520 1.36512208
v 1.68677664 3.11662483 1.40093970
v 1.92716825 4.07014847 1.36405647
v 1.54420304 2.51018214 1.42353189
v 1.28501606 2.61387682 1.45367754
v 1.64998472 4.10053587 1.39699709
v 1.43667376 3.17913103 1.42997885
v 1.66523027 4.13561249 1.39446986
v 1.28226495 2.57564640 1.45394516
v 1.69633365 4.23341179 1.39121950
v 1.94518805 4.17121744 1.36232531
v 1.93483508 4.15473986 1.36280978
v 1.69767487 4.21401167 1.39034617
v 1.82322276 4.21195221 1.37723076
v 1.70065904 4.23374319 1.42775846
v 1.94951344 4.17154837 1.39886439
v 1.93936813 4.15508699 1.40110493
v 1.70220816 4.21435833 1.42864120
v 1.82735264 4.21226835 1.41211867
v 1.26455271 2.47460079 1.45827603
v 1.51340723 2.41240644 1.42938197
v 1.51185822 2.43179107 1.42849910
v 1.27469802 2.49106288 1.45603549
v 1.38671362 2.43388104 1.44502163
v 1.26887810 2.47493196 1.49481499
v 1.51773262 2.41273761 1.46592081
v 1.51639140 2.43213820 1.46679413
v 1.27923143 2.49140978 1.49433053
v 1.39084351 2.43419743 1.47990954
v 1.28473556 2.61446142 1.49076760
v 1.28062153 2.61414647 1.45601416
v 1.65011966 4.10281277 1.43402267
v 1.64600587 4.10249758 1.39926934
v 1.26427484 2.51121640 1.49499416
v 1.46914709 3.35825562 1.46345973
v 1.27314103 2.53762674 1.49461675
v 1.25995803 2.51088595 1.45852780
v 1.42429078 3.19316053 1.43249369
v 1.26861155 2.53727984 1.45635259
v 1.25751150 2.47823906 1.47396350
v 1.26302779 2.49581432 1.45769310
v 1.26249790 2.46603322 1.46033049
v 1.26748633 2.49615574 1.49535847
v 1.26641846 2.46633363 1.49345064
v 1.67980182 4.20381927 1.43046188
v 1.67544150 4.17635250 1.43213856
v 1.67548513 4.20348883 1.39399540
v 1.67091191 4.17600536 1.39387453
v 1.68868589 4.23457956 1.40700114
v 1.68516135 4.21532822 1.39213490
v 1.69851017 4.24208117 1.39261687
v 1.68962002 4.21566963 1.42980027
v 1.70243073 4.24238157 1.42573690
v 1.56806052 2.54365206 1.45787108
v 1.56394660 2.54333711 1.42311764
v 1.93344474 4.03200340 1.40112603
v 1.92933071 4.03168821 1.36637282
v 1.53858113 2.44266105 1.46314478
v 1.74932814 3.28823185 1.43092823
v 1.54315436 2.47014427 1.46326590
v 1.53426445 2.44233036 1.42667842
v 1.70447195 3.12313700 1.39996219
v 1.53862488 2.46979737 1.42500174
v 1.52453053 2.41150498 1.44296038
v 1.52444649 2.43048000 1.42734015
v 1.51163554 2.40376830 1.43140340
v 1.52890491 2.43082142 1.46500540
v 1.51555598 2.40406847 1.46452355
v 1.95410812 4.13526344 1.39861262
v 1.94545472 4.10886955 1.40078783
v 1.94979143 4.13493299 1.36214614
v 1.94092512 4.10852289 1.36252356
v 1.95570481 4.16784573 1.37599790
v 1.94657981 4.14999390 1.36178172
v 1.94764781 4.17981577 1.36368990
v 1.95103848 4.15033531 1.39944708
v 1.95156837 4.18011618 1.39680994
v 1.91978800 4.07445574 1.40477586
v 1.53638673 2.51271343 1.46431887
v 1.68235791 4.13379431 1.43234360
v 1.29895687 2.57205248 1.49188662
v 1.81480587 4.16016817 1.41620374
v 1.40388691 2.48633599 1.48002028
v 1.91510952 4.07409668 1.36525381
v 1.53170836 2.51235509 1.42479682
v 1.67767942 4.13343620 1.39282143
v 1.29427826 2.57169437 1.45236444
v 1.81017923 4.15981340 1.37712002
v 1.39926052 2.48598170 1.44093668
v 1.65176439 4.25788403 1.23999310
v 1.21877766 2.52575111 1.30051839
v 1.37595439 4.32832193 1.28270292
v 0.94296771 2.59618878 1.34322834
v 1.16945994 3.46051931 1.33481669
v 1.43230891 3.39339185 1.29411387
v 1.20819235 3.63955998 1.28966558
v 1.47104120 3.57243228 1.24896276
v 1.06786811 2.51831770 1.30823433
v 1.07357502 2.51818633 1.34530616
v 1.52220523 4.33586216 1.24472451
v 1.52791226 4.33573103 1.28179646
v 1.43748462 3.39124441 1.26968145
v 1.64323318 4.21316290 1.26351428
v 1.63755441 4.21329355 1.22662747
v 1.65198326 4.29791069 1.22559297
v 1.65739501 4.29778576 1.26074636
v 1.23265421 2.57067060 1.32090724
v 1.22697556 2.57080102 1.28402054
v 1.19992185 2.48947048 1.28878474
v 1.20533359 2.48934603 1.32393801
v 1.15717781 3.46283007 1.31308770
v 1.36880481 4.28324747 1.30601025
v 1.36312616 4.28337860 1.26912344
v 1.39044678 4.36470270 1.26609254
v 1.39585841 4.36457825 1.30124605
v 0.95822585 2.64075518 1.36340320
v 0.95254713 2.64088583 1.32651651
v 0.93838537 2.55626273 1.32928431
v 0.94379699 2.55613828 1.36443770
v 1.30093324 3.42695451 1.31478238
v 0.96083391 2.59704065 1.36377764
v 1.39165866 4.32052469 1.30355453
v 1.21008015 2.53338718 1.32518113
v 1.64090490 4.25687122 1.26495814
v 1.34029710 3.60891414 1.26889503
v 0.95487547 2.59717774 1.32507265
v 1.38570011 4.32066154 1.26484942
v 1.20412171 2.53352427 1.28647614
v 1.63494635 4.25700808 1.22625303
v 1.06645894 2.50344872 1.32365716
v 1.52820349 4.35062599 1.25911188
v 1.63979053 4.20259094 1.24186146
v 1.65102446 4.24129200 1.26121843
v 1.64570546 4.24141455 1.22666812
v 1.65322149 4.28296280 1.22648907
v 1.65829051 4.28284550 1.25941598
v 1.23422921 2.58017135 1.29855311
v 1.22627175 2.54209828 1.32059276
v 1.22095263 2.54222059 1.28604245
v 1.20805490 2.50210476 1.28871703
v 1.21312392 2.50198817 1.32164371
v 1.36056924 4.27390003 1.28509951
v 1.37482774 4.31182814 1.30398822
v 1.36950862 4.31195068 1.26943791
v 1.38265622 4.35206032 1.26838696
v 1.38772547 4.35194397 1.30131364
v 0.95500785 2.65148020 1.34179127
v 0.95007479 2.61263466 1.36336255
v 0.94475591 2.61275673 1.32881224
v 0.93748981 2.57120275 1.33061481
v 0.94255877 2.57108617 1.36354148
v 1.35799265 4.23069382 1.30814040
v 0.97341949 2.69223547 1.36189818
v 1.17782152 3.45839238 1.33376825
v 0.97019506 2.65272093 1.36266124
v 1.37373173 4.26704073 1.30625260
v 1.62823558 4.16167831 1.26629257
v 1.24366236 2.62321973 1.32005036
v 1.42402160 3.39551687 1.29564345
v 1.22804558 2.58686996 1.32273233
v 1.63158202 4.20118999 1.26632380
v 1.35211802 4.23082924 1.26998019
v 0.96754479 2.69237065 1.32373810
v 1.21703291 3.63964748 1.28805864
v 0.96419823 2.65285873 1.32370698
v 1.36773479 4.26717901 1.26729822
v 1.62236083 4.16181326 1.22813261
v 1.23778772 2.62335491 1.28189027
v 1.46323299 3.57677197 1.24993384
v 1.22204852 2.58700776 1.28377819
v 1.62558520 4.20132780 1.22736943
v 1.19008911 2.48576117 1.28966415
v 0.94511813 2.54832292 1.32759857
v 0.95537817 2.56541204 1.32518506
v 1.18883717 2.50579047 1.28903329
v 1.06523895 2.50707364 1.30980122
v 1.19568765 2.48563242 1.32603109
v 0.95071685 2.54819417 1.36396539
v 0.96124583 2.56527734 1.36329961
v 1.19470477 2.50565553 1.32714784
v 1.07058477 2.50695062 1.34452486
v 1.64506340 4.30585432 1.22606528
v 1.40009260 4.36841583 1.26399982
v 1.40107560 4.34839344 1.26288283
v 1.63453448 4.28877115 1.22673118
v 1.52519560 4.34709787 1.24550581
v 1.65066206 4.30572557 1.26243222
v 1.40569103 4.36828756 1.30036652
v 1.40694320 4.34825802 1.30099761
v 1.64040220 4.28863668 1.26484573
v 1.53054130 4.34697533 1.28022945
v 1.63251007 4.16145420 1.26380622
v 1.62718499 4.16157627 1.22921669
v 1.24749899 2.62124467 1.31762516
v 1.24217391 2.62136698 1.28303552
v 1.65462041 4.26826906 1.26165318
v 1.43864822 3.39174008 1.29219663
v 1.64567661 4.24092817 1.26384914
v 1.64903295 4.26839733 1.22535861
v 1.47556078 3.56236935 1.24916661
v 1.63981366 4.24106312 1.22576511
v 1.65593398 4.30224085 1.23933649
v 1.64607859 4.28394365 1.22525775
v 1.64769423 4.31473160 1.22743344
v 1.65184987 4.28381109 1.26274562
v 1.65276921 4.31461477 1.26039767
v 1.21677315 2.51669097 1.32285798
v 1.22176635 2.54510474 1.32310569
v 1.21118557 2.51681948 1.28656328
v 1.21590352 2.54523969 1.28502166
v 1.20159841 2.48470473 1.30284595
v 1.20126963 2.50451708 1.28743553
v 1.18826103 2.47680092 1.29165554
v 1.20704091 2.50438452 1.32492340
v 1.19333589 2.47668433 1.32461977
v 1.35360646 4.23268175 1.30699515
v 1.34828126 4.23280430 1.27240562
v 0.96859533 2.69247198 1.36081421
v 0.96327031 2.69259453 1.32622445
v 1.38459480 4.33722925 1.30346739
v 1.16283941 3.46217728 1.33490634
v 1.37987685 4.30880928 1.30500889
v 1.37900722 4.33735752 1.26717281
v 1.19975197 3.63280606 1.29187655
v 1.37401390 4.30894375 1.26692510
v 1.39308178 4.36936903 1.28003979
v 1.38873947 4.34966421 1.26510715
v 1.40244448 4.37736416 1.26541102
v 1.39451063 4.34953117 1.30259526
v 1.40751934 4.37724781 1.29837513
v 0.94674736 2.58565140 1.36467218
v 0.95596671 2.61298585 1.36426556
v 0.94115984 2.58577991 1.32837749
v 0.95010370 2.61312079 1.32618153
v 0.93874651 2.55183291 1.34354925
v 0.94393069 2.57023764 1.32728517
v 0.94301116 2.53943372 1.32963312
v 0.94970179 2.57010484 1.36477315
v 0.94808602 2.53931713 1.36259735
v 0.98205769 2.64872074 1.36101627
v 1.38605368 4.26487827 1.30454338
v 1.21578240 2.58903098 1.32482338
v 1.61977828 4.20518875 1.26835060
v 1.08438861 2.56087875 1.34472823
v 1.51738036 4.29303169 1.28420222
v 0.97600186 2.64885998 1.32168019
v 1.37999797 4.26501751 1.26520741
v 1.20972669 2.58917046 1.28548717
v 1.61372280 4.20532799 1.22901440
v 1.07840002 2.56101656 1.30582857
v 1.51139176 4.29316998 1.24530256
v 0.64993382 2.62482238 1.19849348
v 1.05525184 4.31489182 1.10658979
v 0.91812503 2.56018591 1.19264674
v 1.32344306 4.25025558 1.10074306
v 1.11524427 3.40781212 1.16991878
v 0.85965621 3.46941113 1.17549074
v 1.07208455 3.23142791 1.14011645
v 0.81649631 3.29302669 1.14568841
v 1.19883621 4.32353210 1.08611584
v 1.20007181 4.32527256 1.12356377
v 0.77353191 2.55012512 1.18255115
v 0.77476764 2.55186510 1.21999931
v 0.85039908 3.47037339 1.15236080
v 0.66182172 2.66941762 1.21817040
v 0.66059208 2.66768622 1.18090951
v 0.64747316 2.58525777 1.18605065
v 0.64864486 2.58690763 1.22156072
v 1.04616380 4.27202415 1.13102281
v 1.04493439 4.27029228 1.09376192
v 1.07064700 4.34978151 1.09009838
v 1.07181871 4.35143137 1.12560833
v 1.12296283 3.40468311 1.14641893
v 0.92866939 2.60510492 1.21235299
v 0.92743987 2.60337377 1.17509210
v 0.90178508 2.52396631 1.18050647
v 0.90295684 2.52561617 1.21601653
v 1.31301177 4.20771122 1.12520540
v 1.31178188 4.20597982 1.08794451
v 1.32495892 4.28848982 1.08455420
v 1.32613063 4.29013968 1.12006426
v 0.98746079 3.43862653 1.17302501
v 1.31027460 4.25021696 1.12424219
v 0.90698045 2.56858611 1.21568704
v 1.06791353 4.30862808 1.12952566
v 0.66461939 2.62699723 1.22097039
v 0.94359732 3.25936651 1.14273691
v 1.30898440 4.24840021 1.08514452
v 0.90569025 2.56676936 1.17658925
v 1.06662333 4.30681133 1.09042811
v 0.66332918 2.62518072 1.18187273
v 1.20280004 4.33868837 1.10038614
v 0.77056170 2.53636837 1.19839370
v 0.66111887 2.67875671 1.19583690
v 0.65428901 2.64190793 1.21851325
v 0.65313733 2.64028645 1.18361247
v 0.64634770 2.59982395 1.18653917
v 0.64744532 2.60136962 1.21980011
v 1.04076397 4.26177740 1.10975444
v 1.05189931 4.29983807 1.12835741
v 1.05074751 4.29821634 1.09345651
v 1.06306732 4.33743525 1.09205031
v 1.06416500 4.33898067 1.12531126
v 0.93262708 2.61332083 1.18991792
v 0.92285627 2.57718110 1.21265841
v 0.92170453 2.57555914 1.17775762
v 0.90943885 2.53641677 1.18080378
v 0.91053647 2.53796220 1.21406460
v 1.31227243 4.19634151 1.10383534
v 1.32046652 4.23511124 1.12250257
v 1.31931484 4.23348904 1.08760166
v 1.32615852 4.27402830 1.08631492
v 1.32725620 4.27557325 1.11957574
v 0.93882757 2.65637922 1.21028066
v 1.29882586 4.15747738 1.12865305
v 1.10715783 3.40977430 1.17033827
v 1.30168986 4.19595814 1.12717295
v 0.92394006 2.62084031 1.21282566
v 0.67604977 2.71971107 1.21600926
v 1.03604817 4.22080946 1.13438165
v 0.86775869 3.46747160 1.17555726
v 1.05096233 4.25638580 1.13263881
v 0.67321235 2.68126798 1.21829164
v 0.93755561 2.65458798 1.17173326
v 1.29755402 4.15568686 1.09010553
v 1.06346416 3.23120856 1.14016736
v 1.30039144 4.19412994 1.08782315
v 0.92264152 2.61901188 1.17347598
v 0.67477781 2.71791983 1.17746198
v 1.03477621 4.21901798 1.09583449
v 0.82406497 3.28890562 1.14538646
v 1.04966378 4.25455761 1.09328914
v 0.67191380 2.67943954 1.17894197
v 1.08004403 4.35349655 1.08900070
v 1.31824815 4.29608774 1.08380771
v 1.30827987 4.27929020 1.08403158
v 1.08126974 4.33400106 1.08898067
v 1.20150542 4.33455420 1.08670545
v 1.08125639 4.35520363 1.12573659
v 1.31946039 4.29779434 1.12054372
v 1.30955040 4.28107929 1.12253284
v 1.08254015 4.33579016 1.12748194
v 1.20266294 4.33618402 1.12178147
v 0.65414339 2.57760286 1.18557131
v 0.89234746 2.52019382 1.18037832
v 0.89106351 2.53960705 1.17863309
v 0.66405332 2.59431863 1.18358195
v 0.77094084 2.53921342 1.18433344
v 0.65535563 2.57930994 1.22230721
v 0.89355975 2.52190065 1.21711421
v 0.89233404 2.54139614 1.21713459
v 0.66532385 2.59610748 1.22208345
v 0.77209836 2.54084325 1.21940947
v 0.67157465 2.71978760 1.21434426
v 0.67042166 2.71816421 1.17940354
v 1.03198290 4.22259474 1.13262367
v 1.03082967 4.22097158 1.09768295
v 0.65118945 2.61566973 1.22071874
v 0.85332471 3.47088671 1.17470503
v 0.65979713 2.64241695 1.22009850
v 0.64997953 2.61396623 1.18405569
v 0.81219262 3.30278945 1.14630294
v 0.65852767 2.64062953 1.18162799
v 0.64623612 2.58163142 1.20045221
v 0.65286952 2.59886551 1.18405724
v 0.65197766 2.56901336 1.18776608
v 0.65411907 2.60062480 1.22192574
v 0.65307647 2.57056046 1.22106481
v 1.06105769 4.32471180 1.12778342
v 1.05661857 4.29705858 1.13012147
v 1.05984771 4.32300854 1.09112048
v 1.05534923 4.29527092 1.09165096
v 1.07153833 4.35503006 1.10401726
v 1.06925428 4.33508015 1.08964443
v 1.08205211 4.36231136 1.09024906
v 1.07050383 4.33684015 1.12751269
v 1.08315098 4.36385870 1.12354767
v 0.94277412 2.65442610 1.20843208
v 0.94162101 2.65280271 1.17349124
v 1.30318213 4.15723324 1.12671149
v 1.30202913 4.15560961 1.09177065
v 0.91375613 2.55238891 1.21499467
v 1.12151480 3.40625048 1.16885841
v 0.91825449 2.58012629 1.21446407
v 0.91254622 2.55068517 1.17833173
v 1.08038259 3.23815322 1.14045620
v 0.91698503 2.57833886 1.17599356
v 0.90182716 2.52003169 1.19488013
v 0.90309989 2.53855753 1.17860222
v 0.89045274 2.51153874 1.18256724
v 0.90434951 2.54031730 1.21647060
v 0.89155155 2.51308584 1.21586597
v 1.32362413 4.26143122 1.12205923
v 1.31507623 4.23476791 1.12448704
v 1.32241440 4.25972795 1.08539629
v 1.31380653 4.23298025 1.08601665
v 1.32712960 4.29343081 1.09844518
v 1.31948471 4.27477264 1.08418918
v 1.32052743 4.30483675 1.08505034
v 1.32073426 4.27653217 1.12205768
v 1.32162619 4.30638409 1.11834896
v 1.29018176 4.19969034 1.12757289
v 0.91200185 2.62277961 1.21332300
v 1.06291318 4.25446415 1.13252735
v 0.68473333 2.67755342 1.21827745
v 1.19011152 4.28365612 1.12675226
v 0.78478885 2.59356689 1.21865714
v 1.28887045 4.19784403 1.08783746
v 0.91069061 2.62093353 1.17358756
v 1.06160200 4.25261784 1.09279203
v 0.68342203 2.67570710 1.17854226
v 1.18881500 4.28183031 1.08745813
v 0.78349221 2.59174109 1.17936277
v 1.00919998 4.38116312 0.96317768
v 0.60236818 2.67338443 1.01051021
v 0.74175376 4.44532490 0.97942591
v 0.33492196 2.73754644 1.02675819
v 0.54609317 3.59021711 1.02578545
v 0.80097133 3.52907038 1.01030087
v 0.58560848 3.76611280 0.98162127
v 0.84048665 3.70496559 0.96613669
v 0.45764050 2.66316891 1.00452375
v 0.46002704 2.66363764 1.04195356
v 0.88453329 4.45515823 0.95485735
v 0.88691980 4.45562696 0.99228716
v 0.80794972 3.52674770 0.98648310
v 0.99940962 4.33740997 0.98650217
v 0.99703491 4.33694363 0.94925904
v 1.01032853 4.42026091 0.94824672
v 1.01259160 4.42070580 0.98373938
v 0.61363190 2.71801138 1.03138494
v 0.61125726 2.71754503 0.99414206
v 0.58557427 2.63724852 0.99766421
v 0.58783722 2.63769317 1.03315687
v 0.53614306 3.59195614 1.00299597
v 0.73330295 4.40125084 1.00266886
v 0.73092842 4.40078449 0.96542573
v 0.75672311 4.48110247 0.96365404
v 0.75898600 4.48154736 0.99914670
v 0.34752533 2.78185201 1.04755163
v 0.34515074 2.78138566 1.01030898
v 0.33196875 2.69809008 1.01307154
v 0.33423173 2.69853473 1.04856420
v 0.67355257 3.55964804 1.01836324
v 0.35028177 2.73900819 1.04883456
v 0.75508225 4.43825960 1.00173831
v 0.59196967 2.68102574 1.03415132
v 0.99677008 4.38027716 0.98705506
v 0.71371228 3.73841095 0.97347903
v 0.34779018 2.73851871 1.00975585
v 0.75259060 4.43776989 0.96265960
v 0.58947808 2.68053627 0.99507236
v 0.99427849 4.37978745 0.94797635
v 0.45512009 2.64874935 1.01997757
v 0.88897276 4.46995449 0.96950150
v 0.99798352 4.32668352 0.96479392
v 1.00685048 4.36514139 0.98449564
v 1.00462627 4.36470413 0.94961190
v 1.01153851 4.40562773 0.94948149
v 1.01365817 4.40604401 0.98272634
v 0.61692035 2.72707582 1.00912833
v 0.60775518 2.68983912 1.03092813
v 0.60553104 2.68940210 0.99604416
v 0.59326249 2.64980936 0.99814558
v 0.59538209 2.65022588 1.03139019
v 0.72722936 4.39163923 0.98124290
v 0.73902923 4.42939329 1.00076675
v 0.73680502 4.42895651 0.96588278
v 0.74917817 4.46856976 0.96542072
v 0.75129783 4.46898651 0.99866533
v 0.34616625 2.79203129 1.02557755
v 0.33993396 2.75409102 1.04719901
v 0.33770978 2.75365424 1.01231503
v 0.33090216 2.71275139 1.01408458
v 0.33302179 2.71316791 1.04732943
v 0.72315586 4.34948635 1.00460982
v 0.36181298 2.83265901 1.04664993
v 0.55418062 3.58828378 1.02553797
v 0.35893798 2.79382515 1.04772234
v 0.73809874 4.38544703 1.00360942
v 0.98520374 4.28661919 0.98868966
v 0.62386096 2.76979208 1.03072977
v 0.79291475 3.53100967 1.01103425
v 0.60896927 2.73384118 1.03253222
v 0.98812997 4.32546282 0.98841906
v 0.72069937 4.34900331 0.96608114
v 0.35935649 2.83217645 1.00812125
v 0.59418470 3.76635480 0.98082757
v 0.35643035 2.79333234 1.00839186
v 0.73559105 4.38495445 0.96427870
v 0.98274726 4.28613663 0.95016098
v 0.62140441 2.76930952 0.99220109
v 0.83291882 3.70908117 0.96632361
v 0.60646152 2.73334837 0.99320173
v 0.98562229 4.32497072 0.94908857
v 0.57613510 2.63342285 0.99769878
v 0.33859277 2.69041061 1.01213026
v 0.34847620 2.70735598 1.01040173
v 0.57485574 2.65304589 0.99664831
v 0.45507619 2.65210176 1.00601625
v 0.57847619 2.63388276 1.03441691
v 0.34093383 2.69087052 1.04884815
v 0.35092980 2.70783806 1.04888439
v 0.57730943 2.65352798 1.03513122
v 0.45731148 2.65254092 1.04107523
v 1.00362647 4.42792463 0.94796276
v 0.76608407 4.48491335 0.96239400
v 0.76725090 4.46526766 0.96167970
v 0.99363047 4.41095781 0.94792652
v 0.88724875 4.46625519 0.95573545
v 1.00596750 4.42838478 0.98468065
v 0.76842517 4.48537302 0.99911213
v 0.76970446 4.46575022 1.00016236
v 0.99608403 4.41143990 0.98640919
v 0.88948411 4.46669388 0.99079466
v 0.98949361 4.28645277 0.98660803
v 0.98726690 4.28601503 0.95168447
v 0.62773937 2.76789880 1.02869606
v 0.62551272 2.76746130 0.99377251
v 1.01006651 4.39169407 0.98484254
v 0.80719590 3.52755141 1.00899649
v 1.00152767 4.36471176 0.98663211
v 1.00773001 4.39123535 0.94819736
v 0.84485477 3.69518280 0.96690726
v 0.99907595 4.36423016 0.94818020
v 1.01293612 4.42476940 0.96222305
v 1.00481117 4.40643167 0.94758797
v 1.00596595 4.43670702 0.94942856
v 1.00722432 4.40690613 0.98543787
v 1.00808787 4.43712425 0.98271108
v 0.59866750 2.66474414 1.03270626
v 0.60322386 2.69273233 1.03297210
v 0.59633106 2.66428494 0.99606109
v 0.60077220 2.69225049 0.99452043
v 0.58604527 2.63278842 1.01188898
v 0.58687121 2.65202451 0.99621296
v 0.57428503 2.62461877 0.99965191
v 0.58928448 2.65249872 1.03406286
v 0.57640707 2.62503552 1.03293443
v 0.71904761 4.35133410 1.00303864
v 0.71682090 4.35089731 0.96811461
v 0.35729337 2.83278036 1.04512644
v 0.35506666 2.83234310 1.01020265
v 0.74822915 4.45451117 1.00074983
v 0.53975087 3.59171319 1.02524471
v 0.74378800 4.42654514 1.00229049
v 0.74589270 4.45405149 0.96410465
v 0.57740974 3.75934482 0.98315525
v 0.74133641 4.42606306 0.96383858
v 0.75805503 4.48591709 0.97770762
v 0.75527579 4.46629667 0.96274805
v 0.76815319 4.49376011 0.96387625
v 0.75768906 4.46677113 1.00059795
v 0.77027529 4.49417686 0.99715900
v 0.33683023 2.72756052 1.04861355
v 0.34548435 2.75456572 1.04863071
v 0.33449379 2.72710156 1.01196837
v 0.34303275 2.75408387 1.01017880
v 0.33116418 2.69393587 1.02737403
v 0.33733588 2.71188951 1.01137304
v 0.33647227 2.68167138 1.01409984
v 0.33974916 2.71236372 1.04922295
v 0.33859435 2.68208838 1.04738235
v 0.37043148 2.79011559 1.04722953
v 0.75002384 4.38354969 1.00306630
v 0.59706879 2.73574376 1.03346062
v 0.97666097 4.32917738 0.98929739
v 0.47011393 2.70574474 1.04170966
v 0.87695044 4.41354322 0.99437666
v 0.36789927 2.78961802 1.00751352
v 0.74749154 4.38305187 0.96335006
v 0.59453648 2.73524618 0.99374461
v 0.97412878 4.32868004 0.94958138
v 0.46760979 2.70525241 1.00243425
v 0.87444639 4.41305113 0.95510125
v 0.02729026 2.77790833 0.88118315
v 0.40956926 4.45088768 0.82665443
v 0.29179713 2.71688867 0.86340308
v 0.67407620 4.38986826 0.80887437
v 0.47835907 3.55518961 0.85961938
v 0.22628212 3.61334205 0.87656379
v 0.43608859 3.38175344 0.82599711
v 0.18401159 3.43990588 0.84294176
v 0.55016381 4.46137571 0.80115080
v 0.55281967 4.46198797 0.83856034
v 0.14903457 2.70590115 0.85836840
v 0.15169050 2.70651340 0.89577794
v 0.21625738 3.61489201 0.85383558
v 0.03940975 2.82140589 0.90177488
v 0.03676709 2.82079673 0.86455202
v 0.02469886 2.73924470 0.86762309
v 0.02721732 2.73982549 0.90309668
v 0.40190533 4.40780640 0.85006809
v 0.39926261 4.40719700 0.81284523
v 0.42381868 4.48592567 0.81069207
v 0.42633721 4.48650646 0.84616566
v 0.48507667 3.55287695 0.83576560
v 0.30259165 2.76069188 0.88408375
v 0.29994896 2.76008248 0.84686089
v 0.27551708 2.68138266 0.85076308
v 0.27803558 2.68196344 0.88623667
v 0.66508716 4.34709263 0.83237696
v 0.66244447 4.34648275 0.79515433
v 0.67463696 4.42806339 0.79383230
v 0.67715538 4.42864466 0.82930565
v 0.35234329 3.58427119 0.86841154
v 0.66201442 4.38900566 0.83283138
v 0.28164428 2.72437954 0.88708758
v 0.42298293 4.44414854 0.84889889
v 0.04261269 2.77952266 0.90315533
v 0.30938363 3.40800762 0.83424115
v 0.65924162 4.38836622 0.79377365
v 0.27887136 2.72374034 0.84803009
v 0.42020997 4.44350958 0.80984116
v 0.03983977 2.77888298 0.86409760
v 0.55450159 4.47593212 0.81572533
v 0.14683247 2.69183707 0.87387586
v 0.03777674 2.83127260 0.87978387
v 0.03222120 2.79419994 0.90154552
v 0.02974591 2.79362941 0.86668015
v 0.02349298 2.75358200 0.86860347
v 0.02585195 2.75412607 0.90183020
v 0.39584222 4.39828587 0.82870889
v 0.40723056 4.43536520 0.84805369
v 0.40475529 4.43479443 0.81318855
v 0.41652545 4.47362232 0.81254077
v 0.41888446 4.47416639 0.84576750
v 0.30555511 2.76949787 0.86178398
v 0.29709896 2.73309469 0.88374019
v 0.29462370 2.73252392 0.84887528
v 0.28296983 2.69372249 0.85116148
v 0.28532878 2.69426656 0.88438821
v 0.66362059 4.33651114 0.81070900
v 0.67210835 4.37425947 0.83024859
v 0.66963309 4.37368870 0.79538369
v 0.67600232 4.41376305 0.79509878
v 0.67836130 4.41430712 0.82832551
v 0.31211033 2.81140590 0.88322377
v 0.65164572 4.29732513 0.83479190
v 0.47039303 3.55703545 0.86039853
v 0.65410310 4.33533812 0.83439803
v 0.29782522 2.77614784 0.88521791
v 0.05294252 2.87119412 0.90064478
v 0.39247784 4.35711336 0.85221314
v 0.23428263 3.61150432 0.87627006
v 0.40681988 4.39238453 0.85102034
v 0.05054197 2.83319449 0.90184021
v 0.30937642 2.81077552 0.84471583
v 0.64891177 4.29669476 0.79628396
v 0.42759970 3.38145423 0.82636070
v 0.65131229 4.33469439 0.79508877
v 0.29503441 2.77550459 0.84590840
v 0.05020860 2.87056375 0.86213708
v 0.38974395 4.35648298 0.81370521
v 0.19148932 3.43592334 0.84223175
v 0.40402907 4.39174128 0.81171107
v 0.04775115 2.83255100 0.86253095
v 0.43300447 4.48971081 0.80936241
v 0.66793609 4.43551350 0.79357052
v 0.65825814 4.41885042 0.79364371
v 0.43436661 4.47050047 0.80869365
v 0.55272853 4.47225094 0.80198193
v 0.43560991 4.49031162 0.84606075
v 0.67054158 4.43611431 0.83026862
v 0.66098875 4.41948032 0.83210564
v 0.43709728 4.47113037 0.84715557
v 0.55521625 4.47282457 0.83702183
v 0.03131274 2.73177457 0.86666036
v 0.26624438 2.67757750 0.85086823
v 0.26475701 2.69675899 0.84977317
v 0.04086548 2.74840903 0.86482310
v 0.14663804 2.69506431 0.85990715
v 0.03391819 2.73237538 0.90335846
v 0.26884982 2.67817831 0.88756657
v 0.26748765 2.69738841 0.88823509
v 0.04359613 2.74903870 0.90328503
v 0.14912574 2.69563818 0.89494705
v 0.04846848 2.87127709 0.89915013
v 0.04599034 2.87070560 0.86424518
v 0.38839030 4.35888815 0.85066295
v 0.38591218 4.35831642 0.81575823
v 0.02946223 2.76823401 0.90305114
v 0.22000229 3.61476040 0.87605953
v 0.03770521 2.79470658 0.90294003
v 0.02686197 2.76763463 0.86642575
v 0.17971772 3.44947290 0.84401679
v 0.03497674 2.79407740 0.86450911
v 0.02406755 2.73522878 0.88194036
v 0.02982954 2.75277233 0.86585307
v 0.02933259 2.72321939 0.86866689
v 0.03251528 2.75339174 0.90368271
v 0.03169424 2.72376418 0.90193152
v 0.41603270 4.45999479 0.84791040
v 0.41197073 4.43261671 0.84955454
v 0.41343245 4.45939541 0.81128478
v 0.40924230 4.43198776 0.81112337
v 0.42519501 4.49069500 0.82472324
v 0.42254618 4.47143078 0.80983567
v 0.43496096 4.49838352 0.81080770
v 0.42523196 4.47204971 0.84766507
v 0.43732262 4.49892855 0.84407210
v 0.31594211 2.80957270 0.88117051
v 0.31346399 2.80900121 0.84626579
v 0.65586400 4.29718351 0.83268356
v 0.65338576 4.29661179 0.79777884
v 0.28842181 2.70849395 0.88564396
v 0.48450798 3.55374098 0.85827947
v 0.29261196 2.73590136 0.88580537
v 0.28582156 2.70789433 0.84901857
v 0.44422334 3.38845348 0.82623672
v 0.28988352 2.73527217 0.84737444
v 0.27614740 2.67707562 0.86499572
v 0.27662233 2.69583917 0.84926367
v 0.26453164 2.66896081 0.85285664
v 0.27930808 2.69645858 0.88709331
v 0.26689327 2.66950536 0.88612151
v 0.67499226 4.40025473 0.83050299
v 0.66687757 4.37381172 0.83241963
v 0.67239201 4.39965487 0.79387784
v 0.66414911 4.37318230 0.79398870
v 0.67727488 4.43254232 0.80777836
v 0.66933900 4.41449738 0.79324603
v 0.67016000 4.44412518 0.79499745
v 0.67202473 4.41511679 0.83107567
v 0.67252165 4.44466972 0.82826209
v 0.64275116 4.33889771 0.83533931
v 0.28606766 2.77793264 0.88621712
v 0.41860476 4.39060640 0.85040641
v 0.06192134 2.82964134 0.90128422
v 0.54346228 4.42076540 0.84082675
v 0.16117884 2.74776626 0.89535618
v 0.63993293 4.33824778 0.79564476
v 0.28324953 2.77728271 0.84652257
v 0.41578659 4.38995647 0.81071186
v 0.05910316 2.82899141 0.86158967
v 0.54067546 4.42012262 0.80157280
v 0.15839194 2.74712372 0.85610199
v -0.29007089 2.83557963 0.74992824
v 0.07321940 4.43552351 0.69644260
v -0.05513939 2.78225636 0.75057149
v 0.30815092 4.38220024 0.69708586
v 0.12109228 3.58422947 0.74692512
v -0.10279909 3.63504720 0.74631214
v 0.08338850 3.41770601 0.71311212
v -0.14050288 3.46852303 0.71249938
v 0.19957151 4.44781303 0.68014431
v 0.19974442 4.44902706 0.71763301
v -0.18163267 2.76897573 0.73626709
v -0.18145974 2.77019000 0.77375579
v -0.11034192 3.63597894 0.72295165
v -0.27998021 2.87756109 0.77063966
v -0.28015223 2.87635326 0.73333812
v -0.29206014 2.79849386 0.73679161
v -0.29189616 2.79964495 0.77234030
v 0.06450934 4.39470530 0.71992230
v 0.06433729 4.39349747 0.68262076
v 0.08723446 4.46892118 0.68094993
v 0.08739844 4.47007227 0.71649861
v 0.12841983 3.58178639 0.72360516
v -0.04622553 2.82450533 0.77127957
v -0.04639759 2.82329726 0.73397803
v -0.06928669 2.74793029 0.73740149
v -0.06912271 2.74908161 0.77295017
v 0.29826400 4.34164953 0.72056198
v 0.29809198 4.34044170 0.68326044
v 0.31000793 4.41835785 0.68155980
v 0.31017187 4.41950893 0.71710849
v 0.00914808 3.60964870 0.74693942
v 0.29603666 4.38151884 0.72020173
v -0.06543967 2.78956389 0.77342010
v 0.08373196 4.42970657 0.71962023
v -0.27774435 2.83775115 0.77283883
v -0.02917043 3.44040990 0.71257520
v 0.29585615 4.38025141 0.68106127
v -0.06562021 2.78829646 0.73427987
v 0.08355142 4.42843866 0.68048024
v -0.27792490 2.83648396 0.73369861
v 0.20274854 4.46198654 0.69475961
v -0.18467063 2.75577831 0.75179744
v -0.28001732 2.88658643 0.74844861
v -0.28668487 2.85150695 0.77033162
v -0.28684601 2.85037565 0.73539281
v -0.29300770 2.81214166 0.73748112
v -0.29285413 2.81322002 0.77077818
v 0.06026216 4.38519001 0.69835067
v 0.06969686 4.42102528 0.71786332
v 0.06953572 4.41989374 0.68292427
v 0.08050198 4.45709229 0.68249106
v 0.08065555 4.45816994 0.71578813
v -0.04218015 2.83260417 0.74909949
v -0.05142396 2.79810882 0.77097583
v -0.05158511 2.79697752 0.73603678
v -0.06254379 2.75983262 0.73811221
v -0.06239022 2.76091099 0.77140903
v 0.29809934 4.33120728 0.69900203
v 0.30495781 4.36762714 0.71850729
v 0.30479667 4.36649609 0.68356848
v 0.31096587 4.40478277 0.68312192
v 0.31111947 4.40586090 0.71641898
v -0.03709532 2.87297797 0.77031231
v 0.28557450 4.29402733 0.72280717
v 0.11400276 3.58584690 0.74714899
v 0.28825396 4.33027458 0.72202301
v -0.05032677 2.83915281 0.77187061
v -0.26728478 2.92522454 0.76968217
v 0.05538507 4.34627438 0.72217703
v -0.09570733 3.63344550 0.74657488
v 0.06862023 4.38012552 0.72142196
v -0.26996052 2.88900352 0.77126956
v -0.03727331 2.87172842 0.73172307
v 0.28539655 4.29277802 0.68421793
v 0.07583264 3.41726375 0.71291780
v 0.28807226 4.32899904 0.68263054
v -0.05050847 2.83787727 0.73247838
v -0.26746273 2.92397499 0.73109293
v 0.05520708 4.34502459 0.68358779
v -0.13387744 3.46486211 0.71234369
v 0.06843853 4.37884998 0.68202949
v -0.27014220 2.88772798 0.73187709
v 0.09550884 4.47268200 0.68017554
v 0.30417201 4.42532110 0.68074703
v 0.29537326 4.40926552 0.68042278
v 0.09651574 4.45440054 0.67987847
v 0.20193440 4.45823336 0.68098450
v 0.09567849 4.47387314 0.71695161
v 0.30434167 4.42651176 0.71752286
v 0.29555100 4.41051340 0.71896601
v 0.09669352 4.45564890 0.71842170
v 0.20209634 4.45937061 0.71609855
v -0.28622991 2.79149055 0.73637748
v -0.07756671 2.74412966 0.73694873
v -0.07858175 2.76235390 0.73547840
v -0.27743924 2.80748916 0.73493409
v -0.18398459 2.75863218 0.73780155
v -0.28606024 2.79268169 0.77315307
v -0.07739708 2.74532080 0.77372432
v -0.07840399 2.76360202 0.77402163
v -0.27726150 2.80873728 0.77347732
v -0.18382265 2.75976920 0.77291560
v -0.27116528 2.92519474 0.76789379
v -0.27132660 2.92406201 0.73291516
v 0.05187184 4.34786224 0.72033453
v 0.05171051 4.34672976 0.68535590
v -0.28954598 2.82674575 0.77202964
v -0.10832288 3.63627005 0.74537301
v -0.28189513 2.85211635 0.77207851
v -0.28971529 2.82555723 0.73532677
v -0.14425528 3.47756958 0.71314859
v -0.28207278 2.85086918 0.73356628
v -0.29350901 2.79487848 0.75109220
v -0.28723538 2.81144953 0.73516822
v -0.28821129 2.78333545 0.73837280
v -0.28706047 2.81267691 0.77307773
v -0.28805751 2.78441477 0.77170777
v 0.07782257 4.44465065 0.71794367
v 0.07377975 4.41852140 0.71971416
v 0.07765330 4.44346189 0.68124080
v 0.07360213 4.41727448 0.68120193
v 0.08769345 4.47370815 0.69496965
v 0.08597416 4.45507812 0.68022227
v 0.09726860 4.48100281 0.68162036
v 0.08614901 4.45630550 0.71813178
v 0.09742234 4.48208237 0.71495533
v -0.03359875 2.87127352 0.76854420
v -0.03376009 2.87014079 0.73356557
v 0.28943837 4.29394054 0.72098494
v 0.28927705 4.29280806 0.68600631
v -0.05954154 2.77454066 0.77265930
v 0.12660755 3.58294702 0.74601626
v -0.05549037 2.80072832 0.77269840
v -0.05971082 2.77335215 0.73595643
v 0.09067515 3.42424679 0.71379185
v -0.05566800 2.79948115 0.73418617
v -0.06961501 2.74406075 0.75170517
v -0.06803726 2.76169729 0.73576832
v -0.07931059 2.73592067 0.73894477
v -0.06786240 2.76292491 0.77367783
v -0.07915683 2.73699999 0.77227974
v 0.30782706 4.39244556 0.71857333
v 0.30018452 4.36713362 0.72033381
v 0.30765775 4.39125681 0.68187046
v 0.30000690 4.36588669 0.68182158
v 0.31158745 4.42289019 0.69558239
v 0.30517226 4.40532589 0.68082237
v 0.30616927 4.43358803 0.68219233
v 0.30534711 4.40655327 0.71873188
v 0.30632302 4.43466711 0.71552730
v 0.27817261 4.33346128 0.72215962
v -0.06079353 2.84064245 0.77206397
v 0.07908876 4.37864828 0.72161460
v -0.25987735 2.88582921 0.77151895
v 0.19079389 4.40961933 0.71987557
v -0.17250067 2.80965710 0.77336168
v 0.27798912 4.33217382 0.68238115
v -0.06097701 2.83935428 0.73228550
v 0.07890531 4.37736034 0.68183613
v -0.26006085 2.88454103 0.73174047
v 0.19061244 4.40834570 0.68053842
v -0.17268211 2.80838323 0.73402452
v 2.27719522 4.12542295 1.53010273
v 1.84035277 2.42671037 1.58199501
v 2.00201631 4.19683266 1.55120611
v 1.56517363 2.49812031 1.60309827
v 1.79188895 3.34603262 1.59970665
v 2.05413651 3.27797842 1.57959509
v 1.83389616 3.52108550 1.55511391
v 2.09614372 3.45303130 1.53500235
v 1.69078231 2.42037845 1.57856512
v 1.69374800 2.42075801 1.61595452
v 2.14916563 4.20285463 1.52411413
v 2.15213132 4.20323420 1.56150353
v 2.06099892 3.27548218 1.55564880
v 2.26695013 4.08187008 1.55353355
v 2.26399946 4.08149242 1.51633096
v 2.27856326 4.16454268 1.51521242
v 2.28137541 4.16490316 1.55066681
v 1.85271502 2.47106814 1.60274017
v 1.84976387 2.47069073 1.56553745
v 1.82247615 2.39099574 1.56939065
v 1.82528841 2.39135551 1.60484505
v 1.78133357 3.34805632 1.57709610
v 1.99314964 4.15292215 1.57453120
v 1.99019861 4.15254450 1.53732848
v 2.01762509 4.23225737 1.53522348
v 2.02043748 4.23261738 1.57067800
v 1.57891440 2.54212046 1.62373781
v 1.57596338 2.54174280 1.58653498
v 1.56153798 2.45870996 1.58940184
v 1.56435037 2.45906997 1.62485623
v 1.92303813 3.31200862 1.58997071
v 1.58133638 2.49915528 1.62490451
v 2.01599765 4.18938589 1.57327139
v 1.83001220 2.43462300 1.60583377
v 2.26467347 4.12485361 1.55420065
v 1.96573007 3.48991561 1.54465091
v 1.57824004 2.49875927 1.58586788
v 2.01290107 4.18898964 1.53423488
v 1.82691586 2.43422675 1.56679726
v 2.26157737 4.12445736 1.51516402
v 1.68823802 2.40600061 1.59404182
v 2.15409470 4.21753788 1.53870308
v 2.26507926 4.07118511 1.53183317
v 2.27488899 4.10943270 1.55143833
v 2.27212477 4.10907888 1.51659214
v 2.27967811 4.14986086 1.51640296
v 2.28231239 4.15019751 1.54961181
v 1.85590649 2.48006892 1.58043861
v 1.84635365 2.44302368 1.60234368
v 1.84358954 2.44267011 1.56749749
v 1.83054733 2.40336347 1.56975484
v 1.83318138 2.40370035 1.60296369
v 1.98649669 4.14347839 1.55319750
v 1.99932408 4.18094254 1.57257128
v 1.99655986 4.18058872 1.53772497
v 2.00973225 4.21991253 1.53710496
v 2.01236629 4.22024965 1.57031369
v 1.57732391 2.55236220 1.60180271
v 1.57078862 2.51453400 1.62347662
v 1.56802464 2.51418018 1.58863032
v 1.56060135 2.47341537 1.59045684
v 1.56323528 2.47375226 1.62366569
v 1.98216987 4.10137367 1.57657146
v 1.59417200 2.59259844 1.62266147
v 1.80021358 3.34387994 1.59931231
v 1.59081960 2.55379939 1.62372422
v 1.99794972 4.13697195 1.57536161
v 2.25179458 4.03140497 1.55589402
v 1.86379659 2.52262998 1.60198414
v 2.04585052 3.28013611 1.58047462
v 1.84808016 2.48703933 1.60399508
v 2.25521016 4.07021189 1.55563247
v 1.97911704 4.10098267 1.53808439
v 1.59111893 2.59220791 1.58417451
v 1.84274030 3.52109766 1.55416811
v 1.58770311 2.55340075 1.58443618
v 1.99483335 4.13657331 1.53607357
v 2.24874163 4.03101397 1.51740730
v 1.86074364 2.52223945 1.56349719
v 2.08837700 3.45735407 1.53533041
v 1.84496379 2.48664069 1.56470704
v 2.25209403 4.06981325 1.51634431
v 1.81269419 2.38741970 1.56958699
v 1.56828368 2.45084524 1.58833063
v 1.57863653 2.46754384 1.58645296
v 1.81156147 2.40709901 1.56859016
v 1.68804145 2.40936756 1.58008599
v 1.81560373 2.38779187 1.60626531
v 1.57119310 2.45121741 1.62500894
v 1.58168566 2.46793413 1.62489402
v 1.81461084 2.40748930 1.60703123
v 1.69081950 2.40972281 1.61510706
v 2.27172017 4.17239523 1.51505971
v 2.02730989 4.23582077 1.53380334
v 2.02830267 4.21612358 1.53303742
v 2.26122785 4.15567875 1.51517451
v 2.15209413 4.21388960 1.52496171
v 2.27462959 4.17276764 1.55173802
v 2.03021932 4.23619318 1.57048166
v 2.03135204 4.21651363 1.57147861
v 2.26427722 4.15606880 1.55361569
v 2.15487218 4.21424532 1.55998266
v 2.25619292 4.03112411 1.55373597
v 2.25342584 4.03076982 1.51885021
v 1.86775339 2.52063179 1.59987855
v 1.86498606 2.52027774 1.56499255
v 2.27848577 4.13592720 1.55176950
v 2.06052876 3.27629137 1.57817769
v 2.26941848 4.10914373 1.55366862
v 2.27558208 4.13555574 1.51516378
v 2.10056233 3.44312000 1.53567994
v 2.26637197 4.10875416 1.51525831
v 2.28148699 4.16897631 1.52914989
v 2.27271724 4.15084743 1.51463032
v 2.27424479 4.18112326 1.51649773
v 2.27571654 4.15123129 1.55243945
v 2.27688193 4.18146086 1.54974413
v 1.83673918 2.41814470 1.60424423
v 1.84173334 2.44604039 1.60447299
v 1.83383560 2.41777325 1.56763852
v 1.83868659 2.44565058 1.56606269
v 1.82310569 2.38650823 1.58360064
v 1.82394743 2.40575385 1.56793928
v 1.81072021 2.37865448 1.57155931
v 1.82694638 2.40613770 1.60574841
v 1.81335735 2.37899208 1.60480595
v 1.97792757 4.10333538 1.57507598
v 1.97516024 4.10298109 1.54018998
v 1.58948779 2.59284282 1.62121856
v 1.58672047 2.59248853 1.58633256
v 2.00907779 4.20583963 1.57243013
v 1.78535068 3.34770107 1.59928083
v 2.00422692 4.17796230 1.57400596
v 2.00617433 4.20546770 1.53582454
v 1.82538438 3.51452971 1.55678308
v 2.00118017 4.17757225 1.53559566
v 2.01923609 4.23703098 1.54926181
v 2.01596713 4.21747541 1.53432024
v 2.02955604 4.24462128 1.53526258
v 2.01896620 4.21785927 1.57212937
v 2.03219342 4.24495840 1.56850934
v 1.56733119 2.48805714 1.62490475
v 1.57654178 2.51485848 1.62481034
v 1.56442773 2.48768568 1.58829916
v 1.57349491 2.51446891 1.58640003
v 1.56085491 2.45456338 1.60371244
v 1.56719708 2.47238135 1.58762920
v 1.56603158 2.44215202 1.59032440
v 1.57019627 2.47276521 1.62543833
v 1.56866872 2.44248962 1.62357092
v 1.60263836 2.54977703 1.62302136
v 2.01023197 4.13475180 1.57460368
v 1.83582854 2.48926353 1.60513806
v 2.24342227 4.07423830 1.55672050
v 1.70458901 2.46263933 1.61559713
v 2.14143658 4.16137171 1.56370449
v 1.59949136 2.54937434 1.58334827
v 2.00708508 4.13434935 1.53493047
v 1.83268166 2.48886085 1.56546497
v 2.24027514 4.07383585 1.51704729
v 1.70147693 2.46224141 1.57636416
v 2.13832450 4.16097355 1.52447152
v 1.99008536 4.19312572 1.54021347
v 1.55805039 2.48732758 1.60273671
v 1.99298644 4.18690300 1.39049792
v 1.56095147 2.48110533 1.45302093
v 1.75448823 3.33980250 1.42460799
v 1.75172341 3.34573245 1.56728816
v 1.83725834 3.50636530 1.41928935
v 1.83449364 3.51229525 1.56196940
v 1.56368768 2.43841791 1.52986336
v 1.52733290 2.44758582 1.52877784
v 2.01702619 4.22832918 1.46425712
v 1.98067129 4.23749685 1.46317184
v 1.77426612 3.34022141 1.57270217
v 1.95748794 4.15437460 1.54081655
v 1.99366140 4.14525223 1.54189670
v 2.01357484 4.22703314 1.53537726
v 1.97910142 4.23572683 1.53434789
v 1.54781151 2.53685379 1.60010409
v 1.58398497 2.52773166 1.60118413
v 1.56250715 2.44608831 1.60065484
v 1.52803373 2.45478177 1.59962547
v 1.77721429 3.33389759 1.42054558
v 1.96037436 4.14818335 1.39185095
v 1.99654770 4.13906097 1.39293098
v 2.01632547 4.22113323 1.39340961
v 1.98185205 4.22982645 1.39238036
v 1.55069780 2.53066254 1.45113850
v 1.58687127 2.52154040 1.45221853
v 1.56525791 2.44018793 1.45868707
v 1.53078437 2.44888139 1.45765781
v 1.75279486 3.34284592 1.49593878
v 1.53957343 2.49129152 1.45940828
v 1.96945107 4.18857193 1.39719737
v 1.53695166 2.49691463 1.59470439
v 1.96682942 4.19419527 1.53249335
v 1.83691454 3.51212430 1.49053335
v 1.57752979 2.48171973 1.46054161
v 2.00740743 4.17900038 1.39833069
v 1.57490814 2.48734260 1.59583771
v 2.00478601 4.18462372 1.53362668
v 1.54537535 2.42751288 1.52996171
v 2.00610471 4.24660587 1.46328604
v 1.97617340 4.13919497 1.54311311
v 1.96569538 4.18202496 1.54030752
v 1.99957764 4.17348099 1.54131901
v 2.00899553 4.21382904 1.53829288
v 1.97670579 4.22197199 1.53732896
v 1.57150376 2.54144192 1.60167611
v 1.54187644 2.50866532 1.60164165
v 1.57575858 2.50012088 1.60265338
v 1.56480765 2.46004701 1.60257483
v 1.53251767 2.46818972 1.60161078
v 1.97911024 4.13289547 1.39154577
v 1.96860051 4.17579412 1.39038181
v 2.00248265 4.16724968 1.39139342
v 2.01184154 4.20772505 1.39142418
v 1.97955155 4.21586800 1.39046025
v 1.57444048 2.53514266 1.45010865
v 1.54478145 2.50243425 1.45171595
v 1.57866359 2.49389005 1.45272756
v 1.56765342 2.45394301 1.45570624
v 1.53536344 2.46208572 1.45474219
v 1.94675374 4.09716177 1.39484596
v 1.56302571 2.58209348 1.45037830
v 1.75416470 3.34004974 1.42911971
v 1.55311036 2.54497743 1.45509911
v 1.95575988 4.13475418 1.39682853
v 1.94391131 4.10325861 1.54153955
v 1.56018329 2.58819032 1.59707177
v 1.75157511 3.34560394 1.56276238
v 1.55039811 2.55079460 1.59506595
v 1.95304775 4.14057112 1.53679526
v 1.98417592 4.08772469 1.39596331
v 1.60044801 2.57265639 1.45149553
v 1.83795857 3.50867271 1.42373514
v 1.59131134 2.53534389 1.45623982
v 1.99396086 4.12512016 1.39796913
v 1.98133349 4.09382153 1.54265690
v 1.59760559 2.57875323 1.59818912
v 1.83536911 3.51422691 1.55737793
v 1.58859921 2.54116106 1.59620655
v 1.99124885 4.13093710 1.53793597
v 1.56173599 2.44001341 1.59638679
v 1.56431258 2.43448687 1.46341121
v 1.56973720 2.45267463 1.46589148
v 1.56728184 2.45794129 1.59261811
v 1.55973279 2.42763925 1.53023469
v 1.52607250 2.44900703 1.59532201
v 1.52864897 2.44348049 1.46234643
v 1.53235972 2.46210051 1.46477556
v 1.52990437 2.46736717 1.59150219
v 1.52568066 2.43622661 1.52921796
v 2.01571035 4.23243427 1.53068876
v 2.01828671 4.22690773 1.39771318
v 2.01445484 4.20854759 1.40153277
v 2.01199937 4.21381474 1.52825952
v 2.01867843 4.23968840 1.46381712
v 1.98004663 4.24142790 1.52962387
v 1.98262334 4.23590136 1.39664829
v 1.97707748 4.21797323 1.40041697
v 1.97462189 4.22324038 1.52714360
v 1.98462641 4.24827576 1.46280038
v 1.94583488 4.10377693 1.54391086
v 1.97975564 4.09522295 1.54492366
v 1.56167006 2.58698416 1.59950638
v 1.59559083 2.57843018 1.60051906
v 1.97140551 4.20796490 1.53766167
v 1.75255144 3.34565258 1.57083225
v 1.96359706 4.18068504 1.53749478
v 2.00699830 4.19898891 1.53872442
v 1.83143294 3.50439024 1.56576347
v 2.00094461 4.17126656 1.53860974
v 2.00096869 4.23499060 1.53516006
v 2.01112318 4.21241140 1.53479576
v 2.01626492 4.24164152 1.53039253
v 1.97436035 4.22168159 1.53369832
v 1.98393798 4.24979353 1.52942741
v 1.53452063 2.48301768 1.60088658
v 1.54061878 2.51064444 1.59870720
v 1.57011342 2.47404170 1.60194933
v 1.57796621 2.50122619 1.59982228
v 1.54763246 2.44508743 1.60076594
v 1.56729209 2.46003866 1.59902608
v 1.55784154 2.43165398 1.59673464
v 1.53052926 2.46930933 1.59792840
v 1.52551472 2.43980622 1.59576952
v 1.94876838 4.09748459 1.39251602
v 1.98268902 4.08893061 1.39352870
v 1.56460369 2.58069205 1.44811141
v 1.59852445 2.57213807 1.44912422
v 1.97424579 4.20187330 1.39108562
v 1.75545239 3.33943033 1.42111731
v 1.96639299 4.17468882 1.39321280
v 2.00983858 4.19289732 1.39214838
v 1.83433402 3.49816775 1.41604853
v 2.00374055 4.16527033 1.39432800
v 2.00373363 4.22906065 1.39247835
v 2.01382995 4.20660543 1.39510667
v 2.01884460 4.23610878 1.39726555
v 1.97706711 4.21587610 1.39400911
v 1.98651779 4.24426079 1.39630044
v 1.53736079 2.47692561 1.45431077
v 1.54341447 2.50464821 1.45442533
v 1.57295370 2.46794987 1.45537353
v 1.58076191 2.49522996 1.45554030
v 1.55039716 2.43915749 1.45808423
v 1.56999886 2.45423269 1.45933688
v 1.56042099 2.42612123 1.46360767
v 1.53323591 2.46350360 1.45823932
v 1.52809441 2.43427348 1.46264255
v 1.55256724 2.54439211 1.46167469
v 1.95567501 4.13597822 1.40333772
v 1.55010879 2.54966497 1.58854556
v 1.95321667 4.14125109 1.53020871
v 1.53708601 2.48985839 1.52721000
v 1.96912599 4.19567633 1.46468616
v 1.59114242 2.53466392 1.46282649
v 1.99425042 4.12624979 1.40448952
v 1.58868420 2.53993678 1.58969736
v 1.99179208 4.13152266 1.53136051
v 1.57523334 2.48023844 1.52834892
v 2.00727320 4.18605661 1.46582508
v 2.58904195 4.06154394 1.66562581
v 2.14187479 2.37385893 1.72473109
v 2.31417537 4.13512182 1.68703830
v 1.86700809 2.44743729 1.74614358
v 2.09892821 3.28986025 1.73913336
v 2.36087823 3.21973968 1.71872711
v 2.14191747 3.46364570 1.69380391
v 2.40386701 3.39352512 1.67339766
v 1.99217284 2.36883330 1.72163701
v 1.99521959 2.36933541 1.75901842
v 2.46139050 4.13973808 1.65961719
v 2.46443701 4.14023972 1.69699872
v 2.36768055 3.21709847 1.69477594
v 2.57857847 4.01835394 1.68923926
v 2.57554722 4.01785469 1.65204453
v 2.59061480 4.10043049 1.65058756
v 2.59350371 4.10090637 1.68603456
v 2.15455270 2.41800928 1.74528587
v 2.15152144 2.41750956 1.70809102
v 2.12374783 2.33839655 1.71229684
v 2.12663674 2.33887243 1.74774373
v 2.08833241 3.29187632 1.71653759
v 2.30508876 4.09156370 1.71054459
v 2.30205750 4.09106398 1.67334974
v 2.32997298 4.17020082 1.67089176
v 2.33286190 4.17067671 1.70633888
v 1.88106275 2.49121881 1.76659119
v 1.87803149 2.49071932 1.72939622
v 1.86310613 2.40816712 1.73260105
v 1.86599505 2.40864301 1.76804805
v 2.22992945 3.25480437 1.72924995
v 1.88323116 2.44841576 1.76791215
v 2.32816601 4.12767363 1.70910192
v 2.13162470 2.38192368 1.74856210
v 2.57655931 4.06118155 1.68975186
v 2.27361894 3.43142295 1.68318152
v 1.88005042 2.44789147 1.72888386
v 2.32498503 4.12714911 1.67007375
v 2.12844396 2.38139963 1.70953369
v 2.57337856 4.06065798 1.65072346
v 1.98957300 2.35459900 1.73717225
v 2.46644044 4.15437603 1.67414117
v 2.57659769 4.00764275 1.66758275
v 2.58668232 4.04572487 1.68702543
v 2.58384323 4.04525709 1.65218651
v 2.59164500 4.08580399 1.65183032
v 2.59435058 4.08624983 1.68503201
v 2.15775371 2.42685580 1.72294438
v 2.14801836 2.39013433 1.74500680
v 2.14517927 2.38966656 1.71016777
v 2.13189864 2.35064459 1.71259832
v 2.13460445 2.35109019 1.74580002
v 2.29833150 4.08213091 1.68926013
v 2.31143045 4.11940622 1.70846796
v 2.30859137 4.11893845 1.67362905
v 2.32200527 4.15798283 1.67283559
v 2.32471108 4.15842867 1.70603740
v 1.87948775 2.50134420 1.74462163
v 1.87276661 2.46381593 1.76644921
v 1.86992741 2.46334815 1.73161030
v 1.86225903 2.42282343 1.73360360
v 1.86496496 2.42326951 1.76680529
v 2.29379797 4.04033184 1.71279895
v 1.89662933 2.54135156 1.76529562
v 2.10724401 3.28764272 1.73872960
v 1.89304495 2.50274658 1.76650929
v 2.30979753 4.07564163 1.71142411
v 2.56311631 3.96823859 1.69181883
v 2.16594791 2.46925807 1.74431551
v 2.35260201 3.22196364 1.71961594
v 2.15001321 2.43395925 1.74649119
v 2.56676602 4.00685406 1.69140601
v 2.29066205 4.03981495 1.67432022
v 1.89349341 2.54083467 1.72681689
v 2.15076447 3.46357775 1.69283950
v 1.88984370 2.50221896 1.72722971
v 2.30659676 4.07511377 1.67214441
v 2.55998063 3.96772194 1.65333986
v 2.16281176 2.46874166 1.70583653
v 2.39612246 3.39789844 1.67372584
v 2.14681220 2.43343186 1.70721149
v 2.56356502 4.00632668 1.65212631
v 2.11393952 2.33492064 1.71252692
v 1.86980641 2.40027213 1.73154509
v 1.88026142 2.41680455 1.72958386
v 2.11292195 2.35452437 1.71145916
v 1.98936784 2.35789776 1.72320437
v 2.11692810 2.33541322 1.74919736
v 1.87279499 2.40076447 1.76821566
v 1.88339341 2.41732073 1.76801682
v 2.11605406 2.35504031 1.74989235
v 1.99222136 2.35836792 1.75821817
v 2.58381462 4.10830832 1.65042007
v 2.33968186 4.17365980 1.66943824
v 2.34055567 4.15403271 1.66874349
v 2.57321644 4.09175253 1.65061891
v 2.46438861 4.15070534 1.66041756
v 2.58680320 4.10880136 1.68709052
v 2.34267020 4.17415237 1.70610881
v 2.34368801 4.15454912 1.70717633
v 2.57634854 4.09226847 1.68905187
v 2.46724224 4.15117550 1.69543123
v 2.56751108 3.96791220 1.68965268
v 2.56466866 3.96744418 1.65477395
v 2.16989040 2.46722555 1.74220908
v 2.16704822 2.46675730 1.70733047
v 2.59044075 4.07208014 1.68725061
v 2.36726093 3.21799850 1.71730256
v 2.58121181 4.04549408 1.68926799
v 2.58745837 4.07158899 1.65065277
v 2.40823007 3.38361931 1.67410278
v 2.57808232 4.04497862 1.65086603
v 2.59359527 4.10487556 1.66450250
v 2.58468246 4.08684015 1.65006840
v 2.58639598 4.11698437 1.65182042
v 2.58776283 4.08734751 1.68786955
v 2.58910513 4.11743069 1.68505991
v 2.13825345 2.36544943 1.74701953
v 2.14341784 2.39318705 1.74713445
v 2.13527083 2.36495781 1.71042168
v 2.14028835 2.39267135 1.70873237
v 2.12438011 2.33397913 1.72652197
v 2.12530541 2.35307503 1.71078765
v 2.11191559 2.32621670 1.71453583
v 2.12838578 2.35358238 1.74858880
v 2.11462450 2.32666326 1.74777532
v 2.28956151 4.04231596 1.71130514
v 2.28671932 4.04184723 1.67642665
v 1.89194095 2.54162931 1.76386154
v 1.88909864 2.54116106 1.72898293
v 2.32133913 4.14411497 1.70821416
v 2.09239554 3.29157662 1.73871493
v 2.31632137 4.11640215 1.70990324
v 2.31835628 4.14362431 1.67161608
v 2.13336444 3.45719743 1.69551516
v 2.31319165 4.11588621 1.67150128
v 2.33164239 4.17499733 1.68490899
v 2.32822394 4.15549040 1.67004693
v 2.34198523 4.18241024 1.67086017
v 2.33130407 4.15599823 1.70784807
v 2.34469390 4.18285656 1.70409977
v 1.86915147 2.43748450 1.76798296
v 1.87852764 2.46409488 1.76776969
v 1.86616874 2.43699312 1.73138499
v 1.87539792 2.46357918 1.72936761
v 1.86242735 2.40410066 1.74692845
v 1.86884677 2.42172551 1.73076618
v 1.86750484 2.39164257 1.73357582
v 1.87192738 2.42223334 1.76856720
v 1.87021375 2.39208889 1.76681530
v 1.90484476 2.49863577 1.76579666
v 2.32207227 4.07332134 1.71064866
v 2.13777018 2.43628454 1.74765158
v 2.55499744 4.01097012 1.69250357
v 2.00631690 2.41094780 1.75848317
v 2.45348954 4.09865236 1.69937706
v 1.90161240 2.49810314 1.72613204
v 2.31883979 4.07278824 1.67098415
v 2.13453746 2.43575191 1.70798695
v 2.55176497 4.01043749 1.65283895
v 2.00312018 2.41042089 1.71925855
v 2.45029306 4.09812546 1.66015255
v 1.85965848 2.41267657 1.60072196
v 2.29218102 4.06034803 1.53771007
v 1.85837901 2.41849470 1.74408269
v 2.29090142 4.06616592 1.68107080
v 2.05230379 3.24804831 1.70877111
v 2.05352330 3.24250317 1.57214737
v 2.04569983 3.06790423 1.71602345
v 2.04691911 3.06235909 1.57939970
v 2.31701303 4.10000420 1.60812652
v 2.28073335 4.10950089 1.60741723
v 1.86316276 2.37108612 1.67424536
v 1.82688308 2.38058257 1.67353618
v 2.07615137 3.23640656 1.56805170
v 1.84946585 2.46092248 1.59903264
v 1.88556457 2.45147324 1.59973824
v 1.86396742 2.37290335 1.60609055
v 1.82956517 2.38190842 1.60541821
v 2.25960445 4.02332449 1.53928185
v 2.29570293 4.01387548 1.53998744
v 2.31554413 4.09316111 1.54030287
v 2.28114200 4.10216618 1.53963041
v 2.07485104 3.24232006 1.71374965
v 1.84819281 2.46671176 1.74167514
v 1.88429153 2.45726252 1.74238086
v 1.86275423 2.37842083 1.74203217
v 1.82835209 2.38742566 1.74135971
v 2.25833178 4.02911377 1.68192434
v 2.29443026 4.01966476 1.68262994
v 2.31433082 4.09867859 1.67624450
v 2.27992892 4.10768318 1.67557204
v 2.05260301 3.24535704 1.64045322
v 2.26761246 4.06760168 1.67388928
v 1.83724952 2.42815781 1.73658633
v 2.26876855 4.06234407 1.54433584
v 1.83840561 2.42289972 1.60703301
v 2.04589176 3.06227589 1.64782369
v 2.30549026 4.05768681 1.67462969
v 1.87512755 2.41824293 1.73732674
v 2.30664659 4.05242920 1.54507625
v 1.87628376 2.41298485 1.60777342
v 2.30612588 4.11791611 1.60730231
v 1.84487641 2.36081052 1.67449915
v 1.87315321 2.46487761 1.59783566
v 1.84353387 2.43363643 1.59962678
v 1.87734604 2.42478561 1.60028768
v 1.86634254 2.38621211 1.60322118
v 1.83411932 2.39464664 1.60259128
v 2.27827954 4.00818491 1.53881514
v 2.26783133 4.04997444 1.53781331
v 2.30164337 4.04112387 1.53847420
v 2.31103182 4.08023214 1.53843689
v 2.27880859 4.08866692 1.53780699
v 1.87185812 2.47076774 1.74296951
v 1.84225273 2.43946290 1.74318850
v 1.87606478 2.43061209 1.74384940
v 1.86508739 2.39191985 1.74385560
v 1.83286428 2.40035462 1.74322569
v 2.27698445 4.01407576 1.68394887
v 2.26654983 4.05580091 1.68137491
v 2.30036211 4.04695034 1.68203580
v 2.30977702 4.08594036 1.67907131
v 2.27755356 4.09437466 1.67844141
v 1.86056840 2.51631117 1.73868299
v 2.24472952 3.97975183 1.68271661
v 2.05210710 3.24793410 1.70443964
v 2.25384092 4.01580381 1.67810869
v 1.85073709 2.48020101 1.73683441
v 1.86182189 2.51061010 1.59821594
v 2.24598289 3.97405100 1.54224968
v 2.05324936 3.24274063 1.57646954
v 2.25503707 4.01036453 1.54408288
v 1.85193300 2.47476149 1.60280883
v 1.89791310 2.50653577 1.73941302
v 2.28207397 3.96997666 1.68344665
v 2.04542136 3.06556201 1.71178174
v 2.29196286 4.00582552 1.67885375
v 1.88885903 2.47022223 1.73757970
v 1.89916682 2.50083470 1.59894598
v 2.28332758 3.96427560 1.54297960
v 2.04656339 3.06036830 1.58381164
v 2.29315925 4.00038576 1.54482806
v 1.89005518 2.46478271 1.60355413
v 2.31755471 4.09872293 1.54440761
v 2.31641817 4.10389042 1.67173898
v 2.31266642 4.08589411 1.66943884
v 2.31374955 4.08096933 1.54809129
v 2.31867075 4.11099672 1.60769510
v 2.28196454 4.10803843 1.54371214
v 2.28082824 4.11320639 1.67104328
v 2.27536607 4.09565783 1.66870964
v 2.27644920 4.09073305 1.54736209
v 2.28468871 4.11989164 1.60703087
v 1.86306787 2.36738038 1.61061931
v 1.86193144 2.37254810 1.73795056
v 1.86744690 2.38985419 1.73430037
v 1.86852992 2.38492918 1.61295283
v 1.85920727 2.36069512 1.67463171
v 1.82747793 2.37669635 1.60992360
v 1.82634163 2.38186407 1.73725486
v 1.83014667 2.39961767 1.73357117
v 1.83122969 2.39469266 1.61222374
v 1.82522535 2.36959004 1.67396748
v 1.86337054 2.50922847 1.59603119
v 1.89722109 2.50036788 1.59669280
v 2.24796867 3.97433519 1.54000115
v 2.28181934 3.96547437 1.54066288
v 1.83612573 2.40900993 1.60216665
v 2.05444765 3.24213266 1.56879663
v 1.84220135 2.43580151 1.60223377
v 1.87164485 2.39971232 1.60286105
v 2.04815364 3.07045197 1.57570827
v 1.87947190 2.42604589 1.60296226
v 1.84912992 2.37215066 1.60564625
v 1.86872256 2.38644814 1.60667598
v 1.85917640 2.35932946 1.61083877
v 1.83203542 2.39605117 1.60595894
v 1.82691658 2.36777377 1.61020815
v 2.27350378 4.07517767 1.53844762
v 2.26565719 4.04893398 1.54054272
v 2.30902290 4.06588078 1.53914177
v 2.30292749 4.03917789 1.54127133
v 2.30297780 4.10106087 1.53952754
v 2.31305432 4.07910681 1.54194391
v 2.31811714 4.10763931 1.54397833
v 2.27636719 4.08871031 1.54122663
v 2.28585696 4.11608362 1.54334772
v 1.86207664 2.51511240 1.74099970
v 1.89592743 2.50625157 1.74166143
v 2.24667501 3.98021913 1.68496966
v 2.28052568 3.97135830 1.68563151
v 1.83487308 2.41470623 1.74252081
v 2.05316806 3.24795103 1.71215665
v 1.84096861 2.44140887 1.74039125
v 1.87039244 2.40540886 1.74321508
v 2.04687428 3.07627034 1.71906829
v 1.87823892 2.43165278 1.74111986
v 1.84791052 2.37769556 1.74227154
v 1.86752868 2.39187670 1.74043584
v 1.85803878 2.36450315 1.73831487
v 1.83084166 2.40147972 1.73971879
v 1.82577896 2.37294745 1.73768425
v 2.27225113 4.08087444 1.67880166
v 2.26442432 4.05454111 1.67870021
v 2.30777049 4.07157660 1.67949593
v 2.30169463 4.04478550 1.67942882
v 2.30175853 4.10660601 1.67615306
v 2.31186056 4.08453560 1.67570364
v 2.31697965 4.11281300 1.67145443
v 2.27517366 4.09413910 1.67498648
v 2.28471971 4.12125731 1.67082381
v 2.25393939 4.01647234 1.67180145
v 1.85037673 2.47912121 1.73059428
v 2.25502372 4.01154184 1.55031586
v 1.85146081 2.47419071 1.60910869
v 2.26917744 4.06912088 1.60895300
v 1.83664989 2.42143059 1.67196548
v 2.29243517 4.00639629 1.67255390
v 1.88887239 2.46904492 1.73134673
v 2.29351926 4.00146532 1.55106831
v 1.88995659 2.46411419 1.60986114
v 2.30724597 4.05915642 1.60969722
v 1.87471855 2.41146588 1.67270958
v 2.90286374 4.01957798 1.80473006
v 2.44439030 2.32326627 1.86165643
v 2.63030958 4.09421015 1.83354890
v 2.17183614 2.39789844 1.89047515
v 2.40993738 3.24440742 1.88432729
v 2.66968322 3.17328238 1.85686278
v 2.45310307 3.41942883 1.83931327
v 2.71284890 3.34830379 1.81184876
v 2.29518080 2.31868911 1.86224675
v 2.29917145 2.31886220 1.89954221
v 2.77626133 4.09864569 1.80251348
v 2.78025222 4.09881926 1.83980882
v 2.67582464 3.17081261 1.83273089
v 2.89266944 3.97597337 1.82825518
v 2.88869882 3.97580147 1.79114580
v 2.90438437 4.05880737 1.78996444
v 2.90816879 4.05897141 1.82532978
v 2.45792317 2.36744857 1.88223541
v 2.45395184 2.36727619 1.84512627
v 2.42571330 2.28776693 1.84939849
v 2.42949772 2.28793073 1.88476396
v 2.39882684 3.24666166 1.86201954
v 2.62148094 4.05023146 1.85692954
v 2.61751008 4.05005980 1.81982017
v 2.64593506 4.12957716 1.81729186
v 2.64971972 4.12974119 1.85265708
v 2.18673396 2.44170690 1.91090977
v 2.18276358 2.44153452 1.87380064
v 2.16726446 2.35853672 1.87672591
v 2.17104864 2.35870075 1.91209126
v 2.53984427 3.20884633 1.87091410
v 2.18855596 2.39864540 1.91183972
v 2.64474010 4.08648729 1.85519743
v 2.43485975 2.33120131 1.88579655
v 2.89104390 4.01904345 1.82915437
v 2.58371401 3.38672137 1.82516611
v 2.18438935 2.39846492 1.87290120
v 2.64057326 4.08630657 1.81625915
v 2.43069291 2.33102083 1.84685814
v 2.88687706 4.01886272 1.79021597
v 2.29286361 2.30424881 1.87772882
v 2.78178787 4.11322546 1.81702161
v 2.89005232 3.96539521 1.80657172
v 2.90092158 4.00349283 1.82605565
v 2.89720225 4.00333214 1.79129684
v 2.90531468 4.04408503 1.79106593
v 2.90885925 4.04423904 1.82419121
v 2.46061873 2.37652802 1.85989225
v 2.45116663 2.33943963 1.88189960
v 2.44744754 2.33927822 1.84714079
v 2.43394446 2.30005646 1.84959364
v 2.43748903 2.30021000 1.88271904
v 2.61412764 4.04095030 1.83574688
v 2.62798548 4.07822990 1.85491490
v 2.62426591 4.07806826 1.82015622
v 2.63794374 4.11729813 1.81933665
v 2.64148855 4.11745167 1.85246205
v 2.18469381 2.45208311 1.88906753
v 2.17823076 2.41417623 1.91075873
v 2.17451119 2.41401505 1.87600005
v 2.16657376 2.37326932 1.87786436
v 2.17011833 2.37342286 1.91098976
v 2.60984945 3.99872708 1.85906100
v 2.20263910 2.49208474 1.90962219
v 2.41818929 3.24215579 1.88369954
v 2.19876504 2.45326352 1.91062093
v 2.62605500 4.03419876 1.85756636
v 2.87690163 3.92560148 1.83082378
v 2.46969175 2.41895890 1.88138509
v 2.66148281 3.17553592 1.85797465
v 2.45357156 2.38349104 1.88367867
v 2.88086152 3.96442628 1.83062422
v 2.60574102 3.99854922 1.82067060
v 2.19853115 2.49190640 1.87123191
v 2.46188903 3.41934204 1.83812869
v 2.19457150 2.45308185 1.87143147
v 2.62186146 4.03401661 1.81837714
v 2.87279391 3.92542338 1.79243350
v 2.46558380 2.41878104 1.84299481
v 2.70518279 3.35272241 1.81240380
v 2.44937825 2.38330936 1.84448922
v 2.87666774 3.96424460 1.79143488
v 2.41592073 2.28429914 1.84984517
v 2.17384195 2.35058641 1.87544155
v 2.18434715 2.36719728 1.87335110
v 2.41505051 2.30402493 1.84895754
v 2.29233193 2.30768728 1.86379731
v 2.41983581 2.28446889 1.88643134
v 2.17775679 2.35075617 1.91202784
v 2.18845057 2.36737514 1.91169572
v 2.41915345 2.30420280 1.88730204
v 2.29607010 2.30784917 1.89873052
v 2.89767647 4.06675196 1.79002786
v 2.65559697 4.13303947 1.81562436
v 2.65627933 4.11330557 1.81475353
v 2.88698268 4.05013323 1.79036009
v 2.77936292 4.10965919 1.80332518
v 2.90159106 4.06692171 1.82661414
v 2.65951228 4.13320923 1.85221052
v 2.66038251 4.11348343 1.85309815
v 2.89108562 4.05031061 1.82870460
v 2.78310108 4.10982084 1.83825839
v 2.88122082 3.92527914 1.82854652
v 2.87749696 3.92511749 1.79374826
v 2.47354698 2.41692138 1.87916541
v 2.46982312 2.41676021 1.84436703
v 2.90489936 4.02998257 1.82639480
v 2.67598820 3.17152476 1.85526645
v 2.89552855 4.00325775 1.82843173
v 2.90099192 4.02981329 1.78988099
v 2.71712589 3.33832359 1.81236720
v 2.89142871 4.00307989 1.79011798
v 2.90774536 4.06314898 1.80383480
v 2.89834476 4.04516315 1.78948617
v 2.90035772 4.07545662 1.79143178
v 2.90238047 4.04533815 1.82720017
v 2.90390635 4.07561016 1.82459486
v 2.44127893 2.31462812 1.88396013
v 2.44666576 2.34250474 1.88416493
v 2.43737149 2.31445861 1.84744656
v 2.44256616 2.34232712 1.84585106
v 2.42666698 2.28320003 1.86356783
v 2.42735338 2.30253577 1.84796679
v 2.41388083 2.27553511 1.85183525
v 2.43138933 2.30271101 1.88568079
v 2.41742992 2.27568889 1.88499832
v 2.60560942 4.00074816 1.85768867
v 2.60188603 4.00058651 1.82289028
v 2.19793582 2.49239063 1.90830743
v 2.19421220 2.49222922 1.87350905
v 2.63806129 4.10304976 1.85460901
v 2.40343571 3.24615645 1.88408518
v 2.63286686 4.07518101 1.85620463
v 2.63415432 4.10288000 1.81809556
v 2.44457316 3.41295528 1.84118593
v 2.62876701 4.07500362 1.81789088
v 2.64799666 4.13427448 1.83129966
v 2.64404368 4.11479712 1.81637490
v 2.65800333 4.14181900 1.81705737
v 2.64807916 4.11497211 1.85408890
v 2.66155195 4.14197302 1.85022056
v 2.17444086 2.38769507 1.91217458
v 2.18400407 2.41442800 1.91193771
v 2.17053366 2.38752556 1.87566090
v 2.17990446 2.41425037 1.87362397
v 2.16691828 2.35432577 1.89103281
v 2.17305255 2.37216997 1.87485552
v 2.17152667 2.34189773 1.87746084
v 2.17708802 2.37234497 1.91256952
v 2.17507529 2.34205151 1.91062391
v 2.21046281 2.44910049 1.90958261
v 2.63823915 4.03183508 1.85646784
v 2.44142842 2.38585639 1.88516128
v 2.86920476 3.96859097 1.83204651
v 2.31057096 2.36067891 1.89905858
v 2.76904964 4.05701065 1.84213150
v 2.20622826 2.44891715 1.87000918
v 2.63400459 4.03165150 1.81689441
v 2.43719387 2.38567281 1.84558785
v 2.86497021 3.96840763 1.79247308
v 2.30638361 2.36049771 1.85992420
v 2.76486206 4.05682898 1.80299711
v 2.62806606 4.08044386 1.82309794
v 2.18005157 2.38365984 1.87392390
v 2.61656332 4.07924032 1.68152344
v 2.16854882 2.38245630 1.73234928
v 2.37054658 3.23681188 1.71202266
v 2.38150859 3.23795891 1.84694421
v 2.45474124 3.40196133 1.70377791
v 2.46570325 3.40310860 1.83869946
v 2.17800498 2.33729410 1.80322468
v 2.14186549 2.34692168 1.80607903
v 2.64811134 4.11774683 1.74989247
v 2.61197186 4.12737417 1.75274694
v 2.40437293 3.23200297 1.84964752
v 2.59514594 4.04220915 1.82574081
v 2.63110495 4.03262949 1.82290077
v 2.65145254 4.11410761 1.81722379
v 2.61718297 4.12323666 1.81993067
v 2.17031670 2.43323636 1.87393641
v 2.20627594 2.42365646 1.87109625
v 2.18370128 2.34257340 1.87028885
v 2.14943171 2.35170245 1.87299562
v 2.39268255 3.23077965 1.70576489
v 2.58370090 4.04101181 1.68487525
v 2.61966014 4.03143215 1.68203521
v 2.64054489 4.11296606 1.68297589
v 2.60627580 4.12209511 1.68568277
v 2.15887165 2.43203855 1.73307097
v 2.19483089 2.42245913 1.73023081
v 2.17279363 2.34143186 1.73604095
v 2.13852429 2.35056114 1.73874772
v 2.37571836 3.23746777 1.77950788
v 2.14803624 2.39266038 1.74079239
v 2.59381390 4.08097219 1.69022024
v 2.15843105 2.39374804 1.86873162
v 2.60420895 4.08205986 1.81815958
v 2.46128583 3.40530992 1.77112865
v 2.18576813 2.38260841 1.73781216
v 2.63154554 4.07091999 1.68724012
v 2.19616270 2.38369608 1.86575139
v 2.64194036 4.07200766 1.81517935
v 2.15964270 2.32665110 1.80480707
v 2.63741302 4.13613176 1.75060546
v 2.61373854 4.02677011 1.82559967
v 2.60365438 4.06968164 1.82527280
v 2.63733602 4.06070900 1.82261240
v 2.64698815 4.10090637 1.82003140
v 2.61488962 4.10945749 1.82256675
v 2.19410086 2.43746042 1.87320638
v 2.16415977 2.40516472 1.87513220
v 2.19784117 2.39619184 1.87247193
v 2.18637109 2.35639167 1.87228715
v 2.15427256 2.36494279 1.87482250
v 2.60209346 4.02555132 1.68227422
v 2.59213543 4.06847668 1.68349969
v 2.62581706 4.05950356 1.68083930
v 2.63570404 4.09972525 1.68114924
v 2.60360551 4.10827684 1.68368435
v 2.18245602 2.43624187 1.72988081
v 2.15264082 2.40395951 1.73335910
v 2.18632221 2.39498663 1.73069882
v 2.17508698 2.35521102 1.73340487
v 2.14298844 2.36376214 1.73594010
v 2.56971359 3.99023080 1.68752491
v 2.17179227 2.48316860 1.73266792
v 2.37065935 3.23691082 1.71631408
v 2.16185284 2.44614196 1.73699212
v 2.57939529 4.02751780 1.68962300
v 2.58098388 3.99141026 1.82624185
v 2.18306303 2.48434806 1.87138486
v 2.38092709 3.23798513 1.84268975
v 2.17260647 2.44726729 1.86934793
v 2.59014916 4.02864265 1.82197893
v 2.60691357 3.98032022 1.68458688
v 2.20899272 2.47325826 1.72972977
v 2.45589542 3.40410280 1.70796740
v 2.19982743 2.43602562 1.73399270
v 2.61737037 4.01740122 1.68662369
v 2.61818433 3.98149991 1.82330358
v 2.22026348 2.47443748 1.86844671
v 2.46616316 3.40517712 1.83434308
v 2.21058130 2.43715072 1.86634851
v 2.62812400 4.01852608 1.81897962
v 2.18244004 2.33667183 1.86616158
v 2.17222357 2.33560276 1.74041688
v 2.17811513 2.35357833 1.74275959
v 2.18785143 2.35459709 1.86259520
v 2.17395329 2.32658839 1.80364490
v 2.14698768 2.34611630 1.86896169
v 2.13677144 2.34504724 1.74321699
v 2.14095902 2.36347675 1.74569428
v 2.15069556 2.36449575 1.86552989
v 2.14010262 2.33560634 1.80631852
v 2.65320563 4.11962080 1.81275475
v 2.64298916 4.11855173 1.68700993
v 2.63928127 4.10017252 1.69044173
v 2.64901781 4.10119152 1.81027734
v 2.64987397 4.12906218 1.74965298
v 2.61775303 4.12906551 1.81555474
v 2.60753655 4.12799692 1.68981004
v 2.60212541 4.11007118 1.69337642
v 2.61186147 4.11109018 1.81321204
v 2.61602354 4.13808012 1.75232673
v 2.58313107 3.99182320 1.82830143
v 2.61685109 3.98284006 1.82563818
v 2.18475723 2.48304558 1.87349594
v 2.21847725 2.47406244 1.87083256
v 2.60945010 4.09555244 1.82298768
v 2.38266969 3.23774981 1.85020006
v 2.60127950 4.06846714 1.82278979
v 2.64483190 4.08612633 1.82019293
v 2.46290874 3.39514041 1.84234262
v 2.63840556 4.05857658 1.81985748
v 2.63900447 4.12220240 1.81850624
v 2.64875078 4.09958458 1.81648231
v 2.65385985 4.12879992 1.81269562
v 2.61220574 4.10931969 1.81936884
v 2.62172437 4.13736105 1.81523359
v 2.15640616 2.37972021 1.87438405
v 2.16265607 2.40725183 1.87255037
v 2.19178796 2.37029433 1.87158942
v 2.19978261 2.39736128 1.86961794
v 2.16890025 2.34175777 1.87183821
v 2.18850350 2.35647154 1.86869609
v 2.17848063 2.32837749 1.86662591
v 2.15195823 2.36620712 1.87158251
v 2.14634514 2.33693838 1.86916399
v 2.57149959 3.99060607 1.68513894
v 2.60521936 3.98162293 1.68247569
v 2.17312574 2.48182821 1.73033345
v 2.20684552 2.47284532 1.72767007
v 2.59818888 4.09437418 1.68438220
v 2.37116718 3.23654628 1.70862603
v 2.59019423 4.06730700 1.68635356
v 2.63357067 4.08494806 1.68158758
v 2.45140624 3.39393663 1.70076871
v 2.62732053 4.05741644 1.68342125
v 2.62804222 4.12105513 1.68358326
v 2.63801837 4.09846115 1.68438900
v 2.64363146 4.12772989 1.68680775
v 2.60147309 4.10819721 1.68727541
v 2.61149621 4.13629103 1.68934572
v 2.14514470 2.37854195 1.73577857
v 2.15157127 2.40609193 1.73611414
v 2.18052649 2.36911607 1.73298395
v 2.18869734 2.39620137 1.73318172
v 2.15793777 2.34061050 1.73691511
v 2.17777133 2.35534859 1.73660278
v 2.16825247 2.32730722 1.74073803
v 2.14122581 2.36508417 1.73948920
v 2.13611674 2.33586836 1.74327612
v 2.16193247 2.44534421 1.74322557
v 2.57995009 4.02851963 1.69580281
v 2.17167974 2.44636416 1.86319768
v 2.58969760 4.02954006 1.81577480
v 2.15201783 2.38898349 1.80489659
v 2.60003781 4.08578730 1.75407016
v 2.20027900 2.43512845 1.74019682
v 2.61829710 4.01830435 1.69277394
v 2.21002674 2.43614841 1.86016893
v 2.62804413 4.01932383 1.81274605
v 2.18993902 2.37888122 1.80190146
v 2.63795877 4.07568502 1.75107479
v 2.94777417 4.01984358 1.95718479
v 2.48007798 2.32675195 2.02510452
v 2.93778634 4.01641893 1.80303788
v 2.47008991 2.32332754 1.87095761
v 2.68193245 3.17614961 1.84192312
v 2.69145107 3.17941332 1.98882639
v 2.76809263 3.34047437 1.83268952
v 2.77761126 3.34373808 1.97959268
v 2.47827744 2.27919436 1.94884276
v 2.44220209 2.28924465 1.95095706
v 2.96903563 4.05577278 1.87757373
v 2.93296051 4.06582260 1.87968802
v 2.71422744 3.17326450 1.99238849
v 2.91438651 3.98194838 1.95980215
v 2.95028186 3.97194839 1.95769846
v 2.97160864 4.05320644 1.95089185
v 2.93740010 4.06273699 1.95289671
v 2.47089410 2.37647653 2.02420712
v 2.50678945 2.36647654 2.02210331
v 2.48330855 2.28552771 2.02180386
v 2.44910026 2.29505777 2.02380872
v 2.70407653 3.16978407 1.83572829
v 2.90444827 3.97854066 1.80642736
v 2.94034362 3.96854067 1.80432367
v 2.96213746 4.04995966 1.80472219
v 2.92792940 4.05948925 1.80672693
v 2.46095610 2.37306881 1.87083232
v 2.49685121 2.36306882 1.86872864
v 2.47383761 2.28228021 1.87563419
v 2.43962908 2.29181051 1.87763894
v 2.68638349 3.17786741 1.91539276
v 2.44959307 2.33388877 1.87950909
v 2.91495419 4.01852655 1.81192839
v 2.45861936 2.33698368 2.01880980
v 2.92398024 4.02162170 1.95122910
v 2.77394819 3.34487128 1.90600860
v 2.48725772 2.32339573 1.87730169
v 2.95261884 4.00803375 1.80972087
v 2.49628401 2.32649064 2.01660252
v 2.96164489 4.01112843 1.94902182
v 2.45977259 2.26875281 1.95027387
v 2.95853209 4.07429552 1.87784290
v 2.93281436 3.96630335 1.96030140
v 2.92321038 4.00935411 1.95911813
v 2.95683193 3.99998760 1.95714772
v 2.96696520 4.04008436 1.95401919
v 2.93492341 4.04901075 1.95589685
v 2.49474192 2.38045192 2.02391911
v 2.46440792 2.34845924 2.02574635
v 2.49802947 2.33909249 2.02377605
v 2.48611283 2.29936600 2.02384949
v 2.45407081 2.30829239 2.02572727
v 2.92270279 3.96283603 1.80424798
v 2.91320848 4.00592470 1.80475497
v 2.94682980 3.99655795 1.80278444
v 2.95716691 4.03672504 1.80280340
v 2.92512536 4.04565144 1.80468118
v 2.48463011 2.37698483 1.86786580
v 2.45440602 2.34502959 1.87138319
v 2.48802733 2.33566308 1.86941266
v 2.47631454 2.29600644 1.87263393
v 2.44427299 2.30493283 1.87451172
v 2.88985920 3.92789483 1.80967307
v 2.47445774 2.42411208 1.86999857
v 2.68199992 3.17631817 1.84658921
v 2.46405363 2.38722110 1.87497151
v 2.89993906 3.96515512 1.81167126
v 2.89964581 3.93125033 1.96070862
v 2.48424411 2.42746782 2.02103424
v 2.69091558 3.17937517 1.98418760
v 2.47339177 2.39042282 2.01908112
v 2.90927696 3.96835685 1.95578086
v 2.92699385 3.91754937 1.80749679
v 2.51159215 2.41376686 1.86782217
v 2.76922560 3.34267545 1.83724141
v 2.50196075 2.37666035 1.87274992
v 2.93784618 3.95459437 1.80944979
v 2.93678021 3.92090487 1.95853233
v 2.52137852 2.41712236 2.01885796
v 2.77814150 3.34573245 1.97483969
v 2.51129889 2.37986207 2.01685953
v 2.94718432 3.95779610 1.95355940
v 2.48202610 2.27956533 2.01736856
v 2.47315478 2.27652335 1.88045716
v 2.47922373 2.29449582 1.88289666
v 2.48767829 2.29739451 2.01337433
v 2.47409964 2.26852608 1.94935048
v 2.44663644 2.28942442 2.01944256
v 2.43776512 2.28638244 1.88253117
v 2.44213367 2.30482864 1.88507044
v 2.45058799 2.30772758 2.01554775
v 2.44030976 2.27793956 1.95133078
v 2.97347260 4.05863428 1.94599974
v 2.96460128 4.05559301 1.80908823
v 2.96064973 4.03728962 1.81298304
v 2.96910429 4.04018879 1.94346046
v 2.97092795 4.06707716 1.87720013
v 2.93808317 4.06849384 1.94807363
v 2.92921209 4.06545210 1.81116211
v 2.92355943 4.04762268 1.81515670
v 2.93201423 4.05052090 1.94563425
v 2.93713808 4.07649136 1.87918031
v 2.90177631 3.93167615 1.96299255
v 2.93543649 3.92229891 1.96101987
v 2.48590183 2.42618155 2.02338696
v 2.51956153 2.41680431 2.02141428
v 2.92932200 4.03515387 1.95641637
v 2.69257498 3.17924595 1.99239576
v 2.92084765 4.00812149 1.95637953
v 2.96464109 4.02531481 1.95434630
v 2.77468705 3.33585048 1.98359597
v 2.95790792 3.99779654 1.95420766
v 2.95923305 4.06145716 1.95187974
v 2.96875191 4.03868437 1.95022118
v 2.97423005 4.06781530 1.94582486
v 2.93227148 4.04884768 1.95235908
v 2.94215202 4.07675219 1.94770479
v 2.45637536 2.32305551 2.02509880
v 2.46295571 2.35052085 2.02287555
v 2.49169445 2.31321573 2.02302885
v 2.50001550 2.34019613 2.02070379
v 2.46847677 2.28488684 2.02314854
v 2.48828554 2.29936481 2.01999569
v 2.47796726 2.27131057 2.01789331
v 2.45180535 2.30952787 2.02213335
v 2.44588900 2.28024721 2.01977324
v 2.89167619 3.92821264 1.80711675
v 2.92533636 3.91883564 1.80514407
v 2.47580171 2.42271852 1.86751091
v 2.50946140 2.41334105 1.86553824
v 2.91954327 4.03180122 1.80550206
v 2.68258715 3.17582154 1.83824933
v 2.91122222 4.00482082 1.80782723
v 2.95486259 4.02196169 1.80343211
v 2.76469946 3.33242607 1.82944953
v 2.94828224 3.99449635 1.80565536
v 2.94971418 4.05819321 1.80497503
v 2.95943236 4.03548908 1.80639744
v 2.96534872 4.06477022 1.80875754
v 2.92295241 4.04565239 1.80853534
v 2.93327045 4.07370710 1.81063747
v 2.44659686 2.31970263 1.87418437
v 2.45332980 2.34722066 1.87432325
v 2.48191571 2.30986309 1.87211454
v 2.49039030 2.33689570 1.87215137
v 2.45895791 2.28162313 1.87624359
v 2.47896647 2.29616976 1.87617171
v 2.46908593 2.26826525 1.88082588
v 2.44248605 2.30633259 1.87830973
v 2.43700767 2.27720189 1.88270593
v 2.46405673 2.38652444 1.88176024
v 2.90043831 3.96625471 1.81838787
v 2.47252083 2.38942647 2.01238632
v 2.90890241 3.96915722 1.94901395
v 2.45284081 2.33122563 1.94933498
v 2.92054272 4.02433729 1.88141441
v 2.50233531 2.37586021 1.87951684
v 2.93871713 3.95559049 1.81614470
v 2.51079941 2.37876248 2.01014280
v 2.94718099 3.95849276 1.94677067
v 2.49069500 2.32068014 1.94711637
v 2.95839691 4.01379156 1.87919581
v 3.23248124 3.97943902 1.95293880
v 2.74170923 2.26257491 2.00387955
v 2.96316075 4.05714273 1.97712469
v 2.47238898 2.34027863 2.02806544
v 2.72619581 3.19696999 2.02505565
v 2.98285961 3.12291789 2.00200629
v 2.77332330 3.37415123 1.98059773
v 3.02998734 3.30009890 1.95754826
v 2.59356380 2.25904107 2.00198174
v 2.59695816 2.25917912 2.03933620
v 3.10853601 4.06056404 1.94852912
v 3.11193037 4.06070185 1.98588383
v 2.98927021 3.12037277 1.97798407
v 3.22110820 3.93528986 1.97633207
v 3.21773052 3.93515253 1.93916404
v 3.23502493 4.01921415 1.93816245
v 3.23824406 4.01934528 1.97358382
v 2.75573444 2.30727577 2.02463675
v 2.75235701 2.30713844 1.98746848
v 2.72263265 2.22671556 1.99134719
v 2.72585154 2.22684646 2.02676868
v 2.71555877 3.19934320 2.00256443
v 2.95313716 4.01260471 2.00039697
v 2.94975972 4.01246738 1.96322882
v 2.97964239 4.09289694 1.96109664
v 2.98286104 4.09302759 1.99651814
v 2.48776317 2.38459039 2.04870129
v 2.48438573 2.38445306 2.01153326
v 2.46724987 2.30039811 2.01428151
v 2.47046900 2.30052900 2.04970288
v 2.85455704 3.15994501 2.01385069
v 2.48866749 2.34090805 2.04970407
v 2.97698903 4.04919910 1.99901783
v 2.73204875 2.27068782 2.02784777
v 3.22037053 3.97897935 1.97716141
v 2.90245247 3.34001493 1.96866775
v 2.48512340 2.34076357 2.01070404
v 2.97344494 4.04905558 1.96001756
v 2.72850466 2.27054358 1.98884749
v 3.21682644 3.97883511 1.93816125
v 2.59073067 2.24441099 2.01743627
v 3.11409831 4.07530499 1.96311235
v 3.21862388 3.92458630 1.95461977
v 3.22989726 3.96313691 1.97424364
v 3.22673368 3.96300864 1.93942976
v 3.23562741 4.00427675 1.93929398
v 3.23864245 4.00439978 1.97247183
v 2.75893736 2.31646800 2.00233388
v 2.74845839 2.27892184 2.02421570
v 2.74529457 2.27879310 1.98940182
v 2.73105001 2.23911738 1.99166763
v 2.73406506 2.23924017 2.02484536
v 2.94597220 4.00325108 1.97910500
v 2.96019936 4.04094982 1.99846363
v 2.95703578 4.04082155 1.96364963
v 2.97142911 4.08050299 1.96301997
v 2.97444367 4.08062553 1.99619794
v 2.48628592 2.39513302 2.02681899
v 2.47876048 2.35673475 2.04843569
v 2.47559643 2.35660601 2.01362181
v 2.46685147 2.31534338 2.01539373
v 2.46986628 2.31546617 2.04857159
v 2.94050074 3.96045852 2.00238490
v 2.50460315 2.43556166 2.04762959
v 2.73434639 3.19462562 2.02456808
v 2.49994278 2.39622116 2.04860210
v 2.95733452 3.99631095 2.00112605
v 3.20438480 3.88432312 1.97868705
v 2.76848698 2.35942650 2.02393174
v 2.97475338 3.12526393 2.00297880
v 2.75172639 2.32357717 2.02599096
v 3.20911765 3.92366695 1.97851491
v 2.93700647 3.96031690 1.96393359
v 2.50110912 2.43541980 2.00917840
v 2.78205681 3.37399817 1.97956038
v 2.49637604 2.39607596 2.00935030
v 2.95376754 3.99616599 1.96187460
v 3.20089054 3.88418102 1.94023585
v 2.76499343 2.35928416 1.98548067
v 3.02246356 3.30463648 1.95797074
v 2.74815941 2.32343197 1.98673940
v 3.20555115 3.92352176 1.93926358
v 2.71283841 2.22327161 1.99163353
v 2.47363138 2.29228711 2.01311517
v 2.48442912 2.30905461 2.01118422
v 2.71239543 2.24328232 1.99071193
v 2.59048653 2.24790454 2.00349522
v 2.71616817 2.22340679 2.02827787
v 2.47696137 2.29242229 2.04975939
v 2.48791957 2.30919647 2.04958963
v 2.71588540 2.24342418 2.02911735
v 2.59366584 2.24803376 2.03848386
v 3.22853231 4.02732086 1.93810606
v 2.98932552 4.09633589 1.95958781
v 2.98960853 4.07631874 1.95874810
v 3.21757412 4.01054621 1.93827605
v 3.11182785 4.07170916 1.94938147
v 3.23186255 4.02745581 1.97475028
v 2.99265552 4.09647179 1.99623191
v 2.99309826 4.07646084 1.99715340
v 3.22106433 4.01068830 1.97668111
v 3.11500740 4.07183886 1.98437011
v 3.20869780 3.88396454 1.97648275
v 3.20553064 3.88383579 1.94162917
v 2.77230430 2.35733199 2.02177906
v 2.76913714 2.35720325 1.98692548
v 3.23438525 3.98997092 1.97462285
v 2.98910379 3.12108874 2.00051737
v 3.22450542 3.96293807 1.97652948
v 3.23106194 3.98983574 1.93805134
v 3.03401685 3.28994560 1.95814800
v 3.22101831 3.96279621 1.93815494
v 3.23823833 4.02358913 1.95208180
v 3.22875857 4.00542212 1.93759680
v 3.23135138 4.03612757 1.93954587
v 3.23219085 4.00556183 1.97537088
v 3.23436975 4.03625011 1.97276139
v 2.73810363 2.25383306 2.02613544
v 2.74402094 2.28206325 2.02640247
v 2.73478055 2.25369811 1.98956382
v 2.74053407 2.28192139 1.98802781
v 2.72326851 2.22207427 2.00553417
v 2.72458673 2.24168134 1.98992836
v 2.71060324 2.21439838 1.99359787
v 2.72801900 2.24182081 2.02770233
v 2.71362138 2.21452117 2.02681351
v 2.93635654 3.96254015 2.00093985
v 2.93318963 3.96241140 1.96608627
v 2.49996305 2.43590713 2.04623628
v 2.49679613 2.43577838 2.01138258
v 2.97071338 4.06604481 1.99830163
v 2.71978474 3.19879222 2.02470303
v 2.96495962 4.03782177 1.99983764
v 2.96739006 4.06590986 1.96173012
v 2.76469803 3.36764908 1.98233390
v 2.96147275 4.03767967 1.96146309
v 2.98157096 4.09764194 1.97513175
v 2.97747469 4.07792234 1.96016300
v 2.99187231 4.10522175 1.96105194
v 2.98090720 4.07806158 1.99793696
v 2.99489045 4.10534430 1.99426770
v 2.47443175 2.32990742 2.04981422
v 2.48447561 2.35694695 2.04971051
v 2.47110844 2.32977223 2.01324272
v 2.48098850 2.35680509 2.01133585
v 2.46660161 2.29612732 2.02858400
v 2.47330284 2.31418109 2.01249456
v 2.47112393 2.28349257 2.01510406
v 2.47673512 2.31432080 2.05026865
v 2.47414255 2.28361511 2.04831982
v 2.51147914 2.39191270 2.04776359
v 2.96939158 3.99382377 2.00023365
v 2.73970461 2.32606554 2.02726793
v 3.19761634 3.92797685 1.97973812
v 2.60913920 2.30150175 2.03900146
v 3.09991670 4.01838589 1.98806036
v 2.50787711 2.39176631 2.00812721
v 2.96578956 3.99367762 1.96059740
v 2.73610258 2.32591891 1.98763192
v 3.19401455 3.92783022 1.94010186
v 2.60557723 2.30135679 1.99980521
v 3.09635472 4.01824093 1.94886410
v 2.76319885 2.24190974 2.02203226
v 3.23499727 3.84356928 1.97173131
v 2.76884007 2.24488640 2.16972876
v 3.24063873 3.84654617 2.11942768
v 2.98244166 3.05219793 2.14182234
v 2.97706556 3.04936099 2.00106668
v 2.97143817 2.87561989 2.14580154
v 2.96606207 2.87278295 2.00504589
v 3.26412463 3.88020921 2.04386616
v 3.22817159 3.89083624 2.04502535
v 2.76906157 2.19957137 2.09664774
v 2.73310876 2.21019864 2.09780645
v 2.99927139 3.04265046 1.99567068
v 2.75423241 2.28962398 2.02178383
v 2.79000592 2.27905011 2.02063036
v 2.76669669 2.20264435 2.02651882
v 2.73260450 2.21272159 2.02761793
v 3.20161438 3.80839562 1.97408581
v 3.23738837 3.79782176 1.97293246
v 3.25927973 3.87486339 1.97400188
v 3.22518730 3.88494039 1.97510111
v 3.00500464 3.04567575 2.14577508
v 2.75984526 2.29258585 2.16874027
v 2.79561901 2.28201199 2.16758680
v 2.77204609 2.20546746 2.16657162
v 2.73795390 2.21554422 2.16767073
v 3.20722747 3.81135750 2.12104225
v 3.24300098 3.80078363 2.11988902
v 3.26462913 3.87768626 2.11405468
v 3.23053670 3.88776326 2.11515379
v 2.97944593 3.05087042 2.07145452
v 3.21711850 3.84892774 2.11315203
v 2.74767613 2.25526524 2.16320205
v 3.21202064 3.84623766 1.97968078
v 2.74257803 2.25257540 2.02973080
v 2.96826315 2.87141323 2.07549858
v 3.25465560 3.83783245 2.11194205
v 2.78521276 2.24417019 2.16199207
v 3.24955773 3.83514237 1.97847068
v 2.78011465 2.24148011 2.02852058
v 3.25370502 3.89818192 2.04390192
v 2.75057101 2.19014406 2.09754372
v 2.77789664 2.29267764 2.01953268
v 2.74762511 2.26306486 2.02209687
v 2.78113294 2.25316048 2.02101660
v 2.76928115 2.21566725 2.02373552
v 2.73734808 2.22510624 2.02476501
v 3.21981144 3.79288816 1.97241771
v 3.21045136 3.83426642 1.97275245
v 3.24395919 3.82436204 1.97167230
v 3.25435162 3.86238170 1.97201979
v 3.22241807 3.87182045 1.97304928
v 2.78360772 2.29569125 2.16905570
v 2.75327420 2.26604557 2.17000055
v 2.78678203 2.25614142 2.16892028
v 2.77481508 2.21858740 2.16862345
v 2.74288201 2.22802615 2.16965294
v 3.22552228 3.79590178 2.12194085
v 3.21610069 3.83724713 2.12065601
v 3.24960828 3.82734299 2.11957598
v 3.25988507 3.86530161 2.11690760
v 3.22795224 3.87474036 2.11793709
v 2.77335334 2.34084487 2.16612887
v 3.19239879 3.76341867 2.12145233
v 2.98203826 3.05217695 2.13737202
v 3.20221877 3.79853916 2.11704493
v 2.76250982 2.30581808 2.16392469
v 2.76782608 2.33792806 2.02141380
v 3.18687153 3.76050186 1.97673702
v 2.97700262 3.04951978 2.00553179
v 3.19694471 3.79575634 1.97896588
v 2.75723600 2.30303526 2.02584553
v 2.81036186 2.32990599 2.16493583
v 3.22940755 3.75247955 2.12025905
v 2.97089839 2.87341475 2.14140034
v 3.23999739 3.78737259 2.11582708
v 2.80028892 2.29465127 2.16270685
v 2.80483460 2.32698917 2.02022076
v 3.22388005 3.74956298 1.97554386
v 2.96586299 2.87075782 2.00956011
v 3.23472333 3.78458953 1.97774804
v 2.79501510 2.29186845 2.02462769
v 3.26162481 3.88016653 1.97824919
v 3.26663494 3.88281035 2.10943127
v 3.26231074 3.86533976 2.10686040
v 3.25753570 3.86281991 1.98184299
v 3.26604772 3.89093900 2.04357648
v 3.22635531 3.89059162 1.97938609
v 3.23136568 3.89323568 2.11056828
v 3.22534585 3.87626553 2.10805225
v 3.22057128 3.87374568 1.98303473
v 3.23237181 3.90089297 2.04466224
v 2.76586747 2.19717216 2.03110456
v 2.77087808 2.19981599 2.16228676
v 2.77666235 2.21666193 2.15863800
v 2.77188730 2.21414232 2.03362060
v 2.76486158 2.18951488 2.09701061
v 2.73059821 2.20759726 2.03224134
v 2.73560882 2.21024108 2.16342354
v 2.73969746 2.22758770 2.15982962
v 2.73492289 2.22506809 2.03481245
v 2.73118591 2.19946861 2.09809637
v 2.76923037 2.33656001 2.01906443
v 2.80277610 2.32664442 2.01798296
v 3.18875265 3.76075315 1.97433686
v 3.22229862 3.75083756 1.97325540
v 2.73970795 2.23912883 2.02453709
v 2.97781920 3.04902911 1.99756801
v 2.74647689 2.26518559 2.02488708
v 2.77490759 2.22872472 2.02340221
v 2.96733284 2.88074684 2.00136018
v 2.78341174 2.25426841 2.02369642
v 2.75186324 2.20244622 2.02673650
v 2.77182341 2.21574640 2.02718496
v 2.76178575 2.18941140 2.03134203
v 2.73546624 2.22649288 2.02835703
v 2.72981596 2.19886112 2.03237271
v 3.21680284 3.85876894 1.97367156
v 3.20838523 3.83327055 1.97564054
v 3.25200248 3.84836459 1.97253680
v 3.24532008 3.82235360 1.97444987
v 3.24692369 3.88307643 1.97395527
v 3.25650358 3.86113763 1.97551048
v 3.26240087 3.88889980 1.97796869
v 3.22014666 3.87188387 1.97668266
v 3.23043180 3.89834929 1.97899938
v 2.77493501 2.33957005 2.16841745
v 2.80848098 2.32965469 2.16733599
v 3.19445729 3.76376319 2.12368989
v 3.22800350 3.75384784 2.12260842
v 2.74523115 2.24204326 2.16913605
v 2.98346043 3.05200577 2.14526391
v 2.75191355 2.26805425 2.16722298
v 2.78043032 2.23163891 2.16800117
v 2.97297382 2.88372374 2.14905596
v 2.78884792 2.25713706 2.16603208
v 2.75723910 2.20528316 2.16749382
v 2.77708673 2.21852398 2.16498995
v 2.76680183 2.19205832 2.16267347
v 2.74072981 2.22927022 2.16616225
v 2.73483229 2.20150805 2.16370392
v 3.22232604 3.86168313 2.11827040
v 3.21382189 3.83613944 2.11797643
v 3.25752544 3.85127878 2.11713552
v 3.25075674 3.82522225 2.11678576
v 3.25229979 3.88591313 2.11471272
v 3.26176691 3.86391497 2.11331582
v 3.26741767 3.89154673 2.10930014
v 3.22541022 3.87466121 2.11448789
v 3.23544788 3.90099621 2.11033058
v 3.20203686 3.79931355 2.11056471
v 2.76182771 2.30489326 2.15749764
v 3.19725657 3.79679084 1.98540497
v 2.75704741 2.30237055 2.03233790
v 3.21565580 3.85161853 2.04629374
v 2.74385190 2.24994016 2.09659529
v 3.24018574 3.78803730 2.10933495
v 2.79997706 2.29361701 2.15626788
v 3.23540545 3.78551459 1.98417509
v 2.79519653 2.29109430 2.03110814
v 3.25338173 3.84046745 2.04507732
v 2.78157759 2.23878932 2.09537888
v 3.06806540 2.19279242 2.16560745
v 3.55763531 3.79639459 2.11605787
v 3.08000159 2.19386125 2.31813216
v 3.56957150 3.79746342 2.26858258
v 3.30246258 3.00241876 2.29145098
v 3.29108739 3.00139999 2.14609385
v 3.28941679 2.82524848 2.29371357
v 3.27804136 2.82422996 2.14835644
v 3.59026790 3.83197594 2.18998790
v 3.55451155 3.84297633 2.19270897
v 3.07655764 2.14930010 2.24198079
v 3.04080105 2.16030025 2.24470186
v 3.31297135 2.99451780 2.13957262
v 3.05969071 2.24077225 2.16631079
v 3.09526849 2.22982693 2.16360331
v 3.07125974 2.15329242 2.16960526
v 3.03735399 2.16372347 2.17218542
v 3.52392459 3.76138592 2.11932540
v 3.55950212 3.75044060 2.11661792
v 3.58239698 3.82753944 2.11787271
v 3.54849100 3.83797026 2.12045288
v 3.32510185 2.99560380 2.29458427
v 3.07156706 2.24183559 2.31807184
v 3.10714483 2.23089051 2.31536412
v 3.08257842 2.15430593 2.31423664
v 3.04867244 2.16473675 2.31681681
v 3.53580070 3.76244926 2.27108622
v 3.57137847 3.75150418 2.26837873
v 3.59371519 3.82855296 2.26250410
v 3.55980945 3.83898377 2.26508427
v 3.29646897 3.00200367 2.21879578
v 3.54582477 3.80016112 2.26303148
v 3.05869985 2.20456576 2.31233382
v 3.53503799 3.79919529 2.12519670
v 3.04791331 2.20360017 2.17449903
v 3.28321052 2.82194471 2.22109509
v 3.58315611 3.78867626 2.26019073
v 3.09603095 2.19308114 2.30949283
v 3.57236958 3.78771043 2.12235570
v 3.08524442 2.19211531 2.17165804
v 3.58007932 3.85011578 2.19065809
v 3.05799389 2.14000607 2.24349856
v 3.08328819 2.24363589 2.16311073
v 3.05276632 2.21417546 2.16654730
v 3.08609056 2.20392346 2.16401124
v 3.07388854 2.16637301 2.16679597
v 3.04213023 2.17614317 2.16921282
v 3.54184890 3.74566603 2.11669946
v 3.53302598 3.78728271 2.11793971
v 3.56635022 3.77703047 2.11540389
v 3.57722974 3.81508470 2.11585236
v 3.54547167 3.82485485 2.11826921
v 3.09537244 2.24471784 2.31752205
v 3.06471920 2.21524596 2.31928587
v 3.09804320 2.20499372 2.31675005
v 3.08559752 2.16742158 2.31642032
v 3.05383945 2.17719173 2.31883717
v 3.55393243 3.74674797 2.27111077
v 3.54497862 3.78835297 2.27067852
v 3.57830286 3.77810097 2.26814246
v 3.58893871 3.81613326 2.26547694
v 3.55718088 3.82590342 2.26789379
v 3.08556461 2.29017377 2.31547308
v 3.52039433 3.71447301 2.27146387
v 3.30187058 3.00245810 2.28686523
v 3.53046346 3.74968290 2.26698112
v 3.07419252 2.25515151 2.31316066
v 3.07386947 2.28912663 2.16602683
v 3.50869894 3.71342564 2.12201762
v 3.29121566 3.00150371 2.15071487
v 3.51930499 3.74868369 2.12438822
v 3.06303382 2.25415230 2.17056751
v 3.12237048 2.27885079 2.31267214
v 3.55719995 3.70314980 2.26866269
v 3.28866315 2.82309628 2.28915572
v 3.56803536 3.73812413 2.26412201
v 3.11176443 2.24359274 2.31030130
v 3.11067486 2.27780342 2.16322589
v 3.54550457 3.70210242 2.11921644
v 3.27800846 2.82214212 2.15300536
v 3.55687666 3.73712492 2.12152886
v 3.10060573 2.24259353 2.16770840
v 3.58498740 3.83278584 2.12224197
v 3.59558892 3.83373523 2.25771236
v 3.59093809 3.81627440 2.25499606
v 3.58083463 3.81536961 2.12589169
v 3.59231234 3.84273028 2.18975258
v 3.54991102 3.84357667 2.12491131
v 3.56051278 3.84452605 2.26038194
v 3.55417609 3.82758403 2.25779366
v 3.54407263 3.82667923 2.12868929
v 3.55882096 3.85303354 2.19230127
v 3.07055640 2.14775038 2.17430782
v 3.08115792 2.14869952 2.30977821
v 3.08699656 2.16559696 2.30600047
v 3.07689333 2.16469240 2.17689586
v 3.07224822 2.13924265 2.24238849
v 3.03548026 2.15854120 2.17697716
v 3.04608178 2.15949059 2.31244779
v 3.05023456 2.17690659 2.30879807
v 3.04013133 2.17600203 2.17969346
v 3.03875709 2.14954615 2.24493718
v 3.07515621 2.28776932 2.16352630
v 3.10851836 2.27750564 2.16098738
v 3.51048088 3.71368980 2.11946678
v 3.54384303 3.70342612 2.11692786
v 3.04465556 2.19019771 2.16906691
v 3.29168844 3.00110388 2.14244318
v 3.05176353 2.21627975 2.16950345
v 3.07966232 2.17942810 2.16640282
v 3.27925539 2.83225751 2.14459944
v 3.08849597 2.20497942 2.16670799
v 3.05643868 2.15323472 2.17039943
v 3.07657647 2.16638422 2.17026520
v 3.06638885 2.13999772 2.17461061
v 3.04041910 2.17750812 2.17301679
v 3.03459454 2.14977908 2.17703009
v 3.53972101 3.81180191 2.11896086
v 3.53107047 3.78626704 2.12099242
v 3.57472777 3.80103230 2.11629677
v 3.56780291 3.77496624 2.11819720
v 3.57014656 3.83590317 2.11840677
v 3.57951331 3.81377101 2.11936259
v 3.58586121 3.84154701 2.12203455
v 3.54335594 3.82489467 2.12211418
v 3.55406666 3.85132837 2.12445426
v 3.08722639 2.28885007 2.31776190
v 3.12058830 2.27858639 2.31522298
v 3.52255058 3.71477079 2.27370238
v 3.55591297 3.70450711 2.27116346
v 3.05634141 2.19124413 2.31839275
v 3.30362439 3.00217271 2.29496741
v 3.06326628 2.21730995 2.31649256
v 3.09134793 2.18047452 2.31572866
v 3.29119134 2.83332610 2.29712367
v 3.09999871 2.20600939 2.31369710
v 3.06781387 2.15425324 2.31575847
v 3.08771324 2.16738176 2.31257534
v 3.07700253 2.14094806 2.31023550
v 3.05155587 2.17850542 2.31532717
v 3.04520798 2.15072942 2.31265521
v 3.55140710 3.81284833 2.26828694
v 3.54257321 3.78729677 2.26798153
v 3.58641362 3.80207872 2.26562285
v 3.57930589 3.77599645 2.26518607
v 3.58152223 3.83692169 2.26376581
v 3.59064984 3.81476808 2.26167297
v 3.59647489 3.84249735 2.25765944
v 3.55449271 3.82589197 2.26442432
v 3.56468034 3.85227847 2.26007915
v 3.53001738 3.75054336 2.26029825
v 3.07322669 2.25431085 2.30653024
v 3.51990223 3.74963760 2.13104677
v 3.06311202 2.25340509 2.17727876
v 3.54156280 3.80372000 2.19399738
v 3.05198741 2.20009899 2.24354744
v 3.56795716 3.73887134 2.25741076
v 3.11116672 2.24263859 2.30364299
v 3.55784225 3.73796535 2.12815952
v 3.10105205 2.24173307 2.17439151
v 3.57908201 3.79217720 2.19114208
v 3.08950639 2.18855643 2.24069238
v 3.56422853 3.90622807 2.09869504
v 3.04379106 2.20166826 2.15304136
v 3.30181241 3.98681116 2.11318421
v 2.78137493 2.28225136 2.16753078
v 3.04913116 3.13295484 2.16309834
v 3.29921579 3.05615878 2.14928961
v 3.10054946 3.30847025 2.11819983
v 3.35063410 3.23167419 2.10439110
v 2.89884377 2.19972372 2.14634490
v 2.90106845 2.20023799 2.18378401
v 3.44494367 3.98833585 2.08931828
v 3.44716859 3.98885012 2.12675762
v 3.30613565 3.05328822 2.12552166
v 3.55141592 3.86262631 2.12220192
v 3.54920173 3.86211467 2.08494997
v 3.56805134 3.94566274 2.08356047
v 3.57016110 3.94615054 2.11906195
v 3.05791211 2.24627995 2.17373610
v 3.05569768 2.24576807 2.13648367
v 3.02468681 2.16601038 2.14030099
v 3.02679682 2.16649818 2.17580271
v 3.03944087 3.13518500 2.14024734
v 3.29031444 3.94280577 2.13661885
v 3.28810000 3.94229412 2.09936666
v 3.31921530 4.02207565 2.09730005
v 3.32132530 4.02256346 2.13280153
v 2.79681015 2.32645917 2.18815279
v 2.79459596 2.32594752 2.15090060
v 2.77585077 2.24242353 2.15404034
v 2.77796078 2.24291110 2.18954229
v 3.17419267 3.09456134 2.15651417
v 2.79667711 2.28294182 2.18968010
v 3.31451559 3.97899079 2.13560486
v 3.03381944 2.21012020 2.17658615
v 3.55165815 3.90616870 2.12251115
v 3.22644925 3.27293801 2.11088371
v 2.79435372 2.28240514 2.15059137
v 3.31219268 3.97845387 2.09651637
v 3.03149629 2.20958304 2.13749766
v 3.54933500 3.90563202 2.08342266
v 2.89528632 2.18535042 2.16186237
v 3.45028973 4.00312281 2.10390663
v 3.54938221 3.85174942 2.10054445
v 3.56070518 3.89025092 2.12008643
v 3.55863142 3.88977170 2.08519363
v 3.56826949 3.93078780 2.08488035
v 3.57024598 3.93124437 2.11813331
v 3.06190920 2.25515628 2.15144849
v 3.05016494 2.21810603 2.17339921
v 3.04809093 2.21762681 2.13850641
v 3.03319240 2.17827868 2.14075541
v 3.03516889 2.17873549 2.17400837
v 3.28372002 3.93332911 2.11521292
v 3.29792094 3.97094727 2.13459587
v 3.29584718 3.97046781 2.09970331
v 3.31084323 4.00983858 2.09909391
v 3.31281972 4.01029491 2.13234711
v 2.79624724 2.33673596 2.16611719
v 2.78738070 2.29880214 2.18790889
v 2.78530669 2.29832292 2.15301633
v 2.77576613 2.25732946 2.15496922
v 2.77774262 2.25778604 2.18822241
v 3.27671432 3.89101410 2.13878393
v 2.81446838 2.37704563 2.18705368
v 3.05706573 3.13052607 2.16290379
v 2.80899096 2.33791399 2.18831944
v 3.29403043 3.92653608 2.13766932
v 3.53383398 3.81205750 2.12458706
v 3.07158828 2.29808927 2.17285681
v 3.29131007 3.05859399 2.14997005
v 3.05431986 2.26257801 2.17477345
v 3.53935909 3.85120034 2.12412357
v 3.27442384 3.89048457 2.10024571
v 2.81217813 2.37651634 2.14851546
v 3.10911989 3.30821228 2.11745000
v 2.80665302 2.33737350 2.14897895
v 3.29169226 3.92599583 2.09832907
v 3.53154349 3.81152821 2.08604884
v 3.06929755 2.29755974 2.13431859
v 3.34336448 3.23628044 2.10451603
v 3.05198145 2.26203775 2.13543320
v 3.53702092 3.85065985 2.08478308
v 3.01501918 2.16268802 2.14030623
v 2.78194404 2.23426104 2.15317535
v 2.79294372 2.25082803 2.15140820
v 3.01506543 2.18261862 2.13914371
v 2.89553666 2.18867898 2.14788318
v 3.01720190 2.16319275 2.17703342
v 2.78412700 2.23476553 2.18990278
v 2.79523134 2.25135660 2.18990064
v 3.01735306 2.18314719 2.17763615
v 2.89762115 2.18916082 2.18295097
v 3.56188488 3.95380831 2.08319998
v 3.32881021 4.02538109 2.09606934
v 3.32865882 4.00542688 2.09546638
v 3.55078053 3.93721724 2.08320189
v 3.44839096 3.99941301 2.09015155
v 3.56406784 3.95431280 2.11992717
v 3.33099318 4.02588558 2.13279653
v 3.33094668 4.00595522 2.13395882
v 3.55306840 3.93774581 2.12169433
v 3.45047545 3.99989462 2.12521935
v 3.53810978 3.81162953 2.12252903
v 3.53603363 3.81114936 2.08759665
v 3.07533813 2.29593754 2.17085409
v 3.07326198 2.29545760 2.13592148
v 3.56569147 3.91693974 2.12030745
v 3.30532622 3.05425286 2.14802647
v 3.55535865 3.89013600 2.12219667
v 3.56351304 3.91643620 2.08365297
v 3.35432863 3.22152209 2.10523748
v 3.55307293 3.88960791 2.08373523
v 3.57088423 3.95014048 2.09752607
v 3.56162572 3.93198395 2.08294678
v 3.56479931 3.96256781 2.08463097
v 3.56387591 3.93250418 2.12080646
v 3.56677771 3.96302509 2.11792183
v 3.03941178 2.19324446 2.17526388
v 3.04583144 2.22130775 2.17540383
v 3.03723359 2.19274092 2.13860965
v 3.04354501 2.22077942 2.13694239
v 3.02478647 2.16153693 2.15455198
v 3.02697873 2.18088317 2.13877726
v 3.01257420 2.15389442 2.14229679
v 3.02922869 2.18140340 2.17663670
v 3.01455259 2.15435171 2.17558765
v 3.27275014 3.89311624 2.13718104
v 3.27067399 3.89263654 2.10224867
v 2.80997849 2.37742448 2.18550587
v 2.80790210 2.37694454 2.15057349
v 3.30877852 3.99583292 2.13449287
v 3.04291105 3.13483548 2.16251564
v 3.30246687 3.96779442 2.13616014
v 3.30660009 3.99532962 2.09783840
v 3.09191370 3.30210495 2.11972666
v 3.30018091 3.96726608 2.09769869
v 3.32079697 4.02693796 2.11133480
v 3.31678367 4.00717020 2.09646606
v 3.33145952 4.03422213 2.09751487
v 3.31903338 4.00769091 2.13432527
v 3.33343792 4.03467941 2.13080573
v 2.78249884 2.27213764 2.18944931
v 2.79293895 2.29896617 2.18936729
v 2.78032064 2.27163410 2.15279508
v 2.79065347 2.29843783 2.15090585
v 2.77469897 2.23833394 2.16836071
v 2.78213620 2.25606966 2.15229607
v 2.77923417 2.22554898 2.15518069
v 2.78438640 2.25658989 2.19015551
v 2.78121257 2.22600603 2.18847156
v 2.82020378 2.33348799 2.18790722
v 3.30579495 3.92391872 2.13719964
v 3.04257846 2.26520085 2.17562890
v 3.52816987 3.85563159 2.12492108
v 2.91395187 2.24226689 2.18336725
v 3.43439531 3.94684672 2.12902045
v 2.81784225 2.33294225 2.14818144
v 3.30343366 3.92337298 2.09747362
v 3.04021716 2.26465511 2.13590288
v 3.52580833 3.85508585 2.08519506
v 2.91161680 2.24172735 2.14408231
v 3.43206048 3.94630671 2.08973503
v 3.94020247 3.83642673 2.40429759
v 3.41692543 2.17203712 2.44932079
v 3.93458605 3.83418775 2.25624752
v 3.41130877 2.16979814 2.30127048
v 3.65103650 3.00899529 2.28296876
v 3.65638947 3.01112914 2.42406178
v 3.74260092 3.16907215 2.27707410
v 3.74795389 3.17120600 2.41816688
v 3.41580939 2.12528062 2.37592173
v 3.38005447 2.13655376 2.37710762
v 3.96488953 3.87174153 2.32867837
v 3.92913437 3.88301468 2.32986450
v 3.67882776 3.00418115 2.42800879
v 3.90557671 3.79999757 2.40579081
v 3.94115305 3.78878045 2.40461063
v 3.96525216 3.86872053 2.39902163
v 3.93134761 3.87941027 2.40014625
v 3.40937948 2.22174239 2.44848394
v 3.44495606 2.21052527 2.44730377
v 3.41892242 2.13100815 2.44602823
v 3.38501763 2.14169812 2.44715261
v 3.67311954 3.00190568 2.27754498
v 3.89998770 3.79776978 2.25848222
v 3.93556428 3.78655267 2.25730205
v 3.95992613 3.86659718 2.25863338
v 3.92602158 3.87728715 2.25975776
v 3.40379095 2.21951485 2.30117512
v 3.43936729 2.20829773 2.29999518
v 3.41359639 2.12888503 2.30563974
v 3.37969184 2.13957477 2.30676436
v 3.65340710 3.01015854 2.35352540
v 3.39093685 2.18098164 2.30901575
v 3.91160131 3.83706021 2.26421738
v 3.39601254 2.18300486 2.44280672
v 3.91667700 3.83908367 2.39800858
v 3.74646449 3.17284536 2.34753466
v 3.42826676 2.16921163 2.30777740
v 3.94893146 3.82529044 2.26297927
v 3.43334246 2.17123485 2.44156861
v 3.95400691 3.82731366 2.39677048
v 3.39695764 2.11557627 2.37678361
v 3.95498967 3.89051080 2.32877016
v 3.92345715 3.78379488 2.40664601
v 3.91528583 3.82689118 2.40549111
v 3.94860888 3.81638455 2.40438581
v 3.96010399 3.85584402 2.40183902
v 3.92834687 3.86585665 2.40289235
v 3.43332434 2.22482753 2.44881725
v 3.40195918 2.19415283 2.44965792
v 3.43528271 2.18364620 2.44855261
v 3.42210698 2.14463496 2.44812846
v 3.39034963 2.15464783 2.44918203
v 3.91777110 3.78152800 2.25676465
v 3.90966129 3.82464910 2.25723338
v 3.94298434 3.81414247 2.25612807
v 3.95459414 3.85364747 2.25660419
v 3.92283678 3.86366010 2.25765753
v 3.42763805 2.22256088 2.29893589
v 3.39633512 2.19191074 2.30140018
v 3.42965817 2.18140411 2.30029488
v 3.41659713 2.14243865 2.30289364
v 3.38484001 2.15245128 2.30394697
v 3.88370204 3.74799752 2.26097798
v 3.41893387 2.26970792 2.30096698
v 3.65097404 3.00913596 2.28744483
v 3.40721822 2.23343158 2.30529165
v 3.89490414 3.78461623 2.26333070
v 3.88920546 3.75019169 2.40603971
v 3.42443728 2.27190185 2.44602871
v 3.65598774 3.01113486 2.41960096
v 3.41246915 2.23552513 2.44370127
v 3.90015507 3.78670931 2.40174055
v 3.92050672 3.73639345 2.25975704
v 3.45573831 2.25810361 2.29974627
v 3.74367094 3.17119288 2.28147745
v 3.44478893 2.22158599 2.30404544
v 3.93247485 3.77277017 2.26208472
v 3.92601013 3.73858738 2.40481901
v 3.46124172 2.26029754 2.44480801
v 3.74868464 3.17319155 2.41363335
v 3.45003963 2.22367907 2.44245529
v 3.93772578 3.77486348 2.40049434
v 3.41757870 2.12515759 2.44171405
v 3.41258979 2.12316895 2.31021786
v 3.41915584 2.14078021 2.31279731
v 3.42391014 2.14267540 2.43811417
v 3.41128135 2.11483717 2.37625122
v 3.38250375 2.13621640 2.44287753
v 3.37751532 2.13422775 2.31138134
v 3.38239527 2.15237069 2.31401658
v 3.38714957 2.15426588 2.43933344
v 3.37779140 2.12539649 2.37736225
v 3.96742868 3.87406754 2.39440465
v 3.96244001 3.87207890 2.26290846
v 3.95779443 3.85402918 2.26645255
v 3.96254849 3.85592437 2.39176941
v 3.96715260 3.88289857 2.32842398
v 3.93235421 3.88512635 2.39556813
v 3.92736530 3.88313770 2.26407194
v 3.92103386 3.86561966 2.26767182
v 3.92578793 3.86751485 2.39298868
v 3.93366241 3.89345813 2.32953453
v 3.89127994 3.75052524 2.40828443
v 3.92464113 3.74000669 2.40717793
v 3.42598271 2.27055264 2.44831896
v 3.45934343 2.26003408 2.44721222
v 3.92229462 3.85229921 2.40318203
v 3.65740252 3.01090384 2.42751074
v 3.91296697 3.82576704 2.40280104
v 3.95729971 3.84126234 2.40202093
v 3.74466538 3.16346002 2.42189312
v 3.94969797 3.81418610 2.40158248
v 3.95313287 3.87735462 2.39970446
v 3.96195269 3.85440922 2.39823461
v 3.96848512 3.88315582 2.39430213
v 3.92579651 3.86580896 2.39943409
v 3.93669176 3.89317989 2.39535666
v 3.39314294 2.16922498 2.44871044
v 3.40065885 2.19626713 2.44688010
v 3.42814827 2.15818810 2.44754934
v 3.43738985 2.18468571 2.44566178
v 3.40405512 2.13090158 2.44694757
v 3.42438769 2.14457536 2.44448709
v 3.41324639 2.11710620 2.44207525
v 3.38823152 2.15597510 2.44568634
v 3.38145304 2.12713051 2.44312978
v 3.88560057 3.74826097 2.25857353
v 3.91896129 3.73774242 2.25746727
v 3.42030287 2.26828861 2.29860830
v 3.45366406 2.25777006 2.29750156
v 3.91679573 3.85010719 2.25823665
v 3.65178609 3.00866485 2.27946138
v 3.90755391 3.82360935 2.26012421
v 3.95180082 3.83907008 2.25707555
v 3.73904872 3.16122103 2.27384353
v 3.94428515 3.81202817 2.25890589
v 3.94777989 3.87522078 2.25861001
v 3.95671248 3.85231996 2.26009941
v 3.96349096 3.88116479 2.26265621
v 3.92055583 3.86371994 2.26129866
v 3.93169737 3.89118910 2.26371074
v 3.38764381 2.16703296 2.30376530
v 3.39524579 2.19410920 2.30420351
v 3.42264938 2.15599608 2.30260396
v 3.43197703 2.18252826 2.30298495
v 3.39870238 2.12876797 2.30585289
v 3.41914749 2.14248610 2.30635190
v 3.40825200 2.11511540 2.31042933
v 3.38299108 2.15388608 2.30755115
v 3.37645864 2.12513947 2.31148386
v 3.40700221 2.23270488 2.31179667
v 3.89524341 3.78565478 2.26978827
v 3.41176176 2.23460221 2.43725634
v 3.90000296 3.78755236 2.39524770
v 3.39207172 2.17785764 2.37602711
v 3.91535473 3.84226680 2.33100343
v 3.44494081 2.22074294 2.31053829
v 3.93318224 3.77369285 2.26852965
v 3.44970059 2.22264028 2.43599796
v 3.93794179 3.77559042 2.39398909
v 3.42958927 2.16602850 2.37478256
v 3.95287228 3.83043766 2.32975888
v 4.49433136 3.43849897 2.54160714
v 3.71888018 2.10622430 2.60993123
v 4.48082685 3.43810678 2.38068676
v 3.70537496 2.10583234 2.44901085
v 4.07352066 2.78364468 2.42027140
v 4.08639050 2.78401828 2.57362962
v 4.18748045 2.90139222 2.41042066
v 4.20035028 2.90176582 2.56377888
v 3.70618248 2.06545758 2.53006887
v 3.67390656 2.08438039 2.53273129
v 4.51987219 3.46342635 2.45837569
v 4.48759651 3.48234940 2.46103835
v 4.10691261 2.77224922 2.57706475
v 4.45521116 3.41517639 2.54454112
v 4.48732615 3.39634800 2.54189181
v 4.52340221 3.46060061 2.53492045
v 4.49279642 3.47854424 2.53744507
v 3.71988988 2.15184879 2.60932946
v 3.75200486 2.13302064 2.60667992
v 3.71378851 2.06963444 2.60625434
v 3.68318272 2.08757782 2.60877919
v 4.09318781 2.77185106 2.41352081
v 4.44177389 3.41478634 2.38442707
v 4.47388887 3.39595795 2.38177752
v 4.51059580 3.46022916 2.38232780
v 4.47999048 3.47817254 2.38485265
v 3.70645261 2.15145898 2.44921517
v 3.73856735 2.13263059 2.44656563
v 3.70098233 2.06926274 2.45366192
v 3.67037654 2.08720636 2.45618677
v 4.07967949 2.78399324 2.49697328
v 3.68814802 2.12079358 2.45822406
v 4.45972824 3.44641566 2.39024115
v 3.70035267 2.12114763 2.60364580
v 4.47193193 3.44676971 2.53566313
v 4.19549704 2.90366077 2.48696184
v 3.72184610 2.10103726 2.45544410
v 4.49342585 3.42665911 2.38746119
v 3.73405075 2.10139132 2.60086584
v 4.50563002 3.42701340 2.53288317
v 3.68657255 2.06166959 2.53172374
v 4.51352787 3.48243046 2.45886183
v 4.46966934 3.39641809 2.54478168
v 4.46896362 3.43638706 2.54385495
v 4.49904442 3.41875124 2.54137349
v 4.51647949 3.45056772 2.53817821
v 4.48781204 3.46737480 2.54054308
v 3.74333453 2.14853001 2.60877800
v 3.70825839 2.12944818 2.61087966
v 3.73833895 2.11181235 2.60839796
v 3.71921420 2.08081651 2.60842419
v 3.69054699 2.09762359 2.61078906
v 4.45599747 3.39602137 2.38187099
v 4.45543957 3.43599463 2.38270903
v 4.48552036 3.41835880 2.38022757
v 4.50323153 3.45018315 2.38031816
v 4.47456408 3.46699023 2.38268280
v 3.72966242 2.14813328 2.44586730
v 3.69473433 2.12905550 2.44973373
v 3.72481489 2.11141968 2.44725204
v 3.70596623 2.08043218 2.45056391
v 3.67729878 2.09723926 2.45292878
v 4.41803455 3.37510538 2.38774562
v 3.72928810 2.19179606 2.44843006
v 4.07371855 2.78377914 2.42514563
v 3.71226454 2.16283298 2.45356989
v 4.43497324 3.40449119 2.38989305
v 4.43126726 3.37548947 2.54541779
v 3.74252057 2.19218016 2.60610223
v 4.08577394 2.78412914 2.56879020
v 3.72489023 2.16319942 2.60401177
v 4.44759893 3.40485787 2.54033494
v 4.45125866 3.35562682 2.38500476
v 3.76251149 2.17231750 2.44568920
v 4.18908834 2.90298343 2.41517282
v 3.74617982 2.14294910 2.45077229
v 4.46888828 3.38460755 2.38709521
v 4.46449089 3.35601091 2.54267693
v 3.77574420 2.17270160 2.60336161
v 4.20114279 2.90333319 2.55881739
v 3.75880527 2.14331555 2.60121393
v 4.48151398 3.38497400 2.53753710
v 3.71130252 2.06483150 2.60160804
v 3.69930768 2.06448340 2.45868063
v 3.70865750 2.07831764 2.46124411
v 3.72008920 2.07864952 2.59745502
v 3.70012856 2.05741143 2.53059649
v 3.67964053 2.08339429 2.60422015
v 3.66764545 2.08304620 2.46129274
v 3.67547393 2.09777308 2.46398163
v 3.68690491 2.09810472 2.60019255
v 3.66989684 2.07513595 2.53309035
v 4.52613306 3.46476078 2.52981448
v 4.51413822 3.46441269 2.38688707
v 4.50687313 3.44970226 2.39091444
v 4.51830435 3.45003390 2.52712536
v 4.52388191 3.47267103 2.45801663
v 4.49447060 3.48332357 2.53242660
v 4.48247623 3.48297548 2.38949895
v 4.47368956 3.46915746 2.39365196
v 4.48512125 3.46948910 2.52986288
v 4.49364996 3.49039531 2.46051049
v 4.43342543 3.37525773 2.54778147
v 4.46354055 3.35760164 2.54529715
v 3.74389458 2.19060135 2.60853505
v 3.77400994 2.17294550 2.60605073
v 4.47977877 3.45697379 2.54108429
v 4.08750343 2.78356099 2.57734466
v 4.46641684 3.43598557 2.54101515
v 4.51137829 3.43844748 2.53847742
v 4.19610929 2.89577675 2.56795669
v 4.49957371 3.41654611 2.53827977
v 4.51327801 3.47124791 2.53613067
v 4.51782131 3.44884419 2.53418422
v 4.52865219 3.47248912 2.52966619
v 4.48518229 3.46797919 2.53687692
v 4.49995184 3.48931527 2.53203392
v 3.69562197 2.10974312 2.61017513
v 3.70721984 2.13163853 2.60790706
v 3.72722125 2.09121704 2.60756826
v 3.74037695 2.11219907 2.60517168
v 3.69959211 2.07328558 2.60782337
v 3.72119641 2.08019328 2.60437393
v 3.70583558 2.05884004 2.60216331
v 3.68855834 2.09932852 2.60706639
v 3.67713571 2.07566643 2.60453081
v 4.41976881 3.37486124 2.38505626
v 4.44988394 3.35720539 2.38257194
v 3.73023844 2.19020510 2.44580984
v 3.76035309 2.17254925 2.44332552
v 4.46655750 3.45658994 2.38353872
v 4.07399845 2.78316903 2.41642523
v 4.45340157 3.43560791 2.38593531
v 4.49815655 3.43806386 2.38093185
v 4.18260479 2.89538479 2.40703702
v 4.48655844 3.41616821 2.38319993
v 4.50040722 3.47087431 2.38277054
v 4.50522041 3.44847822 2.38404083
v 4.51664305 3.47214055 2.38657618
v 4.47258234 3.46761370 2.38673329
v 4.48794317 3.48896694 2.38894367
v 3.68239999 2.10935950 2.45262957
v 3.69420481 2.13126087 2.45282722
v 3.71399951 2.09083319 2.45002294
v 3.72736216 2.11182141 2.45009184
v 3.68672156 2.07291198 2.45446324
v 3.70859599 2.07982779 2.45423031
v 3.69382668 2.05849147 2.45907331
v 3.67595744 2.09896278 2.45692277
v 3.66512704 2.07531786 2.46144080
v 3.71227765 2.16224074 2.46065807
v 4.43580914 3.40531278 2.39690852
v 3.72372198 2.16257286 2.59702373
v 4.44725370 3.40564466 2.53327465
v 3.69222498 2.11768627 2.53111291
v 4.46768570 3.44997644 2.46278811
v 3.74652529 2.14216232 2.45783257
v 4.47005701 3.38523388 2.39408326
v 3.75796938 2.14249420 2.59419870
v 4.48150063 3.38556600 2.53044915
v 3.72609234 2.09783053 2.52831888
v 4.50155354 3.43012047 2.45999408
v 2.20903158 2.27469134 1.90272939
v 3.95052671 2.03185773 2.67580223
v 2.31936359 2.26729107 1.65186083
v 4.06085825 2.02445745 2.42493367
v 3.18459249 2.12311792 2.04368114
v 3.07944512 2.13017058 2.28276062
v 3.00970316 2.18722701 1.96487391
v 2.90455604 2.19427967 2.20395327
v 4.05056667 2.03735161 2.56983232
v 4.04582024 2.00015759 2.56884193
v 2.22319841 2.29215932 1.75863922
v 2.21845174 2.25496507 1.75764883
v 3.07890868 2.15356159 2.29131699
v 2.25157309 2.24646902 1.92152119
v 2.25629592 2.28347754 1.92250657
v 2.17534161 2.29406738 1.87958813
v 2.17084050 2.25879812 1.87864912
v 3.90294313 2.01620245 2.65458632
v 3.90766621 2.05321074 2.65557194
v 3.99355602 2.04053593 2.68671799
v 3.98905516 2.00526667 2.68577862
v 3.19103956 2.14604068 2.03635836
v 2.36135244 2.23910594 1.67190933
v 2.36607528 2.27611423 1.67289484
v 2.27996349 2.28705001 1.64170253
v 2.27546263 2.25178075 1.64076340
v 4.01272249 2.00883913 2.40497446
v 4.01744556 2.04584765 2.40596008
v 4.09817839 2.03351855 2.44883204
v 4.09367704 1.99824929 2.44789314
v 3.13197851 2.12632608 2.16321254
v 4.04828358 2.00258780 2.43447661
v 2.31548429 2.24420881 1.66526389
v 3.94857836 2.00927544 2.66118336
v 2.21577883 2.25089645 1.89197052
v 2.95423770 2.19148064 2.08312035
v 4.05323935 2.04142022 2.43551064
v 2.32044029 2.28304148 1.66629791
v 3.95353389 2.04810786 2.66221738
v 2.22073460 2.28972888 1.89300466
v 4.06355429 2.02032018 2.57604671
v 2.20639348 2.27928209 1.75162840
v 2.26347494 2.26683021 1.92875814
v 2.22286510 2.25163937 1.90970337
v 2.22728896 2.28630376 1.91062641
v 2.18725872 2.29113793 1.88981974
v 2.18304300 2.25810289 1.88893998
v 3.89466381 2.03937745 2.65286469
v 3.93124294 2.01342368 2.66807508
v 3.93566680 2.04808807 2.66899800
v 3.97774220 2.04147363 2.68463898
v 3.97352600 2.00843811 2.68375945
v 2.37517142 2.25933814 1.67478693
v 2.33335185 2.24422860 1.65848315
v 2.33777571 2.27889299 1.65940619
v 2.29549265 2.28387856 1.64372182
v 2.29127645 2.25084329 1.64284217
v 4.00636005 2.03188586 2.39889336
v 4.04172945 2.00601292 2.41685486
v 4.04615307 2.04067731 2.41777778
v 4.08597565 2.03421378 2.43854117
v 4.08175993 2.00117874 2.43766141
v 2.41273189 2.23123074 1.69701183
v 3.95950580 2.01554918 2.38364506
v 3.18123198 2.12310004 2.05124664
v 3.99511218 2.00999928 2.40619946
v 2.37206674 2.23631620 1.68570805
v 2.30462694 2.23848200 1.94281650
v 3.85140061 2.02279997 2.62944984
v 3.08274460 2.12970591 2.27518272
v 3.89196444 2.01691771 2.64073229
v 2.26891875 2.24323463 1.92024100
v 2.41761804 2.26951671 1.69803119
v 3.96439147 2.05383492 2.38466477
v 3.00417924 2.18800211 1.97146428
v 4.00009966 2.04908204 2.40724015
v 2.37705421 2.27539897 1.68674874
v 2.30951285 2.27676773 1.94383597
v 3.85628676 2.06108594 2.63046932
v 2.90569234 2.19460773 2.19540048
v 3.89695191 2.05600047 2.64177322
v 2.27390647 2.28231740 1.92128181
v 4.00280523 2.04010558 2.68180084
v 4.10080051 2.03353262 2.45898247
v 4.07995367 2.03716540 2.45595956
v 3.98656321 2.04342937 2.66830683
v 4.06171703 2.03459787 2.57481766
v 3.99814868 2.00361896 2.68082929
v 4.09614468 1.99704611 2.45801091
v 4.07507324 1.99892509 2.45494127
v 3.98168278 2.00518918 2.66728854
v 4.05727100 1.99975967 2.57388973
v 2.17287421 2.29527068 1.86947012
v 2.27086949 2.28869796 1.64665186
v 2.28733540 2.28712749 1.66019261
v 2.19394517 2.29339170 1.87253988
v 2.21174741 2.29255700 1.75359142
v 2.16821766 2.25878406 1.86849856
v 2.26621318 2.25221109 1.64568043
v 2.28245521 2.24888730 1.65917420
v 2.18906474 2.25515127 1.87152159
v 2.20730138 2.25771904 1.75266361
v 2.30224276 2.24051189 1.94641221
v 2.30667138 2.27521539 1.94733620
v 3.85077739 2.02458453 2.63382721
v 3.85520625 2.05928826 2.63475132
v 2.19765377 2.25435376 1.89518368
v 3.07697010 2.13126111 2.28867912
v 2.22641301 2.24949098 1.90567982
v 2.20230103 2.29076791 1.89615345
v 2.91029763 2.19235849 2.21357417
v 2.23128891 2.28770065 1.90669727
v 2.16871238 2.28067231 1.87778246
v 2.19091558 2.29314852 1.88418496
v 2.16363382 2.29481792 1.86557102
v 2.18611574 2.25553679 1.88318348
v 2.15941310 2.26174498 1.86469030
v 3.95869923 2.00879383 2.67693520
v 3.93140221 2.01174784 2.66254711
v 3.96334648 2.04520822 2.67790461
v 3.93627834 2.04995751 2.66356468
v 3.99607253 2.02586555 2.68897200
v 3.97995996 2.04368448 2.67836547
v 4.01149845 2.03715229 2.68586254
v 3.97515988 2.00607300 2.67736411
v 4.00727797 2.00407934 2.68498206
v 2.41381240 2.23302865 1.69272983
v 2.41824126 2.26773214 1.69365394
v 3.96234679 2.01710129 2.38014483
v 3.96677566 2.05180502 2.38106894
v 2.30567217 2.24710846 1.64957643
v 3.18730164 2.12386084 2.03781176
v 2.33274007 2.24235940 1.66391647
v 2.31031942 2.28352284 1.65054607
v 3.02062917 2.18495822 1.96270680
v 2.33761644 2.28056908 1.66493392
v 2.27386069 2.27361965 1.63870013
v 2.29385853 2.28624368 1.65011716
v 2.26174068 2.28823757 1.64249921
v 2.28905869 2.24863219 1.64911556
v 2.25752020 2.25516462 1.64161849
v 4.06671715 2.00154877 2.43132782
v 4.03772974 2.00461602 2.42078400
v 4.07136440 2.03796315 2.43229747
v 4.04260588 2.04282570 2.42180133
v 4.10122061 2.01881289 2.44988966
v 4.08290339 2.03677988 2.44429779
v 4.10960531 2.03057194 2.46279073
v 4.07810259 1.99916828 2.44329619
v 4.10538483 1.99749887 2.46191025
v 3.99118590 2.01000261 2.41757631
v 2.36629295 2.23657727 1.69626486
v 3.89768910 2.01627374 2.63016558
v 2.27279615 2.24284840 1.90885389
v 4.00277662 2.00522614 2.54976177
v 2.26126122 2.24806261 1.77667999
v 3.99622226 2.04946828 2.41862726
v 2.37132955 2.27604318 1.69731569
v 3.90272570 2.05573940 2.63121629
v 2.27783275 2.28231430 1.90990472
v 4.00775719 2.04425406 2.55080128
v 2.26624179 2.28709054 1.77771926
v 5.99179649 3.03897429 1.22673893
v 4.38667822 3.24293280 0.57582831
v 5.71602964 3.04544449 1.90879440
v 4.11091185 3.24940276 1.25788367
v 4.91736746 3.12430716 1.56648672
v 5.18017435 3.11814117 0.91648316
v 5.08754778 3.14232826 1.63512254
v 5.35035515 3.13616204 0.98511887
v 4.21093082 3.26640058 0.90135479
v 4.20674133 3.22915030 0.90001440
v 5.89519691 3.05238461 1.58436203
v 5.89100742 3.01513457 1.58302152
v 5.19151020 3.14112782 0.89573169
v 5.94710255 3.02231479 1.21081448
v 5.95127201 3.05937886 1.21214831
v 6.02161789 3.04888916 1.25923777
v 6.01764488 3.01356697 1.25796640
v 4.42505169 3.21571851 0.59358907
v 4.42922068 3.25278234 0.59492302
v 4.34578848 3.26183295 0.57965159
v 4.34181547 3.22651052 0.57838058
v 4.91124821 3.14770365 1.58890712
v 5.67271805 3.02875257 1.88945341
v 5.67688656 3.06581664 1.89078724
v 5.76012325 3.05502439 1.90599585
v 5.75614977 3.01970243 1.90472460
v 4.15066719 3.22215629 1.27222800
v 4.15483570 3.25922012 1.27356195
v 4.08429289 3.26796818 1.22640991
v 4.08032036 3.23264599 1.22513866
v 5.04873514 3.12090564 1.24147332
v 4.12562704 3.22571564 1.22584057
v 5.72273064 3.02277541 1.87350130
v 4.37483406 3.21986866 0.60947561
v 5.97193718 3.01692843 1.25713623
v 5.22169065 3.13922024 1.31122816
v 4.13000107 3.26460671 1.22724020
v 5.72710419 3.06166649 1.87490094
v 4.37920809 3.25875974 0.61087513
v 5.97631073 3.05581951 1.25853574
v 4.19551611 3.25316834 0.89524817
v 5.90724277 3.03566313 1.58939087
v 5.94264364 3.04517698 1.20189881
v 5.97439051 3.02012968 1.21932387
v 5.97829533 3.05484605 1.22057331
v 6.01322556 3.04928851 1.24285138
v 6.00950480 3.01620340 1.24166071
v 4.43919325 3.23621678 0.59221673
v 4.39979649 3.22020984 0.58079123
v 4.40370083 3.25492620 0.58204055
v 4.36295557 3.25898457 0.57363057
v 4.35923481 3.22589946 0.57243991
v 5.66346598 3.05172706 1.89239025
v 5.69823694 3.02660894 1.90233576
v 5.70214176 3.06132531 1.90358520
v 5.74270344 3.05563545 1.91193652
v 5.73898268 3.02255082 1.91074574
v 4.16001606 3.24276686 1.28270805
v 4.12364340 3.22668910 1.26380312
v 4.12754774 3.26140523 1.26505244
v 4.09243345 3.26533151 1.24271560
v 4.08871269 3.23224664 1.24152493
v 5.62653542 3.03418899 1.86470783
v 4.20089054 3.21534228 1.28657699
v 4.92566347 3.12387037 1.54589236
v 4.17189121 3.21926427 1.25698614
v 5.66783524 3.02917814 1.86362457
v 5.89673567 3.02784944 1.19641936
v 4.47109032 3.20900273 0.61828876
v 5.17182446 3.11809468 0.93705988
v 4.42970085 3.21321535 0.61934328
v 5.92564487 3.02312922 1.22598159
v 5.63084841 3.07253242 1.86608756
v 4.20520306 3.25368571 1.28795695
v 5.09794903 3.14211416 1.61537707
v 4.17629337 3.25840569 1.25839472
v 5.67223787 3.06831980 1.86503315
v 5.90104771 3.06619263 1.19779932
v 4.47540236 3.24734616 0.61966872
v 5.34410954 3.13633847 1.00654459
v 4.43410349 3.25235701 0.62075186
v 5.93004751 3.06227064 1.22739029
v 4.33217573 3.26332307 0.59796667
v 4.08724403 3.26906967 1.20375967
v 4.11029291 3.26762772 1.19653046
v 4.34371567 3.26215124 0.61920524
v 4.20038271 3.26654410 0.89708877
v 4.32806635 3.22678113 0.59665179
v 4.08313417 3.23252797 1.20244467
v 4.10598612 3.22933006 1.19515216
v 4.33940744 3.22385335 0.61782718
v 4.19645786 3.23165369 0.89583302
v 6.01880455 3.04900694 1.28193176
v 5.77387238 3.05475378 1.88772464
v 5.76253080 3.05768180 1.86654925
v 5.99595261 3.05220509 1.28922415
v 5.90548038 3.04988146 1.58854342
v 6.01469421 3.01246548 1.28061664
v 5.76976252 3.01821208 1.88640964
v 5.75822306 3.01938415 1.86517096
v 5.99164534 3.01390719 1.28784597
v 5.90155602 3.01499104 1.58728766
v 5.90207863 3.02943826 1.18610442
v 5.90598726 3.06419444 1.18735516
v 4.47481012 3.21079803 0.60731554
v 4.47871923 3.24555421 0.60856652
v 5.99547863 3.01624179 1.23676515
v 5.18675709 3.11890745 0.90049171
v 5.96743155 3.01867485 1.23148239
v 5.99957943 3.05271077 1.23807788
v 5.34894228 3.13608146 0.96590281
v 5.97173548 3.05694175 1.23285961
v 6.02490711 3.03426671 1.25881386
v 6.00620842 3.05181932 1.25901854
v 6.02701616 3.04624414 1.28487694
v 6.00197172 3.01415133 1.25766289
v 6.02329111 3.01312137 1.28368497
v 4.37234068 3.22248983 0.57854724
v 4.39596081 3.21835804 0.59421611
v 4.37644243 3.25895905 0.57985973
v 4.40026474 3.25662470 0.59559345
v 4.34064865 3.24828124 0.57580972
v 4.35726500 3.26134706 0.59033537
v 4.32385874 3.26266026 0.59420896
v 4.35302782 3.22367883 0.58897972
v 4.32013273 3.22953773 0.59301686
v 5.62321901 3.03598118 1.87580991
v 5.62712812 3.07073712 1.87706077
v 4.19595051 3.21734071 1.29702115
v 4.19985962 3.25209665 1.29827189
v 5.72549534 3.02257609 1.90451658
v 4.91099167 3.12537742 1.58254397
v 5.70167398 3.02491021 1.88878310
v 5.72959709 3.05904508 1.90582907
v 5.07317686 3.14255166 1.64795530
v 5.70597792 3.06317711 1.89016020
v 5.76209688 3.04043293 1.90882516
v 5.74891043 3.05785632 1.89539659
v 5.78180504 3.05199742 1.89135957
v 5.74467421 3.02018809 1.89404094
v 5.77807999 3.01887488 1.89016747
v 4.10235834 3.22882438 1.24629855
v 4.13020325 3.22459340 1.25151682
v 4.10646009 3.26529336 1.24761117
v 4.13450670 3.26286030 1.25289392
v 4.07783842 3.25444770 1.22582102
v 4.09996653 3.26738381 1.22671342
v 4.07864761 3.26841354 1.20069146
v 4.09573030 3.22971559 1.22535789
v 4.07492208 3.23529100 1.19949937
v 4.18307877 3.21889758 1.22680366
v 5.68072557 3.02859521 1.83413243
v 4.41676712 3.21341467 0.64882135
v 5.91441441 3.02311230 1.25615025
v 4.24620199 3.22320485 0.91602564
v 5.85133934 3.01924372 1.56694412
v 4.18752432 3.25842285 1.22822607
v 5.68517160 3.06812048 1.83555496
v 4.42121220 3.25293994 0.65024400
v 5.91885948 3.06263733 1.25757277
v 4.25059891 3.26229119 0.91743231
v 5.85573578 3.05833030 1.56835079
v 2.76988268 2.14889622 2.20611548
v 4.73386812 1.99691296 2.93400860
v 2.85962009 2.13524437 1.96113753
v 4.82360601 1.98326111 2.68903065
v 3.83751631 2.03654194 2.33139539
v 3.75199580 2.04955220 2.56486130
v 3.63805032 2.09144044 2.25527024
v 3.55252981 2.10445094 2.48873591
v 4.82847548 2.00158834 2.82909822
v 4.82525063 1.96422935 2.82999873
v 2.76764536 2.16106606 2.06531286
v 2.76442075 2.12370682 2.06621337
v 3.75116372 2.07324386 2.57205343
v 2.81902647 2.12291193 2.22486758
v 2.82223511 2.16008449 2.22397137
v 2.73017693 2.16617250 2.18339896
v 2.72711921 2.13074684 2.18425322
v 4.68137360 1.97879422 2.91509104
v 4.68458176 2.01596665 2.91419482
v 4.78068352 2.00749373 2.94335842
v 4.77762604 1.97206819 2.94421244
v 3.84236407 2.05936933 2.32308149
v 2.90831423 2.10932851 1.98111677
v 2.91152287 2.14650106 1.98022056
v 2.81527042 2.15322709 1.95109904
v 2.81221247 2.11780143 1.95195305
v 4.77066135 1.96521068 2.67134023
v 4.77386951 2.00238323 2.67044401
v 4.86577702 1.99454844 2.71105838
v 4.86271906 1.95912278 2.71191263
v 3.79472852 2.04272747 2.44813585
v 4.81240129 1.96136451 2.69956326
v 2.85822248 2.11258888 1.97530484
v 4.73130703 1.97370160 2.92094684
v 2.77712798 2.12492585 2.19668841
v 3.59201050 2.09852123 2.37076950
v 4.81576824 2.00036931 2.69862318
v 2.86158895 2.15159369 1.97436464
v 4.73467350 2.01270628 2.92000651
v 2.78049445 2.16393065 2.19574809
v 4.84397840 1.98526776 2.83568645
v 2.74954963 2.14734530 2.05944872
v 2.83150840 2.14394999 2.23068810
v 2.78669500 2.12662053 2.21371078
v 2.78970051 2.16143847 2.21287131
v 2.74424839 2.16406393 2.19323111
v 2.74138427 2.13088202 2.19403124
v 4.67109489 2.00159335 2.91247630
v 4.71333218 1.97752762 2.92776179
v 4.71633768 2.01234555 2.92692232
v 4.76348114 2.00780535 2.94159961
v 4.76061678 1.97462356 2.94239974
v 2.92235589 2.13012934 1.98268020
v 2.87655807 2.11294961 1.96838915
v 2.87956381 2.14776778 1.96754980
v 2.83227921 2.15067172 1.95291185
v 2.82941508 2.11748981 1.95371175
v 4.76194239 1.98777270 2.66446853
v 4.80319500 1.96385658 2.68244028
v 4.80620050 1.99867463 2.68160081
v 4.85151196 1.99441314 2.70128036
v 4.84864807 1.96123135 2.70208025
v 2.96655774 2.10422635 2.00484991
v 4.71094513 1.96923685 2.65135527
v 3.83478689 2.03671145 2.33879519
v 4.75190258 1.96581519 2.67280817
v 2.92149925 2.10746121 1.99442363
v 2.87863183 2.11760283 2.24488306
v 4.62301922 1.98261309 2.89138842
v 3.75468349 2.04889774 2.55747318
v 4.66800833 1.97857797 2.90183425
v 2.83760500 2.12022376 2.22344971
v 2.96987724 2.14268208 2.00392294
v 4.71426439 2.00769258 2.65042830
v 3.63285375 2.09228921 2.26172829
v 4.75529099 2.00507116 2.67186189
v 2.92488790 2.14671731 1.99347723
v 2.88195109 2.15605831 2.24395609
v 4.62633801 2.02106881 2.89046144
v 3.55275035 2.10447550 2.48040628
v 4.67139673 2.01783419 2.90088797
v 2.84099364 2.15948009 2.22250319
v 4.79003811 2.00718403 2.93843532
v 4.86974144 1.99505866 2.72084904
v 4.84690475 1.99785233 2.71814251
v 4.77094698 2.00940800 2.92550373
v 4.84111738 1.99941897 2.83384991
v 4.78687429 1.97053540 2.93931890
v 4.86657810 1.95841002 2.72173262
v 4.84358931 1.95944238 2.71906853
v 4.76763153 1.97099805 2.92642975
v 4.83809710 1.96442628 2.83469367
v 2.72631812 2.16688538 2.17357874
v 2.80602193 2.15475965 1.95599270
v 2.82526469 2.15429711 1.96888173
v 2.74930668 2.16585279 2.17624307
v 2.75479865 2.16086888 2.06061792
v 2.72315454 2.13023663 2.17446232
v 2.80285835 2.11811113 1.95687604
v 2.82194924 2.11588717 1.96980774
v 2.74599123 2.12744284 2.17716885
v 2.75177860 2.12587619 2.06146145
v 2.87638497 2.11969304 2.24831820
v 2.87939405 2.15455055 2.24747777
v 4.62275791 1.98454964 2.89555931
v 4.62576675 2.01940727 2.89471912
v 2.75792480 2.12788725 2.19998455
v 3.74996710 2.05079389 2.57059455
v 2.79014349 2.12443495 2.20984435
v 2.76108241 2.16446304 2.19910288
v 3.55987215 2.10311317 2.49804592
v 2.79345632 2.16281414 2.20891905
v 2.72358751 2.15249157 2.18241215
v 2.74740958 2.16597223 2.18760276
v 2.71601176 2.16596007 2.16999626
v 2.74414897 2.12819386 2.18851328
v 2.71314454 2.13274074 2.17079687
v 4.74395847 1.97419775 2.93604898
v 4.71295881 1.97563756 2.92247891
v 4.74711609 2.01077366 2.93516707
v 4.71627188 2.01401687 2.92155385
v 4.78440857 1.99301469 2.94619417
v 4.76501989 2.00983930 2.93536997
v 4.79995728 2.00469375 2.94234848
v 4.76175880 1.97206068 2.93628049
v 4.79708958 1.97147429 2.94314933
v 2.96712899 2.10588789 2.00059247
v 2.97013807 2.14074540 1.99975216
v 4.71350145 1.97074473 2.64783382
v 4.71651077 2.00560236 2.64699340
v 2.84578037 2.11452150 1.96014440
v 3.83970404 2.03714204 2.32561755
v 2.87662363 2.11127853 1.97375774
v 2.84893775 2.15109754 1.95926261
v 3.64960933 2.08946133 2.25306892
v 2.87993693 2.14965749 1.97283256
v 2.80910921 2.13948107 1.94894361
v 2.83113742 2.15323448 1.95903099
v 2.79580665 2.15382099 1.95216215
v 2.82787633 2.11545610 1.95994163
v 2.79293895 2.12060142 1.95296311
v 4.83181334 1.96083224 2.69620872
v 4.79943943 1.96248126 2.68639231
v 4.83497095 1.99740815 2.69532681
v 4.80275249 2.00086021 2.68546724
v 4.86993027 1.98000419 2.71272588
v 4.84874725 1.99710155 2.70679808
v 4.87975121 1.99255466 2.72451448
v 4.84548664 1.95932305 2.70770884
v 4.87688398 1.95933509 2.72531533
v 4.74900246 1.96613920 2.68391323
v 2.91651583 2.10794640 2.00475645
v 4.67295790 1.97770798 2.89151049
v 2.84047151 2.11951494 2.21235394
v 4.77676058 1.96705461 2.81207895
v 2.81275177 2.11903954 2.08417749
v 4.75242472 2.00578022 2.68295765
v 2.91993785 2.14758730 2.00380087
v 4.67637968 2.01734900 2.89055490
v 2.84389329 2.15915608 2.21139812
v 4.78014374 2.00625563 2.81113410
v 2.81613541 2.15824080 2.08323240
v 5.28872919 3.25788450 0.94883037
v 5.02553797 3.27771592 1.42650354
v 5.76849890 3.16125679 1.21718884
v 5.50530767 3.18108821 1.69486213
v 5.62172270 3.15068340 1.44851172
v 5.16449833 3.24277067 1.19276392
v 5.65555763 3.18737292 1.40123188
v 5.19833279 3.27945995 1.14548433
v 5.26152086 3.24495912 1.57325995
v 5.25518131 3.20804191 1.57129991
v 5.53769064 3.22414970 1.07203245
v 5.53135157 3.18723273 1.07007241
v 5.15326118 3.26881313 1.18549120
v 5.27938461 3.23639870 0.96070743
v 5.28569221 3.27313161 0.96265745
v 5.30936432 3.26906037 0.94600177
v 5.30335331 3.23405361 0.94414330
v 5.02981377 3.25520372 1.41366041
v 5.03612089 3.29193687 1.41561067
v 5.03457785 3.28976536 1.44471848
v 5.02856684 3.25475860 1.44285977
v 5.64085293 3.17060995 1.45822513
v 5.75675106 3.14025497 1.22772169
v 5.76305866 3.17698812 1.22967196
v 5.76430511 3.17743301 1.20047247
v 5.75829411 3.14242649 1.19861388
v 5.50718021 3.15906000 1.68067491
v 5.51348734 3.19579315 1.68262494
v 5.48951912 3.19813800 1.69918919
v 5.48350859 3.16313148 1.69733059
v 5.39305639 3.19641113 1.32062113
v 5.47896910 3.16302967 1.67954326
v 5.74084663 3.14329720 1.20425510
v 5.04540682 3.25035095 1.43703091
v 5.30728483 3.23061872 0.96174264
v 5.42744255 3.23369861 1.27257061
v 5.48558760 3.20157313 1.68158972
v 5.74746513 3.18184066 1.20630145
v 5.05202484 3.28889441 1.43907738
v 5.31390285 3.26916218 0.96378899
v 5.25672054 3.23028588 1.57655776
v 5.53739309 3.20913720 1.06715846
v 5.27739000 3.25889540 0.96228719
v 5.28235435 3.23754740 0.95209050
v 5.28826237 3.27195358 0.95391726
v 5.29922581 3.26969123 0.94535375
v 5.29359531 3.23690176 0.94361305
v 5.03086901 3.27747059 1.40970469
v 5.02416706 3.25700140 1.42068017
v 5.03007507 3.29140782 1.42250693
v 5.02863073 3.29008031 1.43646407
v 5.02299976 3.25729084 1.43472326
v 5.76309347 3.16107249 1.23396492
v 5.76279688 3.14078403 1.22082543
v 5.76870489 3.17519021 1.22265220
v 5.76987219 3.17490077 1.20860910
v 5.76424170 3.14211130 1.20686829
v 5.51657295 3.17964792 1.68138242
v 5.50461006 3.16023827 1.68941510
v 5.51051807 3.19464445 1.69124174
v 5.49927616 3.19529009 1.69971943
v 5.49364662 3.16250062 1.69797862
v 5.74509811 3.14094973 1.23999655
v 5.51133490 3.15856361 1.66426015
v 5.60720062 3.15336037 1.44039953
v 5.49472523 3.16077328 1.66867054
v 5.74001551 3.14229083 1.22348654
v 5.27501249 3.23562717 0.97705483
v 5.04124832 3.25324106 1.40131819
v 5.17893791 3.23961473 1.20085084
v 5.04619646 3.25110912 1.41778624
v 5.29148626 3.23262668 0.97260237
v 5.75162363 3.17895055 1.24201417
v 5.51785946 3.19656467 1.66627753
v 5.64145470 3.19050360 1.39253485
v 5.50138617 3.19956517 1.67072999
v 5.74667645 3.18108273 1.22554612
v 5.28153753 3.27362823 0.97907233
v 5.04777431 3.29124188 1.40333581
v 5.21319151 3.27675772 1.15298629
v 5.05285692 3.28990102 1.41984582
v 5.29814720 3.27141857 0.97466183
v 5.04820442 3.28753448 1.45441628
v 5.47432995 3.20171094 1.69276905
v 5.46728563 3.20438528 1.68209755
v 5.06118584 3.28617573 1.45494580
v 5.25961161 3.24391866 1.57629752
v 5.04198599 3.25131917 1.45249355
v 5.46811104 3.16549563 1.69084632
v 5.46076918 3.16642952 1.68008256
v 5.05466843 3.24822021 1.45293057
v 5.25367451 3.20933986 1.57446158
v 5.32476091 3.26669598 0.95248604
v 5.75088692 3.18087244 1.19083881
v 5.73820400 3.18397164 1.19040179
v 5.33210325 3.26576233 0.96324992
v 5.53919744 3.22285199 1.06887078
v 5.31854296 3.23048067 0.95056343
v 5.74466801 3.14465714 1.18891609
v 5.73168707 3.14601612 1.18838668
v 5.32558632 3.22780633 0.96123481
v 5.53325987 3.18827319 1.06703496
v 5.26791763 3.23891187 0.97269440
v 5.27383232 3.27335739 0.97452307
v 5.03388882 3.25654602 1.39744067
v 5.03980303 3.29099154 1.39926934
v 5.29155207 3.23529792 0.94782352
v 5.15338230 3.24595070 1.18650746
v 5.29083872 3.23398590 0.95752001
v 5.29775810 3.27144122 0.94974256
v 5.18562841 3.28091621 1.14144909
v 5.29735088 3.27191091 0.95953345
v 5.30651617 3.25529289 0.94336700
v 5.31101036 3.26965380 0.95210600
v 5.32558298 3.26494861 0.94980097
v 5.30460024 3.23232198 0.95012403
v 5.31994629 3.23212171 0.94805813
v 5.02540588 3.25535202 1.43085921
v 5.03316402 3.25340152 1.42518008
v 5.03161192 3.29149532 1.43277824
v 5.03967571 3.29132676 1.42719364
v 5.03034830 3.27610207 1.44459224
v 5.04063225 3.29002643 1.44282162
v 5.04631519 3.28599119 1.45665026
v 5.03422213 3.25269461 1.44083977
v 5.04067898 3.25316453 1.45490742
v 5.75306892 3.14120030 1.24406290
v 5.75898409 3.17564583 1.24589169
v 5.51903963 3.15883446 1.66880929
v 5.52495384 3.19327974 1.67063808
v 5.76126051 3.14069653 1.21055412
v 5.63315058 3.14932346 1.45486486
v 5.75319624 3.14086485 1.21613872
v 5.76746702 3.17683983 1.21247303
v 5.66539621 3.18428898 1.40980649
v 5.75970793 3.17879033 1.21815228
v 5.76374626 3.16320491 1.19911778
v 5.75865030 3.17949700 1.20249271
v 5.75219345 3.17902732 1.18842494
v 5.75223970 3.14216518 1.20051074
v 5.74655676 3.14620042 1.18668211
v 5.49511385 3.16075063 1.69358981
v 5.49552107 3.16028070 1.68379879
v 5.50131989 3.19689393 1.69550872
v 5.50203323 3.19820595 1.68581235
v 5.48757696 3.18401408 1.70034301
v 5.48827219 3.19986987 1.69320834
v 5.47292662 3.20007014 1.69527423
v 5.48186207 3.16253805 1.69122624
v 5.46728945 3.16724324 1.69353139
v 5.47356939 3.16481972 1.65717685
v 5.71913910 3.14631629 1.21148622
v 5.06700659 3.24670339 1.42976654
v 5.31257677 3.22819972 0.98407578
v 5.26151323 3.20664287 1.55947733
v 5.52470827 3.18681145 1.08179832
v 5.48029613 3.20399189 1.65925658
v 5.72586536 3.18548846 1.21356583
v 5.07373285 3.28587556 1.43184614
v 5.31930208 3.26737213 0.98615551
v 5.26816463 3.24538040 1.56153405
v 5.53135920 3.22554898 1.08385515
v 5.99902916 3.11082697 1.42147386
v 5.76048851 3.15940857 1.27790427
v 5.75547838 3.13080359 1.83289278
v 5.51693726 3.17938495 1.68932319
v 5.63802242 3.13186574 1.75023282
v 5.87012815 3.11282802 1.35814762
v 5.66931200 3.16558552 1.76711798
v 5.90141773 3.14654803 1.37503278
v 5.63541889 3.18566298 1.48087394
v 5.62907982 3.14874554 1.47891402
v 5.88572264 3.13468552 1.63152313
v 5.87938309 3.09776831 1.62956309
v 5.88178253 3.13518023 1.34634721
v 5.98851109 3.09037733 1.41763425
v 5.99481821 3.12711000 1.41958451
v 6.00040436 3.12438655 1.43603134
v 5.99439335 3.08938003 1.43417275
v 5.76231527 3.13644481 1.28149450
v 5.76862192 3.17317772 1.28344488
v 5.75135469 3.17510867 1.28613687
v 5.74534416 3.14010191 1.28427839
v 5.63426161 3.15548229 1.76447380
v 5.74618053 3.11025357 1.82699227
v 5.75248766 3.14698648 1.82894254
v 5.76945829 3.14332938 1.82615876
v 5.76344728 3.10832262 1.82430017
v 5.51998425 3.15632105 1.69085264
v 5.52629137 3.19305396 1.69280291
v 5.52040863 3.19405103 1.67626441
v 5.51439762 3.15904450 1.67440569
v 5.75402117 3.12203097 1.55417347
v 5.52537012 3.15563941 1.66866612
v 5.76272011 3.10730052 1.81151891
v 5.74546385 3.13758707 1.29687178
v 5.98281384 3.08924794 1.43972468
v 5.78582048 3.15630054 1.57133400
v 5.53198862 3.19418311 1.67071235
v 5.76933813 3.14584398 1.81356525
v 5.75208235 3.17613077 1.29891825
v 5.98943186 3.12779164 1.44177091
v 5.63082981 3.17123556 1.47885787
v 5.88521433 3.11942697 1.63196301
v 5.99294376 3.11202741 1.41437125
v 5.99339581 3.09068131 1.41872692
v 5.99930334 3.12508774 1.42055368
v 6.00230169 3.12333798 1.42809546
v 5.99667120 3.09054852 1.42635465
v 5.76951218 3.15753174 1.27989554
v 5.75939083 3.13833904 1.27788758
v 5.76529884 3.17274547 1.27971435
v 5.75705051 3.17328620 1.28048718
v 5.75142002 3.14049673 1.27874637
v 5.74638033 3.13225079 1.83087885
v 5.74950361 3.11068583 1.83072281
v 5.75541115 3.14509201 1.83254957
v 5.76338196 3.14293432 1.83169067
v 5.75775242 3.11014485 1.82994986
v 5.52294970 3.17775536 1.69640291
v 5.51549911 3.15834355 1.68988347
v 5.52140713 3.19274974 1.69171011
v 5.51813078 3.19288278 1.68408239
v 5.51250124 3.16009331 1.68234158
v 5.74075603 3.11092687 1.81952536
v 5.52888632 3.15407658 1.69200873
v 5.64533186 3.13102317 1.73780274
v 5.52906656 3.15429616 1.67960095
v 5.75138283 3.10901856 1.81340563
v 5.97939110 3.09135365 1.41641080
v 5.76752138 3.13450336 1.28889406
v 5.86273623 3.11319113 1.37055230
v 5.75675821 3.13562059 1.29497194
v 5.97907448 3.09034300 1.42877662
v 5.74728155 3.14892769 1.82154286
v 5.53541231 3.19207764 1.69402623
v 5.67700815 3.16516018 1.75489676
v 5.53572750 3.19308805 1.68166053
v 5.75804377 3.14781070 1.81546521
v 5.98591566 3.12935472 1.41842830
v 5.77404594 3.17250419 1.29091167
v 5.89441252 3.14732814 1.38764632
v 5.76341915 3.17441249 1.29703140
v 5.98573542 3.12913513 1.43083608
v 5.74334192 3.17647624 1.29804122
v 5.52702379 3.19421887 1.66345835
v 5.53481150 3.19415188 1.65645659
v 5.74096441 3.17724299 1.30821133
v 5.63367033 3.18480897 1.47988021
v 5.73712444 3.14026093 1.29611850
v 5.52080584 3.15800381 1.66153562
v 5.52829409 3.15619612 1.65444136
v 5.73444700 3.13928723 1.30619633
v 5.62773275 3.15022993 1.47804451
v 5.99399757 3.12542725 1.44890153
v 5.77767849 3.14317012 1.81431854
v 5.78035545 3.14414406 1.80424082
v 5.98650837 3.12723494 1.45599568
v 5.88706923 3.13320136 1.63239253
v 5.98777866 3.08921242 1.44697869
v 5.77146006 3.10695505 1.81239581
v 5.77383757 3.10618830 1.80222571
v 5.97999096 3.08927941 1.45398057
v 5.88113165 3.09862208 1.63055682
v 5.98363972 3.09279323 1.41011834
v 5.98955441 3.12723875 1.41194713
v 5.77152967 3.13599205 1.28245652
v 5.77744436 3.17043757 1.28428519
v 5.99412870 3.08930159 1.42545450
v 5.87600613 3.11326861 1.34852993
v 5.98827076 3.08934569 1.42624843
v 6.00033522 3.12544489 1.42737341
v 5.90582609 3.14540434 1.36462188
v 5.99478292 3.12727070 1.42826200
v 5.99921751 3.11026573 1.43468678
v 5.99675322 3.12610793 1.43802130
v 5.99505711 3.12347293 1.44934285
v 5.99034309 3.08877659 1.43603921
v 5.98942041 3.09064627 1.44760001
v 5.75290966 3.13842869 1.28027320
v 5.75473022 3.13690901 1.28568840
v 5.75911617 3.17457199 1.28219211
v 5.76124191 3.17483401 1.28770196
v 5.74891520 3.16124296 1.28403831
v 5.75169945 3.17601633 1.29053164
v 5.74194622 3.17502189 1.29700410
v 5.74528933 3.13868451 1.28854966
v 5.73631001 3.14219522 1.29526114
v 5.73735809 3.11299372 1.82615185
v 5.74327230 3.14743924 1.82798052
v 5.52524805 3.15619254 1.69849002
v 5.53116226 3.19063783 1.70031869
v 5.75568581 3.10885906 1.82824504
v 5.63245678 3.13324499 1.75994706
v 5.75356007 3.10859704 1.82273519
v 5.76189232 3.14500260 1.83016396
v 5.66227627 3.16538048 1.77603912
v 5.76007223 3.14652228 1.82474875
v 5.76710892 3.12930369 1.82677650
v 5.76951313 3.14474678 1.82188749
v 5.77849245 3.14123583 1.81517589
v 5.76310349 3.10741496 1.81990540
v 5.77285624 3.10840940 1.81343293
v 5.51446724 3.15798616 1.68306363
v 5.52001953 3.15616035 1.68217504
v 5.52067327 3.19412971 1.68498266
v 5.52653170 3.19408560 1.68418872
v 5.51680708 3.18028069 1.67612815
v 5.52445889 3.19465470 1.67439783
v 5.52538157 3.19278502 1.66283703
v 5.51804876 3.15732312 1.67241585
v 5.51974487 3.15995836 1.66109419
v 5.53955984 3.15325809 1.66152096
v 5.76212883 3.10792923 1.79547787
v 5.74594784 3.13632989 1.31287944
v 5.96851635 3.09100080 1.44683647
v 5.63480377 3.14663792 1.48240459
v 5.87334776 3.09805584 1.62597585
v 5.54628563 3.19243026 1.66360068
v 5.76885509 3.14710140 1.79755759
v 5.75267363 3.17550206 1.31495917
v 5.97524261 3.13017297 1.44891620
v 5.64145517 3.18537545 1.48446119
v 5.87999868 3.13679338 1.62803245
v 6.18018723 3.03856397 2.19667149
v 6.42229605 3.01171446 1.91937089
v 5.72126961 3.13915348 1.78625429
v 5.96337891 3.11230397 1.50895357
v 5.84919882 3.10060596 1.65603900
v 6.28655100 3.00474358 2.04716969
v 5.83084440 3.14211679 1.68673658
v 6.26819611 3.04625416 2.07786703
v 6.20139360 3.07641530 1.70812547
v 6.19505501 3.03949809 1.70616543
v 5.94734669 3.10458875 1.99909973
v 5.94100761 3.06767178 1.99713969
v 6.30502176 3.02454448 2.06137896
v 6.18156624 3.01636434 2.18731308
v 6.18787384 3.05309725 2.18926334
v 6.16540289 3.05587101 2.19290924
v 6.15939236 3.02086449 2.19105053
v 6.41114616 2.99090409 1.92436326
v 6.41745377 3.02763724 1.92631340
v 6.41817808 3.02783871 1.90339220
v 6.41216660 2.99283195 1.90153372
v 5.83862162 3.12677383 1.64427030
v 5.72494745 3.11644983 1.77895176
v 5.73125505 3.15318274 1.78090191
v 5.73023462 3.15125489 1.80373144
v 5.72422314 3.11624813 1.80187297
v 5.95452738 3.09098983 1.51600182
v 5.96083450 3.12772274 1.51795208
v 5.98300886 3.12322259 1.51421475
v 5.97699833 3.08821583 1.51235604
v 6.06782055 3.05235887 1.85158753
v 5.98098230 3.08486462 1.52820694
v 5.74008226 3.11158013 1.80412281
v 6.39570045 2.99396324 1.89909589
v 6.15480042 3.02067852 2.17501187
v 6.04916668 3.09454656 1.88278556
v 5.98760080 3.12340832 1.53025317
v 5.74670076 3.15012383 1.80616927
v 6.40231848 3.03250670 1.90114236
v 6.16141891 3.05922246 2.17705822
v 6.20091581 3.06134272 1.70496535
v 5.94272709 3.08997536 2.00068378
v 6.19065571 3.03687692 2.19041610
v 6.17927504 3.01764464 2.19322920
v 6.18518305 3.05205083 2.19505596
v 6.17465162 3.05290222 2.19735980
v 6.16902113 3.02011299 2.19561911
v 6.41742992 3.01172805 1.93067968
v 6.41677952 2.99130559 1.92120206
v 6.42268753 3.02571177 1.92302871
v 6.42357111 3.02529764 1.91225874
v 6.41794062 2.99250793 1.91051793
v 5.72606182 3.13871050 1.77492273
v 5.71971369 3.11837530 1.78223646
v 5.72562170 3.15278149 1.78406310
v 5.72446060 3.15157890 1.79474723
v 5.71883011 3.11878943 1.79300642
v 5.95283604 3.11356163 1.51518631
v 5.95721865 3.09203601 1.51020920
v 5.96312666 3.12644243 1.51203585
v 5.97338009 3.12397408 1.50964618
v 5.96774960 3.09118485 1.50790524
v 5.73559141 3.11424637 1.77370477
v 5.95062971 3.09039879 1.52740979
v 5.86300898 3.09733057 1.66841328
v 5.96617317 3.08715558 1.53053665
v 5.74053144 3.11217880 1.78897643
v 6.18524599 3.01568723 2.17583799
v 6.40028477 2.99183989 1.92954278
v 6.27265930 3.00753999 2.03476954
v 6.39520836 2.99311614 1.91422927
v 6.16956711 3.01813936 2.17266893
v 5.74211645 3.15224719 1.77572238
v 5.95715523 3.12839985 1.52942729
v 5.84442711 3.13935447 1.69949067
v 5.97283411 3.12594771 1.53259623
v 5.74719286 3.15097094 1.79103589
v 6.19177103 3.05368829 2.17785549
v 6.40680981 3.02984071 1.93156040
v 6.25407743 3.04956388 2.06584692
v 6.40186977 3.03190804 1.91628873
v 6.17622805 3.05693150 2.17472863
v 6.40531397 3.03137326 1.89016652
v 5.99770927 3.12071586 1.52563906
v 6.00484228 3.11977458 1.53722095
v 6.39329243 3.03463054 1.88461828
v 6.20276451 3.07507205 1.70626390
v 6.39909601 2.99515820 1.88824368
v 5.99149084 3.08450055 1.52371633
v 5.99832487 3.08181858 1.53520584
v 6.38677597 2.99667478 1.88260317
v 6.19682693 3.04049301 1.70442808
v 6.15091038 3.05958652 2.18154883
v 5.74330568 3.14892864 1.81702149
v 5.75562525 3.14741230 1.82266200
v 6.14407635 3.06226826 2.17005920
v 5.94557476 3.10359406 2.00083709
v 6.14469194 3.02337122 2.17962599
v 5.73708725 3.11271358 1.81509876
v 5.74910879 3.10945630 1.82064688
v 6.13755894 3.02431250 2.16804409
v 5.93963671 3.06901503 1.99900138
v 6.19263458 3.01589918 2.18251610
v 6.19854879 3.05034471 2.18434501
v 6.40791750 2.99202466 1.93594086
v 6.41383219 3.02646995 1.93776965
v 6.17033148 3.01830745 2.19278479
v 6.29748917 3.00329018 2.05686045
v 6.17055893 3.01775503 2.18513036
v 6.17653656 3.05445075 2.19470382
v 6.27999687 3.04285073 2.08611584
v 6.17707109 3.05568004 2.18714404
v 6.16346741 3.04175615 2.19387555
v 6.16413832 3.05757427 2.18752527
v 6.14960527 3.05797958 2.18309426
v 6.15772772 3.02024245 2.18554330
v 6.14396811 3.02515268 2.18135142
v 6.41515827 2.99115634 1.91237128
v 6.40759277 2.99146843 1.91364264
v 6.42136383 3.02729988 1.91429019
v 6.41410446 3.02939343 1.91565621
v 6.41751337 3.01358271 1.90290248
v 6.41285753 3.02999139 1.90265346
v 6.40650225 3.02948999 1.88885617
v 6.40644789 2.99265981 1.90067136
v 6.40086508 2.99666357 1.88711333
v 5.72856903 3.11761689 1.76749551
v 5.73448420 3.15206242 1.76932430
v 5.94385242 3.09374237 1.52092028
v 5.94976664 3.12818789 1.52274895
v 5.72103739 3.11678720 1.79097497
v 5.83857298 3.10387921 1.64644480
v 5.72829676 3.11469364 1.78960896
v 5.72724295 3.15293074 1.79289389
v 5.82108068 3.14343977 1.67570019
v 5.73480844 3.15261865 1.79162252
v 5.72610903 3.13761973 1.80274045
v 5.73595381 3.15142703 1.80459380
v 5.74153614 3.14742351 1.81815183
v 5.72954416 3.11409545 1.80261171
v 5.73589897 3.11459684 1.81640899
v 5.96586418 3.08963633 1.51056135
v 5.96533060 3.08840704 1.51812112
v 5.97207022 3.12577963 1.51248026
v 5.97184277 3.12633204 1.52013481
v 5.98015594 3.10944629 1.51176739
v 5.98467350 3.12384439 1.51972175
v 5.99843311 3.11893415 1.52391386
v 5.97826338 3.08651280 1.51773977
v 5.99279594 3.08610725 1.52217102
v 5.98634005 3.08255196 1.54832935
v 5.76044178 3.10760379 1.80706334
v 6.37523317 2.99731135 1.89612210
v 6.14933491 3.02236271 2.15485597
v 6.18893051 3.03924990 1.71295226
v 5.94681883 3.06609964 1.99025631
v 5.99306631 3.12172413 1.55040920
v 5.76716805 3.14677572 1.80914307
v 6.38195944 3.03648329 1.89820182
v 6.15606070 3.06153512 2.15693569
v 6.19558239 3.07798743 1.71500885
v 5.95347023 3.10483694 1.99231291
v 6.30376816 0.50595611 3.72304726
v 6.44777822 1.95323420 2.74892735
v 5.29931307 0.64204580 3.77674532
v 5.44332266 2.08932376 2.80262542
v 5.39218235 1.34985423 3.26924992
v 6.34943485 1.22015977 3.21807504
v 5.38196659 1.22187448 3.40249658
v 6.33921909 1.09218013 3.35132194
v 5.95091248 2.06532550 2.76445389
v 5.94647408 2.04483390 2.73335242
v 5.79980183 0.54668212 3.78660774
v 5.79536247 0.52619052 3.75550628
v 6.38398790 1.22861075 3.23573923
v 6.30236244 0.53166968 3.67964625
v 6.30677986 0.55205899 3.71059227
v 6.27630186 0.48543212 3.75778317
v 6.27209282 0.46600085 3.72829151
v 6.43891954 1.90404916 2.75593853
v 6.44333601 1.92443848 2.78688478
v 6.42665577 1.99646842 2.74074960
v 6.42244673 1.97703719 2.71125770
v 5.36315727 1.36691916 3.29031277
v 5.30293894 0.66707760 3.73307538
v 5.30735588 0.68746698 3.76402140
v 5.32382917 0.61447889 3.80870223
v 5.31961966 0.59504765 3.77921057
v 5.43949556 2.03945708 2.80936766
v 5.44391298 2.05984640 2.84031367
v 5.47418261 2.12551522 2.79166865
v 5.46997309 2.10608411 2.76217675
v 5.87077045 1.28483176 3.24339652
v 5.48860931 2.06657767 2.78337955
v 5.34531832 0.62652630 3.75263548
v 6.39632273 1.94359529 2.73485327
v 6.25303221 0.50354385 3.70410919
v 5.86038828 1.15476549 3.37881541
v 5.49324322 2.08797216 2.81585097
v 5.34995317 0.64792073 3.78510666
v 6.40095758 1.96498978 2.76732469
v 6.25766611 0.52493829 3.73658061
v 5.95035982 2.06946659 2.74361658
v 5.79678535 0.52606356 3.78243542
v 6.31451511 0.55083060 3.69168377
v 6.30336523 0.50819105 3.69639826
v 6.30750227 0.52728885 3.72538400
v 6.29375601 0.49411237 3.74821424
v 6.28981256 0.47591197 3.72059059
v 6.44940329 1.90643811 2.77926493
v 6.44463634 1.92794681 2.74080276
v 6.44877338 1.94704473 2.76978850
v 6.44181633 1.98210239 2.74669266
v 6.43787384 1.96390200 2.71906877
v 5.29763651 0.68860346 3.74604607
v 5.29750204 0.64447141 3.75017142
v 5.30163908 0.66356927 3.77915740
v 5.30840206 0.62761414 3.80089140
v 5.30445910 0.60941368 3.77326727
v 5.43252468 2.04421115 2.83362675
v 5.43877268 2.06422734 2.79457593
v 5.44291019 2.08332515 2.82356191
v 5.45646286 2.11560416 2.79936934
v 5.45251942 2.09740376 2.77174568
v 5.31480932 0.70915580 3.70288038
v 5.44271660 1.99460983 2.83767939
v 5.42246962 1.34561384 3.26742721
v 5.46838808 2.02302599 2.81480837
v 5.33417368 0.67418593 3.72267246
v 6.29898977 0.57581306 3.65026617
v 6.42689705 1.86126709 2.78506517
v 6.31908989 1.22413421 3.21949410
v 6.40743732 1.89579785 2.76460695
v 6.27322245 0.54695791 3.67247105
v 5.31937838 0.73024905 3.73489475
v 5.44728613 2.01570296 2.86969376
v 5.41212702 1.21605122 3.40232205
v 5.47305298 2.04455829 2.84748912
v 5.33883810 0.69571829 3.75535297
v 6.30355835 0.59690624 3.68228054
v 6.43146658 1.88236034 2.81707954
v 6.30874777 1.09457171 3.35438871
v 6.41210175 1.91733015 2.79728746
v 6.27788734 0.56849027 3.70515156
v 6.39704895 2.00575900 2.73959422
v 5.50490475 2.12663221 2.78728819
v 5.52442837 2.10877061 2.79733658
v 6.37464809 1.99357772 2.75188375
v 5.95170641 2.07406831 2.75714755
v 6.39269352 1.98565710 2.70908451
v 5.50054979 2.10653019 2.75677848
v 5.51986456 2.08770275 2.76536036
v 6.37008476 1.97250962 2.71990752
v 5.94754887 2.05487442 2.72801638
v 6.24572515 0.48498595 3.76318169
v 5.35358191 0.60585898 3.81087542
v 5.37619114 0.61900651 3.80005240
v 6.22641087 0.50381351 3.75459957
v 5.79872656 0.53664166 3.79194379
v 6.24137163 0.46488398 3.73267174
v 5.34922695 0.58575708 3.78036571
v 5.37162733 0.59793842 3.76807618
v 6.22184706 0.48274547 3.72262335
v 5.79456902 0.51744795 3.76281238
v 6.31490088 0.57393152 3.65141320
v 6.31904316 0.59305125 3.68043208
v 6.44295406 1.86084902 2.78522754
v 6.44709539 1.87996852 2.81424642
v 6.28984594 0.48734659 3.71099710
v 6.37314367 1.21746755 3.21758032
v 6.28436232 0.51118737 3.69498014
v 6.29419184 0.50740868 3.74144650
v 6.36340761 1.09550071 3.34456682
v 6.28892183 0.53223854 3.72693062
v 6.27664232 0.47356647 3.74846411
v 6.27000475 0.49923396 3.75101280
v 6.24528837 0.47652483 3.76674271
v 6.26551533 0.47851226 3.71956229
v 6.24134111 0.45830357 3.73908758
v 6.43547249 1.95087194 2.72594166
v 6.42535210 1.92812729 2.74128008
v 6.43981838 1.97093403 2.75639105
v 6.42991304 1.94917846 2.77323079
v 6.42775249 1.99220324 2.72631478
v 6.41794634 1.98602831 2.75029564
v 6.39809418 2.01220179 2.73312426
v 6.41345787 1.96530652 2.71884513
v 6.39414597 1.99398065 2.70546889
v 5.29918003 0.71154749 3.70571351
v 5.30332184 0.73066723 3.73473263
v 5.42723274 1.99846494 2.83952785
v 5.43137503 2.01758456 2.86854672
v 5.30645704 0.62058210 3.76356888
v 5.36869335 1.35355663 3.27127790
v 5.31636286 0.64233768 3.74672937
v 5.31080341 0.64064419 3.79401827
v 5.35895729 1.23158967 3.39826465
v 5.32092333 0.66338885 3.77867985
v 5.31937838 0.60326236 3.79963946
v 5.33281851 0.62620962 3.80111456
v 5.35212898 0.59753543 3.81449103
v 5.32832909 0.60548788 3.76966429
v 5.34818125 0.57931423 3.78683567
v 5.45208311 2.08410740 2.77851343
v 5.45735359 2.05927753 2.79302931
v 5.45642900 2.10416961 2.80896282
v 5.46191406 2.08032870 2.82497978
v 5.47048903 2.12189913 2.77749014
v 5.48075962 2.11300397 2.80039763
v 5.50493431 2.13321257 2.78087258
v 5.47627068 2.09228230 2.76894712
v 5.50098658 2.11499143 2.75321722
v 5.51237249 2.01773596 2.81178284
v 5.37800550 0.66736072 3.72068048
v 6.36356020 1.90241206 2.76627851
v 6.22919273 0.55203676 3.67517591
v 5.94281435 2.00865459 2.75659704
v 5.79880333 0.56135952 3.73072815
v 5.51708269 2.03947926 2.84478402
v 5.38271570 0.68910402 3.75368142
v 6.36827040 1.92415535 2.79927969
v 6.23390293 0.57378006 3.70817709
v 5.94747210 2.03015661 2.78923178
v 5.80346107 0.58286160 3.76336288
v 3.58861923 3.89287519 2.27111101
v 3.05642891 2.21153784 2.32511425
v 3.57894826 3.89099097 2.11714506
v 3.04675817 2.20965362 2.17114830
v 3.29108119 3.05737162 2.14906049
v 3.30029774 3.05916739 2.29579115
v 3.38349247 3.21910524 2.14127684
v 3.39270878 3.22090077 2.28800750
v 3.05303717 2.16450429 2.24860477
v 3.01735258 2.17586708 2.25070715
v 3.61147022 3.92874885 2.19193864
v 3.57578540 3.94011164 2.19404078
v 3.32282066 3.05215263 2.29935503
v 3.55379391 3.85606122 2.27336192
v 3.58930016 3.84475541 2.27127004
v 3.61373329 3.92551756 2.26513386
v 3.57989573 3.93629193 2.26712751
v 3.04914522 2.26173520 2.32457042
v 3.08465147 2.25042939 2.32247853
v 3.05809760 2.17011046 2.32151628
v 3.02426004 2.18088531 2.32350969
v 3.31299210 3.05023766 2.14287877
v 3.54417133 3.85418653 2.12016726
v 3.57967806 3.84288073 2.11807513
v 3.60456276 3.92373061 2.11913586
v 3.57072496 3.93450546 2.12112951
v 3.03952265 2.25986052 2.17137575
v 3.07502913 2.24855471 2.16928363
v 3.04892731 2.16832399 2.17551804
v 3.01508975 2.17909861 2.17751169
v 3.29538417 3.05836678 2.22244382
v 3.02664685 2.22091722 2.17971849
v 3.55618024 3.89385939 2.12598491
v 3.03538656 2.22261977 2.31885576
v 3.56491971 3.89556193 2.26512218
v 3.38930225 3.22273707 2.21453309
v 3.06390357 2.20905399 2.17752337
v 3.59343648 3.88199615 2.12379003
v 3.07264280 2.21075654 2.31666064
v 3.60217619 3.88369870 2.26292706
v 3.03413773 2.15469098 2.24991179
v 3.60167503 3.94769883 2.19232202
v 3.57161689 3.83970499 2.27378583
v 3.56365991 3.88322830 2.27290535
v 3.59691715 3.87263870 2.27094603
v 3.60858250 3.91250277 2.26814699
v 3.57688785 3.92259479 2.27001429
v 3.07313585 2.26486325 2.32436848
v 3.04159021 2.23386407 2.32588172
v 3.07484746 2.22327447 2.32392216
v 3.06142163 2.18386936 2.32366943
v 3.02972746 2.19396162 2.32553673
v 3.56182647 3.83779764 2.11791563
v 3.55397582 3.88134146 2.11872339
v 3.58723307 3.87075186 2.11676407
v 3.59909582 3.91065431 2.11710906
v 3.56740141 3.92074656 2.11897612
v 3.06334496 2.26295614 2.16849804
v 3.03190565 2.23197722 2.17169976
v 3.06516266 2.22138762 2.16974020
v 3.05193472 2.18202114 2.17263126
v 3.02024007 2.19211316 2.17449856
v 3.52764988 3.80390453 2.12299323
v 3.05496526 2.31056166 2.17095828
v 3.29114151 3.05750203 2.15372109
v 3.04314637 2.27390742 2.17562222
v 3.53913927 3.84088683 2.12529206
v 3.53712583 3.80575037 2.27385139
v 3.06444073 2.31240773 2.32181644
v 3.29977417 3.05918407 2.29115772
v 3.05218744 2.27566862 2.31956267
v 3.54818034 3.84264827 2.26923251
v 3.56438184 3.79220819 2.12082911
v 3.09169722 2.29886556 2.16879416
v 3.38469577 3.22123623 2.14584112
v 3.08064270 2.26196766 2.17341328
v 3.57663560 3.82894731 2.12308311
v 3.57385802 3.79405427 2.27168751
v 3.10117292 2.30071139 2.31965232
v 3.39332843 3.22291803 2.28327775
v 3.08968377 2.26372910 2.31735349
v 3.58567667 3.83070874 2.26702332
v 3.05660105 2.16421223 2.31703973
v 3.04801154 2.16253877 2.18028903
v 3.05475593 2.18032217 2.18287420
v 3.06294179 2.18191695 2.31319857
v 3.04845357 2.15395403 2.24902177
v 3.02159548 2.17535877 2.31910205
v 3.01300597 2.17368531 2.18235159
v 3.01806808 2.19200444 2.18503571
v 3.02625370 2.19359922 2.31536007
v 3.01502943 2.16459703 2.25099087
v 3.61581707 3.93093061 2.26029420
v 3.60722733 3.92925715 2.12354350
v 3.60256934 3.91101670 2.12728572
v 3.61075521 3.91261148 2.25760984
v 3.61379337 3.94001889 2.19165468
v 3.58081126 3.94207716 2.26235652
v 3.57222176 3.94040370 2.12560582
v 3.56588078 3.92269897 2.12944722
v 3.57406712 3.92429376 2.25977159
v 3.58036923 3.95066190 2.19362402
v 3.53926492 3.80608296 2.27614021
v 3.57256031 3.79548097 2.27417850
v 3.06604171 2.31104016 2.32415986
v 3.09933734 2.30043840 2.32219815
v 3.57076001 3.90889883 2.27041578
v 3.30140424 3.05893135 2.29935670
v 3.56125927 3.88209867 2.27015591
v 3.60569620 3.89777422 2.26835752
v 3.38947415 3.21306634 2.29193878
v 3.59791780 3.87042594 2.26799631
v 3.60167360 3.93422914 2.26615334
v 3.61032629 3.91106391 2.26434851
v 3.61692452 3.94011021 2.26019049
v 3.57424140 3.92255425 2.26647425
v 3.58519411 3.95021367 2.26205969
v 3.03259492 2.20868635 2.32502508
v 3.04022503 2.23600602 2.32302713
v 3.06753111 2.19756198 2.32296681
v 3.07688332 2.22433305 2.32086754
v 3.04324341 2.16999245 2.32281947
v 3.06360483 2.18381953 2.31982613
v 3.05222797 2.15607762 2.31749201
v 3.02751994 2.19530988 2.32195210
v 3.02049780 2.16618109 2.31936145
v 3.52948546 3.80417752 2.12044740
v 3.56278086 3.79357576 2.11848569
v 3.05626297 2.30913496 2.16846704
v 3.08955789 2.29853296 2.16650534
v 3.56129169 3.90705395 2.11967897
v 3.29173350 3.05704737 2.14539123
v 3.55193949 3.88028288 2.12177801
v 3.59622812 3.89592957 2.11762047
v 3.37980342 3.21118236 2.13797331
v 3.58859801 3.86860991 2.11961842
v 3.59245729 3.93243337 2.11942101
v 3.60130310 3.90930605 2.12069345
v 3.60832524 3.93843484 2.12328410
v 3.56521797 3.92079639 2.12281942
v 3.57659459 3.94853830 2.12515354
v 3.02312684 2.20684171 2.17428827
v 3.03090501 2.23418999 2.17464924
v 3.05806303 2.19571733 2.17222977
v 3.06756377 2.22251725 2.17248964
v 3.03402686 2.16819692 2.17608690
v 3.05458164 2.18206167 2.17617130
v 3.04362869 2.15440226 2.18058586
v 3.01849675 2.19355202 2.17829704
v 3.01189804 2.16450572 2.18245530
v 3.04310298 2.27315640 2.18239546
v 3.53966045 3.84191942 2.13200808
v 3.05129862 2.27475309 2.31286836
v 3.54785585 3.84351635 2.26248074
v 3.02959108 2.21759081 2.24942780
v 3.56178761 3.89894795 2.19542384
v 3.08096719 2.26109982 2.18016481
v 3.57752442 3.82986283 2.12977743
v 3.08916235 2.26269650 2.31063747
v 3.58571959 3.83145952 2.26025009
v 3.06703496 2.20566797 2.24722171
v 3.59923172 3.88702512 2.19321775
v 2.75239992 2.25205827 2.18651295
v 3.28263569 3.94655657 2.13941455
v 3.02366686 2.16617608 2.15059018
v 3.55390215 3.86067462 2.10349178
v 3.28535748 3.01515841 2.15081882
v 3.02683854 3.09700489 2.18505335
v 3.22557664 2.84062719 2.11664891
v 2.96705770 2.92247343 2.15088344
v 3.42939067 3.94558191 2.10510826
v 3.43417072 3.94512010 2.14230847
v 2.87300968 2.16752791 2.15452909
v 2.87778950 2.16706586 2.19172931
v 3.01527739 3.10001016 2.16302967
v 2.76961684 2.29541731 2.20712781
v 2.76486063 2.29587674 2.17011356
v 2.74591231 2.21268797 2.17239976
v 2.75044513 2.21224999 2.20767474
v 3.27241206 3.90222311 2.16246676
v 3.26765585 3.90268230 2.12545252
v 3.29950738 3.98183537 2.12322664
v 3.30403996 3.98139739 2.15850163
v 3.29096627 3.01272798 2.12652135
v 3.03952432 2.20996547 2.17138505
v 3.03476810 2.21042490 2.13437080
v 3.00314045 2.13125038 2.13833618
v 3.00767303 2.13081241 2.17361116
v 3.54231977 3.81677127 2.12672400
v 3.53756356 3.81723046 2.08970976
v 3.55673504 3.90039778 2.08916283
v 3.56126761 3.89995980 2.12443781
v 3.15613914 3.05607772 2.16825414
v 3.54244947 3.86029625 2.12817526
v 3.01486135 2.17425895 2.17503834
v 3.29730964 3.93790698 2.16063809
v 2.76972151 2.25186944 2.20750141
v 3.09538341 2.87870097 2.13352728
v 3.53745890 3.86077833 2.08933640
v 3.00987053 2.17474079 2.13619947
v 3.29231882 3.93838882 2.12179923
v 2.76473093 2.25235152 2.16866255
v 3.43584800 3.95989037 2.11966228
v 2.87039566 2.15284777 2.16988873
v 2.76754284 2.30625129 2.18545985
v 2.75991797 2.26797271 2.20684171
v 2.75546312 2.26840305 2.17217183
v 2.74583769 2.22757125 2.17372990
v 2.75008345 2.22716093 2.20677066
v 3.26419377 3.89342022 2.14134455
v 3.28007054 3.93024731 2.16063905
v 3.27561545 3.93067765 2.12596917
v 3.29098892 3.96973562 2.12530661
v 3.29523468 3.96932554 2.15834737
v 3.04216433 2.21930718 2.14909267
v 3.03156495 2.18197036 2.17086840
v 3.02710986 2.18240047 2.13619876
v 3.01194572 2.14332223 2.13849020
v 3.01619124 2.14291191 2.17153096
v 3.53881502 3.80647588 2.10497761
v 3.55171728 3.84424472 2.12466574
v 3.54726243 3.84467506 2.08999610
v 3.55709696 3.88548684 2.09006691
v 3.56134248 3.88507652 2.12310767
v 3.05347157 2.26149607 2.17088223
v 3.52442002 3.76652813 2.12905002
v 3.27720118 3.01774764 2.15214443
v 3.52998829 3.80555892 2.12922406
v 3.03581738 2.22631383 2.17311907
v 2.78768063 2.34564471 2.20607972
v 3.25862932 3.85067654 2.16424751
v 3.03505707 3.09440970 2.18421054
v 3.27638578 3.88584876 2.16280770
v 2.78221488 2.30660343 2.20670271
v 3.04855108 2.26197124 2.13259006
v 3.51950002 3.76700306 2.09075785
v 3.21668100 2.84105754 2.11755180
v 3.52496576 3.80604434 2.09013510
v 3.03079438 2.22679901 2.13402987
v 2.78276038 2.34611988 2.16778755
v 3.25370860 3.85115194 2.12595558
v 2.97453642 2.91771984 2.14961815
v 3.27136278 3.88633418 2.12371874
v 2.77719212 2.30708885 2.16761351
v 3.30935907 3.98496389 2.12138057
v 3.55029416 3.90868449 2.08947444
v 3.53884006 3.89233470 2.08985186
v 3.30922699 3.96502924 2.12025857
v 3.43298316 3.95656276 2.10598087
v 3.31404805 3.98451066 2.15787315
v 3.55498338 3.90823150 2.12596703
v 3.54375434 3.89186001 2.12809825
v 3.31414151 3.96455479 2.15850496
v 3.43746066 3.95613050 2.14082479
v 2.75219679 2.20441628 2.17087078
v 2.99313235 2.12813687 2.13896465
v 2.99303913 2.14809299 2.13833261
v 2.76342583 2.22078776 2.16873932
v 2.86971974 2.15651751 2.15601301
v 2.75688624 2.20396352 2.20736313
v 2.99782157 2.12768412 2.17545700
v 2.99795365 2.14761829 2.17657900
v 2.76834035 2.22031307 2.20698595
v 2.87419724 2.15608501 2.19085670
v 2.78292322 2.34615874 2.20487618
v 2.77846336 2.34658957 2.17016673
v 3.25440788 3.85290384 2.16299653
v 3.24994802 3.85333467 2.12828708
v 2.75504708 2.24137807 2.20802712
v 3.02034760 3.09903383 2.18498039
v 2.76577449 2.26798058 2.20789170
v 2.75036764 2.24182987 2.17160702
v 2.96337509 2.93270230 2.15241575
v 2.76086402 2.26845479 2.16967583
v 2.74567890 2.20826912 2.18666172
v 2.75226688 2.22624040 2.17056060
v 2.74954915 2.19571376 2.17283845
v 2.75710058 2.22577357 2.20817828
v 2.75379968 2.19530320 2.20591664
v 3.29123545 3.95489860 2.16040015
v 3.28489542 3.92695808 2.16178083
v 3.28655553 3.95535088 2.12397981
v 3.27998447 3.92743254 2.12356496
v 3.30205822 3.98631525 2.13724113
v 3.29697990 3.96700501 2.12217617
v 3.31217122 3.99371076 2.12286329
v 3.30181384 3.96653795 2.15979385
v 3.31642151 3.99330044 2.15594149
v 3.05723214 2.25931334 2.16855049
v 3.05277252 2.25974417 2.13384128
v 3.52871704 3.76605821 2.12667084
v 3.52425694 3.76648903 2.09196138
v 3.02062488 2.15729690 2.17285776
v 3.29161286 3.01315212 2.14905787
v 3.02719545 2.18521547 2.17327285
v 3.01594496 2.15774918 2.13643742
v 3.23464012 2.84682059 2.11649323
v 3.02228498 2.18568993 2.13505697
v 3.00420094 2.12642193 2.15242672
v 3.00536680 2.14610982 2.13704371
v 2.99075890 2.11934757 2.14089608
v 3.01020026 2.14564276 2.17466140
v 2.99500918 2.11893702 2.17397428
v 3.55681276 3.87081790 2.12523079
v 3.54631615 3.84419298 2.12716150
v 3.55213284 3.87126994 2.08881044
v 3.54140568 3.84466720 2.08894587
v 3.56058002 3.90446782 2.10300612
v 3.55007958 3.88687444 2.08865929
v 3.55338073 3.91734481 2.09092093
v 3.55491352 3.88640738 2.12627697
v 3.55763102 3.91693401 2.12399936
v 3.51843023 3.81021142 2.13096189
v 3.02369642 2.22916865 2.17490673
v 3.28855538 3.88298917 2.16140318
v 2.79382205 2.30194616 2.20534801
v 3.42121887 3.90334058 2.14438653
v 2.89097714 2.20882249 2.19148540
v 3.51335835 3.81070161 2.09148932
v 3.01862454 2.22965860 2.13543439
v 3.28348374 3.88347912 2.12193108
v 2.78875017 2.30243635 2.16587591
v 3.41620302 3.90382528 2.10535240
v 2.88596129 2.20930719 2.15245104
v 3.89468694 3.81052685 2.25430250
v 3.33880115 2.09214640 2.31550765
v 3.59843826 3.90708566 2.27462482
v 3.04255223 2.18870521 2.33582997
v 3.32912946 3.04590654 2.32781148
v 3.61145639 2.95388579 2.30844402
v 3.38369560 3.22291255 2.28223753
v 3.66602278 3.13089132 2.26287031
v 3.17586350 2.09787345 2.31190944
v 3.17857742 2.09832811 2.34931707
v 3.75916004 3.90098739 2.24768639
v 3.76187420 3.90144205 2.28509402
v 3.61914229 2.95054674 2.28451109
v 3.88116050 3.76657248 2.27798295
v 3.87845993 3.76612020 2.24076223
v 3.89822817 3.85070252 2.23917961
v 3.90080166 3.85113311 2.27465153
v 3.35404229 2.13712049 2.33602071
v 3.35134172 2.13666821 2.29879975
v 3.31785321 2.05662060 2.30308104
v 3.32042694 2.05705142 2.33855295
v 3.31806374 3.04867959 2.30516481
v 3.58639574 3.86264729 2.29820347
v 3.58369517 3.86219501 2.26098275
v 3.61731052 3.94226408 2.25845051
v 3.61988449 3.94269466 2.29392219
v 3.05927777 2.23319530 2.35624123
v 3.05657721 2.23274302 2.31902051
v 3.03693581 2.14818215 2.32235193
v 3.03950953 2.14861298 2.35782361
v 3.47031617 2.99989986 2.31844783
v 3.05987239 2.18862414 2.35766196
v 3.61298275 3.89842439 2.29676223
v 3.32758856 2.10136533 2.33929682
v 3.88069868 3.81116581 2.27839708
v 3.52577233 3.17979169 2.27213097
v 3.05703878 2.18814969 2.31860614
v 3.61014891 3.89795017 2.25770664
v 3.32475448 2.10089111 2.30024099
v 3.87786531 3.81069136 2.23934150
v 3.17219925 2.08335781 2.32747316
v 3.76500630 3.91586900 2.26220274
v 3.87892962 3.75551128 2.25633287
v 3.89112329 3.79437375 2.27573729
v 3.88859344 3.79395056 2.24087381
v 3.89873242 3.83545423 2.24045777
v 3.90114331 3.83585763 2.27368283
v 3.35825348 2.14597297 2.31366110
v 3.34580803 2.10867119 2.33577847
v 3.34327841 2.10824776 2.30091524
v 3.32720923 2.06873536 2.30338478
v 3.32962012 2.06913900 2.33660960
v 3.57901716 3.85326409 2.27690649
v 3.59445930 3.89106774 2.29608822
v 3.59192944 3.89064431 2.26122499
v 3.60811734 3.93017650 2.26039386
v 3.61052799 3.93058014 2.29361868
v 3.05834079 2.24372578 2.33423495
v 3.04914403 2.20536494 2.35612941
v 3.04661441 2.20494175 2.32126617
v 3.03659415 2.16345787 2.32332063
v 3.03900528 2.16386127 2.35654569
v 3.57199669 3.81031823 2.30052996
v 3.07826567 2.28407454 2.35489154
v 3.33808827 3.04299521 2.32744098
v 3.07277727 2.24428058 2.35617614
v 3.59085417 3.84578347 2.29913378
v 3.86226559 3.71570873 2.28061771
v 3.36853480 2.18946481 2.33497930
v 3.60253239 2.95680285 2.30930018
v 3.34973574 2.15400934 2.33717680
v 3.86781216 3.75551248 2.28013468
v 3.56920266 3.80985069 2.26202416
v 3.07547212 2.28360677 2.31638575
v 3.39332962 3.22219038 2.28130341
v 3.06992507 2.24380302 2.31686878
v 3.58800197 3.84530616 2.25982666
v 3.85947180 3.71524096 2.24211192
v 3.36574101 2.18899727 2.29647350
v 3.65777397 3.13599777 2.26316285
v 3.34688330 2.15353203 2.29786968
v 3.86496043 3.75503492 2.24082732
v 3.30704212 2.05373263 2.30328512
v 3.04391789 2.13949466 2.32133532
v 3.05599165 2.15587759 2.31937361
v 3.30675101 2.07414579 2.30217171
v 3.17234206 2.08673716 2.31349134
v 3.30970478 2.05417848 2.33998132
v 3.04658055 2.13994050 2.35803151
v 3.05878210 2.15634489 2.35783339
v 3.30954146 2.07461286 2.34063148
v 3.17488456 2.08716273 2.34852958
v 3.89115691 3.85937500 2.23897171
v 3.62803268 3.94513702 2.25702214
v 3.62819600 3.92470264 2.25637174
v 3.87895536 3.84297061 2.23916984
v 3.76285315 3.91215277 2.24847388
v 3.89381957 3.85982084 2.27566814
v 3.63069510 3.94558287 2.29371834
v 3.63098669 3.92516971 2.29483175
v 3.88174582 3.84343791 2.27762985
v 3.76539564 3.91257834 2.28351212
v 3.86706734 3.71503949 2.27846622
v 3.86453485 3.71461535 2.24356318
v 3.37277412 2.18705845 2.33288980
v 3.37024188 2.18663454 2.29798675
v 3.89627838 3.82144880 2.27591920
v 3.61834979 2.95160580 2.30704451
v 3.88512778 3.79454374 2.27796268
v 3.89362097 3.82100415 2.23929572
v 3.67035246 3.12029576 2.26361203
v 3.88233948 3.79407716 2.23953366
v 3.90141964 3.85515594 2.25310135
v 3.89123297 3.83703136 2.23866916
v 3.89429379 3.86819506 2.24036312
v 3.89397764 3.83749104 2.27649641
v 3.89670706 3.86859894 2.27362609
v 3.33415222 2.08377790 2.33781147
v 3.34089446 2.11218452 2.33788490
v 3.33149481 2.08333302 2.30118799
v 3.33810616 2.11171770 2.29945588
v 3.31812501 2.05205011 2.31732440
v 3.32016921 2.07173252 2.30154538
v 3.30445433 2.04485679 2.30530667
v 3.32291341 2.07219195 2.33937287
v 3.30686760 2.04526067 2.33856964
v 3.56749582 3.81268096 2.29901671
v 3.56496334 3.81225705 2.26411366
v 3.07320309 2.28469992 2.35344005
v 3.07067013 2.28427601 2.31853724
v 3.60624266 3.91598248 2.29581547
v 3.32210231 3.04816413 2.32736683
v 3.59963155 3.88759780 2.29754758
v 3.60358524 3.91553760 2.25919199
v 3.37410498 3.21685386 2.28393435
v 3.59684300 3.88713098 2.25911856
v 3.61908913 3.94717789 2.27246904
v 3.61482406 3.92712355 2.25763035
v 3.63086987 3.95405483 2.25843382
v 3.61756849 3.92758298 2.29545808
v 3.63328314 3.95445871 2.29169679
v 3.04411650 2.17831135 2.35770774
v 3.05539823 2.20523834 2.35746980
v 3.04145908 2.17786646 2.32108402
v 3.05260968 2.20477176 2.31904078
v 3.03579497 2.14407206 2.33669209
v 3.04376006 2.16182446 2.32050681
v 3.04103065 2.13071656 2.32337737
v 3.04650474 2.16228414 2.35833430
v 3.04344392 2.13112044 2.35664034
v 3.08545303 2.23914838 2.35551214
v 3.60411978 3.84247422 2.29840517
v 3.33649802 2.15732312 2.33829069
v 3.85516453 3.76064920 2.28118372
v 3.19234657 2.14069581 2.34873056
v 3.74823904 3.85909653 2.28752470
v 3.08257318 2.23866630 2.31581974
v 3.60123968 3.84199238 2.25871277
v 3.33361769 2.15684128 2.29859829
v 3.85228419 3.76016736 2.24149132
v 3.18949842 2.14021897 2.30947876
v 3.74539113 3.85861969 2.24827290
f 1 47 44
f 1 44 43
f 1 43 45
f 1 45 46
f 1 46 47
f 2 49 52
f 6 72 70
f 12 102 99
f 11 96 95
f 8 79 81
f 4 62 59
f 4 59 58
f 4 58 60
f 4 60 61
f 4 61 62
f 5 66 65
f 3 54 57
f 7 73 77
f 9 85 86
f 10 92 88
f 12 101 98
f 6 69 68
f 2 50 48
f 8 82 78
f 11 97 93
f 6 71 69
f 12 100 101
f 11 94 97
f 8 80 82
f 2 51 50
f 10 90 89
f 5 63 64
f 3 55 53
f 7 76 74
f 9 87 84
f 10 91 90
f 5 67 63
f 3 56 55
f 7 75 76
f 9 83 87
f 6 68 72
f 2 48 49
f 8 78 79
f 11 93 96
f 12 98 102
f 10 88 91
f 5 65 67
f 3 57 56
f 7 77 75
f 9 86 83
f 5 64 66
f 3 53 54
f 7 74 73
f 9 84 85
f 10 89 92
f 6 70 71
f 12 99 100
f 11 95 94
f 8 81 80
f 2 52 51
f 35 109 116
f 18 105 108
f 19 111 106
f 40 114 112
f 42 117 115
f 34 125 119
f 33 152 156
f 25 137 139
f 36 158 160
f 20 123 120
f 32 143 149
f 23 127 132
f 24 135 128
f 37 147 145
f 41 150 148
f 34 153 155
f 33 140 133
f 25 138 134
f 36 159 157
f 20 122 124
f 17 107 47
f 14 103 44
f 13 104 43
f 15 110 45
f 16 113 46
f 18 118 49
f 35 154 72
f 42 141 102
f 40 162 96
f 19 121 79
f 30 142 62
f 27 129 59
f 22 130 58
f 28 144 60
f 29 146 61
f 32 151 66
f 23 131 54
f 24 136 73
f 37 161 85
f 41 126 92
f 35 116 101
f 18 108 69
f 19 106 50
f 40 112 82
f 42 115 97
f 34 119 71
f 33 156 100
f 25 139 94
f 36 160 80
f 20 120 51
f 32 149 90
f 23 132 63
f 24 128 55
f 37 145 76
f 41 148 87
f 34 155 91
f 33 133 67
f 25 134 56
f 36 157 75
f 20 124 83
f 14 109 68
f 13 105 48
f 15 111 78
f 16 114 93
f 17 117 98
f 21 125 88
f 31 152 65
f 26 137 57
f 38 158 77
f 39 123 86
f 27 143 64
f 22 127 53
f 28 135 74
f 29 147 84
f 30 150 89
f 31 153 70
f 26 140 99
f 38 138 95
f 39 159 81
f 21 122 52
f 14 107 109
f 13 103 105
f 15 104 111
f 16 110 114
f 17 113 117
f 21 118 125
f 31 154 152
f 26 141 137
f 38 162 158
f 39 121 123
f 27 142 143
f 22 129 127
f 28 130 135
f 29 144 147
f 30 146 150
f 31 151 153
f 26 131 140
f 38 136 138
f 39 161 159
f 21 126 122
f 14 44 107
f 13 43 103
f 15 45 104
f 16 46 110
f 17 47 113
f 21 52 118
f 31 70 154
f 26 99 141
f 38 95 162
f 39 81 121
f 27 59 142
f 22 58 129
f 28 60 130
f 29 61 144
f 30 62 146
f 31 65 151
f 26 57 131
f 38 77 136
f 39 86 161
f 21 88 126
f 17 98 116
f 14 68 108
f 13 48 106
f 15 78 112
f 16 93 115
f 18 69 119
f 35 101 156
f 42 97 139
f 40 82 160
f 19 50 120
f 30 89 149
f 27 64 132
f 22 53 128
f 28 74 145
f 29 84 148
f 32 90 155
f 23 63 133
f 24 55 134
f 37 76 157
f 41 87 124
f 35 72 109
f 18 49 105
f 19 79 111
f 40 96 114
f 42 102 117
f 34 91 125
f 33 67 152
f 25 56 137
f 36 75 158
f 20 83 123
f 32 66 143
f 23 54 127
f 24 73 135
f 37 85 147
f 41 92 150
f 34 71 153
f 33 100 140
f 25 94 138
f 36 80 159
f 20 51 122
f 17 116 107
f 14 108 103
f 13 106 104
f 15 112 110
f 16 115 113
f 18 119 118
f 35 156 154
f 42 139 141
f 40 160 162
f 19 120 121
f 30 149 142
f 27 132 129
f 22 128 130
f 28 145 144
f 29 148 146
f 32 155 151
f 23 133 131
f 24 134 136
f 37 157 161
f 41 124 126
f 107 44 47
f 103 43 44
f 104 45 43
f 110 46 45
f 113 47 46
f 118 52 49
f 154 70 72
f 141 99 102
f 162 95 96
f 121 81 79
f 142 59 62
f 129 58 59
f 130 60 58
f 144 61 60
f 146 62 61
f 151 65 66
f 131 57 54
f 136 77 73
f 161 86 85
f 126 88 92
f 116 98 101
f 108 68 69
f 106 48 50
f 112 78 82
f 115 93 97
f 119 69 71
f 156 101 100
f 139 97 94
f 160 82 80
f 120 50 51
f 149 89 90
f 132 64 63
f 128 53 55
f 145 74 76
f 148 84 87
f 155 90 91
f 133 63 67
f 134 55 56
f 157 76 75
f 124 87 83
f 109 72 68
f 105 49 48
f 111 79 78
f 114 96 93
f 117 102 98
f 125 91 88
f 152 67 65
f 137 56 57
f 158 75 77
f 123 83 86
f 143 66 64
f 127 54 53
f 135 73 74
f 147 85 84
f 150 92 89
f 153 71 70
f 140 100 99
f 138 94 95
f 159 80 81
f 122 51 52
f 107 116 109
f 103 108 105
f 104 106 111
f 110 112 114
f 113 115 117
f 118 119 125
f 154 156 152
f 141 139 137
f 162 160 158
f 121 120 123
f 142 149 143
f 129 132 127
f 130 128 135
f 144 145 147
f 146 148 150
f 151 155 153
f 131 133 140
f 136 134 138
f 161 157 159
f 126 124 122
f 163 209 206
f 163 206 205
f 163 205 207
f 163 207 208
f 163 208 209
f 164 211 214
f 168 234 232
f 174 264 261
f 173 258 257
f 170 241 243
f 166 224 221
f 166 221 220
f 166 220 222
f 166 222 223
f 166 223 224
f 167 228 227
f 165 216 219
f 169 235 239
f 171 247 248
f 172 254 250
f 174 263 260
f 168 231 230
f 164 212 210
f 170 244 240
f 173 259 255
f 168 233 231
f 174 262 263
f 173 256 259
f 170 242 244
f 164 213 212
f 172 252 251
f 167 225 226
f 165 217 215
f 169 238 236
f 171 249 246
f 172 253 252
f 167 229 225
f 165 218 217
f 169 237 238
f 171 245 249
f 168 230 234
f 164 210 211
f 170 240 241
f 173 255 258
f 174 260 264
f 172 250 253
f 167 227 229
f 165 219 218
f 169 239 237
f 171 248 245
f 167 226 228
f 165 215 216
f 169 236 235
f 171 246 247
f 172 251 254
f 168 232 233
f 174 261 262
f 173 257 256
f 170 243 242
f 164 214 213
f 197 271 278
f 180 267 270
f 181 273 268
f 202 276 274
f 204 279 277
f 196 287 281
f 195 314 318
f 187 299 301
f 198 320 322
f 182 285 282
f 194 305 311
f 185 289 294
f 186 297 290
f 199 309 307
f 203 312 310
f 196 315 317
f 195 302 295
f 187 300 296
f 198 321 319
f 182 284 286
f 179 269 209
f 176 265 206
f 175 266 205
f 177 272 207
f 178 275 208
f 180 280 211
f 197 316 234
f 204 303 264
f 202 324 258
f 181 283 241
f 192 304 224
f 189 291 221
f 184 292 220
f 190 306 222
f 191 308 223
f 194 313 228
f 185 293 216
f 186 298 235
f 199 323 247
f 203 288 254
f 197 278 263
f 180 270 231
f 181 268 212
f 202 274 244
f 204 277 259
f 196 281 233
f 195 318 262
f 187 301 256
f 198 322 242
f 182 282 213
f 194 311 252
f 185 294 225
f 186 290 217
f 199 307 238
f 203 310 249
f 196 317 253
f 195 295 229
f 187 296 218
f 198 319 237
f 182 286 245
f 176 271 230
f 175 267 210
f 177 273 240
f 178 276 255
f 179 279 260
f 183 287 250
f 193 314 227
f 188 299 219
f 200 320 239
f 201 285 248
f 189 305 226
f 184 289 215
f 190 297 236
f 191 309 246
f 192 312 251
f 193 315 232
f 188 302 261
f 200 300 257
f 201 321 243
f 183 284 214
f 176 269 271
f 175 265 267
f 177 266 273
f 178 272 276
f 179 275 279
f 183 280 287
f 193 316 314
f 188 303 299
f 200 324 320
f 201 283 285
f 189 304 305
f 184 291 289
f 190 292 297
f 191 306 309
f 192 308 312
f 193 313 315
f 188 293 302
f 200 298 300
f 201 323 321
f 183 288 284
f 176 206 269
f 175 205 265
f 177 207 266
f 178 208 272
f 179 209 275
f 183 214 280
f 193 232 316
f 188 261 303
f 200 257 324
f 201 243 283
f 189 221 304
f 184 220 291
f 190 222 292
f 191 223 306
f 192 224 308
f 193 227 313
f 188 219 293
f 200 239 298
f 201 248 323
f 183 250 288
f 179 260 278
f 176 230 270
f 175 210 268
f 177 240 274
f 178 255 277
f 180 231 281
f 197 263 318
f 204 259 301
f 202 244 322
f 181 212 282
f 192 251 311
f 189 226 294
f 184 215 290
f 190 236 307
f 191 246 310
f 194 252 317
f 185 225 295
f 186 217 296
f 199 238 319
f 203 249 286
f 197 234 271
f 180 211 267
f 181 241 273
f 202 258 276
f 204 264 279
f 196 253 287
f 195 229 314
f 187 218 299
f 198 237 320
f 182 245 285
f 194 228 305
f 185 216 289
f 186 235 297
f 199 247 309
f 203 254 312
f 196 233 315
f 195 262 302
f 187 256 300
f 198 242 321
f 182 213 284
f 179 278 269
f 176 270 265
f 175 268 266
f 177 274 272
f 178 277 275
f 180 281 280
f 197 318 316
f 204 301 303
f 202 322 324
f 181 282 283
f 192 311 304
f 189 294 291
f 184 290 292
f 190 307 306
f 191 310 308
f 194 317 313
f 185 295 293
f 186 296 298
f 199 319 323
f 203 286 288
f 269 206 209
f 265 205 206
f 266 207 205
f 272 208 207
f 275 209 208
f 280 214 211
f 316 232 234
f 303 261 264
f 324 257 258
f 283 243 241
f 304 221 224
f 291 220 221
f 292 222 220
f 306 223 222
f 308 224 223
f 313 227 228
f 293 219 216
f 298 239 235
f 323 248 247
f 288 250 254
f 278 260 263
f 270 230 231
f 268 210 212
f 274 240 244
f 277 255 259
f 281 231 233
f 318 263 262
f 301 259 256
f 322 244 242
f 282 212 213
f 311 251 252
f 294 226 225
f 290 215 217
f 307 236 238
f 310 246 249
f 317 252 253
f 295 225 229
f 296 217 218
f 319 238 237
f 286 249 245
f 271 234 230
f 267 211 210
f 273 241 240
f 276 258 255
f 279 264 260
f 287 253 250
f 314 229 227
f 299 218 219
f 320 237 239
f 285 245 248
f 305 228 226
f 289 216 215
f 297 235 236
f 309 247 246
f 312 254 251
f 315 233 232
f 302 262 261
f 300 256 257
f 321 242 243
f 284 213 214
f 269 278 271
f 265 270 267
f 266 268 273
f 272 274 276
f 275 277 279
f 280 281 287
f 316 318 314
f 303 301 299
f 324 322 320
f 283 282 285
f 304 311 305
f 291 294 289
f 292 290 297
f 306 307 309
f 308 310 312
f 313 317 315
f 293 295 302
f 298 296 300
f 323 319 321
f 288 286 284
f 325 371 368
f 325 368 367
f 325 367 369
f 325 369 370
f 325 370 371
f 326 373 376
f 330 396 394
f 336 426 423
f 335 420 419
f 332 403 405
f 328 386 383
f 328 383 382
f 328 382 384
f 328 384 385
f 328 385 386
f 329 390 389
f 327 378 381
f 331 397 401
f 333 409 410
f 334 416 412
f 336 425 422
f 330 393 392
f 326 374 372
f 332 406 402
f 335 421 417
f 330 395 393
f 336 424 425
f 335 418 421
f 332 404 406
f 326 375 374
f 334 414 413
f 329 387 388
f 327 379 377
f 331 400 398
f 333 411 408
f 334 415 414
f 329 391 387
f 327 380 379
f 331 399 400
f 333 407 411
f 330 392 396
f 326 372 373
f 332 402 403
f 335 417 420
f 336 422 426
f 334 412 415
f 329 389 391
f 327 381 380
f 331 401 399
f 333 410 407
f 329 388 390
f 327 377 378
f 331 398 397
f 333 408 409
f 334 413 416
f 330 394 395
f 336 423 424
f 335 419 418
f 332 405 404
f 326 376 375
f 359 433 440
f 342 429 432
f 343 435 430
f 364 438 436
f 366 441 439
f 358 449 443
f 357 476 480
f 349 461 463
f 360 482 484
f 344 447 444
f 356 467 473
f 347 451 456
f 348 459 452
f 361 471 469
f 365 474 472
f 358 477 479
f 357 464 457
f 349 462 458
f 360 483 481
f 344 446 448
f 341 431 371
f 338 427 368
f 337 428 367
f 339 434 369
f 340 437 370
f 342 442 373
f 359 478 396
f 366 465 426
f 364 486 420
f 343 445 403
f 354 466 386
f 351 453 383
f 346 454 382
f 352 468 384
f 353 470 385
f 356 475 390
f 347 455 378
f 348 460 397
f 361 485 409
f 365 450 416
f 359 440 425
f 342 432 393
f 343 430 374
f 364 436 406
f 366 439 421
f 358 443 395
f 357 480 424
f 349 463 418
f 360 484 404
f 344 444 375
f 356 473 414
f 347 456 387
f 348 452 379
f 361 469 400
f 365 472 411
f 358 479 415
f 357 457 391
f 349 458 380
f 360 481 399
f 344 448 407
f 338 433 392
f 337 429 372
f 339 435 402
f 340 438 417
f 341 441 422
f 345 449 412
f 355 476 389
f 350 461 381
f 362 482 401
f 363 447 410
f 351 467 388
f 346 451 377
f 352 459 398
f 353 471 408
f 354 474 413
f 355 477 394
f 350 464 423
f 362 462 419
f 363 483 405
f 345 446 376
f 338 431 433
f 337 427 429
f 339 428 435
f 340 434 438
f 341 437 441
f 345 442 449
f 355 478 476
f 350 465 461
f 362 486 482
f 363 445 447
f 351 466 467
f 346 453 451
f 352 454 459
f 353 468 471
f 354 470 474
f 355 475 477
f 350 455 464
f 362 460 462
f 363 485 483
f 345 450 446
f 338 368 431
f 337 367 427
f 339 369 428
f 340 370 434
f 341 371 437
f 345 376 442
f 355 394 478
f 350 423 465
f 362 419 486
f 363 405 445
f 351 383 466
f 346 382 453
f 352 384 454
f 353 385 468
f 354 386 470
f 355 389 475
f 350 381 455
f 362 401 460
f 363 410 485
f 345 412 450
f 341 422 440
f 338 392 432
f 337 372 430
f 339 402 436
f 340 417 439
f 342 393 443
f 359 425 480
f 366 421 463
f 364 406 484
f 343 374 444
f 354 413 473
f 351 388 456
f 346 377 452
f 352 398 469
f 353 408 472
f 356 414 479
f 347 387 457
f 348 379 458
f 361 400 481
f 365 411 448
f 359 396 433
f 342 373 429
f 343 403 435
f 364 420 438
f 366 426 441
f 358 415 449
f 357 391 476
f 349 380 461
f 360 399 482
f 344 407 447
f 356 390 467
f 347 378 451
f 348 397 459
f 361 409 471
f 365 416 474
f 358 395 477
f 357 424 464
f 349 418 462
f 360 404 483
f 344 375 446
f 341 440 431
f 338 432 427
f 337 430 428
f 339 436 434
f 340 439 437
f 342 443 442
f 359 480 478
f 366 463 465
f 364 484 486
f 343 444 445
f 354 473 466
f 351 456 453
f 346 452 454
f 352 469 468
f 353 472 470
f 356 479 475
f 347 457 455
f 348 458 460
f 361 481 485
f 365 448 450
f 431 368 371
f 427 367 368
f 428 369 367
f 434 370 369
f 437 371 370
f 442 376 373
f 478 394 396
f 465 423 426
f 486 419 420
f 445 405 403
f 466 383 386
f 453 382 383
f 454 384 382
f 468 385 384
f 470 386 385
f 475 389 390
f 455 381 378
f 460 401 397
f 485 410 409
f 450 412 416
f 440 422 425
f 432 392 393
f 430 372 374
f 436 402 406
f 439 417 421
f 443 393 395
f 480 425 424
f 463 421 418
f 484 406 404
f 444 374 375
f 473 413 414
f 456 388 387
f 452 377 379
f 469 398 400
f 472 408 411
f 479 414 415
f 457 387 391
f 458 379 380
f 481 400 399
f 448 411 407
f 433 396 392
f 429 373 372
f 435 403 402
f 438 420 417
f 441 426 422
f 449 415 412
f 476 391 389
f 461 380 381
f 482 399 401
f 447 407 410
f 467 390 388
f 451 378 377
f 459 397 398
f 471 409 408
f 474 416 413
f 477 395 394
f 464 424 423
f 462 418 419
f 483 404 405
f 446 375 376
f 431 440 433
f 427 432 429
f 428 430 435
f 434 436 438
f 437 439 441
f 442 443 449
f 478 480 476
f 465 463 461
f 486 484 482
f 445 444 447
f 466 473 467
f 453 456 451
f 454 452 459
f 468 469 471
f 470 472 474
f 475 479 477
f 455 457 464
f 460 458 462
f 485 481 483
f 450 448 446
f 487 533 530
f 487 530 529
f 487 529 531
f 487 531 532
f 487 532 533
f 488 535 538
f 492 558 556
f 498 588 585
f 497 582 581
f 494 565 567
f 490 548 545
f 490 545 544
f 490 544 546
f 490 546 547
f 490 547 548
f 491 552 551
f 489 540 543
f 493 559 563
f 495 571 572
f 496 578 574
f 498 587 584
f 492 555 554
f 488 536 534
f 494 568 564
f 497 583 579
f 492 557 555
f 498 586 587
f 497 580 583
f 494 566 568
f 488 537 536
f 496 576 575
f 491 549 550
f 489 541 539
f 493 562 560
f 495 573 570
f 496 577 576
f 491 553 549
f 489 542 541
f 493 561 562
f 495 569 573
f 492 554 558
f 488 534 535
f 494 564 565
f 497 579 582
f 498 584 588
f 496 574 577
f 491 551 553
f 489 543 542
f 493 563 561
f 495 572 569
f 491 550 552
f 489 539 540
f 493 560 559
f 495 570 571
f 496 575 578
f 492 556 557
f 498 585 586
f 497 581 580
f 494 567 566
f 488 538 537
f 521 595 602
f 504 591 594
f 505 597 592
f 526 600 598
f 528 603 601
f 520 611 605
f 519 638 642
f 511 623 625
f 522 644 646
f 506 609 606
f 518 629 635
f 509 613 618
f 510 621 614
f 523 633 631
f 527 636 634
f 520 639 641
f 519 626 619
f 511 624 620
f 522 645 643
f 506 608 610
f 503 593 533
f 500 589 530
f 499 590 529
f 501 596 531
f 502 599 532
f 504 604 535
f 521 640 558
f 528 627 588
f 526 648 582
f 505 607 565
f 516 628 548
f 513 615 545
f 508 616 544
f 514 630 546
f 515 632 547
f 518 637 552
f 509 617 540
f 510 622 559
f 523 647 571
f 527 612 578
f 521 602 587
f 504 594 555
f 505 592 536
f 526 598 568
f 528 601 583
f 520 605 557
f 519 642 586
f 511 625 580
f 522 646 566
f 506 606 537
f 518 635 576
f 509 618 549
f 510 614 541
f 523 631 562
f 527 634 573
f 520 641 577
f 519 619 553
f 511 620 542
f 522 643 561
f 506 610 569
f 500 595 554
f 499 591 534
f 501 597 564
f 502 600 579
f 503 603 584
f 507 611 574
f 517 638 551
f 512 623 543
f 524 644 563
f 525 609 572
f 513 629 550
f 508 613 539
f 514 621 560
f 515 633 570
f 516 636 575
f 517 639 556
f 512 626 585
f 524 624 581
f 525 645 567
f 507 608 538
f 500 593 595
f 499 589 591
f 501 590 597
f 502 596 600
f 503 599 603
f 507 604 611
f 517 640 638
f 512 627 623
f 524 648 644
f 525 607 609
f 513 628 629
f 508 615 613
f 514 616 621
f 515 630 633
f 516 632 636
f 517 637 639
f 512 617 626
f 524 622 624
f 525 647 645
f 507 612 608
f 500 530 593
f 499 529 589
f 501 531 590
f 502 532 596
f 503 533 599
f 507 538 604
f 517 556 640
f 512 585 627
f 524 581 648
f 525 567 607
f 513 545 628
f 508 544 615
f 514 546 616
f 515 547 630
f 516 548 632
f 517 551 637
f 512 543 617
f 524 563 622
f 525 572 647
f 507 574 612
f 503 584 602
f 500 554 594
f 499 534 592
f 501 564 598
f 502 579 601
f 504 555 605
f 521 587 642
f 528 583 625
f 526 568 646
f 505 536 606
f 516 575 635
f 513 550 618
f 508 539 614
f 514 560 631
f 515 570 634
f 518 576 641
f 509 549 619
f 510 541 620
f 523 562 643
f 527 573 610
f 521 558 595
f 504 535 591
f 505 565 597
f 526 582 600
f 528 588 603
f 520 577 611
f 519 553 638
f 511 542 623
f 522 561 644
f 506 569 609
f 518 552 629
f 509 540 613
f 510 559 621
f 523 571 633
f 527 578 636
f 520 557 639
f 519 586 626
f 511 580 624
f 522 566 645
f 506 537 608
f 503 602 593
f 500 594 589
f 499 592 590
f 501 598 596
f 502 601 599
f 504 605 604
f 521 642 640
f 528 625 627
f 526 646 648
f 505 606 607
f 516 635 628
f 513 618 615
f 508 614 616
f 514 631 630
f 515 634 632
f 518 641 637
f 509 619 617
f 510 620 622
f 523 643 647
f 527 610 612
f 593 530 533
f 589 529 530
f 590 531 529
f 596 532 531
f 599 533 532
f 604 538 535
f 640 556 558
f 627 585 588
f 648 581 582
f 607 567 565
f 628 545 548
f 615 544 545
f 616 546 544
f 630 547 546
f 632 548 547
f 637 551 552
f 617 543 540
f 622 563 559
f 647 572 571
f 612 574 578
f 602 584 587
f 594 554 555
f 592 534 536
f 598 564 568
f 601 579 583
f 605 555 557
f 642 587 586
f 625 583 580
f 646 568 566
f 606 536 537
f 635 575 576
f 618 550 549
f 614 539 541
f 631 560 562
f 634 570 573
f 641 576 577
f 619 549 553
f 620 541 542
f 643 562 561
f 610 573 569
f 595 558 554
f 591 535 534
f 597 565 564
f 600 582 579
f 603 588 584
f 611 577 574
f 638 553 551
f 623 542 543
f 644 561 563
f 609 569 572
f 629 552 550
f 613 540 539
f 621 559 560
f 633 571 570
f 636 578 575
f 639 557 556
f 626 586 585
f 624 580 581
f 645 566 567
f 608 537 538
f 593 602 595
f 589 594 591
f 590 592 597
f 596 598 600
f 599 601 603
f 604 605 611
f 640 642 638
f 627 625 623
f 648 646 644
f 607 606 609
f 628 635 629
f 615 618 613
f 616 614 621
f 630 631 633
f 632 634 636
f 637 641 639
f 617 619 626
f 622 620 624
f 647 643 645
f 612 610 608
f 649 695 692
f 649 692 691
f 649 691 693
f 649 693 694
f 649 694 695
f 650 697 700
f 654 720 718
f 660 750 747
f 659 744 743
f 656 727 729
f 652 710 707
f 652 707 706
f 652 706 708
f 652 708 709
f 652 709 710
f 653 714 713
f 651 702 705
f 655 721 725
f 657 733 734
f 658 740 736
f 660 749 746
f 654 717 716
f 650 698 696
f 656 730 726
f 659 745 741
f 654 719 717
f 660 748 749
f 659 742 745
f 656 728 730
f 650 699 698
f 658 738 737
f 653 711 712
f 651 703 701
f 655 724 722
f 657 735 732
f 658 739 738
f 653 715 711
f 651 704 703
f 655 723 724
f 657 731 735
f 654 716 720
f 650 696 697
f 656 726 727
f 659 741 744
f 660 746 750
f 658 736 739
f 653 713 715
f 651 705 704
f 655 725 723
f 657 734 731
f 653 712 714
f 651 701 702
f 655 722 721
f 657 732 733
f 658 737 740
f 654 718 719
f 660 747 748
f 659 743 742
f 656 729 728
f 650 700 699
f 683 757 764
f 666 753 756
f 667 759 754
f 688 762 760
f 690 765 763
f 682 773 767
f 681 800 804
f 673 785 787
f 684 806 808
f 668 771 768
f 680 791 797
f 671 775 780
f 672 783 776
f 685 795 793
f 689 798 796
f 682 801 803
f 681 788 781
f 673 786 782
f 684 807 805
f 668 770 772
f 665 755 695
f 662 751 692
f 661 752 691
f 663 758 693
f 664 761 694
f 666 766 697
f 683 802 720
f 690 789 750
f 688 810 744
f 667 769 727
f 678 790 710
f 675 777 707
f 670 778 706
f 676 792 708
f 677 794 709
f 680 799 714
f 671 779 702
f 672 784 721
f 685 809 733
f 689 774 740
f 683 764 749
f 666 756 717
f 667 754 698
f 688 760 730
f 690 763 745
f 682 767 719
f 681 804 748
f 673 787 742
f 684 808 728
f 668 768 699
f 680 797 738
f 671 780 711
f 672 776 703
f 685 793 724
f 689 796 735
f 682 803 739
f 681 781 715
f 673 782 704
f 684 805 723
f 668 772 731
f 662 757 716
f 661 753 696
f 663 759 726
f 664 762 741
f 665 765 746
f 669 773 736
f 679 800 713
f 674 785 705
f 686 806 725
f 687 771 734
f 675 791 712
f 670 775 701
f 676 783 722
f 677 795 732
f 678 798 737
f 679 801 718
f 674 788 747
f 686 786 743
f 687 807 729
f 669 770 700
f 662 755 757
f 661 751 753
f 663 752 759
f 664 758 762
f 665 761 765
f 669 766 773
f 679 802 800
f 674 789 785
f 686 810 806
f 687 769 771
f 675 790 791
f 670 777 775
f 676 778 783
f 677 792 795
f 678 794 798
f 679 799 801
f 674 779 788
f 686 784 786
f 687 809 807
f 669 774 770
f 662 692 755
f 661 691 751
f 663 693 752
f 664 694 758
f 665 695 761
f 669 700 766
f 679 718 802
f 674 747 789
f 686 743 810
f 687 729 769
f 675 707 790
f 670 706 777
f 676 708 778
f 677 709 792
f 678 710 794
f 679 713 799
f 674 705 779
f 686 725 784
f 687 734 809
f 669 736 774
f 665 746 764
f 662 716 756
f 661 696 754
f 663 726 760
f 664 741 763
f 666 717 767
f 683 749 804
f 690 745 787
f 688 730 808
f 667 698 768
f 678 737 797
f 675 712 780
f 670 701 776
f 676 722 793
f 677 732 796
f 680 738 803
f 671 711 781
f 672 703 782
f 685 724 805
f 689 735 772
f 683 720 757
f 666 697 753
f 667 727 759
f 688 744 762
f 690 750 765
f 682 739 773
f 681 715 800
f 673 704 785
f 684 723 806
f 668 731 771
f 680 714 791
f 671 702 775
f 672 721 783
f 685 733 795
f 689 740 798
f 682 719 801
f 681 748 788
f 673 742 786
f 684 728 807
f 668 699 770
f 665 764 755
f 662 756 751
f 661 754 752
f 663 760 758
f 664 763 761
f 666 767 766
f 683 804 802
f 690 787 789
f 688 808 810
f 667 768 769
f 678 797 790
f 675 780 777
f 670 776 778
f 676 793 792
f 677 796 794
f 680 803 799
f 671 781 779
f 672 782 784
f 685 805 809
f 689 772 774
f 755 692 695
f 751 691 692
f 752 693 691
f 758 694 693
f 761 695 694
f 766 700 697
f 802 718 720
f 789 747 750
f 810 743 744
f 769 729 727
f 790 707 710
f 777 706 707
f 778 708 706
f 792 709 708
f 794 710 709
f 799 713 714
f 779 705 702
f 784 725 721
f 809 734 733
f 774 736 740
f 764 746 749
f 756 716 717
f 754 696 698
f 760 726 730
f 763 741 745
f 767 717 719
f 804 749 748
f 787 745 742
f 808 730 728
f 768 698 699
f 797 737 738
f 780 712 711
f 776 701 703
f 793 722 724
f 796 732 735
f 803 738 739
f 781 711 715
f 782 703 704
f 805 724 723
f 772 735 731
f 757 720 716
f 753 697 696
f 759 727 726
f 762 744 741
f 765 750 746
f 773 739 736
f 800 715 713
f 785 704 705
f 806 723 725
f 771 731 734
f 791 714 712
f 775 702 701
f 783 721 722
f 795 733 732
f 798 740 737
f 801 719 718
f 788 748 747
f 786 742 743
f 807 728 729
f 770 699 700
f 755 764 757
f 751 756 753
f 752 754 759
f 758 760 762
f 761 763 765
f 766 767 773
f 802 804 800
f 789 787 785
f 810 808 806
f 769 768 771
f 790 797 791
f 777 780 775
f 778 776 783
f 792 793 795
f 794 796 798
f 799 803 801
f 779 781 788
f 784 782 786
f 809 805 807
f 774 772 770
f 811 857 854
f 811 854 853
f 811 853 855
f 811 855 856
f 811 856 857
f 812 859 862
f 816 882 880
f 822 912 909
f 821 906 905
f 818 889 891
f 814 872 869
f 814 869 868
f 814 868 870
f 814 870 871
f 814 871 872
f 815 876 875
f 813 864 867
f 817 883 887
f 819 895 896
f 820 902 898
f 822 911 908
f 816 879 878
f 812 860 858
f 818 892 888
f 821 907 903
f 816 881 879
f 822 910 911
f 821 904 907
f 818 890 892
f 812 861 860
f 820 900 899
f 815 873 874
f 813 865 863
f 817 886 884
f 819 897 894
f 820 901 900
f 815 877 873
f 813 866 865
f 817 885 886
f 819 893 897
f 816 878 882
f 812 858 859
f 818 888 889
f 821 903 906
f 822 908 912
f 820 898 901
f 815 875 877
f 813 867 866
f 817 887 885
f 819 896 893
f 815 874 876
f 813 863 864
f 817 884 883
f 819 894 895
f 820 899 902
f 816 880 881
f 822 909 910
f 821 905 904
f 818 891 890
f 812 862 861
f 845 919 926
f 828 915 918
f 829 921 916
f 850 924 922
f 852 927 925
f 844 935 929
f 843 962 966
f 835 947 949
f 846 968 970
f 830 933 930
f 842 953 959
f 833 937 942
f 834 945 938
f 847 957 955
f 851 960 958
f 844 963 965
f 843 950 943
f 835 948 944
f 846 969 967
f 830 932 934
f 827 917 857
f 824 913 854
f 823 914 853
f 825 920 855
f 826 923 856
f 828 928 859
f 845 964 882
f 852 951 912
f 850 972 906
f 829 931 889
f 840 952 872
f 837 939 869
f 832 940 868
f 838 954 870
f 839 956 871
f 842 961 876
f 833 941 864
f 834 946 883
f 847 971 895
f 851 936 902
f 845 926 911
f 828 918 879
f 829 916 860
f 850 922 892
f 852 925 907
f 844 929 881
f 843 966 910
f 835 949 904
f 846 970 890
f 830 930 861
f 842 959 900
f 833 942 873
f 834 938 865
f 847 955 886
f 851 958 897
f 844 965 901
f 843 943 877
f 835 944 866
f 846 967 885
f 830 934 893
f 824 919 878
f 823 915 858
f 825 921 888
f 826 924 903
f 827 927 908
f 831 935 898
f 841 962 875
f 836 947 867
f 848 968 887
f 849 933 896
f 837 953 874
f 832 937 863
f 838 945 884
f 839 957 894
f 840 960 899
f 841 963 880
f 836 950 909
f 848 948 905
f 849 969 891
f 831 932 862
f 824 917 919
f 823 913 915
f 825 914 921
f 826 920 924
f 827 923 927
f 831 928 935
f 841 964 962
f 836 951 947
f 848 972 968
f 849 931 933
f 837 952 953
f 832 939 937
f 838 940 945
f 839 954 957
f 840 956 960
f 841 961 963
f 836 941 950
f 848 946 948
f 849 971 969
f 831 936 932
f 824 854 917
f 823 853 913
f 825 855 914
f 826 856 920
f 827 857 923
f 831 862 928
f 841 880 964
f 836 909 951
f 848 905 972
f 849 891 931
f 837 869 952
f 832 868 939
f 838 870 940
f 839 871 954
f 840 872 956
f 841 875 961
f 836 867 941
f 848 887 946
f 849 896 971
f 831 898 936
f 827 908 926
f 824 878 918
f 823 858 916
f 825 888 922
f 826 903 925
f 828 879 929
f 845 911 966
f 852 907 949
f 850 892 970
f 829 860 930
f 840 899 959
f 837 874 942
f 832 863 938
f 838 884 955
f 839 894 958
f 842 900 965
f 833 873 943
f 834 865 944
f 847 886 967
f 851 897 934
f 845 882 919
f 828 859 915
f 829 889 921
f 850 906 924
f 852 912 927
f 844 901 935
f 843 877 962
f 835 866 947
f 846 885 968
f 830 893 933
f 842 876 953
f 833 864 937
f 834 883 945
f 847 895 957
f 851 902 960
f 844 881 963
f 843 910 950
f 835 904 948
f 846 890 969
f 830 861 932
f 827 926 917
f 824 918 913
f 823 916 914
f 825 922 920
f 826 925 923
f 828 929 928
f 845 966 964
f 852 949 951
f 850 970 972
f 829 930 931
f 840 959 952
f 837 942 939
f 832 938 940
f 838 955 954
f 839 958 956
f 842 965 961
f 833 943 941
f 834 944 946
f 847 967 971
f 851 934 936
f 917 854 857
f 913 853 854
f 914 855 853
f 920 856 855
f 923 857 856
f 928 862 859
f 964 880 882
f 951 909 912
f 972 905 906
f 931 891 889
f 952 869 872
f 939 868 869
f 940 870 868
f 954 871 870
f 956 872 871
f 961 875 876
f 941 867 864
f 946 887 883
f 971 896 895
f 936 898 902
f 926 908 911
f 918 878 879
f 916 858 860
f 922 888 892
f 925 903 907
f 929 879 881
f 966 911 910
f 949 907 904
f 970 892 890
f 930 860 861
f 959 899 900
f 942 874 873
f 938 863 865
f 955 884 886
f 958 894 897
f 965 900 901
f 943 873 877
f 944 865 866
f 967 886 885
f 934 897 893
f 919 882 878
f 915 859 858
f 921 889 888
f 924 906 903
f 927 912 908
f 935 901 898
f 962 877 875
f 947 866 867
f 968 885 887
f 933 893 896
f 953 876 874
f 937 864 863
f 945 883 884
f 957 895 894
f 960 902 899
f 963 881 880
f 950 910 909
f 948 904 905
f 969 890 891
f 932 861 862
f 917 926 919
f 913 918 915
f 914 916 921
f 920 922 924
f 923 925 927
f 928 929 935
f 964 966 962
f 951 949 947
f 972 970 968
f 931 930 933
f 952 959 953
f 939 942 937
f 940 938 945
f 954 955 957
f 956 958 960
f 961 965 963
f 941 943 950
f 946 944 948
f 971 967 969
f 936 934 932
f 973 1019 1016
f 973 1016 1015
f 973 1015 1017
f 973 1017 1018
f 973 1018 1019
f 974 1021 1024
f 978 1044 1042
f 984 1074 1071
f 983 1068 1067
f 980 1051 1053
f 976 1034 1031
f 976 1031 1030
f 976 1030 1032
f 976 1032 1033
f 976 1033 1034
f 977 1038 1037
f 975 1026 1029
f 979 1045 1049
f 981 1057 1058
f 982 1064 1060
f 984 1073 1070
f 978 1041 1040
f 974 1022 1020
f 980 1054 1050
f 983 1069 1065
f 978 1043 1041
f 984 1072 1073
f 983 1066 1069
f 980 1052 1054
f 974 1023 1022
f 982 1062 1061
f 977 1035 1036
f 975 1027 1025
f 979 1048 1046
f 981 1059 1056
f 982 1063 1062
f 977 1039 1035
f 975 1028 1027
f 979 1047 1048
f 981 1055 1059
f 978 1040 1044
f 974 1020 1021
f 980 1050 1051
f 983 1065 1068
f 984 1070 1074
f 982 1060 1063
f 977 1037 1039
f 975 1029 1028
f 979 1049 1047
f 981 1058 1055
f 977 1036 1038
f 975 1025 1026
f 979 1046 1045
f 981 1056 1057
f 982 1061 1064
f 978 1042 1043
f 984 1071 1072
f 983 1067 1066
f 980 1053 1052
f 974 1024 1023
f 1007 1081 1088
f 990 1077 1080
f 991 1083 1078
f 1012 1086 1084
f 1014 1089 1087
f 1006 1097 1091
f 1005 1124 1128
f 997 1109 1111
f 1008 1130 1132
f 992 1095 1092
f 1004 1115 1121
f 995 1099 1104
f 996 1107 1100
f 1009 1119 1117
f 1013 1122 1120
f 1006 1125 1127
f 1005 1112 1105
f 997 1110 1106
f 1008 1131 1129
f 992 1094 1096
f 989 1079 1019
f 986 1075 1016
f 985 1076 1015
f 987 1082 1017
f 988 1085 1018
f 990 1090 1021
f 1007 1126 1044
f 1014 1113 1074
f 1012 1134 1068
f 991 1093 1051
f 1002 1114 1034
f 999 1101 1031
f 994 1102 1030
f 1000 1116 1032
f 1001 1118 1033
f 1004 1123 1038
f 995 1103 1026
f 996 1108 1045
f 1009 1133 1057
f 1013 1098 1064
f 1007 1088 1073
f 990 1080 1041
f 991 1078 1022
f 1012 1084 1054
f 1014 1087 1069
f 1006 1091 1043
f 1005 1128 1072
f 997 1111 1066
f 1008 1132 1052
f 992 1092 1023
f 1004 1121 1062
f 995 1104 1035
f 996 1100 1027
f 1009 1117 1048
f 1013 1120 1059
f 1006 1127 1063
f 1005 1105 1039
f 997 1106 1028
f 1008 1129 1047
f 992 1096 1055
f 986 1081 1040
f 985 1077 1020
f 987 1083 1050
f 988 1086 1065
f 989 1089 1070
f 993 1097 1060
f 1003 1124 1037
f 998 1109 1029
f 1010 1130 1049
f 1011 1095 1058
f 999 1115 1036
f 994 1099 1025
f 1000 1107 1046
f 1001 1119 1056
f 1002 1122 1061
f 1003 1125 1042
f 998 1112 1071
f 1010 1110 1067
f 1011 1131 1053
f 993 1094 1024
f 986 1079 1081
f 985 1075 1077
f 987 1076 1083
f 988 1082 1086
f 989 1085 1089
f 993 1090 1097
f 1003 1126 1124
f 998 1113 1109
f 1010 1134 1130
f 1011 1093 1095
f 999 1114 1115
f 994 1101 1099
f 1000 1102 1107
f 1001 1116 1119
f 1002 1118 1122
f 1003 1123 1125
f 998 1103 1112
f 1010 1108 1110
f 1011 1133 1131
f 993 1098 1094
f 986 1016 1079
f 985 1015 1075
f 987 1017 1076
f 988 1018 1082
f 989 1019 1085
f 993 1024 1090
f 1003 1042 1126
f 998 1071 1113
f 1010 1067 1134
f 1011 1053 1093
f 999 1031 1114
f 994 1030 1101
f 1000 1032 1102
f 1001 1033 1116
f 1002 1034 1118
f 1003 1037 1123
f 998 1029 1103
f 1010 1049 1108
f 1011 1058 1133
f 993 1060 1098
f 989 1070 1088
f 986 1040 1080
f 985 1020 1078
f 987 1050 1084
f 988 1065 1087
f 990 1041 1091
f 1007 1073 1128
f 1014 1069 1111
f 1012 1054 1132
f 991 1022 1092
f 1002 1061 1121
f 999 1036 1104
f 994 1025 1100
f 1000 1046 1117
f 1001 1056 1120
f 1004 1062 1127
f 995 1035 1105
f 996 1027 1106
f 1009 1048 1129
f 1013 1059 1096
f 1007 1044 1081
f 990 1021 1077
f 991 1051 1083
f 1012 1068 1086
f 1014 1074 1089
f 1006 1063 1097
f 1005 1039 1124
f 997 1028 1109
f 1008 1047 1130
f 992 1055 1095
f 1004 1038 1115
f 995 1026 1099
f 996 1045 1107
f 1009 1057 1119
f 1013 1064 1122
f 1006 1043 1125
f 1005 1072 1112
f 997 1066 1110
f 1008 1052 1131
f 992 1023 1094
f 989 1088 1079
f 986 1080 1075
f 985 1078 1076
f 987 1084 1082
f 988 1087 1085
f 990 1091 1090
f 1007 1128 1126
f 1014 1111 1113
f 1012 1132 1134
f 991 1092 1093
f 1002 1121 1114
f 999 1104 1101
f 994 1100 1102
f 1000 1117 1116
f 1001 1120 1118
f 1004 1127 1123
f 995 1105 1103
f 996 1106 1108
f 1009 1129 1133
f 1013 1096 1098
f 1079 1016 1019
f 1075 1015 1016
f 1076 1017 1015
f 1082 1018 1017
f 1085 1019 1018
f 1090 1024 1021
f 1126 1042 1044
f 1113 1071 1074
f 1134 1067 1068
f 1093 1053 1051
f 1114 1031 1034
f 1101 1030 1031
f 1102 1032 1030
f 1116 1033 1032
f 1118 1034 1033
f 1123 1037 1038
f 1103 1029 1026
f 1108 1049 1045
f 1133 1058 1057
f 1098 1060 1064
f 1088 1070 1073
f 1080 1040 1041
f 1078 1020 1022
f 1084 1050 1054
f 1087 1065 1069
f 1091 1041 1043
f 1128 1073 1072
f 1111 1069 1066
f 1132 1054 1052
f 1092 1022 1023
f 1121 1061 1062
f 1104 1036 1035
f 1100 1025 1027
f 1117 1046 1048
f 1120 1056 1059
f 1127 1062 1063
f 1105 1035 1039
f 1106 1027 1028
f 1129 1048 1047
f 1096 1059 1055
f 1081 1044 1040
f 1077 1021 1020
f 1083 1051 1050
f 1086 1068 1065
f 1089 1074 1070
f 1097 1063 1060
f 1124 1039 1037
f 1109 1028 1029
f 1130 1047 1049
f 1095 1055 1058
f 1115 1038 1036
f 1099 1026 1025
f 1107 1045 1046
f 1119 1057 1056
f 1122 1064 1061
f 1125 1043 1042
f 1112 1072 1071
f 1110 1066 1067
f 1131 1052 1053
f 1094 1023 1024
f 1079 1088 1081
f 1075 1080 1077
f 1076 1078 1083
f 1082 1084 1086
f 1085 1087 1089
f 1090 1091 1097
f 1126 1128 1124
f 1113 1111 1109
f 1134 1132 1130
f 1093 1092 1095
f 1114 1121 1115
f 1101 1104 1099
f 1102 1100 1107
f 1116 1117 1119
f 1118 1120 1122
f 1123 1127 1125
f 1103 1105 1112
f 1108 1106 1110
f 1133 1129 1131
f 1098 1096 1094
f 1135 1181 1178
f 1135 1178 1177
f 1135 1177 1179
f 1135 1179 1180
f 1135 1180 1181
f 1136 1183 1186
f 1140 1206 1204
f 1146 1236 1233
f 1145 1230 1229
f 1142 1213 1215
f 1138 1196 1193
f 1138 1193 1192
f 1138 1192 1194
f 1138 1194 1195
f 1138 1195 1196
f 1139 1200 1199
f 1137 1188 1191
f 1141 1207 1211
f 1143 1219 1220
f 1144 1226 1222
f 1146 1235 1232
f 1140 1203 1202
f 1136 1184 1182
f 1142 1216 1212
f 1145 1231 1227
f 1140 1205 1203
f 1146 1234 1235
f 1145 1228 1231
f 1142 1214 1216
f 1136 1185 1184
f 1144 1224 1223
f 1139 1197 1198
f 1137 1189 1187
f 1141 1210 1208
f 1143 1221 1218
f 1144 1225 1224
f 1139 1201 1197
f 1137 1190 1189
f 1141 1209 1210
f 1143 1217 1221
f 1140 1202 1206
f 1136 1182 1183
f 1142 1212 1213
f 1145 1227 1230
f 1146 1232 1236
f 1144 1222 1225
f 1139 1199 1201
f 1137 1191 1190
f 1141 1211 1209
f 1143 1220 1217
f 1139 1198 1200
f 1137 1187 1188
f 1141 1208 1207
f 1143 1218 1219
f 1144 1223 1226
f 1140 1204 1205
f 1146 1233 1234
f 1145 1229 1228
f 1142 1215 1214
f 1136 1186 1185
f 1169 1243 1250
f 1152 1239 1242
f 1153 1245 1240
f 1174 1248 1246
f 1176 1251 1249
f 1168 1259 1253
f 1167 1286 1290
f 1159 1271 1273
f 1170 1292 1294
f 1154 1257 1254
f 1166 1277 1283
f 1157 1261 1266
f 1158 1269 1262
f 1171 1281 1279
f 1175 1284 1282
f 1168 1287 1289
f 1167 1274 1267
f 1159 1272 1268
f 1170 1293 1291
f 1154 1256 1258
f 1151 1241 1181
f 1148 1237 1178
f 1147 1238 1177
f 1149 1244 1179
f 1150 1247 1180
f 1152 1252 1183
f 1169 1288 1206
f 1176 1275 1236
f 1174 1296 1230
f 1153 1255 1213
f 1164 1276 1196
f 1161 1263 1193
f 1156 1264 1192
f 1162 1278 1194
f 1163 1280 1195
f 1166 1285 1200
f 1157 1265 1188
f 1158 1270 1207
f 1171 1295 1219
f 1175 1260 1226
f 1169 1250 1235
f 1152 1242 1203
f 1153 1240 1184
f 1174 1246 1216
f 1176 1249 1231
f 1168 1253 1205
f 1167 1290 1234
f 1159 1273 1228
f 1170 1294 1214
f 1154 1254 1185
f 1166 1283 1224
f 1157 1266 1197
f 1158 1262 1189
f 1171 1279 1210
f 1175 1282 1221
f 1168 1289 1225
f 1167 1267 1201
f 1159 1268 1190
f 1170 1291 1209
f 1154 1258 1217
f 1148 1243 1202
f 1147 1239 1182
f 1149 1245 1212
f 1150 1248 1227
f 1151 1251 1232
f 1155 1259 1222
f 1165 1286 1199
f 1160 1271 1191
f 1172 1292 1211
f 1173 1257 1220
f 1161 1277 1198
f 1156 1261 1187
f 1162 1269 1208
f 1163 1281 1218
f 1164 1284 1223
f 1165 1287 1204
f 1160 1274 1233
f 1172 1272 1229
f 1173 1293 1215
f 1155 1256 1186
f 1148 1241 1243
f 1147 1237 1239
f 1149 1238 1245
f 1150 1244 1248
f 1151 1247 1251
f 1155 1252 1259
f 1165 1288 1286
f 1160 1275 1271
f 1172 1296 1292
f 1173 1255 1257
f 1161 1276 1277
f 1156 1263 1261
f 1162 1264 1269
f 1163 1278 1281
f 1164 1280 1284
f 1165 1285 1287
f 1160 1265 1274
f 1172 1270 1272
f 1173 1295 1293
f 1155 1260 1256
f 1148 1178 1241
f 1147 1177 1237
f 1149 1179 1238
f 1150 1180 1244
f 1151 1181 1247
f 1155 1186 1252
f 1165 1204 1288
f 1160 1233 1275
f 1172 1229 1296
f 1173 1215 1255
f 1161 1193 1276
f 1156 1192 1263
f 1162 1194 1264
f 1163 1195 1278
f 1164 1196 1280
f 1165 1199 1285
f 1160 1191 1265
f 1172 1211 1270
f 1173 1220 1295
f 1155 1222 1260
f 1151 1232 1250
f 1148 1202 1242
f 1147 1182 1240
f 1149 1212 1246
f 1150 1227 1249
f 1152 1203 1253
f 1169 1235 1290
f 1176 1231 1273
f 1174 1216 1294
f 1153 1184 1254
f 1164 1223 1283
f 1161 1198 1266
f 1156 1187 1262
f 1162 1208 1279
f 1163 1218 1282
f 1166 1224 1289
f 1157 1197 1267
f 1158 1189 1268
f 1171 1210 1291
f 1175 1221 1258
f 1169 1206 1243
f 1152 1183 1239
f 1153 1213 1245
f 1174 1230 1248
f 1176 1236 1251
f 1168 1225 1259
f 1167 1201 1286
f 1159 1190 1271
f 1170 1209 1292
f 1154 1217 1257
f 1166 1200 1277
f 1157 1188 1261
f 1158 1207 1269
f 1171 1219 1281
f 1175 1226 1284
f 1168 1205 1287
f 1167 1234 1274
f 1159 1228 1272
f 1170 1214 1293
f 1154 1185 1256
f 1151 1250 1241
f 1148 1242 1237
f 1147 1240 1238
f 1149 1246 1244
f 1150 1249 1247
f 1152 1253 1252
f 1169 1290 1288
f 1176 1273 1275
f 1174 1294 1296
f 1153 1254 1255
f 1164 1283 1276
f 1161 1266 1263
f 1156 1262 1264
f 1162 1279 1278
f 1163 1282 1280
f 1166 1289 1285
f 1157 1267 1265
f 1158 1268 1270
f 1171 1291 1295
f 1175 1258 1260
f 1241 1178 1181
f 1237 1177 1178
f 1238 1179 1177
f 1244 1180 1179
f 1247 1181 1180
f 1252 1186 1183
f 1288 1204 1206
f 1275 1233 1236
f 1296 1229 1230
f 1255 1215 1213
f 1276 1193 1196
f 1263 1192 1193
f 1264 1194 1192
f 1278 1195 1194
f 1280 1196 1195
f 1285 1199 1200
f 1265 1191 1188
f 1270 1211 1207
f 1295 1220 1219
f 1260 1222 1226
f 1250 1232 1235
f 1242 1202 1203
f 1240 1182 1184
f 1246 1212 1216
f 1249 1227 1231
f 1253 1203 1205
f 1290 1235 1234
f 1273 1231 1228
f 1294 1216 1214
f 1254 1184 1185
f 1283 1223 1224
f 1266 1198 1197
f 1262 1187 1189
f 1279 1208 1210
f 1282 1218 1221
f 1289 1224 1225
f 1267 1197 1201
f 1268 1189 1190
f 1291 1210 1209
f 1258 1221 1217
f 1243 1206 1202
f 1239 1183 1182
f 1245 1213 1212
f 1248 1230 1227
f 1251 1236 1232
f 1259 1225 1222
f 1286 1201 1199
f 1271 1190 1191
f 1292 1209 1211
f 1257 1217 1220
f 1277 1200 1198
f 1261 1188 1187
f 1269 1207 1208
f 1281 1219 1218
f 1284 1226 1223
f 1287 1205 1204
f 1274 1234 1233
f 1272 1228 1229
f 1293 1214 1215
f 1256 1185 1186
f 1241 1250 1243
f 1237 1242 1239
f 1238 1240 1245
f 1244 1246 1248
f 1247 1249 1251
f 1252 1253 1259
f 1288 1290 1286
f 1275 1273 1271
f 1296 1294 1292
f 1255 1254 1257
f 1276 1283 1277
f 1263 1266 1261
f 1264 1262 1269
f 1278 1279 1281
f 1280 1282 1284
f 1285 1289 1287
f 1265 1267 1274
f 1270 1268 1272
f 1295 1291 1293
f 1260 1258 1256
f 1297 1343 1340
f 1297 1340 1339
f 1297 1339 1341
f 1297 1341 1342
f 1297 1342 1343
f 1298 1345 1348
f 1302 1368 1366
f 1308 1398 1395
f 1307 1392 1391
f 1304 1375 1377
f 1300 1358 1355
f 1300 1355 1354
f 1300 1354 1356
f 1300 1356 1357
f 1300 1357 1358
f 1301 1362 1361
f 1299 1350 1353
f 1303 1369 1373
f 1305 1381 1382
f 1306 1388 1384
f 1308 1397 1394
f 1302 1365 1364
f 1298 1346 1344
f 1304 1378 1374
f 1307 1393 1389
f 1302 1367 1365
f 1308 1396 1397
f 1307 1390 1393
f 1304 1376 1378
f 1298 1347 1346
f 1306 1386 1385
f 1301 1359 1360
f 1299 1351 1349
f 1303 1372 1370
f 1305 1383 1380
f 1306 1387 1386
f 1301 1363 1359
f 1299 1352 1351
f 1303 1371 1372
f 1305 1379 1383
f 1302 1364 1368
f 1298 1344 1345
f 1304 1374 1375
f 1307 1389 1392
f 1308 1394 1398
f 1306 1384 1387
f 1301 1361 1363
f 1299 1353 1352
f 1303 1373 1371
f 1305 1382 1379
f 1301 1360 1362
f 1299 1349 1350
f 1303 1370 1369
f 1305 1380 1381
f 1306 1385 1388
f 1302 1366 1367
f 1308 1395 1396
f 1307 1391 1390
f 1304 1377 1376
f 1298 1348 1347
f 1331 1405 1412
f 1314 1401 1404
f 1315 1407 1402
f 1336 1410 1408
f 1338 1413 1411
f 1330 1421 1415
f 1329 1448 1452
f 1321 1433 1435
f 1332 1454 1456
f 1316 1419 1416
f 1328 1439 1445
f 1319 1423 1428
f 1320 1431 1424
f 1333 1443 1441
f 1337 1446 1444
f 1330 1449 1451
f 1329 1436 1429
f 1321 1434 1430
f 1332 1455 1453
f 1316 1418 1420
f 1313 1403 1343
f 1310 1399 1340
f 1309 1400 1339
f 1311 1406 1341
f 1312 1409 1342
f 1314 1414 1345
f 1331 1450 1368
f 1338 1437 1398
f 1336 1458 1392
f 1315 1417 1375
f 1326 1438 1358
f 1323 1425 1355
f 1318 1426 1354
f 1324 1440 1356
f 1325 1442 1357
f 1328 1447 1362
f 1319 1427 1350
f 1320 1432 1369
f 1333 1457 1381
f 1337 1422 1388
f 1331 1412 1397
f 1314 1404 1365
f 1315 1402 1346
f 1336 1408 1378
f 1338 1411 1393
f 1330 1415 1367
f 1329 1452 1396
f 1321 1435 1390
f 1332 1456 1376
f 1316 1416 1347
f 1328 1445 1386
f 1319 1428 1359
f 1320 1424 1351
f 1333 1441 1372
f 1337 1444 1383
f 1330 1451 1387
f 1329 1429 1363
f 1321 1430 1352
f 1332 1453 1371
f 1316 1420 1379
f 1310 1405 1364
f 1309 1401 1344
f 1311 1407 1374
f 1312 1410 1389
f 1313 1413 1394
f 1317 1421 1384
f 1327 1448 1361
f 1322 1433 1353
f 1334 1454 1373
f 1335 1419 1382
f 1323 1439 1360
f 1318 1423 1349
f 1324 1431 1370
f 1325 1443 1380
f 1326 1446 1385
f 1327 1449 1366
f 1322 1436 1395
f 1334 1434 1391
f 1335 1455 1377
f 1317 1418 1348
f 1310 1403 1405
f 1309 1399 1401
f 1311 1400 1407
f 1312 1406 1410
f 1313 1409 1413
f 1317 1414 1421
f 1327 1450 1448
f 1322 1437 1433
f 1334 1458 1454
f 1335 1417 1419
f 1323 1438 1439
f 1318 1425 1423
f 1324 1426 1431
f 1325 1440 1443
f 1326 1442 1446
f 1327 1447 1449
f 1322 1427 1436
f 1334 1432 1434
f 1335 1457 1455
f 1317 1422 1418
f 1310 1340 1403
f 1309 1339 1399
f 1311 1341 1400
f 1312 1342 1406
f 1313 1343 1409
f 1317 1348 1414
f 1327 1366 1450
f 1322 1395 1437
f 1334 1391 1458
f 1335 1377 1417
f 1323 1355 1438
f 1318 1354 1425
f 1324 1356 1426
f 1325 1357 1440
f 1326 1358 1442
f 1327 1361 1447
f 1322 1353 1427
f 1334 1373 1432
f 1335 1382 1457
f 1317 1384 1422
f 1313 1394 1412
f 1310 1364 1404
f 1309 1344 1402
f 1311 1374 1408
f 1312 1389 1411
f 1314 1365 1415
f 1331 1397 1452
f 1338 1393 1435
f 1336 1378 1456
f 1315 1346 1416
f 1326 1385 1445
f 1323 1360 1428
f 1318 1349 1424
f 1324 1370 1441
f 1325 1380 1444
f 1328 1386 1451
f 1319 1359 1429
f 1320 1351 1430
f 1333 1372 1453
f 1337 1383 1420
f 1331 1368 1405
f 1314 1345 1401
f 1315 1375 1407
f 1336 1392 1410
f 1338 1398 1413
f 1330 1387 1421
f 1329 1363 1448
f 1321 1352 1433
f 1332 1371 1454
f 1316 1379 1419
f 1328 1362 1439
f 1319 1350 1423
f 1320 1369 1431
f 1333 1381 1443
f 1337 1388 1446
f 1330 1367 1449
f 1329 1396 1436
f 1321 1390 1434
f 1332 1376 1455
f 1316 1347 1418
f 1313 1412 1403
f 1310 1404 1399
f 1309 1402 1400
f 1311 1408 1406
f 1312 1411 1409
f 1314 1415 1414
f 1331 1452 1450
f 1338 1435 1437
f 1336 1456 1458
f 1315 1416 1417
f 1326 1445 1438
f 1323 1428 1425
f 1318 1424 1426
f 1324 1441 1440
f 1325 1444 1442
f 1328 1451 1447
f 1319 1429 1427
f 1320 1430 1432
f 1333 1453 1457
f 1337 1420 1422
f 1403 1340 1343
f 1399 1339 1340
f 1400 1341 1339
f 1406 1342 1341
f 1409 1343 1342
f 1414 1348 1345
f 1450 1366 1368
f 1437 1395 1398
f 1458 1391 1392
f 1417 1377 1375
f 1438 1355 1358
f 1425 1354 1355
f 1426 1356 1354
f 1440 1357 1356
f 1442 1358 1357
f 1447 1361 1362
f 1427 1353 1350
f 1432 1373 1369
f 1457 1382 1381
f 1422 1384 1388
f 1412 1394 1397
f 1404 1364 1365
f 1402 1344 1346
f 1408 1374 1378
f 1411 1389 1393
f 1415 1365 1367
f 1452 1397 1396
f 1435 1393 1390
f 1456 1378 1376
f 1416 1346 1347
f 1445 1385 1386
f 1428 1360 1359
f 1424 1349 1351
f 1441 1370 1372
f 1444 1380 1383
f 1451 1386 1387
f 1429 1359 1363
f 1430 1351 1352
f 1453 1372 1371
f 1420 1383 1379
f 1405 1368 1364
f 1401 1345 1344
f 1407 1375 1374
f 1410 1392 1389
f 1413 1398 1394
f 1421 1387 1384
f 1448 1363 1361
f 1433 1352 1353
f 1454 1371 1373
f 1419 1379 1382
f 1439 1362 1360
f 1423 1350 1349
f 1431 1369 1370
f 1443 1381 1380
f 1446 1388 1385
f 1449 1367 1366
f 1436 1396 1395
f 1434 1390 1391
f 1455 1376 1377
f 1418 1347 1348
f 1403 1412 1405
f 1399 1404 1401
f 1400 1402 1407
f 1406 1408 1410
f 1409 1411 1413
f 1414 1415 1421
f 1450 1452 1448
f 1437 1435 1433
f 1458 1456 1454
f 1417 1416 1419
f 1438 1445 1439
f 1425 1428 1423
f 1426 1424 1431
f 1440 1441 1443
f 1442 1444 1446
f 1447 1451 1449
f 1427 1429 1436
f 1432 1430 1434
f 1457 1453 1455
f 1422 1420 1418
f 1459 1505 1502
f 1459 1502 1501
f 1459 1501 1503
f 1459 1503 1504
f 1459 1504 1505
f 1460 1507 1510
f 1464 1530 1528
f 1470 1560 1557
f 1469 1554 1553
f 1466 1537 1539
f 1462 1520 1517
f 1462 1517 1516
f 1462 1516 1518
f 1462 1518 1519
f 1462 1519 1520
f 1463 1524 1523
f 1461 1512 1515
f 1465 1531 1535
f 1467 1543 1544
f 1468 1550 1546
f 1470 1559 1556
f 1464 1527 1526
f 1460 1508 1506
f 1466 1540 1536
f 1469 1555 1551
f 1464 1529 1527
f 1470 1558 1559
f 1469 1552 1555
f 1466 1538 1540
f 1460 1509 1508
f 1468 1548 1547
f 1463 1521 1522
f 1461 1513 1511
f 1465 1534 1532
f 1467 1545 1542
f 1468 1549 1548
f 1463 1525 1521
f 1461 1514 1513
f 1465 1533 1534
f 1467 1541 1545
f 1464 1526 1530
f 1460 1506 1507
f 1466 1536 1537
f 1469 1551 1554
f 1470 1556 1560
f 1468 1546 1549
f 1463 1523 1525
f 1461 1515 1514
f 1465 1535 1533
f 1467 1544 1541
f 1463 1522 1524
f 1461 1511 1512
f 1465 1532 1531
f 1467 1542 1543
f 1468 1547 1550
f 1464 1528 1529
f 1470 1557 1558
f 1469 1553 1552
f 1466 1539 1538
f 1460 1510 1509
f 1493 1567 1574
f 1476 1563 1566
f 1477 1569 1564
f 1498 1572 1570
f 1500 1575 1573
f 1492 1583 1577
f 1491 1610 1614
f 1483 1595 1597
f 1494 1616 1618
f 1478 1581 1578
f 1490 1601 1607
f 1481 1585 1590
f 1482 1593 1586
f 1495 1605 1603
f 1499 1608 1606
f 1492 1611 1613
f 1491 1598 1591
f 1483 1596 1592
f 1494 1617 1615
f 1478 1580 1582
f 1475 1565 1505
f 1472 1561 1502
f 1471 1562 1501
f 1473 1568 1503
f 1474 1571 1504
f 1476 1576 1507
f 1493 1612 1530
f 1500 1599 1560
f 1498 1620 1554
f 1477 1579 1537
f 1488 1600 1520
f 1485 1587 1517
f 1480 1588 1516
f 1486 1602 1518
f 1487 1604 1519
f 1490 1609 1524
f 1481 1589 1512
f 1482 1594 1531
f 1495 1619 1543
f 1499 1584 1550
f 1493 1574 1559
f 1476 1566 1527
f 1477 1564 1508
f 1498 1570 1540
f 1500 1573 1555
f 1492 1577 1529
f 1491 1614 1558
f 1483 1597 1552
f 1494 1618 1538
f 1478 1578 1509
f 1490 1607 1548
f 1481 1590 1521
f 1482 1586 1513
f 1495 1603 1534
f 1499 1606 1545
f 1492 1613 1549
f 1491 1591 1525
f 1483 1592 1514
f 1494 1615 1533
f 1478 1582 1541
f 1472 1567 1526
f 1471 1563 1506
f 1473 1569 1536
f 1474 1572 1551
f 1475 1575 1556
f 1479 1583 1546
f 1489 1610 1523
f 1484 1595 1515
f 1496 1616 1535
f 1497 1581 1544
f 1485 1601 1522
f 1480 1585 1511
f 1486 1593 1532
f 1487 1605 1542
f 1488 1608 1547
f 1489 1611 1528
f 1484 1598 1557
f 1496 1596 1553
f 1497 1617 1539
f 1479 1580 1510
f 1472 1565 1567
f 1471 1561 1563
f 1473 1562 1569
f 1474 1568 1572
f 1475 1571 1575
f 1479 1576 1583
f 1489 1612 1610
f 1484 1599 1595
f 1496 1620 1616
f 1497 1579 1581
f 1485 1600 1601
f 1480 1587 1585
f 1486 1588 1593
f 1487 1602 1605
f 1488 1604 1608
f 1489 1609 1611
f 1484 1589 1598
f 1496 1594 1596
f 1497 1619 1617
f 1479 1584 1580
f 1472 1502 1565
f 1471 1501 1561
f 1473 1503 1562
f 1474 1504 1568
f 1475 1505 1571
f 1479 1510 1576
f 1489 1528 1612
f 1484 1557 1599
f 1496 1553 1620
f 1497 1539 1579
f 1485 1517 1600
f 1480 1516 1587
f 1486 1518 1588
f 1487 1519 1602
f 1488 1520 1604
f 1489 1523 1609
f 1484 1515 1589
f 1496 1535 1594
f 1497 1544 1619
f 1479 1546 1584
f 1475 1556 1574
f 1472 1526 1566
f 1471 1506 1564
f 1473 1536 1570
f 1474 1551 1573
f 1476 1527 1577
f 1493 1559 1614
f 1500 1555 1597
f 1498 1540 1618
f 1477 1508 1578
f 1488 1547 1607
f 1485 1522 1590
f 1480 1511 1586
f 1486 1532 1603
f 1487 1542 1606
f 1490 1548 1613
f 1481 1521 1591
f 1482 1513 1592
f 1495 1534 1615
f 1499 1545 1582
f 1493 1530 1567
f 1476 1507 1563
f 1477 1537 1569
f 1498 1554 1572
f 1500 1560 1575
f 1492 1549 1583
f 1491 1525 1610
f 1483 1514 1595
f 1494 1533 1616
f 1478 1541 1581
f 1490 1524 1601
f 1481 1512 1585
f 1482 1531 1593
f 1495 1543 1605
f 1499 1550 1608
f 1492 1529 1611
f 1491 1558 1598
f 1483 1552 1596
f 1494 1538 1617
f 1478 1509 1580
f 1475 1574 1565
f 1472 1566 1561
f 1471 1564 1562
f 1473 1570 1568
f 1474 1573 1571
f 1476 1577 1576
f 1493 1614 1612
f 1500 1597 1599
f 1498 1618 1620
f 1477 1578 1579
f 1488 1607 1600
f 1485 1590 1587
f 1480 1586 1588
f 1486 1603 1602
f 1487 1606 1604
f 1490 1613 1609
f 1481 1591 1589
f 1482 1592 1594
f 1495 1615 1619
f 1499 1582 1584
f 1565 1502 1505
f 1561 1501 1502
f 1562 1503 1501
f 1568 1504 1503
f 1571 1505 1504
f 1576 1510 1507
f 1612 1528 1530
f 1599 1557 1560
f 1620 1553 1554
f 1579 1539 1537
f 1600 1517 1520
f 1587 1516 1517
f 1588 1518 1516
f 1602 1519 1518
f 1604 1520 1519
f 1609 1523 1524
f 1589 1515 1512
f 1594 1535 1531
f 1619 1544 1543
f 1584 1546 1550
f 1574 1556 1559
f 1566 1526 1527
f 1564 1506 1508
f 1570 1536 1540
f 1573 1551 1555
f 1577 1527 1529
f 1614 1559 1558
f 1597 1555 1552
f 1618 1540 1538
f 1578 1508 1509
f 1607 1547 1548
f 1590 1522 1521
f 1586 1511 1513
f 1603 1532 1534
f 1606 1542 1545
f 1613 1548 1549
f 1591 1521 1525
f 1592 1513 1514
f 1615 1534 1533
f 1582 1545 1541
f 1567 1530 1526
f 1563 1507 1506
f 1569 1537 1536
f 1572 1554 1551
f 1575 1560 1556
f 1583 1549 1546
f 1610 1525 1523
f 1595 1514 1515
f 1616 1533 1535
f 1581 1541 1544
f 1601 1524 1522
f 1585 1512 1511
f 1593 1531 1532
f 1605 1543 1542
f 1608 1550 1547
f 1611 1529 1528
f 1598 1558 1557
f 1596 1552 1553
f 1617 1538 1539
f 1580 1509 1510
f 1565 1574 1567
f 1561 1566 1563
f 1562 1564 1569
f 1568 1570 1572
f 1571 1573 1575
f 1576 1577 1583
f 1612 1614 1610
f 1599 1597 1595
f 1620 1618 1616
f 1579 1578 1581
f 1600 1607 1601
f 1587 1590 1585
f 1588 1586 1593
f 1602 1603 1605
f 1604 1606 1608
f 1609 1613 1611
f 1589 1591 1598
f 1594 1592 1596
f 1619 1615 1617
f 1584 1582 1580
f 1621 1667 1664
f 1621 1664 1663
f 1621 1663 1665
f 1621 1665 1666
f 1621 1666 1667
f 1622 1669 1672
f 1626 1692 1690
f 1632 1722 1719
f 1631 1716 1715
f 1628 1699 1701
f 1624 1682 1679
f 1624 1679 1678
f 1624 1678 1680
f 1624 1680 1681
f 1624 1681 1682
f 1625 1686 1685
f 1623 1674 1677
f 1627 1693 1697
f 1629 1705 1706
f 1630 1712 1708
f 1632 1721 1718
f 1626 1689 1688
f 1622 1670 1668
f 1628 1702 1698
f 1631 1717 1713
f 1626 1691 1689
f 1632 1720 1721
f 1631 1714 1717
f 1628 1700 1702
f 1622 1671 1670
f 1630 1710 1709
f 1625 1683 1684
f 1623 1675 1673
f 1627 1696 1694
f 1629 1707 1704
f 1630 1711 1710
f 1625 1687 1683
f 1623 1676 1675
f 1627 1695 1696
f 1629 1703 1707
f 1626 1688 1692
f 1622 1668 1669
f 1628 1698 1699
f 1631 1713 1716
f 1632 1718 1722
f 1630 1708 1711
f 1625 1685 1687
f 1623 1677 1676
f 1627 1697 1695
f 1629 1706 1703
f 1625 1684 1686
f 1623 1673 1674
f 1627 1694 1693
f 1629 1704 1705
f 1630 1709 1712
f 1626 1690 1691
f 1632 1719 1720
f 1631 1715 1714
f 1628 1701 1700
f 1622 1672 1671
f 1655 1729 1736
f 1638 1725 1728
f 1639 1731 1726
f 1660 1734 1732
f 1662 1737 1735
f 1654 1745 1739
f 1653 1772 1776
f 1645 1757 1759
f 1656 1778 1780
f 1640 1743 1740
f 1652 1763 1769
f 1643 1747 1752
f 1644 1755 1748
f 1657 1767 1765
f 1661 1770 1768
f 1654 1773 1775
f 1653 1760 1753
f 1645 1758 1754
f 1656 1779 1777
f 1640 1742 1744
f 1637 1727 1667
f 1634 1723 1664
f 1633 1724 1663
f 1635 1730 1665
f 1636 1733 1666
f 1638 1738 1669
f 1655 1774 1692
f 1662 1761 1722
f 1660 1782 1716
f 1639 1741 1699
f 1650 1762 1682
f 1647 1749 1679
f 1642 1750 1678
f 1648 1764 1680
f 1649 1766 1681
f 1652 1771 1686
f 1643 1751 1674
f 1644 1756 1693
f 1657 1781 1705
f 1661 1746 1712
f 1655 1736 1721
f 1638 1728 1689
f 1639 1726 1670
f 1660 1732 1702
f 1662 1735 1717
f 1654 1739 1691
f 1653 1776 1720
f 1645 1759 1714
f 1656 1780 1700
f 1640 1740 1671
f 1652 1769 1710
f 1643 1752 1683
f 1644 1748 1675
f 1657 1765 1696
f 1661 1768 1707
f 1654 1775 1711
f 1653 1753 1687
f 1645 1754 1676
f 1656 1777 1695
f 1640 1744 1703
f 1634 1729 1688
f 1633 1725 1668
f 1635 1731 1698
f 1636 1734 1713
f 1637 1737 1718
f 1641 1745 1708
f 1651 1772 1685
f 1646 1757 1677
f 1658 1778 1697
f 1659 1743 1706
f 1647 1763 1684
f 1642 1747 1673
f 1648 1755 1694
f 1649 1767 1704
f 1650 1770 1709
f 1651 1773 1690
f 1646 1760 1719
f 1658 1758 1715
f 1659 1779 1701
f 1641 1742 1672
f 1634 1727 1729
f 1633 1723 1725
f 1635 1724 1731
f 1636 1730 1734
f 1637 1733 1737
f 1641 1738 1745
f 1651 1774 1772
f 1646 1761 1757
f 1658 1782 1778
f 1659 1741 1743
f 1647 1762 1763
f 1642 1749 1747
f 1648 1750 1755
f 1649 1764 1767
f 1650 1766 1770
f 1651 1771 1773
f 1646 1751 1760
f 1658 1756 1758
f 1659 1781 1779
f 1641 1746 1742
f 1634 1664 1727
f 1633 1663 1723
f 1635 1665 1724
f 1636 1666 1730
f 1637 1667 1733
f 1641 1672 1738
f 1651 1690 1774
f 1646 1719 1761
f 1658 1715 1782
f 1659 1701 1741
f 1647 1679 1762
f 1642 1678 1749
f 1648 1680 1750
f 1649 1681 1764
f 1650 1682 1766
f 1651 1685 1771
f 1646 1677 1751
f 1658 1697 1756
f 1659 1706 1781
f 1641 1708 1746
f 1637 1718 1736
f 1634 1688 1728
f 1633 1668 1726
f 1635 1698 1732
f 1636 1713 1735
f 1638 1689 1739
f 1655 1721 1776
f 1662 1717 1759
f 1660 1702 1780
f 1639 1670 1740
f 1650 1709 1769
f 1647 1684 1752
f 1642 1673 1748
f 1648 1694 1765
f 1649 1704 1768
f 1652 1710 1775
f 1643 1683 1753
f 1644 1675 1754
f 1657 1696 1777
f 1661 1707 1744
f 1655 1692 1729
f 1638 1669 1725
f 1639 1699 1731
f 1660 1716 1734
f 1662 1722 1737
f 1654 1711 1745
f 1653 1687 1772
f 1645 1676 1757
f 1656 1695 1778
f 1640 1703 1743
f 1652 1686 1763
f 1643 1674 1747
f 1644 1693 1755
f 1657 1705 1767
f 1661 1712 1770
f 1654 1691 1773
f 1653 1720 1760
f 1645 1714 1758
f 1656 1700 1779
f 1640 1671 1742
f 1637 1736 1727
f 1634 1728 1723
f 1633 1726 1724
f 1635 1732 1730
f 1636 1735 1733
f 1638 1739 1738
f 1655 1776 1774
f 1662 1759 1761
f 1660 1780 1782
f 1639 1740 1741
f 1650 1769 1762
f 1647 1752 1749
f 1642 1748 1750
f 1648 1765 1764
f 1649 1768 1766
f 1652 1775 1771
f 1643 1753 1751
f 1644 1754 1756
f 1657 1777 1781
f 1661 1744 1746
f 1727 1664 1667
f 1723 1663 1664
f 1724 1665 1663
f 1730 1666 1665
f 1733 1667 1666
f 1738 1672 1669
f 1774 1690 1692
f 1761 1719 1722
f 1782 1715 1716
f 1741 1701 1699
f 1762 1679 1682
f 1749 1678 1679
f 1750 1680 1678
f 1764 1681 1680
f 1766 1682 1681
f 1771 1685 1686
f 1751 1677 1674
f 1756 1697 1693
f 1781 1706 1705
f 1746 1708 1712
f 1736 1718 1721
f 1728 1688 1689
f 1726 1668 1670
f 1732 1698 1702
f 1735 1713 1717
f 1739 1689 1691
f 1776 1721 1720
f 1759 1717 1714
f 1780 1702 1700
f 1740 1670 1671
f 1769 1709 1710
f 1752 1684 1683
f 1748 1673 1675
f 1765 1694 1696
f 1768 1704 1707
f 1775 1710 1711
f 1753 1683 1687
f 1754 1675 1676
f 1777 1696 1695
f 1744 1707 1703
f 1729 1692 1688
f 1725 1669 1668
f 1731 1699 1698
f 1734 1716 1713
f 1737 1722 1718
f 1745 1711 1708
f 1772 1687 1685
f 1757 1676 1677
f 1778 1695 1697
f 1743 1703 1706
f 1763 1686 1684
f 1747 1674 1673
f 1755 1693 1694
f 1767 1705 1704
f 1770 1712 1709
f 1773 1691 1690
f 1760 1720 1719
f 1758 1714 1715
f 1779 1700 1701
f 1742 1671 1672
f 1727 1736 1729
f 1723 1728 1725
f 1724 1726 1731
f 1730 1732 1734
f 1733 1735 1737
f 1738 1739 1745
f 1774 1776 1772
f 1761 1759 1757
f 1782 1780 1778
f 1741 1740 1743
f 1762 1769 1763
f 1749 1752 1747
f 1750 1748 1755
f 1764 1765 1767
f 1766 1768 1770
f 1771 1775 1773
f 1751 1753 1760
f 1756 1754 1758
f 1781 1777 1779
f 1746 1744 1742
f 1783 1829 1826
f 1783 1826 1825
f 1783 1825 1827
f 1783 1827 1828
f 1783 1828 1829
f 1784 1831 1834
f 1788 1854 1852
f 1794 1884 1881
f 1793 1878 1877
f 1790 1861 1863
f 1786 1844 1841
f 1786 1841 1840
f 1786 1840 1842
f 1786 1842 1843
f 1786 1843 1844
f 1787 1848 1847
f 1785 1836 1839
f 1789 1855 1859
f 1791 1867 1868
f 1792 1874 1870
f 1794 1883 1880
f 1788 1851 1850
f 1784 1832 1830
f 1790 1864 1860
f 1793 1879 1875
f 1788 1853 1851
f 1794 1882 1883
f 1793 1876 1879
f 1790 1862 1864
f 1784 1833 1832
f 1792 1872 1871
f 1787 1845 1846
f 1785 1837 1835
f 1789 1858 1856
f 1791 1869 1866
f 1792 1873 1872
f 1787 1849 1845
f 1785 1838 1837
f 1789 1857 1858
f 1791 1865 1869
f 1788 1850 1854
f 1784 1830 1831
f 1790 1860 1861
f 1793 1875 1878
f 1794 1880 1884
f 1792 1870 1873
f 1787 1847 1849
f 1785 1839 1838
f 1789 1859 1857
f 1791 1868 1865
f 1787 1846 1848
f 1785 1835 1836
f 1789 1856 1855
f 1791 1866 1867
f 1792 1871 1874
f 1788 1852 1853
f 1794 1881 1882
f 1793 1877 1876
f 1790 1863 1862
f 1784 1834 1833
f 1817 1891 1898
f 1800 1887 1890
f 1801 1893 1888
f 1822 1896 1894
f 1824 1899 1897
f 1816 1907 1901
f 1815 1934 1938
f 1807 1919 1921
f 1818 1940 1942
f 1802 1905 1902
f 1814 1925 1931
f 1805 1909 1914
f 1806 1917 1910
f 1819 1929 1927
f 1823 1932 1930
f 1816 1935 1937
f 1815 1922 1915
f 1807 1920 1916
f 1818 1941 1939
f 1802 1904 1906
f 1799 1889 1829
f 1796 1885 1826
f 1795 1886 1825
f 1797 1892 1827
f 1798 1895 1828
f 1800 1900 1831
f 1817 1936 1854
f 1824 1923 1884
f 1822 1944 1878
f 1801 1903 1861
f 1812 1924 1844
f 1809 1911 1841
f 1804 1912 1840
f 1810 1926 1842
f 1811 1928 1843
f 1814 1933 1848
f 1805 1913 1836
f 1806 1918 1855
f 1819 1943 1867
f 1823 1908 1874
f 1817 1898 1883
f 1800 1890 1851
f 1801 1888 1832
f 1822 1894 1864
f 1824 1897 1879
f 1816 1901 1853
f 1815 1938 1882
f 1807 1921 1876
f 1818 1942 1862
f 1802 1902 1833
f 1814 1931 1872
f 1805 1914 1845
f 1806 1910 1837
f 1819 1927 1858
f 1823 1930 1869
f 1816 1937 1873
f 1815 1915 1849
f 1807 1916 1838
f 1818 1939 1857
f 1802 1906 1865
f 1796 1891 1850
f 1795 1887 1830
f 1797 1893 1860
f 1798 1896 1875
f 1799 1899 1880
f 1803 1907 1870
f 1813 1934 1847
f 1808 1919 1839
f 1820 1940 1859
f 1821 1905 1868
f 1809 1925 1846
f 1804 1909 1835
f 1810 1917 1856
f 1811 1929 1866
f 1812 1932 1871
f 1813 1935 1852
f 1808 1922 1881
f 1820 1920 1877
f 1821 1941 1863
f 1803 1904 1834
f 1796 1889 1891
f 1795 1885 1887
f 1797 1886 1893
f 1798 1892 1896
f 1799 1895 1899
f 1803 1900 1907
f 1813 1936 1934
f 1808 1923 1919
f 1820 1944 1940
f 1821 1903 1905
f 1809 1924 1925
f 1804 1911 1909
f 1810 1912 1917
f 1811 1926 1929
f 1812 1928 1932
f 1813 1933 1935
f 1808 1913 1922
f 1820 1918 1920
f 1821 1943 1941
f 1803 1908 1904
f 1796 1826 1889
f 1795 1825 1885
f 1797 1827 1886
f 1798 1828 1892
f 1799 1829 1895
f 1803 1834 1900
f 1813 1852 1936
f 1808 1881 1923
f 1820 1877 1944
f 1821 1863 1903
f 1809 1841 1924
f 1804 1840 1911
f 1810 1842 1912
f 1811 1843 1926
f 1812 1844 1928
f 1813 1847 1933
f 1808 1839 1913
f 1820 1859 1918
f 1821 1868 1943
f 1803 1870 1908
f 1799 1880 1898
f 1796 1850 1890
f 1795 1830 1888
f 1797 1860 1894
f 1798 1875 1897
f 1800 1851 1901
f 1817 1883 1938
f 1824 1879 1921
f 1822 1864 1942
f 1801 1832 1902
f 1812 1871 1931
f 1809 1846 1914
f 1804 1835 1910
f 1810 1856 1927
f 1811 1866 1930
f 1814 1872 1937
f 1805 1845 1915
f 1806 1837 1916
f 1819 1858 1939
f 1823 1869 1906
f 1817 1854 1891
f 1800 1831 1887
f 1801 1861 1893
f 1822 1878 1896
f 1824 1884 1899
f 1816 1873 1907
f 1815 1849 1934
f 1807 1838 1919
f 1818 1857 1940
f 1802 1865 1905
f 1814 1848 1925
f 1805 1836 1909
f 1806 1855 1917
f 1819 1867 1929
f 1823 1874 1932
f 1816 1853 1935
f 1815 1882 1922
f 1807 1876 1920
f 1818 1862 1941
f 1802 1833 1904
f 1799 1898 1889
f 1796 1890 1885
f 1795 1888 1886
f 1797 1894 1892
f 1798 1897 1895
f 1800 1901 1900
f 1817 1938 1936
f 1824 1921 1923
f 1822 1942 1944
f 1801 1902 1903
f 1812 1931 1924
f 1809 1914 1911
f 1804 1910 1912
f 1810 1927 1926
f 1811 1930 1928
f 1814 1937 1933
f 1805 1915 1913
f 1806 1916 1918
f 1819 1939 1943
f 1823 1906 1908
f 1889 1826 1829
f 1885 1825 1826
f 1886 1827 1825
f 1892 1828 1827
f 1895 1829 1828
f 1900 1834 1831
f 1936 1852 1854
f 1923 1881 1884
f 1944 1877 1878
f 1903 1863 1861
f 1924 1841 1844
f 1911 1840 1841
f 1912 1842 1840
f 1926 1843 1842
f 1928 1844 1843
f 1933 1847 1848
f 1913 1839 1836
f 1918 1859 1855
f 1943 1868 1867
f 1908 1870 1874
f 1898 1880 1883
f 1890 1850 1851
f 1888 1830 1832
f 1894 1860 1864
f 1897 1875 1879
f 1901 1851 1853
f 1938 1883 1882
f 1921 1879 1876
f 1942 1864 1862
f 1902 1832 1833
f 1931 1871 1872
f 1914 1846 1845
f 1910 1835 1837
f 1927 1856 1858
f 1930 1866 1869
f 1937 1872 1873
f 1915 1845 1849
f 1916 1837 1838
f 1939 1858 1857
f 1906 1869 1865
f 1891 1854 1850
f 1887 1831 1830
f 1893 1861 1860
f 1896 1878 1875
f 1899 1884 1880
f 1907 1873 1870
f 1934 1849 1847
f 1919 1838 1839
f 1940 1857 1859
f 1905 1865 1868
f 1925 1848 1846
f 1909 1836 1835
f 1917 1855 1856
f 1929 1867 1866
f 1932 1874 1871
f 1935 1853 1852
f 1922 1882 1881
f 1920 1876 1877
f 1941 1862 1863
f 1904 1833 1834
f 1889 1898 1891
f 1885 1890 1887
f 1886 1888 1893
f 1892 1894 1896
f 1895 1897 1899
f 1900 1901 1907
f 1936 1938 1934
f 1923 1921 1919
f 1944 1942 1940
f 1903 1902 1905
f 1924 1931 1925
f 1911 1914 1909
f 1912 1910 1917
f 1926 1927 1929
f 1928 1930 1932
f 1933 1937 1935
f 1913 1915 1922
f 1918 1916 1920
f 1943 1939 1941
f 1908 1906 1904
f 1945 1991 1988
f 1945 1988 1987
f 1945 1987 1989
f 1945 1989 1990
f 1945 1990 1991
f 1946 1993 1996
f 1950 2016 2014
f 1956 2046 2043
f 1955 2040 2039
f 1952 2023 2025
f 1948 2006 2003
f 1948 2003 2002
f 1948 2002 2004
f 1948 2004 2005
f 1948 2005 2006
f 1949 2010 2009
f 1947 1998 2001
f 1951 2017 2021
f 1953 2029 2030
f 1954 2036 2032
f 1956 2045 2042
f 1950 2013 2012
f 1946 1994 1992
f 1952 2026 2022
f 1955 2041 2037
f 1950 2015 2013
f 1956 2044 2045
f 1955 2038 2041
f 1952 2024 2026
f 1946 1995 1994
f 1954 2034 2033
f 1949 2007 2008
f 1947 1999 1997
f 1951 2020 2018
f 1953 2031 2028
f 1954 2035 2034
f 1949 2011 2007
f 1947 2000 1999
f 1951 2019 2020
f 1953 2027 2031
f 1950 2012 2016
f 1946 1992 1993
f 1952 2022 2023
f 1955 2037 2040
f 1956 2042 2046
f 1954 2032 2035
f 1949 2009 2011
f 1947 2001 2000
f 1951 2021 2019
f 1953 2030 2027
f 1949 2008 2010
f 1947 1997 1998
f 1951 2018 2017
f 1953 2028 2029
f 1954 2033 2036
f 1950 2014 2015
f 1956 2043 2044
f 1955 2039 2038
f 1952 2025 2024
f 1946 1996 1995
f 1979 2053 2060
f 1962 2049 2052
f 1963 2055 2050
f 1984 2058 2056
f 1986 2061 2059
f 1978 2069 2063
f 1977 2096 2100
f 1969 2081 2083
f 1980 2102 2104
f 1964 2067 2064
f 1976 2087 2093
f 1967 2071 2076
f 1968 2079 2072
f 1981 2091 2089
f 1985 2094 2092
f 1978 2097 2099
f 1977 2084 2077
f 1969 2082 2078
f 1980 2103 2101
f 1964 2066 2068
f 1961 2051 1991
f 1958 2047 1988
f 1957 2048 1987
f 1959 2054 1989
f 1960 2057 1990
f 1962 2062 1993
f 1979 2098 2016
f 1986 2085 2046
f 1984 2106 2040
f 1963 2065 2023
f 1974 2086 2006
f 1971 2073 2003
f 1966 2074 2002
f 1972 2088 2004
f 1973 2090 2005
f 1976 2095 2010
f 1967 2075 1998
f 1968 2080 2017
f 1981 2105 2029
f 1985 2070 2036
f 1979 2060 2045
f 1962 2052 2013
f 1963 2050 1994
f 1984 2056 2026
f 1986 2059 2041
f 1978 2063 2015
f 1977 2100 2044
f 1969 2083 2038
f 1980 2104 2024
f 1964 2064 1995
f 1976 2093 2034
f 1967 2076 2007
f 1968 2072 1999
f 1981 2089 2020
f 1985 2092 2031
f 1978 2099 2035
f 1977 2077 2011
f 1969 2078 2000
f 1980 2101 2019
f 1964 2068 2027
f 1958 2053 2012
f 1957 2049 1992
f 1959 2055 2022
f 1960 2058 2037
f 1961 2061 2042
f 1965 2069 2032
f 1975 2096 2009
f 1970 2081 2001
f 1982 2102 2021
f 1983 2067 2030
f 1971 2087 2008
f 1966 2071 1997
f 1972 2079 2018
f 1973 2091 2028
f 1974 2094 2033
f 1975 2097 2014
f 1970 2084 2043
f 1982 2082 2039
f 1983 2103 2025
f 1965 2066 1996
f 1958 2051 2053
f 1957 2047 2049
f 1959 2048 2055
f 1960 2054 2058
f 1961 2057 2061
f 1965 2062 2069
f 1975 2098 2096
f 1970 2085 2081
f 1982 2106 2102
f 1983 2065 2067
f 1971 2086 2087
f 1966 2073 2071
f 1972 2074 2079
f 1973 2088 2091
f 1974 2090 2094
f 1975 2095 2097
f 1970 2075 2084
f 1982 2080 2082
f 1983 2105 2103
f 1965 2070 2066
f 1958 1988 2051
f 1957 1987 2047
f 1959 1989 2048
f 1960 1990 2054
f 1961 1991 2057
f 1965 1996 2062
f 1975 2014 2098
f 1970 2043 2085
f 1982 2039 2106
f 1983 2025 2065
f 1971 2003 2086
f 1966 2002 2073
f 1972 2004 2074
f 1973 2005 2088
f 1974 2006 2090
f 1975 2009 2095
f 1970 2001 2075
f 1982 2021 2080
f 1983 2030 2105
f 1965 2032 2070
f 1961 2042 2060
f 1958 2012 2052
f 1957 1992 2050
f 1959 2022 2056
f 1960 2037 2059
f 1962 2013 2063
f 1979 2045 2100
f 1986 2041 2083
f 1984 2026 2104
f 1963 1994 2064
f 1974 2033 2093
f 1971 2008 2076
f 1966 1997 2072
f 1972 2018 2089
f 1973 2028 2092
f 1976 2034 2099
f 1967 2007 2077
f 1968 1999 2078
f 1981 2020 2101
f 1985 2031 2068
f 1979 2016 2053
f 1962 1993 2049
f 1963 2023 2055
f 1984 2040 2058
f 1986 2046 2061
f 1978 2035 2069
f 1977 2011 2096
f 1969 2000 2081
f 1980 2019 2102
f 1964 2027 2067
f 1976 2010 2087
f 1967 1998 2071
f 1968 2017 2079
f 1981 2029 2091
f 1985 2036 2094
f 1978 2015 2097
f 1977 2044 2084
f 1969 2038 2082
f 1980 2024 2103
f 1964 1995 2066
f 1961 2060 2051
f 1958 2052 2047
f 1957 2050 2048
f 1959 2056 2054
f 1960 2059 2057
f 1962 2063 2062
f 1979 2100 2098
f 1986 2083 2085
f 1984 2104 2106
f 1963 2064 2065
f 1974 2093 2086
f 1971 2076 2073
f 1966 2072 2074
f 1972 2089 2088
f 1973 2092 2090
f 1976 2099 2095
f 1967 2077 2075
f 1968 2078 2080
f 1981 2101 2105
f 1985 2068 2070
f 2051 1988 1991
f 2047 1987 1988
f 2048 1989 1987
f 2054 1990 1989
f 2057 1991 1990
f 2062 1996 1993
f 2098 2014 2016
f 2085 2043 2046
f 2106 2039 2040
f 2065 2025 2023
f 2086 2003 2006
f 2073 2002 2003
f 2074 2004 2002
f 2088 2005 2004
f 2090 2006 2005
f 2095 2009 2010
f 2075 2001 1998
f 2080 2021 2017
f 2105 2030 2029
f 2070 2032 2036
f 2060 2042 2045
f 2052 2012 2013
f 2050 1992 1994
f 2056 2022 2026
f 2059 2037 2041
f 2063 2013 2015
f 2100 2045 2044
f 2083 2041 2038
f 2104 2026 2024
f 2064 1994 1995
f 2093 2033 2034
f 2076 2008 2007
f 2072 1997 1999
f 2089 2018 2020
f 2092 2028 2031
f 2099 2034 2035
f 2077 2007 2011
f 2078 1999 2000
f 2101 2020 2019
f 2068 2031 2027
f 2053 2016 2012
f 2049 1993 1992
f 2055 2023 2022
f 2058 2040 2037
f 2061 2046 2042
f 2069 2035 2032
f 2096 2011 2009
f 2081 2000 2001
f 2102 2019 2021
f 2067 2027 2030
f 2087 2010 2008
f 2071 1998 1997
f 2079 2017 2018
f 2091 2029 2028
f 2094 2036 2033
f 2097 2015 2014
f 2084 2044 2043
f 2082 2038 2039
f 2103 2024 2025
f 2066 1995 1996
f 2051 2060 2053
f 2047 2052 2049
f 2048 2050 2055
f 2054 2056 2058
f 2057 2059 2061
f 2062 2063 2069
f 2098 2100 2096
f 2085 2083 2081
f 2106 2104 2102
f 2065 2064 2067
f 2086 2093 2087
f 2073 2076 2071
f 2074 2072 2079
f 2088 2089 2091
f 2090 2092 2094
f 2095 2099 2097
f 2075 2077 2084
f 2080 2078 2082
f 2105 2101 2103
f 2070 2068 2066
f 2107 2153 2150
f 2107 2150 2149
f 2107 2149 2151
f 2107 2151 2152
f 2107 2152 2153
f 2108 2155 2158
f 2112 2178 2176
f 2118 2208 2205
f 2117 2202 2201
f 2114 2185 2187
f 2110 2168 2165
f 2110 2165 2164
f 2110 2164 2166
f 2110 2166 2167
f 2110 2167 2168
f 2111 2172 2171
f 2109 2160 2163
f 2113 2179 2183
f 2115 2191 2192
f 2116 2198 2194
f 2118 2207 2204
f 2112 2175 2174
f 2108 2156 2154
f 2114 2188 2184
f 2117 2203 2199
f 2112 2177 2175
f 2118 2206 2207
f 2117 2200 2203
f 2114 2186 2188
f 2108 2157 2156
f 2116 2196 2195
f 2111 2169 2170
f 2109 2161 2159
f 2113 2182 2180
f 2115 2193 2190
f 2116 2197 2196
f 2111 2173 2169
f 2109 2162 2161
f 2113 2181 2182
f 2115 2189 2193
f 2112 2174 2178
f 2108 2154 2155
f 2114 2184 2185
f 2117 2199 2202
f 2118 2204 2208
f 2116 2194 2197
f 2111 2171 2173
f 2109 2163 2162
f 2113 2183 2181
f 2115 2192 2189
f 2111 2170 2172
f 2109 2159 2160
f 2113 2180 2179
f 2115 2190 2191
f 2116 2195 2198
f 2112 2176 2177
f 2118 2205 2206
f 2117 2201 2200
f 2114 2187 2186
f 2108 2158 2157
f 2141 2215 2222
f 2124 2211 2214
f 2125 2217 2212
f 2146 2220 2218
f 2148 2223 2221
f 2140 2231 2225
f 2139 2258 2262
f 2131 2243 2245
f 2142 2264 2266
f 2126 2229 2226
f 2138 2249 2255
f 2129 2233 2238
f 2130 2241 2234
f 2143 2253 2251
f 2147 2256 2254
f 2140 2259 2261
f 2139 2246 2239
f 2131 2244 2240
f 2142 2265 2263
f 2126 2228 2230
f 2123 2213 2153
f 2120 2209 2150
f 2119 2210 2149
f 2121 2216 2151
f 2122 2219 2152
f 2124 2224 2155
f 2141 2260 2178
f 2148 2247 2208
f 2146 2268 2202
f 2125 2227 2185
f 2136 2248 2168
f 2133 2235 2165
f 2128 2236 2164
f 2134 2250 2166
f 2135 2252 2167
f 2138 2257 2172
f 2129 2237 2160
f 2130 2242 2179
f 2143 2267 2191
f 2147 2232 2198
f 2141 2222 2207
f 2124 2214 2175
f 2125 2212 2156
f 2146 2218 2188
f 2148 2221 2203
f 2140 2225 2177
f 2139 2262 2206
f 2131 2245 2200
f 2142 2266 2186
f 2126 2226 2157
f 2138 2255 2196
f 2129 2238 2169
f 2130 2234 2161
f 2143 2251 2182
f 2147 2254 2193
f 2140 2261 2197
f 2139 2239 2173
f 2131 2240 2162
f 2142 2263 2181
f 2126 2230 2189
f 2120 2215 2174
f 2119 2211 2154
f 2121 2217 2184
f 2122 2220 2199
f 2123 2223 2204
f 2127 2231 2194
f 2137 2258 2171
f 2132 2243 2163
f 2144 2264 2183
f 2145 2229 2192
f 2133 2249 2170
f 2128 2233 2159
f 2134 2241 2180
f 2135 2253 2190
f 2136 2256 2195
f 2137 2259 2176
f 2132 2246 2205
f 2144 2244 2201
f 2145 2265 2187
f 2127 2228 2158
f 2120 2213 2215
f 2119 2209 2211
f 2121 2210 2217
f 2122 2216 2220
f 2123 2219 2223
f 2127 2224 2231
f 2137 2260 2258
f 2132 2247 2243
f 2144 2268 2264
f 2145 2227 2229
f 2133 2248 2249
f 2128 2235 2233
f 2134 2236 2241
f 2135 2250 2253
f 2136 2252 2256
f 2137 2257 2259
f 2132 2237 2246
f 2144 2242 2244
f 2145 2267 2265
f 2127 2232 2228
f 2120 2150 2213
f 2119 2149 2209
f 2121 2151 2210
f 2122 2152 2216
f 2123 2153 2219
f 2127 2158 2224
f 2137 2176 2260
f 2132 2205 2247
f 2144 2201 2268
f 2145 2187 2227
f 2133 2165 2248
f 2128 2164 2235
f 2134 2166 2236
f 2135 2167 2250
f 2136 2168 2252
f 2137 2171 2257
f 2132 2163 2237
f 2144 2183 2242
f 2145 2192 2267
f 2127 2194 2232
f 2123 2204 2222
f 2120 2174 2214
f 2119 2154 2212
f 2121 2184 2218
f 2122 2199 2221
f 2124 2175 2225
f 2141 2207 2262
f 2148 2203 2245
f 2146 2188 2266
f 2125 2156 2226
f 2136 2195 2255
f 2133 2170 2238
f 2128 2159 2234
f 2134 2180 2251
f 2135 2190 2254
f 2138 2196 2261
f 2129 2169 2239
f 2130 2161 2240
f 2143 2182 2263
f 2147 2193 2230
f 2141 2178 2215
f 2124 2155 2211
f 2125 2185 2217
f 2146 2202 2220
f 2148 2208 2223
f 2140 2197 2231
f 2139 2173 2258
f 2131 2162 2243
f 2142 2181 2264
f 2126 2189 2229
f 2138 2172 2249
f 2129 2160 2233
f 2130 2179 2241
f 2143 2191 2253
f 2147 2198 2256
f 2140 2177 2259
f 2139 2206 2246
f 2131 2200 2244
f 2142 2186 2265
f 2126 2157 2228
f 2123 2222 2213
f 2120 2214 2209
f 2119 2212 2210
f 2121 2218 2216
f 2122 2221 2219
f 2124 2225 2224
f 2141 2262 2260
f 2148 2245 2247
f 2146 2266 2268
f 2125 2226 2227
f 2136 2255 2248
f 2133 2238 2235
f 2128 2234 2236
f 2134 2251 2250
f 2135 2254 2252
f 2138 2261 2257
f 2129 2239 2237
f 2130 2240 2242
f 2143 2263 2267
f 2147 2230 2232
f 2213 2150 2153
f 2209 2149 2150
f 2210 2151 2149
f 2216 2152 2151
f 2219 2153 2152
f 2224 2158 2155
f 2260 2176 2178
f 2247 2205 2208
f 2268 2201 2202
f 2227 2187 2185
f 2248 2165 2168
f 2235 2164 2165
f 2236 2166 2164
f 2250 2167 2166
f 2252 2168 2167
f 2257 2171 2172
f 2237 2163 2160
f 2242 2183 2179
f 2267 2192 2191
f 2232 2194 2198
f 2222 2204 2207
f 2214 2174 2175
f 2212 2154 2156
f 2218 2184 2188
f 2221 2199 2203
f 2225 2175 2177
f 2262 2207 2206
f 2245 2203 2200
f 2266 2188 2186
f 2226 2156 2157
f 2255 2195 2196
f 2238 2170 2169
f 2234 2159 2161
f 2251 2180 2182
f 2254 2190 2193
f 2261 2196 2197
f 2239 2169 2173
f 2240 2161 2162
f 2263 2182 2181
f 2230 2193 2189
f 2215 2178 2174
f 2211 2155 2154
f 2217 2185 2184
f 2220 2202 2199
f 2223 2208 2204
f 2231 2197 2194
f 2258 2173 2171
f 2243 2162 2163
f 2264 2181 2183
f 2229 2189 2192
f 2249 2172 2170
f 2233 2160 2159
f 2241 2179 2180
f 2253 2191 2190
f 2256 2198 2195
f 2259 2177 2176
f 2246 2206 2205
f 2244 2200 2201
f 2265 2186 2187
f 2228 2157 2158
f 2213 2222 2215
f 2209 2214 2211
f 2210 2212 2217
f 2216 2218 2220
f 2219 2221 2223
f 2224 2225 2231
f 2260 2262 2258
f 2247 2245 2243
f 2268 2266 2264
f 2227 2226 2229
f 2248 2255 2249
f 2235 2238 2233
f 2236 2234 2241
f 2250 2251 2253
f 2252 2254 2256
f 2257 2261 2259
f 2237 2239 2246
f 2242 2240 2244
f 2267 2263 2265
f 2232 2230 2228
f 2269 2315 2312
f 2269 2312 2311
f 2269 2311 2313
f 2269 2313 2314
f 2269 2314 2315
f 2270 2317 2320
f 2274 2340 2338
f 2280 2370 2367
f 2279 2364 2363
f 2276 2347 2349
f 2272 2330 2327
f 2272 2327 2326
f 2272 2326 2328
f 2272 2328 2329
f 2272 2329 2330
f 2273 2334 2333
f 2271 2322 2325
f 2275 2341 2345
f 2277 2353 2354
f 2278 2360 2356
f 2280 2369 2366
f 2274 2337 2336
f 2270 2318 2316
f 2276 2350 2346
f 2279 2365 2361
f 2274 2339 2337
f 2280 2368 2369
f 2279 2362 2365
f 2276 2348 2350
f 2270 2319 2318
f 2278 2358 2357
f 2273 2331 2332
f 2271 2323 2321
f 2275 2344 2342
f 2277 2355 2352
f 2278 2359 2358
f 2273 2335 2331
f 2271 2324 2323
f 2275 2343 2344
f 2277 2351 2355
f 2274 2336 2340
f 2270 2316 2317
f 2276 2346 2347
f 2279 2361 2364
f 2280 2366 2370
f 2278 2356 2359
f 2273 2333 2335
f 2271 2325 2324
f 2275 2345 2343
f 2277 2354 2351
f 2273 2332 2334
f 2271 2321 2322
f 2275 2342 2341
f 2277 2352 2353
f 2278 2357 2360
f 2274 2338 2339
f 2280 2367 2368
f 2279 2363 2362
f 2276 2349 2348
f 2270 2320 2319
f 2303 2377 2384
f 2286 2373 2376
f 2287 2379 2374
f 2308 2382 2380
f 2310 2385 2383
f 2302 2393 2387
f 2301 2420 2424
f 2293 2405 2407
f 2304 2426 2428
f 2288 2391 2388
f 2300 2411 2417
f 2291 2395 2400
f 2292 2403 2396
f 2305 2415 2413
f 2309 2418 2416
f 2302 2421 2423
f 2301 2408 2401
f 2293 2406 2402
f 2304 2427 2425
f 2288 2390 2392
f 2285 2375 2315
f 2282 2371 2312
f 2281 2372 2311
f 2283 2378 2313
f 2284 2381 2314
f 2286 2386 2317
f 2303 2422 2340
f 2310 2409 2370
f 2308 2430 2364
f 2287 2389 2347
f 2298 2410 2330
f 2295 2397 2327
f 2290 2398 2326
f 2296 2412 2328
f 2297 2414 2329
f 2300 2419 2334
f 2291 2399 2322
f 2292 2404 2341
f 2305 2429 2353
f 2309 2394 2360
f 2303 2384 2369
f 2286 2376 2337
f 2287 2374 2318
f 2308 2380 2350
f 2310 2383 2365
f 2302 2387 2339
f 2301 2424 2368
f 2293 2407 2362
f 2304 2428 2348
f 2288 2388 2319
f 2300 2417 2358
f 2291 2400 2331
f 2292 2396 2323
f 2305 2413 2344
f 2309 2416 2355
f 2302 2423 2359
f 2301 2401 2335
f 2293 2402 2324
f 2304 2425 2343
f 2288 2392 2351
f 2282 2377 2336
f 2281 2373 2316
f 2283 2379 2346
f 2284 2382 2361
f 2285 2385 2366
f 2289 2393 2356
f 2299 2420 2333
f 2294 2405 2325
f 2306 2426 2345
f 2307 2391 2354
f 2295 2411 2332
f 2290 2395 2321
f 2296 2403 2342
f 2297 2415 2352
f 2298 2418 2357
f 2299 2421 2338
f 2294 2408 2367
f 2306 2406 2363
f 2307 2427 2349
f 2289 2390 2320
f 2282 2375 2377
f 2281 2371 2373
f 2283 2372 2379
f 2284 2378 2382
f 2285 2381 2385
f 2289 2386 2393
f 2299 2422 2420
f 2294 2409 2405
f 2306 2430 2426
f 2307 2389 2391
f 2295 2410 2411
f 2290 2397 2395
f 2296 2398 2403
f 2297 2412 2415
f 2298 2414 2418
f 2299 2419 2421
f 2294 2399 2408
f 2306 2404 2406
f 2307 2429 2427
f 2289 2394 2390
f 2282 2312 2375
f 2281 2311 2371
f 2283 2313 2372
f 2284 2314 2378
f 2285 2315 2381
f 2289 2320 2386
f 2299 2338 2422
f 2294 2367 2409
f 2306 2363 2430
f 2307 2349 2389
f 2295 2327 2410
f 2290 2326 2397
f 2296 2328 2398
f 2297 2329 2412
f 2298 2330 2414
f 2299 2333 2419
f 2294 2325 2399
f 2306 2345 2404
f 2307 2354 2429
f 2289 2356 2394
f 2285 2366 2384
f 2282 2336 2376
f 2281 2316 2374
f 2283 2346 2380
f 2284 2361 2383
f 2286 2337 2387
f 2303 2369 2424
f 2310 2365 2407
f 2308 2350 2428
f 2287 2318 2388
f 2298 2357 2417
f 2295 2332 2400
f 2290 2321 2396
f 2296 2342 2413
f 2297 2352 2416
f 2300 2358 2423
f 2291 2331 2401
f 2292 2323 2402
f 2305 2344 2425
f 2309 2355 2392
f 2303 2340 2377
f 2286 2317 2373
f 2287 2347 2379
f 2308 2364 2382
f 2310 2370 2385
f 2302 2359 2393
f 2301 2335 2420
f 2293 2324 2405
f 2304 2343 2426
f 2288 2351 2391
f 2300 2334 2411
f 2291 2322 2395
f 2292 2341 2403
f 2305 2353 2415
f 2309 2360 2418
f 2302 2339 2421
f 2301 2368 2408
f 2293 2362 2406
f 2304 2348 2427
f 2288 2319 2390
f 2285 2384 2375
f 2282 2376 2371
f 2281 2374 2372
f 2283 2380 2378
f 2284 2383 2381
f 2286 2387 2386
f 2303 2424 2422
f 2310 2407 2409
f 2308 2428 2430
f 2287 2388 2389
f 2298 2417 2410
f 2295 2400 2397
f 2290 2396 2398
f 2296 2413 2412
f 2297 2416 2414
f 2300 2423 2419
f 2291 2401 2399
f 2292 2402 2404
f 2305 2425 2429
f 2309 2392 2394
f 2375 2312 2315
f 2371 2311 2312
f 2372 2313 2311
f 2378 2314 2313
f 2381 2315 2314
f 2386 2320 2317
f 2422 2338 2340
f 2409 2367 2370
f 2430 2363 2364
f 2389 2349 2347
f 2410 2327 2330
f 2397 2326 2327
f 2398 2328 2326
f 2412 2329 2328
f 2414 2330 2329
f 2419 2333 2334
f 2399 2325 2322
f 2404 2345 2341
f 2429 2354 2353
f 2394 2356 2360
f 2384 2366 2369
f 2376 2336 2337
f 2374 2316 2318
f 2380 2346 2350
f 2383 2361 2365
f 2387 2337 2339
f 2424 2369 2368
f 2407 2365 2362
f 2428 2350 2348
f 2388 2318 2319
f 2417 2357 2358
f 2400 2332 2331
f 2396 2321 2323
f 2413 2342 2344
f 2416 2352 2355
f 2423 2358 2359
f 2401 2331 2335
f 2402 2323 2324
f 2425 2344 2343
f 2392 2355 2351
f 2377 2340 2336
f 2373 2317 2316
f 2379 2347 2346
f 2382 2364 2361
f 2385 2370 2366
f 2393 2359 2356
f 2420 2335 2333
f 2405 2324 2325
f 2426 2343 2345
f 2391 2351 2354
f 2411 2334 2332
f 2395 2322 2321
f 2403 2341 2342
f 2415 2353 2352
f 2418 2360 2357
f 2421 2339 2338
f 2408 2368 2367
f 2406 2362 2363
f 2427 2348 2349
f 2390 2319 2320
f 2375 2384 2377
f 2371 2376 2373
f 2372 2374 2379
f 2378 2380 2382
f 2381 2383 2385
f 2386 2387 2393
f 2422 2424 2420
f 2409 2407 2405
f 2430 2428 2426
f 2389 2388 2391
f 2410 2417 2411
f 2397 2400 2395
f 2398 2396 2403
f 2412 2413 2415
f 2414 2416 2418
f 2419 2423 2421
f 2399 2401 2408
f 2404 2402 2406
f 2429 2425 2427
f 2394 2392 2390
f 2431 2477 2474
f 2431 2474 2473
f 2431 2473 2475
f 2431 2475 2476
f 2431 2476 2477
f 2432 2479 2482
f 2436 2502 2500
f 2442 2532 2529
f 2441 2526 2525
f 2438 2509 2511
f 2434 2492 2489
f 2434 2489 2488
f 2434 2488 2490
f 2434 2490 2491
f 2434 2491 2492
f 2435 2496 2495
f 2433 2484 2487
f 2437 2503 2507
f 2439 2515 2516
f 2440 2522 2518
f 2442 2531 2528
f 2436 2499 2498
f 2432 2480 2478
f 2438 2512 2508
f 2441 2527 2523
f 2436 2501 2499
f 2442 2530 2531
f 2441 2524 2527
f 2438 2510 2512
f 2432 2481 2480
f 2440 2520 2519
f 2435 2493 2494
f 2433 2485 2483
f 2437 2506 2504
f 2439 2517 2514
f 2440 2521 2520
f 2435 2497 2493
f 2433 2486 2485
f 2437 2505 2506
f 2439 2513 2517
f 2436 2498 2502
f 2432 2478 2479
f 2438 2508 2509
f 2441 2523 2526
f 2442 2528 2532
f 2440 2518 2521
f 2435 2495 2497
f 2433 2487 2486
f 2437 2507 2505
f 2439 2516 2513
f 2435 2494 2496
f 2433 2483 2484
f 2437 2504 2503
f 2439 2514 2515
f 2440 2519 2522
f 2436 2500 2501
f 2442 2529 2530
f 2441 2525 2524
f 2438 2511 2510
f 2432 2482 2481
f 2465 2539 2546
f 2448 2535 2538
f 2449 2541 2536
f 2470 2544 2542
f 2472 2547 2545
f 2464 2555 2549
f 2463 2582 2586
f 2455 2567 2569
f 2466 2588 2590
f 2450 2553 2550
f 2462 2573 2579
f 2453 2557 2562
f 2454 2565 2558
f 2467 2577 2575
f 2471 2580 2578
f 2464 2583 2585
f 2463 2570 2563
f 2455 2568 2564
f 2466 2589 2587
f 2450 2552 2554
f 2447 2537 2477
f 2444 2533 2474
f 2443 2534 2473
f 2445 2540 2475
f 2446 2543 2476
f 2448 2548 2479
f 2465 2584 2502
f 2472 2571 2532
f 2470 2592 2526
f 2449 2551 2509
f 2460 2572 2492
f 2457 2559 2489
f 2452 2560 2488
f 2458 2574 2490
f 2459 2576 2491
f 2462 2581 2496
f 2453 2561 2484
f 2454 2566 2503
f 2467 2591 2515
f 2471 2556 2522
f 2465 2546 2531
f 2448 2538 2499
f 2449 2536 2480
f 2470 2542 2512
f 2472 2545 2527
f 2464 2549 2501
f 2463 2586 2530
f 2455 2569 2524
f 2466 2590 2510
f 2450 2550 2481
f 2462 2579 2520
f 2453 2562 2493
f 2454 2558 2485
f 2467 2575 2506
f 2471 2578 2517
f 2464 2585 2521
f 2463 2563 2497
f 2455 2564 2486
f 2466 2587 2505
f 2450 2554 2513
f 2444 2539 2498
f 2443 2535 2478
f 2445 2541 2508
f 2446 2544 2523
f 2447 2547 2528
f 2451 2555 2518
f 2461 2582 2495
f 2456 2567 2487
f 2468 2588 2507
f 2469 2553 2516
f 2457 2573 2494
f 2452 2557 2483
f 2458 2565 2504
f 2459 2577 2514
f 2460 2580 2519
f 2461 2583 2500
f 2456 2570 2529
f 2468 2568 2525
f 2469 2589 2511
f 2451 2552 2482
f 2444 2537 2539
f 2443 2533 2535
f 2445 2534 2541
f 2446 2540 2544
f 2447 2543 2547
f 2451 2548 2555
f 2461 2584 2582
f 2456 2571 2567
f 2468 2592 2588
f 2469 2551 2553
f 2457 2572 2573
f 2452 2559 2557
f 2458 2560 2565
f 2459 2574 2577
f 2460 2576 2580
f 2461 2581 2583
f 2456 2561 2570
f 2468 2566 2568
f 2469 2591 2589
f 2451 2556 2552
f 2444 2474 2537
f 2443 2473 2533
f 2445 2475 2534
f 2446 2476 2540
f 2447 2477 2543
f 2451 2482 2548
f 2461 2500 2584
f 2456 2529 2571
f 2468 2525 2592
f 2469 2511 2551
f 2457 2489 2572
f 2452 2488 2559
f 2458 2490 2560
f 2459 2491 2574
f 2460 2492 2576
f 2461 2495 2581
f 2456 2487 2561
f 2468 2507 2566
f 2469 2516 2591
f 2451 2518 2556
f 2447 2528 2546
f 2444 2498 2538
f 2443 2478 2536
f 2445 2508 2542
f 2446 2523 2545
f 2448 2499 2549
f 2465 2531 2586
f 2472 2527 2569
f 2470 2512 2590
f 2449 2480 2550
f 2460 2519 2579
f 2457 2494 2562
f 2452 2483 2558
f 2458 2504 2575
f 2459 2514 2578
f 2462 2520 2585
f 2453 2493 2563
f 2454 2485 2564
f 2467 2506 2587
f 2471 2517 2554
f 2465 2502 2539
f 2448 2479 2535
f 2449 2509 2541
f 2470 2526 2544
f 2472 2532 2547
f 2464 2521 2555
f 2463 2497 2582
f 2455 2486 2567
f 2466 2505 2588
f 2450 2513 2553
f 2462 2496 2573
f 2453 2484 2557
f 2454 2503 2565
f 2467 2515 2577
f 2471 2522 2580
f 2464 2501 2583
f 2463 2530 2570
f 2455 2524 2568
f 2466 2510 2589
f 2450 2481 2552
f 2447 2546 2537
f 2444 2538 2533
f 2443 2536 2534
f 2445 2542 2540
f 2446 2545 2543
f 2448 2549 2548
f 2465 2586 2584
f 2472 2569 2571
f 2470 2590 2592
f 2449 2550 2551
f 2460 2579 2572
f 2457 2562 2559
f 2452 2558 2560
f 2458 2575 2574
f 2459 2578 2576
f 2462 2585 2581
f 2453 2563 2561
f 2454 2564 2566
f 2467 2587 2591
f 2471 2554 2556
f 2537 2474 2477
f 2533 2473 2474
f 2534 2475 2473
f 2540 2476 2475
f 2543 2477 2476
f 2548 2482 2479
f 2584 2500 2502
f 2571 2529 2532
f 2592 2525 2526
f 2551 2511 2509
f 2572 2489 2492
f 2559 2488 2489
f 2560 2490 2488
f 2574 2491 2490
f 2576 2492 2491
f 2581 2495 2496
f 2561 2487 2484
f 2566 2507 2503
f 2591 2516 2515
f 2556 2518 2522
f 2546 2528 2531
f 2538 2498 2499
f 2536 2478 2480
f 2542 2508 2512
f 2545 2523 2527
f 2549 2499 2501
f 2586 2531 2530
f 2569 2527 2524
f 2590 2512 2510
f 2550 2480 2481
f 2579 2519 2520
f 2562 2494 2493
f 2558 2483 2485
f 2575 2504 2506
f 2578 2514 2517
f 2585 2520 2521
f 2563 2493 2497
f 2564 2485 2486
f 2587 2506 2505
f 2554 2517 2513
f 2539 2502 2498
f 2535 2479 2478
f 2541 2509 2508
f 2544 2526 2523
f 2547 2532 2528
f 2555 2521 2518
f 2582 2497 2495
f 2567 2486 2487
f 2588 2505 2507
f 2553 2513 2516
f 2573 2496 2494
f 2557 2484 2483
f 2565 2503 2504
f 2577 2515 2514
f 2580 2522 2519
f 2583 2501 2500
f 2570 2530 2529
f 2568 2524 2525
f 2589 2510 2511
f 2552 2481 2482
f 2537 2546 2539
f 2533 2538 2535
f 2534 2536 2541
f 2540 2542 2544
f 2543 2545 2547
f 2548 2549 2555
f 2584 2586 2582
f 2571 2569 2567
f 2592 2590 2588
f 2551 2550 2553
f 2572 2579 2573
f 2559 2562 2557
f 2560 2558 2565
f 2574 2575 2577
f 2576 2578 2580
f 2581 2585 2583
f 2561 2563 2570
f 2566 2564 2568
f 2591 2587 2589
f 2556 2554 2552
f 2593 2639 2636
f 2593 2636 2635
f 2593 2635 2637
f 2593 2637 2638
f 2593 2638 2639
f 2594 2641 2644
f 2598 2664 2662
f 2604 2694 2691
f 2603 2688 2687
f 2600 2671 2673
f 2596 2654 2651
f 2596 2651 2650
f 2596 2650 2652
f 2596 2652 2653
f 2596 2653 2654
f 2597 2658 2657
f 2595 2646 2649
f 2599 2665 2669
f 2601 2677 2678
f 2602 2684 2680
f 2604 2693 2690
f 2598 2661 2660
f 2594 2642 2640
f 2600 2674 2670
f 2603 2689 2685
f 2598 2663 2661
f 2604 2692 2693
f 2603 2686 2689
f 2600 2672 2674
f 2594 2643 2642
f 2602 2682 2681
f 2597 2655 2656
f 2595 2647 2645
f 2599 2668 2666
f 2601 2679 2676
f 2602 2683 2682
f 2597 2659 2655
f 2595 2648 2647
f 2599 2667 2668
f 2601 2675 2679
f 2598 2660 2664
f 2594 2640 2641
f 2600 2670 2671
f 2603 2685 2688
f 2604 2690 2694
f 2602 2680 2683
f 2597 2657 2659
f 2595 2649 2648
f 2599 2669 2667
f 2601 2678 2675
f 2597 2656 2658
f 2595 2645 2646
f 2599 2666 2665
f 2601 2676 2677
f 2602 2681 2684
f 2598 2662 2663
f 2604 2691 2692
f 2603 2687 2686
f 2600 2673 2672
f 2594 2644 2643
f 2627 2701 2708
f 2610 2697 2700
f 2611 2703 2698
f 2632 2706 2704
f 2634 2709 2707
f 2626 2717 2711
f 2625 2744 2748
f 2617 2729 2731
f 2628 2750 2752
f 2612 2715 2712
f 2624 2735 2741
f 2615 2719 2724
f 2616 2727 2720
f 2629 2739 2737
f 2633 2742 2740
f 2626 2745 2747
f 2625 2732 2725
f 2617 2730 2726
f 2628 2751 2749
f 2612 2714 2716
f 2609 2699 2639
f 2606 2695 2636
f 2605 2696 2635
f 2607 2702 2637
f 2608 2705 2638
f 2610 2710 2641
f 2627 2746 2664
f 2634 2733 2694
f 2632 2754 2688
f 2611 2713 2671
f 2622 2734 2654
f 2619 2721 2651
f 2614 2722 2650
f 2620 2736 2652
f 2621 2738 2653
f 2624 2743 2658
f 2615 2723 2646
f 2616 2728 2665
f 2629 2753 2677
f 2633 2718 2684
f 2627 2708 2693
f 2610 2700 2661
f 2611 2698 2642
f 2632 2704 2674
f 2634 2707 2689
f 2626 2711 2663
f 2625 2748 2692
f 2617 2731 2686
f 2628 2752 2672
f 2612 2712 2643
f 2624 2741 2682
f 2615 2724 2655
f 2616 2720 2647
f 2629 2737 2668
f 2633 2740 2679
f 2626 2747 2683
f 2625 2725 2659
f 2617 2726 2648
f 2628 2749 2667
f 2612 2716 2675
f 2606 2701 2660
f 2605 2697 2640
f 2607 2703 2670
f 2608 2706 2685
f 2609 2709 2690
f 2613 2717 2680
f 2623 2744 2657
f 2618 2729 2649
f 2630 2750 2669
f 2631 2715 2678
f 2619 2735 2656
f 2614 2719 2645
f 2620 2727 2666
f 2621 2739 2676
f 2622 2742 2681
f 2623 2745 2662
f 2618 2732 2691
f 2630 2730 2687
f 2631 2751 2673
f 2613 2714 2644
f 2606 2699 2701
f 2605 2695 2697
f 2607 2696 2703
f 2608 2702 2706
f 2609 2705 2709
f 2613 2710 2717
f 2623 2746 2744
f 2618 2733 2729
f 2630 2754 2750
f 2631 2713 2715
f 2619 2734 2735
f 2614 2721 2719
f 2620 2722 2727
f 2621 2736 2739
f 2622 2738 2742
f 2623 2743 2745
f 2618 2723 2732
f 2630 2728 2730
f 2631 2753 2751
f 2613 2718 2714
f 2606 2636 2699
f 2605 2635 2695
f 2607 2637 2696
f 2608 2638 2702
f 2609 2639 2705
f 2613 2644 2710
f 2623 2662 2746
f 2618 2691 2733
f 2630 2687 2754
f 2631 2673 2713
f 2619 2651 2734
f 2614 2650 2721
f 2620 2652 2722
f 2621 2653 2736
f 2622 2654 2738
f 2623 2657 2743
f 2618 2649 2723
f 2630 2669 2728
f 2631 2678 2753
f 2613 2680 2718
f 2609 2690 2708
f 2606 2660 2700
f 2605 2640 2698
f 2607 2670 2704
f 2608 2685 2707
f 2610 2661 2711
f 2627 2693 2748
f 2634 2689 2731
f 2632 2674 2752
f 2611 2642 2712
f 2622 2681 2741
f 2619 2656 2724
f 2614 2645 2720
f 2620 2666 2737
f 2621 2676 2740
f 2624 2682 2747
f 2615 2655 2725
f 2616 2647 2726
f 2629 2668 2749
f 2633 2679 2716
f 2627 2664 2701
f 2610 2641 2697
f 2611 2671 2703
f 2632 2688 2706
f 2634 2694 2709
f 2626 2683 2717
f 2625 2659 2744
f 2617 2648 2729
f 2628 2667 2750
f 2612 2675 2715
f 2624 2658 2735
f 2615 2646 2719
f 2616 2665 2727
f 2629 2677 2739
f 2633 2684 2742
f 2626 2663 2745
f 2625 2692 2732
f 2617 2686 2730
f 2628 2672 2751
f 2612 2643 2714
f 2609 2708 2699
f 2606 2700 2695
f 2605 2698 2696
f 2607 2704 2702
f 2608 2707 2705
f 2610 2711 2710
f 2627 2748 2746
f 2634 2731 2733
f 2632 2752 2754
f 2611 2712 2713
f 2622 2741 2734
f 2619 2724 2721
f 2614 2720 2722
f 2620 2737 2736
f 2621 2740 2738
f 2624 2747 2743
f 2615 2725 2723
f 2616 2726 2728
f 2629 2749 2753
f 2633 2716 2718
f 2699 2636 2639
f 2695 2635 2636
f 2696 2637 2635
f 2702 2638 2637
f 2705 2639 2638
f 2710 2644 2641
f 2746 2662 2664
f 2733 2691 2694
f 2754 2687 2688
f 2713 2673 2671
f 2734 2651 2654
f 2721 2650 2651
f 2722 2652 2650
f 2736 2653 2652
f 2738 2654 2653
f 2743 2657 2658
f 2723 2649 2646
f 2728 2669 2665
f 2753 2678 2677
f 2718 2680 2684
f 2708 2690 2693
f 2700 2660 2661
f 2698 2640 2642
f 2704 2670 2674
f 2707 2685 2689
f 2711 2661 2663
f 2748 2693 2692
f 2731 2689 2686
f 2752 2674 2672
f 2712 2642 2643
f 2741 2681 2682
f 2724 2656 2655
f 2720 2645 2647
f 2737 2666 2668
f 2740 2676 2679
f 2747 2682 2683
f 2725 2655 2659
f 2726 2647 2648
f 2749 2668 2667
f 2716 2679 2675
f 2701 2664 2660
f 2697 2641 2640
f 2703 2671 2670
f 2706 2688 2685
f 2709 2694 2690
f 2717 2683 2680
f 2744 2659 2657
f 2729 2648 2649
f 2750 2667 2669
f 2715 2675 2678
f 2735 2658 2656
f 2719 2646 2645
f 2727 2665 2666
f 2739 2677 2676
f 2742 2684 2681
f 2745 2663 2662
f 2732 2692 2691
f 2730 2686 2687
f 2751 2672 2673
f 2714 2643 2644
f 2699 2708 2701
f 2695 2700 2697
f 2696 2698 2703
f 2702 2704 2706
f 2705 2707 2709
f 2710 2711 2717
f 2746 2748 2744
f 2733 2731 2729
f 2754 2752 2750
f 2713 2712 2715
f 2734 2741 2735
f 2721 2724 2719
f 2722 2720 2727
f 2736 2737 2739
f 2738 2740 2742
f 2743 2747 2745
f 2723 2725 2732
f 2728 2726 2730
f 2753 2749 2751
f 2718 2716 2714
f 2755 2801 2798
f 2755 2798 2797
f 2755 2797 2799
f 2755 2799 2800
f 2755 2800 2801
f 2756 2803 2806
f 2760 2826 2824
f 2766 2856 2853
f 2765 2850 2849
f 2762 2833 2835
f 2758 2816 2813
f 2758 2813 2812
f 2758 2812 2814
f 2758 2814 2815
f 2758 2815 2816
f 2759 2820 2819
f 2757 2808 2811
f 2761 2827 2831
f 2763 2839 2840
f 2764 2846 2842
f 2766 2855 2852
f 2760 2823 2822
f 2756 2804 2802
f 2762 2836 2832
f 2765 2851 2847
f 2760 2825 2823
f 2766 2854 2855
f 2765 2848 2851
f 2762 2834 2836
f 2756 2805 2804
f 2764 2844 2843
f 2759 2817 2818
f 2757 2809 2807
f 2761 2830 2828
f 2763 2841 2838
f 2764 2845 2844
f 2759 2821 2817
f 2757 2810 2809
f 2761 2829 2830
f 2763 2837 2841
f 2760 2822 2826
f 2756 2802 2803
f 2762 2832 2833
f 2765 2847 2850
f 2766 2852 2856
f 2764 2842 2845
f 2759 2819 2821
f 2757 2811 2810
f 2761 2831 2829
f 2763 2840 2837
f 2759 2818 2820
f 2757 2807 2808
f 2761 2828 2827
f 2763 2838 2839
f 2764 2843 2846
f 2760 2824 2825
f 2766 2853 2854
f 2765 2849 2848
f 2762 2835 2834
f 2756 2806 2805
f 2789 2863 2870
f 2772 2859 2862
f 2773 2865 2860
f 2794 2868 2866
f 2796 2871 2869
f 2788 2879 2873
f 2787 2906 2910
f 2779 2891 2893
f 2790 2912 2914
f 2774 2877 2874
f 2786 2897 2903
f 2777 2881 2886
f 2778 2889 2882
f 2791 2901 2899
f 2795 2904 2902
f 2788 2907 2909
f 2787 2894 2887
f 2779 2892 2888
f 2790 2913 2911
f 2774 2876 2878
f 2771 2861 2801
f 2768 2857 2798
f 2767 2858 2797
f 2769 2864 2799
f 2770 2867 2800
f 2772 2872 2803
f 2789 2908 2826
f 2796 2895 2856
f 2794 2916 2850
f 2773 2875 2833
f 2784 2896 2816
f 2781 2883 2813
f 2776 2884 2812
f 2782 2898 2814
f 2783 2900 2815
f 2786 2905 2820
f 2777 2885 2808
f 2778 2890 2827
f 2791 2915 2839
f 2795 2880 2846
f 2789 2870 2855
f 2772 2862 2823
f 2773 2860 2804
f 2794 2866 2836
f 2796 2869 2851
f 2788 2873 2825
f 2787 2910 2854
f 2779 2893 2848
f 2790 2914 2834
f 2774 2874 2805
f 2786 2903 2844
f 2777 2886 2817
f 2778 2882 2809
f 2791 2899 2830
f 2795 2902 2841
f 2788 2909 2845
f 2787 2887 2821
f 2779 2888 2810
f 2790 2911 2829
f 2774 2878 2837
f 2768 2863 2822
f 2767 2859 2802
f 2769 2865 2832
f 2770 2868 2847
f 2771 2871 2852
f 2775 2879 2842
f 2785 2906 2819
f 2780 2891 2811
f 2792 2912 2831
f 2793 2877 2840
f 2781 2897 2818
f 2776 2881 2807
f 2782 2889 2828
f 2783 2901 2838
f 2784 2904 2843
f 2785 2907 2824
f 2780 2894 2853
f 2792 2892 2849
f 2793 2913 2835
f 2775 2876 2806
f 2768 2861 2863
f 2767 2857 2859
f 2769 2858 2865
f 2770 2864 2868
f 2771 2867 2871
f 2775 2872 2879
f 2785 2908 2906
f 2780 2895 2891
f 2792 2916 2912
f 2793 2875 2877
f 2781 2896 2897
f 2776 2883 2881
f 2782 2884 2889
f 2783 2898 2901
f 2784 2900 2904
f 2785 2905 2907
f 2780 2885 2894
f 2792 2890 2892
f 2793 2915 2913
f 2775 2880 2876
f 2768 2798 2861
f 2767 2797 2857
f 2769 2799 2858
f 2770 2800 2864
f 2771 2801 2867
f 2775 2806 2872
f 2785 2824 2908
f 2780 2853 2895
f 2792 2849 2916
f 2793 2835 2875
f 2781 2813 2896
f 2776 2812 2883
f 2782 2814 2884
f 2783 2815 2898
f 2784 2816 2900
f 2785 2819 2905
f 2780 2811 2885
f 2792 2831 2890
f 2793 2840 2915
f 2775 2842 2880
f 2771 2852 2870
f 2768 2822 2862
f 2767 2802 2860
f 2769 2832 2866
f 2770 2847 2869
f 2772 2823 2873
f 2789 2855 2910
f 2796 2851 2893
f 2794 2836 2914
f 2773 2804 2874
f 2784 2843 2903
f 2781 2818 2886
f 2776 2807 2882
f 2782 2828 2899
f 2783 2838 2902
f 2786 2844 2909
f 2777 2817 2887
f 2778 2809 2888
f 2791 2830 2911
f 2795 2841 2878
f 2789 2826 2863
f 2772 2803 2859
f 2773 2833 2865
f 2794 2850 2868
f 2796 2856 2871
f 2788 2845 2879
f 2787 2821 2906
f 2779 2810 2891
f 2790 2829 2912
f 2774 2837 2877
f 2786 2820 2897
f 2777 2808 2881
f 2778 2827 2889
f 2791 2839 2901
f 2795 2846 2904
f 2788 2825 2907
f 2787 2854 2894
f 2779 2848 2892
f 2790 2834 2913
f 2774 2805 2876
f 2771 2870 2861
f 2768 2862 2857
f 2767 2860 2858
f 2769 2866 2864
f 2770 2869 2867
f 2772 2873 2872
f 2789 2910 2908
f 2796 2893 2895
f 2794 2914 2916
f 2773 2874 2875
f 2784 2903 2896
f 2781 2886 2883
f 2776 2882 2884
f 2782 2899 2898
f 2783 2902 2900
f 2786 2909 2905
f 2777 2887 2885
f 2778 2888 2890
f 2791 2911 2915
f 2795 2878 2880
f 2861 2798 2801
f 2857 2797 2798
f 2858 2799 2797
f 2864 2800 2799
f 2867 2801 2800
f 2872 2806 2803
f 2908 2824 2826
f 2895 2853 2856
f 2916 2849 2850
f 2875 2835 2833
f 2896 2813 2816
f 2883 2812 2813
f 2884 2814 2812
f 2898 2815 2814
f 2900 2816 2815
f 2905 2819 2820
f 2885 2811 2808
f 2890 2831 2827
f 2915 2840 2839
f 2880 2842 2846
f 2870 2852 2855
f 2862 2822 2823
f 2860 2802 2804
f 2866 2832 2836
f 2869 2847 2851
f 2873 2823 2825
f 2910 2855 2854
f 2893 2851 2848
f 2914 2836 2834
f 2874 2804 2805
f 2903 2843 2844
f 2886 2818 2817
f 2882 2807 2809
f 2899 2828 2830
f 2902 2838 2841
f 2909 2844 2845
f 2887 2817 2821
f 2888 2809 2810
f 2911 2830 2829
f 2878 2841 2837
f 2863 2826 2822
f 2859 2803 2802
f 2865 2833 2832
f 2868 2850 2847
f 2871 2856 2852
f 2879 2845 2842
f 2906 2821 2819
f 2891 2810 2811
f 2912 2829 2831
f 2877 2837 2840
f 2897 2820 2818
f 2881 2808 2807
f 2889 2827 2828
f 2901 2839 2838
f 2904 2846 2843
f 2907 2825 2824
f 2894 2854 2853
f 2892 2848 2849
f 2913 2834 2835
f 2876 2805 2806
f 2861 2870 2863
f 2857 2862 2859
f 2858 2860 2865
f 2864 2866 2868
f 2867 2869 2871
f 2872 2873 2879
f 2908 2910 2906
f 2895 2893 2891
f 2916 2914 2912
f 2875 2874 2877
f 2896 2903 2897
f 2883 2886 2881
f 2884 2882 2889
f 2898 2899 2901
f 2900 2902 2904
f 2905 2909 2907
f 2885 2887 2894
f 2890 2888 2892
f 2915 2911 2913
f 2880 2878 2876
f 2917 2963 2960
f 2917 2960 2959
f 2917 2959 2961
f 2917 2961 2962
f 2917 2962 2963
f 2918 2965 2968
f 2922 2988 2986
f 2928 3018 3015
f 2927 3012 3011
f 2924 2995 2997
f 2920 2978 2975
f 2920 2975 2974
f 2920 2974 2976
f 2920 2976 2977
f 2920 2977 2978
f 2921 2982 2981
f 2919 2970 2973
f 2923 2989 2993
f 2925 3001 3002
f 2926 3008 3004
f 2928 3017 3014
f 2922 2985 2984
f 2918 2966 2964
f 2924 2998 2994
f 2927 3013 3009
f 2922 2987 2985
f 2928 3016 3017
f 2927 3010 3013
f 2924 2996 2998
f 2918 2967 2966
f 2926 3006 3005
f 2921 2979 2980
f 2919 2971 2969
f 2923 2992 2990
f 2925 3003 3000
f 2926 3007 3006
f 2921 2983 2979
f 2919 2972 2971
f 2923 2991 2992
f 2925 2999 3003
f 2922 2984 2988
f 2918 2964 2965
f 2924 2994 2995
f 2927 3009 3012
f 2928 3014 3018
f 2926 3004 3007
f 2921 2981 2983
f 2919 2973 2972
f 2923 2993 2991
f 2925 3002 2999
f 2921 2980 2982
f 2919 2969 2970
f 2923 2990 2989
f 2925 3000 3001
f 2926 3005 3008
f 2922 2986 2987
f 2928 3015 3016
f 2927 3011 3010
f 2924 2997 2996
f 2918 2968 2967
f 2951 3025 3032
f 2934 3021 3024
f 2935 3027 3022
f 2956 3030 3028
f 2958 3033 3031
f 2950 3041 3035
f 2949 3068 3072
f 2941 3053 3055
f 2952 3074 3076
f 2936 3039 3036
f 2948 3059 3065
f 2939 3043 3048
f 2940 3051 3044
f 2953 3063 3061
f 2957 3066 3064
f 2950 3069 3071
f 2949 3056 3049
f 2941 3054 3050
f 2952 3075 3073
f 2936 3038 3040
f 2933 3023 2963
f 2930 3019 2960
f 2929 3020 2959
f 2931 3026 2961
f 2932 3029 2962
f 2934 3034 2965
f 2951 3070 2988
f 2958 3057 3018
f 2956 3078 3012
f 2935 3037 2995
f 2946 3058 2978
f 2943 3045 2975
f 2938 3046 2974
f 2944 3060 2976
f 2945 3062 2977
f 2948 3067 2982
f 2939 3047 2970
f 2940 3052 2989
f 2953 3077 3001
f 2957 3042 3008
f 2951 3032 3017
f 2934 3024 2985
f 2935 3022 2966
f 2956 3028 2998
f 2958 3031 3013
f 2950 3035 2987
f 2949 3072 3016
f 2941 3055 3010
f 2952 3076 2996
f 2936 3036 2967
f 2948 3065 3006
f 2939 3048 2979
f 2940 3044 2971
f 2953 3061 2992
f 2957 3064 3003
f 2950 3071 3007
f 2949 3049 2983
f 2941 3050 2972
f 2952 3073 2991
f 2936 3040 2999
f 2930 3025 2984
f 2929 3021 2964
f 2931 3027 2994
f 2932 3030 3009
f 2933 3033 3014
f 2937 3041 3004
f 2947 3068 2981
f 2942 3053 2973
f 2954 3074 2993
f 2955 3039 3002
f 2943 3059 2980
f 2938 3043 2969
f 2944 3051 2990
f 2945 3063 3000
f 2946 3066 3005
f 2947 3069 2986
f 2942 3056 3015
f 2954 3054 3011
f 2955 3075 2997
f 2937 3038 2968
f 2930 3023 3025
f 2929 3019 3021
f 2931 3020 3027
f 2932 3026 3030
f 2933 3029 3033
f 2937 3034 3041
f 2947 3070 3068
f 2942 3057 3053
f 2954 3078 3074
f 2955 3037 3039
f 2943 3058 3059
f 2938 3045 3043
f 2944 3046 3051
f 2945 3060 3063
f 2946 3062 3066
f 2947 3067 3069
f 2942 3047 3056
f 2954 3052 3054
f 2955 3077 3075
f 2937 3042 3038
f 2930 2960 3023
f 2929 2959 3019
f 2931 2961 3020
f 2932 2962 3026
f 2933 2963 3029
f 2937 2968 3034
f 2947 2986 3070
f 2942 3015 3057
f 2954 3011 3078
f 2955 2997 3037
f 2943 2975 3058
f 2938 2974 3045
f 2944 2976 3046
f 2945 2977 3060
f 2946 2978 3062
f 2947 2981 3067
f 2942 2973 3047
f 2954 2993 3052
f 2955 3002 3077
f 2937 3004 3042
f 2933 3014 3032
f 2930 2984 3024
f 2929 2964 3022
f 2931 2994 3028
f 2932 3009 3031
f 2934 2985 3035
f 2951 3017 3072
f 2958 3013 3055
f 2956 2998 3076
f 2935 2966 3036
f 2946 3005 3065
f 2943 2980 3048
f 2938 2969 3044
f 2944 2990 3061
f 2945 3000 3064
f 2948 3006 3071
f 2939 2979 3049
f 2940 2971 3050
f 2953 2992 3073
f 2957 3003 3040
f 2951 2988 3025
f 2934 2965 3021
f 2935 2995 3027
f 2956 3012 3030
f 2958 3018 3033
f 2950 3007 3041
f 2949 2983 3068
f 2941 2972 3053
f 2952 2991 3074
f 2936 2999 3039
f 2948 2982 3059
f 2939 2970 3043
f 2940 2989 3051
f 2953 3001 3063
f 2957 3008 3066
f 2950 2987 3069
f 2949 3016 3056
f 2941 3010 3054
f 2952 2996 3075
f 2936 2967 3038
f 2933 3032 3023
f 2930 3024 3019
f 2929 3022 3020
f 2931 3028 3026
f 2932 3031 3029
f 2934 3035 3034
f 2951 3072 3070
f 2958 3055 3057
f 2956 3076 3078
f 2935 3036 3037
f 2946 3065 3058
f 2943 3048 3045
f 2938 3044 3046
f 2944 3061 3060
f 2945 3064 3062
f 2948 3071 3067
f 2939 3049 3047
f 2940 3050 3052
f 2953 3073 3077
f 2957 3040 3042
f 3023 2960 2963
f 3019 2959 2960
f 3020 2961 2959
f 3026 2962 2961
f 3029 2963 2962
f 3034 2968 2965
f 3070 2986 2988
f 3057 3015 3018
f 3078 3011 3012
f 3037 2997 2995
f 3058 2975 2978
f 3045 2974 2975
f 3046 2976 2974
f 3060 2977 2976
f 3062 2978 2977
f 3067 2981 2982
f 3047 2973 2970
f 3052 2993 2989
f 3077 3002 3001
f 3042 3004 3008
f 3032 3014 3017
f 3024 2984 2985
f 3022 2964 2966
f 3028 2994 2998
f 3031 3009 3013
f 3035 2985 2987
f 3072 3017 3016
f 3055 3013 3010
f 3076 2998 2996
f 3036 2966 2967
f 3065 3005 3006
f 3048 2980 2979
f 3044 2969 2971
f 3061 2990 2992
f 3064 3000 3003
f 3071 3006 3007
f 3049 2979 2983
f 3050 2971 2972
f 3073 2992 2991
f 3040 3003 2999
f 3025 2988 2984
f 3021 2965 2964
f 3027 2995 2994
f 3030 3012 3009
f 3033 3018 3014
f 3041 3007 3004
f 3068 2983 2981
f 3053 2972 2973
f 3074 2991 2993
f 3039 2999 3002
f 3059 2982 2980
f 3043 2970 2969
f 3051 2989 2990
f 3063 3001 3000
f 3066 3008 3005
f 3069 2987 2986
f 3056 3016 3015
f 3054 3010 3011
f 3075 2996 2997
f 3038 2967 2968
f 3023 3032 3025
f 3019 3024 3021
f 3020 3022 3027
f 3026 3028 3030
f 3029 3031 3033
f 3034 3035 3041
f 3070 3072 3068
f 3057 3055 3053
f 3078 3076 3074
f 3037 3036 3039
f 3058 3065 3059
f 3045 3048 3043
f 3046 3044 3051
f 3060 3061 3063
f 3062 3064 3066
f 3067 3071 3069
f 3047 3049 3056
f 3052 3050 3054
f 3077 3073 3075
f 3042 3040 3038
f 3079 3125 3122
f 3079 3122 3121
f 3079 3121 3123
f 3079 3123 3124
f 3079 3124 3125
f 3080 3127 3130
f 3084 3150 3148
f 3090 3180 3177
f 3089 3174 3173
f 3086 3157 3159
f 3082 3140 3137
f 3082 3137 3136
f 3082 3136 3138
f 3082 3138 3139
f 3082 3139 3140
f 3083 3144 3143
f 3081 3132 3135
f 3085 3151 3155
f 3087 3163 3164
f 3088 3170 3166
f 3090 3179 3176
f 3084 3147 3146
f 3080 3128 3126
f 3086 3160 3156
f 3089 3175 3171
f 3084 3149 3147
f 3090 3178 3179
f 3089 3172 3175
f 3086 3158 3160
f 3080 3129 3128
f 3088 3168 3167
f 3083 3141 3142
f 3081 3133 3131
f 3085 3154 3152
f 3087 3165 3162
f 3088 3169 3168
f 3083 3145 3141
f 3081 3134 3133
f 3085 3153 3154
f 3087 3161 3165
f 3084 3146 3150
f 3080 3126 3127
f 3086 3156 3157
f 3089 3171 3174
f 3090 3176 3180
f 3088 3166 3169
f 3083 3143 3145
f 3081 3135 3134
f 3085 3155 3153
f 3087 3164 3161
f 3083 3142 3144
f 3081 3131 3132
f 3085 3152 3151
f 3087 3162 3163
f 3088 3167 3170
f 3084 3148 3149
f 3090 3177 3178
f 3089 3173 3172
f 3086 3159 3158
f 3080 3130 3129
f 3113 3187 3194
f 3096 3183 3186
f 3097 3189 3184
f 3118 3192 3190
f 3120 3195 3193
f 3112 3203 3197
f 3111 3230 3234
f 3103 3215 3217
f 3114 3236 3238
f 3098 3201 3198
f 3110 3221 3227
f 3101 3205 3210
f 3102 3213 3206
f 3115 3225 3223
f 3119 3228 3226
f 3112 3231 3233
f 3111 3218 3211
f 3103 3216 3212
f 3114 3237 3235
f 3098 3200 3202
f 3095 3185 3125
f 3092 3181 3122
f 3091 3182 3121
f 3093 3188 3123
f 3094 3191 3124
f 3096 3196 3127
f 3113 3232 3150
f 3120 3219 3180
f 3118 3240 3174
f 3097 3199 3157
f 3108 3220 3140
f 3105 3207 3137
f 3100 3208 3136
f 3106 3222 3138
f 3107 3224 3139
f 3110 3229 3144
f 3101 3209 3132
f 3102 3214 3151
f 3115 3239 3163
f 3119 3204 3170
f 3113 3194 3179
f 3096 3186 3147
f 3097 3184 3128
f 3118 3190 3160
f 3120 3193 3175
f 3112 3197 3149
f 3111 3234 3178
f 3103 3217 3172
f 3114 3238 3158
f 3098 3198 3129
f 3110 3227 3168
f 3101 3210 3141
f 3102 3206 3133
f 3115 3223 3154
f 3119 3226 3165
f 3112 3233 3169
f 3111 3211 3145
f 3103 3212 3134
f 3114 3235 3153
f 3098 3202 3161
f 3092 3187 3146
f 3091 3183 3126
f 3093 3189 3156
f 3094 3192 3171
f 3095 3195 3176
f 3099 3203 3166
f 3109 3230 3143
f 3104 3215 3135
f 3116 3236 3155
f 3117 3201 3164
f 3105 3221 3142
f 3100 3205 3131
f 3106 3213 3152
f 3107 3225 3162
f 3108 3228 3167
f 3109 3231 3148
f 3104 3218 3177
f 3116 3216 3173
f 3117 3237 3159
f 3099 3200 3130
f 3092 3185 3187
f 3091 3181 3183
f 3093 3182 3189
f 3094 3188 3192
f 3095 3191 3195
f 3099 3196 3203
f 3109 3232 3230
f 3104 3219 3215
f 3116 3240 3236
f 3117 3199 3201
f 3105 3220 3221
f 3100 3207 3205
f 3106 3208 3213
f 3107 3222 3225
f 3108 3224 3228
f 3109 3229 3231
f 3104 3209 3218
f 3116 3214 3216
f 3117 3239 3237
f 3099 3204 3200
f 3092 3122 3185
f 3091 3121 3181
f 3093 3123 3182
f 3094 3124 3188
f 3095 3125 3191
f 3099 3130 3196
f 3109 3148 3232
f 3104 3177 3219
f 3116 3173 3240
f 3117 3159 3199
f 3105 3137 3220
f 3100 3136 3207
f 3106 3138 3208
f 3107 3139 3222
f 3108 3140 3224
f 3109 3143 3229
f 3104 3135 3209
f 3116 3155 3214
f 3117 3164 3239
f 3099 3166 3204
f 3095 3176 3194
f 3092 3146 3186
f 3091 3126 3184
f 3093 3156 3190
f 3094 3171 3193
f 3096 3147 3197
f 3113 3179 3234
f 3120 3175 3217
f 3118 3160 3238
f 3097 3128 3198
f 3108 3167 3227
f 3105 3142 3210
f 3100 3131 3206
f 3106 3152 3223
f 3107 3162 3226
f 3110 3168 3233
f 3101 3141 3211
f 3102 3133 3212
f 3115 3154 3235
f 3119 3165 3202
f 3113 3150 3187
f 3096 3127 3183
f 3097 3157 3189
f 3118 3174 3192
f 3120 3180 3195
f 3112 3169 3203
f 3111 3145 3230
f 3103 3134 3215
f 3114 3153 3236
f 3098 3161 3201
f 3110 3144 3221
f 3101 3132 3205
f 3102 3151 3213
f 3115 3163 3225
f 3119 3170 3228
f 3112 3149 3231
f 3111 3178 3218
f 3103 3172 3216
f 3114 3158 3237
f 3098 3129 3200
f 3095 3194 3185
f 3092 3186 3181
f 3091 3184 3182
f 3093 3190 3188
f 3094 3193 3191
f 3096 3197 3196
f 3113 3234 3232
f 3120 3217 3219
f 3118 3238 3240
f 3097 3198 3199
f 3108 3227 3220
f 3105 3210 3207
f 3100 3206 3208
f 3106 3223 3222
f 3107 3226 3224
f 3110 3233 3229
f 3101 3211 3209
f 3102 3212 3214
f 3115 3235 3239
f 3119 3202 3204
f 3185 3122 3125
f 3181 3121 3122
f 3182 3123 3121
f 3188 3124 3123
f 3191 3125 3124
f 3196 3130 3127
f 3232 3148 3150
f 3219 3177 3180
f 3240 3173 3174
f 3199 3159 3157
f 3220 3137 3140
f 3207 3136 3137
f 3208 3138 3136
f 3222 3139 3138
f 3224 3140 3139
f 3229 3143 3144
f 3209 3135 3132
f 3214 3155 3151
f 3239 3164 3163
f 3204 3166 3170
f 3194 3176 3179
f 3186 3146 3147
f 3184 3126 3128
f 3190 3156 3160
f 3193 3171 3175
f 3197 3147 3149
f 3234 3179 3178
f 3217 3175 3172
f 3238 3160 3158
f 3198 3128 3129
f 3227 3167 3168
f 3210 3142 3141
f 3206 3131 3133
f 3223 3152 3154
f 3226 3162 3165
f 3233 3168 3169
f 3211 3141 3145
f 3212 3133 3134
f 3235 3154 3153
f 3202 3165 3161
f 3187 3150 3146
f 3183 3127 3126
f 3189 3157 3156
f 3192 3174 3171
f 3195 3180 3176
f 3203 3169 3166
f 3230 3145 3143
f 3215 3134 3135
f 3236 3153 3155
f 3201 3161 3164
f 3221 3144 3142
f 3205 3132 3131
f 3213 3151 3152
f 3225 3163 3162
f 3228 3170 3167
f 3231 3149 3148
f 3218 3178 3177
f 3216 3172 3173
f 3237 3158 3159
f 3200 3129 3130
f 3185 3194 3187
f 3181 3186 3183
f 3182 3184 3189
f 3188 3190 3192
f 3191 3193 3195
f 3196 3197 3203
f 3232 3234 3230
f 3219 3217 3215
f 3240 3238 3236
f 3199 3198 3201
f 3220 3227 3221
f 3207 3210 3205
f 3208 3206 3213
f 3222 3223 3225
f 3224 3226 3228
f 3229 3233 3231
f 3209 3211 3218
f 3214 3212 3216
f 3239 3235 3237
f 3204 3202 3200
f 3241 3287 3284
f 3241 3284 3283
f 3241 3283 3285
f 3241 3285 3286
f 3241 3286 3287
f 3242 3289 3292
f 3246 3312 3310
f 3252 3342 3339
f 3251 3336 3335
f 3248 3319 3321
f 3244 3302 3299
f 3244 3299 3298
f 3244 3298 3300
f 3244 3300 3301
f 3244 3301 3302
f 3245 3306 3305
f 3243 3294 3297
f 3247 3313 3317
f 3249 3325 3326
f 3250 3332 3328
f 3252 3341 3338
f 3246 3309 3308
f 3242 3290 3288
f 3248 3322 3318
f 3251 3337 3333
f 3246 3311 3309
f 3252 3340 3341
f 3251 3334 3337
f 3248 3320 3322
f 3242 3291 3290
f 3250 3330 3329
f 3245 3303 3304
f 3243 3295 3293
f 3247 3316 3314
f 3249 3327 3324
f 3250 3331 3330
f 3245 3307 3303
f 3243 3296 3295
f 3247 3315 3316
f 3249 3323 3327
f 3246 3308 3312
f 3242 3288 3289
f 3248 3318 3319
f 3251 3333 3336
f 3252 3338 3342
f 3250 3328 3331
f 3245 3305 3307
f 3243 3297 3296
f 3247 3317 3315
f 3249 3326 3323
f 3245 3304 3306
f 3243 3293 3294
f 3247 3314 3313
f 3249 3324 3325
f 3250 3329 3332
f 3246 3310 3311
f 3252 3339 3340
f 3251 3335 3334
f 3248 3321 3320
f 3242 3292 3291
f 3275 3349 3356
f 3258 3345 3348
f 3259 3351 3346
f 3280 3354 3352
f 3282 3357 3355
f 3274 3365 3359
f 3273 3392 3396
f 3265 3377 3379
f 3276 3398 3400
f 3260 3363 3360
f 3272 3383 3389
f 3263 3367 3372
f 3264 3375 3368
f 3277 3387 3385
f 3281 3390 3388
f 3274 3393 3395
f 3273 3380 3373
f 3265 3378 3374
f 3276 3399 3397
f 3260 3362 3364
f 3257 3347 3287
f 3254 3343 3284
f 3253 3344 3283
f 3255 3350 3285
f 3256 3353 3286
f 3258 3358 3289
f 3275 3394 3312
f 3282 3381 3342
f 3280 3402 3336
f 3259 3361 3319
f 3270 3382 3302
f 3267 3369 3299
f 3262 3370 3298
f 3268 3384 3300
f 3269 3386 3301
f 3272 3391 3306
f 3263 3371 3294
f 3264 3376 3313
f 3277 3401 3325
f 3281 3366 3332
f 3275 3356 3341
f 3258 3348 3309
f 3259 3346 3290
f 3280 3352 3322
f 3282 3355 3337
f 3274 3359 3311
f 3273 3396 3340
f 3265 3379 3334
f 3276 3400 3320
f 3260 3360 3291
f 3272 3389 3330
f 3263 3372 3303
f 3264 3368 3295
f 3277 3385 3316
f 3281 3388 3327
f 3274 3395 3331
f 3273 3373 3307
f 3265 3374 3296
f 3276 3397 3315
f 3260 3364 3323
f 3254 3349 3308
f 3253 3345 3288
f 3255 3351 3318
f 3256 3354 3333
f 3257 3357 3338
f 3261 3365 3328
f 3271 3392 3305
f 3266 3377 3297
f 3278 3398 3317
f 3279 3363 3326
f 3267 3383 3304
f 3262 3367 3293
f 3268 3375 3314
f 3269 3387 3324
f 3270 3390 3329
f 3271 3393 3310
f 3266 3380 3339
f 3278 3378 3335
f 3279 3399 3321
f 3261 3362 3292
f 3254 3347 3349
f 3253 3343 3345
f 3255 3344 3351
f 3256 3350 3354
f 3257 3353 3357
f 3261 3358 3365
f 3271 3394 3392
f 3266 3381 3377
f 3278 3402 3398
f 3279 3361 3363
f 3267 3382 3383
f 3262 3369 3367
f 3268 3370 3375
f 3269 3384 3387
f 3270 3386 3390
f 3271 3391 3393
f 3266 3371 3380
f 3278 3376 3378
f 3279 3401 3399
f 3261 3366 3362
f 3254 3284 3347
f 3253 3283 3343
f 3255 3285 3344
f 3256 3286 3350
f 3257 3287 3353
f 3261 3292 3358
f 3271 3310 3394
f 3266 3339 3381
f 3278 3335 3402
f 3279 3321 3361
f 3267 3299 3382
f 3262 3298 3369
f 3268 3300 3370
f 3269 3301 3384
f 3270 3302 3386
f 3271 3305 3391
f 3266 3297 3371
f 3278 3317 3376
f 3279 3326 3401
f 3261 3328 3366
f 3257 3338 3356
f 3254 3308 3348
f 3253 3288 3346
f 3255 3318 3352
f 3256 3333 3355
f 3258 3309 3359
f 3275 3341 3396
f 3282 3337 3379
f 3280 3322 3400
f 3259 3290 3360
f 3270 3329 3389
f 3267 3304 3372
f 3262 3293 3368
f 3268 3314 3385
f 3269 3324 3388
f 3272 3330 3395
f 3263 3303 3373
f 3264 3295 3374
f 3277 3316 3397
f 3281 3327 3364
f 3275 3312 3349
f 3258 3289 3345
f 3259 3319 3351
f 3280 3336 3354
f 3282 3342 3357
f 3274 3331 3365
f 3273 3307 3392
f 3265 3296 3377
f 3276 3315 3398
f 3260 3323 3363
f 3272 3306 3383
f 3263 3294 3367
f 3264 3313 3375
f 3277 3325 3387
f 3281 3332 3390
f 3274 3311 3393
f 3273 3340 3380
f 3265 3334 3378
f 3276 3320 3399
f 3260 3291 3362
f 3257 3356 3347
f 3254 3348 3343
f 3253 3346 3344
f 3255 3352 3350
f 3256 3355 3353
f 3258 3359 3358
f 3275 3396 3394
f 3282 3379 3381
f 3280 3400 3402
f 3259 3360 3361
f 3270 3389 3382
f 3267 3372 3369
f 3262 3368 3370
f 3268 3385 3384
f 3269 3388 3386
f 3272 3395 3391
f 3263 3373 3371
f 3264 3374 3376
f 3277 3397 3401
f 3281 3364 3366
f 3347 3284 3287
f 3343 3283 3284
f 3344 3285 3283
f 3350 3286 3285
f 3353 3287 3286
f 3358 3292 3289
f 3394 3310 3312
f 3381 3339 3342
f 3402 3335 3336
f 3361 3321 3319
f 3382 3299 3302
f 3369 3298 3299
f 3370 3300 3298
f 3384 3301 3300
f 3386 3302 3301
f 3391 3305 3306
f 3371 3297 3294
f 3376 3317 3313
f 3401 3326 3325
f 3366 3328 3332
f 3356 3338 3341
f 3348 3308 3309
f 3346 3288 3290
f 3352 3318 3322
f 3355 3333 3337
f 3359 3309 3311
f 3396 3341 3340
f 3379 3337 3334
f 3400 3322 3320
f 3360 3290 3291
f 3389 3329 3330
f 3372 3304 3303
f 3368 3293 3295
f 3385 3314 3316
f 3388 3324 3327
f 3395 3330 3331
f 3373 3303 3307
f 3374 3295 3296
f 3397 3316 3315
f 3364 3327 3323
f 3349 3312 3308
f 3345 3289 3288
f 3351 3319 3318
f 3354 3336 3333
f 3357 3342 3338
f 3365 3331 3328
f 3392 3307 3305
f 3377 3296 3297
f 3398 3315 3317
f 3363 3323 3326
f 3383 3306 3304
f 3367 3294 3293
f 3375 3313 3314
f 3387 3325 3324
f 3390 3332 3329
f 3393 3311 3310
f 3380 3340 3339
f 3378 3334 3335
f 3399 3320 3321
f 3362 3291 3292
f 3347 3356 3349
f 3343 3348 3345
f 3344 3346 3351
f 3350 3352 3354
f 3353 3355 3357
f 3358 3359 3365
f 3394 3396 3392
f 3381 3379 3377
f 3402 3400 3398
f 3361 3360 3363
f 3382 3389 3383
f 3369 3372 3367
f 3370 3368 3375
f 3384 3385 3387
f 3386 3388 3390
f 3391 3395 3393
f 3371 3373 3380
f 3376 3374 3378
f 3401 3397 3399
f 3366 3364 3362
f 3403 3449 3446
f 3403 3446 3445
f 3403 3445 3447
f 3403 3447 3448
f 3403 3448 3449
f 3404 3451 3454
f 3408 3474 3472
f 3414 3504 3501
f 3413 3498 3497
f 3410 3481 3483
f 3406 3464 3461
f 3406 3461 3460
f 3406 3460 3462
f 3406 3462 3463
f 3406 3463 3464
f 3407 3468 3467
f 3405 3456 3459
f 3409 3475 3479
f 3411 3487 3488
f 3412 3494 3490
f 3414 3503 3500
f 3408 3471 3470
f 3404 3452 3450
f 3410 3484 3480
f 3413 3499 3495
f 3408 3473 3471
f 3414 3502 3503
f 3413 3496 3499
f 3410 3482 3484
f 3404 3453 3452
f 3412 3492 3491
f 3407 3465 3466
f 3405 3457 3455
f 3409 3478 3476
f 3411 3489 3486
f 3412 3493 3492
f 3407 3469 3465
f 3405 3458 3457
f 3409 3477 3478
f 3411 3485 3489
f 3408 3470 3474
f 3404 3450 3451
f 3410 3480 3481
f 3413 3495 3498
f 3414 3500 3504
f 3412 3490 3493
f 3407 3467 3469
f 3405 3459 3458
f 3409 3479 3477
f 3411 3488 3485
f 3407 3466 3468
f 3405 3455 3456
f 3409 3476 3475
f 3411 3486 3487
f 3412 3491 3494
f 3408 3472 3473
f 3414 3501 3502
f 3413 3497 3496
f 3410 3483 3482
f 3404 3454 3453
f 3437 3511 3518
f 3420 3507 3510
f 3421 3513 3508
f 3442 3516 3514
f 3444 3519 3517
f 3436 3527 3521
f 3435 3554 3558
f 3427 3539 3541
f 3438 3560 3562
f 3422 3525 3522
f 3434 3545 3551
f 3425 3529 3534
f 3426 3537 3530
f 3439 3549 3547
f 3443 3552 3550
f 3436 3555 3557
f 3435 3542 3535
f 3427 3540 3536
f 3438 3561 3559
f 3422 3524 3526
f 3419 3509 3449
f 3416 3505 3446
f 3415 3506 3445
f 3417 3512 3447
f 3418 3515 3448
f 3420 3520 3451
f 3437 3556 3474
f 3444 3543 3504
f 3442 3564 3498
f 3421 3523 3481
f 3432 3544 3464
f 3429 3531 3461
f 3424 3532 3460
f 3430 3546 3462
f 3431 3548 3463
f 3434 3553 3468
f 3425 3533 3456
f 3426 3538 3475
f 3439 3563 3487
f 3443 3528 3494
f 3437 3518 3503
f 3420 3510 3471
f 3421 3508 3452
f 3442 3514 3484
f 3444 3517 3499
f 3436 3521 3473
f 3435 3558 3502
f 3427 3541 3496
f 3438 3562 3482
f 3422 3522 3453
f 3434 3551 3492
f 3425 3534 3465
f 3426 3530 3457
f 3439 3547 3478
f 3443 3550 3489
f 3436 3557 3493
f 3435 3535 3469
f 3427 3536 3458
f 3438 3559 3477
f 3422 3526 3485
f 3416 3511 3470
f 3415 3507 3450
f 3417 3513 3480
f 3418 3516 3495
f 3419 3519 3500
f 3423 3527 3490
f 3433 3554 3467
f 3428 3539 3459
f 3440 3560 3479
f 3441 3525 3488
f 3429 3545 3466
f 3424 3529 3455
f 3430 3537 3476
f 3431 3549 3486
f 3432 3552 3491
f 3433 3555 3472
f 3428 3542 3501
f 3440 3540 3497
f 3441 3561 3483
f 3423 3524 3454
f 3416 3509 3511
f 3415 3505 3507
f 3417 3506 3513
f 3418 3512 3516
f 3419 3515 3519
f 3423 3520 3527
f 3433 3556 3554
f 3428 3543 3539
f 3440 3564 3560
f 3441 3523 3525
f 3429 3544 3545
f 3424 3531 3529
f 3430 3532 3537
f 3431 3546 3549
f 3432 3548 3552
f 3433 3553 3555
f 3428 3533 3542
f 3440 3538 3540
f 3441 3563 3561
f 3423 3528 3524
f 3416 3446 3509
f 3415 3445 3505
f 3417 3447 3506
f 3418 3448 3512
f 3419 3449 3515
f 3423 3454 3520
f 3433 3472 3556
f 3428 3501 3543
f 3440 3497 3564
f 3441 3483 3523
f 3429 3461 3544
f 3424 3460 3531
f 3430 3462 3532
f 3431 3463 3546
f 3432 3464 3548
f 3433 3467 3553
f 3428 3459 3533
f 3440 3479 3538
f 3441 3488 3563
f 3423 3490 3528
f 3419 3500 3518
f 3416 3470 3510
f 3415 3450 3508
f 3417 3480 3514
f 3418 3495 3517
f 3420 3471 3521
f 3437 3503 3558
f 3444 3499 3541
f 3442 3484 3562
f 3421 3452 3522
f 3432 3491 3551
f 3429 3466 3534
f 3424 3455 3530
f 3430 3476 3547
f 3431 3486 3550
f 3434 3492 3557
f 3425 3465 3535
f 3426 3457 3536
f 3439 3478 3559
f 3443 3489 3526
f 3437 3474 3511
f 3420 3451 3507
f 3421 3481 3513
f 3442 3498 3516
f 3444 3504 3519
f 3436 3493 3527
f 3435 3469 3554
f 3427 3458 3539
f 3438 3477 3560
f 3422 3485 3525
f 3434 3468 3545
f 3425 3456 3529
f 3426 3475 3537
f 3439 3487 3549
f 3443 3494 3552
f 3436 3473 3555
f 3435 3502 3542
f 3427 3496 3540
f 3438 3482 3561
f 3422 3453 3524
f 3419 3518 3509
f 3416 3510 3505
f 3415 3508 3506
f 3417 3514 3512
f 3418 3517 3515
f 3420 3521 3520
f 3437 3558 3556
f 3444 3541 3543
f 3442 3562 3564
f 3421 3522 3523
f 3432 3551 3544
f 3429 3534 3531
f 3424 3530 3532
f 3430 3547 3546
f 3431 3550 3548
f 3434 3557 3553
f 3425 3535 3533
f 3426 3536 3538
f 3439 3559 3563
f 3443 3526 3528
f 3509 3446 3449
f 3505 3445 3446
f 3506 3447 3445
f 3512 3448 3447
f 3515 3449 3448
f 3520 3454 3451
f 3556 3472 3474
f 3543 3501 3504
f 3564 3497 3498
f 3523 3483 3481
f 3544 3461 3464
f 3531 3460 3461
f 3532 3462 3460
f 3546 3463 3462
f 3548 3464 3463
f 3553 3467 3468
f 3533 3459 3456
f 3538 3479 3475
f 3563 3488 3487
f 3528 3490 3494
f 3518 3500 3503
f 3510 3470 3471
f 3508 3450 3452
f 3514 3480 3484
f 3517 3495 3499
f 3521 3471 3473
f 3558 3503 3502
f 3541 3499 3496
f 3562 3484 3482
f 3522 3452 3453
f 3551 3491 3492
f 3534 3466 3465
f 3530 3455 3457
f 3547 3476 3478
f 3550 3486 3489
f 3557 3492 3493
f 3535 3465 3469
f 3536 3457 3458
f 3559 3478 3477
f 3526 3489 3485
f 3511 3474 3470
f 3507 3451 3450
f 3513 3481 3480
f 3516 3498 3495
f 3519 3504 3500
f 3527 3493 3490
f 3554 3469 3467
f 3539 3458 3459
f 3560 3477 3479
f 3525 3485 3488
f 3545 3468 3466
f 3529 3456 3455
f 3537 3475 3476
f 3549 3487 3486
f 3552 3494 3491
f 3555 3473 3472
f 3542 3502 3501
f 3540 3496 3497
f 3561 3482 3483
f 3524 3453 3454
f 3509 3518 3511
f 3505 3510 3507
f 3506 3508 3513
f 3512 3514 3516
f 3515 3517 3519
f 3520 3521 3527
f 3556 3558 3554
f 3543 3541 3539
f 3564 3562 3560
f 3523 3522 3525
f 3544 3551 3545
f 3531 3534 3529
f 3532 3530 3537
f 3546 3547 3549
f 3548 3550 3552
f 3553 3557 3555
f 3533 3535 3542
f 3538 3536 3540
f 3563 3559 3561
f 3528 3526 3524
f 3565 3611 3608
f 3565 3608 3607
f 3565 3607 3609
f 3565 3609 3610
f 3565 3610 3611
f 3566 3613 3616
f 3570 3636 3634
f 3576 3666 3663
f 3575 3660 3659
f 3572 3643 3645
f 3568 3626 3623
f 3568 3623 3622
f 3568 3622 3624
f 3568 3624 3625
f 3568 3625 3626
f 3569 3630 3629
f 3567 3618 3621
f 3571 3637 3641
f 3573 3649 3650
f 3574 3656 3652
f 3576 3665 3662
f 3570 3633 3632
f 3566 3614 3612
f 3572 3646 3642
f 3575 3661 3657
f 3570 3635 3633
f 3576 3664 3665
f 3575 3658 3661
f 3572 3644 3646
f 3566 3615 3614
f 3574 3654 3653
f 3569 3627 3628
f 3567 3619 3617
f 3571 3640 3638
f 3573 3651 3648
f 3574 3655 3654
f 3569 3631 3627
f 3567 3620 3619
f 3571 3639 3640
f 3573 3647 3651
f 3570 3632 3636
f 3566 3612 3613
f 3572 3642 3643
f 3575 3657 3660
f 3576 3662 3666
f 3574 3652 3655
f 3569 3629 3631
f 3567 3621 3620
f 3571 3641 3639
f 3573 3650 3647
f 3569 3628 3630
f 3567 3617 3618
f 3571 3638 3637
f 3573 3648 3649
f 3574 3653 3656
f 3570 3634 3635
f 3576 3663 3664
f 3575 3659 3658
f 3572 3645 3644
f 3566 3616 3615
f 3599 3673 3680
f 3582 3669 3672
f 3583 3675 3670
f 3604 3678 3676
f 3606 3681 3679
f 3598 3689 3683
f 3597 3716 3720
f 3589 3701 3703
f 3600 3722 3724
f 3584 3687 3684
f 3596 3707 3713
f 3587 3691 3696
f 3588 3699 3692
f 3601 3711 3709
f 3605 3714 3712
f 3598 3717 3719
f 3597 3704 3697
f 3589 3702 3698
f 3600 3723 3721
f 3584 3686 3688
f 3581 3671 3611
f 3578 3667 3608
f 3577 3668 3607
f 3579 3674 3609
f 3580 3677 3610
f 3582 3682 3613
f 3599 3718 3636
f 3606 3705 3666
f 3604 3726 3660
f 3583 3685 3643
f 3594 3706 3626
f 3591 3693 3623
f 3586 3694 3622
f 3592 3708 3624
f 3593 3710 3625
f 3596 3715 3630
f 3587 3695 3618
f 3588 3700 3637
f 3601 3725 3649
f 3605 3690 3656
f 3599 3680 3665
f 3582 3672 3633
f 3583 3670 3614
f 3604 3676 3646
f 3606 3679 3661
f 3598 3683 3635
f 3597 3720 3664
f 3589 3703 3658
f 3600 3724 3644
f 3584 3684 3615
f 3596 3713 3654
f 3587 3696 3627
f 3588 3692 3619
f 3601 3709 3640
f 3605 3712 3651
f 3598 3719 3655
f 3597 3697 3631
f 3589 3698 3620
f 3600 3721 3639
f 3584 3688 3647
f 3578 3673 3632
f 3577 3669 3612
f 3579 3675 3642
f 3580 3678 3657
f 3581 3681 3662
f 3585 3689 3652
f 3595 3716 3629
f 3590 3701 3621
f 3602 3722 3641
f 3603 3687 3650
f 3591 3707 3628
f 3586 3691 3617
f 3592 3699 3638
f 3593 3711 3648
f 3594 3714 3653
f 3595 3717 3634
f 3590 3704 3663
f 3602 3702 3659
f 3603 3723 3645
f 3585 3686 3616
f 3578 3671 3673
f 3577 3667 3669
f 3579 3668 3675
f 3580 3674 3678
f 3581 3677 3681
f 3585 3682 3689
f 3595 3718 3716
f 3590 3705 3701
f 3602 3726 3722
f 3603 3685 3687
f 3591 3706 3707
f 3586 3693 3691
f 3592 3694 3699
f 3593 3708 3711
f 3594 3710 3714
f 3595 3715 3717
f 3590 3695 3704
f 3602 3700 3702
f 3603 3725 3723
f 3585 3690 3686
f 3578 3608 3671
f 3577 3607 3667
f 3579 3609 3668
f 3580 3610 3674
f 3581 3611 3677
f 3585 3616 3682
f 3595 3634 3718
f 3590 3663 3705
f 3602 3659 3726
f 3603 3645 3685
f 3591 3623 3706
f 3586 3622 3693
f 3592 3624 3694
f 3593 3625 3708
f 3594 3626 3710
f 3595 3629 3715
f 3590 3621 3695
f 3602 3641 3700
f 3603 3650 3725
f 3585 3652 3690
f 3581 3662 3680
f 3578 3632 3672
f 3577 3612 3670
f 3579 3642 3676
f 3580 3657 3679
f 3582 3633 3683
f 3599 3665 3720
f 3606 3661 3703
f 3604 3646 3724
f 3583 3614 3684
f 3594 3653 3713
f 3591 3628 3696
f 3586 3617 3692
f 3592 3638 3709
f 3593 3648 3712
f 3596 3654 3719
f 3587 3627 3697
f 3588 3619 3698
f 3601 3640 3721
f 3605 3651 3688
f 3599 3636 3673
f 3582 3613 3669
f 3583 3643 3675
f 3604 3660 3678
f 3606 3666 3681
f 3598 3655 3689
f 3597 3631 3716
f 3589 3620 3701
f 3600 3639 3722
f 3584 3647 3687
f 3596 3630 3707
f 3587 3618 3691
f 3588 3637 3699
f 3601 3649 3711
f 3605 3656 3714
f 3598 3635 3717
f 3597 3664 3704
f 3589 3658 3702
f 3600 3644 3723
f 3584 3615 3686
f 3581 3680 3671
f 3578 3672 3667
f 3577 3670 3668
f 3579 3676 3674
f 3580 3679 3677
f 3582 3683 3682
f 3599 3720 3718
f 3606 3703 3705
f 3604 3724 3726
f 3583 3684 3685
f 3594 3713 3706
f 3591 3696 3693
f 3586 3692 3694
f 3592 3709 3708
f 3593 3712 3710
f 3596 3719 3715
f 3587 3697 3695
f 3588 3698 3700
f 3601 3721 3725
f 3605 3688 3690
f 3671 3608 3611
f 3667 3607 3608
f 3668 3609 3607
f 3674 3610 3609
f 3677 3611 3610
f 3682 3616 3613
f 3718 3634 3636
f 3705 3663 3666
f 3726 3659 3660
f 3685 3645 3643
f 3706 3623 3626
f 3693 3622 3623
f 3694 3624 3622
f 3708 3625 3624
f 3710 3626 3625
f 3715 3629 3630
f 3695 3621 3618
f 3700 3641 3637
f 3725 3650 3649
f 3690 3652 3656
f 3680 3662 3665
f 3672 3632 3633
f 3670 3612 3614
f 3676 3642 3646
f 3679 3657 3661
f 3683 3633 3635
f 3720 3665 3664
f 3703 3661 3658
f 3724 3646 3644
f 3684 3614 3615
f 3713 3653 3654
f 3696 3628 3627
f 3692 3617 3619
f 3709 3638 3640
f 3712 3648 3651
f 3719 3654 3655
f 3697 3627 3631
f 3698 3619 3620
f 3721 3640 3639
f 3688 3651 3647
f 3673 3636 3632
f 3669 3613 3612
f 3675 3643 3642
f 3678 3660 3657
f 3681 3666 3662
f 3689 3655 3652
f 3716 3631 3629
f 3701 3620 3621
f 3722 3639 3641
f 3687 3647 3650
f 3707 3630 3628
f 3691 3618 3617
f 3699 3637 3638
f 3711 3649 3648
f 3714 3656 3653
f 3717 3635 3634
f 3704 3664 3663
f 3702 3658 3659
f 3723 3644 3645
f 3686 3615 3616
f 3671 3680 3673
f 3667 3672 3669
f 3668 3670 3675
f 3674 3676 3678
f 3677 3679 3681
f 3682 3683 3689
f 3718 3720 3716
f 3705 3703 3701
f 3726 3724 3722
f 3685 3684 3687
f 3706 3713 3707
f 3693 3696 3691
f 3694 3692 3699
f 3708 3709 3711
f 3710 3712 3714
f 3715 3719 3717
f 3695 3697 3704
f 3700 3698 3702
f 3725 3721 3723
f 3690 3688 3686
f 3727 3773 3770
f 3727 3770 3769
f 3727 3769 3771
f 3727 3771 3772
f 3727 3772 3773
f 3728 3775 3778
f 3732 3798 3796
f 3738 3828 3825
f 3737 3822 3821
f 3734 3805 3807
f 3730 3788 3785
f 3730 3785 3784
f 3730 3784 3786
f 3730 3786 3787
f 3730 3787 3788
f 3731 3792 3791
f 3729 3780 3783
f 3733 3799 3803
f 3735 3811 3812
f 3736 3818 3814
f 3738 3827 3824
f 3732 3795 3794
f 3728 3776 3774
f 3734 3808 3804
f 3737 3823 3819
f 3732 3797 3795
f 3738 3826 3827
f 3737 3820 3823
f 3734 3806 3808
f 3728 3777 3776
f 3736 3816 3815
f 3731 3789 3790
f 3729 3781 3779
f 3733 3802 3800
f 3735 3813 3810
f 3736 3817 3816
f 3731 3793 3789
f 3729 3782 3781
f 3733 3801 3802
f 3735 3809 3813
f 3732 3794 3798
f 3728 3774 3775
f 3734 3804 3805
f 3737 3819 3822
f 3738 3824 3828
f 3736 3814 3817
f 3731 3791 3793
f 3729 3783 3782
f 3733 3803 3801
f 3735 3812 3809
f 3731 3790 3792
f 3729 3779 3780
f 3733 3800 3799
f 3735 3810 3811
f 3736 3815 3818
f 3732 3796 3797
f 3738 3825 3826
f 3737 3821 3820
f 3734 3807 3806
f 3728 3778 3777
f 3761 3835 3842
f 3744 3831 3834
f 3745 3837 3832
f 3766 3840 3838
f 3768 3843 3841
f 3760 3851 3845
f 3759 3878 3882
f 3751 3863 3865
f 3762 3884 3886
f 3746 3849 3846
f 3758 3869 3875
f 3749 3853 3858
f 3750 3861 3854
f 3763 3873 3871
f 3767 3876 3874
f 3760 3879 3881
f 3759 3866 3859
f 3751 3864 3860
f 3762 3885 3883
f 3746 3848 3850
f 3743 3833 3773
f 3740 3829 3770
f 3739 3830 3769
f 3741 3836 3771
f 3742 3839 3772
f 3744 3844 3775
f 3761 3880 3798
f 3768 3867 3828
f 3766 3888 3822
f 3745 3847 3805
f 3756 3868 3788
f 3753 3855 3785
f 3748 3856 3784
f 3754 3870 3786
f 3755 3872 3787
f 3758 3877 3792
f 3749 3857 3780
f 3750 3862 3799
f 3763 3887 3811
f 3767 3852 3818
f 3761 3842 3827
f 3744 3834 3795
f 3745 3832 3776
f 3766 3838 3808
f 3768 3841 3823
f 3760 3845 3797
f 3759 3882 3826
f 3751 3865 3820
f 3762 3886 3806
f 3746 3846 3777
f 3758 3875 3816
f 3749 3858 3789
f 3750 3854 3781
f 3763 3871 3802
f 3767 3874 3813
f 3760 3881 3817
f 3759 3859 3793
f 3751 3860 3782
f 3762 3883 3801
f 3746 3850 3809
f 3740 3835 3794
f 3739 3831 3774
f 3741 3837 3804
f 3742 3840 3819
f 3743 3843 3824
f 3747 3851 3814
f 3757 3878 3791
f 3752 3863 3783
f 3764 3884 3803
f 3765 3849 3812
f 3753 3869 3790
f 3748 3853 3779
f 3754 3861 3800
f 3755 3873 3810
f 3756 3876 3815
f 3757 3879 3796
f 3752 3866 3825
f 3764 3864 3821
f 3765 3885 3807
f 3747 3848 3778
f 3740 3833 3835
f 3739 3829 3831
f 3741 3830 3837
f 3742 3836 3840
f 3743 3839 3843
f 3747 3844 3851
f 3757 3880 3878
f 3752 3867 3863
f 3764 3888 3884
f 3765 3847 3849
f 3753 3868 3869
f 3748 3855 3853
f 3754 3856 3861
f 3755 3870 3873
f 3756 3872 3876
f 3757 3877 3879
f 3752 3857 3866
f 3764 3862 3864
f 3765 3887 3885
f 3747 3852 3848
f 3740 3770 3833
f 3739 3769 3829
f 3741 3771 3830
f 3742 3772 3836
f 3743 3773 3839
f 3747 3778 3844
f 3757 3796 3880
f 3752 3825 3867
f 3764 3821 3888
f 3765 3807 3847
f 3753 3785 3868
f 3748 3784 3855
f 3754 3786 3856
f 3755 3787 3870
f 3756 3788 3872
f 3757 3791 3877
f 3752 3783 3857
f 3764 3803 3862
f 3765 3812 3887
f 3747 3814 3852
f 3743 3824 3842
f 3740 3794 3834
f 3739 3774 3832
f 3741 3804 3838
f 3742 3819 3841
f 3744 3795 3845
f 3761 3827 3882
f 3768 3823 3865
f 3766 3808 3886
f 3745 3776 3846
f 3756 3815 3875
f 3753 3790 3858
f 3748 3779 3854
f 3754 3800 3871
f 3755 3810 3874
f 3758 3816 3881
f 3749 3789 3859
f 3750 3781 3860
f 3763 3802 3883
f 3767 3813 3850
f 3761 3798 3835
f 3744 3775 3831
f 3745 3805 3837
f 3766 3822 3840
f 3768 3828 3843
f 3760 3817 3851
f 3759 3793 3878
f 3751 3782 3863
f 3762 3801 3884
f 3746 3809 3849
f 3758 3792 3869
f 3749 3780 3853
f 3750 3799 3861
f 3763 3811 3873
f 3767 3818 3876
f 3760 3797 3879
f 3759 3826 3866
f 3751 3820 3864
f 3762 3806 3885
f 3746 3777 3848
f 3743 3842 3833
f 3740 3834 3829
f 3739 3832 3830
f 3741 3838 3836
f 3742 3841 3839
f 3744 3845 3844
f 3761 3882 3880
f 3768 3865 3867
f 3766 3886 3888
f 3745 3846 3847
f 3756 3875 3868
f 3753 3858 3855
f 3748 3854 3856
f 3754 3871 3870
f 3755 3874 3872
f 3758 3881 3877
f 3749 3859 3857
f 3750 3860 3862
f 3763 3883 3887
f 3767 3850 3852
f 3833 3770 3773
f 3829 3769 3770
f 3830 3771 3769
f 3836 3772 3771
f 3839 3773 3772
f 3844 3778 3775
f 3880 3796 3798
f 3867 3825 3828
f 3888 3821 3822
f 3847 3807 3805
f 3868 3785 3788
f 3855 3784 3785
f 3856 3786 3784
f 3870 3787 3786
f 3872 3788 3787
f 3877 3791 3792
f 3857 3783 3780
f 3862 3803 3799
f 3887 3812 3811
f 3852 3814 3818
f 3842 3824 3827
f 3834 3794 3795
f 3832 3774 3776
f 3838 3804 3808
f 3841 3819 3823
f 3845 3795 3797
f 3882 3827 3826
f 3865 3823 3820
f 3886 3808 3806
f 3846 3776 3777
f 3875 3815 3816
f 3858 3790 3789
f 3854 3779 3781
f 3871 3800 3802
f 3874 3810 3813
f 3881 3816 3817
f 3859 3789 3793
f 3860 3781 3782
f 3883 3802 3801
f 3850 3813 3809
f 3835 3798 3794
f 3831 3775 3774
f 3837 3805 3804
f 3840 3822 3819
f 3843 3828 3824
f 3851 3817 3814
f 3878 3793 3791
f 3863 3782 3783
f 3884 3801 3803
f 3849 3809 3812
f 3869 3792 3790
f 3853 3780 3779
f 3861 3799 3800
f 3873 3811 3810
f 3876 3818 3815
f 3879 3797 3796
f 3866 3826 3825
f 3864 3820 3821
f 3885 3806 3807
f 3848 3777 3778
f 3833 3842 3835
f 3829 3834 3831
f 3830 3832 3837
f 3836 3838 3840
f 3839 3841 3843
f 3844 3845 3851
f 3880 3882 3878
f 3867 3865 3863
f 3888 3886 3884
f 3847 3846 3849
f 3868 3875 3869
f 3855 3858 3853
f 3856 3854 3861
f 3870 3871 3873
f 3872 3874 3876
f 3877 3881 3879
f 3857 3859 3866
f 3862 3860 3864
f 3887 3883 3885
f 3852 3850 3848
f 3889 3935 3932
f 3889 3932 3931
f 3889 3931 3933
f 3889 3933 3934
f 3889 3934 3935
f 3890 3937 3940
f 3894 3960 3958
f 3900 3990 3987
f 3899 3984 3983
f 3896 3967 3969
f 3892 3950 3947
f 3892 3947 3946
f 3892 3946 3948
f 3892 3948 3949
f 3892 3949 3950
f 3893 3954 3953
f 3891 3942 3945
f 3895 3961 3965
f 3897 3973 3974
f 3898 3980 3976
f 3900 3989 3986
f 3894 3957 3956
f 3890 3938 3936
f 3896 3970 3966
f 3899 3985 3981
f 3894 3959 3957
f 3900 3988 3989
f 3899 3982 3985
f 3896 3968 3970
f 3890 3939 3938
f 3898 3978 3977
f 3893 3951 3952
f 3891 3943 3941
f 3895 3964 3962
f 3897 3975 3972
f 3898 3979 3978
f 3893 3955 3951
f 3891 3944 3943
f 3895 3963 3964
f 3897 3971 3975
f 3894 3956 3960
f 3890 3936 3937
f 3896 3966 3967
f 3899 3981 3984
f 3900 3986 3990
f 3898 3976 3979
f 3893 3953 3955
f 3891 3945 3944
f 3895 3965 3963
f 3897 3974 3971
f 3893 3952 3954
f 3891 3941 3942
f 3895 3962 3961
f 3897 3972 3973
f 3898 3977 3980
f 3894 3958 3959
f 3900 3987 3988
f 3899 3983 3982
f 3896 3969 3968
f 3890 3940 3939
f 3923 3997 4004
f 3906 3993 3996
f 3907 3999 3994
f 3928 4002 4000
f 3930 4005 4003
f 3922 4013 4007
f 3921 4040 4044
f 3913 4025 4027
f 3924 4046 4048
f 3908 4011 4008
f 3920 4031 4037
f 3911 4015 4020
f 3912 4023 4016
f 3925 4035 4033
f 3929 4038 4036
f 3922 4041 4043
f 3921 4028 4021
f 3913 4026 4022
f 3924 4047 4045
f 3908 4010 4012
f 3905 3995 3935
f 3902 3991 3932
f 3901 3992 3931
f 3903 3998 3933
f 3904 4001 3934
f 3906 4006 3937
f 3923 4042 3960
f 3930 4029 3990
f 3928 4050 3984
f 3907 4009 3967
f 3918 4030 3950
f 3915 4017 3947
f 3910 4018 3946
f 3916 4032 3948
f 3917 4034 3949
f 3920 4039 3954
f 3911 4019 3942
f 3912 4024 3961
f 3925 4049 3973
f 3929 4014 3980
f 3923 4004 3989
f 3906 3996 3957
f 3907 3994 3938
f 3928 4000 3970
f 3930 4003 3985
f 3922 4007 3959
f 3921 4044 3988
f 3913 4027 3982
f 3924 4048 3968
f 3908 4008 3939
f 3920 4037 3978
f 3911 4020 3951
f 3912 4016 3943
f 3925 4033 3964
f 3929 4036 3975
f 3922 4043 3979
f 3921 4021 3955
f 3913 4022 3944
f 3924 4045 3963
f 3908 4012 3971
f 3902 3997 3956
f 3901 3993 3936
f 3903 3999 3966
f 3904 4002 3981
f 3905 4005 3986
f 3909 4013 3976
f 3919 4040 3953
f 3914 4025 3945
f 3926 4046 3965
f 3927 4011 3974
f 3915 4031 3952
f 3910 4015 3941
f 3916 4023 3962
f 3917 4035 3972
f 3918 4038 3977
f 3919 4041 3958
f 3914 4028 3987
f 3926 4026 3983
f 3927 4047 3969
f 3909 4010 3940
f 3902 3995 3997
f 3901 3991 3993
f 3903 3992 3999
f 3904 3998 4002
f 3905 4001 4005
f 3909 4006 4013
f 3919 4042 4040
f 3914 4029 4025
f 3926 4050 4046
f 3927 4009 4011
f 3915 4030 4031
f 3910 4017 4015
f 3916 4018 4023
f 3917 4032 4035
f 3918 4034 4038
f 3919 4039 4041
f 3914 4019 4028
f 3926 4024 4026
f 3927 4049 4047
f 3909 4014 4010
f 3902 3932 3995
f 3901 3931 3991
f 3903 3933 3992
f 3904 3934 3998
f 3905 3935 4001
f 3909 3940 4006
f 3919 3958 4042
f 3914 3987 4029
f 3926 3983 4050
f 3927 3969 4009
f 3915 3947 4030
f 3910 3946 4017
f 3916 3948 4018
f 3917 3949 4032
f 3918 3950 4034
f 3919 3953 4039
f 3914 3945 4019
f 3926 3965 4024
f 3927 3974 4049
f 3909 3976 4014
f 3905 3986 4004
f 3902 3956 3996
f 3901 3936 3994
f 3903 3966 4000
f 3904 3981 4003
f 3906 3957 4007
f 3923 3989 4044
f 3930 3985 4027
f 3928 3970 4048
f 3907 3938 4008
f 3918 3977 4037
f 3915 3952 4020
f 3910 3941 4016
f 3916 3962 4033
f 3917 3972 4036
f 3920 3978 4043
f 3911 3951 4021
f 3912 3943 4022
f 3925 3964 4045
f 3929 3975 4012
f 3923 3960 3997
f 3906 3937 3993
f 3907 3967 3999
f 3928 3984 4002
f 3930 3990 4005
f 3922 3979 4013
f 3921 3955 4040
f 3913 3944 4025
f 3924 3963 4046
f 3908 3971 4011
f 3920 3954 4031
f 3911 3942 4015
f 3912 3961 4023
f 3925 3973 4035
f 3929 3980 4038
f 3922 3959 4041
f 3921 3988 4028
f 3913 3982 4026
f 3924 3968 4047
f 3908 3939 4010
f 3905 4004 3995
f 3902 3996 3991
f 3901 3994 3992
f 3903 4000 3998
f 3904 4003 4001
f 3906 4007 4006
f 3923 4044 4042
f 3930 4027 4029
f 3928 4048 4050
f 3907 4008 4009
f 3918 4037 4030
f 3915 4020 4017
f 3910 4016 4018
f 3916 4033 4032
f 3917 4036 4034
f 3920 4043 4039
f 3911 4021 4019
f 3912 4022 4024
f 3925 4045 4049
f 3929 4012 4014
f 3995 3932 3935
f 3991 3931 3932
f 3992 3933 3931
f 3998 3934 3933
f 4001 3935 3934
f 4006 3940 3937
f 4042 3958 3960
f 4029 3987 3990
f 4050 3983 3984
f 4009 3969 3967
f 4030 3947 3950
f 4017 3946 3947
f 4018 3948 3946
f 4032 3949 3948
f 4034 3950 3949
f 4039 3953 3954
f 4019 3945 3942
f 4024 3965 3961
f 4049 3974 3973
f 4014 3976 3980
f 4004 3986 3989
f 3996 3956 3957
f 3994 3936 3938
f 4000 3966 3970
f 4003 3981 3985
f 4007 3957 3959
f 4044 3989 3988
f 4027 3985 3982
f 4048 3970 3968
f 4008 3938 3939
f 4037 3977 3978
f 4020 3952 3951
f 4016 3941 3943
f 4033 3962 3964
f 4036 3972 3975
f 4043 3978 3979
f 4021 3951 3955
f 4022 3943 3944
f 4045 3964 3963
f 4012 3975 3971
f 3997 3960 3956
f 3993 3937 3936
f 3999 3967 3966
f 4002 3984 3981
f 4005 3990 3986
f 4013 3979 3976
f 4040 3955 3953
f 4025 3944 3945
f 4046 3963 3965
f 4011 3971 3974
f 4031 3954 3952
f 4015 3942 3941
f 4023 3961 3962
f 4035 3973 3972
f 4038 3980 3977
f 4041 3959 3958
f 4028 3988 3987
f 4026 3982 3983
f 4047 3968 3969
f 4010 3939 3940
f 3995 4004 3997
f 3991 3996 3993
f 3992 3994 3999
f 3998 4000 4002
f 4001 4003 4005
f 4006 4007 4013
f 4042 4044 4040
f 4029 4027 4025
f 4050 4048 4046
f 4009 4008 4011
f 4030 4037 4031
f 4017 4020 4015
f 4018 4016 4023
f 4032 4033 4035
f 4034 4036 4038
f 4039 4043 4041
f 4019 4021 4028
f 4024 4022 4026
f 4049 4045 4047
f 4014 4012 4010
f 4051 4097 4094
f 4051 4094 4093
f 4051 4093 4095
f 4051 4095 4096
f 4051 4096 4097
f 4052 4099 4102
f 4056 4122 4120
f 4062 4152 4149
f 4061 4146 4145
f 4058 4129 4131
f 4054 4112 4109
f 4054 4109 4108
f 4054 4108 4110
f 4054 4110 4111
f 4054 4111 4112
f 4055 4116 4115
f 4053 4104 4107
f 4057 4123 4127
f 4059 4135 4136
f 4060 4142 4138
f 4062 4151 4148
f 4056 4119 4118
f 4052 4100 4098
f 4058 4132 4128
f 4061 4147 4143
f 4056 4121 4119
f 4062 4150 4151
f 4061 4144 4147
f 4058 4130 4132
f 4052 4101 4100
f 4060 4140 4139
f 4055 4113 4114
f 4053 4105 4103
f 4057 4126 4124
f 4059 4137 4134
f 4060 4141 4140
f 4055 4117 4113
f 4053 4106 4105
f 4057 4125 4126
f 4059 4133 4137
f 4056 4118 4122
f 4052 4098 4099
f 4058 4128 4129
f 4061 4143 4146
f 4062 4148 4152
f 4060 4138 4141
f 4055 4115 4117
f 4053 4107 4106
f 4057 4127 4125
f 4059 4136 4133
f 4055 4114 4116
f 4053 4103 4104
f 4057 4124 4123
f 4059 4134 4135
f 4060 4139 4142
f 4056 4120 4121
f 4062 4149 4150
f 4061 4145 4144
f 4058 4131 4130
f 4052 4102 4101
f 4085 4159 4166
f 4068 4155 4158
f 4069 4161 4156
f 4090 4164 4162
f 4092 4167 4165
f 4084 4175 4169
f 4083 4202 4206
f 4075 4187 4189
f 4086 4208 4210
f 4070 4173 4170
f 4082 4193 4199
f 4073 4177 4182
f 4074 4185 4178
f 4087 4197 4195
f 4091 4200 4198
f 4084 4203 4205
f 4083 4190 4183
f 4075 4188 4184
f 4086 4209 4207
f 4070 4172 4174
f 4067 4157 4097
f 4064 4153 4094
f 4063 4154 4093
f 4065 4160 4095
f 4066 4163 4096
f 4068 4168 4099
f 4085 4204 4122
f 4092 4191 4152
f 4090 4212 4146
f 4069 4171 4129
f 4080 4192 4112
f 4077 4179 4109
f 4072 4180 4108
f 4078 4194 4110
f 4079 4196 4111
f 4082 4201 4116
f 4073 4181 4104
f 4074 4186 4123
f 4087 4211 4135
f 4091 4176 4142
f 4085 4166 4151
f 4068 4158 4119
f 4069 4156 4100
f 4090 4162 4132
f 4092 4165 4147
f 4084 4169 4121
f 4083 4206 4150
f 4075 4189 4144
f 4086 4210 4130
f 4070 4170 4101
f 4082 4199 4140
f 4073 4182 4113
f 4074 4178 4105
f 4087 4195 4126
f 4091 4198 4137
f 4084 4205 4141
f 4083 4183 4117
f 4075 4184 4106
f 4086 4207 4125
f 4070 4174 4133
f 4064 4159 4118
f 4063 4155 4098
f 4065 4161 4128
f 4066 4164 4143
f 4067 4167 4148
f 4071 4175 4138
f 4081 4202 4115
f 4076 4187 4107
f 4088 4208 4127
f 4089 4173 4136
f 4077 4193 4114
f 4072 4177 4103
f 4078 4185 4124
f 4079 4197 4134
f 4080 4200 4139
f 4081 4203 4120
f 4076 4190 4149
f 4088 4188 4145
f 4089 4209 4131
f 4071 4172 4102
f 4064 4157 4159
f 4063 4153 4155
f 4065 4154 4161
f 4066 4160 4164
f 4067 4163 4167
f 4071 4168 4175
f 4081 4204 4202
f 4076 4191 4187
f 4088 4212 4208
f 4089 4171 4173
f 4077 4192 4193
f 4072 4179 4177
f 4078 4180 4185
f 4079 4194 4197
f 4080 4196 4200
f 4081 4201 4203
f 4076 4181 4190
f 4088 4186 4188
f 4089 4211 4209
f 4071 4176 4172
f 4064 4094 4157
f 4063 4093 4153
f 4065 4095 4154
f 4066 4096 4160
f 4067 4097 4163
f 4071 4102 4168
f 4081 4120 4204
f 4076 4149 4191
f 4088 4145 4212
f 4089 4131 4171
f 4077 4109 4192
f 4072 4108 4179
f 4078 4110 4180
f 4079 4111 4194
f 4080 4112 4196
f 4081 4115 4201
f 4076 4107 4181
f 4088 4127 4186
f 4089 4136 4211
f 4071 4138 4176
f 4067 4148 4166
f 4064 4118 4158
f 4063 4098 4156
f 4065 4128 4162
f 4066 4143 4165
f 4068 4119 4169
f 4085 4151 4206
f 4092 4147 4189
f 4090 4132 4210
f 4069 4100 4170
f 4080 4139 4199
f 4077 4114 4182
f 4072 4103 4178
f 4078 4124 4195
f 4079 4134 4198
f 4082 4140 4205
f 4073 4113 4183
f 4074 4105 4184
f 4087 4126 4207
f 4091 4137 4174
f 4085 4122 4159
f 4068 4099 4155
f 4069 4129 4161
f 4090 4146 4164
f 4092 4152 4167
f 4084 4141 4175
f 4083 4117 4202
f 4075 4106 4187
f 4086 4125 4208
f 4070 4133 4173
f 4082 4116 4193
f 4073 4104 4177
f 4074 4123 4185
f 4087 4135 4197
f 4091 4142 4200
f 4084 4121 4203
f 4083 4150 4190
f 4075 4144 4188
f 4086 4130 4209
f 4070 4101 4172
f 4067 4166 4157
f 4064 4158 4153
f 4063 4156 4154
f 4065 4162 4160
f 4066 4165 4163
f 4068 4169 4168
f 4085 4206 4204
f 4092 4189 4191
f 4090 4210 4212
f 4069 4170 4171
f 4080 4199 4192
f 4077 4182 4179
f 4072 4178 4180
f 4078 4195 4194
f 4079 4198 4196
f 4082 4205 4201
f 4073 4183 4181
f 4074 4184 4186
f 4087 4207 4211
f 4091 4174 4176
f 4157 4094 4097
f 4153 4093 4094
f 4154 4095 4093
f 4160 4096 4095
f 4163 4097 4096
f 4168 4102 4099
f 4204 4120 4122
f 4191 4149 4152
f 4212 4145 4146
f 4171 4131 4129
f 4192 4109 4112
f 4179 4108 4109
f 4180 4110 4108
f 4194 4111 4110
f 4196 4112 4111
f 4201 4115 4116
f 4181 4107 4104
f 4186 4127 4123
f 4211 4136 4135
f 4176 4138 4142
f 4166 4148 4151
f 4158 4118 4119
f 4156 4098 4100
f 4162 4128 4132
f 4165 4143 4147
f 4169 4119 4121
f 4206 4151 4150
f 4189 4147 4144
f 4210 4132 4130
f 4170 4100 4101
f 4199 4139 4140
f 4182 4114 4113
f 4178 4103 4105
f 4195 4124 4126
f 4198 4134 4137
f 4205 4140 4141
f 4183 4113 4117
f 4184 4105 4106
f 4207 4126 4125
f 4174 4137 4133
f 4159 4122 4118
f 4155 4099 4098
f 4161 4129 4128
f 4164 4146 4143
f 4167 4152 4148
f 4175 4141 4138
f 4202 4117 4115
f 4187 4106 4107
f 4208 4125 4127
f 4173 4133 4136
f 4193 4116 4114
f 4177 4104 4103
f 4185 4123 4124
f 4197 4135 4134
f 4200 4142 4139
f 4203 4121 4120
f 4190 4150 4149
f 4188 4144 4145
f 4209 4130 4131
f 4172 4101 4102
f 4157 4166 4159
f 4153 4158 4155
f 4154 4156 4161
f 4160 4162 4164
f 4163 4165 4167
f 4168 4169 4175
f 4204 4206 4202
f 4191 4189 4187
f 4212 4210 4208
f 4171 4170 4173
f 4192 4199 4193
f 4179 4182 4177
f 4180 4178 4185
f 4194 4195 4197
f 4196 4198 4200
f 4201 4205 4203
f 4181 4183 4190
f 4186 4184 4188
f 4211 4207 4209
f 4176 4174 4172
f 4213 4259 4256
f 4213 4256 4255
f 4213 4255 4257
f 4213 4257 4258
f 4213 4258 4259
f 4214 4261 4264
f 4218 4284 4282
f 4224 4314 4311
f 4223 4308 4307
f 4220 4291 4293
f 4216 4274 4271
f 4216 4271 4270
f 4216 4270 4272
f 4216 4272 4273
f 4216 4273 4274
f 4217 4278 4277
f 4215 4266 4269
f 4219 4285 4289
f 4221 4297 4298
f 4222 4304 4300
f 4224 4313 4310
f 4218 4281 4280
f 4214 4262 4260
f 4220 4294 4290
f 4223 4309 4305
f 4218 4283 4281
f 4224 4312 4313
f 4223 4306 4309
f 4220 4292 4294
f 4214 4263 4262
f 4222 4302 4301
f 4217 4275 4276
f 4215 4267 4265
f 4219 4288 4286
f 4221 4299 4296
f 4222 4303 4302
f 4217 4279 4275
f 4215 4268 4267
f 4219 4287 4288
f 4221 4295 4299
f 4218 4280 4284
f 4214 4260 4261
f 4220 4290 4291
f 4223 4305 4308
f 4224 4310 4314
f 4222 4300 4303
f 4217 4277 4279
f 4215 4269 4268
f 4219 4289 4287
f 4221 4298 4295
f 4217 4276 4278
f 4215 4265 4266
f 4219 4286 4285
f 4221 4296 4297
f 4222 4301 4304
f 4218 4282 4283
f 4224 4311 4312
f 4223 4307 4306
f 4220 4293 4292
f 4214 4264 4263
f 4247 4321 4328
f 4230 4317 4320
f 4231 4323 4318
f 4252 4326 4324
f 4254 4329 4327
f 4246 4337 4331
f 4245 4364 4368
f 4237 4349 4351
f 4248 4370 4372
f 4232 4335 4332
f 4244 4355 4361
f 4235 4339 4344
f 4236 4347 4340
f 4249 4359 4357
f 4253 4362 4360
f 4246 4365 4367
f 4245 4352 4345
f 4237 4350 4346
f 4248 4371 4369
f 4232 4334 4336
f 4229 4319 4259
f 4226 4315 4256
f 4225 4316 4255
f 4227 4322 4257
f 4228 4325 4258
f 4230 4330 4261
f 4247 4366 4284
f 4254 4353 4314
f 4252 4374 4308
f 4231 4333 4291
f 4242 4354 4274
f 4239 4341 4271
f 4234 4342 4270
f 4240 4356 4272
f 4241 4358 4273
f 4244 4363 4278
f 4235 4343 4266
f 4236 4348 4285
f 4249 4373 4297
f 4253 4338 4304
f 4247 4328 4313
f 4230 4320 4281
f 4231 4318 4262
f 4252 4324 4294
f 4254 4327 4309
f 4246 4331 4283
f 4245 4368 4312
f 4237 4351 4306
f 4248 4372 4292
f 4232 4332 4263
f 4244 4361 4302
f 4235 4344 4275
f 4236 4340 4267
f 4249 4357 4288
f 4253 4360 4299
f 4246 4367 4303
f 4245 4345 4279
f 4237 4346 4268
f 4248 4369 4287
f 4232 4336 4295
f 4226 4321 4280
f 4225 4317 4260
f 4227 4323 4290
f 4228 4326 4305
f 4229 4329 4310
f 4233 4337 4300
f 4243 4364 4277
f 4238 4349 4269
f 4250 4370 4289
f 4251 4335 4298
f 4239 4355 4276
f 4234 4339 4265
f 4240 4347 4286
f 4241 4359 4296
f 4242 4362 4301
f 4243 4365 4282
f 4238 4352 4311
f 4250 4350 4307
f 4251 4371 4293
f 4233 4334 4264
f 4226 4319 4321
f 4225 4315 4317
f 4227 4316 4323
f 4228 4322 4326
f 4229 4325 4329
f 4233 4330 4337
f 4243 4366 4364
f 4238 4353 4349
f 4250 4374 4370
f 4251 4333 4335
f 4239 4354 4355
f 4234 4341 4339
f 4240 4342 4347
f 4241 4356 4359
f 4242 4358 4362
f 4243 4363 4365
f 4238 4343 4352
f 4250 4348 4350
f 4251 4373 4371
f 4233 4338 4334
f 4226 4256 4319
f 4225 4255 4315
f 4227 4257 4316
f 4228 4258 4322
f 4229 4259 4325
f 4233 4264 4330
f 4243 4282 4366
f 4238 4311 4353
f 4250 4307 4374
f 4251 4293 4333
f 4239 4271 4354
f 4234 4270 4341
f 4240 4272 4342
f 4241 4273 4356
f 4242 4274 4358
f 4243 4277 4363
f 4238 4269 4343
f 4250 4289 4348
f 4251 4298 4373
f 4233 4300 4338
f 4229 4310 4328
f 4226 4280 4320
f 4225 4260 4318
f 4227 4290 4324
f 4228 4305 4327
f 4230 4281 4331
f 4247 4313 4368
f 4254 4309 4351
f 4252 4294 4372
f 4231 4262 4332
f 4242 4301 4361
f 4239 4276 4344
f 4234 4265 4340
f 4240 4286 4357
f 4241 4296 4360
f 4244 4302 4367
f 4235 4275 4345
f 4236 4267 4346
f 4249 4288 4369
f 4253 4299 4336
f 4247 4284 4321
f 4230 4261 4317
f 4231 4291 4323
f 4252 4308 4326
f 4254 4314 4329
f 4246 4303 4337
f 4245 4279 4364
f 4237 4268 4349
f 4248 4287 4370
f 4232 4295 4335
f 4244 4278 4355
f 4235 4266 4339
f 4236 4285 4347
f 4249 4297 4359
f 4253 4304 4362
f 4246 4283 4365
f 4245 4312 4352
f 4237 4306 4350
f 4248 4292 4371
f 4232 4263 4334
f 4229 4328 4319
f 4226 4320 4315
f 4225 4318 4316
f 4227 4324 4322
f 4228 4327 4325
f 4230 4331 4330
f 4247 4368 4366
f 4254 4351 4353
f 4252 4372 4374
f 4231 4332 4333
f 4242 4361 4354
f 4239 4344 4341
f 4234 4340 4342
f 4240 4357 4356
f 4241 4360 4358
f 4244 4367 4363
f 4235 4345 4343
f 4236 4346 4348
f 4249 4369 4373
f 4253 4336 4338
f 4319 4256 4259
f 4315 4255 4256
f 4316 4257 4255
f 4322 4258 4257
f 4325 4259 4258
f 4330 4264 4261
f 4366 4282 4284
f 4353 4311 4314
f 4374 4307 4308
f 4333 4293 4291
f 4354 4271 4274
f 4341 4270 4271
f 4342 4272 4270
f 4356 4273 4272
f 4358 4274 4273
f 4363 4277 4278
f 4343 4269 4266
f 4348 4289 4285
f 4373 4298 4297
f 4338 4300 4304
f 4328 4310 4313
f 4320 4280 4281
f 4318 4260 4262
f 4324 4290 4294
f 4327 4305 4309
f 4331 4281 4283
f 4368 4313 4312
f 4351 4309 4306
f 4372 4294 4292
f 4332 4262 4263
f 4361 4301 4302
f 4344 4276 4275
f 4340 4265 4267
f 4357 4286 4288
f 4360 4296 4299
f 4367 4302 4303
f 4345 4275 4279
f 4346 4267 4268
f 4369 4288 4287
f 4336 4299 4295
f 4321 4284 4280
f 4317 4261 4260
f 4323 4291 4290
f 4326 4308 4305
f 4329 4314 4310
f 4337 4303 4300
f 4364 4279 4277
f 4349 4268 4269
f 4370 4287 4289
f 4335 4295 4298
f 4355 4278 4276
f 4339 4266 4265
f 4347 4285 4286
f 4359 4297 4296
f 4362 4304 4301
f 4365 4283 4282
f 4352 4312 4311
f 4350 4306 4307
f 4371 4292 4293
f 4334 4263 4264
f 4319 4328 4321
f 4315 4320 4317
f 4316 4318 4323
f 4322 4324 4326
f 4325 4327 4329
f 4330 4331 4337
f 4366 4368 4364
f 4353 4351 4349
f 4374 4372 4370
f 4333 4332 4335
f 4354 4361 4355
f 4341 4344 4339
f 4342 4340 4347
f 4356 4357 4359
f 4358 4360 4362
f 4363 4367 4365
f 4343 4345 4352
f 4348 4346 4350
f 4373 4369 4371
f 4338 4336 4334
f 4375 4421 4418
f 4375 4418 4417
f 4375 4417 4419
f 4375 4419 4420
f 4375 4420 4421
f 4376 4423 4426
f 4380 4446 4444
f 4386 4476 4473
f 4385 4470 4469
f 4382 4453 4455
f 4378 4436 4433
f 4378 4433 4432
f 4378 4432 4434
f 4378 4434 4435
f 4378 4435 4436
f 4379 4440 4439
f 4377 4428 4431
f 4381 4447 4451
f 4383 4459 4460
f 4384 4466 4462
f 4386 4475 4472
f 4380 4443 4442
f 4376 4424 4422
f 4382 4456 4452
f 4385 4471 4467
f 4380 4445 4443
f 4386 4474 4475
f 4385 4468 4471
f 4382 4454 4456
f 4376 4425 4424
f 4384 4464 4463
f 4379 4437 4438
f 4377 4429 4427
f 4381 4450 4448
f 4383 4461 4458
f 4384 4465 4464
f 4379 4441 4437
f 4377 4430 4429
f 4381 4449 4450
f 4383 4457 4461
f 4380 4442 4446
f 4376 4422 4423
f 4382 4452 4453
f 4385 4467 4470
f 4386 4472 4476
f 4384 4462 4465
f 4379 4439 4441
f 4377 4431 4430
f 4381 4451 4449
f 4383 4460 4457
f 4379 4438 4440
f 4377 4427 4428
f 4381 4448 4447
f 4383 4458 4459
f 4384 4463 4466
f 4380 4444 4445
f 4386 4473 4474
f 4385 4469 4468
f 4382 4455 4454
f 4376 4426 4425
f 4409 4483 4490
f 4392 4479 4482
f 4393 4485 4480
f 4414 4488 4486
f 4416 4491 4489
f 4408 4499 4493
f 4407 4526 4530
f 4399 4511 4513
f 4410 4532 4534
f 4394 4497 4494
f 4406 4517 4523
f 4397 4501 4506
f 4398 4509 4502
f 4411 4521 4519
f 4415 4524 4522
f 4408 4527 4529
f 4407 4514 4507
f 4399 4512 4508
f 4410 4533 4531
f 4394 4496 4498
f 4391 4481 4421
f 4388 4477 4418
f 4387 4478 4417
f 4389 4484 4419
f 4390 4487 4420
f 4392 4492 4423
f 4409 4528 4446
f 4416 4515 4476
f 4414 4536 4470
f 4393 4495 4453
f 4404 4516 4436
f 4401 4503 4433
f 4396 4504 4432
f 4402 4518 4434
f 4403 4520 4435
f 4406 4525 4440
f 4397 4505 4428
f 4398 4510 4447
f 4411 4535 4459
f 4415 4500 4466
f 4409 4490 4475
f 4392 4482 4443
f 4393 4480 4424
f 4414 4486 4456
f 4416 4489 4471
f 4408 4493 4445
f 4407 4530 4474
f 4399 4513 4468
f 4410 4534 4454
f 4394 4494 4425
f 4406 4523 4464
f 4397 4506 4437
f 4398 4502 4429
f 4411 4519 4450
f 4415 4522 4461
f 4408 4529 4465
f 4407 4507 4441
f 4399 4508 4430
f 4410 4531 4449
f 4394 4498 4457
f 4388 4483 4442
f 4387 4479 4422
f 4389 4485 4452
f 4390 4488 4467
f 4391 4491 4472
f 4395 4499 4462
f 4405 4526 4439
f 4400 4511 4431
f 4412 4532 4451
f 4413 4497 4460
f 4401 4517 4438
f 4396 4501 4427
f 4402 4509 4448
f 4403 4521 4458
f 4404 4524 4463
f 4405 4527 4444
f 4400 4514 4473
f 4412 4512 4469
f 4413 4533 4455
f 4395 4496 4426
f 4388 4481 4483
f 4387 4477 4479
f 4389 4478 4485
f 4390 4484 4488
f 4391 4487 4491
f 4395 4492 4499
f 4405 4528 4526
f 4400 4515 4511
f 4412 4536 4532
f 4413 4495 4497
f 4401 4516 4517
f 4396 4503 4501
f 4402 4504 4509
f 4403 4518 4521
f 4404 4520 4524
f 4405 4525 4527
f 4400 4505 4514
f 4412 4510 4512
f 4413 4535 4533
f 4395 4500 4496
f 4388 4418 4481
f 4387 4417 4477
f 4389 4419 4478
f 4390 4420 4484
f 4391 4421 4487
f 4395 4426 4492
f 4405 4444 4528
f 4400 4473 4515
f 4412 4469 4536
f 4413 4455 4495
f 4401 4433 4516
f 4396 4432 4503
f 4402 4434 4504
f 4403 4435 4518
f 4404 4436 4520
f 4405 4439 4525
f 4400 4431 4505
f 4412 4451 4510
f 4413 4460 4535
f 4395 4462 4500
f 4391 4472 4490
f 4388 4442 4482
f 4387 4422 4480
f 4389 4452 4486
f 4390 4467 4489
f 4392 4443 4493
f 4409 4475 4530
f 4416 4471 4513
f 4414 4456 4534
f 4393 4424 4494
f 4404 4463 4523
f 4401 4438 4506
f 4396 4427 4502
f 4402 4448 4519
f 4403 4458 4522
f 4406 4464 4529
f 4397 4437 4507
f 4398 4429 4508
f 4411 4450 4531
f 4415 4461 4498
f 4409 4446 4483
f 4392 4423 4479
f 4393 4453 4485
f 4414 4470 4488
f 4416 4476 4491
f 4408 4465 4499
f 4407 4441 4526
f 4399 4430 4511
f 4410 4449 4532
f 4394 4457 4497
f 4406 4440 4517
f 4397 4428 4501
f 4398 4447 4509
f 4411 4459 4521
f 4415 4466 4524
f 4408 4445 4527
f 4407 4474 4514
f 4399 4468 4512
f 4410 4454 4533
f 4394 4425 4496
f 4391 4490 4481
f 4388 4482 4477
f 4387 4480 4478
f 4389 4486 4484
f 4390 4489 4487
f 4392 4493 4492
f 4409 4530 4528
f 4416 4513 4515
f 4414 4534 4536
f 4393 4494 4495
f 4404 4523 4516
f 4401 4506 4503
f 4396 4502 4504
f 4402 4519 4518
f 4403 4522 4520
f 4406 4529 4525
f 4397 4507 4505
f 4398 4508 4510
f 4411 4531 4535
f 4415 4498 4500
f 4481 4418 4421
f 4477 4417 4418
f 4478 4419 4417
f 4484 4420 4419
f 4487 4421 4420
f 4492 4426 4423
f 4528 4444 4446
f 4515 4473 4476
f 4536 4469 4470
f 4495 4455 4453
f 4516 4433 4436
f 4503 4432 4433
f 4504 4434 4432
f 4518 4435 4434
f 4520 4436 4435
f 4525 4439 4440
f 4505 4431 4428
f 4510 4451 4447
f 4535 4460 4459
f 4500 4462 4466
f 4490 4472 4475
f 4482 4442 4443
f 4480 4422 4424
f 4486 4452 4456
f 4489 4467 4471
f 4493 4443 4445
f 4530 4475 4474
f 4513 4471 4468
f 4534 4456 4454
f 4494 4424 4425
f 4523 4463 4464
f 4506 4438 4437
f 4502 4427 4429
f 4519 4448 4450
f 4522 4458 4461
f 4529 4464 4465
f 4507 4437 4441
f 4508 4429 4430
f 4531 4450 4449
f 4498 4461 4457
f 4483 4446 4442
f 4479 4423 4422
f 4485 4453 4452
f 4488 4470 4467
f 4491 4476 4472
f 4499 4465 4462
f 4526 4441 4439
f 4511 4430 4431
f 4532 4449 4451
f 4497 4457 4460
f 4517 4440 4438
f 4501 4428 4427
f 4509 4447 4448
f 4521 4459 4458
f 4524 4466 4463
f 4527 4445 4444
f 4514 4474 4473
f 4512 4468 4469
f 4533 4454 4455
f 4496 4425 4426
f 4481 4490 4483
f 4477 4482 4479
f 4478 4480 4485
f 4484 4486 4488
f 4487 4489 4491
f 4492 4493 4499
f 4528 4530 4526
f 4515 4513 4511
f 4536 4534 4532
f 4495 4494 4497
f 4516 4523 4517
f 4503 4506 4501
f 4504 4502 4509
f 4518 4519 4521
f 4520 4522 4524
f 4525 4529 4527
f 4505 4507 4514
f 4510 4508 4512
f 4535 4531 4533
f 4500 4498 4496
f 4537 4583 4580
f 4537 4580 4579
f 4537 4579 4581
f 4537 4581 4582
f 4537 4582 4583
f 4538 4585 4588
f 4542 4608 4606
f 4548 4638 4635
f 4547 4632 4631
f 4544 4615 4617
f 4540 4598 4595
f 4540 4595 4594
f 4540 4594 4596
f 4540 4596 4597
f 4540 4597 4598
f 4541 4602 4601
f 4539 4590 4593
f 4543 4609 4613
f 4545 4621 4622
f 4546 4628 4624
f 4548 4637 4634
f 4542 4605 4604
f 4538 4586 4584
f 4544 4618 4614
f 4547 4633 4629
f 4542 4607 4605
f 4548 4636 4637
f 4547 4630 4633
f 4544 4616 4618
f 4538 4587 4586
f 4546 4626 4625
f 4541 4599 4600
f 4539 4591 4589
f 4543 4612 4610
f 4545 4623 4620
f 4546 4627 4626
f 4541 4603 4599
f 4539 4592 4591
f 4543 4611 4612
f 4545 4619 4623
f 4542 4604 4608
f 4538 4584 4585
f 4544 4614 4615
f 4547 4629 4632
f 4548 4634 4638
f 4546 4624 4627
f 4541 4601 4603
f 4539 4593 4592
f 4543 4613 4611
f 4545 4622 4619
f 4541 4600 4602
f 4539 4589 4590
f 4543 4610 4609
f 4545 4620 4621
f 4546 4625 4628
f 4542 4606 4607
f 4548 4635 4636
f 4547 4631 4630
f 4544 4617 4616
f 4538 4588 4587
f 4571 4645 4652
f 4554 4641 4644
f 4555 4647 4642
f 4576 4650 4648
f 4578 4653 4651
f 4570 4661 4655
f 4569 4688 4692
f 4561 4673 4675
f 4572 4694 4696
f 4556 4659 4656
f 4568 4679 4685
f 4559 4663 4668
f 4560 4671 4664
f 4573 4683 4681
f 4577 4686 4684
f 4570 4689 4691
f 4569 4676 4669
f 4561 4674 4670
f 4572 4695 4693
f 4556 4658 4660
f 4553 4643 4583
f 4550 4639 4580
f 4549 4640 4579
f 4551 4646 4581
f 4552 4649 4582
f 4554 4654 4585
f 4571 4690 4608
f 4578 4677 4638
f 4576 4698 4632
f 4555 4657 4615
f 4566 4678 4598
f 4563 4665 4595
f 4558 4666 4594
f 4564 4680 4596
f 4565 4682 4597
f 4568 4687 4602
f 4559 4667 4590
f 4560 4672 4609
f 4573 4697 4621
f 4577 4662 4628
f 4571 4652 4637
f 4554 4644 4605
f 4555 4642 4586
f 4576 4648 4618
f 4578 4651 4633
f 4570 4655 4607
f 4569 4692 4636
f 4561 4675 4630
f 4572 4696 4616
f 4556 4656 4587
f 4568 4685 4626
f 4559 4668 4599
f 4560 4664 4591
f 4573 4681 4612
f 4577 4684 4623
f 4570 4691 4627
f 4569 4669 4603
f 4561 4670 4592
f 4572 4693 4611
f 4556 4660 4619
f 4550 4645 4604
f 4549 4641 4584
f 4551 4647 4614
f 4552 4650 4629
f 4553 4653 4634
f 4557 4661 4624
f 4567 4688 4601
f 4562 4673 4593
f 4574 4694 4613
f 4575 4659 4622
f 4563 4679 4600
f 4558 4663 4589
f 4564 4671 4610
f 4565 4683 4620
f 4566 4686 4625
f 4567 4689 4606
f 4562 4676 4635
f 4574 4674 4631
f 4575 4695 4617
f 4557 4658 4588
f 4550 4643 4645
f 4549 4639 4641
f 4551 4640 4647
f 4552 4646 4650
f 4553 4649 4653
f 4557 4654 4661
f 4567 4690 4688
f 4562 4677 4673
f 4574 4698 4694
f 4575 4657 4659
f 4563 4678 4679
f 4558 4665 4663
f 4564 4666 4671
f 4565 4680 4683
f 4566 4682 4686
f 4567 4687 4689
f 4562 4667 4676
f 4574 4672 4674
f 4575 4697 4695
f 4557 4662 4658
f 4550 4580 4643
f 4549 4579 4639
f 4551 4581 4640
f 4552 4582 4646
f 4553 4583 4649
f 4557 4588 4654
f 4567 4606 4690
f 4562 4635 4677
f 4574 4631 4698
f 4575 4617 4657
f 4563 4595 4678
f 4558 4594 4665
f 4564 4596 4666
f 4565 4597 4680
f 4566 4598 4682
f 4567 4601 4687
f 4562 4593 4667
f 4574 4613 4672
f 4575 4622 4697
f 4557 4624 4662
f 4553 4634 4652
f 4550 4604 4644
f 4549 4584 4642
f 4551 4614 4648
f 4552 4629 4651
f 4554 4605 4655
f 4571 4637 4692
f 4578 4633 4675
f 4576 4618 4696
f 4555 4586 4656
f 4566 4625 4685
f 4563 4600 4668
f 4558 4589 4664
f 4564 4610 4681
f 4565 4620 4684
f 4568 4626 4691
f 4559 4599 4669
f 4560 4591 4670
f 4573 4612 4693
f 4577 4623 4660
f 4571 4608 4645
f 4554 4585 4641
f 4555 4615 4647
f 4576 4632 4650
f 4578 4638 4653
f 4570 4627 4661
f 4569 4603 4688
f 4561 4592 4673
f 4572 4611 4694
f 4556 4619 4659
f 4568 4602 4679
f 4559 4590 4663
f 4560 4609 4671
f 4573 4621 4683
f 4577 4628 4686
f 4570 4607 4689
f 4569 4636 4676
f 4561 4630 4674
f 4572 4616 4695
f 4556 4587 4658
f 4553 4652 4643
f 4550 4644 4639
f 4549 4642 4640
f 4551 4648 4646
f 4552 4651 4649
f 4554 4655 4654
f 4571 4692 4690
f 4578 4675 4677
f 4576 4696 4698
f 4555 4656 4657
f 4566 4685 4678
f 4563 4668 4665
f 4558 4664 4666
f 4564 4681 4680
f 4565 4684 4682
f 4568 4691 4687
f 4559 4669 4667
f 4560 4670 4672
f 4573 4693 4697
f 4577 4660 4662
f 4643 4580 4583
f 4639 4579 4580
f 4640 4581 4579
f 4646 4582 4581
f 4649 4583 4582
f 4654 4588 4585
f 4690 4606 4608
f 4677 4635 4638
f 4698 4631 4632
f 4657 4617 4615
f 4678 4595 4598
f 4665 4594 4595
f 4666 4596 4594
f 4680 4597 4596
f 4682 4598 4597
f 4687 4601 4602
f 4667 4593 4590
f 4672 4613 4609
f 4697 4622 4621
f 4662 4624 4628
f 4652 4634 4637
f 4644 4604 4605
f 4642 4584 4586
f 4648 4614 4618
f 4651 4629 4633
f 4655 4605 4607
f 4692 4637 4636
f 4675 4633 4630
f 4696 4618 4616
f 4656 4586 4587
f 4685 4625 4626
f 4668 4600 4599
f 4664 4589 4591
f 4681 4610 4612
f 4684 4620 4623
f 4691 4626 4627
f 4669 4599 4603
f 4670 4591 4592
f 4693 4612 4611
f 4660 4623 4619
f 4645 4608 4604
f 4641 4585 4584
f 4647 4615 4614
f 4650 4632 4629
f 4653 4638 4634
f 4661 4627 4624
f 4688 4603 4601
f 4673 4592 4593
f 4694 4611 4613
f 4659 4619 4622
f 4679 4602 4600
f 4663 4590 4589
f 4671 4609 4610
f 4683 4621 4620
f 4686 4628 4625
f 4689 4607 4606
f 4676 4636 4635
f 4674 4630 4631
f 4695 4616 4617
f 4658 4587 4588
f 4643 4652 4645
f 4639 4644 4641
f 4640 4642 4647
f 4646 4648 4650
f 4649 4651 4653
f 4654 4655 4661
f 4690 4692 4688
f 4677 4675 4673
f 4698 4696 4694
f 4657 4656 4659
f 4678 4685 4679
f 4665 4668 4663
f 4666 4664 4671
f 4680 4681 4683
f 4682 4684 4686
f 4687 4691 4689
f 4667 4669 4676
f 4672 4670 4674
f 4697 4693 4695
f 4662 4660 4658
f 4699 4745 4742
f 4699 4742 4741
f 4699 4741 4743
f 4699 4743 4744
f 4699 4744 4745
f 4700 4747 4750
f 4704 4770 4768
f 4710 4800 4797
f 4709 4794 4793
f 4706 4777 4779
f 4702 4760 4757
f 4702 4757 4756
f 4702 4756 4758
f 4702 4758 4759
f 4702 4759 4760
f 4703 4764 4763
f 4701 4752 4755
f 4705 4771 4775
f 4707 4783 4784
f 4708 4790 4786
f 4710 4799 4796
f 4704 4767 4766
f 4700 4748 4746
f 4706 4780 4776
f 4709 4795 4791
f 4704 4769 4767
f 4710 4798 4799
f 4709 4792 4795
f 4706 4778 4780
f 4700 4749 4748
f 4708 4788 4787
f 4703 4761 4762
f 4701 4753 4751
f 4705 4774 4772
f 4707 4785 4782
f 4708 4789 4788
f 4703 4765 4761
f 4701 4754 4753
f 4705 4773 4774
f 4707 4781 4785
f 4704 4766 4770
f 4700 4746 4747
f 4706 4776 4777
f 4709 4791 4794
f 4710 4796 4800
f 4708 4786 4789
f 4703 4763 4765
f 4701 4755 4754
f 4705 4775 4773
f 4707 4784 4781
f 4703 4762 4764
f 4701 4751 4752
f 4705 4772 4771
f 4707 4782 4783
f 4708 4787 4790
f 4704 4768 4769
f 4710 4797 4798
f 4709 4793 4792
f 4706 4779 4778
f 4700 4750 4749
f 4733 4807 4814
f 4716 4803 4806
f 4717 4809 4804
f 4738 4812 4810
f 4740 4815 4813
f 4732 4823 4817
f 4731 4850 4854
f 4723 4835 4837
f 4734 4856 4858
f 4718 4821 4818
f 4730 4841 4847
f 4721 4825 4830
f 4722 4833 4826
f 4735 4845 4843
f 4739 4848 4846
f 4732 4851 4853
f 4731 4838 4831
f 4723 4836 4832
f 4734 4857 4855
f 4718 4820 4822
f 4715 4805 4745
f 4712 4801 4742
f 4711 4802 4741
f 4713 4808 4743
f 4714 4811 4744
f 4716 4816 4747
f 4733 4852 4770
f 4740 4839 4800
f 4738 4860 4794
f 4717 4819 4777
f 4728 4840 4760
f 4725 4827 4757
f 4720 4828 4756
f 4726 4842 4758
f 4727 4844 4759
f 4730 4849 4764
f 4721 4829 4752
f 4722 4834 4771
f 4735 4859 4783
f 4739 4824 4790
f 4733 4814 4799
f 4716 4806 4767
f 4717 4804 4748
f 4738 4810 4780
f 4740 4813 4795
f 4732 4817 4769
f 4731 4854 4798
f 4723 4837 4792
f 4734 4858 4778
f 4718 4818 4749
f 4730 4847 4788
f 4721 4830 4761
f 4722 4826 4753
f 4735 4843 4774
f 4739 4846 4785
f 4732 4853 4789
f 4731 4831 4765
f 4723 4832 4754
f 4734 4855 4773
f 4718 4822 4781
f 4712 4807 4766
f 4711 4803 4746
f 4713 4809 4776
f 4714 4812 4791
f 4715 4815 4796
f 4719 4823 4786
f 4729 4850 4763
f 4724 4835 4755
f 4736 4856 4775
f 4737 4821 4784
f 4725 4841 4762
f 4720 4825 4751
f 4726 4833 4772
f 4727 4845 4782
f 4728 4848 4787
f 4729 4851 4768
f 4724 4838 4797
f 4736 4836 4793
f 4737 4857 4779
f 4719 4820 4750
f 4712 4805 4807
f 4711 4801 4803
f 4713 4802 4809
f 4714 4808 4812
f 4715 4811 4815
f 4719 4816 4823
f 4729 4852 4850
f 4724 4839 4835
f 4736 4860 4856
f 4737 4819 4821
f 4725 4840 4841
f 4720 4827 4825
f 4726 4828 4833
f 4727 4842 4845
f 4728 4844 4848
f 4729 4849 4851
f 4724 4829 4838
f 4736 4834 4836
f 4737 4859 4857
f 4719 4824 4820
f 4712 4742 4805
f 4711 4741 4801
f 4713 4743 4802
f 4714 4744 4808
f 4715 4745 4811
f 4719 4750 4816
f 4729 4768 4852
f 4724 4797 4839
f 4736 4793 4860
f 4737 4779 4819
f 4725 4757 4840
f 4720 4756 4827
f 4726 4758 4828
f 4727 4759 4842
f 4728 4760 4844
f 4729 4763 4849
f 4724 4755 4829
f 4736 4775 4834
f 4737 4784 4859
f 4719 4786 4824
f 4715 4796 4814
f 4712 4766 4806
f 4711 4746 4804
f 4713 4776 4810
f 4714 4791 4813
f 4716 4767 4817
f 4733 4799 4854
f 4740 4795 4837
f 4738 4780 4858
f 4717 4748 4818
f 4728 4787 4847
f 4725 4762 4830
f 4720 4751 4826
f 4726 4772 4843
f 4727 4782 4846
f 4730 4788 4853
f 4721 4761 4831
f 4722 4753 4832
f 4735 4774 4855
f 4739 4785 4822
f 4733 4770 4807
f 4716 4747 4803
f 4717 4777 4809
f 4738 4794 4812
f 4740 4800 4815
f 4732 4789 4823
f 4731 4765 4850
f 4723 4754 4835
f 4734 4773 4856
f 4718 4781 4821
f 4730 4764 4841
f 4721 4752 4825
f 4722 4771 4833
f 4735 4783 4845
f 4739 4790 4848
f 4732 4769 4851
f 4731 4798 4838
f 4723 4792 4836
f 4734 4778 4857
f 4718 4749 4820
f 4715 4814 4805
f 4712 4806 4801
f 4711 4804 4802
f 4713 4810 4808
f 4714 4813 4811
f 4716 4817 4816
f 4733 4854 4852
f 4740 4837 4839
f 4738 4858 4860
f 4717 4818 4819
f 4728 4847 4840
f 4725 4830 4827
f 4720 4826 4828
f 4726 4843 4842
f 4727 4846 4844
f 4730 4853 4849
f 4721 4831 4829
f 4722 4832 4834
f 4735 4855 4859
f 4739 4822 4824
f 4805 4742 4745
f 4801 4741 4742
f 4802 4743 4741
f 4808 4744 4743
f 4811 4745 4744
f 4816 4750 4747
f 4852 4768 4770
f 4839 4797 4800
f 4860 4793 4794
f 4819 4779 4777
f 4840 4757 4760
f 4827 4756 4757
f 4828 4758 4756
f 4842 4759 4758
f 4844 4760 4759
f 4849 4763 4764
f 4829 4755 4752
f 4834 4775 4771
f 4859 4784 4783
f 4824 4786 4790
f 4814 4796 4799
f 4806 4766 4767
f 4804 4746 4748
f 4810 4776 4780
f 4813 4791 4795
f 4817 4767 4769
f 4854 4799 4798
f 4837 4795 4792
f 4858 4780 4778
f 4818 4748 4749
f 4847 4787 4788
f 4830 4762 4761
f 4826 4751 4753
f 4843 4772 4774
f 4846 4782 4785
f 4853 4788 4789
f 4831 4761 4765
f 4832 4753 4754
f 4855 4774 4773
f 4822 4785 4781
f 4807 4770 4766
f 4803 4747 4746
f 4809 4777 4776
f 4812 4794 4791
f 4815 4800 4796
f 4823 4789 4786
f 4850 4765 4763
f 4835 4754 4755
f 4856 4773 4775
f 4821 4781 4784
f 4841 4764 4762
f 4825 4752 4751
f 4833 4771 4772
f 4845 4783 4782
f 4848 4790 4787
f 4851 4769 4768
f 4838 4798 4797
f 4836 4792 4793
f 4857 4778 4779
f 4820 4749 4750
f 4805 4814 4807
f 4801 4806 4803
f 4802 4804 4809
f 4808 4810 4812
f 4811 4813 4815
f 4816 4817 4823
f 4852 4854 4850
f 4839 4837 4835
f 4860 4858 4856
f 4819 4818 4821
f 4840 4847 4841
f 4827 4830 4825
f 4828 4826 4833
f 4842 4843 4845
f 4844 4846 4848
f 4849 4853 4851
f 4829 4831 4838
f 4834 4832 4836
f 4859 4855 4857
f 4824 4822 4820
f 4861 4907 4904
f 4861 4904 4903
f 4861 4903 4905
f 4861 4905 4906
f 4861 4906 4907
f 4862 4909 4912
f 4866 4932 4930
f 4872 4962 4959
f 4871 4956 4955
f 4868 4939 4941
f 4864 4922 4919
f 4864 4919 4918
f 4864 4918 4920
f 4864 4920 4921
f 4864 4921 4922
f 4865 4926 4925
f 4863 4914 4917
f 4867 4933 4937
f 4869 4945 4946
f 4870 4952 4948
f 4872 4961 4958
f 4866 4929 4928
f 4862 4910 4908
f 4868 4942 4938
f 4871 4957 4953
f 4866 4931 4929
f 4872 4960 4961
f 4871 4954 4957
f 4868 4940 4942
f 4862 4911 4910
f 4870 4950 4949
f 4865 4923 4924
f 4863 4915 4913
f 4867 4936 4934
f 4869 4947 4944
f 4870 4951 4950
f 4865 4927 4923
f 4863 4916 4915
f 4867 4935 4936
f 4869 4943 4947
f 4866 4928 4932
f 4862 4908 4909
f 4868 4938 4939
f 4871 4953 4956
f 4872 4958 4962
f 4870 4948 4951
f 4865 4925 4927
f 4863 4917 4916
f 4867 4937 4935
f 4869 4946 4943
f 4865 4924 4926
f 4863 4913 4914
f 4867 4934 4933
f 4869 4944 4945
f 4870 4949 4952
f 4866 4930 4931
f 4872 4959 4960
f 4871 4955 4954
f 4868 4941 4940
f 4862 4912 4911
f 4895 4969 4976
f 4878 4965 4968
f 4879 4971 4966
f 4900 4974 4972
f 4902 4977 4975
f 4894 4985 4979
f 4893 5012 5016
f 4885 4997 4999
f 4896 5018 5020
f 4880 4983 4980
f 4892 5003 5009
f 4883 4987 4992
f 4884 4995 4988
f 4897 5007 5005
f 4901 5010 5008
f 4894 5013 5015
f 4893 5000 4993
f 4885 4998 4994
f 4896 5019 5017
f 4880 4982 4984
f 4877 4967 4907
f 4874 4963 4904
f 4873 4964 4903
f 4875 4970 4905
f 4876 4973 4906
f 4878 4978 4909
f 4895 5014 4932
f 4902 5001 4962
f 4900 5022 4956
f 4879 4981 4939
f 4890 5002 4922
f 4887 4989 4919
f 4882 4990 4918
f 4888 5004 4920
f 4889 5006 4921
f 4892 5011 4926
f 4883 4991 4914
f 4884 4996 4933
f 4897 5021 4945
f 4901 4986 4952
f 4895 4976 4961
f 4878 4968 4929
f 4879 4966 4910
f 4900 4972 4942
f 4902 4975 4957
f 4894 4979 4931
f 4893 5016 4960
f 4885 4999 4954
f 4896 5020 4940
f 4880 4980 4911
f 4892 5009 4950
f 4883 4992 4923
f 4884 4988 4915
f 4897 5005 4936
f 4901 5008 4947
f 4894 5015 4951
f 4893 4993 4927
f 4885 4994 4916
f 4896 5017 4935
f 4880 4984 4943
f 4874 4969 4928
f 4873 4965 4908
f 4875 4971 4938
f 4876 4974 4953
f 4877 4977 4958
f 4881 4985 4948
f 4891 5012 4925
f 4886 4997 4917
f 4898 5018 4937
f 4899 4983 4946
f 4887 5003 4924
f 4882 4987 4913
f 4888 4995 4934
f 4889 5007 4944
f 4890 5010 4949
f 4891 5013 4930
f 4886 5000 4959
f 4898 4998 4955
f 4899 5019 4941
f 4881 4982 4912
f 4874 4967 4969
f 4873 4963 4965
f 4875 4964 4971
f 4876 4970 4974
f 4877 4973 4977
f 4881 4978 4985
f 4891 5014 5012
f 4886 5001 4997
f 4898 5022 5018
f 4899 4981 4983
f 4887 5002 5003
f 4882 4989 4987
f 4888 4990 4995
f 4889 5004 5007
f 4890 5006 5010
f 4891 5011 5013
f 4886 4991 5000
f 4898 4996 4998
f 4899 5021 5019
f 4881 4986 4982
f 4874 4904 4967
f 4873 4903 4963
f 4875 4905 4964
f 4876 4906 4970
f 4877 4907 4973
f 4881 4912 4978
f 4891 4930 5014
f 4886 4959 5001
f 4898 4955 5022
f 4899 4941 4981
f 4887 4919 5002
f 4882 4918 4989
f 4888 4920 4990
f 4889 4921 5004
f 4890 4922 5006
f 4891 4925 5011
f 4886 4917 4991
f 4898 4937 4996
f 4899 4946 5021
f 4881 4948 4986
f 4877 4958 4976
f 4874 4928 4968
f 4873 4908 4966
f 4875 4938 4972
f 4876 4953 4975
f 4878 4929 4979
f 4895 4961 5016
f 4902 4957 4999
f 4900 4942 5020
f 4879 4910 4980
f 4890 4949 5009
f 4887 4924 4992
f 4882 4913 4988
f 4888 4934 5005
f 4889 4944 5008
f 4892 4950 5015
f 4883 4923 4993
f 4884 4915 4994
f 4897 4936 5017
f 4901 4947 4984
f 4895 4932 4969
f 4878 4909 4965
f 4879 4939 4971
f 4900 4956 4974
f 4902 4962 4977
f 4894 4951 4985
f 4893 4927 5012
f 4885 4916 4997
f 4896 4935 5018
f 4880 4943 4983
f 4892 4926 5003
f 4883 4914 4987
f 4884 4933 4995
f 4897 4945 5007
f 4901 4952 5010
f 4894 4931 5013
f 4893 4960 5000
f 4885 4954 4998
f 4896 4940 5019
f 4880 4911 4982
f 4877 4976 4967
f 4874 4968 4963
f 4873 4966 4964
f 4875 4972 4970
f 4876 4975 4973
f 4878 4979 4978
f 4895 5016 5014
f 4902 4999 5001
f 4900 5020 5022
f 4879 4980 4981
f 4890 5009 5002
f 4887 4992 4989
f 4882 4988 4990
f 4888 5005 5004
f 4889 5008 5006
f 4892 5015 5011
f 4883 4993 4991
f 4884 4994 4996
f 4897 5017 5021
f 4901 4984 4986
f 4967 4904 4907
f 4963 4903 4904
f 4964 4905 4903
f 4970 4906 4905
f 4973 4907 4906
f 4978 4912 4909
f 5014 4930 4932
f 5001 4959 4962
f 5022 4955 4956
f 4981 4941 4939
f 5002 4919 4922
f 4989 4918 4919
f 4990 4920 4918
f 5004 4921 4920
f 5006 4922 4921
f 5011 4925 4926
f 4991 4917 4914
f 4996 4937 4933
f 5021 4946 4945
f 4986 4948 4952
f 4976 4958 4961
f 4968 4928 4929
f 4966 4908 4910
f 4972 4938 4942
f 4975 4953 4957
f 4979 4929 4931
f 5016 4961 4960
f 4999 4957 4954
f 5020 4942 4940
f 4980 4910 4911
f 5009 4949 4950
f 4992 4924 4923
f 4988 4913 4915
f 5005 4934 4936
f 5008 4944 4947
f 5015 4950 4951
f 4993 4923 4927
f 4994 4915 4916
f 5017 4936 4935
f 4984 4947 4943
f 4969 4932 4928
f 4965 4909 4908
f 4971 4939 4938
f 4974 4956 4953
f 4977 4962 4958
f 4985 4951 4948
f 5012 4927 4925
f 4997 4916 4917
f 5018 4935 4937
f 4983 4943 4946
f 5003 4926 4924
f 4987 4914 4913
f 4995 4933 4934
f 5007 4945 4944
f 5010 4952 4949
f 5013 4931 4930
f 5000 4960 4959
f 4998 4954 4955
f 5019 4940 4941
f 4982 4911 4912
f 4967 4976 4969
f 4963 4968 4965
f 4964 4966 4971
f 4970 4972 4974
f 4973 4975 4977
f 4978 4979 4985
f 5014 5016 5012
f 5001 4999 4997
f 5022 5020 5018
f 4981 4980 4983
f 5002 5009 5003
f 4989 4992 4987
f 4990 4988 4995
f 5004 5005 5007
f 5006 5008 5010
f 5011 5015 5013
f 4991 4993 5000
f 4996 4994 4998
f 5021 5017 5019
f 4986 4984 4982

