# https://github.com/mikedh/trimesh
v 0.98033953 4.90360880 2.21852779
v 0.77841932 1.95968509 1.15366471
v 0.82113844 4.91153860 2.22679234
v 0.61921823 1.96761501 1.16192937
v 0.72465265 3.43148470 1.71588469
v 0.87637246 3.42392731 1.70800841
v 0.74425924 3.74900365 1.78890347
v 0.89597899 3.74144626 1.78102732
v 0.69335461 1.89630175 1.11716402
v 0.69454467 1.88347745 1.15239227
v 0.90523160 4.98539066 2.23453546
v 0.90642160 4.97256660 2.26976371
v 0.88066995 3.43166065 1.68581402
v 0.97541732 4.81989527 2.21175599
v 0.97423321 4.83265495 2.17670369
v 0.98021281 4.97356224 2.22873020
v 0.98134130 4.96140146 2.26213503
v 0.78394675 2.02832294 1.20200109
v 0.78276265 2.04108334 1.16694868
v 0.76939720 1.89994705 1.11695576
v 0.77052569 1.88778651 1.15036082
v 0.71887332 3.43971968 1.69421327
v 0.81701368 4.82778502 2.21997905
v 0.81582958 4.84054565 2.18492651
v 0.82925069 4.98108196 2.23656702
v 0.83037907 4.96892166 2.26997185
v 0.62554312 2.03621340 1.21022427
v 0.62435901 2.04897332 1.17517185
v 0.61843503 1.90746677 1.12479258
v 0.61956346 1.89530623 1.15819764
v 0.80052269 3.42759633 1.71224785
v 0.62811929 1.96671045 1.18581533
v 0.82903141 4.89593458 2.24536133
v 0.77198738 1.95954430 1.17834675
v 0.97289944 4.88876867 2.23789263
v 0.82044894 3.75029206 1.78645718
v 0.62687689 1.98009968 1.14903522
v 0.82778889 4.90932417 2.20858097
v 0.77074498 1.97293353 1.14156651
v 0.97165698 4.90215778 2.20111227
v 0.69210595 1.86596394 1.12221932
v 0.90743721 5.00541639 2.25780797
v 0.97493619 4.81025171 2.18495750
v 0.97919506 4.86845827 2.22804832
v 0.97808599 4.88040972 2.19521618
v 0.98124659 4.94960785 2.22117424
v 0.98230356 4.93821764 2.25246358
v 0.78580552 2.05279541 1.18754280
v 0.78111464 1.98051727 1.18343544
v 0.78000557 1.99246919 1.15060329
v 0.77364635 1.92287147 1.12635672
v 0.77470338 1.91148114 1.15764606
v 0.81376606 4.81827927 2.19332409
v 0.81977081 4.87639952 2.23632455
v 0.81866169 4.88835096 2.20349240
v 0.82507300 4.95738745 2.22928166
v 0.82612991 4.94599724 2.26057100
v 0.62463546 2.06082344 1.19590962
v 0.62169033 1.98845851 1.19171166
v 0.62058127 2.00041032 1.15887952
v 0.61747277 1.93065071 1.13446426
v 0.61852974 1.91926038 1.16575360
v 0.81217831 4.73909712 2.18854284
v 0.63283527 2.12434077 1.24274504
v 0.72946537 3.43116188 1.71586382
v 0.63200289 2.05955839 1.21961820
v 0.82018930 4.80324841 2.21205330
v 0.96816593 4.73132706 2.18044519
v 0.78882295 2.11657071 1.23464739
v 0.87157518 3.42408323 1.70848656
v 0.78083748 2.05214477 1.21189177
v 0.96902382 4.79583454 2.20432663
v 0.81095332 4.75229788 2.15228033
v 0.63161039 2.13754129 1.20648265
v 0.74931437 3.75260830 1.78978574
v 0.63075244 2.07303381 1.18260098
v 0.81893891 4.81672335 2.17503619
v 0.96694106 4.74452782 2.14418268
v 0.78759807 2.12977147 1.19838500
v 0.89142424 3.74552965 1.78240848
v 0.77958703 2.06562018 1.17487442
v 0.96777338 4.80931044 2.16730976
v 0.76391762 1.89049220 1.11304533
v 0.62251729 1.89753556 1.12038577
v 0.62797475 1.92921019 1.13079059
v 0.76273030 1.92249787 1.12379503
v 0.69208211 1.87679219 1.11136973
v 0.76508504 1.87791181 1.14760363
v 0.62368459 1.88495517 1.15494406
v 0.62919819 1.91602528 1.16700983
v 0.76395386 1.90931296 1.16001427
v 0.69319671 1.86478019 1.14436662
v 0.97609168 4.98391342 2.23198366
v 0.83469135 4.99095678 2.23932409
v 0.83582252 4.95955563 2.22691345
v 0.97057813 4.95284319 2.21991801
v 0.90657961 5.00408840 2.24256110
v 0.97725898 4.97133303 2.26654196
v 0.83585870 4.97837591 2.27388239
v 0.83704597 4.94637060 2.26313257
v 0.97180158 4.93965816 2.25613737
v 0.90769422 4.99207592 2.27555799
v 0.97071028 4.73330832 2.17915726
v 0.96959990 4.74527407 2.14628768
v 0.79116309 2.11557579 1.23228276
v 0.79005277 2.12754154 1.19941330
v 0.98049533 4.91276073 2.24507189
v 0.88008338 3.42405725 1.70694590
v 0.97605467 4.86513233 2.22884727
v 0.97933024 4.92531633 2.21058202
v 0.89876878 3.72665858 1.77653408
v 0.97483218 4.87830639 2.19265699
v 0.98157221 4.97642899 2.24481416
v 0.97727293 4.94937134 2.21876526
v 0.97726643 4.99847889 2.23907900
v 0.97847617 4.93640280 2.25438881
v 0.97832459 4.98707533 2.27040386
v 0.77630836 1.93578827 1.16825461
v 0.77836710 1.98291969 1.18630612
v 0.77514327 1.94834363 1.13376474
v 0.77714467 1.99609411 1.15011609
v 0.76969624 1.88735366 1.12744772
v 0.76983947 1.92506671 1.12482762
v 0.76301301 1.87474155 1.10917497
v 0.77104282 1.91209853 1.16045129
v 0.76407123 1.86333835 1.14049983
v 0.80972362 4.74132681 2.18751454
v 0.80861318 4.75329256 2.15464497
v 0.63017637 2.12359452 1.24064016
v 0.62906605 2.13556027 1.20777059
v 0.82463306 4.92052507 2.25316286
v 0.72088295 3.43198705 1.71521044
v 0.82263166 4.87277412 2.23681164
v 0.82346803 4.93308020 2.21867323
v 0.73956841 3.73458838 1.78479874
v 0.82140917 4.88594866 2.20062160
v 0.82985067 4.98398638 2.25269032
v 0.82873344 4.95676994 2.22647667
v 0.83570510 5.00552988 2.24642801
v 0.82993680 4.94380188 2.26210022
v 0.83676326 4.99412680 2.27775288
v 0.62044603 1.94355214 1.17634583
v 0.62494415 1.99056184 1.19427085
v 0.61928099 1.95610750 1.14185596
v 0.62372166 2.00373626 1.15808070
v 0.61797476 1.89491117 1.13532400
v 0.62130004 1.93246567 1.13253868
v 0.62145174 1.88179290 1.11652386
v 0.62250340 1.91949737 1.16816247
v 0.62250984 1.87038958 1.14784873
v 0.63886470 2.05758381 1.21887326
v 0.82726532 4.80439663 2.21243811
v 0.77377373 2.05086374 1.21186972
v 0.96217436 4.79767704 2.20543480
v 0.69955122 1.95572662 1.17950881
v 0.90147382 4.89968538 2.24438405
v 0.63760197 2.07119155 1.18149316
v 0.82600260 4.81800461 2.17505813
v 0.77251101 2.06447172 1.17448974
v 0.96091169 4.81128454 2.16805458
v 0.69830257 1.96918333 1.14254355
v 0.90022510 4.91314173 2.20741892
v -0.56627333 2.49705887 0.28084475
v 0.56050348 2.40313649 0.27170289
v -0.58858001 2.23093081 0.26561022
v 0.53819674 2.13700843 0.25646836
v -0.02459086 2.18889475 0.28448290
v -0.00333241 2.44251680 0.29900151
v -0.14110014 2.20085597 0.24613392
v -0.11984169 2.45447779 0.26065254
v 0.57708013 2.26863599 0.24857599
v 0.57720441 2.26648188 0.28602266
v -0.60525811 2.36718988 0.25816858
v -0.60513383 2.36503577 0.29561526
v -0.00270381 2.45228028 0.27616960
v -0.53709984 2.49269271 0.30263889
v -0.53722346 2.49483585 0.26537931
v -0.59171742 2.49306512 0.26633656
v -0.59159964 2.49102235 0.30184531
v 0.53136474 2.40363073 0.29397023
v 0.53124106 2.40577412 0.25671053
v 0.58469826 2.39500499 0.25679207
v 0.58481610 2.39296222 0.29230082
v -0.02537420 2.18181324 0.26068664
v -0.55929482 2.22789788 0.28748071
v -0.55941844 2.23004103 0.25022107
v -0.61286974 2.24070954 0.25189048
v -0.61275196 2.23866677 0.28739923
v 0.50916976 2.13883591 0.27881199
v 0.50904614 2.14097905 0.24155235
v 0.56354594 2.14264941 0.24234593
v 0.56366372 2.14060664 0.27785468
v -0.01396057 2.31568718 0.29206252
v 0.53653425 2.14873624 0.28021210
v -0.58461636 2.24218988 0.28930825
v 0.55669242 2.38923287 0.29397935
v -0.56445807 2.48268652 0.30307549
v -0.13236937 2.32784343 0.25308830
v 0.53640449 2.15098524 0.24111569
v -0.58474618 2.24443889 0.25021195
v 0.55656272 2.39148188 0.25488299
v -0.56458795 2.48493552 0.26397920
v 0.58676827 2.26696658 0.26355368
v -0.61484635 2.36712718 0.27330267
v -0.53044957 2.49571776 0.28086716
v -0.55547458 2.49515080 0.30165738
v -0.55559045 2.49715853 0.26675773
v -0.58237725 2.49660826 0.26763773
v -0.58226693 2.49469519 0.30089730
v 0.52495718 2.40774441 0.27230448
v 0.54987478 2.40301466 0.29268938
v 0.54975891 2.40502214 0.25778967
v 0.57609576 2.40004396 0.25823867
v 0.57620603 2.39813066 0.29149836
v -0.55303222 2.22629809 0.26544434
v -0.57781261 2.22864985 0.28640151
v -0.57792848 2.23065734 0.25150186
v -0.60425979 2.23554111 0.25269288
v -0.60414946 2.23362780 0.28595257
v 0.50237453 2.13832474 0.25688154
v 0.52753669 2.13651323 0.27743351
v 0.52742082 2.13852096 0.24253380
v 0.55421323 2.13897681 0.24329388
v 0.55432355 2.13706350 0.27655357
v -0.52528560 2.22705960 0.28796488
v 0.47550336 2.14363861 0.27984524
v -0.02391680 2.19691300 0.28518569
v 0.50068021 2.14753771 0.28038841
v -0.54945755 2.23507190 0.28890848
v -0.50342911 2.48781562 0.30289197
v 0.49735978 2.40439510 0.29477227
v -0.00400486 2.43447042 0.29878467
v 0.52153438 2.39633656 0.29463100
v -0.52860332 2.48387074 0.30315101
v -0.52541345 2.22927666 0.24941897
v 0.47537541 2.14585614 0.24129939
v -0.14186709 2.20902205 0.24636245
v 0.50054967 2.14980125 0.24104023
v -0.54958802 2.23733521 0.24956030
v -0.50355703 2.49003315 0.26434600
v 0.49723190 2.40661240 0.25622636
v -0.12195514 2.44657946 0.25996149
v 0.52140379 2.39859986 0.25528270
v -0.52873391 2.48613405 0.26380283
v 0.58781660 2.38673210 0.25569087
v 0.56800407 2.15036058 0.24215984
v 0.55639565 2.15697145 0.24169290
v 0.57527715 2.38223529 0.25458819
v 0.58439583 2.26795840 0.24970263
v 0.58793849 2.38461900 0.29242539
v 0.56812602 2.14824748 0.27889431
v 0.55652338 2.15475678 0.28019291
v 0.57540488 2.38002062 0.29308814
v 0.58451223 2.26594067 0.28477740
v -0.59617966 2.48542428 0.26529700
v -0.61599219 2.24905276 0.25176585
v -0.60345858 2.25365114 0.25110310
v -0.58457714 2.47891498 0.26399839
v -0.61256593 2.36773109 0.25941390
v -0.59605783 2.48331118 0.30203152
v -0.61587030 2.24693966 0.28850043
v -0.60333085 2.25143647 0.28960311
v -0.58444935 2.47670031 0.30249834
v -0.61244953 2.36571360 0.29448861
v -0.50365448 2.49214530 0.30133247
v -0.50377041 2.49415517 0.26639307
v 0.49827370 2.40862942 0.29320359
v 0.49815765 2.41063952 0.25826418
v -0.57275957 2.49354315 0.30250627
v -0.00281139 2.44882226 0.29843640
v -0.55479300 2.48994064 0.30314612
v -0.57288122 2.49565220 0.26584452
v -0.11384685 2.46022153 0.26188916
v -0.55492061 2.49215364 0.26467699
v -0.59457594 2.49313259 0.28054267
v -0.58245426 2.49032116 0.26496494
v -0.60196435 2.48594356 0.26707017
v -0.58232862 2.48814297 0.30283201
v -0.60185391 2.48402810 0.30036771
v 0.56666654 2.39856648 0.29326177
v 0.54836398 2.39798713 0.29419589
v 0.56654477 2.40067530 0.25660002
v 0.54823631 2.40019989 0.25572675
v 0.58775699 2.39457917 0.27095008
v 0.57508767 2.39383435 0.25557357
v 0.59363526 2.38628435 0.25737000
v 0.57521337 2.39165616 0.29344052
v 0.59374571 2.38436890 0.29066753
v -0.52621138 2.22303224 0.28592712
v -0.52632743 2.22504234 0.25098765
v 0.47571677 2.13951683 0.27779818
v 0.47560084 2.14152646 0.24285877
v -0.59459847 2.23299646 0.28759122
v -0.02511800 2.18269539 0.28320199
v -0.57629001 2.23347187 0.28846449
v -0.59472013 2.23510528 0.25092953
v -0.13615347 2.19409466 0.24665475
v -0.57641768 2.23568463 0.24999541
v -0.61583471 2.23950791 0.26602393
v -0.60326707 2.24201584 0.25075072
v -0.62179941 2.24930310 0.25352371
v -0.60314143 2.23983765 0.28861773
v -0.62168890 2.24738765 0.28682125
v 0.54482752 2.13801956 0.27834672
v 0.52686691 2.14151812 0.27951425
v 0.54470587 2.14012861 0.24168503
v 0.52673924 2.14373112 0.24104512
v 0.56649828 2.14095426 0.25643134
v 0.55427492 2.14552879 0.24135923
v 0.57380027 2.14964366 0.24382353
v 0.55440062 2.14335060 0.27922630
v 0.57391065 2.14772820 0.27712095
v 0.50225425 2.15911603 0.28124273
v -0.54907900 2.24675012 0.28977251
v 0.52115726 2.38463616 0.29415262
v -0.53017604 2.47227001 0.30268240
v 0.54943335 2.26874399 0.28717113
v -0.57735670 2.36266756 0.29631311
v 0.50212234 2.16140175 0.24150884
v -0.54921091 2.24903560 0.25003862
v 0.52102530 2.38692188 0.25441879
v -0.53030795 2.47455573 0.26294851
v 0.54930300 2.27100420 0.24787819
v -0.57748705 2.36492777 0.25702012
v -0.58414161 2.19367027 0.17369521
v -0.15987746 2.17459440 0.16627324
v -0.59569579 1.94566953 0.15063202
v -0.17143165 1.92659342 0.14321017
v -0.38298643 1.93980336 0.17048430
v -0.37197524 2.17615008 0.19246352
v -0.42732695 1.94544196 0.13206732
v -0.41631576 2.18178844 0.15404665
v -0.15539677 2.05155039 0.13931715
v -0.15490071 2.04805470 0.17665923
v -0.60058141 2.07156682 0.14710498
v -0.60008538 2.06807113 0.18444717
v -0.37191838 2.18617558 0.16994441
v -0.57290012 2.19049549 0.19545269
v -0.57339364 2.19397354 0.15829694
v -0.59397554 2.18900990 0.15898645
v -0.59350508 2.18569493 0.19439626
v -0.17059217 2.17240667 0.18841493
v -0.17108575 2.17588496 0.15125918
v -0.15102084 2.16909361 0.15123761
v -0.15055045 2.16577864 0.18664742
v -0.38366094 1.93413103 0.14650536
v -0.58439636 1.94373667 0.17250514
v -0.58489001 1.94721508 0.13534939
v -0.60493171 1.95384312 0.13711691
v -0.60446131 1.95052838 0.17252660
v -0.18208849 1.92564809 0.16546726
v -0.18258207 1.92912626 0.12831151
v -0.16197708 1.93392682 0.12936807
v -0.16150671 1.93061185 0.16477787
v -0.37747660 2.05794692 0.18179333
v -0.17162994 1.93643785 0.16726243
v -0.59377569 1.95541859 0.17464733
v -0.16118857 2.16055346 0.18810427
v -0.58333427 2.17953396 0.19548917
v -0.42254007 2.06367731 0.14275002
v -0.17214787 1.94008768 0.12827516
v -0.59429353 1.95906830 0.13566005
v -0.16170649 2.16420317 0.14911699
v -0.58385229 2.18318391 0.15650177
v -0.15156828 2.04998183 0.15426755
v -0.60401106 2.07032466 0.16218233
v -0.57063085 2.19457960 0.17382002
v -0.57982278 2.19171286 0.19447136
v -0.58028513 2.19497085 0.15966904
v -0.59039348 2.19281220 0.16042626
v -0.58995289 2.18970704 0.19359314
v -0.17323956 2.17671204 0.16686809
v -0.16362669 2.17299962 0.18719065
v -0.16408901 2.17625785 0.15238822
v -0.15419479 2.17319965 0.15279567
v -0.15375419 2.17009449 0.18596256
v -0.58232796 1.94351125 0.15047157
v -0.59139317 1.94336390 0.17137599
v -0.59185547 1.94662201 0.13657367
v -0.60172796 1.94952703 0.13780177
v -0.60128736 1.94642210 0.17096865
v -0.18493666 1.92564356 0.14351988
v -0.17519706 1.92465079 0.16409528
v -0.17565939 1.92790890 0.12929296
v -0.16552927 1.92991447 0.13017106
v -0.16508867 1.92680955 0.16333795
v -0.57155937 1.94498551 0.17309856
v -0.19473322 1.92804241 0.16650653
v -0.38263446 1.94726574 0.17142272
v -0.18517768 1.93315887 0.16726220
v -0.58058500 1.95093739 0.17417932
v -0.56023830 2.18798065 0.19569612
v -0.18341227 2.17103767 0.18910408
v -0.37232071 2.16864228 0.19200981
v -0.17437586 2.16501117 0.18882346
v -0.56978321 2.18278956 0.19574058
v -0.57206988 1.94858408 0.13466024
v -0.19524387 1.93164098 0.12806809
v -0.42752343 1.95297396 0.13253057
v -0.18569896 1.93683207 0.12802374
v -0.58110631 1.95461059 0.13494074
v -0.56074893 2.19157934 0.15725780
v -0.18392287 2.17463613 0.15066576
v -0.41720966 2.17435050 0.15311766
v -0.17489712 2.16868424 0.14958501
v -0.57030445 2.18646264 0.15650213
v -0.14994881 2.16163898 0.14990890
v -0.16021107 1.94136739 0.12942457
v -0.16452673 1.94682992 0.12910509
v -0.15474668 2.15674996 0.14862680
v -0.15262797 2.05131602 0.14045155
v -0.14946215 2.15820956 0.18654096
v -0.15972444 1.93793821 0.16605651
v -0.16401668 1.94323575 0.16749775
v -0.15423666 2.15315580 0.18701947
v -0.15216336 2.04804158 0.17542851
v -0.59575772 2.18168354 0.15770769
v -0.60602003 1.96141207 0.13722336
v -0.60124552 1.96646583 0.13674486
v -0.59146547 2.17638588 0.15626657
v -0.60331887 2.07158017 0.14833581
v -0.59527105 2.17825437 0.19433975
v -0.60553342 1.95798278 0.17385542
v -0.60073549 1.96287167 0.17513752
v -0.59095544 2.17279172 0.19465923
v -0.60285419 2.06830573 0.18331277
v -0.56029534 2.19205260 0.19426370
v -0.56075805 2.19531417 0.15942192
v -0.18304025 2.17509007 0.18766427
v -0.18350311 2.17835188 0.15282226
v -0.58635575 2.18914461 0.19520414
v -0.37171596 2.18206286 0.19208491
v -0.57960409 2.18685341 0.19580925
v -0.58684152 2.19256711 0.15864480
v -0.41397333 2.18743634 0.15547287
v -0.58011377 2.19044447 0.15744746
v -0.59487456 2.18833089 0.17316723
v -0.59052575 2.18707299 0.15757298
v -0.59791368 2.18174672 0.15947127
v -0.59002417 2.18353796 0.19533443
v -0.59747255 2.17863822 0.19267595
v -0.15732883 2.16985464 0.18769896
v -0.16423355 2.16817713 0.18854296
v -0.15781449 2.17327714 0.15113950
v -0.16474317 2.17176843 0.15018106
v -0.14969186 2.16831422 0.16537941
v -0.15467763 2.16747618 0.14994836
v -0.14773564 2.16150570 0.15159607
v -0.15417598 2.16394114 0.18770981
v -0.14729457 2.15839696 0.18480074
v -0.57197899 1.94126976 0.17094195
v -0.57244194 1.94453168 0.13610005
v -0.19472402 1.92430758 0.16434240
v -0.19518690 1.92756915 0.12950051
v -0.59766763 1.94634461 0.17262483
v -0.38327011 1.93406296 0.16902196
v -0.59073901 1.94785333 0.17358315
v -0.59815341 1.94976711 0.13606536
v -0.42552745 1.93943655 0.13240993
v -0.59124863 1.95144451 0.13522136
v -0.60588592 1.95198131 0.15118766
v -0.60130620 1.95568049 0.13605440
v -0.60818762 1.96122468 0.13896358
v -0.60080457 1.95214546 0.17381585
v -0.60774654 1.95811605 0.17216825
v -0.16864067 1.92705464 0.16511953
v -0.17536840 1.92917705 0.16631687
v -0.16912638 1.93047714 0.12856019
v -0.17587802 1.93276834 0.12795508
v -0.16070320 1.93196464 0.14339995
v -0.16545801 1.93608379 0.12842989
v -0.15800962 1.94098353 0.13108838
v -0.16495638 1.93254876 0.16619134
v -0.15756850 1.93787503 0.16429305
v -0.18444473 1.94397724 0.16845930
v -0.58030224 1.96177614 0.17538416
v -0.17465357 2.15413642 0.18800318
v -0.57051104 2.17193508 0.19492817
v -0.16534625 2.04843879 0.17776287
v -0.58961540 2.06751466 0.18518484
v -0.18497109 1.94768655 0.12883615
v -0.58082861 1.96548522 0.13576114
v -0.17517993 2.15784550 0.14838004
v -0.57103741 2.17564440 0.15530503
v -0.16586678 2.05210686 0.13857949
v -0.59013593 2.07118297 0.14600146
v -0.55800694 2.20889926 0.15124834
v 0.53357935 2.11103225 0.16821551
v -0.58044940 1.95474625 0.12913728
v 0.51113683 1.85687959 0.14610434
v -0.03466248 1.90982783 0.16117513
v -0.01327457 2.15203714 0.18224716
v -0.14649870 1.92326665 0.12021613
v -0.12511079 2.16547608 0.14128816
v 0.54962444 1.98283851 0.14232755
v 0.54875910 1.97966433 0.17969179
v -0.59578818 2.08553123 0.12452388
v -0.59665346 2.08235717 0.16188812
v -0.01202553 2.16205692 0.15968418
v -0.53032762 2.20385957 0.17365241
v -0.52946651 2.20701790 0.13647473
v -0.58230114 2.20569205 0.13601875
v -0.58312172 2.20268202 0.17144930
v 0.50476760 2.11105752 0.18974137
v 0.50562871 2.11421585 0.15256369
v 0.55737370 2.10351372 0.15373325
v 0.55655313 2.10050368 0.18916380
v -0.03483398 1.90376055 0.13721263
v -0.55265772 1.95097971 0.15165210
v -0.55179667 1.95413816 0.11447442
v -0.60358220 1.96469188 0.11505187
v -0.60440272 1.96168196 0.15048242
v 0.48243749 1.85817766 0.16774094
v 0.48329860 1.86133611 0.13056338
v 0.53609270 1.86251366 0.13276637
v 0.53527212 1.85950375 0.16819692
v -0.02397593 2.03090525 0.17203081
v 0.50896114 1.86741436 0.17006338
v -0.57717466 1.96479249 0.15318096
v 0.52924222 2.09708905 0.19004488
v -0.55689365 2.19446731 0.17316258
v -0.13763547 2.04456329 0.13040400
v 0.50986457 1.87072837 0.13105309
v -0.57627124 1.96810651 0.11417079
v 0.53014570 2.10040307 0.15103471
v -0.55599022 2.19778132 0.13415229
v 0.55861366 1.98072529 0.15749550
v -0.60547316 2.08509231 0.13940144
v -0.52330250 2.20735288 0.15213990
v -0.54809481 2.20637631 0.17226815
v -0.54728836 2.20933437 0.13744533
v -0.57326859 2.20897722 0.13763785
v -0.57403719 2.20615792 0.17082429
v 0.49914265 2.11568499 0.16803217
v 0.52273321 2.11037040 0.18891251
v 0.52353972 2.11332870 0.15408969
v 0.54902405 2.10835719 0.15508223
v 0.54825538 2.10553813 0.18826854
v -0.54602277 1.95005667 0.12975526
v -0.57056874 1.95186687 0.15012598
v -0.56976229 1.95482528 0.11530316
v -0.59528440 1.95965743 0.11594713
v -0.59605300 1.95683837 0.14913356
v 0.47642246 1.85838878 0.14564753
v 0.50025928 1.85586107 0.16677034
v 0.50106579 1.85881960 0.13194752
v 0.52700824 1.85903776 0.13339150
v 0.52623957 1.85621834 0.16657782
v -0.51972121 1.94991469 0.15297103
v 0.44981188 1.86299074 0.16804087
v -0.03399074 1.91747785 0.16208494
v 0.47421068 1.86652327 0.16930950
v -0.54313022 1.95773351 0.15349650
v -0.49773169 2.19893742 0.17463589
v 0.47180146 2.11201334 0.18970573
v -0.01395754 2.14434576 0.18182230
v 0.49519193 2.10412669 0.18998086
v -0.52214903 2.19533706 0.17416787
v -0.51883042 1.95318222 0.11450994
v 0.45070264 1.86625814 0.12957990
v -0.14721020 1.93108308 0.12061930
v 0.47512001 1.86985874 0.13004792
v -0.54222095 1.96106887 0.11423492
v -0.49684092 2.20220494 0.13617480
v 0.47269219 2.11528087 0.15124464
v -0.12717697 2.15795088 0.14035666
v 0.49610114 2.10746217 0.15071929
v -0.52123970 2.19867253 0.13490617
v 0.56038582 2.09560394 0.15251482
v 0.54045260 1.86986876 0.13287604
v 0.52924752 1.87629604 0.13227487
v 0.54824394 2.09142327 0.15099084
v 0.55668038 1.98210299 0.14362109
v 0.55953699 2.09249020 0.18916833
v 0.53960371 1.86675489 0.16952956
v 0.52835774 1.87303245 0.17069006
v 0.54735422 2.08815980 0.18940604
v 0.55586988 1.97912979 0.17861855
v -0.58663279 2.19844079 0.13468611
v -0.60656607 1.97270548 0.11504734
v -0.59438324 1.97703576 0.11480963
v -0.57538682 2.19216323 0.13352573
v -0.60289884 2.08606601 0.12559712
v -0.58748162 2.19532681 0.17133975
v -0.60741490 1.96959162 0.15170097
v -0.59527296 1.97377229 0.15322495
v -0.57627654 2.18889952 0.17194092
v -0.60370934 2.08309269 0.16059470
v -0.49788952 2.20313025 0.17317510
v -0.49708205 2.20609188 0.13831270
v 0.47274730 2.11610723 0.18826210
v 0.47355476 2.11906886 0.15339971
v -0.56487244 2.20493793 0.17264330
v -0.01272597 2.15808654 0.18184566
v -0.54749709 2.20133924 0.17364860
v -0.56402528 2.20804572 0.13606238
v -0.11930793 2.17089415 0.14281094
v -0.54660809 2.20460010 0.13526428
v -0.58544075 2.20535588 0.15014148
v -0.57330251 2.20303822 0.13481605
v -0.59228176 2.19892764 0.13632464
v -0.57417762 2.19982839 0.17259967
v -0.59305120 2.19610500 0.16954887
v 0.53896815 2.10597253 0.18980074
v 0.52120709 2.10552382 0.19026005
v 0.53981525 2.10908008 0.15321982
v 0.52209610 2.10878491 0.15187562
v 0.55996668 2.10266352 0.16794515
v 0.54808819 2.10249925 0.15224636
v 0.56597811 2.09508300 0.15432799
v 0.54721314 2.09928942 0.19002998
v 0.56520861 2.09226036 0.18755221
v -0.52058381 1.94612682 0.15081596
v -0.51977634 1.94908845 0.11595356
v 0.45005301 1.85910368 0.16590309
v 0.45086047 1.86206532 0.13104057
v -0.58684433 1.95611548 0.15099585
v -0.03516842 1.90393472 0.15973461
v -0.56912512 1.95641077 0.15234005
v -0.58599716 1.95922303 0.11441493
v -0.14175038 1.91674232 0.12069988
v -0.56823611 1.95967174 0.11395562
v -0.60682887 1.96314371 0.12906921
v -0.59424222 1.96590614 0.11418569
v -0.61223769 1.97293532 0.11666346
v -0.59511721 1.96269631 0.15196931
v -0.61300719 1.97011268 0.14988768
v 0.51699620 1.85714984 0.16815341
v 0.49957907 1.86059535 0.16895151
v 0.51784337 1.86025763 0.13157248
v 0.50046802 1.86385632 0.13056707
v 0.53857851 1.86045146 0.14687288
v 0.52714860 1.86536729 0.13161600
v 0.54602224 1.86909068 0.13466680
v 0.52627349 1.86215723 0.16939974
v 0.54525274 1.86626816 0.16789103
v 0.47576678 1.87757063 0.17047799
v -0.54273212 1.96888483 0.15464687
v 0.49478483 2.09294295 0.18921518
v -0.52371407 2.18425679 0.17338419
v 0.52183110 1.98199856 0.18019474
v -0.56976807 2.07986641 0.16322744
v 0.47668499 1.88093877 0.13083160
v -0.54181385 1.97225273 0.11500061
v 0.49570307 2.09631085 0.14956880
v -0.52279580 2.18762493 0.13373780
v 0.52273905 1.98532915 0.14098823
v -0.56886005 2.08319712 0.12402105
v 0.51339859 1.66316354 0.01808608
v -0.49730390 1.72541356 0.02349281
v 0.52514613 1.85407031 0.01612329
v -0.48555633 1.91632009 0.02153003
v 0.01965670 1.88093877 0.04199517
v 0.00846116 1.69900346 0.04386580
v 0.12381233 1.87411916 0.00208104
v 0.11261680 1.69218373 0.00395155
v -0.51644039 1.82224989 0.00733614
v -0.51621675 1.82262182 0.04484236
v 0.54410011 1.75693035 0.00166285
v 0.54432368 1.75730228 0.03916907
v 0.00795021 1.69273007 0.02057672
v 0.48740715 1.66547167 0.04032516
v 0.48718470 1.66510153 0.00300610
v 0.53587979 1.66659009 0.00357819
v 0.53609180 1.66694272 0.03914344
v -0.47099015 1.72449994 0.04545200
v -0.47121257 1.72413003 0.00813305
v -0.51934808 1.73158240 0.00922298
v -0.51913613 1.73193491 0.04478836
v 0.01988932 1.88674915 0.01858187
v 0.49909589 1.85542190 0.03837228
v 0.49887344 1.85505199 0.00105321
v 0.54701942 1.84761715 0.00171685
v 0.54723144 1.84796977 0.03728223
v -0.45930138 1.91445053 0.04349899
v -0.45952383 1.91408050 0.00618005
v -0.50820845 1.91260934 0.00736189
v -0.50799650 1.91296196 0.04292703
v 0.01406085 1.78997445 0.04325128
v -0.48346156 1.90719986 0.04463482
v 0.52219445 1.84526074 0.03925514
v -0.49407771 1.73467970 0.04640865
v 0.51157820 1.67274058 0.04102886
v 0.11991457 1.78304350 0.00268638
v -0.48369494 1.90681148 0.00547636
v 0.52196103 1.84487236 0.00009656
v -0.49431115 1.73429143 0.00725007
v 0.51134491 1.67235231 0.00187027
v -0.52499574 1.82293177 0.02246213
v 0.55283529 1.75654745 0.01669633
v 0.48131835 1.66395664 0.01848769
v 0.50390500 1.66382909 0.03906107
v 0.50369668 1.66348243 0.00410581
v 0.52764708 1.66397226 0.00477970
v 0.52784568 1.66430247 0.03809226
v -0.46536633 1.72226357 0.02355194
v -0.48757747 1.72489524 0.04436493
v -0.48778579 1.72454870 0.00940967
v -0.51148647 1.72797322 0.01033854
v -0.51128793 1.72830355 0.04365098
v 0.49321121 1.85722446 0.01650059
v 0.51566911 1.85500360 0.03709555
v 0.51546073 1.85465705 0.00214028
v 0.53917116 1.85124850 0.00285423
v 0.53936988 1.85157895 0.03616679
v -0.45347348 1.91553140 0.02156484
v -0.47581336 1.91606963 0.04239941
v -0.47602168 1.91572309 0.00744414
v -0.49996233 1.91524971 0.00841296
v -0.49976376 1.91558003 0.04172552
v 0.46865857 1.85584927 0.03919363
v -0.42903468 1.91113889 0.04399574
v 0.01930359 1.87517929 0.04229772
v -0.45142883 1.90821731 0.04456007
v 0.49052969 1.85020137 0.03952110
v 0.45714813 1.66879594 0.04111671
v -0.44054511 1.72408557 0.04591894
v 0.00881719 1.70476782 0.04404986
v -0.46241146 1.72974157 0.04639506
v 0.47954705 1.67172563 0.04135609
v 0.46842846 1.85546660 0.00058639
v -0.42926478 1.91075599 0.00538850
v 0.12474743 1.86827540 0.00189006
v -0.45166376 1.90782642 0.00514913
v 0.49029478 1.84981048 0.00011015
v 0.45691797 1.66841328 0.00250947
v -0.44077525 1.72370279 0.00731170
v 0.11426103 1.69786370 0.00364208
v -0.46264639 1.72935081 0.00698411
v 0.47931218 1.67133486 0.00194526
v -0.52239877 1.73751879 0.00856841
v -0.51196474 1.90707970 0.00682509
v -0.50138766 1.90241992 0.00592399
v -0.51133144 1.74082720 0.00758541
v -0.52299178 1.82266557 0.00855911
v -0.52217954 1.73788357 0.04536140
v -0.51174545 1.90744436 0.04361808
v -0.50115776 1.90280223 0.04448521
v -0.51110154 1.74120951 0.04614663
v -0.52278244 1.82301390 0.04368961
v 0.53962874 1.67210770 0.00288725
v 0.55006278 1.84166861 0.00114381
v 0.53898489 1.83834267 0.00035858
v 0.52904117 1.67674994 0.00202000
v 0.55066574 1.75653815 0.00281560
v 0.53984803 1.67247248 0.03968012
v 0.55028212 1.84203327 0.03793681
v 0.53921473 1.83872497 0.03891981
v 0.52927101 1.67713213 0.04058123
v 0.55087513 1.75688648 0.03794622
v 0.45746377 1.66574931 0.03933871
v 0.45725518 1.66540241 0.00434363
v -0.44125122 1.72110176 0.04414642
v -0.44145983 1.72075486 0.00915134
v 0.51932484 1.66503215 0.03983974
v 0.00817966 1.69450903 0.04298735
v 0.50315380 1.66750562 0.04081690
v 0.51910597 1.66466808 0.00311971
v 0.10744187 1.68800974 0.00494850
v 0.50292414 1.66712356 0.00228655
v 0.53859013 1.66611183 0.01773691
v 0.52749747 1.66855240 0.00242746
v 0.54483706 1.67170775 0.00458157
v 0.52772355 1.66892850 0.04035485
v 0.54503590 1.67203832 0.03793204
v -0.50272387 1.72798097 0.04530704
v -0.48636210 1.72845066 0.04611027
v -0.50294280 1.72761691 0.00858712
v -0.48659167 1.72806871 0.00757992
v -0.52194560 1.73143101 0.02341020
v -0.51080108 1.73250198 0.00798178
v -0.52759856 1.73775983 0.01031852
v -0.51057500 1.73287809 0.04590905
v -0.52739972 1.73809052 0.04366899
v 0.46934313 1.85879719 0.03735387
v 0.46913457 1.85845017 0.00235891
v -0.42937186 1.91414976 0.04216158
v -0.42958045 1.91380286 0.00716650
v 0.53082609 1.85193527 0.03791809
v 0.01992720 1.88541496 0.04102457
v 0.51447499 1.85148346 0.03892529
v 0.53060722 1.85157108 0.00119817
v 0.11918941 1.87891579 0.00298572
v 0.51424539 1.85110164 0.00039494
v 0.54978573 1.84804940 0.01586628
v 0.53845841 1.84667408 0.00059617
v 0.55528307 1.84146166 0.00283623
v 0.53868449 1.84705007 0.03852344
v 0.55548191 1.84179223 0.03618670
v -0.49122265 1.91488397 0.04338551
v -0.47504085 1.91242862 0.04421866
v -0.49144152 1.91451979 0.00666547
v -0.47527048 1.91204643 0.00568831
v -0.51074994 1.91336870 0.02153957
v -0.49984026 1.91062367 0.00615048
v -0.51715255 1.90751362 0.00857317
v -0.49961415 1.91099966 0.04407775
v -0.51695377 1.90784454 0.04192364
v -0.45247757 1.89990270 0.04484189
v 0.49055317 1.84182072 0.03979719
v -0.46243265 1.73812604 0.04650521
v 0.48059809 1.68004394 0.04146039
v -0.49129826 1.82109654 0.04563379
v 0.51941609 1.75884581 0.04022694
v -0.45271480 1.89950800 0.00504482
v 0.49031594 1.84142613 0.00000000
v -0.46266985 1.73773146 0.00670803
v 0.48036090 1.67964947 0.00166345
v -0.49153280 1.82070625 0.00627828
v 0.51918155 1.75845563 0.00087142
v -0.57492721 2.52735066 0.38949925
v 0.54764730 2.41498828 0.40176934
v -0.56987184 2.56255269 0.24934947
v 0.55270267 2.45019031 0.26161957
v -0.01087428 2.48323464 0.25309569
v -0.01569207 2.44968700 0.38665932
v -0.12312406 2.53281236 0.26149929
v -0.12794185 2.49926448 0.39506298
v 0.57928944 2.44458938 0.33575875
v 0.57576799 2.40840149 0.32654232
v -0.59863925 2.56249237 0.32288361
v -0.60216063 2.52630448 0.31366712
v -0.01365964 2.47110343 0.39683288
v -0.54794228 2.50320435 0.38403398
v -0.54443854 2.53921151 0.39320445
v -0.59817702 2.54457068 0.38912576
v -0.60151613 2.51025558 0.38038623
v 0.51653731 2.39665699 0.39566910
v 0.52004111 2.43266416 0.40483958
v 0.57385117 2.42725825 0.40193647
v 0.57051194 2.39294314 0.39319694
v -0.00852186 2.50687909 0.25439829
v -0.54291230 2.53822994 0.24458635
v -0.53940850 2.57423687 0.25375682
v -0.59338331 2.57795095 0.25622898
v -0.59672248 2.54363561 0.24748945
v 0.52156729 2.43168235 0.25622147
v 0.52507108 2.46768951 0.26539195
v 0.57864481 2.46063828 0.26903963
v 0.57530570 2.42632341 0.26030016
v -0.01331329 2.46615124 0.31979859
v 0.54749495 2.42656112 0.26268029
v -0.56947422 2.53836226 0.25047153
v 0.54292649 2.39474940 0.38933194
v -0.57404274 2.50655079 0.37712306
v -0.12739314 2.51653719 0.32833928
v 0.55117148 2.46434307 0.27230287
v -0.56579769 2.57614446 0.26009399
v 0.54660302 2.43253160 0.39895445
v -0.57036614 2.54433274 0.38674557
v 0.58747584 2.42907858 0.33215809
v -0.60965735 2.54890370 0.31907302
v -0.53942698 2.52336383 0.39070088
v -0.56622118 2.50607085 0.38457292
v -0.56293935 2.53979731 0.39316249
v -0.58942759 2.54201293 0.39124060
v -0.59255534 2.50987124 0.38305467
v 0.51204365 2.41811872 0.40219384
v 0.53500569 2.39584517 0.39660966
v 0.53828758 2.42957187 0.40519929
v 0.56472492 2.42649007 0.40385586
v 0.56159723 2.39434838 0.39566988
v -0.53430909 2.55900121 0.24881774
v -0.56115872 2.54132199 0.24422669
v -0.55787688 2.57504869 0.25281632
v -0.58446842 2.57654548 0.25375599
v -0.58759612 2.54440379 0.24557006
v 0.51716149 2.45375586 0.26031065
v 0.54006815 2.43109655 0.25626343
v 0.54334998 2.46482301 0.26485306
v 0.56968415 2.46102262 0.26637125
v 0.56655639 2.42888093 0.25818539
v -0.50929958 2.53396702 0.24585998
v 0.48775688 2.43416810 0.25675809
v -0.01104971 2.48193741 0.25726575
v 0.51218802 2.43052912 0.26007658
v -0.53403330 2.53524899 0.24864107
v -0.51425296 2.49947572 0.38318080
v 0.48280352 2.39967680 0.39407897
v -0.01556234 2.45051479 0.38236952
v 0.50746173 2.39761925 0.39110035
v -0.53875959 2.50233912 0.37966484
v -0.50567478 2.57121706 0.25534701
v 0.49138165 2.47141838 0.26624513
v -0.12468781 2.53212810 0.26577336
v 0.51588821 2.46855474 0.26976109
v -0.53033310 2.57327461 0.25832558
v -0.51062816 2.53672600 0.39266777
v 0.48642832 2.43692708 0.40356594
v -0.12920044 2.50070524 0.39087707
v 0.51116204 2.43564487 0.40078485
v -0.53505933 2.54036474 0.38934934
v 0.57783675 2.42852974 0.39791977
v 0.58232683 2.45979548 0.27344060
v 0.57027847 2.46111774 0.27645123
v 0.56599939 2.43132114 0.39508080
v 0.58646232 2.44271421 0.33554655
v 0.57438225 2.39302993 0.38887858
v 0.57887238 2.42429590 0.26439935
v 0.56665790 2.42391205 0.26697552
v 0.56237882 2.39411545 0.38560504
v 0.58316398 2.40881848 0.32691377
v -0.60174370 2.54659796 0.38502657
v -0.59725356 2.57786393 0.26054728
v -0.58525002 2.57677841 0.26382083
v -0.58952916 2.54698205 0.38245046
v -0.60603529 2.56207538 0.32251209
v -0.60519820 2.51109838 0.37598532
v -0.60070813 2.54236412 0.25150615
v -0.58887053 2.53957295 0.25434512
v -0.59314960 2.50977612 0.37297475
v -0.60933369 2.52817965 0.31387937
v -0.51473022 2.50072217 0.38581884
v -0.51144451 2.53448725 0.39441818
v 0.48346117 2.40081000 0.39672941
v 0.48674682 2.43457484 0.40532875
v -0.58322239 2.50731230 0.38260263
v -0.01572404 2.44975185 0.39017922
v -0.56520164 2.50490022 0.38150400
v -0.57977474 2.54274178 0.39162594
v -0.12270013 2.49700046 0.39818799
v -0.56158417 2.54207611 0.39097214
v -0.60246688 2.53111148 0.38594621
v -0.58862603 2.54503679 0.38845229
v -0.60768801 2.54549813 0.38461119
v -0.59218705 2.50844264 0.37913239
v -0.61081922 2.51331973 0.37641603
v 0.55195415 2.39368844 0.39501053
v 0.53384107 2.39489317 0.39351690
v 0.55540180 2.42911792 0.40403372
v 0.53745854 2.43206930 0.40298498
v 0.57545656 2.41320896 0.39882129
v 0.56459898 2.42960668 0.40105748
v 0.58345264 2.42627263 0.39763087
v 0.56103796 2.39301252 0.39173746
v 0.58032143 2.39409447 0.38943553
v -0.50961810 2.53631902 0.24409723
v -0.50633240 2.57008410 0.25269651
v 0.48857319 2.43640661 0.25500774
v 0.49185893 2.47017169 0.26360708
v -0.57827300 2.54177594 0.24539220
v -0.01066870 2.48495364 0.25003010
v -0.56032985 2.53882480 0.24644089
v -0.57482535 2.57720542 0.25441539
v -0.11764479 2.53220224 0.25803888
v -0.55671221 2.57600069 0.25590903
v -0.59764910 2.56465960 0.25238097
v -0.58390927 2.57788134 0.25768846
v -0.60319275 2.57679939 0.25999039
v -0.58747029 2.54128718 0.24836850
v -0.60632390 2.54462123 0.25179511
v 0.55690354 2.42815208 0.25780004
v 0.53871286 2.42881775 0.25845379
v 0.56035119 2.46358180 0.26682323
v 0.54233050 2.46599364 0.26792198
v 0.58027434 2.44675708 0.26525599
v 0.56931567 2.46245122 0.27029347
v 0.58794791 2.45757413 0.27300996
v 0.56575471 2.42585707 0.26097363
v 0.58481669 2.42539597 0.26481467
v 0.51254427 2.42874360 0.26616526
v -0.53486794 2.53358269 0.25471669
v 0.50826031 2.39891315 0.38492984
v -0.53915191 2.50375223 0.37348127
v 0.54801059 2.41027904 0.32601261
v -0.57457697 2.52264285 0.31374234
v 0.51628071 2.46714163 0.27594465
v -0.53113145 2.57198071 0.26449609
v 0.51199675 2.43731117 0.39470923
v -0.53541541 2.54215026 0.38326067
v 0.55170566 2.44825101 0.33568358
v -0.57088190 2.56061482 0.32341331
v -0.55743253 2.22180176 0.29040802
v 0.51891285 2.15887952 0.25993490
v -0.56120133 2.21525311 0.17081332
v 0.51514405 2.15233088 0.14034021
v -0.02425064 2.16089606 0.15969026
v -0.02065899 2.16713691 0.27366489
v -0.13319004 2.20662737 0.16061902
v -0.12959839 2.21286821 0.27459371
v 0.54443353 2.16931462 0.19852328
v 0.54230767 2.13192582 0.20063746
v -0.58498657 2.23533940 0.23049903
v -0.58711249 2.19795084 0.23261333
v -0.01921617 2.19062209 0.27613348
v -0.53084362 2.19812250 0.29056603
v -0.52872831 2.23532438 0.28846228
v -0.58042592 2.23731160 0.28717637
v -0.58244181 2.20185781 0.28918129
v 0.48979932 2.13845658 0.26166987
v 0.49191460 2.17565870 0.25956619
v 0.54333651 2.17161727 0.25536078
v 0.54132068 2.13616347 0.25736564
v -0.02304638 2.18396664 0.15458894
v -0.53459352 2.19160652 0.17157030
v -0.53247821 2.22880864 0.16946661
v -0.58399963 2.23110175 0.17377090
v -0.58601546 2.19564795 0.17577577
v 0.48604941 2.13194084 0.14267421
v 0.48816466 2.16914272 0.14057052
v 0.53976279 2.16540742 0.14195526
v 0.53774697 2.12995362 0.14396012
v -0.02247301 2.16369653 0.21669567
v 0.51133335 2.12985158 0.14747334
v -0.55963749 2.19245982 0.17779434
v 0.51473916 2.13576961 0.25554961
v -0.55623174 2.19837761 0.28587061
v -0.13318852 2.21017337 0.21763968
v 0.51355278 2.16888762 0.14526594
v -0.55741805 2.23149562 0.17558694
v 0.51695853 2.17480540 0.25334221
v -0.55401230 2.23741364 0.28366321
v 0.55278552 2.15374374 0.19911265
v -0.59504801 2.22084498 0.23160970
v -0.52333373 2.21963215 0.29019487
v -0.54838151 2.20035148 0.29138154
v -0.54640025 2.23519707 0.28941113
v -0.57185829 2.23579502 0.28895473
v -0.57374650 2.20258665 0.29083264
v 0.48483589 2.16069531 0.26165181
v 0.50749534 2.13862586 0.26148796
v 0.50947660 2.17347145 0.25951743
v 0.53476465 2.17110252 0.25762439
v 0.53287643 2.13789439 0.25950229
v -0.52714908 2.21300244 0.16912091
v -0.55215555 2.19379377 0.17161918
v -0.55017430 2.22863936 0.16964865
v -0.57555538 2.22937083 0.17163420
v -0.57744354 2.19616270 0.17351210
v 0.48102054 2.15406561 0.14057791
v 0.50372124 2.13206816 0.14172542
v 0.50570256 2.16691375 0.13975501
v 0.53106755 2.16467857 0.14030397
v 0.52917933 2.13147020 0.14218187
v -0.50227809 2.18912482 0.17159903
v 0.45371819 2.13323784 0.14453316
v -0.02415070 2.16085100 0.16331351
v 0.47735023 2.13160658 0.14657521
v -0.52578634 2.19024920 0.17497575
v -0.49858543 2.19554114 0.28877974
v 0.45741084 2.13965440 0.26171392
v -0.02078654 2.16669655 0.27006900
v 0.48087358 2.13772869 0.25838250
v -0.52226299 2.19637132 0.28678298
v -0.50008976 2.22761083 0.16942263
v 0.45590645 2.17172408 0.14235675
v -0.13443747 2.20714784 0.16425383
v 0.47958410 2.17089391 0.14435363
v -0.52355254 2.22953653 0.17275405
v -0.49639714 2.23402739 0.28660339
v 0.45959914 2.17814064 0.25953758
v -0.13107333 2.21299338 0.27100939
v 0.48310745 2.17701602 0.25616086
v -0.52002925 2.23565865 0.28456128
v 0.54687887 2.17182088 0.25163221
v 0.54353160 2.16600442 0.14540970
v 0.53212947 2.16769648 0.14818215
v 0.53531957 2.17323971 0.24941295
v 0.55135059 2.16772199 0.19839251
v 0.54479337 2.13514328 0.25370622
v 0.54144609 2.12932658 0.14748371
v 0.52994382 2.12925625 0.15035582
v 0.53313386 2.13479924 0.25158668
v 0.54935950 2.13270140 0.20037282
v -0.58412504 2.23793864 0.28365284
v -0.58747238 2.23212194 0.17743027
v -0.57581282 2.23246598 0.17954981
v -0.57262272 2.23800898 0.28078061
v -0.59203845 2.23456383 0.23076367
v -0.58621055 2.20126081 0.28572685
v -0.58955783 2.19544435 0.17950439
v -0.57799852 2.19402552 0.18172359
v -0.57480842 2.19956875 0.28295439
v -0.59402955 2.19954324 0.23274398
v -0.49896795 2.19747615 0.29057103
v -0.49698445 2.23236156 0.28859830
v 0.45811653 2.14152575 0.26347440
v 0.46010005 2.17641115 0.26150167
v -0.56474954 2.20035005 0.29055417
v -0.02051805 2.16821218 0.27642256
v -0.54750663 2.19838500 0.28919852
v -0.56266814 2.23695517 0.28848428
v -0.12433929 2.21179509 0.27730775
v -0.54532284 2.23679447 0.28702652
v -0.58404624 2.22336864 0.28834033
v -0.57137328 2.23791218 0.28594458
v -0.58976269 2.23654985 0.28396720
v -0.57352293 2.20010352 0.28808260
v -0.59165299 2.20330405 0.28584725
v 0.52367896 2.13672161 0.25973886
v 0.50627583 2.13678169 0.25936419
v 0.52576035 2.17332649 0.25766897
v 0.50845975 2.17519140 0.25719213
v 0.54536867 2.15734386 0.25636470
v 0.53436041 2.17327189 0.25463939
v 0.55232537 2.16978431 0.25163275
v 0.53221071 2.13546348 0.25677741
v 0.55043501 2.13653827 0.25351280
v -0.50277901 2.19085407 0.16963494
v -0.50079548 2.22573948 0.16766214
v 0.45430550 2.13490367 0.14253831
v 0.45628902 2.16978908 0.14056551
v -0.56843930 2.19393873 0.17346752
v -0.02428679 2.16166353 0.15682828
v -0.55113870 2.19207382 0.17394435
v -0.56635791 2.23054361 0.17139757
v -0.12810804 2.20524645 0.15771353
v -0.54895478 2.23048353 0.17177236
v -0.58763790 2.21712756 0.17436433
v -0.57488966 2.23180175 0.17435908
v -0.59311390 2.23072696 0.17762375
v -0.57703936 2.19399333 0.17649710
v -0.59500420 2.19748092 0.17950380
v 0.51998919 2.13031030 0.14265227
v 0.50264388 2.13047075 0.14411008
v 0.52207059 2.16691518 0.14058232
v 0.50482774 2.16888022 0.14193797
v 0.54177701 2.15110302 0.14238870
v 0.53084403 2.16716170 0.14305401
v 0.54897410 2.16396117 0.14528930
v 0.52869433 2.12935305 0.14519203
v 0.54708385 2.13071537 0.14716935
v 0.47807500 2.13166714 0.15180051
v -0.52620339 2.19037628 0.18023336
v 0.48126870 2.13721633 0.25314659
v -0.52300972 2.19592571 0.28157943
v 0.51572424 2.13255501 0.20144081
v -0.56063378 2.19547796 0.23191428
v 0.48033080 2.17133951 0.14955711
v -0.52394766 2.23004889 0.17798996
v 0.48352444 2.17688894 0.25090319
v -0.52075392 2.23559809 0.27933604
v 0.51795489 2.17178726 0.19922221
v -0.55840313 2.23471022 0.22969580
v 0.52468818 1.85824835 0.02872872
v -0.49250847 1.93039429 0.03676856
v 0.52642637 1.87066889 0.13718009
v -0.49077031 1.94281495 0.14522004
v 0.01618286 1.88353467 0.14130199
v 0.01452640 1.87169778 0.03794694
v 0.12397450 1.91508651 0.13596094
v 0.12231804 1.90324974 0.03260589
v -0.51565623 1.95355511 0.08943796
v -0.51825863 1.91638446 0.09373665
v 0.55169863 1.87785137 0.08100164
v 0.54909617 1.84068096 0.08530033
v 0.01609163 1.89444673 0.03183842
v 0.49683827 1.83824003 0.03174174
v 0.49942768 1.87522507 0.02746451
v 0.54813391 1.87119031 0.02971458
v 0.54566616 1.83594334 0.03379083
v -0.46771711 1.90665245 0.03936565
v -0.46512774 1.94363737 0.03508842
v -0.51387441 1.94651461 0.03810859
v -0.51634210 1.91126764 0.04218495
v 0.01785810 1.90706992 0.14205790
v 0.49856773 1.85059845 0.13964999
v 0.50115716 1.88758337 0.13537276
v 0.54978204 1.88296819 0.13255334
v 0.54731429 1.84772122 0.13662970
v -0.46598768 1.91901076 0.14727378
v -0.46339828 1.95599592 0.14299655
v -0.51222616 1.95829260 0.14094758
v -0.51469392 1.92304552 0.14502382
v 0.01533237 1.87729836 0.08966136
v -0.48991203 1.91921902 0.14261627
v 0.52220571 1.84743321 0.13461649
v -0.49148276 1.90799451 0.04461002
v 0.52063501 1.83620882 0.03661025
v 0.12488142 1.90936470 0.08423305
v -0.48719501 1.95802701 0.13812816
v 0.52492273 1.88624132 0.13012826
v -0.48876572 1.94680274 0.04012191
v 0.52335203 1.87501693 0.03212214
v -0.52540344 1.93922722 0.09123516
v 0.55935317 1.86228955 0.08266115
v 0.49244779 1.86024034 0.02833760
v 0.51356357 1.83819067 0.03112710
v 0.51598889 1.87283313 0.02712083
v 0.53992832 1.87044525 0.02813256
v 0.53761697 1.83743072 0.03195059
v -0.46031973 1.92781651 0.03586841
v -0.48428947 1.90896475 0.03901410
v -0.48186412 1.94360721 0.03500772
v -0.50588214 1.94462085 0.03639865
v -0.50819349 1.91160631 0.04021668
v 0.49420744 1.87281442 0.13813043
v 0.51530409 1.85062861 0.13973057
v 0.51772946 1.88527107 0.13572419
v 0.54163349 1.88262963 0.13452160
v 0.53932208 1.84961522 0.13833976
v -0.45856008 1.94039071 0.14566112
v -0.48254892 1.92140269 0.14761758
v -0.48012355 1.95604515 0.14361119
v -0.50417697 1.95680511 0.14278769
v -0.50648838 1.92379057 0.14660585
v 0.46796277 1.85203242 0.13914227
v -0.43549848 1.91611159 0.14628327
v 0.01611351 1.88291860 0.13805664
v -0.45784032 1.91701412 0.14406896
v 0.49017072 1.84977531 0.13657594
v 0.46625969 1.83986247 0.03287995
v -0.43720153 1.90394163 0.04002094
v 0.01456197 1.87183154 0.04124820
v -0.45946524 1.90540230 0.04267943
v 0.48854575 1.83816350 0.03518641
v 0.47064152 1.89029431 0.13471735
v -0.43281969 1.95437336 0.14185834
v 0.12523837 1.91486061 0.13264954
v -0.45510575 1.95607245 0.13955200
v 0.49290526 1.88883352 0.13205886
v 0.46893844 1.87812424 0.02845514
v -0.43452278 1.94220352 0.03559601
v 0.12368682 1.90377343 0.03584099
v -0.45673072 1.94446051 0.03816247
v 0.49128032 1.87722170 0.03066933
v -0.51720124 1.94773877 0.04132211
v -0.51565748 1.95877063 0.13764739
v -0.50473523 1.95861459 0.13519657
v -0.50620657 1.94810140 0.04339802
v -0.52233928 1.95284593 0.08962631
v -0.51975411 1.91127491 0.04553914
v -0.51821035 1.92230666 0.14186442
v -0.50741082 1.92039835 0.13961625
v -0.50888216 1.90988517 0.04781771
v -0.52477694 1.91802979 0.09365284
v 0.55165023 1.87192917 0.03287399
v 0.55319411 1.88296092 0.12919915
v 0.54232210 1.88435066 0.12692070
v 0.54085082 1.87383747 0.03512216
v 0.55821687 1.87620604 0.08108556
v 0.54909736 1.83546531 0.03709102
v 0.55064124 1.84649718 0.13341618
v 0.53964651 1.84613454 0.13134038
v 0.53817517 1.83562112 0.03954184
v 0.55577928 1.84138989 0.08511209
v 0.46687192 1.84142101 0.03096616
v 0.46930012 1.87610292 0.02695525
v -0.43761775 1.90557313 0.03811526
v -0.43518957 1.94025493 0.03410435
v 0.52890313 1.83636427 0.03231990
v 0.01454970 1.87232208 0.03529310
v 0.51248270 1.83672345 0.03338397
v 0.53145099 1.87275565 0.02811122
v 0.11727712 1.90239167 0.03020287
v 0.51515615 1.87490904 0.02896774
v 0.54981756 1.85692978 0.03105867
v 0.53970993 1.87305963 0.03047168
v 0.55676752 1.86984539 0.03297508
v 0.53707826 1.83547163 0.03481877
v 0.55445343 1.83679342 0.03679752
v -0.49971271 1.90932024 0.04044998
v -0.48339120 1.90735710 0.04125524
v -0.49716485 1.94571161 0.03624141
v -0.48071778 1.94554257 0.03683925
v -0.51753253 1.93263304 0.03949499
v -0.50526005 1.94717538 0.03873122
v -0.52255905 1.94639814 0.04150605
v -0.50789171 1.90958750 0.04307818
v -0.52487302 1.91334593 0.04532850
v 0.46862954 1.85398090 0.14063406
v 0.47105777 1.88866282 0.13662314
v -0.43586010 1.91813302 0.14778304
v -0.43343195 1.95281482 0.14377224
v 0.53060484 1.84852433 0.13849688
v 0.01628785 1.88474274 0.14374411
v 0.51415771 1.84869325 0.13789916
v 0.53315270 1.88491571 0.13428831
v 0.11901525 1.91481221 0.13865387
v 0.51683116 1.88687873 0.13348305
v 0.55147398 1.86876702 0.13441479
v 0.54133171 1.88464844 0.13166022
v 0.55831301 1.88088989 0.12940991
v 0.53870004 1.84706044 0.13600719
v 0.55599904 1.84783769 0.13323236
v -0.49801102 1.92148018 0.14662707
v -0.48171616 1.91932690 0.14577055
v -0.49546319 1.95787168 0.14241850
v -0.47904271 1.95751226 0.14135444
v -0.51587605 1.94447017 0.14285123
v -0.50363833 1.95876420 0.13991964
v -0.52101356 1.95744240 0.13794088
v -0.50626999 1.92117620 0.14426661
v -0.52332753 1.92439044 0.14176333
v -0.45846930 1.91631782 0.13935208
v 0.49062085 1.84900236 0.13185060
v -0.45994219 1.90579236 0.04744911
v 0.48914796 1.83847713 0.03994751
v -0.49324965 1.91368961 0.09364450
v 0.52395892 1.84154284 0.08560455
v -0.45570797 1.95575881 0.13479078
v 0.49338222 1.88844347 0.12728930
v -0.45718086 1.94523335 0.04288781
v 0.49190930 1.87791800 0.03538620
v -0.49051899 1.95269310 0.08913374
v 0.52668965 1.88054621 0.08109379
v 0.96304160 5.33456373 2.46993780
v 0.61450315 1.51362085 0.93962300
v 0.91683471 5.69048214 1.59179235
v 0.56829619 1.86953902 0.06147778
v 0.72063720 3.77303648 0.84904224
v 0.76467270 3.43384385 1.68592095
v 0.79580700 4.16531754 1.00408125
v 0.83984256 3.82612514 1.84095991
v 0.59804320 1.59645498 0.46164596
v 0.56071287 1.59870768 0.46452343
v 0.96376818 5.60580873 2.06742048
v 0.92643780 5.60806179 2.07029772
v 0.78937674 3.42117691 1.71192122
v 0.93190682 5.23791313 2.42983603
v 0.96905077 5.23567104 2.42697287
v 0.98379403 5.42707539 2.47982311
v 0.94839567 5.42921209 2.48255157
v 0.60140574 1.61470950 0.97871733
v 0.63854963 1.61246789 0.97585428
v 0.61990106 1.43780553 0.88209224
v 0.58450264 1.43994164 0.88482064
v 0.74241650 3.78289819 0.81945908
v 0.88593137 5.59204817 1.55608952
v 0.92307526 5.58980703 1.55322647
v 0.93997848 5.76457500 1.64712334
v 0.90458000 5.76671124 1.64985156
v 0.55543023 1.96884489 0.10497105
v 0.59257418 1.96660328 0.10210800
v 0.57608545 1.77530444 0.04939222
v 0.54068702 1.77744079 0.05212069
v 0.74233568 3.60345936 1.26750612
v 0.54847562 1.86332154 0.10935283
v 0.89527386 5.66518641 1.63202620
v 0.59023225 1.54168260 0.90292180
v 0.93703043 5.34354734 2.42559528
v 0.81873107 4.00213623 1.42507291
v 0.58745050 1.86096942 0.10634863
v 0.93424881 5.66283369 1.62902212
v 0.62920719 1.53933036 0.89991766
v 0.97600538 5.34119511 2.42259121
v 0.58005285 1.56467712 0.44971293
v 0.95174044 5.63939810 2.08166742
v 0.95207202 5.21136618 2.42691994
v 0.93893600 5.29924011 2.45760775
v 0.97372723 5.29714108 2.45492601
v 0.98065430 5.39089537 2.48209834
v 0.94749784 5.39289665 2.48465395
v 0.62560993 1.63244212 0.99353534
v 0.59702551 1.55095840 0.95639443
v 0.63181680 1.54885888 0.95371270
v 0.62231135 1.46246970 0.90873599
v 0.58915502 1.46447062 0.91129160
v 0.90529358 5.57168674 1.53791344
v 0.89266425 5.65565729 1.57823110
v 0.92745554 5.65355778 1.57554960
v 0.93532604 5.74004602 1.62065232
v 0.90216970 5.74204636 1.62320793
v 0.57883149 1.99276245 0.10452902
v 0.55075377 1.90737581 0.07701778
v 0.58554500 1.90527630 0.07433617
v 0.57698315 1.81161976 0.04728997
v 0.54382676 1.81362069 0.04984558
v 0.87517411 5.47464085 1.51684582
v 0.56560665 2.08092809 0.15763986
v 0.72178954 3.76230884 0.87556481
v 0.55861235 1.98928428 0.14388740
v 0.88344461 5.55034113 1.57011604
v 0.92044830 5.12590694 2.37726593
v 0.61088079 1.73219419 1.01805997
v 0.76303583 3.44460058 1.65943551
v 0.60181046 1.65654194 0.96485138
v 0.92664272 5.21759939 2.39108014
v 0.91360027 5.47232246 1.51388395
v 0.60403270 2.07860947 0.15467799
v 0.79788911 4.15944195 1.03252137
v 0.59783834 1.98691714 0.14086390
v 0.92267054 5.54797459 1.56709254
v 0.95887440 5.12358809 2.37430382
v 0.64930695 1.72987533 1.01509809
v 0.83913541 3.84173369 1.81639206
v 0.64103645 1.65417480 0.96182787
v 0.96586871 5.21523237 2.38805676
v 0.61795199 1.43560410 0.85052621
v 0.57691163 1.75172615 0.07056868
v 0.58248979 1.78517866 0.10522127
v 0.62160152 1.48391175 0.84852624
v 0.59459925 1.57173181 0.45180690
v 0.58133149 1.43781388 0.85334897
v 0.54029119 1.75393617 0.07339132
v 0.54410934 1.78749478 0.10817945
v 0.58322114 1.48622799 0.85148454
v 0.55963343 1.57384193 0.45450187
v 0.98418987 5.45058012 2.45855260
v 0.94314945 5.76670265 1.67859507
v 0.94125986 5.71828794 1.68045938
v 0.98037165 5.41702127 2.42376447
v 0.96484762 5.63067436 2.07744193
v 0.94756943 5.45279026 2.46137524
v 0.90652901 5.76891232 1.68141770
v 0.90287948 5.72060442 1.68341768
v 0.94199121 5.41933775 2.42672253
v 0.92988181 5.63278484 2.08013701
v 0.92314768 5.12214184 2.39168835
v 0.95797849 5.12004042 2.38900352
v 0.61322773 1.72456586 1.03093505
v 0.64805859 1.72246397 1.02825034
v 0.94281119 5.36105299 2.47099185
v 0.76667845 3.42542624 1.70648134
v 0.93594682 5.30233860 2.43970442
v 0.97935891 5.35884666 2.46817493
v 0.83831674 3.79927754 1.85423636
v 0.97429633 5.30002403 2.43674850
v 0.97071761 5.43711090 2.48702264
v 0.98169893 5.39771223 2.46023393
v 0.98429465 5.47017765 2.46700811
v 0.94394952 5.39999056 2.46314383
v 0.95110053 5.47218084 2.46956658
v 0.59035993 1.49721563 0.92349786
v 0.59471452 1.56149173 0.94146883
v 0.62690771 1.49501002 0.92068082
v 0.63306409 1.55917728 0.93851298
v 0.60499430 1.42777479 0.88125527
v 0.62364399 1.47244334 0.88813603
v 0.61446756 1.41585362 0.84322262
v 0.58589458 1.47472143 0.89104563
v 0.58127350 1.41785681 0.84578115
v 0.87642246 5.48205280 1.50369358
v 0.91125333 5.47995043 1.50100875
v 0.56650257 2.08447623 0.14294028
v 0.60133338 2.08237433 0.14025557
v 0.89757335 5.70950651 1.61126304
v 0.72047180 3.78134298 0.82833999
v 0.89141685 5.64533901 1.59343088
v 0.93412113 5.70730066 1.60844612
v 0.79211003 4.15519428 0.97609496
v 0.92976648 5.64302444 1.59047508
v 0.92668164 5.77630758 1.65013397
v 0.93858647 5.72979498 1.64089823
v 0.94320750 5.78665972 1.68616283
v 0.90083706 5.73207331 1.64380789
v 0.91001350 5.78866243 1.68872142
v 0.54512209 1.84566951 0.06376910
v 0.55018467 1.90449226 0.09519529
v 0.58166987 1.84346390 0.06095207
v 0.58853424 1.90217781 0.09223938
v 0.56095827 1.76697135 0.04436684
v 0.58053154 1.80452585 0.06880009
v 0.57338047 1.73233557 0.06237733
v 0.54278213 1.80680394 0.07170987
v 0.54018641 1.73433876 0.06493592
v 0.56025606 1.97170281 0.18149686
v 0.88545817 5.53681374 1.60934889
v 0.59941244 1.67009330 0.92564797
v 0.92461449 5.23520422 2.35349989
v 0.56838375 1.69294655 0.50231546
v 0.91692632 5.51393366 2.03264761
v 0.59986651 1.96931243 0.17844391
v 0.92506862 5.53442335 1.60629594
v 0.63902289 1.66770279 0.92259490
v 0.96422499 5.23281336 2.35044670
v 0.60755467 1.69058263 0.49929613
v 0.95609725 5.51156998 2.02962828
v -0.61876446 1.90788734 0.40426946
v -0.60804898 1.84458899 0.06801939
v -0.66779345 1.64659059 0.45189553
v -0.65707797 1.58329237 0.11564553
v -0.63855541 1.61708546 0.28412801
v -0.59183043 1.86610305 0.23873997
v -0.67834699 1.63042390 0.31634444
v -0.63162202 1.87944150 0.27095652
v -0.64734685 1.71502542 0.08256483
v -0.61047995 1.70854437 0.08495963
v -0.65859073 1.78144491 0.43539536
v -0.62172383 1.77496386 0.43779022
v -0.61323190 1.87840772 0.23574162
v -0.59688276 1.90177548 0.39709949
v -0.63356560 1.90822411 0.39471656
v -0.63436282 1.90499806 0.41199285
v -0.59940380 1.89885235 0.41426378
v -0.58672178 1.84175289 0.07825089
v -0.62340456 1.84820163 0.07586789
v -0.62317526 1.83891106 0.06092978
v -0.58821625 1.83276546 0.06320071
v -0.66306025 1.61285102 0.28414416
v -0.64566618 1.64178765 0.44448698
v -0.68234897 1.64823639 0.44210404
v -0.68085444 1.65722382 0.45715421
v -0.64589542 1.65107810 0.45942515
v -0.63550514 1.58176506 0.12563837
v -0.67218792 1.58821380 0.12325537
v -0.66966695 1.59113705 0.10609114
v -0.63470793 1.58499122 0.10836208
v -0.61487758 1.74153888 0.26145446
v -0.63211226 1.59205484 0.11566174
v -0.64277434 1.65503716 0.45023274
v -0.58780539 1.82818544 0.07262254
v -0.59846741 1.89116764 0.40719360
v -0.65531790 1.75509477 0.29419619
v -0.67060328 1.59882152 0.11316133
v -0.68126529 1.66180384 0.44773233
v -0.62629640 1.83495212 0.07012212
v -0.63695842 1.89793432 0.40469319
v -0.63243246 1.71187806 0.08065140
v -0.64385968 1.77938068 0.43923438
v -0.61790746 1.90746069 0.39333987
v -0.59806263 1.90385342 0.40237492
v -0.63242203 1.90989363 0.40014285
v -0.63236785 1.90857613 0.40860808
v -0.59962314 1.90281963 0.41073519
v -0.60787070 1.84817195 0.07838798
v -0.58755100 1.84175873 0.07251918
v -0.62191027 1.84779894 0.07028723
v -0.62135094 1.84349716 0.06289935
v -0.58860624 1.83774078 0.06502640
v -0.66754276 1.64293242 0.44155490
v -0.64716041 1.64219022 0.45006770
v -0.68151975 1.64823043 0.44783568
v -0.68046451 1.65224850 0.45532846
v -0.64771980 1.64649200 0.45745558
v -0.65750599 1.58364344 0.12660301
v -0.63664871 1.58009577 0.12021208
v -0.67100805 1.58613598 0.11798000
v -0.66944760 1.58716953 0.10961974
v -0.63670290 1.58141315 0.11174679
v -0.64433920 1.64175808 0.43406892
v -0.63482177 1.58553731 0.13541591
v -0.63683641 1.62492990 0.28270602
v -0.63309067 1.58995199 0.12700832
v -0.64307743 1.64894497 0.44038796
v -0.59629989 1.89778054 0.38740420
v -0.58678252 1.84155977 0.08875120
v -0.59307098 1.85817456 0.24019289
v -0.58725435 1.83423412 0.08248353
v -0.59724098 1.89322698 0.39586312
v -0.68228823 1.64842951 0.43160367
v -0.67277092 1.59220862 0.13295066
v -0.67712015 1.63843322 0.31532103
v -0.67182976 1.59676218 0.12449181
v -0.68181646 1.65575516 0.43787140
v -0.63424897 1.90445185 0.38493901
v -0.62473154 1.84823108 0.08628595
v -0.63335478 1.87167799 0.27280790
v -0.62599331 1.84104431 0.07996690
v -0.63598007 1.90003717 0.39334661
v -0.62521499 1.83095741 0.06118965
v -0.66876197 1.59887695 0.10349047
v -0.66872257 1.60516095 0.10604239
v -0.62722206 1.82633519 0.06572938
v -0.64610976 1.71440935 0.08045864
v -0.58904916 1.82459950 0.06353903
v -0.63259608 1.59251916 0.10583997
v -0.63081861 1.59849751 0.10850465
v -0.58931810 1.81967187 0.06819165
v -0.61157805 1.70833886 0.08270180
v -0.63647461 1.89747000 0.41451496
v -0.68002152 1.66538966 0.45681584
v -0.67975259 1.67031741 0.45216328
v -0.63825214 1.89149177 0.41185021
v -0.65749276 1.78165042 0.43765312
v -0.60030878 1.89111233 0.41686440
v -0.64385575 1.65903187 0.45916522
v -0.64184868 1.66365409 0.45462555
v -0.60034817 1.88482833 0.41431254
v -0.62296093 1.77557981 0.43989629
v -0.59731084 1.90222704 0.38671106
v -0.63170916 1.90827417 0.38447654
v -0.58778256 1.84594238 0.08771813
v -0.62218100 1.85198951 0.08548355
v -0.59790581 1.90173483 0.40804857
v -0.59158736 1.87240183 0.23756194
v -0.59721935 1.89855778 0.40305960
v -0.63399988 1.90808010 0.40570390
v -0.62950945 1.88511348 0.26826495
v -0.63509279 1.90521586 0.40059924
v -0.62034726 1.90333903 0.41366696
v -0.63580704 1.90268362 0.40946376
v -0.63481319 1.89763057 0.41633219
v -0.59852630 1.89612973 0.41188556
v -0.60203111 1.89186776 0.41846168
v -0.58707011 1.83772588 0.06802380
v -0.58672839 1.83658636 0.07385814
v -0.62316412 1.84407103 0.06567907
v -0.62460196 1.84324443 0.07139778
v -0.60910344 1.83691978 0.06083798
v -0.62479895 1.83765709 0.06403279
v -0.62344313 1.83046615 0.05954421
v -0.58751822 1.83110309 0.06645465
v -0.59066111 1.82470310 0.06167376
v -0.64688969 1.63799965 0.43487132
v -0.68128818 1.64404678 0.43263680
v -0.63736153 1.58171499 0.13587844
v -0.67175990 1.58776212 0.13364387
v -0.64590657 1.64591813 0.45467579
v -0.64061612 1.61110628 0.28518784
v -0.64446878 1.64674473 0.44895715
v -0.68200064 1.65226328 0.45233119
v -0.67853814 1.62381804 0.31589085
v -0.68234235 1.65340281 0.44649678
v -0.66707283 1.65431857 0.45905542
v -0.68155253 1.65888608 0.45390028
v -0.67840958 1.66528606 0.45868117
v -0.64427173 1.65233219 0.45632213
v -0.64562768 1.65952313 0.46081072
v -0.63507086 1.58190918 0.11465096
v -0.63397795 1.58477330 0.11975563
v -0.67116493 1.58825445 0.11230636
v -0.67185140 1.59143138 0.11729527
v -0.65582895 1.58789933 0.10622644
v -0.67054445 1.59385943 0.10846937
v -0.66703957 1.59812152 0.10189319
v -0.63326365 1.58730567 0.11089110
v -0.63425767 1.59235871 0.10402274
v -0.63075089 1.60131299 0.12475932
v -0.64074886 1.66037321 0.43849570
v -0.58920312 1.82273912 0.08440053
v -0.59920108 1.88179922 0.39813679
v -0.60983527 1.70994484 0.09330702
v -0.62055081 1.77324378 0.42956096
v -0.66986960 1.60819006 0.12221813
v -0.67986763 1.66725016 0.43595451
v -0.62832183 1.82961595 0.08185923
v -0.63831985 1.88867617 0.39559555
v -0.64851981 1.71674538 0.09079397
v -0.65923548 1.78004444 0.42704797
v -0.53387171 2.48660874 0.81848317
v -0.87649655 2.34203839 0.83023059
v -0.66816622 2.81172538 0.90271318
v -1.01079118 2.66715503 0.91446054
v -0.83357465 2.72711349 0.92908418
v -0.70559084 2.41727495 0.84881234
v -0.80286503 2.75002408 0.88961470
v -0.67488122 2.44018579 0.80934292
v -0.95391107 2.50413609 0.85775435
v -0.94945264 2.49653220 0.89421272
v -0.59439129 2.65583515 0.84542769
v -0.58993280 2.64823127 0.88188607
v -0.70411658 2.41171956 0.82344788
v -0.54044616 2.47920084 0.84048462
v -0.54488230 2.48676682 0.80420828
v -0.53150403 2.50111270 0.80646646
v -0.52727634 2.49390244 0.84103805
v -0.86533970 2.34211230 0.85162401
v -0.86977583 2.34967828 0.81534773
v -0.88922280 2.35017371 0.81873131
v -0.88499516 2.34296322 0.85330296
v -0.84060073 2.74213696 0.90905112
v -0.67406803 2.80268908 0.92429268
v -0.67850423 2.81025505 0.88801634
v -0.65884870 2.80940413 0.88633746
v -0.65462101 2.80219364 0.92090905
v -0.99896163 2.66560030 0.93543208
v -1.00339770 2.67316628 0.89915586
v -1.01656759 2.65846491 0.89860237
v -1.01233983 2.65125465 0.93317389
v -0.76954466 2.57212901 0.88926011
v -1.00073171 2.64719200 0.93275559
v -0.65981776 2.79104042 0.92106688
v -0.87937129 2.35338807 0.85663795
v -0.53845721 2.49723649 0.84494925
v -0.73833436 2.59541345 0.84914720
v -1.00538647 2.65513086 0.89469111
v -0.66447258 2.79897928 0.88300240
v -0.88402617 2.36132693 0.81857347
v -0.54311216 2.50517535 0.80688477
v -0.95504922 2.49984217 0.87251329
v -0.58966804 2.65401435 0.85998571
v -0.54386616 2.47997546 0.81854641
v -0.53454822 2.48076439 0.83887345
v -0.53870344 2.48785114 0.80489486
v -0.53190005 2.49441195 0.80627626
v -0.52794009 2.48765826 0.83865809
v -0.86478919 2.34456229 0.82954967
v -0.87065756 2.33894348 0.85039741
v -0.87481272 2.34603024 0.81641883
v -0.88416296 2.34577513 0.81835407
v -0.88020301 2.33902144 0.85073590
v -0.67982185 2.80911303 0.90381825
v -0.66903120 2.80633712 0.92322159
v -0.67318642 2.81342363 0.88924301
v -0.66364092 2.81334591 0.88890451
v -0.65968096 2.80659223 0.92128634
v -1.00074482 2.67370009 0.91482151
v -1.00514042 2.66451621 0.93474555
v -1.00929570 2.67160273 0.90076697
v -1.01590371 2.66470909 0.90098226
v -1.01194382 2.65795541 0.93336415
v -0.68326169 2.79574990 0.92463249
v -0.98757678 2.66734457 0.93506634
v -0.82949251 2.71725154 0.92677855
v -0.99201488 2.65679336 0.93382192
v -0.67269409 2.79153037 0.92287356
v -0.55167776 2.47719550 0.84210265
v -0.85599285 2.34879041 0.85253650
v -0.70961523 2.42703819 0.85159111
v -0.86646497 2.35284686 0.85507655
v -0.54714411 2.48758388 0.84412825
v -0.68785107 2.80357695 0.88710392
v -0.99216616 2.67517161 0.89753771
v -0.79840302 2.74044561 0.88682091
v -0.99669981 2.66478324 0.89551210
v -0.67737895 2.79952025 0.88456380
v -0.55626708 2.48502278 0.80457401
v -0.86058223 2.35661745 0.81500793
v -0.67852575 2.45023227 0.81163359
v -0.87114990 2.36083698 0.81676686
v -0.55182892 2.49557400 0.80581850
v -0.89448124 2.35957527 0.82070363
v -1.01376009 2.64833975 0.89551568
v -1.00739229 2.64328289 0.89277256
v -0.89371860 2.36808825 0.82147616
v -0.95599318 2.50295711 0.85898519
v -0.89010769 2.35211587 0.85646868
v -1.00938642 2.64088035 0.93128067
v -1.00280821 2.63546491 0.93025649
v -0.88913471 2.36027026 0.85896009
v -0.95181715 2.49583483 0.89313430
v -0.53445745 2.51148701 0.80835974
v -0.65373623 2.80025148 0.88317174
v -0.65470916 2.79209709 0.88068032
v -0.54103565 2.51690221 0.80938393
v -0.59202677 2.65653253 0.84650612
v -0.53008378 2.50402761 0.84412473
v -0.64936256 2.79279208 0.91893673
v -0.65012532 2.78427911 0.91816425
v -0.53645176 2.50908446 0.84686786
v -0.58785075 2.64941025 0.88065517
v -0.54961079 2.47253036 0.83901858
v -0.55377072 2.47962523 0.80500126
v -0.85427225 2.34397912 0.84946430
v -0.85843217 2.35107350 0.81544709
v -0.53076476 2.48640871 0.84049588
v -0.70254576 2.40982389 0.84593475
v -0.53720021 2.48638940 0.84221005
v -0.53512979 2.49385333 0.80480182
v -0.67327887 2.43165827 0.80831969
v -0.54178041 2.49420094 0.80475628
v -0.52859992 2.49784446 0.82000715
v -0.53553581 2.50261521 0.80605781
v -0.53242081 2.51171803 0.80992985
v -0.53102732 2.49492621 0.84292537
v -0.52845633 2.50495672 0.84234846
v -0.87723595 2.34021592 0.85237509
v -0.87264293 2.34484959 0.85371119
v -0.88160092 2.34766006 0.81668103
v -0.87722313 2.35266137 0.81625736
v -0.88811809 2.34614611 0.83233374
v -0.88751572 2.35409784 0.81812584
v -0.89597303 2.35831761 0.82239473
v -0.88300717 2.34640837 0.85499352
v -0.89200848 2.35155606 0.85481340
v -0.68541169 2.80129361 0.92419338
v -0.68957168 2.80838823 0.89017612
v -0.99007320 2.67274213 0.93463910
v -0.99423313 2.67983699 0.90062177
v -0.66224295 2.80470729 0.92295933
v -0.83683968 2.73493934 0.93016434
v -0.66662073 2.79970598 0.92338300
v -0.66660798 2.81215143 0.88726532
v -0.80757284 2.75677371 0.89254928
v -0.67120093 2.80751753 0.88592923
v -0.65658510 2.80768657 0.90027988
v -0.66083676 2.80595875 0.88464689
v -0.65183538 2.80081129 0.88482702
v -0.65632820 2.79826951 0.92151451
v -0.64787084 2.79404974 0.91724569
v -1.00871420 2.65851402 0.93483865
v -1.00206327 2.65816641 0.93488413
v -1.01307905 2.66595864 0.89914453
v -1.00664365 2.66597795 0.89743030
v -1.01610339 2.65598822 0.91260648
v -1.01281667 2.65744114 0.89671504
v -1.01538765 2.64741063 0.89729190
v -1.00830805 2.64975214 0.93358266
v -1.01142311 2.64064932 0.92971063
v -0.98630023 2.64245820 0.93033201
v -0.66661584 2.77734852 0.91937119
v -0.87249726 2.36695027 0.85895443
v -0.55281293 2.50184083 0.84799361
v -0.94089723 2.49990845 0.89482188
v -0.59826833 2.64448023 0.88307440
v -0.99103093 2.65052652 0.89164674
v -0.67134660 2.78541708 0.88068593
v -0.87722802 2.37501860 0.82026923
v -0.55754369 2.50990915 0.80930841
v -0.94557554 2.50788713 0.85656595
v -0.60294670 2.65245891 0.84481847
v -0.60053372 2.81440330 0.38378793
v 0.59198177 2.70924950 0.38735861
v -0.62411821 2.54654956 0.37228876
v 0.56839722 2.44139552 0.37585944
v -0.02746177 2.49928808 0.39744693
v -0.00498559 2.75455475 0.40840578
v -0.15036592 2.51181364 0.35775596
v -0.12788974 2.76708055 0.36871475
v 0.60969388 2.57337737 0.36640149
v 0.60944182 2.57179093 0.40387583
v -0.64162463 2.68371677 0.36265469
v -0.64187670 2.68213010 0.40012902
v -0.00408222 2.76401949 0.38543838
v -0.56988424 2.81007671 0.40593672
v -0.56963342 2.81165528 0.36864948
v -0.62731510 2.81039524 0.36908579
v -0.62755418 2.80889106 0.40462077
v 0.56091690 2.71036434 0.40932268
v 0.56116778 2.71194291 0.37203538
v 0.61773533 2.70060873 0.37281382
v 0.61749625 2.69910455 0.40834880
v -0.02805121 2.49179864 0.37375170
v -0.59335065 2.54356456 0.39449507
v -0.59309977 2.54514337 0.35720783
v -0.64967906 2.55640316 0.35818172
v -0.64991814 2.55489898 0.39371669
v 0.53745061 2.44385242 0.39788103
v 0.53770149 2.44543099 0.36059380
v 0.59537137 2.44661665 0.36190975
v 0.59513229 2.44511223 0.39744467
v -0.01622583 2.62690783 0.40324694
v 0.56640100 2.45358300 0.39940846
v -0.62016016 2.55821204 0.39585561
v 0.58771402 2.69563913 0.40980017
v -0.59884709 2.80026817 0.40624726
v -0.14113377 2.63963771 0.36290884
v 0.56666428 2.45523953 0.36028326
v -0.61989689 2.55986857 0.35673034
v 0.58797729 2.69729567 0.37067491
v -0.59858382 2.80192471 0.36712205
v 0.61979306 2.57184029 0.38149893
v -0.65192646 2.68397832 0.37769115
v -0.56262249 2.81272054 0.38419008
v -0.58931911 2.81270647 0.40473425
v -0.58908415 2.81418514 0.36980873
v -0.61744189 2.81389451 0.37042785
v -0.61766589 2.81248522 0.40371209
v 0.55435920 2.71422696 0.38753462
v 0.58051884 2.70955205 0.40823704
v 0.58075386 2.71103072 0.37331158
v 0.60861903 2.70578241 0.37409896
v 0.60839504 2.70437336 0.40738326
v -0.58649862 2.54155374 0.37254858
v -0.61293662 2.54447699 0.39321893
v -0.61270171 2.54595566 0.35829341
v -0.64057791 2.55113435 0.35914731
v -0.64080191 2.54972506 0.39243156
v 0.53048295 2.44306016 0.37589312
v 0.55690134 2.44132233 0.39672172
v 0.55713624 2.44280124 0.36179626
v 0.58548301 2.44302225 0.36281842
v 0.58525902 2.44161320 0.39610267
v -0.55736399 2.54241180 0.39533317
v 0.50181317 2.44901538 0.39850461
v -0.02675159 2.50736213 0.39803720
v 0.52845436 2.45271325 0.39924264
v -0.58295095 2.55071521 0.39591473
v -0.53425550 2.80485916 0.40660030
v 0.52492166 2.71146250 0.40977180
v -0.00569905 2.74646020 0.40830183
v 0.55050319 2.70312548 0.40999311
v -0.56090212 2.80112743 0.40666521
v -0.55710447 2.54404521 0.35675877
v 0.50207263 2.45064831 0.35993022
v -0.15117586 2.52004266 0.35785526
v 0.52871925 2.45438027 0.35986531
v -0.58268595 2.55238223 0.35653746
v -0.53399599 2.80649233 0.36802590
v 0.52518111 2.71309590 0.37119734
v -0.13012329 2.75914073 0.36812001
v 0.55076808 2.70479250 0.37061572
v -0.56063712 2.80279446 0.36728793
v 0.62104255 2.69223738 0.37186712
v 0.60009515 2.45433283 0.36165369
v 0.58781803 2.46108651 0.36097205
v 0.60778111 2.68781114 0.37070554
v 0.61742419 2.57264471 0.36761147
v 0.62079531 2.69068074 0.40862888
v 0.59984791 2.45277643 0.39841545
v 0.58755887 2.45945549 0.39950055
v 0.60752183 2.68618011 0.40923405
v 0.61718804 2.57115889 0.40271217
v -0.63203073 2.80273128 0.36811513
v -0.65297812 2.56482673 0.35790163
v -0.63970470 2.56932759 0.35729653
v -0.61974162 2.79605222 0.36703002
v -0.64937091 2.68434882 0.36381841
v -0.63227797 2.80117488 0.40487683
v -0.65322536 2.56327033 0.39466333
v -0.63996392 2.56769633 0.39582503
v -0.62000096 2.79442096 0.40555853
v -0.64960712 2.68286276 0.39891905
v -0.53447586 2.80919409 0.40497446
v -0.53424066 2.81067443 0.37000918
v 0.52590686 2.71569133 0.40814948
v 0.52614212 2.71717143 0.37318426
v -0.60762125 2.81126261 0.40543324
v -0.00442527 2.76088691 0.40775222
v -0.58861542 2.80747986 0.40630704
v -0.60737437 2.81281614 0.36874449
v -0.12155517 2.77282405 0.36992598
v -0.58835649 2.80910993 0.36780947
v -0.63048542 2.81071091 0.38326007
v -0.61749929 2.80752659 0.36784816
v -0.63817060 2.80333543 0.36982232
v -0.61775428 2.80592203 0.40574324
v -0.63839477 2.80192447 0.40314448
v 0.59828144 2.70492816 0.40904409
v 0.57890218 2.70453000 0.40980285
v 0.59852833 2.70648122 0.37235528
v 0.57916105 2.70615983 0.37130535
v 0.62082756 2.70037222 0.38700682
v 0.60757643 2.69950104 0.37151641
v 0.62718314 2.69175839 0.37361115
v 0.60732144 2.69789672 0.40941143
v 0.62695903 2.69034767 0.40693325
v -0.55832487 2.53833604 0.39334625
v -0.55808973 2.53981638 0.35838097
v 0.50205791 2.44483304 0.39652127
v 0.50229305 2.44631338 0.36155611
v -0.63071114 2.54902625 0.39417523
v -0.02800966 2.49303412 0.39625311
v -0.61134392 2.54934764 0.39522517
v -0.63046426 2.55057955 0.35748649
v -0.14513956 2.50497127 0.35842681
v -0.61108500 2.55097771 0.35672760
v -0.65296191 2.55544138 0.37230110
v -0.63950431 2.55761099 0.35711908
v -0.65914178 2.56516004 0.35959727
v -0.63975930 2.55600643 0.39501417
v -0.65936601 2.56374931 0.39291936
v 0.57519156 2.44269156 0.39778602
v 0.55617362 2.44639778 0.39872104
v 0.57543850 2.44424510 0.36109728
v 0.55643260 2.44802761 0.36022353
v 0.59835112 2.44510245 0.37604785
v 0.58557141 2.44958568 0.36078727
v 0.60621196 2.45358324 0.36338609
v 0.58531642 2.44798112 0.39868236
v 0.60598767 2.45217228 0.39670819
v 0.53011721 2.46436405 0.39994043
v -0.58255327 2.56247759 0.39660883
v 0.55010295 2.69134665 0.40968496
v -0.56256747 2.78946018 0.40635335
v 0.58004111 2.57434368 0.40471160
v -0.61248845 2.67949891 0.40114093
v 0.53038460 2.46604753 0.36017716
v -0.58228582 2.56416106 0.35684556
v 0.55037045 2.69303012 0.36992174
v -0.56229997 2.79114366 0.36659014
v 0.58030558 2.57600856 0.36538965
v -0.61222392 2.68116379 0.36181891
v -0.57681656 2.46101427 0.32148075
v -0.23082043 2.45978975 0.30167985
v -0.58006072 2.21351218 0.28009552
v -0.23406467 2.21228766 0.26029462
v -0.40569702 2.21489120 0.29393655
v -0.40260521 2.45076227 0.33337700
v -0.44362789 2.22152662 0.25722742
v -0.44053614 2.45739794 0.29666787
v -0.22476576 2.33854032 0.26542443
v -0.22267407 2.33233738 0.30235749
v -0.58782291 2.33982515 0.28620172
v -0.58573133 2.33362222 0.32313478
v -0.40380478 2.46245742 0.31169242
v -0.56663907 2.45670676 0.34263104
v -0.56872022 2.46287894 0.30588228
v -0.58532137 2.45700812 0.30672711
v -0.58333790 2.45112634 0.34174883
v -0.23854874 2.45554590 0.32385480
v -0.24062997 2.46171784 0.28710616
v -0.22408277 2.45572996 0.28605384
v -0.22209932 2.44984794 0.32107562
v -0.40710193 2.21092010 0.26963246
v -0.56986707 2.21044469 0.30145305
v -0.57194829 2.21661663 0.26470441
v -0.58839774 2.22231483 0.26748359
v -0.58641422 2.21643257 0.30250537
v -0.24177672 2.20928359 0.28267694
v -0.24385796 2.21545577 0.24592817
v -0.22715914 2.22103620 0.24681044
v -0.22517569 2.21515441 0.28183210
v -0.40413320 2.33277369 0.31397265
v -0.23348826 2.22040176 0.28500897
v -0.57775670 2.22161984 0.30471104
v -0.23055646 2.44406629 0.32240832
v -0.57482493 2.44528461 0.34211040
v -0.44268253 2.33951735 0.27666497
v -0.23567210 2.22687817 0.24644876
v -0.57994056 2.22809625 0.26615089
v -0.23274028 2.45054269 0.28384817
v -0.57700878 2.45176077 0.30355024
v -0.22096521 2.33603597 0.28010434
v -0.58994156 2.33734155 0.30122048
v -0.56582659 2.46246982 0.32132447
v -0.57235759 2.45771575 0.34192395
v -0.57430696 2.46349692 0.30750293
v -0.58245063 2.46086311 0.30835593
v -0.58059275 2.45535374 0.34115946
v -0.24174589 2.46132302 0.30277771
v -0.23294118 2.45651460 0.32249957
v -0.23489060 2.46229577 0.28807855
v -0.22672164 2.45960426 0.28799802
v -0.22486384 2.45409489 0.32080156
v -0.56911099 2.21190667 0.27942729
v -0.57560635 2.20986676 0.30048066
v -0.57755578 2.21564794 0.26605964
v -0.58563322 2.21806765 0.26775771
v -0.58377534 2.21255827 0.30056119
v -0.24503027 2.21075988 0.26088065
v -0.23618999 2.20866561 0.28105628
v -0.23813941 2.21444678 0.24663520
v -0.22990422 2.21680880 0.24739981
v -0.22804640 2.21129942 0.28020328
v -0.55941600 2.21217918 0.30180681
v -0.25210667 2.21109200 0.28421986
v -0.40558550 2.22232080 0.29542524
v -0.24443467 2.21655869 0.28511167
v -0.56689745 2.21770000 0.30356580
v -0.55623722 2.45468545 0.34235662
v -0.24892791 2.45359826 0.32476968
v -0.40268955 2.44325209 0.33236754
v -0.24140166 2.44794464 0.32380205
v -0.56386447 2.44908571 0.34225619
v -0.56156915 2.21856427 0.26378953
v -0.25425977 2.21747708 0.24620259
v -0.44398561 2.22903848 0.25826204
v -0.24663258 2.22307706 0.24630296
v -0.56909531 2.22421813 0.26475716
v -0.55839038 2.46107054 0.30433941
v -0.25108099 2.45998335 0.28675246
v -0.44108963 2.44996953 0.29520434
v -0.24359955 2.45446253 0.28499347
v -0.56606233 2.45560384 0.30344754
v -0.22305056 2.44839478 0.28413993
v -0.22593206 2.22856641 0.24738216
v -0.22962028 2.23389101 0.24758720
v -0.22687417 2.44338894 0.28261775
v -0.22245432 2.33833623 0.26646560
v -0.22099864 2.44230962 0.32037067
v -0.22388016 2.22248125 0.28361285
v -0.22746974 2.22751331 0.28555930
v -0.22472365 2.43701124 0.32058972
v -0.22049513 2.33252597 0.30105931
v -0.58661687 2.44968128 0.30494636
v -0.58949840 2.22985315 0.26818854
v -0.58577335 2.23515129 0.26796949
v -0.58302730 2.44464922 0.30299991
v -0.59000194 2.33963656 0.28749990
v -0.58456492 2.44359612 0.34117711
v -0.58744645 2.22376776 0.30441928
v -0.58362287 2.22877359 0.30594146
v -0.58087677 2.43827152 0.34097201
v -0.58804268 2.33382630 0.32209361
v -0.55646193 2.45887089 0.34123790
v -0.55841357 2.46465850 0.30677766
v -0.24880278 2.45778203 0.32363105
v -0.25075442 2.46356988 0.28917074
v -0.57757658 2.45481944 0.34262931
v -0.40258050 2.45673037 0.33343887
v -0.57198250 2.45275402 0.34288484
v -0.57962441 2.46089268 0.30647039
v -0.43872941 2.46305370 0.29845446
v -0.57413119 2.45912647 0.30494332
v -0.58543199 2.45525837 0.32082951
v -0.58251411 2.45530987 0.30508333
v -0.58830076 2.44952774 0.30676425
v -0.58039898 2.44903708 0.34243107
v -0.58644086 2.44401217 0.33960503
v -0.22769633 2.45358133 0.32260609
v -0.23323926 2.45155525 0.32349908
v -0.22974417 2.45965457 0.28644723
v -0.23538804 2.45792770 0.28555757
v -0.22237638 2.45397377 0.30005229
v -0.22707105 2.45405221 0.28474188
v -0.22117141 2.44822884 0.28575391
v -0.22495590 2.44777942 0.32208955
v -0.21931151 2.44271302 0.31859469
v -0.55974257 2.20859265 0.29938847
v -0.56169420 2.21438050 0.26492816
v -0.25208345 2.20750403 0.28178155
v -0.25403509 2.21329165 0.24732125
v -0.58075285 2.21250796 0.30211198
v -0.40582475 2.20922923 0.29205388
v -0.57510900 2.21423483 0.30300164
v -0.58280063 2.21858120 0.26595312
v -0.44197366 2.21555305 0.25706935
v -0.57725775 2.22060728 0.26506013
v -0.58852381 2.21938443 0.28138858
v -0.58554113 2.22438312 0.26646966
v -0.59118551 2.22944951 0.26996452
v -0.58342594 2.21811032 0.30381733
v -0.58932555 2.22393370 0.30280536
v -0.23087259 2.21126986 0.28208882
v -0.23636578 2.21303606 0.28361589
v -0.23292041 2.21734309 0.24592996
v -0.23851456 2.21940851 0.24567437
v -0.22546823 2.21809959 0.26061141
v -0.23009804 2.22312546 0.24612808
v -0.22405618 2.22815037 0.24895418
v -0.22798289 2.21685266 0.28347588
v -0.22219630 2.22263479 0.28179497
v -0.24409848 2.22735095 0.28710139
v -0.56692833 2.22849345 0.30557644
v -0.24134924 2.43708730 0.32217169
v -0.56417912 2.43822956 0.34064686
v -0.23115103 2.33221459 0.30375606
v -0.57715118 2.33343887 0.32355720
v -0.24631792 2.23393297 0.24791241
v -0.56914777 2.23507524 0.26638752
v -0.24356867 2.44366908 0.28298271
v -0.56639850 2.44481158 0.30145782
v -0.23334585 2.33872366 0.26500201
v -0.57934600 2.33994794 0.28480315
v -0.58286768 3.25074482 0.39399898
v 0.67579120 3.11957598 0.41433638
v -0.62468415 2.86431265 0.48963225
v 0.63397467 2.73314381 0.50996971
v 0.00584164 2.81334114 0.52000511
v 0.04569309 3.18161368 0.42886591
v -0.12452263 2.81747150 0.47969133
v -0.08467118 3.18574405 0.38855207
v 0.68577361 2.91946292 0.44779021
v 0.68612057 2.92843795 0.48420775
v -0.63494968 3.05709934 0.42645001
v -0.63460284 3.06607437 0.46286756
v 0.04680055 3.18825579 0.40316594
v -0.55019921 3.25167203 0.41622716
v -0.55054438 3.24274206 0.37999147
v -0.61180663 3.24020386 0.38210368
v -0.61147773 3.24871445 0.41663659
v 0.64332223 3.12729144 0.43551207
v 0.64297712 3.11836147 0.39927638
v 0.70230103 3.10325646 0.40333706
v 0.70262992 3.11176705 0.43786991
v 0.00430226 2.79552341 0.50035840
v -0.59180623 2.86717582 0.51138139
v -0.59215146 2.85824561 0.47514570
v -0.65145916 2.87377024 0.47278786
v -0.65113020 2.88228083 0.50732070
v 0.60171515 2.74279523 0.53066629
v 0.60137004 2.73386502 0.49443060
v 0.66264856 2.73682284 0.49402118
v 0.66297746 2.74533343 0.52855408
v 0.02577033 2.99755430 0.47474700
v 0.63305902 2.75758982 0.52766901
v -0.61931509 2.88810372 0.50743324
v 0.67084801 3.10680389 0.44124639
v -0.58152604 3.23731780 0.42101055
v -0.10671935 3.00175166 0.43377596
v 0.63269681 2.74821949 0.48964721
v -0.61967731 2.87873340 0.46941137
v 0.67048585 3.09743357 0.40322459
v -0.58188814 3.22794724 0.38298875
v 0.69667947 2.92194939 0.46260625
v -0.64557660 3.06183004 0.44091809
v -0.54274529 3.24903250 0.39426351
v -0.57067710 3.25477505 0.41444016
v -0.57100040 3.24641061 0.38049954
v -0.60109043 3.24575377 0.38179404
v -0.60078228 3.25372553 0.41413957
v 0.63619018 3.12617207 0.41331273
v 0.66404629 3.12610054 0.43439078
v 0.66372299 3.11773610 0.40045023
v 0.69297451 3.11089540 0.40270352
v 0.69328254 3.11886692 0.43504906
v -0.58507901 2.85782099 0.49107963
v -0.61255223 2.86780119 0.51020753
v -0.61287552 2.85943651 0.47626698
v -0.64211178 2.86667037 0.47560871
v -0.64180368 2.87464166 0.50795424
v 0.59385645 2.73496032 0.51012886
v 0.62217116 2.73912668 0.53015816
v 0.62184787 2.73076224 0.49621761
v 0.65195310 2.73181176 0.49651819
v 0.65226126 2.73978329 0.52886373
v -0.55368483 2.86632299 0.51189190
v 0.56424016 2.74982047 0.52995539
v 0.00710599 2.82506251 0.51735508
v 0.59274572 2.75572586 0.52864242
v -0.58030415 2.87797284 0.50968826
v -0.51271236 3.24495506 0.41818899
v 0.60521257 3.12845278 0.43625242
v 0.04443325 3.17000866 0.43198860
v 0.63183939 3.11699510 0.43923634
v -0.54121047 3.23924208 0.42028224
v -0.55404180 2.85708451 0.47440535
v 0.56388313 2.74058223 0.49246877
v -0.12487066 2.82924390 0.47654265
v 0.59238130 2.74629498 0.49037552
v -0.58066863 2.86854219 0.47142142
v -0.51306933 3.23571658 0.38070238
v 0.60485554 3.11921406 0.39876580
v -0.08754338 3.17419004 0.39117622
v 0.63147497 3.10756445 0.40096951
v -0.54157495 3.22981143 0.38201535
v 0.70527339 3.09106374 0.40568131
v 0.66813248 2.74783945 0.49062163
v 0.65551329 2.75709772 0.48754948
v 0.69090879 3.08419275 0.40660077
v 0.69395214 2.91889596 0.44907552
v 0.70561373 3.09986782 0.44140631
v 0.66847283 2.75664377 0.52634662
v 0.65586984 2.76632500 0.52499139
v 0.69126534 3.09342003 0.44404274
v 0.69427711 2.92730236 0.48318636
v -0.61730212 3.22889352 0.38431114
v -0.65444297 2.88566923 0.46925145
v -0.64009458 2.89211702 0.46661502
v -0.60469908 3.21921206 0.38566637
v -0.64310628 3.05823493 0.42747140
v -0.61696178 3.23769784 0.42003614
v -0.65410262 2.89447331 0.50497645
v -0.63973796 2.90134454 0.50405699
v -0.60434246 3.22843957 0.42310828
v -0.64278132 3.06664133 0.46158224
v -0.51270872 3.25065637 0.41492349
v -0.51303238 3.24228239 0.38094437
v 0.60648870 3.13402128 0.43300748
v 0.60616505 3.12564731 0.39902830
v -0.59016937 3.25264645 0.41605926
v 0.04666699 3.19047117 0.42572141
v -0.57022417 3.24779153 0.41799808
v -0.59050900 3.24385977 0.38040513
v -0.07757255 3.19440746 0.38730162
v -0.57058066 3.23857164 0.38058621
v -0.61488080 3.24486017 0.39557922
v -0.60159445 3.23588204 0.38185501
v -0.62374580 3.23017597 0.38582939
v -0.60124373 3.24495792 0.41868132
v -0.62343735 3.23815656 0.41821182
v 0.68261933 3.12000537 0.43662494
v 0.66205025 3.11937261 0.43790919
v 0.68227971 3.11121845 0.40097082
v 0.66169381 3.11015248 0.40049732
v 0.70583671 3.10722423 0.41691929
v 0.69143063 3.10113192 0.40274769
v 0.71179128 3.09099555 0.40740901
v 0.69178134 3.11020756 0.43957406
v 0.71209979 3.09897614 0.43979138
v -0.55499429 2.85988998 0.51162946
v -0.55531794 2.85151577 0.47765028
v 0.56420320 2.74325490 0.52971345
v 0.56387949 2.73488069 0.49573427
v -0.63110888 2.87431860 0.50968695
v 0.00485065 2.80404115 0.52135426
v -0.61052305 2.87538481 0.51016045
v -0.63144851 2.86553192 0.47403282
v -0.11938890 2.80797696 0.48293453
v -0.61087942 2.86616468 0.47274864
v -0.65473264 2.87658334 0.48671949
v -0.64061058 2.87532949 0.47108370
v -0.66092896 2.88656116 0.47086638
v -0.64025980 2.88440537 0.50791007
v -0.66062051 2.89454174 0.50324875
v 0.64167976 2.74167752 0.53025264
v 0.62175143 2.74696565 0.53007156
v 0.64134014 2.73289084 0.49459851
v 0.62139499 2.73774576 0.49265969
v 0.66598481 2.73894715 0.50805962
v 0.65241450 2.74057913 0.49197644
v 0.67460811 2.74738073 0.49244595
v 0.65276527 2.74965525 0.52880275
v 0.67491663 2.75536132 0.52482837
v 0.59524405 2.77260327 0.52465814
v -0.57914108 2.89498973 0.50568235
v 0.63067991 3.10007071 0.44361728
v -0.54370517 3.22245693 0.42464161
v 0.65510422 2.93189240 0.48460424
v -0.60356939 3.06306243 0.46426660
v 0.59487599 2.76308036 0.48601615
v -0.57950914 2.88546658 0.46704048
v 0.63031179 3.09054756 0.40497535
v -0.54407322 3.21293402 0.38599962
v 0.65474015 2.92247462 0.44639117
v -0.60393345 3.05364490 0.42605352
v -0.15299265 2.49815774 0.40300858
v -0.60543740 2.51846623 0.40773231
v -0.14132690 2.75571775 0.41304910
v -0.59377152 2.77602625 0.41777283
v -0.36762294 2.75891042 0.43828028
v -0.37874049 2.51345396 0.42871153
v -0.32123336 2.75836134 0.39846599
v -0.33235094 2.51290488 0.38889724
v -0.61089218 2.64834929 0.39757186
v -0.61056715 2.64687347 0.43505019
v -0.13613738 2.62703943 0.39261520
v -0.13581234 2.62556362 0.43009353
v -0.37931210 2.50622129 0.40505999
v -0.16447920 2.49845862 0.42524356
v -0.16480261 2.49992704 0.38795239
v -0.14284909 2.50493908 0.38883698
v -0.14254087 2.50353980 0.42437571
v -0.59350926 2.51771617 0.42972279
v -0.59383267 2.51918459 0.39243162
v -0.61522567 2.52614236 0.39376873
v -0.61491746 2.52474284 0.42930752
v -0.36745611 2.76798034 0.41526425
v -0.15287188 2.75472832 0.43523377
v -0.15319529 2.75619674 0.39794266
v -0.13178708 2.74917006 0.39835787
v -0.13147885 2.74777055 0.43389666
v -0.58190191 2.77398586 0.43971300
v -0.58222532 2.77545428 0.40242183
v -0.60416371 2.77037311 0.40328968
v -0.60385543 2.76897383 0.43882841
v -0.37317893 2.63616967 0.43381643
v -0.59300435 2.76266646 0.44028419
v -0.14281870 2.74245930 0.43558413
v -0.60354638 2.52991295 0.43121070
v -0.15336089 2.50970554 0.42651057
v -0.32603306 2.63561153 0.39335310
v -0.59334368 2.76420736 0.40115482
v -0.14315808 2.74399996 0.39645469
v -0.60388583 2.53145361 0.39208132
v -0.15370026 2.51124644 0.38738120
v -0.61463159 2.64792991 0.41268086
v -0.13213661 2.62627220 0.40764338
v -0.16739179 2.49719954 0.40331411
v -0.15712148 2.49734712 0.42395306
v -0.15742441 2.49872255 0.38902384
v -0.14663261 2.50084090 0.38983577
v -0.14634389 2.49953008 0.42312348
v -0.59117866 2.51622176 0.40773863
v -0.60096216 2.51726937 0.42858690
v -0.60126513 2.51864481 0.39365774
v -0.61180449 2.52172065 0.39469230
v -0.61151576 2.52041006 0.42798007
v -0.15558179 2.75794506 0.41347885
v -0.14543937 2.75526810 0.43400764
v -0.14574230 2.75664353 0.39907849
v -0.13518868 2.75350285 0.39968532
v -0.13489997 2.75219226 0.43297303
v -0.57936865 2.77696729 0.41790330
v -0.58928013 2.77519035 0.43864155
v -0.58958310 2.77656579 0.40371239
v -0.60036063 2.77438283 0.40454191
v -0.60007191 2.77307200 0.43782967
v -0.16654202 2.75335860 0.43594313
v -0.56839770 2.77139640 0.44013864
v -0.36797294 2.75112724 0.43822038
v -0.57856399 2.76603913 0.44041800
v -0.15689284 2.74711204 0.43601561
v -0.17797230 2.50099754 0.42610526
v -0.57982796 2.51903534 0.43030077
v -0.37838629 2.52121782 0.42925781
v -0.58947021 2.52525043 0.43103129
v -0.16779897 2.50632310 0.42662889
v -0.16687661 2.75487757 0.39736462
v -0.56873226 2.77291560 0.40156019
v -0.32100961 2.75057125 0.39791369
v -0.57890558 2.76758981 0.40103656
v -0.15723440 2.74866271 0.39663410
v -0.17830689 2.50251651 0.38752675
v -0.58016253 2.52055430 0.39172226
v -0.33142298 2.52066231 0.38895112
v -0.58981180 2.52680087 0.39164978
v -0.16814053 2.50787377 0.38724738
v -0.61640263 2.53396964 0.39347279
v -0.60604125 2.76273084 0.40239066
v -0.60144544 2.75717330 0.40124696
v -0.61131990 2.53916192 0.39274818
v -0.61381787 2.64843440 0.39878941
v -0.61608380 2.53252196 0.43023837
v -0.60572237 2.76128316 0.43915623
v -0.60111123 2.75565600 0.43977952
v -0.61098576 2.53764462 0.43128079
v -0.61351335 2.64705205 0.43389386
v -0.14098212 2.51262975 0.38850915
v -0.13062075 2.74139094 0.39742708
v -0.13571884 2.73626852 0.39638466
v -0.14559332 2.51825714 0.38788587
v -0.13319118 2.62686086 0.39377153
v -0.14066325 2.51118207 0.42527473
v -0.13030188 2.73994327 0.43419266
v -0.13538463 2.73475099 0.43491721
v -0.14525913 2.51673961 0.42641842
v -0.13288671 2.62547851 0.42887598
v -0.17794240 2.49701452 0.42414045
v -0.17824566 2.49839115 0.38917148
v -0.58025551 2.51507282 0.42834073
v -0.58055878 2.51644969 0.39337182
v -0.15014176 2.49988651 0.42487568
v -0.37902260 2.50743914 0.42755187
v -0.15732628 2.50215101 0.42593312
v -0.15045999 2.50133157 0.38818300
v -0.33481249 2.50691605 0.38960814
v -0.15766022 2.50366712 0.38743150
v -0.14156610 2.50371385 0.40295833
v -0.14655979 2.50711560 0.38777280
v -0.13864347 2.51232719 0.39019972
v -0.14623110 2.50562334 0.42567182
v -0.13835445 2.51101494 0.42352539
v -0.60766560 2.52042317 0.42965245
v -0.60028666 2.52203393 0.43055773
v -0.60798389 2.52186799 0.39295977
v -0.60062063 2.52355003 0.39205617
v -0.61631876 2.52502394 0.40791488
v -0.61135793 2.52797866 0.39262545
v -0.61872327 2.53387618 0.39521199
v -0.61102927 2.52648616 0.43052447
v -0.61843419 2.53256392 0.42853761
v -0.16614579 2.75746322 0.43429357
v -0.16644906 2.75884008 0.39932466
v -0.56845891 2.77552176 0.43849385
v -0.56876206 2.77689862 0.40352499
v -0.13872068 2.75204492 0.43470567
v -0.36735690 2.76499796 0.43759233
v -0.14608391 2.75036287 0.43560922
v -0.13903889 2.75348997 0.39801294
v -0.32314676 2.76447463 0.39964861
v -0.14641784 2.75187898 0.39710760
v -0.13044843 2.74917340 0.41252714
v -0.13567530 2.74742675 0.39714092
v -0.12827031 2.74134898 0.39912778
v -0.13534661 2.74593425 0.43503994
v -0.12798128 2.74003673 0.43245339
v -0.59624457 2.77258158 0.43948239
v -0.58904427 2.77024579 0.44023389
v -0.59656274 2.77402639 0.40278971
v -0.58937824 2.77176189 0.40173233
v -0.60520107 2.77048326 0.41748369
v -0.60047346 2.76828957 0.40199357
v -0.60835010 2.76289797 0.40414000
v -0.60014474 2.76679754 0.43989259
v -0.60806108 2.76158571 0.43746567
v -0.57931256 2.75477767 0.44017440
v -0.15716140 2.73582864 0.43576699
v -0.58919823 2.53651834 0.43166590
v -0.16704708 2.51756930 0.42725849
v -0.59940666 2.64633679 0.43585765
v -0.14695673 2.62602782 0.43113393
v -0.57965744 2.75634360 0.40040696
v -0.15750629 2.73739481 0.39599949
v -0.58954310 2.53808427 0.39189845
v -0.16739199 2.51913524 0.38749099
v -0.59974778 2.64788508 0.39653146
v -0.14729781 2.62757635 0.39180773
v 0.59643817 2.73405790 0.40452105
v -0.50629658 2.81300235 0.41009396
v 0.59804738 2.74885392 0.51333672
v -0.50468743 2.82779837 0.51890957
v 0.04502188 2.76512504 0.51669782
v 0.04348832 2.75102401 0.41299576
v 0.16167536 2.79586935 0.51079226
v 0.16014183 2.78176832 0.40709025
v -0.53160727 2.83747721 0.46256596
v -0.53423548 2.80040717 0.46764541
v 0.62550348 2.75464010 0.45671821
v 0.62287527 2.71757007 0.46179771
v 0.04507368 2.77363563 0.40638953
v 0.56635934 2.71429062 0.40793139
v 0.56897438 2.75117564 0.40287727
v 0.62177449 2.74687338 0.40527219
v 0.61928231 2.71172142 0.41008878
v -0.47930756 2.78914952 0.41321588
v -0.47669253 2.82603455 0.40816176
v -0.52954018 2.82929540 0.41109061
v -0.53203243 2.79414368 0.41590720
v 0.04670909 2.78867292 0.51697922
v 0.56796044 2.72901273 0.51620185
v 0.57057554 2.76589775 0.51114780
v 0.62330031 2.76090360 0.50845641
v 0.62080812 2.72575188 0.51327306
v -0.47770643 2.80387163 0.52148640
v -0.47509140 2.84075665 0.51643229
v -0.52801430 2.84332585 0.51427484
v -0.53050655 2.80817389 0.51909149
v 0.04423262 2.75775766 0.46489018
v -0.50362527 2.80413246 0.51677364
v 0.59360343 2.72558236 0.51122856
v -0.50507945 2.79076171 0.41843832
v 0.59214932 2.71221137 0.41289324
v 0.16278797 2.78900313 0.45888841
v -0.50088131 2.84283590 0.51147038
v 0.59634739 2.76428556 0.50592536
v -0.50233549 2.82946491 0.41313505
v 0.59489328 2.75091481 0.40759003
v -0.54209656 2.82324815 0.46465588
v 0.63387930 2.73906040 0.45871282
v 0.56148946 2.73625112 0.40405416
v 0.58448583 2.71411920 0.40733129
v 0.58693534 2.74866796 0.40259731
v 0.61288923 2.74614644 0.40368807
v 0.61055487 2.71322107 0.40819961
v -0.47139838 2.81019497 0.40927410
v -0.49727881 2.79156232 0.41279817
v -0.49482936 2.82611108 0.40806419
v -0.52086556 2.82731128 0.40941775
v -0.52319986 2.79438615 0.41392928
v 0.56311840 2.75123000 0.51421565
v 0.58609736 2.72893620 0.51629943
v 0.58854675 2.76348495 0.51156545
v 0.61446792 2.76066113 0.51043439
v 0.61213350 2.72773600 0.51494586
v -0.46976933 2.82517409 0.51943558
v -0.49566734 2.80637932 0.52176636
v -0.49321789 2.84092808 0.51703238
v -0.51928687 2.84182620 0.51616406
v -0.52162135 2.80890083 0.52067560
v 0.53478724 2.73063469 0.51563078
v -0.44464791 2.80075192 0.52058059
v 0.04495625 2.76443768 0.51344657
v -0.46886027 2.80175114 0.51831245
v 0.55887097 2.72817636 0.51311857
v 0.53321058 2.71613693 0.40901160
v -0.44622460 2.78625441 0.41396141
v 0.04351983 2.75123024 0.41631299
v -0.47036466 2.78791833 0.41658247
v 0.55736661 2.71434355 0.41138858
v 0.53749257 2.76879287 0.51040220
v -0.44194257 2.83891034 0.51535201
v 0.16305254 2.79556251 0.50746799
v -0.46609864 2.84070373 0.51297504
v 0.56163263 2.76712894 0.50778121
v 0.53591591 2.75429559 0.40378302
v -0.44351926 2.82441282 0.40873289
v 0.16161613 2.78235483 0.41033441
v -0.46760303 2.82687092 0.41124505
v 0.56012827 2.75329614 0.40605122
v -0.53315836 2.83061218 0.41429400
v -0.53172910 2.84375381 0.51094270
v -0.51988721 2.84347320 0.50849229
v -0.52124935 2.83094907 0.41638547
v -0.53884631 2.83681560 0.46276301
v -0.53573650 2.79424667 0.41927689
v -0.53430724 2.80738854 0.51592553
v -0.52258927 2.80536008 0.51371467
v -0.52395141 2.79283595 0.42160785
v -0.54130805 2.80209327 0.46752071
v 0.62557518 2.74765873 0.40843809
v 0.62700438 2.76080060 0.50508672
v 0.61521930 2.76221132 0.50275582
v 0.61385715 2.74968719 0.41064894
v 0.63257599 2.75295401 0.45684290
v 0.62299711 2.71129346 0.41342098
v 0.62442625 2.72443509 0.51006967
v 0.61251724 2.72409821 0.50797820
v 0.61115509 2.71157408 0.41587138
v 0.63011432 2.71823192 0.46160066
v 0.53386927 2.71764994 0.40705574
v 0.53632146 2.75223804 0.40231639
v -0.44668075 2.78784704 0.41201115
v -0.44422856 2.82243538 0.40727180
v 0.60111684 2.71221876 0.40858388
v 0.04351530 2.75159025 0.41031402
v 0.58331805 2.71270823 0.40962976
v 0.60368997 2.74851203 0.40361083
v 0.15468821 2.78089023 0.40468591
v 0.58601803 2.75079060 0.40441161
v 0.62367332 2.73262715 0.40691686
v 0.61263394 2.74881411 0.40598696
v 0.63113177 2.74554372 0.40858752
v 0.60997629 2.71132803 0.41112339
v 0.62879467 2.71258068 0.41310418
v -0.51399738 2.79204941 0.41421932
v -0.49630079 2.78999782 0.41508579
v -0.51142430 2.82834268 0.40924633
v -0.49360085 2.82807994 0.40986770
v -0.53343236 2.81546402 0.41276455
v -0.52020967 2.82991409 0.41171199
v -0.53895760 2.82930970 0.41450083
v -0.52286732 2.79242778 0.41684848
v -0.54129457 2.79634690 0.41901749
v 0.53549659 2.73261189 0.51709187
v 0.53794873 2.76720023 0.51235247
v -0.44505352 2.80280924 0.52204728
v -0.44260132 2.83739734 0.51730794
v 0.60269225 2.72670460 0.51511735
v 0.04512447 2.76638627 0.51912916
v 0.58486885 2.72696733 0.51449597
v 0.60526538 2.76299787 0.51014435
v 0.15629737 2.79568648 0.51350105
v 0.58756876 2.76504946 0.50927782
v 0.62520695 2.74672818 0.51062012
v 0.61413532 2.76261973 0.50751513
v 0.63256252 2.75870037 0.50534612
v 0.61147767 2.72513318 0.51265162
v 0.63022560 2.72573757 0.50986284
v -0.51242203 2.80653524 0.52075279
v -0.49475005 2.80425668 0.51995206
v -0.50984889 2.84282851 0.51577979
v -0.49205014 2.84233904 0.51473391
v -0.53189886 2.82956481 0.51646781
v -0.51870835 2.84371948 0.51324022
v -0.53752679 2.84246659 0.51125950
v -0.52136594 2.80623317 0.51837671
v -0.53986377 2.80950356 0.51577616
v -0.46952906 2.80095506 0.51358241
v 0.55937189 2.72729635 0.50838268
v -0.47089267 2.78841639 0.42137074
v 0.55800825 2.71475792 0.41617095
v -0.50711876 2.79754734 0.46763325
v 0.59562898 2.71860194 0.46206027
v -0.46674034 2.84028935 0.50819272
v 0.56216067 2.76663089 0.50299293
v -0.46810392 2.82775116 0.41598099
v 0.56079704 2.75409222 0.41078126
v -0.50436109 2.83644533 0.46230334
v 0.59838670 2.75749993 0.45673043
v -0.02041978 3.13234067 0.62802583
v 0.61662060 3.05916023 0.62668091
v -0.02206988 3.11969018 0.53478563
v 0.61497051 3.04650950 0.53344071
v 0.29388091 3.06063557 0.53943837
v 0.29545349 3.07269168 0.62829691
v 0.23252356 3.10693574 0.53424233
v 0.23409611 3.11899161 0.62310094
v 0.63322848 3.06610036 0.57795244
v 0.62899798 3.02917933 0.58303666
v -0.03522434 3.14288950 0.57936370
v -0.03945492 3.10596848 0.58444792
v 0.29813963 3.09607887 0.62808245
v -0.00643334 3.10865641 0.63075382
v -0.00222388 3.14539289 0.62569505
v -0.03287724 3.14773965 0.62369919
v -0.03688888 3.11272955 0.62852031
v 0.59763932 3.03926325 0.62947845
v 0.60184878 3.07599974 0.62441969
v 0.63222730 3.07133532 0.62229496
v 0.62821555 3.03632498 0.62711608
v 0.29646263 3.08322215 0.53332204
v -0.00807518 3.09606910 0.53798068
v -0.00386573 3.13280559 0.53292185
v -0.03444195 3.13574386 0.53528428
v -0.03845358 3.10073352 0.54010534
v 0.59599745 3.02667594 0.53670532
v 0.60020697 3.06341243 0.53164649
v 0.63066244 3.05933928 0.53388005
v 0.62665087 3.02432919 0.53870118
v 0.29463103 3.06634784 0.58391112
v 0.61086249 3.02463698 0.54105514
v -0.02299701 3.09745216 0.54239339
v 0.61235368 3.03606915 0.62531519
v -0.02150584 3.10888410 0.62665343
v 0.23227331 3.11340261 0.57863039
v 0.61527950 3.06318474 0.53574687
v -0.01858007 3.13599968 0.53708518
v 0.61677057 3.07461667 0.62000698
v -0.01708889 3.14743185 0.62134522
v 0.63697672 3.05063009 0.57998508
v -0.04237438 3.12867093 0.58141941
v -0.00025914 3.12988663 0.62858945
v -0.01672143 3.11105824 0.63091457
v -0.01277857 3.14546776 0.62617618
v -0.02790520 3.14625525 0.62536728
v -0.03166276 3.11346269 0.62988299
v 0.59643108 3.06134129 0.62732965
v 0.60820466 3.03926921 0.62959516
v 0.61214751 3.07367897 0.62485677
v 0.62705511 3.07101631 0.62398452
v 0.62329751 3.03822351 0.62850022
v -0.00192964 3.11707950 0.53419602
v -0.01837384 3.09838986 0.53754359
v -0.01443099 3.13279963 0.53280514
v -0.02952394 3.13384533 0.53390014
v -0.03328150 3.10105252 0.53841585
v 0.59476060 3.04853439 0.53293622
v 0.60655218 3.02660108 0.53622419
v 0.61049503 3.06101060 0.53148580
v 0.62543637 3.05860615 0.53251737
v 0.62167883 3.02581358 0.53703308
v 0.01099541 3.09333324 0.53873509
v 0.57680660 3.02833533 0.53754050
v 0.29390326 3.06077790 0.54228550
v 0.59074843 3.02662158 0.53966027
v -0.00296291 3.09482455 0.54091370
v 0.01261222 3.10572863 0.63009328
v 0.57842338 3.04073071 0.62889874
v 0.29537621 3.07207036 0.62551582
v 0.59229106 3.03844833 0.62682903
v -0.00142026 3.10665154 0.62808251
v 0.01535019 3.13133812 0.53350163
v 0.58116138 3.06634021 0.53230703
v 0.23178703 3.10765052 0.53702521
v 0.59519392 3.06541729 0.53431785
v 0.00148249 3.13362050 0.53557134
v 0.01696700 3.14373350 0.62485981
v 0.58277822 3.07873559 0.62366527
v 0.23325996 3.11894298 0.62025553
v 0.59673649 3.07724428 0.62148660
v 0.00302514 3.14544725 0.62274009
v 0.63438988 3.07131362 0.61940718
v 0.63292414 3.06007743 0.53659242
v 0.62623382 3.06199574 0.53843278
v 0.62763059 3.07270384 0.61735588
v 0.63722837 3.06445622 0.57810473
v 0.63023961 3.03509450 0.62439471
v 0.62877417 3.02385855 0.54157990
v 0.62188423 3.02403617 0.54366004
v 0.62328094 3.03474426 0.62258309
v 0.63326567 3.02987385 0.58286691
v -0.03500044 3.14821029 0.62082046
v -0.03646606 3.13697433 0.53800565
v -0.02950737 3.13732457 0.53981727
v -0.02811063 3.14803267 0.61874032
v -0.03949213 3.14219499 0.57953346
v -0.03915060 3.11199141 0.62580794
v -0.04061622 3.10075521 0.54299319
v -0.03385695 3.09936500 0.54504448
v -0.03246022 3.11007309 0.62396753
v -0.04345473 3.10761261 0.58429563
v 0.01251984 3.10774231 0.63131303
v 0.01646716 3.14219117 0.62656927
v 0.57897502 3.04267025 0.63011712
v 0.58292228 3.07711935 0.62537330
v -0.02647232 3.11115456 0.63001144
v 0.29559654 3.07389879 0.63036221
v -0.01633442 3.10898876 0.62939817
v -0.02233040 3.14730167 0.62503380
v 0.23712184 3.11802387 0.62541032
v -0.01198828 3.14691782 0.62417513
v -0.03614416 3.13401484 0.62584567
v -0.02742135 3.14819312 0.62281835
v -0.03847384 3.14689898 0.62110782
v -0.03169942 3.11085749 0.62795967
v -0.04223569 3.11406898 0.62562871
v 0.61771947 3.03715253 0.62865138
v 0.60735214 3.03734231 0.62808138
v 0.62186146 3.07329941 0.62367374
v 0.61169827 3.07527137 0.62285835
v 0.63230568 3.05722618 0.62443441
v 0.62701249 3.07301450 0.62143666
v 0.63747668 3.06924868 0.61968070
v 0.62273461 3.03567910 0.62657797
v 0.63371474 3.03641868 0.62420154
v 0.01085125 3.09494948 0.53702706
v 0.01479857 3.12939858 0.53228319
v 0.57730651 3.02987766 0.53583109
v 0.58125371 3.06432652 0.53108734
v -0.02808784 3.09876943 0.53872663
v 0.29394642 3.06124854 0.53712237
v -0.01792464 3.09679747 0.53954196
v -0.02394591 3.13491631 0.53374898
v 0.23547174 3.10537314 0.53217053
v -0.01357851 3.13472652 0.53431892
v -0.03771674 3.12195873 0.53698605
v -0.02896092 3.13638973 0.53582239
v -0.03994113 3.13565016 0.53819877
v -0.03323899 3.09905434 0.54096371
v -0.04370298 3.10282016 0.54271966
v 0.61610407 3.02476716 0.53736657
v 0.60576189 3.02515101 0.53822523
v 0.62024593 3.06091428 0.53238893
v 0.61010802 3.06308007 0.53300220
v 0.63073313 3.04517007 0.53557479
v 0.62547302 3.06121135 0.53444076
v 0.63600934 3.05799985 0.53677166
v 0.62119496 3.02387571 0.53958201
v 0.63224751 3.02516985 0.54129255
v 0.59113675 3.02694583 0.54376364
v -0.00325046 3.09522653 0.54501855
v 0.59253508 3.03766632 0.62277657
v -0.00185215 3.10594678 0.62403148
v 0.61319107 3.03007317 0.58319515
v -0.02385670 3.10325432 0.58454013
v 0.59562576 3.06612206 0.53836888
v 0.00123855 3.13440251 0.53962380
v 0.59702408 3.07684231 0.61738181
v 0.00263686 3.14512300 0.61863673
v 0.61763030 3.06881452 0.57786024
v -0.01941750 3.14199567 0.57920521
v -0.56051099 3.53813934 0.53478640
v 0.71954846 3.44345045 0.51693845
v -0.58187801 3.24650884 0.54952133
v 0.69818139 3.15182042 0.53167337
v 0.05905984 3.20715404 0.56334352
v 0.07942277 3.48507977 0.54930103
v -0.07384200 3.21499848 0.52588230
v -0.05347906 3.49292421 0.51183987
v 0.74015599 3.29454803 0.50857711
v 0.74081481 3.29639268 0.54603469
v -0.60302335 3.39390588 0.52730525
v -0.60236460 3.39575028 0.56476277
v 0.07968890 3.49316096 0.52551383
v -0.52705389 3.53604579 0.55643684
v -0.52770936 3.53421068 0.51916629
v -0.58951151 3.53197384 0.52124131
v -0.58888692 3.53372264 0.55676043
v 0.68676072 3.44625711 0.53951252
v 0.68610525 3.44442201 0.50224197
v 0.74693954 3.43311357 0.50260705
v 0.74756408 3.43486238 0.53812623
v 0.05797350 3.19677591 0.54048902
v -0.54831392 3.24587631 0.57109797
v -0.54896939 3.24404120 0.53382742
v -0.60977274 3.25543594 0.53521371
v -0.60914814 3.25718474 0.57073283
v 0.66550070 3.15608788 0.55417365
v 0.66484535 3.15425277 0.51690310
v 0.72667831 3.15657568 0.51657951
v 0.72730285 3.15832448 0.55209857
v 0.06924693 3.34613252 0.55664271
v 0.69641888 3.16723275 0.55400229
v -0.57724893 3.26144862 0.57176113
v 0.71572810 3.43077540 0.54068655
v -0.55793983 3.52499127 0.55844539
v -0.06582167 3.35410500 0.51857072
v 0.69573116 3.16530728 0.51489455
v -0.57793671 3.25952315 0.53265339
v 0.71504033 3.42884970 0.50157875
v -0.55862755 3.52306557 0.51933765
v 0.75137019 3.29447961 0.52348471
v -0.61370784 3.39545751 0.54251808
v -0.51983559 3.53695464 0.53434795
v -0.54795742 3.53847218 0.55550140
v -0.54857141 3.53675342 0.52059150
v -0.57895023 3.53604841 0.52198297
v -0.57836521 3.53768659 0.55525231
v 0.67914498 3.44826365 0.51763046
v 0.70775974 3.44558430 0.53799278
v 0.70714575 3.44386530 0.50308293
v 0.73711735 3.43869615 0.50363290
v 0.73770237 3.44033432 0.53690225
v -0.54146689 3.24171758 0.54926515
v -0.56935441 3.24643302 0.57025701
v -0.56996834 3.24471402 0.53534716
v -0.59991097 3.24996400 0.53643769
v -0.59932601 3.25160217 0.56970704
v 0.65751374 3.15302634 0.53254765
v 0.68636274 3.15354490 0.55274844
v 0.68574882 3.15182614 0.51783854
v 0.71615660 3.15261197 0.51808763
v 0.71674162 3.15424991 0.55135697
v -0.50969952 3.24527717 0.57109350
v 0.62723315 3.16117597 0.55524111
v 0.05970900 3.21596789 0.56314188
v 0.65575141 3.16567373 0.55492055
v -0.53724355 3.25392199 0.57155460
v -0.48876369 3.53102088 0.55665600
v 0.64816886 3.44691968 0.54080361
v 0.07878216 3.47628975 0.54998881
v 0.67572713 3.43831420 0.54114509
v -0.51726788 3.52656269 0.55777913
v -0.51037753 3.24337864 0.53253633
v 0.62655514 3.15927744 0.51668400
v -0.07483660 3.22390962 0.52521729
v 0.65505922 3.16373563 0.51556081
v -0.53793573 3.25198412 0.53219485
v -0.48944175 3.52912235 0.51809877
v 0.64749086 3.44502115 0.50224644
v -0.05576344 3.48423147 0.51206428
v 0.67503500 3.43637633 0.50178534
v -0.51796001 3.52462459 0.51841938
v 0.75059301 3.42400718 0.50237644
v 0.73161507 3.16498470 0.51546383
v 0.71833241 3.17204189 0.51446456
v 0.73641843 3.41889191 0.50199217
v 0.74848324 3.29399204 0.50964755
v 0.75123918 3.42581630 0.53912175
v 0.73226124 3.16679406 0.55220914
v 0.71900958 3.17393827 0.55297577
v 0.73709571 3.42078805 0.54050344
v 0.74910027 3.29571962 0.54473263
v -0.59446990 3.52350450 0.52113080
v -0.61344779 3.26448202 0.53421819
v -0.59930432 3.26951027 0.53283650
v -0.58121818 3.51636028 0.52036411
v -0.61130887 3.39457893 0.52860731
v -0.59382373 3.52531362 0.55787605
v -0.61280161 3.26629114 0.57096344
v -0.59862709 3.27140665 0.57134771
v -0.58054101 3.51825643 0.55887538
v -0.61069185 3.39630628 0.56369233
v -0.48910704 3.53555870 0.55462986
v -0.48972160 3.53383803 0.51968020
v 0.64911973 3.45136166 0.53875947
v 0.64850515 3.44964075 0.50380987
v -0.56753713 3.53668475 0.55681741
v 0.07990853 3.49188590 0.54803157
v -0.54708344 3.53297138 0.55754697
v -0.56818205 3.53487921 0.52014500
v -0.04674934 3.49936175 0.51233035
v -0.54776013 3.53107667 0.51906663
v -0.59257287 3.53361464 0.53540295
v -0.57897431 3.52890348 0.52002448
v -0.60101980 3.52422380 0.52293426
v -0.57830822 3.53076839 0.55790257
v -0.60043412 3.52586389 0.55624151
v 0.72689247 3.44093323 0.53876901
v 0.70614308 3.44026756 0.54007310
v 0.72624749 3.43912745 0.50209665
v 0.70546639 3.43837285 0.50159281
v 0.75060046 3.43425727 0.51667494
v 0.73603576 3.43162942 0.50168920
v 0.75722504 3.42375159 0.50399613
v 0.73670173 3.43349457 0.53956729
v 0.75781077 3.42539167 0.53730339
v -0.51071376 3.24065757 0.56953007
v -0.51132828 3.23893666 0.53458047
v 0.62751305 3.15646029 0.55365968
v 0.62689847 3.15473986 0.51871008
v -0.58845615 3.25117087 0.57124329
v 0.05854160 3.20025682 0.56276643
v -0.56767493 3.25192571 0.57174712
v -0.58910102 3.24936509 0.53457087
v -0.06811628 3.20773292 0.52706522
v -0.56835175 3.25003099 0.53326678
v -0.61293608 3.25568557 0.54944563
v -0.59891039 3.25680375 0.53377265
v -0.62001932 3.26490664 0.53603655
v -0.59824431 3.25866890 0.57165074
v -0.61943364 3.26654673 0.56934381
v 0.70597345 3.15541911 0.55319494
v 0.68555146 3.15922189 0.55427331
v 0.70532852 3.15361357 0.51652253
v 0.68487483 3.15732718 0.51579297
v 0.73023725 3.15632844 0.53071761
v 0.71609956 3.15952992 0.51543730
v 0.73822546 3.16443443 0.51709843
v 0.71676564 3.16139483 0.55331546
v 0.73881125 3.16607451 0.55040562
v 0.65736824 3.17838764 0.55445951
v -0.53698462 3.26673651 0.57111251
v 0.67547500 3.42551875 0.54197294
v -0.51887798 3.51386738 0.55862594
v 0.70927846 3.29877210 0.54739809
v -0.57079595 3.39346170 0.56524628
v 0.65666932 3.17643094 0.51471400
v -0.53768367 3.26477957 0.53136700
v 0.67477608 3.42356205 0.50222743
v -0.51957691 3.51191068 0.51888043
v 0.70858735 3.29683685 0.50809360
v -0.57148713 3.39152646 0.52594185
v -0.61032307 3.08302784 0.52444750
v -0.23779535 3.06584382 0.52783149
v -0.62168074 2.83327270 0.50648189
v -0.24915300 2.81608868 0.50986588
v -0.43543544 2.82890296 0.53165954
v -0.42461154 3.06692123 0.54878092
v -0.47342604 2.83347964 0.49205458
v -0.46260214 3.07149792 0.50917590
v -0.23410051 2.94163227 0.50366253
v -0.23456351 2.93896222 0.54107332
v -0.62499768 2.95966387 0.50011164
v -0.62546062 2.95699382 0.53752244
v -0.42396381 3.07648802 0.52605778
v -0.60098505 3.08038425 0.54653782
v -0.60052425 3.08304095 0.50931382
v -0.61864567 3.07796454 0.50960648
v -0.61908472 3.07543254 0.54508126
v -0.24773608 3.06408930 0.54974669
v -0.24727538 3.06674600 0.51252276
v -0.22970659 3.06002331 0.51313961
v -0.23014565 3.05749154 0.54861432
v -0.43550664 2.82266092 0.50779927
v -0.61228579 2.83187985 0.52866220
v -0.61182505 2.83453679 0.49143827
v -0.62941551 2.84113455 0.49257064
v -0.62985456 2.83860278 0.52804536
v -0.25903687 2.81558514 0.53187114
v -0.25857610 2.81824183 0.49464715
v -0.24047646 2.82319331 0.49610376
v -0.24091552 2.82066131 0.53157848
v -0.43002743 2.94788933 0.54054022
v -0.24982032 2.82651973 0.53368783
v -0.62048805 2.84361815 0.53032070
v -0.23955655 3.05222034 0.54992312
v -0.61022425 3.06931877 0.54655594
v -0.46863744 2.95254040 0.50028956
v -0.24933694 2.82930732 0.49462903
v -0.62000453 2.84640574 0.49126190
v -0.23907317 3.05500793 0.51086426
v -0.60974085 3.07210636 0.50749719
v -0.23110016 2.94041181 0.51873291
v -0.62837029 2.95873737 0.51512414
v -0.59845763 3.08401275 0.52488339
v -0.60703129 3.08155036 0.54536116
v -0.60659981 3.08403873 0.51049495
v -0.61550760 3.08183551 0.51105094
v -0.61591887 3.07946372 0.54427868
v -0.24952577 3.06791687 0.52805305
v -0.24158777 3.06469274 0.54868084
v -0.24115628 3.06718111 0.51381463
v -0.23250064 3.06416774 0.51453018
v -0.23291187 3.06179643 0.54775792
v -0.60995573 2.83116841 0.50669557
v -0.61840487 2.83144474 0.52737039
v -0.61797339 2.83393312 0.49250418
v -0.62664926 2.83682966 0.49342704
v -0.62706053 2.83445811 0.52665484
v -0.26102388 2.81507254 0.50986528
v -0.25296134 2.81458735 0.53069001
v -0.25252986 2.81707573 0.49582386
v -0.24364230 2.81916213 0.49690628
v -0.24405353 2.81679058 0.53013402
v -0.60102028 2.83321309 0.52954268
v -0.27014586 2.81795049 0.53254831
v -0.43509567 2.83642364 0.53244454
v -0.26173797 2.82315636 0.53342682
v -0.60892779 2.83917165 0.53027296
v -0.58989191 3.07792711 0.54714561
v -0.25901744 3.06266451 0.55015123
v -0.42495733 3.05936599 0.54848146
v -0.25111988 3.05664849 0.55022252
v -0.59830976 3.07266402 0.54706866
v -0.60054368 2.83596158 0.49103373
v -0.26966923 2.82069874 0.49403936
v -0.47355613 2.84105682 0.49234974
v -0.26125142 2.82596183 0.49411631
v -0.60844129 2.84197736 0.49096245
v -0.58941531 3.08067560 0.50863671
v -0.25854084 3.06541276 0.51164228
v -0.46341783 3.06399918 0.50838655
v -0.25063333 3.05945420 0.51091200
v -0.59782314 3.07546949 0.50775814
v -0.22878695 3.05250883 0.51199919
v -0.23887467 2.83067966 0.49604237
v -0.24261759 2.83613873 0.49549913
v -0.23300391 3.04754376 0.51070607
v -0.23169781 2.94143605 0.50486934
v -0.22924116 3.04988980 0.54869843
v -0.23932889 2.82806015 0.53274167
v -0.24309361 2.83339357 0.53396225
v -0.23347992 3.04479861 0.54916918
v -0.23213148 2.93893528 0.53991050
v -0.62023234 3.07056570 0.50844330
v -0.63032007 2.84873629 0.49248654
v -0.62608117 2.85382724 0.49201584
v -0.61646754 3.06523252 0.50722271
v -0.62742966 2.95969081 0.50127453
v -0.62068647 3.06794643 0.54514259
v -0.63077420 2.84611702 0.52918583
v -0.62655723 2.85108232 0.53047889
v -0.61694360 3.06248713 0.54568583
v -0.62786335 2.95718980 0.53631568
v -0.58987957 3.08198571 0.54562443
v -0.58944756 3.08447695 0.51071852
v -0.25862852 3.06670547 0.54863352
v -0.25819653 3.06919670 0.51372761
v -0.61280239 3.07895303 0.54598916
v -0.42433327 3.07285500 0.54828084
v -0.60690498 3.07669878 0.54680884
v -0.61234915 3.08156729 0.50936264
v -0.46053904 3.07721639 0.51053655
v -0.60642934 3.07944179 0.50837660
v -0.61977166 3.07759666 0.52377266
v -0.61559761 3.07600427 0.50832009
v -0.62216592 3.07065797 0.51015180
v -0.61606574 3.07330441 0.54615080
v -0.62257761 3.06828380 0.54341739
v -0.23609261 3.06157589 0.54941118
v -0.24218631 3.05987477 0.55012190
v -0.23563930 3.06419015 0.51278460
v -0.24171068 3.06261778 0.51168972
v -0.22887623 3.05956507 0.52732354
v -0.23289837 3.05835080 0.51179653
v -0.22688434 3.05242419 0.51374251
v -0.23336656 3.05565071 0.54962730
v -0.22729604 3.05005002 0.54700810
v -0.60136461 2.82942915 0.52745736
v -0.60093260 2.83192062 0.49255145
v -0.27011359 2.81414890 0.53046644
v -0.26968157 2.81664014 0.49556053
v -0.62392181 2.83443570 0.52840036
v -0.43569088 2.82310081 0.53031534
v -0.61785054 2.83600807 0.52949530
v -0.62346858 2.83704996 0.49177384
v -0.47189665 2.82746243 0.49257106
v -0.61737484 2.83875108 0.49106306
v -0.63059574 2.83957529 0.50665110
v -0.62619460 2.84297514 0.49155772
v -0.63226509 2.84857583 0.49417686
v -0.62666285 2.84027505 0.52938843
v -0.63267678 2.84620166 0.52744246
v -0.24721207 2.81705856 0.53182232
v -0.25313175 2.81918430 0.53280836
v -0.24675876 2.81967282 0.49519587
v -0.25265610 2.82192731 0.49437618
v -0.23970029 2.82154393 0.51020199
v -0.24349539 2.82532167 0.49503416
v -0.23698355 2.83034229 0.49776757
v -0.24396358 2.82262158 0.53286487
v -0.23739526 2.82796812 0.53103316
v -0.26104599 2.83405685 0.53440696
v -0.60863101 2.85009050 0.53124952
v -0.25142136 3.04570246 0.54963124
v -0.59900641 3.06173587 0.54647380
v -0.24375743 2.93931985 0.54191214
v -0.61628956 2.95650434 0.53852814
v -0.26055467 2.83688998 0.49471122
v -0.60813981 2.85292363 0.49155372
v -0.25093007 3.04853559 0.50993544
v -0.59851515 3.06456923 0.50677800
v -0.24327160 2.94212174 0.50265688
v -0.61580366 2.95930600 0.49927282
v -0.03430000 3.14635062 0.61091501
v -0.56562793 3.15498686 0.63044935
v -0.02853404 3.47205448 0.62374735
v -0.55986178 3.48069119 0.64328170
v -0.29349956 3.46779561 0.65630341
v -0.29899457 3.15739727 0.64407408
v -0.24004082 3.46847701 0.61498457
v -0.24553581 3.15807867 0.60275531
v -0.57639688 3.31866407 0.62205976
v -0.57504421 3.31716442 0.65951413
v -0.01886919 3.30960178 0.60156220
v -0.01751655 3.30810213 0.63901651
v -0.30001917 3.14802289 0.62034911
v -0.04723687 3.14650607 0.63352609
v -0.04858275 3.14799809 0.59625876
v -0.02296437 3.15516138 0.59649855
v -0.02168175 3.15373945 0.63201457
v -0.55106771 3.15469551 0.65204948
v -0.55241364 3.15618753 0.61478215
v -0.57769930 3.16417837 0.61689347
v -0.57641661 3.16275644 0.65240949
v -0.29415920 3.47903705 0.63339067
v -0.04149980 3.47057867 0.64629412
v -0.04284570 3.47207069 0.60902679
v -0.01749684 3.46400976 0.60866678
v -0.01621421 3.46258783 0.64418280
v -0.54533070 3.47876811 0.66481757
v -0.54667652 3.48026013 0.62755018
v -0.57223171 3.47302675 0.62906170
v -0.57094908 3.47160482 0.66457772
v -0.29623547 3.31258345 0.65050918
v -0.55798268 3.46406460 0.66560692
v -0.02930786 3.45547104 0.64617014
v -0.56319332 3.16972971 0.65401047
v -0.03451850 3.16113615 0.63457370
v -0.24190517 3.31327605 0.60851663
v -0.55939496 3.46563005 0.62650257
v -0.03072010 3.45703650 0.60706580
v -0.56460559 3.17129517 0.61490619
v -0.03593074 3.16270161 0.59546936
v -0.58039790 3.31813502 0.63728577
v -0.01378052 3.30892491 0.61645401
v -0.05115493 3.14460111 0.61167222
v -0.03860151 3.14536786 0.63198495
v -0.03986215 3.14676523 0.59707814
v -0.02724851 3.14985418 0.59756881
v -0.02604714 3.14852238 0.63083529
v -0.54882848 3.15269065 0.62996924
v -0.55982530 3.15384007 0.65114784
v -0.56108594 3.15523744 0.61624098
v -0.57352263 3.15873361 0.61765271
v -0.57232118 3.15740156 0.65091914
v -0.04531766 3.47433376 0.62466323
v -0.03282750 3.47152853 0.64483529
v -0.03408813 3.47292614 0.60992843
v -0.02159222 3.46936440 0.61015713
v -0.02039084 3.46803260 0.64342362
v -0.54299116 3.48242307 0.64296025
v -0.55405134 3.48000073 0.66399813
v -0.55531192 3.48139834 0.62909132
v -0.56786633 3.47824383 0.63024098
v -0.56666493 3.47691202 0.66350746
v -0.05747643 3.46834064 0.64742666
v -0.52939510 3.47601151 0.66477680
v -0.29366478 3.45795560 0.65615910
v -0.54114527 3.46886754 0.66531754
v -0.04595631 3.46081853 0.64711183
v -0.06312601 3.14921093 0.63485330
v -0.53504467 3.15688181 0.65220350
v -0.29881170 3.16721773 0.64470446
v -0.54653591 3.16437197 0.65332079
v -0.05134680 3.15632272 0.63511509
v -0.05886878 3.46988440 0.60887283
v -0.53078741 3.47755527 0.62622297
v -0.23954488 3.45864534 0.61432928
v -0.54256660 3.47044349 0.62596118
v -0.04737762 3.46239424 0.60775548
v -0.06451835 3.15075469 0.59629947
v -0.53643698 3.15842557 0.61364961
v -0.24469182 3.16790771 0.60287458
v -0.54795712 3.16594768 0.61396450
v -0.05276811 3.15789866 0.59575874
v -0.57933551 3.17401314 0.61673146
v -0.57421428 3.46329927 0.62812901
v -0.56867450 3.45644498 0.62676901
v -0.57355505 3.18075299 0.61590713
v -0.57980192 3.31867266 0.62337267
v -0.57800859 3.17254186 0.65347362
v -0.57288742 3.46182823 0.66487110
v -0.56728375 3.45490313 0.66527694
v -0.57216442 3.17921114 0.65441507
v -0.57853490 3.31726813 0.65845466
v -0.02102605 3.16493797 0.59620517
v -0.01590482 3.45422435 0.60760266
v -0.02174905 3.44755507 0.60666120
v -0.02662965 3.17186308 0.59579933
v -0.01537856 3.30949807 0.60262161
v -0.01969915 3.16346693 0.63294727
v -0.01457792 3.45275307 0.64434481
v -0.02035837 3.44601321 0.64516914
v -0.02523898 3.17032123 0.63430727
v -0.01411158 3.30809355 0.63770360
v -0.06301308 3.14416504 0.63283837
v -0.06427517 3.14556432 0.59789175
v -0.53546888 3.15184474 0.65020823
v -0.53673095 3.15324378 0.61526167
v -0.03047082 3.14884567 0.63271433
v -0.29916334 3.14978194 0.64284945
v -0.03894532 3.15144372 0.63403088
v -0.03179509 3.15031385 0.59604508
v -0.24821620 3.15043163 0.60347182
v -0.04033488 3.15298414 0.59555393
v -0.02107199 3.15379548 0.61056525
v -0.02741298 3.15775919 0.59558040
v -0.01823107 3.16465998 0.59781700
v -0.02604517 3.15624285 0.63345522
v -0.01702834 3.16332650 0.63112134
v -0.56776339 3.15757918 0.65246797
v -0.55913526 3.15989900 0.65315580
v -0.56908768 3.15904713 0.61579877
v -0.56052482 3.16143966 0.61467880
v -0.57859719 3.16285777 0.63106281
v -0.57324815 3.16663170 0.61564809
v -0.58201218 3.17382383 0.61854446
v -0.57188028 3.16511536 0.65352291
v -0.58080941 3.17249060 0.65184879
v -0.05718245 3.47352242 0.64581460
v -0.05844453 3.47492146 0.61086804
v -0.52963829 3.48120189 0.66318452
v -0.53090036 3.48260117 0.62823790
v -0.02482578 3.46771908 0.64527750
v -0.29339743 3.47548461 0.65568167
v -0.03338864 3.46532655 0.64639747
v -0.02615004 3.46918702 0.60860831
v -0.24245028 3.47613406 0.61630410
v -0.03477820 3.46686721 0.60792053
v -0.01557695 3.46419740 0.62279475
v -0.02203316 3.46165085 0.60755336
v -0.01310403 3.45427561 0.60922748
v -0.02066534 3.46013451 0.64542818
v -0.01190129 3.45294237 0.64253181
v -0.56211841 3.47645235 0.66503119
v -0.55357856 3.47378206 0.66552240
v -0.56344259 3.47792053 0.62836194
v -0.55496812 3.47532248 0.62704539
v -0.57310218 3.47325969 0.64329225
v -0.56786829 3.47052336 0.62762105
v -0.57688510 3.46343970 0.62995493
v -0.56650043 3.46900678 0.66549587
v -0.57568234 3.46210623 0.66325927
v -0.54167235 3.45461965 0.66495949
v -0.04591967 3.44656134 0.64673311
v -0.54655856 3.17861366 0.65408528
v -0.05080581 3.17055559 0.63585883
v -0.56191409 3.31691456 0.65995598
v -0.03058005 3.30827808 0.64042139
v -0.54310763 3.45621061 0.62521750
v -0.04735494 3.44815254 0.60699105
v -0.54799372 3.18020487 0.61434323
v -0.05224108 3.17214656 0.59611678
v -0.56333333 3.31848812 0.62065488
v -0.03199936 3.30985165 0.60112035
v -0.52343804 3.84991169 0.61670727
v 0.76337165 3.73625875 0.60556310
v -0.54876935 3.56123114 0.63581419
v 0.73804039 3.44757795 0.62467009
v 0.09556284 3.51268554 0.65286618
v 0.11970372 3.78780007 0.63465714
v -0.03791030 3.52187443 0.61474568
v -0.01376944 3.79698944 0.59653652
v 0.78221250 3.58812428 0.59956604
v 0.78275126 3.59055448 0.63699210
v -0.56804991 3.70738173 0.61125964
v -0.56751120 3.70981169 0.64868569
v 0.12017000 3.79542375 0.61075115
v -0.48988697 3.84767985 0.63852352
v -0.49042296 3.84526229 0.60128433
v -0.55264395 3.84401655 0.60313970
v -0.55213308 3.84632039 0.63862896
v 0.73032862 3.73990846 0.62795615
v 0.72979259 3.73749089 0.59071696
v 0.79085469 3.72535658 0.59150463
v 0.79136550 3.72766066 0.62699389
v 0.09442574 3.50203633 0.63016963
v -0.51509130 3.56044531 0.65753478
v -0.51562738 3.55802774 0.62029558
v -0.57666421 3.57027555 0.62125784
v -0.57615334 3.57257938 0.65674710
v 0.70512432 3.45267391 0.64696741
v 0.70458823 3.45025635 0.60972822
v 0.76683438 3.45161557 0.60962278
v 0.76734519 3.45391965 0.64511204
v 0.10763787 3.65026355 0.64408177
v 0.73637837 3.46325517 0.64675242
v -0.54400611 3.57634068 0.65784091
v 0.75926995 3.72413230 0.62948573
v -0.52111459 3.83721781 0.64057416
v -0.02801135 3.65960240 0.60533977
v 0.73581582 3.46071839 0.60767758
v -0.54456866 3.57380390 0.61876601
v 0.75870746 3.72159529 0.59041089
v -0.52167714 3.83468080 0.60149932
v 0.79343623 3.58812928 0.61451828
v -0.57884049 3.70933104 0.62640250
v -0.48252514 3.84811163 0.61645389
v -0.51088434 3.85038900 0.63746530
v -0.51138651 3.84812450 0.60258484
v -0.54196769 3.84790945 0.60386217
v -0.54148924 3.85006785 0.63710356
v 0.72277820 3.74165750 0.60601562
v 0.75145459 3.73889732 0.62653315
v 0.75095254 3.73663259 0.59165263
v 0.78104007 3.73105931 0.59240454
v 0.78151852 3.73321748 0.62564594
v -0.50816965 3.55586052 0.63579714
v -0.53625125 3.56130362 0.65659910
v -0.53675330 3.55903888 0.62171859
v -0.56681722 3.56471848 0.62260574
v -0.56633878 3.56687665 0.65584719
v 0.69713360 3.44940615 0.62535894
v 0.72608775 3.44981170 0.64566690
v 0.72558564 3.44754696 0.61078644
v 0.75619048 3.44786835 0.61114818
v 0.75666893 3.45002675 0.64438957
v -0.47624606 3.55926442 0.65769792
v 0.66668200 3.45831919 0.64779985
v 0.09633087 3.52141404 0.65253240
v 0.69543582 3.46234179 0.64752752
v -0.50385022 3.56826448 0.65791363
v -0.45142615 3.84211826 0.63897663
v 0.69150198 3.74117303 0.62907857
v 0.11894267 3.77910304 0.63547665
v 0.71911758 3.73222470 0.62966472
v -0.48016846 3.83814764 0.64005083
v -0.47680065 3.55676317 0.61917317
v 0.66612744 3.45581794 0.60927510
v -0.03879309 3.53071690 0.61394030
v 0.69486976 3.45978856 0.60820091
v -0.50441629 3.56571126 0.61858702
v -0.45198074 3.83961701 0.60045189
v 0.69094735 3.73867178 0.59055382
v -0.01618131 3.78840566 0.59688461
v 0.71855158 3.72967148 0.59033805
v -0.48073456 3.83559442 0.60072422
v 0.79441386 3.71626520 0.59142840
v 0.77191496 3.45986271 0.60839891
v 0.75864542 3.46704745 0.60723734
v 0.78008711 3.71140075 0.59106427
v 0.79057986 3.58746409 0.60067898
v 0.79494226 3.71864867 0.62814277
v 0.77244341 3.46224618 0.64511335
v 0.75919932 3.46954584 0.64571619
v 0.78064096 3.71389914 0.62954313
v 0.79108441 3.58974004 0.63573450
v -0.55774212 3.83568978 0.60313839
v -0.58024091 3.57928729 0.62010896
v -0.56593966 3.58403683 0.61870861
v -0.54449803 3.82839036 0.60253555
v -0.57638305 3.70819616 0.61251724
v -0.55721360 3.83807325 0.63985276
v -0.57971251 3.58167076 0.65682334
v -0.56538582 3.58653522 0.65718746
v -0.54394412 3.83088875 0.64101440
v -0.57587850 3.71047211 0.64757276
v -0.45170495 3.84659100 0.63688004
v -0.45220754 3.84432387 0.60195976
v 0.69252419 3.74553084 0.62697065
v 0.69202161 3.74326372 0.59205049
v -0.53061342 3.84893513 0.63872814
v 0.12028558 3.79452276 0.63328570
v -0.51008433 3.84495306 0.63959831
v -0.53114086 3.84655619 0.60208660
v -0.00691678 3.80327988 0.59695613
v -0.51063770 3.84245682 0.60115039
v -0.55575883 3.84592128 0.61726135
v -0.54207659 3.84079146 0.60201329
v -0.56433034 3.83653259 0.60490370
v -0.54153180 3.84324861 0.63985950
v -0.56385124 3.83869314 0.63818294
v 0.77064216 3.73400617 0.62745893
v 0.74975085 3.73368263 0.62868786
v 0.77011478 3.73162746 0.59081733
v 0.74919748 3.73118639 0.59023988
v 0.79449749 3.72666430 0.60556775
v 0.77986801 3.72403502 0.59056491
v 0.80107707 3.71593738 0.59307891
v 0.78041273 3.72649240 0.62841111
v 0.80155611 3.71809793 0.62635815
v -0.47732034 3.55467248 0.65620130
v -0.47782299 3.55240512 0.62128109
v 0.66690880 3.45361209 0.64629197
v 0.66640615 3.45134521 0.61137170
v -0.55541354 3.56630874 0.65743440
v 0.09495442 3.50584316 0.65239257
v -0.53449613 3.56674981 0.65801185
v -0.55594087 3.56392980 0.62079281
v -0.03224794 3.51460052 0.61606300
v -0.53504950 3.56425357 0.61956388
v -0.57989997 3.57080317 0.63547063
v -0.56571144 3.57144380 0.61984062
v -0.58685482 3.57983804 0.62189358
v -0.56516665 3.57390094 0.65768683
v -0.58637577 3.58199883 0.65517282
v 0.74584216 3.45137978 0.64616519
v 0.72533900 3.45547915 0.64710134
v 0.74531472 3.44900084 0.60952359
v 0.72478563 3.45298290 0.60865337
v 0.77035636 3.45154643 0.62377709
v 0.75623316 3.45468760 0.60839224
v 0.77855259 3.45924282 0.61006880
v 0.75677788 3.45714474 0.64623851
v 0.77903157 3.46140361 0.64334804
v 0.69722909 3.47491956 0.64687866
v -0.50342208 3.58096313 0.65727663
v 0.71869504 3.71955109 0.63068718
v -0.48195618 3.82559466 0.64108515
v 0.75104564 3.59341574 0.63818944
v -0.53577906 3.70707011 0.64933366
v 0.69665742 3.47234154 0.60716659
v -0.50399369 3.57838488 0.61756456
v 0.71812344 3.71697283 0.59097517
v -0.48252776 3.82301641 0.60137308
v 0.75048041 3.59086609 0.59891808
v -0.53634441 3.70452046 0.61006230
v 0.75080508 3.44335032 0.51424551
v -0.49293643 3.55528331 0.51884395
v 0.75230092 3.45289803 0.68643606
v -0.49144056 3.56483078 0.69103450
v 0.12833031 3.48564482 0.68598235
v 0.12690473 3.47654581 0.52188355
v 0.26030412 3.51322317 0.68330669
v 0.25887856 3.50412416 0.51920789
v -0.52148598 3.57804108 0.60419655
v -0.52483523 3.54074121 0.60629386
v 0.78358454 3.46058869 0.59937137
v 0.78023529 3.42328882 0.60146862
v 0.12894253 3.49946666 0.51512825
v 0.71665233 3.42428803 0.51603180
v 0.71998477 3.46140194 0.51394498
v 0.77951992 3.45539093 0.51779801
v 0.77634406 3.42002130 0.51978678
v -0.46272385 3.53042817 0.52039230
v -0.45939139 3.56754208 0.51830542
v -0.51901323 3.57225490 0.52259904
v -0.52218908 3.53688550 0.52458775
v 0.13046280 3.50916982 0.69012612
v 0.71814066 3.43378782 0.68735975
v 0.72147316 3.47090173 0.68527293
v 0.78093833 3.46444464 0.68107742
v 0.77776253 3.42907500 0.68306619
v -0.46123546 3.53992796 0.69172025
v -0.45790303 3.57704186 0.68963343
v -0.51759475 3.58130860 0.68587846
v -0.52077055 3.54593897 0.68786722
v 0.12758885 3.48077631 0.60395092
v -0.49046341 3.54119444 0.68401843
v 0.74706787 3.42982030 0.67944294
v -0.49181518 3.53256655 0.52841192
v 0.74571609 3.42119217 0.52383649
v 0.26171434 3.50880432 0.60123163
v -0.48696679 3.58013773 0.68182874
v 0.75056446 3.46876359 0.67725325
v -0.48831853 3.57150960 0.52622229
v 0.74921274 3.46013546 0.52164680
v -0.53347129 3.56400180 0.60507911
v 0.79287660 3.44463444 0.60017532
v 0.71138710 3.44661927 0.51333851
v 0.73710990 3.42360091 0.51533842
v 0.74023128 3.45836401 0.51338381
v 0.76949221 3.45500588 0.51507926
v 0.76651758 3.42187643 0.51694208
v -0.45357597 3.55146241 0.51764566
v -0.48297995 3.53340530 0.51984942
v -0.47985861 3.56816816 0.51789480
v -0.50923574 3.57008743 0.51980710
v -0.51221037 3.53695822 0.52166986
v 0.71290141 3.45628500 0.68765873
v 0.73860794 3.43316174 0.68777043
v 0.74172932 3.46792459 0.68581581
v 0.77095962 3.46437168 0.68399537
v 0.76798499 3.43124247 0.68585813
v -0.45206159 3.56112790 0.69196588
v -0.48148191 3.54296613 0.69228142
v -0.47836059 3.57772899 0.69032675
v -0.50776827 3.57945347 0.68872315
v -0.51074290 3.54632401 0.69058591
v 0.68072152 3.43643618 0.68622732
v -0.42395392 3.53585362 0.69031161
v 0.12826341 3.48511434 0.68079895
v -0.45125929 3.53769064 0.68656641
v 0.70788783 3.43337107 0.68228078
v 0.67925584 3.42708135 0.51751244
v -0.42541960 3.52649879 0.52159673
v 0.12692814 3.47659206 0.52709419
v -0.45265779 3.52876472 0.52558827
v 0.70648938 3.42444515 0.52130258
v 0.68416893 3.47483110 0.68406850
v -0.42050651 3.57424855 0.68815279
v 0.26186955 3.51303387 0.67809021
v -0.44774005 3.57688475 0.68436265
v 0.71140712 3.47256517 0.68007696
v 0.68270326 3.46547627 0.51535356
v -0.42197219 3.56489372 0.51943791
v 0.26053429 3.50451136 0.52438545
v -0.44913852 3.56795883 0.52338445
v 0.71000862 3.46363926 0.51909876
v -0.52309734 3.57352877 0.52775115
v -0.52176863 3.58200884 0.68068862
v -0.50839686 3.58148980 0.67699641
v -0.50966305 3.57340837 0.53124595
v -0.52966273 3.57758617 0.60429281
v -0.52638268 3.53693819 0.52980858
v -0.52505404 3.54541826 0.68274599
v -0.51184016 3.54314041 0.67915273
v -0.51310641 3.53505898 0.53340220
v -0.53279984 3.54264879 0.60625726
v 0.78380334 3.45591164 0.52291924
v 0.78513199 3.46439195 0.67585665
v 0.77185565 3.46627092 0.67226303
v 0.77058947 3.45818949 0.52651250
v 0.79154909 3.45868134 0.59940791
v 0.78051794 3.41932106 0.52497661
v 0.78184658 3.42780113 0.67791402
v 0.76841235 3.42792153 0.67441928
v 0.76714617 3.41984010 0.52866876
v 0.78841209 3.42374372 0.60137242
v 0.68002236 3.42867112 0.51470560
v 0.68314719 3.46347380 0.51274878
v -0.42591056 3.52820158 0.51879460
v -0.42278570 3.56300426 0.51683772
v 0.75585485 3.42113733 0.51724458
v 0.12695213 3.47724104 0.51778638
v 0.73576844 3.42211199 0.51868838
v 0.75913370 3.45765567 0.51519126
v 0.25272560 3.50352359 0.51523644
v 0.73920894 3.46043038 0.51653385
v 0.78151691 3.44098401 0.51816756
v 0.76922035 3.45757580 0.51908076
v 0.79005283 3.45361876 0.52290475
v 0.76583356 3.41985703 0.52120161
v 0.78707492 3.42045164 0.52476966
v -0.50184894 3.53432703 0.52189463
v -0.48190129 3.53169847 0.52319044
v -0.49857005 3.57084513 0.51984131
v -0.47846073 3.57001686 0.52103585
v -0.52354771 3.55843592 0.52299273
v -0.50848007 3.57256460 0.52380472
v -0.52965575 3.57238865 0.52778405
v -0.51186675 3.53484607 0.52592558
v -0.53263372 3.53922153 0.52964896
v 0.68153507 3.43832564 0.68882751
v 0.68465984 3.47312832 0.68687063
v -0.42439792 3.53785610 0.69291645
v -0.42127308 3.57265878 0.69095957
v 0.75731939 3.43048477 0.68582392
v 0.12844801 3.48678827 0.68997616
v 0.73721004 3.43131304 0.68462932
v 0.76059824 3.46700287 0.68377060
v 0.25422150 3.51307106 0.68742621
v 0.74065053 3.46963143 0.68247479
v 0.78294259 3.45008302 0.68226826
v 0.77061605 3.46648383 0.67973965
v 0.79138297 3.46210837 0.67601627
v 0.76722926 3.42876530 0.68186045
v 0.78840506 3.42894125 0.67788118
v -0.50038445 3.54367423 0.69047397
v -0.48045969 3.54089952 0.68913138
v -0.49710557 3.58019257 0.68842059
v -0.47701910 3.57921815 0.68697685
v -0.52212209 3.56753492 0.68709344
v -0.50708425 3.58147287 0.68446362
v -0.52832556 3.58087826 0.68089557
v -0.51047105 3.54375410 0.68658447
v -0.53130347 3.54771113 0.68276048
v -0.45200160 3.53714037 0.67904878
v 0.70846486 3.43270183 0.67475826
v -0.45326927 3.52904963 0.53313237
v 0.70719719 3.42461133 0.52884185
v -0.49426046 3.53706264 0.60623217
v 0.74949557 3.42512822 0.60163373
v -0.44844797 3.57671857 0.67682338
v 0.71201861 3.47228026 0.67253280
v -0.44971555 3.56862807 0.53090698
v 0.71075094 3.46418953 0.52661645
v -0.49074623 3.57620168 0.60403150
v 0.75300980 3.46426749 0.59943300
v 0.64629793 3.16936469 0.43726546
v -0.53826112 3.24005198 0.44350410
v 0.64693177 3.17090368 0.54016900
v -0.53762734 3.24159098 0.54640764
v 0.05326190 3.18313098 0.54122412
v 0.05265788 3.18166423 0.44315630
v 0.17794988 3.21511388 0.53997785
v 0.17734586 3.21364737 0.44191003
v -0.56623894 3.25784492 0.49487555
v -0.56847000 3.22040701 0.49544924
v 0.67673081 3.18367219 0.48832923
v 0.67449981 3.14623427 0.48890293
v 0.05402686 3.20492411 0.43954247
v 0.61433351 3.14913392 0.43802273
v 0.61655331 3.18638492 0.43745190
v 0.67325944 3.18215966 0.43957138
v 0.67114383 3.14665914 0.44011539
v -0.50892305 3.21616316 0.44393849
v -0.50670320 3.25341415 0.44336766
v -0.56348401 3.25596070 0.44608492
v -0.56559956 3.22046018 0.44662893
v 0.05467100 3.20648837 0.54412365
v 0.61496401 3.15066504 0.54041076
v 0.61718386 3.18791604 0.53983998
v 0.67386037 3.18361902 0.53714955
v 0.67174488 3.14811826 0.53769356
v -0.50829250 3.21769428 0.54632658
v -0.50607270 3.25494528 0.54575574
v -0.56288302 3.25742006 0.54366308
v -0.56499863 3.22191978 0.54420704
v 0.05294081 3.18207717 0.49219513
v -0.53606999 3.21835852 0.54178876
v 0.64257425 3.14802432 0.53558129
v -0.53664273 3.21696758 0.44879615
v 0.64200157 3.14663339 0.44258863
v 0.17966165 3.21458197 0.49092847
v -0.53374076 3.25744581 0.54118985
v 0.64490366 3.18711162 0.53498232
v -0.53431344 3.25605488 0.44819719
v 0.64433086 3.18572068 0.44198966
v -0.57726842 3.24339724 0.49515957
v 0.68596631 3.16801524 0.48850656
v 0.60876602 3.17137599 0.43683004
v 0.63378984 3.14915180 0.43757266
v 0.63586909 3.18404317 0.43703794
v 0.66375065 3.18157268 0.43795407
v 0.66176903 3.14832091 0.43846357
v -0.50076306 3.23758602 0.44267350
v -0.52824295 3.21849465 0.44369262
v -0.52616364 3.25338626 0.44315803
v -0.55412996 3.25424862 0.44436824
v -0.55611157 3.22099662 0.44487774
v 0.60940772 3.17293429 0.54100627
v 0.63442451 3.15069294 0.54062045
v 0.63650376 3.18558455 0.54008579
v 0.66437238 3.18308258 0.53890073
v 0.66239083 3.14983058 0.53941023
v -0.50012141 3.23914409 0.54684973
v -0.52760822 3.22003603 0.54674047
v -0.52552897 3.25492740 0.54620582
v -0.55350822 3.25575829 0.54531491
v -0.55548984 3.22250628 0.54582441
v 0.57934785 3.15213323 0.53982717
v -0.47276258 3.21491694 0.54536825
v 0.05322829 3.18284154 0.53812200
v -0.49874049 3.21602917 0.54319924
v 0.60524940 3.15014982 0.53738493
v 0.57872683 3.15062547 0.43900073
v -0.47338352 3.21340895 0.44454181
v 0.05266254 3.18146777 0.44626582
v -0.49933299 3.21459031 0.44699633
v 0.60465693 3.14871097 0.44118202
v 0.58164442 3.19067025 0.53923666
v -0.47046602 3.25345373 0.54477775
v 0.17945844 3.21522021 0.53686029
v -0.49639612 3.25536823 0.54259640
v 0.60759377 3.18948889 0.53678209
v 0.58102345 3.18916225 0.43841022
v -0.47108701 3.25194597 0.44395125
v 0.17889269 3.21384645 0.44500411
v -0.49698859 3.25392938 0.44639355
v 0.60700130 3.18805003 0.44057924
v -0.56741315 3.25685763 0.44918680
v -0.56685024 3.25822449 0.54058439
v -0.55412090 3.25831771 0.53835654
v -0.55465728 3.25701499 0.45125395
v -0.57399625 3.25711799 0.49493420
v -0.56960177 3.22013164 0.44974959
v -0.56903887 3.22149849 0.54114717
v -0.55641460 3.21982670 0.53894633
v -0.55695105 3.21852374 0.45184374
v -0.57608604 3.22205138 0.49547154
v 0.67729968 3.18258071 0.44263130
v 0.67786258 3.18394756 0.53402895
v 0.66521192 3.18555546 0.53193474
v 0.66467541 3.18425250 0.44483215
v 0.68434685 3.18202782 0.48830694
v 0.67511106 3.14585471 0.44319409
v 0.67567402 3.14722157 0.53459167
v 0.66291815 3.14706421 0.53252453
v 0.66238171 3.14576149 0.44542193
v 0.68225712 3.14696121 0.48884428
v 0.57942307 3.15236831 0.43735433
v 0.58150476 3.18729973 0.43681902
v -0.47388491 3.21522331 0.44290173
v -0.47180322 3.25015473 0.44236642
v 0.65165651 3.14721918 0.43864298
v 0.05269800 3.18255091 0.44072449
v 0.63254303 3.14746523 0.43954563
v 0.65384078 3.18387246 0.43808132
v 0.17152791 3.21303129 0.43953681
v 0.63483489 3.18592525 0.43895626
v 0.67552549 3.16782784 0.43952638
v 0.66341388 3.18394208 0.44038862
v 0.68329614 3.18049765 0.44257349
v 0.66115773 3.14608383 0.44096875
v 0.68131238 3.14720798 0.44308358
v -0.54620039 3.21869993 0.44495171
v -0.52718490 3.21667075 0.44565350
v -0.54401618 3.25535321 0.44439006
v -0.52489299 3.25513101 0.44506413
v -0.56743866 3.24200034 0.44607258
v -0.55348819 3.25655937 0.44679761
v -0.57361501 3.25550270 0.44919318
v -0.55574435 3.21870112 0.44737774
v -0.57559878 3.22221279 0.44970334
v 0.58006406 3.15392447 0.54141206
v 0.58214575 3.18885589 0.54087675
v -0.47324395 3.21677947 0.54695946
v -0.47116226 3.25171089 0.54642415
v 0.65227699 3.14872599 0.53938842
v 0.05333179 3.18408990 0.54362762
v 0.63315380 3.14894819 0.53871435
v 0.65446121 3.18537927 0.53882676
v 0.17216170 3.21457052 0.54243982
v 0.63544583 3.18740845 0.53812498
v 0.67612946 3.16929460 0.53759527
v 0.66400516 3.18537807 0.53640074
v 0.68385971 3.18186641 0.53407514
v 0.66174901 3.14751983 0.53698081
v 0.68187588 3.14857650 0.53458530
v -0.54557997 3.22020674 0.54569715
v -0.52657408 3.21815395 0.54482216
v -0.54339570 3.25686002 0.54513544
v -0.52428222 3.25661397 0.54423285
v -0.56683469 3.24346709 0.54414159
v -0.55289692 3.25799537 0.54280972
v -0.57305157 3.25687122 0.54069489
v -0.55515307 3.22013712 0.54338980
v -0.57503533 3.22358131 0.54120493
v -0.49940801 3.21580648 0.53870493
v 0.60583866 3.14985228 0.53288400
v -0.49994507 3.21450233 0.45150322
v 0.60530162 3.14854789 0.44568229
v -0.53932649 3.21774173 0.49530959
v 0.64524633 3.14705372 0.48907083
v -0.49704075 3.25553131 0.53809619
v 0.60820585 3.18957663 0.53227526
v -0.49757779 3.25422692 0.45089447
v 0.60766888 3.18827271 0.44507354
v -0.53698552 3.25702548 0.49470764
v 0.64758730 3.18633747 0.48846889
v -0.56790990 3.86954021 0.83970135
v 0.68482780 3.78425097 0.80417246
v -0.57474238 3.85018754 0.64524752
v 0.67799538 3.76489830 0.60971862
v 0.05029039 3.78504086 0.63438934
v 0.05680179 3.80348396 0.81970525
v -0.07655094 3.83292389 0.63408071
v -0.07003955 3.85136700 0.81939662
v 0.71328878 3.78767061 0.70452213
v 0.71086109 3.75043297 0.70831341
v -0.60122150 3.87716556 0.74180293
v -0.60364932 3.83992791 0.74559426
v 0.05852949 3.82728052 0.82349896
v -0.53694242 3.84533882 0.84052938
v -0.53452682 3.88239074 0.83675700
v -0.59475267 3.88515329 0.83400297
v -0.59705472 3.84984279 0.83759809
v 0.65096456 3.76446366 0.80683911
v 0.65338016 3.80151534 0.80306673
v 0.71317315 3.79610682 0.79690886
v 0.71087110 3.76079655 0.80050397
v 0.05158563 3.80761218 0.62587482
v -0.54374057 3.82608318 0.64704961
v -0.54132497 3.86313510 0.64327723
v -0.60123152 3.86680222 0.64961243
v -0.60353357 3.83149171 0.65320748
v 0.64416629 3.74520802 0.61335939
v 0.64658189 3.78225970 0.60958695
v 0.70669430 3.77775574 0.61251831
v 0.70439214 3.74244523 0.61611336
v 0.05352532 3.79394388 0.72707975
v 0.67370659 3.74318433 0.62149882
v -0.57277614 3.82804751 0.65685034
v 0.67988104 3.76067281 0.79722440
v -0.56660175 3.84553623 0.83257586
v -0.07538398 3.84260726 0.72676605
v 0.67624116 3.78206253 0.61754048
v -0.57024145 3.86692572 0.65289199
v 0.68241566 3.79955101 0.79326606
v -0.56406707 3.88441420 0.82861757
v 0.72302842 3.77196932 0.70574254
v -0.61291337 3.86292338 0.74363118
v -0.52820766 3.86674213 0.83980072
v -0.55734807 3.84797049 0.84161478
v -0.55508542 3.88267517 0.83808136
v -0.58473951 3.88367295 0.83701664
v -0.58689576 3.85059881 0.84038401
v 0.64518183 3.78685498 0.80652225
v 0.67156708 3.76430321 0.80676150
v 0.67382967 3.79900789 0.80322814
v 0.70323783 3.79598427 0.80048835
v 0.70108157 3.76291037 0.80385572
v -0.53512472 3.84715009 0.64294183
v -0.56419015 3.82859063 0.64688826
v -0.56192750 3.86329556 0.64335483
v -0.59144205 3.86468816 0.64626068
v -0.59359831 3.83161426 0.64962804
v 0.63826483 3.76726317 0.60966337
v 0.66472495 3.74492335 0.61203504
v 0.66698760 3.77962804 0.60850161
v 0.69653529 3.77699971 0.60973233
v 0.69437909 3.74392581 0.61309975
v -0.50610983 3.82302928 0.64752322
v 0.60655588 3.74727654 0.61596692
v 0.05048086 3.78538322 0.64028293
v 0.63411629 3.74544477 0.61959797
v -0.53341532 3.82493281 0.65271038
v -0.49941531 3.84199119 0.83805203
v 0.61325055 3.76623845 0.80649579
v 0.05657982 3.80265832 0.81386089
v 0.64050382 3.76353717 0.80138981
v -0.52702773 3.84302521 0.83450222
v -0.50361097 3.86136007 0.64362061
v 0.60905486 3.78560734 0.61206430
v -0.07792930 3.83385849 0.63997042
v 0.63666725 3.78457332 0.61561418
v -0.53086436 3.86406136 0.64872652
v -0.49691635 3.88032198 0.83414948
v 0.61574942 3.80456924 0.80259311
v -0.07183031 3.85113335 0.81354845
v 0.64305484 3.80266571 0.79740602
v -0.52447677 3.88215375 0.83051836
v 0.71722168 3.79584837 0.79088771
v 0.71115315 3.77865934 0.61817634
v 0.69793254 3.78085470 0.62252563
v 0.70371598 3.79723597 0.78712088
v 0.72134101 3.78593779 0.70441163
v 0.71484011 3.75931883 0.79460692
v 0.70877165 3.74213004 0.62189555
v 0.69543654 3.74256968 0.62642360
v 0.70121992 3.75895071 0.79101884
v 0.71906716 3.75105882 0.70796281
v -0.59913206 3.88546872 0.82822084
v -0.60520059 3.86827970 0.65550941
v -0.59158045 3.86864781 0.65909749
v -0.58579707 3.88502884 0.82369280
v -0.60942757 3.87653971 0.74215353
v -0.60151362 3.84893918 0.83194005
v -0.60758209 3.83175039 0.65922862
v -0.59407645 3.83036256 0.66299546
v -0.58829314 3.84674382 0.82759070
v -0.61170155 3.84166074 0.74570471
v -0.49982452 3.84413147 0.84094048
v -0.49755928 3.87887573 0.83740306
v 0.61410797 3.76829243 0.80934823
v 0.61637318 3.80303669 0.80581081
v -0.57642466 3.84816742 0.84006584
v 0.05702215 3.80485654 0.82418036
v -0.55637372 3.84574795 0.83809578
v -0.57404786 3.88462448 0.83635402
v -0.06385997 3.85048985 0.82388616
v -0.55387974 3.88400245 0.83420098
v -0.59894288 3.87135673 0.83599222
v -0.58423650 3.88546419 0.83210635
v -0.60569036 3.88420868 0.82867610
v -0.58669150 3.84780860 0.83594024
v -0.60784906 3.85109687 0.83204728
v 0.69037652 3.76192069 0.80413806
v 0.67010379 3.76224661 0.80331171
v 0.69275337 3.79837775 0.80042624
v 0.67259777 3.80050087 0.79941684
v 0.71556175 3.78186250 0.79871154
v 0.70270586 3.79784656 0.79560739
v 0.72356397 3.79370975 0.79097712
v 0.70025086 3.76019096 0.79944122
v 0.72140527 3.76059842 0.79434836
v -0.50673366 3.82456183 0.64430559
v -0.50446850 3.85930610 0.64076811
v 0.60719883 3.74872279 0.61271334
v 0.60946405 3.78346729 0.60917586
v -0.58311385 3.82922077 0.64969009
v 0.05018971 3.78550410 0.62972736
v -0.56295830 3.82709765 0.65069950
v -0.58073699 3.86567783 0.64597827
v -0.07069240 3.83113742 0.62943321
v -0.56046432 3.86535215 0.64680469
v -0.60545433 3.85291338 0.65067416
v -0.59061140 3.86740780 0.65067512
v -0.61176568 3.86700034 0.65576804
v -0.59306633 3.82975221 0.65450895
v -0.61392444 3.83388877 0.65913928
v 0.68368739 3.74297404 0.61376238
v 0.66351926 3.74359632 0.61591542
v 0.68606424 3.77943110 0.61005056
v 0.66601324 3.78185058 0.61202055
v 0.70905036 3.76341891 0.61339349
v 0.69633102 3.77978992 0.61417615
v 0.71748859 3.77650166 0.61806905
v 0.69387603 3.74213433 0.61800998
v 0.71532989 3.74338984 0.62144029
v 0.63506716 3.74605417 0.62810332
v -0.53379345 3.82563281 0.66125333
v 0.64085710 3.76245379 0.79288590
v -0.52800357 3.84203243 0.82603598
v 0.67992234 3.75161743 0.70928264
v -0.57283020 3.83690763 0.74481195
v 0.63764310 3.78556609 0.62408042
v -0.53121752 3.86514473 0.65723050
v 0.64343303 3.80196595 0.78886306
v -0.52542758 3.88154459 0.82201308
v 0.68246973 3.79069114 0.70530444
v -0.57028288 3.87598133 0.74083370
v -0.58548105 4.17798805 0.74620593
v 0.79545569 4.01655912 0.72242326
v -0.62188506 3.86882162 0.73093015
v 0.75905162 3.70739269 0.70714748
v 0.06969943 3.79419971 0.74249053
v 0.10439271 4.08883762 0.75704843
v -0.07337411 3.81286716 0.70564169
v -0.03868083 4.10750532 0.72019953
v 0.81112808 3.85877180 0.69891006
v 0.81155097 3.85687113 0.73636824
v -0.63790268 4.02816057 0.72386545
v -0.63747978 4.02625990 0.76132357
v 0.10528152 4.09980536 0.73421061
v -0.54959029 4.17191648 0.76762795
v -0.55001104 4.17380762 0.73035681
v -0.61700243 4.17427015 0.73201483
v -0.61660141 4.17246819 0.76753449
v 0.75988102 4.01884174 0.74507606
v 0.75946021 4.02073288 0.70780492
v 0.82476974 4.00573015 0.70718437
v 0.82517081 4.00392771 0.74270409
v 0.06828398 3.78559852 0.71868581
v -0.58581191 3.86429858 0.75242877
v -0.58623272 3.86618972 0.71515763
v -0.65152246 3.88110375 0.71752965
v -0.65112150 3.87930155 0.75304931
v 0.72365946 3.71122408 0.72987688
v 0.72323859 3.71311522 0.69260573
v 0.79024976 3.71256351 0.69269925
v 0.79065078 3.71076107 0.72821891
v 0.08704968 3.94150257 0.75008988
v 0.75761664 3.72151732 0.73093683
v -0.61642474 3.88214016 0.75460076
v 0.79051459 4.00090742 0.74474132
v -0.58352685 4.16153002 0.76840520
v -0.05835646 3.96047425 0.71264023
v 0.75717509 3.72350168 0.69182843
v -0.61686629 3.88412452 0.71549237
v 0.79007304 4.00289154 0.70563293
v -0.58396840 4.16351461 0.72929686
v 0.82311028 3.85662675 0.71376705
v -0.64954489 4.02877712 0.73912936
v -0.54151922 4.17477608 0.74576509
v -0.57208920 4.17560959 0.76688582
v -0.57248336 4.17738056 0.73197544
v -0.60539895 4.17798853 0.73320037
v -0.60502326 4.17630053 0.76647019
v 0.75194901 4.02357244 0.72348881
v 0.78258675 4.01725101 0.74355543
v 0.78219259 4.01902199 0.70864499
v 0.81438333 4.01201820 0.70874870
v 0.81475902 4.01033020 0.74201858
v -0.57837355 3.86178613 0.73030043
v -0.60854423 3.86600971 0.75158870
v -0.60893846 3.86778116 0.71667826
v -0.64111072 3.87470126 0.71821511
v -0.64073509 3.87301302 0.75148499
v 0.71509469 3.71058226 0.70802414
v 0.74613160 3.70765090 0.72825825
v 0.74573743 3.70942187 0.69334787
v 0.77867162 3.70873141 0.69376343
v 0.77904719 3.70704317 0.72703332
v -0.54405802 3.86176419 0.75247383
v 0.68247241 3.71838522 0.73135030
v 0.07080090 3.80351853 0.74319464
v 0.71353495 3.72177529 0.73157400
v -0.57347578 3.87222433 0.75373906
v -0.50838876 4.16469002 0.76744115
v 0.71814167 4.02131081 0.74631768
v 0.10329672 4.07949400 0.75683039
v 0.74756849 4.01080990 0.74585503
v -0.53944218 4.16125917 0.76802003
v -0.54449344 3.86372066 0.71391600
v 0.68203712 3.72034168 0.69279248
v -0.07404220 3.82241702 0.70589006
v 0.71309048 3.72377229 0.69221359
v -0.57392025 3.87422156 0.71437871
v -0.50882417 4.16664648 0.72888333
v 0.71770632 4.02326727 0.70775992
v -0.04154638 4.09839249 0.71952581
v 0.74712402 4.01280737 0.70649463
v -0.53988665 4.16325617 0.72865975
v 0.82831490 3.99593377 0.70603257
v 0.79598129 3.72133613 0.69246483
v 0.78193724 3.72956228 0.69215542
v 0.81275129 3.99125576 0.70508552
v 0.82010245 3.85766387 0.69994205
v 0.82872975 3.99406910 0.74277842
v 0.79639614 3.71947145 0.72921073
v 0.78237206 3.72760820 0.73066729
v 0.81318617 3.98930168 0.74359745
v 0.82049865 3.85588384 0.73502761
v -0.62274790 4.16555977 0.73102301
v -0.65508139 3.89096260 0.71745527
v -0.63953787 3.89573002 0.71663624
v -0.60872382 4.15742350 0.72956640
v -0.64685029 4.02914810 0.72520608
v -0.62233299 4.16369581 0.76776880
v -0.65466654 3.88909793 0.75420111
v -0.63910306 3.89377594 0.75514817
v -0.60828900 4.15546942 0.76807827
v -0.64645416 4.02736759 0.76029170
v -0.50853562 4.16971731 0.76588923
v -0.50893027 4.17149067 0.73093909
v 0.71939099 4.02617502 0.74474168
v 0.71899629 4.02794838 0.70979148
v -0.59336817 4.17454720 0.76795584
v 0.10523757 4.09614801 0.75648397
v -0.57141179 4.16953468 0.76836002
v -0.59378219 4.17640781 0.73128289
v -0.03111410 4.11393881 0.72136635
v -0.57184631 4.17148733 0.72987908
v -0.62038195 4.17471361 0.74626374
v -0.60572737 4.17062569 0.73051989
v -0.62982053 4.16646004 0.73287225
v -0.60529971 4.16870403 0.76839852
v -0.62944442 4.16477060 0.76617992
v 0.80307102 4.01130629 0.74390620
v 0.78057730 4.01148987 0.74507594
v 0.80265695 4.01316690 0.70723325
v 0.78014278 4.01344204 0.70659494
v 0.82864243 4.00532579 0.72130847
v 0.81291407 4.00478935 0.70608783
v 0.83546305 3.99517155 0.70763689
v 0.81334168 4.00286722 0.74396658
v 0.83583915 3.99348140 0.74094462
v -0.54534805 3.85708332 0.75044215
v -0.54574269 3.85885644 0.71549201
v 0.68257856 3.71354103 0.72929466
v 0.68218392 3.71531415 0.69434446
v -0.62900865 3.87186480 0.75300050
v 0.06883372 3.78698301 0.74120831
v -0.60649449 3.87158942 0.75363874
v -0.62942278 3.87372565 0.71632749
v -0.06751797 3.80477333 0.70609069
v -0.60692900 3.87354183 0.71515781
v -0.65507561 3.88007236 0.73170573
v -0.63969344 3.88216424 0.71626717
v -0.66219091 3.89155006 0.71928906
v -0.63926584 3.88024235 0.75414586
v -0.66181475 3.88986015 0.75259680
v 0.76743054 3.70862365 0.72895080
v 0.74549454 3.71354461 0.73035461
v 0.76701641 3.71048427 0.69227785
v 0.74506003 3.71549678 0.69187367
v 0.79394871 3.71068430 0.70675045
v 0.77894801 3.71632791 0.69183511
v 0.80309266 3.72026134 0.69405371
v 0.77937567 3.71440601 0.72971380
v 0.80346882 3.71857142 0.72736150
v 0.71586180 3.73520160 0.73242229
v -0.57261401 3.88582182 0.75461268
v 0.74671102 3.99719310 0.74536717
v -0.54176474 4.14781332 0.76755744
v 0.77752244 3.86080313 0.73787791
v -0.60343033 4.02223396 0.76166081
v 0.71541303 3.73721814 0.69267625
v -0.57306278 3.88783860 0.71486652
v 0.74626225 3.99920964 0.70562106
v -0.54221350 4.14982986 0.72781140
v 0.77707863 3.86279750 0.69857281
v -0.60387415 4.02422857 0.72235578
v 0.84567177 3.49127054 0.56959301
v 0.93176913 5.44333458 1.40248251
v 0.79416406 3.33453798 0.94225472
v 0.88026148 5.28660202 1.77514434
v 0.81550366 4.31625557 1.34761798
v 0.86459088 4.46562290 0.99246860
v 0.84562117 4.11122799 1.26555097
v 0.89470840 4.26059484 0.91040176
v 0.92331213 5.41177034 1.61088800
v 0.88613528 5.41501951 1.60711610
v 0.83296937 3.36344981 0.73692846
v 0.79579246 3.36669898 0.73315656
v 0.88936710 4.46856022 0.98302293
v 0.82586062 3.54330373 0.58985496
v 0.86285192 3.54007077 0.59360814
v 0.85665470 3.44297481 0.56233186
v 0.82140177 3.44605565 0.55875510
v 0.90750235 5.39434528 1.37964141
v 0.94449365 5.39111280 1.38339448
v 0.94654506 5.48103476 1.43191338
v 0.91129208 5.48411560 1.42833662
v 0.83701968 4.30927277 1.36176038
v 0.77461094 3.38735652 0.96064997
v 0.81160223 3.38412356 0.96440303
v 0.80781257 3.29435349 0.91570783
v 0.77255958 3.29743457 0.91213107
v 0.85625261 5.23839855 1.75043631
v 0.89324397 5.23516560 1.75418949
v 0.89770287 5.33241320 1.78528953
v 0.86244994 5.33549452 1.78171253
v 0.83972925 4.39096689 1.17001104
v 0.85970533 5.29127073 1.75280356
v 0.77403778 3.34895372 0.92407262
v 0.90625215 5.43290758 1.41603374
v 0.82058465 3.49059081 0.58730280
v 0.87033784 4.18259668 1.08660614
v 0.89851993 5.28787851 1.75674176
v 0.81285244 3.34556150 0.92801076
v 0.94506681 5.42951536 1.41997182
v 0.85939932 3.48719859 0.59124088
v 0.90910125 5.42977381 1.61649573
v 0.81728554 3.34805870 0.72828764
v 0.84850073 3.55408025 0.59364408
v 0.82578808 3.51175356 0.57514703
v 0.86043638 3.50872540 0.57866240
v 0.85706681 3.46117973 0.56275040
v 0.82404673 3.46406555 0.55940026
v 0.92914468 5.38250065 1.37377846
v 0.91024822 5.42669582 1.39219785
v 0.94489652 5.42366791 1.39571321
v 0.94558614 5.46815586 1.41906917
v 0.91256607 5.47104120 1.41571903
v 0.79635602 3.39540958 0.97091496
v 0.77420813 3.35480118 0.94833136
v 0.80885643 3.35177350 0.95184672
v 0.80653852 3.30742788 0.92832541
v 0.77351850 3.31031346 0.92497528
v 0.87699997 5.22383022 1.75104928
v 0.85866827 5.26974392 1.76538205
v 0.89331651 5.26671600 1.76889753
v 0.89505792 5.31440353 1.78464413
v 0.86203778 5.31728935 1.78129411
v 0.77694887 3.44722319 0.98276973
v 0.85341942 5.18102217 1.72253180
v 0.81681705 4.32100725 1.33634579
v 0.85606366 5.22732449 1.73235822
v 0.77582228 3.40803218 0.95611846
v 0.82741690 3.60079169 0.61763006
v 0.90388745 5.33459044 1.35739207
v 0.86279500 4.46091366 1.00369167
v 0.90421748 5.37385130 1.38396251
v 0.82397610 3.55455875 0.60772282
v 0.81521714 3.44387865 0.98665243
v 0.89168769 5.17767763 1.72641444
v 0.84730697 4.11344337 1.25326395
v 0.89512849 5.22391033 1.73632157
v 0.81488717 3.40461826 0.96008193
v 0.86568522 3.59744716 0.62151277
v 0.94215578 5.33124638 1.36127472
v 0.89328510 4.25334978 0.92060983
v 0.94328231 5.37043715 1.38792598
v 0.86304092 3.55114460 0.61168635
v 0.94589627 5.48284149 1.44596803
v 0.90014780 5.34363365 1.77696145
v 0.90117675 5.32591581 1.76035070
v 0.94477540 5.45858192 1.44491160
v 0.92269349 5.42454004 1.61617327
v 0.90942639 5.48602819 1.44226789
v 0.86367786 5.34682083 1.77326131
v 0.86295402 5.32925653 1.75647271
v 0.90655273 5.46192217 1.44103348
v 0.88787138 5.42758369 1.61264002
v 0.85542679 3.43164825 0.57078320
v 0.80967826 3.29244089 0.90177655
v 0.81255192 3.31654716 0.90301096
v 0.85615051 3.44921303 0.58757180
v 0.83123326 3.35088563 0.73140436
v 0.81895685 3.43483567 0.56708294
v 0.77320832 3.29562783 0.89807642
v 0.77432925 3.31988764 0.89913297
v 0.81792790 3.45255351 0.58369380
v 0.79641110 3.35392904 0.72787136
v 0.82997233 3.60210943 0.61153972
v 0.86466002 3.59907770 0.61505914
v 0.90652996 5.33788157 1.35214365
v 0.94121772 5.33485031 1.35566318
v 0.82303536 3.48055863 0.56663287
v 0.86671740 4.46922493 0.98380619
v 0.82312912 3.51085329 0.58280158
v 0.85943288 3.47737765 0.57032573
v 0.89541996 4.27382946 0.90559494
v 0.86132115 3.50751543 0.58667648
v 0.84250760 3.43945026 0.55783135
v 0.85815448 3.45802832 0.57226181
v 0.85330331 3.42182565 0.56613320
v 0.82056022 3.46131396 0.56844747
v 0.82024568 3.42471480 0.56277919
v 0.91009921 5.45453691 1.40887260
v 0.90742177 5.42199755 1.39823174
v 0.94649684 5.45135593 1.41256535
v 0.94561368 5.41865969 1.40210664
v 0.93285006 5.48776150 1.43178678
v 0.94660264 5.46339130 1.42789245
v 0.94465947 5.49312019 1.44989514
v 0.90900838 5.46667671 1.42407823
v 0.91160184 5.49600983 1.44654119
v 0.77788693 3.44361925 0.98838139
v 0.81257463 3.44058752 0.99190080
v 0.85444450 5.17939138 1.72898531
v 0.88913232 5.17635965 1.73250484
v 0.77260780 3.32711339 0.93147910
v 0.81520987 4.31249332 1.35646629
v 0.77349091 3.35980940 0.94193780
v 0.80900544 3.32393241 0.93517196
v 0.84391248 4.11709785 1.27825511
v 0.81168288 3.35647154 0.94581270
v 0.79341984 3.29008150 0.91298473
v 0.81009620 3.31179261 0.91996634
v 0.80750275 3.28245950 0.89750338
v 0.77250195 3.31507802 0.91615206
v 0.77444506 3.28534865 0.89414936
v 0.85967171 5.30109119 1.77371883
v 0.85778350 5.27095366 1.75736809
v 0.89606929 5.29791069 1.77741170
v 0.89597541 5.26761627 1.76124299
v 0.88376224 5.33839273 1.78694022
v 0.89854443 5.31715536 1.77559698
v 0.89885890 5.35375452 1.78126526
v 0.86095017 5.32044077 1.77178264
v 0.86580122 5.35664368 1.77791142
v 0.85817069 5.23523188 1.71648180
v 0.77783799 3.41386843 0.93935847
v 0.90181905 5.36804819 1.40068364
v 0.82148623 3.54668498 0.62356037
v 0.88309652 5.36698294 1.58649278
v 0.79699820 3.41489577 0.75359362
v 0.89761835 5.23178434 1.72048414
v 0.81728560 3.41042089 0.94336081
v 0.94126666 5.36460066 1.40468597
v 0.86093390 3.54323745 0.62756270
v 0.92210644 5.36357355 1.59045076
v 0.83600807 3.41148639 0.75755155
v 0.11184216 4.14927149 0.96263421
v 0.78546464 4.04700661 0.96606183
v 0.11080814 4.13781071 0.82390875
v 0.78443062 4.03554535 0.82733649
v 0.44417524 4.06416464 0.83079022
v 0.44516072 4.07508707 0.96299660
v 0.38050377 4.11350441 0.82718861
v 0.38148919 4.12442684 0.95939493
v 0.80385214 4.05383825 0.89552045
v 0.79822612 4.01688337 0.89861542
v 0.09701330 4.16114616 0.89192379
v 0.09138724 4.12419128 0.89501870
v 0.44869614 4.09845781 0.96546006
v 0.12595439 4.12481737 0.96419948
v 0.13155231 4.16158772 0.96112001
v 0.09912834 4.16535521 0.95778596
v 0.09379348 4.13031244 0.96072078
v 0.76471597 4.02784491 0.96744978
v 0.77031392 4.06461525 0.96437025
v 0.80242646 4.05858469 0.96136463
v 0.79709160 4.02354240 0.96429944
v 0.44764528 4.08681011 0.82447290
v 0.12492555 4.11341429 0.82616889
v 0.13052347 4.15018463 0.82308936
v 0.09814783 4.15448713 0.82623976
v 0.09281298 4.11944485 0.82917452
v 0.76368713 4.01644135 0.82941926
v 0.76928508 4.05321217 0.82633966
v 0.80144590 4.04771709 0.82981837
v 0.79611111 4.01267433 0.83275324
v 0.44461983 4.06930971 0.89691985
v 0.77934510 4.01366711 0.83590829
v 0.10908604 4.11542177 0.83249772
v 0.78027946 4.02402449 0.96127278
v 0.11002048 4.12577868 0.95786226
v 0.37991029 4.11945391 0.89325953
v 0.78521895 4.05225039 0.83267689
v 0.11495990 4.15400505 0.82926643
v 0.78615338 4.06260729 0.95804143
v 0.11589434 4.16436243 0.95463085
v 0.80735219 4.03810501 0.89679414
v 0.08898927 4.14716244 0.89313883
v 0.13314946 4.14588881 0.96361864
v 0.11510953 4.12769222 0.96449065
v 0.12035289 4.16213417 0.96160603
v 0.10433964 4.16361856 0.96017671
v 0.09934264 4.13079596 0.96292567
v 0.76410472 4.05010128 0.96682918
v 0.77592200 4.02737188 0.96785307
v 0.78116542 4.06181383 0.96496856
v 0.79691112 4.05847692 0.96370083
v 0.79191411 4.02565384 0.96644980
v 0.13210264 4.13428640 0.82317746
v 0.11407404 4.11621571 0.82557058
v 0.11931740 4.15065718 0.82268608
v 0.10332529 4.15237570 0.82408941
v 0.09832830 4.11955261 0.82683837
v 0.76305795 4.03849888 0.82638800
v 0.77488649 4.01589489 0.82893312
v 0.78012991 4.05033684 0.82604855
v 0.79589683 4.04723358 0.82761347
v 0.79089975 4.01441050 0.83036244
v 0.14506605 4.10979557 0.82737762
v 0.74336898 4.01896477 0.83042204
v 0.44416997 4.06427097 0.83499730
v 0.75808316 4.01658678 0.83364683
v 0.13027784 4.11189604 0.83045232
v 0.14607923 4.12102461 0.96330297
v 0.74438220 4.03019428 0.96634734
v 0.44509298 4.07450151 0.95882964
v 0.75904977 4.02730131 0.96333909
v 0.13124453 4.12261057 0.96014452
v 0.15085723 4.14783525 0.82419181
v 0.74916023 4.05700493 0.82723618
v 0.37971094 4.11422062 0.83135110
v 0.76399493 4.05541849 0.83039463
v 0.13618958 4.15072823 0.82720006
v 0.15187037 4.15906477 0.96011710
v 0.75017333 4.06823397 0.96316159
v 0.38063398 4.12445116 0.95518351
v 0.76496154 4.06613302 0.96008682
v 0.13715626 4.16144276 0.95689237
v 0.80475342 4.05850172 0.95715946
v 0.80383503 4.04832172 0.83394533
v 0.79677278 4.05052757 0.83673072
v 0.79764807 4.06022882 0.95415473
v 0.80804515 4.05200434 0.89564067
v 0.79923439 4.02224922 0.96019560
v 0.79831600 4.01206970 0.83698142
v 0.79098850 4.01253319 0.83991277
v 0.79186380 4.02223444 0.95733678
v 0.80277550 4.01738977 0.89853966
v 0.09692343 4.16595936 0.95355773
v 0.09600501 4.15578032 0.83034354
v 0.10337559 4.15579462 0.83320242
v 0.10425089 4.16549587 0.95062643
v 0.09246394 4.16063929 0.89199948
v 0.09140438 4.12970781 0.95659387
v 0.09048595 4.11952782 0.83337975
v 0.09759132 4.11780024 0.83638442
v 0.09846660 4.12750149 0.95380843
v 0.08719423 4.12602472 0.89489853
v 0.14602584 4.12303591 0.96533024
v 0.15127517 4.15751648 0.96244252
v 0.74500984 4.03210211 0.96837819
v 0.75025916 4.06658268 0.96549034
v 0.10477952 4.12824106 0.96295965
v 0.44532368 4.07626724 0.96617949
v 0.11547722 4.12561607 0.96202672
v 0.11028763 4.16442156 0.95992947
v 0.38464358 4.12328911 0.96274710
v 0.12125690 4.16357994 0.95884717
v 0.09523672 4.15169096 0.95927697
v 0.10493921 4.16557503 0.95666158
v 0.09319728 4.16479635 0.95375222
v 0.09925003 4.12820482 0.95979130
v 0.08819461 4.13193560 0.95650434
v 0.78596419 4.02482796 0.96642578
v 0.77497900 4.02549458 0.96538246
v 0.79147226 4.06100845 0.96339566
v 0.78075874 4.06345844 0.96220303
v 0.80207247 4.04438353 0.96287358
v 0.79695415 4.06051731 0.96018285
v 0.80796427 4.05628443 0.95738930
v 0.79126501 4.02314806 0.96331257
v 0.80296159 4.02342463 0.96014136
v 0.14498022 4.11144638 0.82504880
v 0.15022956 4.14592743 0.82216102
v 0.74396425 4.02051258 0.82809669
v 0.74921358 4.05499363 0.82520890
v 0.10376714 4.11702061 0.82714355
v 0.44428965 4.06480646 0.82745469
v 0.11448068 4.11457109 0.82833612
v 0.10927525 4.15320110 0.82411337
v 0.38360953 4.11182833 0.82402223
v 0.12026037 4.15253496 0.82515669
v 0.09425128 4.14076853 0.82706904
v 0.10397442 4.15488148 0.82722664
v 0.09227785 4.15460491 0.83039784
v 0.09828524 4.11751175 0.83035636
v 0.08727517 4.12174463 0.83314991
v 0.78495181 4.01360750 0.83060968
v 0.77398247 4.01444960 0.83169198
v 0.79045987 4.04978800 0.82757950
v 0.77976221 4.05241346 0.82851249
v 0.80108708 4.03346062 0.83066577
v 0.79598933 4.04982424 0.83074784
v 0.80704480 4.04609346 0.83403486
v 0.79030025 4.01245403 0.83387756
v 0.80204213 4.01323318 0.83678699
v 0.75845671 4.01684380 0.83973187
v 0.12993677 4.11226130 0.83653367
v 0.75933295 4.02655602 0.95728946
v 0.13081302 4.12197351 0.95409131
v 0.78148311 4.01849270 0.89860725
v 0.10785282 4.12075949 0.89517951
v 0.76442635 4.05605555 0.83644783
v 0.13590644 4.15147352 0.83324969
v 0.76530260 4.06576777 0.95400548
v 0.13678269 4.16118574 0.95080733
v 0.78738660 4.05727005 0.89535964
v 0.11375625 4.15953636 0.89193189
v -0.07880181 3.84596157 0.79459405
v -0.59535098 3.87811732 0.79027545
v -0.06284890 4.11044979 0.85581672
v -0.57939810 4.14260578 0.85149819
v -0.32200944 4.11512899 0.87474847
v -0.33721265 3.86306977 0.81640279
v -0.26778790 4.12063169 0.83684790
v -0.28299108 3.86857247 0.77850223
v -0.59977180 4.01458645 0.80586433
v -0.60060078 4.00617743 0.84240890
v -0.05775142 3.98084545 0.81039578
v -0.05858044 3.97243595 0.84694040
v -0.33720139 3.85993457 0.79171276
v -0.09261647 3.84250021 0.81617290
v -0.09179160 3.85086727 0.77981079
v -0.06669409 3.85531187 0.78230286
v -0.06748018 3.84733772 0.81695622
v -0.58243364 3.87299180 0.81207788
v -0.58160877 3.88135910 0.77571571
v -0.60599935 3.88888431 0.77779406
v -0.60678548 3.88091016 0.81244743
v -0.32098842 4.12873507 0.85393357
v -0.07674351 4.10566378 0.87708890
v -0.07591863 4.11403084 0.84072685
v -0.05156677 4.10611248 0.84035724
v -0.05235287 4.09813833 0.87501061
v -0.56656057 4.13615561 0.87299383
v -0.56573576 4.14452267 0.83663177
v -0.59087199 4.13968468 0.83584845
v -0.59165812 4.13171101 0.87050176
v -0.32961816 3.98902726 0.84588826
v -0.57938576 4.12462664 0.87099421
v -0.06541563 4.09263182 0.87529111
v -0.59380209 3.88561153 0.81566799
v -0.07983206 3.85361648 0.81996500
v -0.27451256 3.99462008 0.80736971
v -0.57852012 4.13340664 0.83283967
v -0.06455011 4.10141134 0.83713663
v -0.59293652 3.89439130 0.77751350
v -0.07896653 3.86239600 0.78181052
v -0.60452348 4.01148081 0.82052052
v -0.05366629 3.97718906 0.82512587
v -0.09526437 3.84529543 0.79429126
v -0.08418690 3.84139085 0.81489575
v -0.08341429 3.84922814 0.78083682
v -0.07109278 3.85098624 0.78236389
v -0.07182910 3.84351730 0.81482232
v -0.57909542 3.87541437 0.79024619
v -0.59091318 3.87293530 0.81065929
v -0.59014046 3.88077235 0.77660036
v -0.60217255 3.88404655 0.77792382
v -0.60290891 3.87657762 0.81038231
v -0.07911419 4.11305475 0.85627115
v -0.06821167 4.10625029 0.87620437
v -0.06743905 4.11408758 0.84214532
v -0.05544329 4.11044502 0.84242237
v -0.05617961 4.10297585 0.87488079
v -0.56294519 4.14317369 0.85222614
v -0.57493794 4.13779497 0.87196785
v -0.57416528 4.14563179 0.83790892
v -0.58652312 4.14350510 0.83798242
v -0.58725947 4.13603640 0.87044072
v -0.09239109 4.10447788 0.87712234
v -0.55118358 4.13303804 0.87328666
v -0.32249632 4.10709190 0.87313783
v -0.56286240 4.12771082 0.87220812
v -0.08144682 4.09774160 0.87623298
v -0.10802197 3.84532833 0.81713533
v -0.56681448 3.87388873 0.81329966
v -0.33673653 3.87099791 0.81848770
v -0.57777649 3.88044453 0.81497204
v -0.09636091 3.85047603 0.81899685
v -0.09153775 4.11313438 0.83950496
v -0.55033022 4.14169455 0.83566928
v -0.26760414 4.11266279 0.83476847
v -0.56199133 4.13654709 0.83380783
v -0.08057570 4.10657787 0.83783269
v -0.10716862 3.85398436 0.77951801
v -0.56596112 3.88254452 0.77568233
v -0.28184435 3.87656856 0.78011847
v -0.57690537 3.88928056 0.77657169
v -0.09548980 3.85931206 0.78059649
v -0.60724425 3.89707279 0.77901995
v -0.59307516 4.13198805 0.83339721
v -0.58785480 4.12632227 0.83130431
v -0.60135806 3.90244603 0.77948248
v -0.60314995 4.01452923 0.80699360
v -0.60805750 3.88882351 0.81486964
v -0.59388840 4.12373877 0.86924684
v -0.58870709 4.11767673 0.86887681
v -0.60221040 3.89380026 0.81705499
v -0.60392648 4.00665236 0.84122348
v -0.06446387 3.86328387 0.78355783
v -0.05029472 4.09819937 0.83793509
v -0.05614180 4.09322214 0.83574969
v -0.06964510 3.86934638 0.78392780
v -0.05442575 3.98037028 0.81158119
v -0.06527709 3.85503459 0.81940746
v -0.05110794 4.08995008 0.87378466
v -0.05699416 4.08457661 0.87332225
v -0.07049745 3.86070061 0.82150030
v -0.05520225 3.97249389 0.84581101
v -0.10797138 3.84156442 0.81441653
v -0.10719790 3.84941030 0.78031886
v -0.56728613 3.87015724 0.81057644
v -0.56651264 3.87800336 0.77647877
v -0.07621706 3.84366560 0.81650573
v -0.33756703 3.85706306 0.81406361
v -0.08442827 3.84600663 0.81778717
v -0.07540541 3.85189843 0.78072727
v -0.28589287 3.86230731 0.77794373
v -0.08357663 3.85464549 0.78024483
v -0.06568894 3.85141993 0.79597318
v -0.07087273 3.85785842 0.78158188
v -0.06185025 3.86259890 0.78522623
v -0.07171104 3.84935474 0.81853670
v -0.06258742 3.85512137 0.81772161
v -0.59856516 3.87618232 0.81213868
v -0.59014946 3.87748837 0.81355917
v -0.59775352 3.88441539 0.77636015
v -0.58929777 3.88612723 0.77601683
v -0.60770679 3.88516116 0.79144168
v -0.60152572 3.89089227 0.77714539
v -0.60995007 3.89671874 0.78064394
v -0.60236400 3.88238859 0.81410021
v -0.61068726 3.88924122 0.81313932
v -0.09183957 4.10901928 0.87632591
v -0.09106608 4.11686563 0.84222817
v -0.55115438 4.13761234 0.87248588
v -0.55038077 4.14545870 0.83838809
v -0.06059872 4.10260725 0.87644446
v -0.32161421 4.12155056 0.87528598
v -0.06905439 4.10089588 0.87678778
v -0.05978708 4.11084032 0.84066594
v -0.26994011 4.12679434 0.83916616
v -0.06820274 4.10953474 0.83924544
v -0.05048557 4.10348225 0.85431951
v -0.05598820 4.10463381 0.83870447
v -0.04766495 4.09778166 0.83966535
v -0.05682651 4.09613037 0.87565929
v -0.04840214 4.09030390 0.87216079
v -0.58294684 4.13512373 0.87207747
v -0.57477558 4.13237762 0.87255979
v -0.58213514 4.14335728 0.83629894
v -0.57392395 4.14101601 0.83501750
v -0.59250349 4.13722324 0.84978807
v -0.58664113 4.13766766 0.83426797
v -0.59576482 4.13190126 0.83508301
v -0.58747947 4.12916422 0.87122279
v -0.59650195 4.12442398 0.86757839
v -0.56383836 4.11611700 0.86971641
v -0.08187477 4.08611393 0.87374580
v -0.57735705 3.89198613 0.81783551
v -0.09539345 3.86198330 0.82186496
v -0.58788872 4.00517750 0.84341621
v -0.07133339 3.97302127 0.84773481
v -0.56295878 4.12503958 0.83093971
v -0.08099514 4.09503698 0.83496910
v -0.57647747 3.90090871 0.77905881
v -0.09451381 3.87090588 0.78308827
v -0.58701873 4.01400137 0.80506980
v -0.07046352 3.98184514 0.80938840
v -0.61962837 4.47681284 0.84436053
v 0.82454073 4.33346558 0.80064178
v -0.65026897 4.17531872 0.82075697
v 0.79390019 4.03197145 0.77703822
v 0.07305314 4.10885763 0.82268643
v 0.10225385 4.39618397 0.84518075
v -0.07698852 4.12684870 0.78765583
v -0.04778781 4.41417503 0.81015015
v 0.84448391 4.18042326 0.77237952
v 0.84532350 4.17738771 0.81006718
v -0.67089736 4.33083916 0.81825399
v -0.67005789 4.32780361 0.85594165
v 0.10270086 4.40761566 0.82246369
v -0.58184135 4.47055960 0.86538112
v -0.58267683 4.47357988 0.82788157
v -0.65255284 4.47332954 0.83030534
v -0.65175658 4.47045088 0.86604261
v 0.78758997 4.33463049 0.82392490
v 0.78675461 4.33765125 0.78642535
v 0.85523760 4.32366753 0.78466058
v 0.85603380 4.32078838 0.82039785
v 0.07156071 4.10120583 0.79847533
v -0.61232853 4.17057562 0.84189582
v -0.61316389 4.17359638 0.80439627
v -0.68160772 4.18743801 0.80792326
v -0.68081152 4.18455935 0.84366059
v 0.75710291 4.03464651 0.80043960
v 0.75626755 4.03766727 0.76294005
v 0.82618278 4.03777599 0.76227856
v 0.82697886 4.03489733 0.79801583
v 0.08766067 4.25249434 0.83425599
v 0.79228556 4.04498434 0.80141926
v -0.64467263 4.18761587 0.84491968
v 0.81997508 4.31744146 0.82274944
v -0.61698306 4.46007252 0.86624992
v -0.06482718 4.27077913 0.79865432
v 0.79140908 4.04815435 0.76207125
v -0.64554918 4.19078541 0.80557168
v 0.81909853 4.32061100 0.78340149
v -0.61785960 4.46324205 0.82690191
v 0.85717458 4.17797661 0.78715825
v -0.68291295 4.33084440 0.83378071
v -0.57369715 4.47412014 0.84334111
v -0.60540700 4.47396803 0.86498475
v -0.60618949 4.47679710 0.82986045
v -0.64052773 4.47703123 0.83147538
v -0.63978195 4.47433519 0.86494911
v 0.77899837 4.33985233 0.80239153
v 0.81129903 4.33334684 0.82209736
v 0.81051654 4.33617592 0.78697312
v 0.84426600 4.32965231 0.78652680
v 0.84501171 4.32695627 0.82000053
v -0.60471672 4.16889715 0.81944561
v -0.63609052 4.17205095 0.84134805
v -0.63687313 4.17488003 0.80622375
v -0.67058563 4.18127060 0.80832064
v -0.66983992 4.17857456 0.84179437
v 0.74797881 4.03462934 0.77849603
v 0.78061551 4.03142977 0.79846072
v 0.77983290 4.03425884 0.76333642
v 0.81420803 4.03389168 0.76337206
v 0.81495380 4.03119516 0.79684579
v -0.56871241 4.16850662 0.84140921
v 0.71398044 4.04118681 0.80257881
v 0.07398338 4.11793756 0.82364333
v 0.74630266 4.04478836 0.80255544
v -0.59963983 4.17838573 0.84330058
v -0.53869033 4.46391487 0.86453640
v 0.74400258 4.33659554 0.82570601
v 0.10133451 4.38706398 0.84471297
v 0.77494818 4.32665062 0.82462209
v -0.57099444 4.46024799 0.86536717
v -0.56957656 4.17163134 0.80261517
v 0.71311623 4.04431200 0.76378477
v -0.07791404 4.13615131 0.78817952
v 0.74542046 4.04797888 0.76295394
v -0.60052204 4.18157625 0.80369908
v -0.53955442 4.46703959 0.82574236
v 0.74313837 4.33972025 0.78691196
v -0.05056290 4.40527821 0.80924910
v 0.77406591 4.32984066 0.78502053
v -0.57187659 4.46343803 0.82576567
v 0.85916167 4.31418085 0.78318787
v 0.83194703 4.04639769 0.76222348
v 0.81709558 4.05429649 0.76229596
v 0.84303123 4.30949640 0.78227520
v 0.85388178 4.17939711 0.77328938
v 0.85998529 4.31120253 0.82015884
v 0.83277071 4.04341984 0.79919446
v 0.81795871 4.05117559 0.80104381
v 0.84389442 4.30637503 0.82102299
v 0.85466820 4.17655373 0.80858994
v -0.65834463 4.46480703 0.82912672
v -0.68555921 4.19702387 0.80816233
v -0.66946846 4.20185184 0.80729818
v -0.64353281 4.45705128 0.82727730
v -0.68024206 4.33167315 0.81973124
v -0.65752095 4.46182919 0.86609769
v -0.68473560 4.19404602 0.84513330
v -0.66860533 4.19873047 0.84604597
v -0.64266956 4.45392990 0.86602521
v -0.67945576 4.32882977 0.85503173
v -0.53897953 4.46886730 0.86311418
v -0.53976297 4.47169924 0.82794988
v 0.74517334 4.34140301 0.82423961
v 0.74438995 4.34423590 0.78907526
v -0.62756771 4.47269106 0.86626846
v 0.10295304 4.40334177 0.84480637
v -0.60453945 4.46800089 0.86629355
v -0.62838972 4.47566319 0.82937086
v -0.04003939 4.42048740 0.81142163
v -0.60540205 4.47111940 0.82757688
v -0.65595454 4.47327805 0.84471321
v -0.64071745 4.46993017 0.82857281
v -0.66572666 4.46555853 0.83109331
v -0.63986838 4.46686029 0.86668360
v -0.66498005 4.46285915 0.86460519
v 0.83281380 4.32773495 0.82205892
v 0.80935651 4.32765865 0.82349122
v 0.83199185 4.33070707 0.78516126
v 0.80849391 4.33077717 0.78477454
v 0.85941982 4.32286310 0.79883891
v 0.84288305 4.32266951 0.78366041
v 0.86665159 4.31345558 0.78470427
v 0.84373212 4.31959963 0.82177114
v 0.86739814 4.31075668 0.81821609
v -0.56996393 4.16399097 0.83924592
v -0.57074720 4.16682386 0.80408156
v 0.71418911 4.03652716 0.80037123
v 0.71340567 4.03935957 0.76520699
v -0.65756571 4.17751980 0.84315991
v 0.07231259 4.10184908 0.82120287
v -0.63406801 4.17744923 0.84354663
v -0.65838772 4.18049192 0.80626225
v -0.07067987 4.11899471 0.78781813
v -0.63493055 4.18056822 0.80482996
v -0.68515563 4.18594837 0.82221854
v -0.66930604 4.18862724 0.80655003
v -0.69297218 4.19747019 0.81010509
v -0.66845697 4.18555737 0.84466076
v -0.69222564 4.19477081 0.84361690
v 0.80281574 4.03256369 0.79895031
v 0.77982801 4.03710747 0.80074430
v 0.80199379 4.03553581 0.76205266
v 0.77896553 4.04022598 0.76202762
v 0.83021879 4.03553391 0.77634418
v 0.81429452 4.04136658 0.76163757
v 0.83940607 4.04536772 0.76371598
v 0.81514353 4.03829622 0.79974830
v 0.84015256 4.04266834 0.79722780
v 0.74841297 4.05788326 0.80375862
v -0.59906149 4.19163275 0.84455019
v 0.77437824 4.31337309 0.82376057
v -0.57309622 4.44712257 0.86455214
v 0.80974650 4.18084621 0.81207389
v -0.63443953 4.32419538 0.85579312
v 0.74752218 4.06110430 0.76376903
v -0.59995234 4.19485378 0.80456060
v 0.77348745 4.31659412 0.78377098
v -0.57398707 4.45034361 0.82456255
v 0.80886555 4.18403149 0.77252805
v -0.63532054 4.32738066 0.81624728
v -0.59662807 4.17174911 0.95270777
v -0.19453619 4.15617990 0.95394468
v -0.59679860 4.15755939 0.82952720
v -0.19470666 4.14199018 0.83076411
v -0.39664558 4.12715387 0.83568537
v -0.39648312 4.14067650 0.95307732
v -0.43664888 4.16783190 0.83105499
v -0.43648639 4.18135452 0.94844699
v -0.18411398 4.16389894 0.89063346
v -0.18556890 4.12666464 0.89492452
v -0.60603315 4.18023539 0.88933557
v -0.60748810 4.14300156 0.89362657
v -0.39557189 4.16430712 0.95430422
v -0.58708155 4.14936686 0.95496023
v -0.58563393 4.18641520 0.95069057
v -0.60493314 4.18595886 0.94785273
v -0.60631281 4.15065193 0.95192170
v -0.20579846 4.13460350 0.95613307
v -0.20435080 4.17165184 0.95186347
v -0.18512753 4.16970348 0.94914412
v -0.18650717 4.13439655 0.95321310
v -0.39574513 4.14988661 0.82911527
v -0.58725119 4.13524866 0.83239663
v -0.58580357 4.17229700 0.82812703
v -0.60509485 4.17250347 0.83104694
v -0.60647452 4.13719654 0.83511591
v -0.20596808 4.12048531 0.83356953
v -0.20452042 4.15753365 0.82929993
v -0.18528920 4.15624857 0.83233833
v -0.18666884 4.12094116 0.83640730
v -0.39657679 4.13359642 0.89441806
v -0.19659546 4.11985588 0.83932704
v -0.59667969 4.13534737 0.83809632
v -0.19644138 4.13267851 0.95064384
v -0.59652561 4.14816999 0.94941306
v -0.43723229 4.17493820 0.88971221
v -0.19507642 4.15873003 0.83484697
v -0.59516066 4.17422152 0.83361626
v -0.19492234 4.17155313 0.94616377
v -0.59500659 4.18704462 0.94493306
v -0.18125954 4.14879513 0.89236933
v -0.61005753 4.16539860 0.89105022
v -0.58390129 4.17112732 0.95353365
v -0.59361637 4.15084028 0.95519960
v -0.59226048 4.18554211 0.95120049
v -0.60177267 4.18494892 0.95000768
v -0.60306489 4.15187788 0.95381886
v -0.20727782 4.15654421 0.95469224
v -0.19917089 4.13556719 0.95641303
v -0.19781490 4.17026854 0.95241386
v -0.18836987 4.16894197 0.95127934
v -0.18966211 4.13587046 0.95509058
v -0.58407390 4.15676212 0.82882959
v -0.59378713 4.13663149 0.83184624
v -0.59243107 4.17133331 0.82784706
v -0.60193992 4.17102957 0.82916951
v -0.60323209 4.13795853 0.83298075
v -0.20745042 4.14217901 0.82998812
v -0.19934160 4.12135839 0.83305967
v -0.19798562 4.15605974 0.82906044
v -0.18853711 4.15502214 0.83044124
v -0.18982935 4.12195158 0.83425242
v -0.57519984 4.13424921 0.83344209
v -0.21806689 4.12042093 0.83454072
v -0.39664990 4.12734032 0.83943099
v -0.20927349 4.11999989 0.83738112
v -0.58401674 4.13451004 0.83622825
v -0.57503277 4.14815235 0.95413637
v -0.21789983 4.13432360 0.95523500
v -0.39649770 4.14000654 0.94938743
v -0.20911412 4.13326550 0.95254070
v -0.58385736 4.14777565 0.95138788
v -0.57370216 4.17257643 0.82902509
v -0.21656923 4.15874815 0.83012372
v -0.43714792 4.16852188 0.83474332
v -0.20774467 4.15912485 0.83287215
v -0.58248788 4.17363501 0.83171940
v -0.57353514 4.18647909 0.94971931
v -0.21640217 4.17265081 0.95081800
v -0.43699574 4.18118811 0.94469976
v -0.20758530 4.17238998 0.94803178
v -0.58232850 4.18690062 0.94687897
v -0.18375629 4.16983461 0.94537890
v -0.18390770 4.15723181 0.83597147
v -0.18817741 4.15857267 0.83842772
v -0.18803309 4.17058277 0.94269383
v -0.18155086 4.16261816 0.89077747
v -0.18518355 4.13330841 0.94958842
v -0.18533498 4.12070608 0.84018087
v -0.18967327 4.12029076 0.84283948
v -0.18952896 4.13230181 0.94710553
v -0.18291363 4.12774277 0.89479661
v -0.60626709 4.18619442 0.94407928
v -0.60641855 4.17359161 0.83467174
v -0.60207307 4.17459869 0.83715451
v -0.60192877 4.18660927 0.94142061
v -0.60868835 4.17915726 0.88946342
v -0.60769433 4.14966869 0.94828856
v -0.60784572 4.13706541 0.83888113
v -0.60356891 4.13631725 0.84156621
v -0.60342461 4.14832783 0.94583237
v -0.61005116 4.14428186 0.89348263
v -0.57516330 4.15017605 0.95586306
v -0.57380581 4.18491697 0.95185935
v -0.21762386 4.13633204 0.95696294
v -0.21626633 4.17107248 0.95295930
v -0.59973270 4.15004110 0.95390379
v -0.39644325 4.14192724 0.95586562
v -0.59329784 4.14878321 0.95308352
v -0.59830827 4.18649483 0.94970274
v -0.43456712 4.18069458 0.95145279
v -0.59180313 4.18703413 0.94867539
v -0.60653818 4.17196798 0.94976425
v -0.60152107 4.18689251 0.94679070
v -0.60840410 4.18457317 0.94433200
v -0.60299236 4.14924049 0.95112991
v -0.60969776 4.15146446 0.94814759
v -0.19312686 4.13429737 0.95515460
v -0.19963463 4.13354063 0.95429456
v -0.19170241 4.17075062 0.95095360
v -0.19813995 4.17179108 0.94988644
v -0.18462095 4.15563107 0.95106220
v -0.18845055 4.17089844 0.94806141
v -0.18175262 4.16805267 0.94564450
v -0.18992181 4.13324594 0.95240057
v -0.18304633 4.13494444 0.94946003
v -0.57533574 4.13582754 0.83130085
v -0.57397813 4.17056847 0.82729709
v -0.21779624 4.12198353 0.83240068
v -0.21643871 4.15672445 0.82839704
v -0.59989959 4.13614988 0.83330649
v -0.39661375 4.12773848 0.83268553
v -0.59346205 4.13510942 0.83437365
v -0.59847516 4.17260313 0.82910550
v -0.43473759 4.16650534 0.82827270
v -0.59196734 4.17335987 0.82996553
v -0.60670066 4.15844536 0.83237088
v -0.60168016 4.17365408 0.83185947
v -0.60855573 4.17195606 0.83480000
v -0.60315144 4.13600159 0.83619869
v -0.60984939 4.13884783 0.83861554
v -0.19329377 4.12040520 0.83455741
v -0.19979894 4.11986589 0.83558470
v -0.19186930 4.15685892 0.83035624
v -0.19830427 4.15811682 0.83117652
v -0.18478341 4.14210892 0.83366877
v -0.18860963 4.15765953 0.83313018
v -0.18190420 4.15543556 0.83611250
v -0.19008091 4.12000751 0.83746934
v -0.18319792 4.12232733 0.83992803
v -0.20906027 4.12042046 0.84279126
v -0.58423007 4.13494730 0.84163713
v -0.20891577 4.13244438 0.94717604
v -0.58408558 4.14697123 0.94602191
v -0.19551603 4.12613010 0.89499986
v -0.59761262 4.14169979 0.89376283
v -0.20751645 4.15992880 0.83823812
v -0.58268619 4.17445564 0.83708405
v -0.20737198 4.17195320 0.94262290
v -0.58254182 4.18647957 0.94146883
v -0.19398937 4.16520023 0.89049721
v -0.59608603 4.18076992 0.88926023
v 0.89100832 4.38012791 0.87508631
v -0.57743573 4.49901199 0.86776197
v 0.91242701 4.64880037 0.94183218
v -0.55601704 4.76768494 0.93450785
v 0.17714201 4.69639826 0.95904732
v 0.15672986 4.44035149 0.89543808
v 0.32976270 4.69353390 0.92160004
v 0.30935055 4.43748713 0.85799074
v -0.60256028 4.63994169 0.88609385
v -0.60346836 4.63096905 0.92250228
v 0.93829292 4.51519537 0.89377928
v 0.93738496 4.50622272 0.93018776
v 0.15661733 4.43743420 0.87065804
v 0.85252994 4.37858868 0.89652109
v 0.85343337 4.38751650 0.86029434
v 0.92425513 4.38789129 0.86305636
v 0.92339408 4.37938309 0.89758062
v -0.53992015 4.49132109 0.88957572
v -0.53901660 4.50024843 0.85334909
v -0.60887957 4.51201296 0.85540938
v -0.60974061 4.50350475 0.88993359
v 0.17838520 4.71048784 0.93849194
v 0.87384135 4.64591599 0.96293247
v 0.87474477 4.65484333 0.92670584
v 0.94456530 4.64265966 0.92634797
v 0.94370425 4.63415146 0.96087223
v -0.51860875 4.75864792 0.95598722
v -0.51770526 4.76757574 0.91976053
v -0.58856946 4.76678133 0.91870093
v -0.58943051 4.75827312 0.95322526
v 0.16692817 4.56829786 0.92755413
v -0.55393964 4.74894190 0.95366180
v 0.90717214 4.63065100 0.96094954
v -0.57329553 4.50614595 0.89334440
v 0.88781637 4.38785458 0.90063220
v 0.32203713 4.56538725 0.88949633
v -0.55299175 4.75830984 0.91564941
v 0.90812010 4.64001846 0.92293715
v -0.57234758 4.51551342 0.85533202
v 0.88876438 4.39722252 0.86261976
v -0.61548603 4.63735104 0.90066957
v 0.95048857 4.51057053 0.90848041
v 0.84436512 4.38217926 0.87465340
v 0.87652451 4.37606478 0.89527965
v 0.87737077 4.38442707 0.86134756
v 0.91218549 4.38417101 0.86299890
v 0.91137904 4.37620163 0.89533651
v -0.53106779 4.49353313 0.86779296
v -0.56399482 4.49268818 0.88809466
v -0.56314856 4.50105047 0.85416251
v -0.59756583 4.50639963 0.85546851
v -0.59837228 4.49842978 0.88780612
v 0.86604875 4.65417480 0.94222474
v 0.89797324 4.64511395 0.96211910
v 0.89881945 4.65347624 0.92818695
v 0.93319684 4.64773464 0.92847544
v 0.93239045 4.63976479 0.96081305
v -0.50938421 4.76552916 0.93536437
v -0.54254615 4.76173735 0.95493406
v -0.54169995 4.77009964 0.92100191
v -0.57655448 4.76996279 0.92094505
v -0.57736087 4.76199341 0.95328271
v 0.82956487 4.64729309 0.96283138
v -0.47468847 4.75288486 0.95632601
v 0.17648965 4.68823099 0.95726907
v -0.50733590 4.74935627 0.95505619
v 0.86123043 4.63855791 0.96188235
v 0.80857849 4.38404369 0.89743280
v -0.49567485 4.48963547 0.89092743
v 0.15737042 4.44840193 0.89768881
v -0.52735990 4.49817801 0.89265656
v 0.84120649 4.38738012 0.89948273
v 0.83049947 4.65652895 0.92535412
v -0.47375384 4.76212072 0.91884875
v 0.33099803 4.68533134 0.91935861
v -0.50638181 4.75878429 0.91679883
v 0.86218458 4.64798641 0.92362499
v 0.80951315 4.39327955 0.85995555
v -0.49474019 4.49887133 0.85345018
v 0.31187877 4.44550276 0.85977840
v -0.52640587 4.50760651 0.85439926
v 0.84216058 4.39680815 0.86122543
v -0.61316115 4.52062798 0.85679322
v -0.59413743 4.75925970 0.91607594
v -0.57883173 4.75259066 0.91390324
v -0.59696156 4.52517271 0.85740638
v -0.61211777 4.64042902 0.88719928
v -0.61405188 4.51182604 0.89250934
v -0.59502816 4.75045776 0.95179212
v -0.57976526 4.74336576 0.95133591
v -0.59789503 4.51594830 0.89483893
v -0.61296839 4.63202477 0.92130172
v 0.92985284 4.39570665 0.86448944
v 0.94887662 4.63433790 0.92377228
v 0.93271977 4.63021612 0.92144263
v 0.91458994 4.40279865 0.86494571
v 0.94779301 4.51413965 0.89497989
v 0.92896205 4.38690472 0.90020561
v 0.94798589 4.62553644 0.95948839
v 0.93178624 4.62099171 0.95887518
v 0.91365647 4.39357376 0.90237832
v 0.94694245 4.50573540 0.92908227
v 0.80902833 4.38019705 0.89463532
v 0.80987549 4.38856936 0.86066461
v -0.49670979 4.48590946 0.88812256
v -0.49586254 4.49428082 0.85415184
v 0.89894754 4.37706137 0.89699376
v 0.15624905 4.43425989 0.89297247
v 0.87545627 4.38081646 0.89826584
v 0.89983660 4.38584566 0.86134845
v 0.30169937 4.43153048 0.85728455
v 0.87638909 4.39003420 0.86086321
v 0.92771673 4.38354874 0.87666994
v 0.91214842 4.39121389 0.86235642
v 0.93736130 4.39454699 0.86616433
v 0.91123027 4.38214064 0.89917362
v 0.93655384 4.38656855 0.89853871
v -0.58598137 4.49728060 0.88958716
v -0.56220579 4.49720907 0.89109504
v -0.58509237 4.50606489 0.85394192
v -0.56127298 4.50642633 0.85369241
v -0.61312956 4.50829506 0.86898446
v -0.59638989 4.51334429 0.85483211
v -0.62077451 4.52069235 0.85839266
v -0.59730804 4.50427103 0.89164925
v -0.62158203 4.51271439 0.89076698
v 0.83068722 4.65188360 0.96212977
v 0.83153445 4.66025496 0.92815900
v -0.47505084 4.75759506 0.95561701
v -0.47420362 4.76596737 0.92164624
v 0.91991711 4.64009953 0.96233976
v 0.17766762 4.70293188 0.95971799
v 0.89609760 4.63973808 0.96258914
v 0.92080605 4.64888382 0.92669445
v 0.32311791 4.70020199 0.92403007
v 0.89703041 4.64895535 0.92518657
v 0.94812918 4.63959885 0.94027990
v 0.93213266 4.64189339 0.92463231
v 0.95640665 4.63345003 0.92551458
v 0.93121451 4.63282013 0.96144950
v 0.95559925 4.62547207 0.95788890
v -0.56501186 4.76031876 0.95493317
v -0.54156446 4.75613022 0.95541835
v -0.56412292 4.76910305 0.91928786
v -0.54063171 4.76534796 0.91801572
v -0.59271717 4.76434469 0.93259442
v -0.57640564 4.76402378 0.91710794
v -0.60172921 4.75959587 0.91774285
v -0.57732379 4.75495052 0.95392513
v -0.60253662 4.75161743 0.95011729
v -0.50905627 4.73762274 0.95232058
v 0.86106789 4.62669802 0.95915449
v -0.52720672 4.50994587 0.89575934
v 0.84291744 4.39902115 0.90259331
v -0.56729472 4.62781763 0.92358041
v 0.90116662 4.50893211 0.93090475
v -0.50809282 4.74714327 0.91368824
v 0.86203140 4.63621855 0.92052221
v -0.52624321 4.51946640 0.85712707
v 0.84388101 4.40854168 0.86396104
v -0.56634194 4.63723230 0.88537681
v 0.90211940 4.51834679 0.89270115
v -0.59481299 4.77682304 1.17529118
v 0.85081404 4.65513659 1.19399762
v -0.59055078 4.79218388 0.94583261
v 0.85507619 4.67049742 0.96453893
v 0.13024768 4.70798922 0.95900255
v 0.12618579 4.69334984 1.17767835
v -0.01580435 4.75968885 0.95975065
v -0.01986624 4.74504995 1.17842627
v 0.88985491 4.67503834 1.08077192
v 0.88674879 4.63774586 1.07821774
v -0.62705612 4.80272484 1.06114328
v -0.63016224 4.76543236 1.05858910
v 0.12798473 4.71608210 1.18653047
v -0.55922639 4.75173473 1.17369521
v -0.55613577 4.78884125 1.17623663
v -0.62535799 4.79415703 1.16991818
v -0.62830335 4.75879431 1.16749620
v 0.81158751 4.63634586 1.19143355
v 0.81467819 4.67345190 1.19397497
v 0.88395447 4.66711044 1.18944860
v 0.88100910 4.63174772 1.18702662
v 0.13231640 4.73169327 0.95333087
v -0.55498552 4.76701832 0.94538605
v -0.55189490 4.80412483 0.94792747
v -0.62131643 4.80872297 0.95233440
v -0.62426180 4.77336025 0.94991243
v 0.81582844 4.65162945 0.96312428
v 0.81891906 4.68873596 0.96566570
v 0.88799608 4.68167591 0.97186482
v 0.88505071 4.64631367 0.96944278
v 0.12819016 4.70035076 1.06831861
v 0.84935504 4.64716864 0.97397423
v -0.58905369 4.76824808 0.95536119
v 0.84550351 4.63328743 1.18133307
v -0.59290534 4.75436640 1.16272008
v -0.02024305 4.75289297 1.06907880
v 0.85259801 4.68610430 0.97664082
v -0.58581078 4.80718327 0.95802796
v 0.84874636 4.67222261 1.18399978
v -0.58966237 4.79330206 1.16538680
v 0.90097165 4.65900373 1.07990503
v -0.64067054 4.78877211 1.05995631
v -0.54907447 4.77265692 1.17728782
v -0.58280319 4.75485229 1.17420506
v -0.57990843 4.78960848 1.17658556
v -0.61401123 4.79181719 1.17374599
v -0.61676997 4.75869417 1.17147744
v 0.80498666 4.65867853 1.19480932
v 0.83533293 4.63547993 1.19255579
v 0.83822769 4.67023611 1.19493616
v 0.87228143 4.66670799 1.19297862
v 0.86952269 4.63358498 1.19070995
v -0.54475957 4.78820801 0.94499117
v -0.57853502 4.77023458 0.94442481
v -0.57564026 4.80499077 0.94680524
v -0.60983002 4.80688572 0.94865102
v -0.61258876 4.77376270 0.94638240
v 0.80930156 4.67422915 0.96251261
v 0.83960116 4.65086222 0.96277541
v 0.84249592 4.68561840 0.96515584
v 0.87646264 4.68177605 0.96788359
v 0.87370384 4.64865351 0.96561491
v -0.51165807 4.76260710 0.94764507
v 0.77232957 4.65452719 0.96425974
v 0.13009888 4.70728350 0.96591145
v 0.80385733 4.65111732 0.96979696
v -0.54344380 4.76452732 0.95236290
v -0.51583415 4.74755621 1.17247200
v 0.76815349 4.63947630 1.18908679
v 0.12629429 4.69357157 1.17073619
v 0.79987270 4.63675690 1.18431413
v -0.54742855 4.75016689 1.16688013
v -0.50846076 4.80099440 0.95027423
v 0.77552688 4.69291449 0.96688890
v -0.01775955 4.75962257 0.96666878
v 0.80712122 4.69030380 0.97248083
v -0.54018003 4.80371380 0.95504677
v -0.51263696 4.78594351 1.17510128
v 0.77135074 4.67786360 1.19171596
v -0.02156418 4.74591112 1.17149353
v 0.80313647 4.67594337 1.18699801
v -0.54416466 4.78935337 1.16956401
v 0.88899612 4.66777277 1.18266249
v 0.89278179 4.68141556 0.97886032
v 0.87727928 4.68327761 0.98350877
v 0.87367153 4.67027569 1.17773378
v 0.89913732 4.67306757 1.08081245
v 0.88594919 4.63118887 1.18015695
v 0.88973480 4.64483261 0.97635472
v 0.87408578 4.64493608 0.98088270
v 0.87047809 4.63193417 1.17510784
v 0.89622796 4.63813734 1.07842004
v -0.63004214 4.79563808 1.16300631
v -0.62625647 4.80928183 0.95920402
v -0.61078542 4.80853653 0.96425325
v -0.61439312 4.79553461 1.15847826
v -0.63653535 4.80233335 1.06094098
v -0.63308913 4.75905514 1.16050065
v -0.62930346 4.77269793 0.95669842
v -0.61397886 4.77019501 0.96162719
v -0.61758655 4.75719309 1.15585220
v -0.63944465 4.76740313 1.05854857
v -0.51648229 4.74917269 1.17618823
v -0.51358426 4.78396797 1.17857134
v 0.76896697 4.64096928 1.19282186
v 0.77186501 4.67576456 1.19520509
v -0.60468847 4.75598669 1.17129517
v 0.12616222 4.69390869 1.18313217
v -0.58146453 4.75324583 1.16977668
v -0.60164750 4.79249763 1.17379582
v -0.01302803 4.74317932 1.18384504
v -0.57827371 4.79155684 1.17240059
v -0.63033736 4.78035307 1.16945136
v -0.61312062 4.79442930 1.16840923
v -0.63763028 4.79454565 1.16290879
v -0.61626154 4.75671816 1.16582644
v -0.64039224 4.76138544 1.16063750
v 0.85716730 4.63293457 1.19021142
v 0.83385873 4.63411045 1.18809092
v 0.86020833 4.66944504 1.19271207
v 0.83704972 4.67242146 1.19071484
v 0.88656682 4.65266657 1.18908000
v 0.87197751 4.66942072 1.18762636
v 0.89629495 4.66542673 1.18275762
v 0.86883652 4.63170910 1.18504345
v 0.89353305 4.63226652 1.18048644
v -0.51217240 4.76470566 0.94415593
v -0.50927430 4.79950142 0.94653904
v 0.77327687 4.65650272 0.96078956
v 0.77617490 4.69129801 0.96317279
v -0.60051572 4.77102518 0.94664884
v 0.13042440 4.70926905 0.95367461
v -0.57735705 4.76804924 0.94864619
v -0.59747469 4.80753613 0.94914949
v -0.00876587 4.75853968 0.95438755
v -0.57416618 4.80636024 0.95127010
v -0.62627548 4.79499197 0.95077318
v -0.60914385 4.80876112 0.95431751
v -0.63384038 4.80820417 0.95887458
v -0.61228484 4.77104998 0.95173466
v -0.63660234 4.77504349 0.95660341
v 0.86134011 4.64797306 0.96556515
v 0.83796638 4.64891386 0.96696037
v 0.86438107 4.68448400 0.96806580
v 0.84115726 4.68722439 0.96958429
v 0.89062876 4.66730547 0.97040188
v 0.87595421 4.68375254 0.97353458
v 0.90008497 4.67908525 0.97872353
v 0.87281328 4.64604139 0.97095174
v 0.89732301 4.64592505 0.97645223
v 0.80442184 4.65018892 0.97982931
v -0.54441297 4.76372766 0.96237546
v 0.80080998 4.63717270 1.17427528
v -0.54802489 4.75071096 1.15682149
v 0.85103869 4.63982534 1.07769370
v -0.59460521 4.76151371 1.05898714
v 0.80771762 4.68975925 0.98253953
v -0.54111731 4.80329800 0.96508569
v 0.80410570 4.67674303 1.17698550
v -0.54472917 4.79028177 1.15953171
v 0.85429794 4.67895699 1.08037376
v -0.59134603 4.80064487 1.06166720
v 0.85799295 4.37320566 0.78593695
v -0.55683470 4.49035549 0.76981145
v 0.85378242 4.35897398 1.05197775
v -0.56104523 4.47612381 1.03585219
v 0.14457646 4.39487171 1.03640306
v 0.14858918 4.40843439 0.78286427
v 0.29392532 4.42193937 1.04021478
v 0.29793805 4.43550205 0.78667593
v -0.59257060 4.50136375 0.90326905
v -0.59563804 4.46403646 0.90122372
v 0.89202231 4.37843704 0.92018974
v 0.88895488 4.34110975 0.91814446
v 0.15063220 4.43212461 0.77571797
v 0.81956506 4.35420275 0.78498065
v 0.82261711 4.39134359 0.78701574
v 0.89022094 4.38452673 0.79395807
v 0.88731229 4.34913111 0.79201859
v -0.52204323 4.46529007 0.76968968
v -0.51899117 4.50243092 0.77172470
v -0.58693528 4.50683737 0.77712208
v -0.58984393 4.47144222 0.77518266
v 0.14635298 4.41766119 1.04609621
v 0.81537551 4.34004259 1.04968870
v 0.81842756 4.37718344 1.05172384
v 0.88622826 4.37103176 1.04623079
v 0.88331956 4.33563614 1.04429138
v -0.52623278 4.45112991 1.03439772
v -0.52318072 4.48827076 1.03643286
v -0.59092796 4.49334240 1.02939487
v -0.59383661 4.45794725 1.02745545
v 0.14655659 4.40133333 0.90961623
v -0.55919319 4.45360327 1.02182543
v 0.84856999 4.33703852 1.03787041
v -0.55538815 4.46646357 0.78140771
v 0.85237509 4.34989882 0.79745269
v 0.29834038 4.42884302 0.91348994
v -0.55599070 4.49257469 1.02396083
v 0.85177255 4.37600994 1.04000580
v -0.55218560 4.50543547 0.78354305
v 0.85557753 4.38887024 0.79958808
v -0.60590601 4.48735762 0.90230882
v 0.90289122 4.36242723 0.91950536
v 0.81319368 4.37678671 0.78376913
v 0.84283227 4.35350752 0.78445613
v 0.84569108 4.38829565 0.78636229
v 0.87893307 4.38457155 0.78941381
v 0.87620860 4.35141802 0.78759718
v -0.51201898 4.48651648 0.76866502
v -0.54509032 4.46842957 0.76863730
v -0.54223150 4.50321770 0.77054346
v -0.57569379 4.50501680 0.77283466
v -0.57841820 4.47186327 0.77101809
v 0.80893105 4.36237907 1.05310035
v 0.83861589 4.33925581 1.05086994
v 0.84147465 4.37404442 1.05277622
v 0.87480259 4.37061024 1.05039549
v 0.87207812 4.33745718 1.04857886
v -0.51628155 4.47210884 1.03799617
v -0.54930675 4.45417786 1.03505111
v -0.54644799 4.48896599 1.03695738
v -0.57982421 4.49105549 1.03381634
v -0.58254868 4.45790243 1.03199959
v 0.77286667 4.34302807 1.04715061
v -0.48376536 4.44707918 1.03282821
v 0.14468366 4.39505911 1.02836013
v -0.51468599 4.44956446 1.02647638
v 0.80391079 4.34038258 1.04150510
v 0.77699220 4.35697222 0.78647995
v -0.47963977 4.46102285 0.77215743
v 0.14844221 4.40776300 0.79088056
v -0.51074952 4.46286869 0.77775919
v 0.80784720 4.35368729 0.79278785
v 0.77602410 4.38145065 1.04925609
v -0.48060787 4.48550177 1.03493357
v 0.29587969 4.42246199 1.03221893
v -0.51146287 4.48878670 1.02862561
v 0.80713391 4.37960529 1.04365432
v 0.78014970 4.39539480 0.78858531
v -0.47648227 4.49944544 0.77426279
v 0.29963824 4.43516541 0.79473943
v -0.50752640 4.50209141 0.77990830
v 0.81107038 4.39290953 0.79493707
v -0.59177083 4.50741482 0.78509074
v -0.59551060 4.49477482 1.02138472
v -0.58019364 4.49469709 1.01605368
v -0.57662958 4.50674295 0.79086375
v -0.60184866 4.50094175 0.90309966
v -0.59477991 4.47079754 0.78308433
v -0.59851968 4.45815754 1.01937830
v -0.58334726 4.45631933 1.01395082
v -0.57978332 4.46836567 0.78876090
v -0.60472190 4.46597910 0.90118384
v 0.89490402 4.38431597 0.80203515
v 0.89116424 4.37167597 1.03832912
v 0.87616760 4.37410784 1.03265250
v 0.87973166 4.38615417 0.80746257
v 0.90110618 4.37649488 0.92022961
v 0.89189488 4.34769869 0.80002868
v 0.88815522 4.33505869 1.03632271
v 0.87301391 4.33573103 1.03054965
v 0.87657797 4.34777689 0.80535984
v 0.89823300 4.34153175 0.91831386
v 0.77792126 4.35893393 0.78240955
v 0.78078341 4.39376163 0.78431797
v -0.48014122 4.46310329 0.76807082
v -0.47727913 4.49793100 0.76997912
v 0.86410707 4.35069847 0.78762817
v 0.14876373 4.40968847 0.77666426
v 0.84123027 4.35157442 0.78935742
v 0.86711019 4.38724327 0.78963053
v 0.29109591 4.43548489 0.78029686
v 0.84438145 4.38992023 0.79145861
v 0.89278728 4.37015247 0.79259324
v 0.87843633 4.38657522 0.79591179
v 0.90205032 4.38200712 0.80188984
v 0.87533450 4.34882832 0.79384351
v 0.89932269 4.34881592 0.80007112
v -0.56660348 4.46916342 0.77132154
v -0.54393929 4.46626806 0.77356994
v -0.56360048 4.50570822 0.77332401
v -0.54078817 4.50461435 0.77567106
v -0.59179908 4.49307823 0.77567267
v -0.57502151 4.50692320 0.77934599
v -0.59919429 4.50631237 0.78477931
v -0.57812339 4.46917725 0.77727771
v -0.60192192 4.47312117 0.78296065
v 0.77366346 4.34454250 1.05143440
v 0.77652556 4.37937069 1.05334270
v -0.48439905 4.44871235 1.03709555
v -0.48153698 4.48353958 1.03900397
v 0.85998476 4.33676577 1.04808939
v 0.14455315 4.39545727 1.04270387
v 0.83717257 4.33785915 1.04574239
v 0.86298794 4.37331009 1.05009186
v 0.28688532 4.42125368 1.04633653
v 0.84032363 4.37620544 1.04784346
v 0.88877457 4.35658979 1.04613495
v 0.87450773 4.37329626 1.04413581
v 0.89830619 4.36935234 1.03845274
v 0.87140590 4.33555031 1.04206753
v 0.89557862 4.33616114 1.03663421
v -0.57072586 4.45523024 1.03178298
v -0.54799706 4.45255375 1.02995491
v -0.56772268 4.49177504 1.03378534
v -0.54484588 4.49089956 1.03205609
v -0.59581178 4.47951555 1.02921438
v -0.57895011 4.49364519 1.02756989
v -0.60293829 4.49365807 1.02134228
v -0.58205199 4.45589876 1.02550173
v -0.60566598 4.46046638 1.01952362
v -0.51526809 4.45005655 1.01482177
v 0.80482960 4.34075022 1.02986765
v -0.51169991 4.46211624 0.78937566
v 0.80839771 4.35281038 0.80442142
v -0.56083924 4.46022844 0.90157080
v 0.85400498 4.34307766 0.91769648
v -0.51201338 4.48966312 1.01699209
v 0.80808431 4.38035774 1.03203785
v -0.50844520 4.50172329 0.79154581
v 0.81165236 4.39241743 0.80659169
v -0.55762058 4.49939585 0.90371698
v 0.85722363 4.38224506 0.91984260
v 0.81714964 4.05499077 0.71808028
v -0.52457529 4.16076565 0.72402287
v 0.81896019 4.06965733 0.86579746
v -0.52276474 4.17543173 0.87174004
v 0.14625695 4.09926128 0.86759746
v 0.14453155 4.08528376 0.72682202
v 0.28789738 4.12737942 0.86306965
v 0.28617194 4.11340237 0.72229415
v -0.55555987 4.18589401 0.79650545
v -0.55847669 4.14868498 0.80023563
v 0.85232568 4.07490349 0.79026985
v 0.84940892 4.03769445 0.79399997
v 0.14629024 4.10798550 0.71982467
v 0.78071707 4.03583574 0.72080231
v 0.78361940 4.07285881 0.71709085
v 0.84786570 4.06726503 0.72034568
v 0.84509981 4.03198147 0.72388279
v -0.49157166 4.13613653 0.72643739
v -0.48866937 4.17315960 0.72272593
v -0.55296743 4.17769909 0.72655010
v -0.55573326 4.14241600 0.73008722
v 0.14813024 4.12289095 0.86995018
v 0.78251845 4.05042887 0.86777955
v 0.78542078 4.08745146 0.86406809
v 0.84958249 4.08117247 0.86041826
v 0.84681666 4.04588890 0.86395538
v -0.48977029 4.15072966 0.87341464
v -0.48686799 4.18775225 0.86970317
v -0.55125070 4.19160652 0.86662269
v -0.55401653 4.15632343 0.87015980
v 0.14536929 4.09195423 0.79724163
v -0.52129275 4.15162039 0.86690152
v 0.81373274 4.04637384 0.86098862
v -0.52292889 4.13836670 0.73341131
v 0.81209660 4.03311968 0.72749841
v 0.28931895 4.12053108 0.79264003
v -0.51824743 4.19046831 0.86300707
v 0.81677806 4.08522177 0.85709417
v -0.51988351 4.17721462 0.72951686
v 0.81514198 4.07196760 0.72360396
v -0.56820935 4.17183828 0.79805601
v 0.86262977 4.05903864 0.79171872
v 0.77462918 4.05803347 0.71737665
v 0.80276382 4.03523016 0.72011399
v 0.80548221 4.06990767 0.71663761
v 0.83706570 4.06674910 0.71808732
v 0.83447504 4.03370094 0.72140032
v -0.48211104 4.15710831 0.72294289
v -0.51344609 4.13899326 0.72594362
v -0.51072770 4.17367125 0.72246718
v -0.54240197 4.17549944 0.72419703
v -0.54499269 4.14245129 0.72751009
v 0.77646202 4.07288122 0.86692089
v 0.80457681 4.04991722 0.86803830
v 0.80729520 4.08459520 0.86456186
v 0.83884180 4.08113718 0.86299539
v 0.83625108 4.04808855 0.86630839
v -0.48027816 4.17195606 0.87248707
v -0.51163310 4.15368032 0.87386787
v -0.50891471 4.18835831 0.87039149
v -0.54062587 4.18988705 0.86910516
v -0.54321671 4.15683889 0.87241817
v 0.74216187 4.05285454 0.86690128
v -0.44954124 4.14680290 0.87217933
v 0.14618336 4.09857702 0.86316335
v -0.47899464 4.14839077 0.86903095
v 0.77147144 4.04981041 0.86349249
v 0.74038786 4.03848410 0.72216570
v -0.45131519 4.13243246 0.72744381
v 0.14456727 4.08548498 0.73130459
v -0.48068726 4.13467979 0.73093247
v 0.76977891 4.03609896 0.72539407
v 0.74516428 4.09115553 0.86306167
v -0.44653884 4.18510389 0.86833972
v 0.28957561 4.12704325 0.85857952
v -0.47592974 4.18748903 0.86511141
v 0.77453637 4.08890867 0.85957301
v 0.74339032 4.07678509 0.71832615
v -0.44831276 4.17073345 0.72360420
v 0.28795949 4.11395121 0.72672075
v -0.47762236 4.17377758 0.72701293
v 0.77284372 4.07519722 0.72147459
v -0.55737871 4.17910433 0.73094511
v -0.55577058 4.19213104 0.86214566
v -0.54136598 4.19156885 0.85891128
v -0.54289842 4.17915487 0.73387623
v -0.56435871 4.18540144 0.79666221
v -0.56024003 4.14260340 0.73460424
v -0.55863190 4.15562963 0.86580479
v -0.54436481 4.15331364 0.86274624
v -0.54589725 4.14089918 0.73771125
v -0.56709081 4.15054989 0.80015600
v 0.85248107 4.06795835 0.72470069
v 0.85408914 4.08098507 0.85590118
v 0.83974642 4.08268881 0.85279423
v 0.83821392 4.07027435 0.72775918
v 0.86093986 4.07303810 0.79034948
v 0.84961975 4.03145742 0.72835982
v 0.85122788 4.04448366 0.85956037
v 0.83674759 4.04443359 0.85662925
v 0.83521521 4.03201914 0.73159420
v 0.85820782 4.03818655 0.79384327
v 0.74117827 4.03999281 0.71966380
v 0.74389976 4.07470989 0.71618348
v -0.45188141 4.13404703 0.72494799
v -0.44915992 4.16876459 0.72146767
v 0.82300413 4.03291893 0.72176445
v 0.14456089 4.08585644 0.72325957
v 0.80135363 4.03383589 0.72308177
v 0.82585979 4.06934786 0.71811253
v 0.27954677 4.11265373 0.71894449
v 0.80435008 4.07206059 0.71924978
v 0.85028255 4.05289602 0.72138691
v 0.83673441 4.06943369 0.72140211
v 0.85925490 4.06569862 0.72476667
v 0.83378488 4.03180742 0.72517407
v 0.85666126 4.03261280 0.72808343
v -0.53378314 4.13988161 0.72777373
v -0.51224560 4.13739347 0.72889978
v -0.53092742 4.17631006 0.72412181
v -0.50924915 4.17561817 0.72506785
v -0.55759668 4.16388607 0.72762251
v -0.54162484 4.17809677 0.72750694
v -0.56442201 4.17793417 0.73107219
v -0.54457438 4.14047050 0.73127890
v -0.56701553 4.14484787 0.73438901
v 0.74300903 4.05482340 0.86903781
v 0.74573052 4.08954096 0.86555743
v -0.45005065 4.14887810 0.87432200
v -0.44732916 4.18359566 0.87084162
v 0.82477659 4.04727793 0.86638367
v 0.14637138 4.10052299 0.87097603
v 0.80309844 4.04797029 0.86543763
v 0.82763225 4.08370686 0.86273170
v 0.28135726 4.12732029 0.86666095
v 0.80609477 4.08619452 0.86160564
v 0.85200793 4.06687307 0.86216408
v 0.83842355 4.08311796 0.85922658
v 0.86086470 4.07874012 0.85611641
v 0.83547395 4.04549170 0.86299855
v 0.85827112 4.04565430 0.85943329
v -0.53201061 4.15424013 0.87239295
v -0.51050091 4.15152740 0.87125564
v -0.52915496 4.19066906 0.86874104
v -0.50750446 4.18975258 0.86742365
v -0.55587131 4.17786360 0.86839962
v -0.53993559 4.19178104 0.86533141
v -0.56281209 4.19097519 0.86242205
v -0.54288518 4.15415478 0.86910337
v -0.56540561 4.15788984 0.86573881
v -0.47980055 4.14761400 0.86259270
v 0.77208894 4.04892111 0.85704803
v -0.48133478 4.13518524 0.73741543
v 0.77055466 4.03649282 0.73187065
v -0.52547610 4.14516068 0.80018103
v 0.81626451 4.03938437 0.79423845
v -0.47670558 4.18709517 0.85863483
v 0.77518386 4.08840275 0.85309005
v -0.47823980 4.17466688 0.73345745
v 0.77364969 4.07597446 0.72791272
v -0.52241546 4.18420410 0.79626703
v 0.81932521 4.07842779 0.79032439
v -0.14726640 4.46198130 1.00780141
v -0.58339787 4.48664713 0.99242425
v -0.13393936 4.73437357 1.06674039
v -0.57007092 4.75903893 1.05136335
v -0.35338813 4.73547077 1.08025455
v -0.36608887 4.47587919 1.02408516
v -0.30652145 4.74115324 1.04339743
v -0.31922218 4.48156166 0.98722816
v -0.58677894 4.62665176 1.00656033
v -0.58851427 4.61880922 1.04319882
v -0.12914175 4.60077047 1.02269554
v -0.13087709 4.59292793 1.05933416
v -0.36543021 4.47214174 0.99940884
v -0.15954097 4.45867968 1.02914381
v -0.15781428 4.46648359 0.99268812
v -0.13665153 4.47148466 0.99565876
v -0.13829708 4.46404791 1.03040123
v -0.57310206 4.48206854 1.01456249
v -0.57137537 4.48987246 0.97810686
v -0.59199631 4.49723673 0.97960430
v -0.59364188 4.48979998 1.01434684
v -0.35188589 4.74897432 1.05930889
v -0.14628069 4.72970724 1.08778763
v -0.14455400 4.73751116 1.05133188
v -0.12401419 4.72978020 1.05154765
v -0.12565976 4.72234297 1.08629012
v -0.55984175 4.75309658 1.07320631
v -0.55811507 4.76090002 1.03675067
v -0.57935899 4.75553179 1.03549325
v -0.58100450 4.74809551 1.07023561
v -0.35975331 4.60560799 1.05248332
v -0.57068908 4.74104548 1.07105470
v -0.13673526 4.71650314 1.08635497
v -0.58273262 4.49488831 1.01779222
v -0.14877875 4.47034645 1.03309238
v -0.31212255 4.61138248 1.01502538
v -0.56887728 4.74923372 1.03280199
v -0.13492347 4.72469139 1.04810226
v -0.58092076 4.50307655 0.97953951
v -0.14696696 4.47853470 0.99483979
v -0.59120721 4.62370968 1.02115965
v -0.12610891 4.59740639 1.03755808
v -0.16117120 4.46103239 1.00716305
v -0.15239066 4.45765018 1.02805197
v -0.15077335 4.46495962 0.99390543
v -0.14039424 4.46698761 0.99567193
v -0.14193556 4.46002150 1.02821386
v -0.56967819 4.48413563 0.99275994
v -0.58022851 4.48184633 1.01296735
v -0.57861114 4.48915577 0.97882080
v -0.58879405 4.49234676 0.97986233
v -0.59033543 4.48538065 1.01240420
v -0.14767933 4.73679352 1.06683111
v -0.13904494 4.73042393 1.08707368
v -0.13742761 4.73773336 1.05292702
v -0.12732062 4.73419905 1.05349016
v -0.12886193 4.72723341 1.08603215
v -0.55618626 4.75989676 1.05242789
v -0.56688267 4.75462008 1.07198906
v -0.56526536 4.76192999 1.03784251
v -0.57572055 4.75955820 1.03768063
v -0.57726181 4.75259256 1.07022250
v -0.15950890 4.72824669 1.08750784
v -0.54687536 4.75015402 1.07385015
v -0.35380161 4.72719860 1.07871342
v -0.55674392 4.74449062 1.07258189
v -0.15027638 4.72150326 1.08691299
v -0.17256695 4.46135283 1.02975845
v -0.55993342 4.48326015 1.01610076
v -0.36569792 4.48404980 1.02610183
v -0.56920320 4.48983574 1.01748061
v -0.16273558 4.46684837 1.03181183
v -0.15772262 4.73632002 1.04979372
v -0.54508913 4.75822687 1.03613603
v -0.30635527 4.73295116 1.04140055
v -0.55492049 4.75273180 1.03408265
v -0.14845289 4.72974396 1.04841375
v -0.17078067 4.46942568 0.99204433
v -0.55814719 4.49133348 0.97838664
v -0.31825158 4.48980236 0.98878890
v -0.56737971 4.49807692 0.97898149
v -0.16091211 4.47508907 0.99331260
v -0.59303474 4.50562811 0.98072290
v -0.58119786 4.74756336 1.03307176
v -0.57676286 4.74179935 1.03114283
v -0.58804351 4.51123333 0.98125392
v -0.58966398 4.62656403 1.00762081
v -0.59473705 4.49793434 1.01666474
v -0.58290023 4.73986959 1.06901360
v -0.57854706 4.73373604 1.06881201
v -0.58982766 4.50317001 1.01892316
v -0.59128940 4.61921787 1.04193878
v -0.13475583 4.47971058 0.99688077
v -0.12291895 4.72164536 1.04922974
v -0.12782836 4.71640968 1.04697132
v -0.13910902 4.48584414 0.99708235
v -0.12636663 4.60036182 1.02395570
v -0.13645817 4.47201681 1.03282261
v -0.12462129 4.71395159 1.08517158
v -0.12961252 4.70834637 1.08464050
v -0.14089318 4.47778082 1.03475165
v -0.12799206 4.59301567 1.05827367
v -0.17247213 4.45744085 1.02707648
v -0.17085299 4.46475935 0.99289101
v -0.56027961 4.47937346 1.01340330
v -0.55866039 4.48669147 0.97921777
v -0.14568749 4.46014023 1.02980578
v -0.36635920 4.46967316 1.02179730
v -0.15264650 4.46243429 1.03089404
v -0.14398853 4.46781826 0.99393535
v -0.32169443 4.47508812 0.98667192
v -0.15086377 4.47049141 0.99325514
v -0.13619369 4.46780777 1.00939906
v -0.14014810 4.47401094 0.99482477
v -0.13259660 4.47908545 0.99861163
v -0.14190294 4.46608019 1.03187466
v -0.13413966 4.47211170 1.03119063
v -0.58671510 4.48508215 1.01425612
v -0.57963568 4.48658276 1.01583934
v -0.58501607 4.49276066 0.97838563
v -0.57785296 4.49463987 0.97820044
v -0.59382886 4.49368906 0.99326384
v -0.58818763 4.49934959 0.97902793
v -0.59536672 4.50525761 0.98229539
v -0.58994251 4.49141932 1.01607776
v -0.59690982 4.49828386 1.01487434
v -0.15899561 4.73288822 1.08667672
v -0.15737647 4.74020624 1.05249119
v -0.54680300 4.75482082 1.07300341
v -0.54518390 4.76213884 1.03881788
v -0.13263996 4.72681952 1.08750880
v -0.35303220 4.74206352 1.08073616
v -0.13980313 4.72493982 1.08769405
v -0.13094100 4.73449755 1.05163825
v -0.30836743 4.74747896 1.04561067
v -0.13802041 4.73299694 1.05005503
v -0.12349277 4.72740221 1.06556904
v -0.12771356 4.72816086 1.04981673
v -0.12074622 4.72129631 1.05102015
v -0.12946840 4.72023010 1.08686650
v -0.12228928 4.71432257 1.08359909
v -0.57366753 4.75176191 1.07195914
v -0.56679237 4.74908829 1.07263935
v -0.57196856 4.75943995 1.03608859
v -0.56500959 4.75714540 1.03500032
v -0.58112788 4.75328350 1.04943383
v -0.57575315 4.75349951 1.03401983
v -0.58351648 4.74746799 1.03470385
v -0.57750797 4.74556923 1.07106972
v -0.58505940 4.74049425 1.06728280
v -0.55756706 4.73255014 1.07018459
v -0.15063682 4.70953655 1.08453202
v -0.56886059 4.50172186 1.02023888
v -0.16193034 4.47870779 1.03458643
v -0.57780677 4.61800766 1.04448116
v -0.14167018 4.59334230 1.05985832
v -0.55572581 4.74087238 1.03130805
v -0.14879549 4.71785784 1.04565561
v -0.56701922 4.51004362 0.98136246
v -0.16008899 4.48703003 0.99570990
v -0.57598591 4.62623787 1.00603604
v -0.13984928 4.60157204 1.02141333
v -0.54896063 5.04829788 1.11296678
v 0.88916260 4.92720461 1.13161778
v -0.57070464 4.78458691 1.07742119
v 0.86741865 4.66349411 1.09607208
v 0.14831446 4.72719336 1.11049795
v 0.16903667 4.97851133 1.14437330
v 0.00072021 4.74488020 1.06956697
v 0.02144243 4.99619865 1.10344219
v 0.91411406 4.79437876 1.09913278
v 0.91321635 4.78944206 1.13630438
v -0.59492326 4.92144251 1.07956219
v -0.59582102 4.91650629 1.11673379
v 0.17028375 4.98993063 1.12235534
v -0.51233166 5.04159451 1.13526726
v -0.51143849 5.04650593 1.09828115
v -0.58085752 5.04602814 1.09742606
v -0.58170879 5.04134750 1.13267410
v 0.85136664 4.92676783 1.15295303
v 0.85225987 4.93167973 1.11596692
v 0.92062056 4.91960049 1.11689866
v 0.91976929 4.91491938 1.15214670
v 0.14818522 4.72192097 1.08623016
v -0.53396678 4.77920485 1.09989965
v -0.53307360 4.78411674 1.06291354
v -0.60147625 4.79596519 1.06371999
v -0.60232753 4.79128456 1.09896791
v 0.82973152 4.66437864 1.11758542
v 0.83062470 4.66929007 1.08059943
v 0.90000182 4.66953754 1.08319259
v 0.89915061 4.66485643 1.11844051
v 0.15866788 4.85281038 1.12775350
v 0.86432421 4.67346525 1.12055564
v -0.56661820 4.79395342 1.10199797
v 0.88397402 4.91177750 1.15267789
v -0.54696846 5.03226566 1.13412011
v 0.00866733 4.87078571 1.08615530
v 0.86526150 4.67861891 1.08174646
v -0.56568092 4.79910707 1.06318867
v 0.88491130 4.91693115 1.11386859
v -0.54603118 5.03741932 1.09531093
v 0.92605448 4.79135799 1.11423767
v -0.60758549 4.92049360 1.09434795
v -0.50328606 5.04606485 1.11399364
v -0.53577197 5.04457712 1.13390458
v -0.53493530 5.04917812 1.09926116
v -0.56907833 5.04923201 1.09927261
v -0.56987566 5.04484749 1.13228810
v 0.84374654 4.93264151 1.13146317
v 0.87500298 4.92578697 1.15220082
v 0.87583965 4.93038750 1.11755753
v 0.90949929 4.92473269 1.11844826
v 0.90870202 4.92034817 1.15146363
v -0.52529907 4.77909231 1.07800817
v -0.55754656 4.78049707 1.09830916
v -0.55670989 4.78509760 1.06366563
v -0.59040886 4.79053640 1.06440294
v -0.59120625 4.78615189 1.09741831
v 0.82173353 4.66566944 1.09547782
v 0.85322845 4.66170645 1.11660540
v 0.85406506 4.66630745 1.08196199
v 0.88816875 4.66603708 1.08357847
v 0.88737142 4.66165257 1.11659396
v -0.49062946 4.77748442 1.10136783
v 0.78669339 4.66993093 1.11793339
v 0.14896491 4.73512077 1.11181200
v 0.81866467 4.67315102 1.11953855
v -0.52164304 4.78600788 1.10215616
v -0.46932438 5.03587246 1.13619602
v 0.80799854 4.92831898 1.15276158
v 0.16837457 4.97052050 1.14354157
v 0.83899283 4.91969013 1.15276968
v -0.50131500 5.03254700 1.13538730
v -0.48970538 4.78256559 1.06310499
v 0.78761744 4.67501211 1.07967055
v -0.00045482 4.75302649 1.07037473
v 0.81960803 4.67833757 1.08047938
v -0.52069968 4.79119492 1.06309688
v -0.46840030 5.04095364 1.09793317
v 0.80892253 4.93340015 1.11449873
v 0.01895483 4.98842621 1.10210431
v 0.83993620 4.92487669 1.11371040
v -0.50037163 5.03773355 1.09632802
v 0.92481995 4.91135454 1.11528552
v 0.90550721 4.67713022 1.08371437
v 0.89057565 4.68404722 1.08338010
v 0.90898091 4.90726471 1.11346757
v 0.92341769 4.79343653 1.10043097
v 0.92393923 4.90651226 1.15175033
v 0.90462655 4.67228746 1.12017918
v 0.88965273 4.67897224 1.12159741
v 0.90805793 4.90218925 1.15168500
v 0.92257679 4.78881216 1.13524830
v -0.58633339 5.03859711 1.09568739
v -0.60564619 4.80437231 1.06411624
v -0.58976489 4.80869532 1.06418157
v -0.57135963 5.03191280 1.09426916
v -0.60428375 4.92207241 1.08061826
v -0.58721411 5.03375483 1.13215220
v -0.60652691 4.79953003 1.10058105
v -0.59068787 4.80361986 1.10239899
v -0.57228255 5.02683735 1.13248646
v -0.60512465 4.91744804 1.11543560
v -0.46966675 5.04031134 1.13495469
v -0.46882913 5.04491758 1.10027182
v 0.80911011 4.93263578 1.15153897
v 0.80994767 4.93724155 1.11685622
v -0.55778283 5.04334211 1.13409936
v 0.16956966 4.98482895 1.14429212
v -0.53482562 5.03925371 1.13502443
v -0.55690390 5.04817486 1.09770703
v 0.02890963 5.00168467 1.10528409
v -0.53390330 5.04432487 1.09683776
v -0.58492100 5.04511023 1.11150372
v -0.56895041 5.04316282 1.09614134
v -0.59376854 5.03912735 1.09731531
v -0.56985819 5.03817129 1.13373029
v -0.59456682 5.03473759 1.13036835
v 0.89648491 4.92088938 1.15295982
v 0.87315124 4.92069912 1.15328431
v 0.89736384 4.92572212 1.11656737
v 0.87407351 4.92577028 1.11509776
v 0.92410952 4.91804695 1.13107419
v 0.90843910 4.91876364 1.11530149
v 0.93219465 4.91063738 1.11710548
v 0.90753132 4.91377211 1.15289044
v 0.93139631 4.90624857 1.15015841
v -0.49165460 4.77364302 1.09901035
v -0.49081698 4.77824879 1.06432748
v 0.78712219 4.66596699 1.11559474
v 0.78795981 4.67057323 1.08091187
v -0.57907081 4.78516245 1.09929919
v 0.14782573 4.72111940 1.10874653
v -0.55578041 4.78511477 1.10076880
v -0.57819182 4.78999519 1.06290674
v 0.00716572 4.73797560 1.06973863
v -0.55485821 4.79018545 1.06258225
v -0.60564345 4.79378939 1.07762802
v -0.58923817 4.79711294 1.06297612
v -0.61310321 4.80463600 1.06570816
v -0.59014601 4.79212093 1.10056508
v -0.61390156 4.80024719 1.09876108
v 0.87519693 4.66270971 1.11815953
v 0.85219640 4.66655970 1.11902881
v 0.87607586 4.66754246 1.08176708
v 0.85311866 4.67163086 1.08084226
v 0.90338713 4.66672564 1.09719861
v 0.88815129 4.67271376 1.08213639
v 0.91285992 4.67614698 1.08549821
v 0.88724345 4.66772175 1.11972523
v 0.91206163 4.67175770 1.11855125
v 0.82037389 4.68459511 1.12129450
v -0.52145952 4.79758024 1.10389233
v 0.83880007 4.90806627 1.15141630
v -0.50303334 5.02105188 1.13401425
v 0.87774569 4.79230547 1.13676107
v -0.56039453 4.91340017 1.11810994
v 0.82132643 4.68983269 1.08185244
v -0.52050704 4.80281830 1.06445026
v 0.83975261 4.91330433 1.11197424
v -0.50208086 5.02628946 1.09457207
v 0.87868768 4.79748487 1.09775662
v -0.55945253 4.91857958 1.07910550
v -0.56142652 5.03852177 1.14183354
v 0.03363052 5.00298882 1.15700650
v -0.57521915 4.78678179 1.09322023
v 0.01983790 4.75124884 1.10839319
v -0.27820426 4.77059317 1.12464702
v -0.26505986 5.01050282 1.17097592
v -0.33823872 4.78164577 1.08444643
v -0.32509428 5.02155542 1.13077521
v 0.04196002 4.87911463 1.11804628
v 0.04060113 4.87207937 1.15486419
v -0.58243936 4.91639900 1.10212517
v -0.58379823 4.90936375 1.13894308
v -0.26377729 5.02285004 1.14959168
v -0.54686445 5.03282547 1.16380274
v -0.54551226 5.03982544 1.12716866
v -0.57437122 5.03547955 1.12616646
v -0.57565975 5.02880859 1.16107905
v 0.01739757 4.99913168 1.17819047
v 0.01874972 5.00613213 1.14155638
v 0.04690040 4.99838209 1.14200783
v 0.04561180 4.99171066 1.17692041
v -0.27779475 4.76700592 1.10018587
v -0.56058794 4.78234625 1.11543310
v -0.55923587 4.78934669 1.07879889
v -0.58745003 4.79676771 1.08006895
v -0.58873856 4.79009628 1.11498165
v 0.00367406 4.74865294 1.12982082
v 0.00502621 4.75565290 1.09318662
v 0.03382156 4.75966978 1.09591043
v 0.03253296 4.75299883 1.13082302
v -0.27164370 4.89048815 1.14812636
v 0.01818229 4.75914192 1.13329768
v -0.57390350 4.79449701 1.11820042
v 0.03064651 4.98663616 1.17722893
v -0.56143928 5.02199125 1.16213167
v -0.33265689 4.90172005 1.10727036
v 0.01960109 4.76648712 1.09485769
v -0.57248479 4.80184221 1.07976055
v 0.03206532 4.99398136 1.13878894
v -0.56002051 5.02933645 1.12369180
v 0.04650364 4.87598181 1.13297915
v -0.58807570 4.91387463 1.11679840
v -0.54250371 5.03891182 1.14282894
v -0.55651695 5.03443575 1.16255009
v -0.55525041 5.04099274 1.12823629
v -0.56944841 5.03910589 1.12818849
v -0.57065547 5.03285694 1.16088986
v 0.01486245 5.00563002 1.15704072
v 0.02722416 4.99957895 1.17743456
v 0.02849065 5.00613546 1.14312077
v 0.04234753 5.00257397 1.14378834
v 0.04114057 4.99632502 1.17648971
v -0.55646682 4.78405857 1.09361434
v -0.57032883 4.78234291 1.11386859
v -0.56906229 4.78889942 1.07955492
v -0.58297879 4.79215336 1.08049977
v -0.58418578 4.78590441 1.11320102
v 0.00089927 4.75077677 1.10782623
v 0.01341224 4.74748564 1.12875307
v 0.01467873 4.75404263 1.09443939
v 0.02881722 4.75562143 1.09609950
v 0.02761026 4.74937248 1.12880087
v -0.54263669 4.78306866 1.11688983
v -0.01411452 4.75150919 1.13036633
v -0.27779683 4.77814531 1.12635314
v -0.00078853 4.75631094 1.13218510
v -0.55537212 4.78942680 1.11804414
v -0.52912253 5.02972698 1.16452193
v -0.00060035 4.99816751 1.17799842
v -0.26548496 5.00285912 1.16974747
v 0.01210597 4.99165869 1.17763293
v -0.54247767 5.02477455 1.16349196
v -0.54123789 4.79031086 1.07899106
v -0.01271572 4.75875139 1.09246755
v -0.33857378 4.78933430 1.08565545
v 0.00063941 4.76370382 1.09349751
v -0.55394417 4.79681969 1.07935655
v -0.52772373 5.03696918 1.12662303
v 0.00079845 5.00540972 1.14009964
v -0.32626191 5.01404810 1.12904978
v 0.01353391 4.99905109 1.13894534
v -0.54104972 5.03216743 1.12480426
v 0.04851009 4.99081755 1.13999641
v 0.03625969 4.76722527 1.09681869
v 0.03020484 4.77302551 1.09680271
v 0.04187954 4.98611021 1.13795137
v 0.04577837 4.87866116 1.11931074
v 0.04717705 4.98391581 1.17611432
v 0.03492665 4.76032352 1.13293648
v 0.02880772 4.76579189 1.13465643
v 0.04048242 4.97887707 1.17580509
v 0.04450551 4.87207127 1.15379667
v -0.57676488 5.02815437 1.12405288
v -0.58901525 4.80456257 1.08087516
v -0.58232063 4.80960131 1.08118427
v -0.57064593 5.02268648 1.12233305
v -0.58634377 4.91640711 1.10319269
v -0.57809794 5.02125311 1.16017067
v -0.59034836 4.79766083 1.11699295
v -0.58371776 4.80236816 1.11903799
v -0.57204306 5.01545286 1.16018665
v -0.58761656 4.90981722 1.13767862
v -0.52914131 5.03403664 1.16350448
v -0.52787334 5.04060078 1.12915170
v -0.00001755 5.00244093 1.17699623
v 0.00125037 5.00900555 1.14264345
v -0.56570125 5.03199148 1.16264296
v -0.26470229 5.01659107 1.17121041
v -0.55626279 5.02932119 1.16340327
v -0.56437075 5.03887892 1.12659681
v -0.32191619 5.02712393 1.13289857
v -0.55486673 5.03654861 1.12558007
v -0.57641411 5.03351593 1.14015079
v -0.56944978 5.03348827 1.12476420
v -0.57988417 5.02814198 1.12568903
v -0.57082397 5.02637386 1.16199553
v -0.58109254 5.02188587 1.15842748
v 0.03603596 4.99605989 1.17798638
v 0.02632052 4.99453259 1.17825830
v 0.03736638 5.00294733 1.14194012
v 0.02771654 5.00176096 1.14043498
v 0.04798244 4.99623108 1.15607190
v 0.04185463 4.99698544 1.14035153
v 0.05151867 4.99043894 1.14178872
v 0.04048049 4.98987103 1.17758274
v 0.05031031 4.98418331 1.17452717
v -0.54308861 4.77947283 1.11434591
v -0.54182070 4.78603745 1.07999313
v -0.01396484 4.74787760 1.12783766
v -0.01269692 4.75444174 1.09348488
v -0.57920456 4.78553104 1.11504924
v -0.27849483 4.76485205 1.12259734
v -0.56955481 4.78671741 1.11655450
v -0.57787418 4.79241848 1.07900310
v -0.33570877 4.77538490 1.08428550
v -0.56815875 4.79394531 1.07873118
v -0.58955878 4.79360294 1.09382141
v -0.58231866 4.79860735 1.07940662
v -0.59214848 4.80429506 1.08246219
v -0.58369285 4.79149294 1.11663795
v -0.59335697 4.79803944 1.11520064
v 0.02253261 4.74959946 1.13039255
v 0.01302854 4.75192976 1.13140941
v 0.02386303 4.75648689 1.09434640
v 0.01442456 4.75915718 1.09358609
v 0.03483785 4.75631857 1.10974252
v 0.02898571 4.76210451 1.09499383
v 0.03925429 4.76659250 1.09856188
v 0.02761155 4.75499010 1.13222516
v 0.03804594 4.76033640 1.13130045
v 0.00012338 4.76726627 1.13450885
v -0.55509150 4.80041981 1.12035179
v 0.01181138 4.98059320 1.17570436
v -0.54340351 5.01374674 1.16154730
v 0.02589994 4.87278175 1.15539789
v -0.56916410 4.90831470 1.14022470
v 0.00156528 4.77473164 1.09544206
v -0.55364960 4.80788469 1.08128500
v 0.01325329 4.98805857 1.13663757
v -0.54196161 5.02121210 1.12248051
v 0.02732587 4.88016367 1.11676466
v -0.56773818 4.91569662 1.10159159
v 0.90240920 4.92822170 1.16567814
v 0.31615424 4.99189711 1.17067432
v 0.90408331 4.93215799 1.31196344
v 0.31782842 4.99583292 1.31695950
v 0.60842609 4.94092226 1.31167114
v 0.60683060 4.93717146 1.17226028
v 0.67321622 4.97345972 1.31005418
v 0.67162073 4.96970844 1.17064333
v 0.30418608 5.01064920 1.24351192
v 0.30014634 4.97337389 1.24456096
v 0.91934925 4.94383430 1.23826945
v 0.91530949 4.90655899 1.23931849
v 0.60929269 4.96025467 1.16697729
v 0.88486284 4.90791130 1.16679227
v 0.88888240 4.94500113 1.16574824
v 0.91691029 4.94117117 1.16895235
v 0.91307956 4.90582466 1.16994727
v 0.32894745 4.96829081 1.17152977
v 0.33296698 5.00538063 1.17048573
v 0.30482852 5.00765133 1.17416847
v 0.30099788 4.97230482 1.17516339
v 0.61099416 4.96425486 1.31564760
v 0.88652861 4.91182756 1.31234467
v 0.89054817 4.94891739 1.31130075
v 0.91849768 4.94490337 1.30766714
v 0.91466701 4.90955687 1.30866194
v 0.33061320 4.97220707 1.31708217
v 0.33463272 5.00929689 1.31603825
v 0.30641598 5.01138353 1.31288326
v 0.30258533 4.97603703 1.31387806
v 0.60759377 4.93872833 1.24197471
v 0.31673154 4.97260189 1.31054664
v 0.90005928 4.90924501 1.30557537
v 0.31521866 4.96904516 1.17835045
v 0.89854634 4.90568829 1.17337930
v 0.67344022 4.97179556 1.24033141
v 0.32094926 5.01151991 1.30945110
v 0.90427697 4.94816303 1.30448008
v 0.31943634 5.00796318 1.17725503
v 0.90276408 4.94460630 1.17228389
v 0.29754716 4.99620676 1.24397647
v 0.92273974 4.92830276 1.23864841
v 0.88380867 4.92999744 1.16493785
v 0.89458025 4.90803099 1.16620839
v 0.89834517 4.94277143 1.16523051
v 0.91209376 4.94049406 1.16662931
v 0.90850574 4.90738630 1.16756117
v 0.33468705 4.98963928 1.16961753
v 0.31947389 4.97049522 1.17110944
v 0.32323882 5.00523567 1.17013168
v 0.30934748 5.00596046 1.17176592
v 0.30575952 4.97285271 1.17269778
v 0.88550353 4.93398190 1.31303251
v 0.89625674 4.91197252 1.31269884
v 0.90002167 4.94671297 1.31172097
v 0.91373610 4.94435549 1.31013274
v 0.91014814 4.91124725 1.31106448
v 0.33638194 4.99362421 1.31771207
v 0.32115036 4.97443628 1.31759989
v 0.32491532 5.00917673 1.31662202
v 0.31098983 5.00982189 1.31526923
v 0.30740181 4.97671366 1.31620109
v 0.86884093 4.91306973 1.31140268
v 0.34813666 4.96962500 1.31584024
v 0.60834932 4.94056177 1.30726278
v 0.33521783 4.97053146 1.31267440
v 0.88159800 4.91118717 1.30801821
v 0.86720061 4.90921259 1.16807032
v 0.34649634 4.96576834 1.17250764
v 0.60685492 4.93704844 1.17668223
v 0.33365273 4.96685171 1.17591476
v 0.88003290 4.90750790 1.17125845
v 0.87299925 4.95143986 1.31032276
v 0.35229498 5.00799513 1.31476021
v 0.67394078 4.97350168 1.30562580
v 0.33946267 5.00970030 1.31157196
v 0.88584286 4.95035601 1.30691576
v 0.87135893 4.94758320 1.16699028
v 0.35065463 5.00413847 1.17142773
v 0.67244637 4.96998787 1.17504525
v 0.33789757 5.00602055 1.17481232
v 0.88427770 4.94667625 1.17015600
v 0.30297282 5.00859404 1.17856121
v 0.30445975 5.01208973 1.30848980
v 0.31080055 5.01220417 1.30535865
v 0.30938345 5.00887251 1.18153584
v 0.30025387 5.00988245 1.24357748
v 0.29900995 4.97202730 1.17959034
v 0.30049691 4.97552252 1.30951917
v 0.30664718 4.97387981 1.30643737
v 0.30523011 4.97054815 1.18261445
v 0.29646996 4.97496700 1.24456024
v 0.91899866 4.94168520 1.17331135
v 0.92048562 4.94518089 1.30324018
v 0.91426545 4.94666004 1.30021596
v 0.91284847 4.94332790 1.17639303
v 0.92302561 4.94224072 1.23827016
v 0.91503578 4.90511799 1.17434061
v 0.91652280 4.90861416 1.30426919
v 0.91011208 4.90833569 1.30129468
v 0.90869504 4.90500355 1.17747176
v 0.91924167 4.90732574 1.23925292
v 0.86766511 4.91091394 1.16572046
v 0.87143439 4.94569397 1.16474152
v 0.34636825 4.96753359 1.17016292
v 0.35013747 5.00231409 1.16918397
v 0.90336889 4.90623522 1.16779399
v 0.60689086 4.93799782 1.16879761
v 0.89384896 4.90639067 1.16902053
v 0.90732396 4.94272947 1.16676688
v 0.66863698 4.96900654 1.16725659
v 0.89799899 4.94468403 1.16794264
v 0.91691965 4.92691326 1.16898668
v 0.91214025 4.94290829 1.17007422
v 0.92183095 4.93964434 1.17325997
v 0.90805519 4.90521383 1.17113519
v 0.91823894 4.90649939 1.17419279
v 0.31053257 4.97062492 1.17284620
v 0.31988329 4.96873093 1.17391181
v 0.31448761 5.00711918 1.17181909
v 0.32403326 5.00702429 1.17283404
v 0.30175906 4.99372768 1.17422915
v 0.30987835 5.00832176 1.17520678
v 0.29976797 5.00720882 1.17856109
v 0.30579326 4.97062778 1.17626774
v 0.29617587 4.97406340 1.17949390
v 0.86935806 4.91489410 1.31364644
v 0.87312728 4.94967413 1.31266749
v 0.34806117 4.97151375 1.31808889
v 0.35183042 5.00629425 1.31710994
v 0.90500796 4.91008902 1.31101131
v 0.60856491 4.94193411 1.31508207
v 0.89546233 4.91018391 1.30999637
v 0.90896302 4.94658327 1.30998421
v 0.67031115 4.97294235 1.31354117
v 0.89961231 4.94847679 1.30891860
v 0.91851509 4.93066454 1.30839920
v 0.91370231 4.94658041 1.30656278
v 0.92331976 4.94314432 1.30333650
v 0.90961725 4.90888596 1.30762374
v 0.91972756 4.90999889 1.30426943
v 0.31217164 4.97447824 1.31606352
v 0.32149667 4.97252417 1.31488776
v 0.31612667 5.01097298 1.31503642
v 0.32564667 5.01081753 1.31380999
v 0.30335459 4.99747896 1.31364155
v 0.31144038 5.01199436 1.31169522
v 0.30125666 5.01070881 1.30863774
v 0.30735531 4.97429991 1.31275630
v 0.29766455 4.97756338 1.30957055
v 0.33481285 4.97020102 1.30628467
v 0.88181496 4.91078949 1.30162299
v 0.33339417 4.96686602 1.18232059
v 0.88039625 4.90745401 1.17765915
v 0.31449741 4.97088528 1.24446380
v 0.90075928 4.90720940 1.23946762
v 0.33909935 5.00975370 1.30517137
v 0.88610142 4.95034218 1.30050981
v 0.33768064 5.00641823 1.18120742
v 0.88468277 4.94700718 1.17654586
v 0.31873634 5.00999880 1.24336290
v 0.90499818 4.94632292 1.23836672
f 1 47 44
f 1 44 43
f 1 43 45
f 1 45 46
f 1 46 47
f 2 49 52
f 6 72 70
f 12 102 99
f 11 96 95
f 8 79 81
f 4 62 59
f 4 59 58
f 4 58 60
f 4 60 61
f 4 61 62
f 5 66 65
f 3 54 57
f 7 73 77
f 9 85 86
f 10 92 88
f 12 101 98
f 6 69 68
f 2 50 48
f 8 82 78
f 11 97 93
f 6 71 69
f 12 100 101
f 11 94 97
f 8 80 82
f 2 51 50
f 10 90 89
f 5 63 64
f 3 55 53
f 7 76 74
f 9 87 84
f 10 91 90
f 5 67 63
f 3 56 55
f 7 75 76
f 9 83 87
f 6 68 72
f 2 48 49
f 8 78 79
f 11 93 96
f 12 98 102
f 10 88 91
f 5 65 67
f 3 57 56
f 7 77 75
f 9 86 83
f 5 64 66
f 3 53 54
f 7 74 73
f 9 84 85
f 10 89 92
f 6 70 71
f 12 99 100
f 11 95 94
f 8 81 80
f 2 52 51
f 35 109 116
f 18 105 108
f 19 111 106
f 40 114 112
f 42 117 115
f 34 125 119
f 33 152 156
f 25 137 139
f 36 158 160
f 20 123 120
f 32 143 149
f 23 127 132
f 24 135 128
f 37 147 145
f 41 150 148
f 34 153 155
f 33 140 133
f 25 138 134
f 36 159 157
f 20 122 124
f 17 107 47
f 14 103 44
f 13 104 43
f 15 110 45
f 16 113 46
f 18 118 49
f 35 154 72
f 42 141 102
f 40 162 96
f 19 121 79
f 30 142 62
f 27 129 59
f 22 130 58
f 28 144 60
f 29 146 61
f 32 151 66
f 23 131 54
f 24 136 73
f 37 161 85
f 41 126 92
f 35 116 101
f 18 108 69
f 19 106 50
f 40 112 82
f 42 115 97
f 34 119 71
f 33 156 100
f 25 139 94
f 36 160 80
f 20 120 51
f 32 149 90
f 23 132 63
f 24 128 55
f 37 145 76
f 41 148 87
f 34 155 91
f 33 133 67
f 25 134 56
f 36 157 75
f 20 124 83
f 14 109 68
f 13 105 48
f 15 111 78
f 16 114 93
f 17 117 98
f 21 125 88
f 31 152 65
f 26 137 57
f 38 158 77
f 39 123 86
f 27 143 64
f 22 127 53
f 28 135 74
f 29 147 84
f 30 150 89
f 31 153 70
f 26 140 99
f 38 138 95
f 39 159 81
f 21 122 52
f 14 107 109
f 13 103 105
f 15 104 111
f 16 110 114
f 17 113 117
f 21 118 125
f 31 154 152
f 26 141 137
f 38 162 158
f 39 121 123
f 27 142 143
f 22 129 127
f 28 130 135
f 29 144 147
f 30 146 150
f 31 151 153
f 26 131 140
f 38 136 138
f 39 161 159
f 21 126 122
f 14 44 107
f 13 43 103
f 15 45 104
f 16 46 110
f 17 47 113
f 21 52 118
f 31 70 154
f 26 99 141
f 38 95 162
f 39 81 121
f 27 59 142
f 22 58 129
f 28 60 130
f 29 61 144
f 30 62 146
f 31 65 151
f 26 57 131
f 38 77 136
f 39 86 161
f 21 88 126
f 17 98 116
f 14 68 108
f 13 48 106
f 15 78 112
f 16 93 115
f 18 69 119
f 35 101 156
f 42 97 139
f 40 82 160
f 19 50 120
f 30 89 149
f 27 64 132
f 22 53 128
f 28 74 145
f 29 84 148
f 32 90 155
f 23 63 133
f 24 55 134
f 37 76 157
f 41 87 124
f 35 72 109
f 18 49 105
f 19 79 111
f 40 96 114
f 42 102 117
f 34 91 125
f 33 67 152
f 25 56 137
f 36 75 158
f 20 83 123
f 32 66 143
f 23 54 127
f 24 73 135
f 37 85 147
f 41 92 150
f 34 71 153
f 33 100 140
f 25 94 138
f 36 80 159
f 20 51 122
f 17 116 107
f 14 108 103
f 13 106 104
f 15 112 110
f 16 115 113
f 18 119 118
f 35 156 154
f 42 139 141
f 40 160 162
f 19 120 121
f 30 149 142
f 27 132 129
f 22 128 130
f 28 145 144
f 29 148 146
f 32 155 151
f 23 133 131
f 24 134 136
f 37 157 161
f 41 124 126
f 107 44 47
f 103 43 44
f 104 45 43
f 110 46 45
f 113 47 46
f 118 52 49
f 154 70 72
f 141 99 102
f 162 95 96
f 121 81 79
f 142 59 62
f 129 58 59
f 130 60 58
f 144 61 60
f 146 62 61
f 151 65 66
f 131 57 54
f 136 77 73
f 161 86 85
f 126 88 92
f 116 98 101
f 108 68 69
f 106 48 50
f 112 78 82
f 115 93 97
f 119 69 71
f 156 101 100
f 139 97 94
f 160 82 80
f 120 50 51
f 149 89 90
f 132 64 63
f 128 53 55
f 145 74 76
f 148 84 87
f 155 90 91
f 133 63 67
f 134 55 56
f 157 76 75
f 124 87 83
f 109 72 68
f 105 49 48
f 111 79 78
f 114 96 93
f 117 102 98
f 125 91 88
f 152 67 65
f 137 56 57
f 158 75 77
f 123 83 86
f 143 66 64
f 127 54 53
f 135 73 74
f 147 85 84
f 150 92 89
f 153 71 70
f 140 100 99
f 138 94 95
f 159 80 81
f 122 51 52
f 107 116 109
f 103 108 105
f 104 106 111
f 110 112 114
f 113 115 117
f 118 119 125
f 154 156 152
f 141 139 137
f 162 160 158
f 121 120 123
f 142 149 143
f 129 132 127
f 130 128 135
f 144 145 147
f 146 148 150
f 151 155 153
f 131 133 140
f 136 134 138
f 161 157 159
f 126 124 122
f 163 209 206
f 163 206 205
f 163 205 207
f 163 207 208
f 163 208 209
f 164 211 214
f 168 234 232
f 174 264 261
f 173 258 257
f 170 241 243
f 166 224 221
f 166 221 220
f 166 220 222
f 166 222 223
f 166 223 224
f 167 228 227
f 165 216 219
f 169 235 239
f 171 247 248
f 172 254 250
f 174 263 260
f 168 231 230
f 164 212 210
f 170 244 240
f 173 259 255
f 168 233 231
f 174 262 263
f 173 256 259
f 170 242 244
f 164 213 212
f 172 252 251
f 167 225 226
f 165 217 215
f 169 238 236
f 171 249 246
f 172 253 252
f 167 229 225
f 165 218 217
f 169 237 238
f 171 245 249
f 168 230 234
f 164 210 211
f 170 240 241
f 173 255 258
f 174 260 264
f 172 250 253
f 167 227 229
f 165 219 218
f 169 239 237
f 171 248 245
f 167 226 228
f 165 215 216
f 169 236 235
f 171 246 247
f 172 251 254
f 168 232 233
f 174 261 262
f 173 257 256
f 170 243 242
f 164 214 213
f 197 271 278
f 180 267 270
f 181 273 268
f 202 276 274
f 204 279 277
f 196 287 281
f 195 314 318
f 187 299 301
f 198 320 322
f 182 285 282
f 194 305 311
f 185 289 294
f 186 297 290
f 199 309 307
f 203 312 310
f 196 315 317
f 195 302 295
f 187 300 296
f 198 321 319
f 182 284 286
f 179 269 209
f 176 265 206
f 175 266 205
f 177 272 207
f 178 275 208
f 180 280 211
f 197 316 234
f 204 303 264
f 202 324 258
f 181 283 241
f 192 304 224
f 189 291 221
f 184 292 220
f 190 306 222
f 191 308 223
f 194 313 228
f 185 293 216
f 186 298 235
f 199 323 247
f 203 288 254
f 197 278 263
f 180 270 231
f 181 268 212
f 202 274 244
f 204 277 259
f 196 281 233
f 195 318 262
f 187 301 256
f 198 322 242
f 182 282 213
f 194 311 252
f 185 294 225
f 186 290 217
f 199 307 238
f 203 310 249
f 196 317 253
f 195 295 229
f 187 296 218
f 198 319 237
f 182 286 245
f 176 271 230
f 175 267 210
f 177 273 240
f 178 276 255
f 179 279 260
f 183 287 250
f 193 314 227
f 188 299 219
f 200 320 239
f 201 285 248
f 189 305 226
f 184 289 215
f 190 297 236
f 191 309 246
f 192 312 251
f 193 315 232
f 188 302 261
f 200 300 257
f 201 321 243
f 183 284 214
f 176 269 271
f 175 265 267
f 177 266 273
f 178 272 276
f 179 275 279
f 183 280 287
f 193 316 314
f 188 303 299
f 200 324 320
f 201 283 285
f 189 304 305
f 184 291 289
f 190 292 297
f 191 306 309
f 192 308 312
f 193 313 315
f 188 293 302
f 200 298 300
f 201 323 321
f 183 288 284
f 176 206 269
f 175 205 265
f 177 207 266
f 178 208 272
f 179 209 275
f 183 214 280
f 193 232 316
f 188 261 303
f 200 257 324
f 201 243 283
f 189 221 304
f 184 220 291
f 190 222 292
f 191 223 306
f 192 224 308
f 193 227 313
f 188 219 293
f 200 239 298
f 201 248 323
f 183 250 288
f 179 260 278
f 176 230 270
f 175 210 268
f 177 240 274
f 178 255 277
f 180 231 281
f 197 263 318
f 204 259 301
f 202 244 322
f 181 212 282
f 192 251 311
f 189 226 294
f 184 215 290
f 190 236 307
f 191 246 310
f 194 252 317
f 185 225 295
f 186 217 296
f 199 238 319
f 203 249 286
f 197 234 271
f 180 211 267
f 181 241 273
f 202 258 276
f 204 264 279
f 196 253 287
f 195 229 314
f 187 218 299
f 198 237 320
f 182 245 285
f 194 228 305
f 185 216 289
f 186 235 297
f 199 247 309
f 203 254 312
f 196 233 315
f 195 262 302
f 187 256 300
f 198 242 321
f 182 213 284
f 179 278 269
f 176 270 265
f 175 268 266
f 177 274 272
f 178 277 275
f 180 281 280
f 197 318 316
f 204 301 303
f 202 322 324
f 181 282 283
f 192 311 304
f 189 294 291
f 184 290 292
f 190 307 306
f 191 310 308
f 194 317 313
f 185 295 293
f 186 296 298
f 199 319 323
f 203 286 288
f 269 206 209
f 265 205 206
f 266 207 205
f 272 208 207
f 275 209 208
f 280 214 211
f 316 232 234
f 303 261 264
f 324 257 258
f 283 243 241
f 304 221 224
f 291 220 221
f 292 222 220
f 306 223 222
f 308 224 223
f 313 227 228
f 293 219 216
f 298 239 235
f 323 248 247
f 288 250 254
f 278 260 263
f 270 230 231
f 268 210 212
f 274 240 244
f 277 255 259
f 281 231 233
f 318 263 262
f 301 259 256
f 322 244 242
f 282 212 213
f 311 251 252
f 294 226 225
f 290 215 217
f 307 236 238
f 310 246 249
f 317 252 253
f 295 225 229
f 296 217 218
f 319 238 237
f 286 249 245
f 271 234 230
f 267 211 210
f 273 241 240
f 276 258 255
f 279 264 260
f 287 253 250
f 314 229 227
f 299 218 219
f 320 237 239
f 285 245 248
f 305 228 226
f 289 216 215
f 297 235 236
f 309 247 246
f 312 254 251
f 315 233 232
f 302 262 261
f 300 256 257
f 321 242 243
f 284 213 214
f 269 278 271
f 265 270 267
f 266 268 273
f 272 274 276
f 275 277 279
f 280 281 287
f 316 318 314
f 303 301 299
f 324 322 320
f 283 282 285
f 304 311 305
f 291 294 289
f 292 290 297
f 306 307 309
f 308 310 312
f 313 317 315
f 293 295 302
f 298 296 300
f 323 319 321
f 288 286 284
f 325 371 368
f 325 368 367
f 325 367 369
f 325 369 370
f 325 370 371
f 326 373 376
f 330 396 394
f 336 426 423
f 335 420 419
f 332 403 405
f 328 386 383
f 328 383 382
f 328 382 384
f 328 384 385
f 328 385 386
f 329 390 389
f 327 378 381
f 331 397 401
f 333 409 410
f 334 416 412
f 336 425 422
f 330 393 392
f 326 374 372
f 332 406 402
f 335 421 417
f 330 395 393
f 336 424 425
f 335 418 421
f 332 404 406
f 326 375 374
f 334 414 413
f 329 387 388
f 327 379 377
f 331 400 398
f 333 411 408
f 334 415 414
f 329 391 387
f 327 380 379
f 331 399 400
f 333 407 411
f 330 392 396
f 326 372 373
f 332 402 403
f 335 417 420
f 336 422 426
f 334 412 415
f 329 389 391
f 327 381 380
f 331 401 399
f 333 410 407
f 329 388 390
f 327 377 378
f 331 398 397
f 333 408 409
f 334 413 416
f 330 394 395
f 336 423 424
f 335 419 418
f 332 405 404
f 326 376 375
f 359 433 440
f 342 429 432
f 343 435 430
f 364 438 436
f 366 441 439
f 358 449 443
f 357 476 480
f 349 461 463
f 360 482 484
f 344 447 444
f 356 467 473
f 347 451 456
f 348 459 452
f 361 471 469
f 365 474 472
f 358 477 479
f 357 464 457
f 349 462 458
f 360 483 481
f 344 446 448
f 341 431 371
f 338 427 368
f 337 428 367
f 339 434 369
f 340 437 370
f 342 442 373
f 359 478 396
f 366 465 426
f 364 486 420
f 343 445 403
f 354 466 386
f 351 453 383
f 346 454 382
f 352 468 384
f 353 470 385
f 356 475 390
f 347 455 378
f 348 460 397
f 361 485 409
f 365 450 416
f 359 440 425
f 342 432 393
f 343 430 374
f 364 436 406
f 366 439 421
f 358 443 395
f 357 480 424
f 349 463 418
f 360 484 404
f 344 444 375
f 356 473 414
f 347 456 387
f 348 452 379
f 361 469 400
f 365 472 411
f 358 479 415
f 357 457 391
f 349 458 380
f 360 481 399
f 344 448 407
f 338 433 392
f 337 429 372
f 339 435 402
f 340 438 417
f 341 441 422
f 345 449 412
f 355 476 389
f 350 461 381
f 362 482 401
f 363 447 410
f 351 467 388
f 346 451 377
f 352 459 398
f 353 471 408
f 354 474 413
f 355 477 394
f 350 464 423
f 362 462 419
f 363 483 405
f 345 446 376
f 338 431 433
f 337 427 429
f 339 428 435
f 340 434 438
f 341 437 441
f 345 442 449
f 355 478 476
f 350 465 461
f 362 486 482
f 363 445 447
f 351 466 467
f 346 453 451
f 352 454 459
f 353 468 471
f 354 470 474
f 355 475 477
f 350 455 464
f 362 460 462
f 363 485 483
f 345 450 446
f 338 368 431
f 337 367 427
f 339 369 428
f 340 370 434
f 341 371 437
f 345 376 442
f 355 394 478
f 350 423 465
f 362 419 486
f 363 405 445
f 351 383 466
f 346 382 453
f 352 384 454
f 353 385 468
f 354 386 470
f 355 389 475
f 350 381 455
f 362 401 460
f 363 410 485
f 345 412 450
f 341 422 440
f 338 392 432
f 337 372 430
f 339 402 436
f 340 417 439
f 342 393 443
f 359 425 480
f 366 421 463
f 364 406 484
f 343 374 444
f 354 413 473
f 351 388 456
f 346 377 452
f 352 398 469
f 353 408 472
f 356 414 479
f 347 387 457
f 348 379 458
f 361 400 481
f 365 411 448
f 359 396 433
f 342 373 429
f 343 403 435
f 364 420 438
f 366 426 441
f 358 415 449
f 357 391 476
f 349 380 461
f 360 399 482
f 344 407 447
f 356 390 467
f 347 378 451
f 348 397 459
f 361 409 471
f 365 416 474
f 358 395 477
f 357 424 464
f 349 418 462
f 360 404 483
f 344 375 446
f 341 440 431
f 338 432 427
f 337 430 428
f 339 436 434
f 340 439 437
f 342 443 442
f 359 480 478
f 366 463 465
f 364 484 486
f 343 444 445
f 354 473 466
f 351 456 453
f 346 452 454
f 352 469 468
f 353 472 470
f 356 479 475
f 347 457 455
f 348 458 460
f 361 481 485
f 365 448 450
f 431 368 371
f 427 367 368
f 428 369 367
f 434 370 369
f 437 371 370
f 442 376 373
f 478 394 396
f 465 423 426
f 486 419 420
f 445 405 403
f 466 383 386
f 453 382 383
f 454 384 382
f 468 385 384
f 470 386 385
f 475 389 390
f 455 381 378
f 460 401 397
f 485 410 409
f 450 412 416
f 440 422 425
f 432 392 393
f 430 372 374
f 436 402 406
f 439 417 421
f 443 393 395
f 480 425 424
f 463 421 418
f 484 406 404
f 444 374 375
f 473 413 414
f 456 388 387
f 452 377 379
f 469 398 400
f 472 408 411
f 479 414 415
f 457 387 391
f 458 379 380
f 481 400 399
f 448 411 407
f 433 396 392
f 429 373 372
f 435 403 402
f 438 420 417
f 441 426 422
f 449 415 412
f 476 391 389
f 461 380 381
f 482 399 401
f 447 407 410
f 467 390 388
f 451 378 377
f 459 397 398
f 471 409 408
f 474 416 413
f 477 395 394
f 464 424 423
f 462 418 419
f 483 404 405
f 446 375 376
f 431 440 433
f 427 432 429
f 428 430 435
f 434 436 438
f 437 439 441
f 442 443 449
f 478 480 476
f 465 463 461
f 486 484 482
f 445 444 447
f 466 473 467
f 453 456 451
f 454 452 459
f 468 469 471
f 470 472 474
f 475 479 477
f 455 457 464
f 460 458 462
f 485 481 483
f 450 448 446
f 487 533 530
f 487 530 529
f 487 529 531
f 487 531 532
f 487 532 533
f 488 535 538
f 492 558 556
f 498 588 585
f 497 582 581
f 494 565 567
f 490 548 545
f 490 545 544
f 490 544 546
f 490 546 547
f 490 547 548
f 491 552 551
f 489 540 543
f 493 559 563
f 495 571 572
f 496 578 574
f 498 587 584
f 492 555 554
f 488 536 534
f 494 568 564
f 497 583 579
f 492 557 555
f 498 586 587
f 497 580 583
f 494 566 568
f 488 537 536
f 496 576 575
f 491 549 550
f 489 541 539
f 493 562 560
f 495 573 570
f 496 577 576
f 491 553 549
f 489 542 541
f 493 561 562
f 495 569 573
f 492 554 558
f 488 534 535
f 494 564 565
f 497 579 582
f 498 584 588
f 496 574 577
f 491 551 553
f 489 543 542
f 493 563 561
f 495 572 569
f 491 550 552
f 489 539 540
f 493 560 559
f 495 570 571
f 496 575 578
f 492 556 557
f 498 585 586
f 497 581 580
f 494 567 566
f 488 538 537
f 521 595 602
f 504 591 594
f 505 597 592
f 526 600 598
f 528 603 601
f 520 611 605
f 519 638 642
f 511 623 625
f 522 644 646
f 506 609 606
f 518 629 635
f 509 613 618
f 510 621 614
f 523 633 631
f 527 636 634
f 520 639 641
f 519 626 619
f 511 624 620
f 522 645 643
f 506 608 610
f 503 593 533
f 500 589 530
f 499 590 529
f 501 596 531
f 502 599 532
f 504 604 535
f 521 640 558
f 528 627 588
f 526 648 582
f 505 607 565
f 516 628 548
f 513 615 545
f 508 616 544
f 514 630 546
f 515 632 547
f 518 637 552
f 509 617 540
f 510 622 559
f 523 647 571
f 527 612 578
f 521 602 587
f 504 594 555
f 505 592 536
f 526 598 568
f 528 601 583
f 520 605 557
f 519 642 586
f 511 625 580
f 522 646 566
f 506 606 537
f 518 635 576
f 509 618 549
f 510 614 541
f 523 631 562
f 527 634 573
f 520 641 577
f 519 619 553
f 511 620 542
f 522 643 561
f 506 610 569
f 500 595 554
f 499 591 534
f 501 597 564
f 502 600 579
f 503 603 584
f 507 611 574
f 517 638 551
f 512 623 543
f 524 644 563
f 525 609 572
f 513 629 550
f 508 613 539
f 514 621 560
f 515 633 570
f 516 636 575
f 517 639 556
f 512 626 585
f 524 624 581
f 525 645 567
f 507 608 538
f 500 593 595
f 499 589 591
f 501 590 597
f 502 596 600
f 503 599 603
f 507 604 611
f 517 640 638
f 512 627 623
f 524 648 644
f 525 607 609
f 513 628 629
f 508 615 613
f 514 616 621
f 515 630 633
f 516 632 636
f 517 637 639
f 512 617 626
f 524 622 624
f 525 647 645
f 507 612 608
f 500 530 593
f 499 529 589
f 501 531 590
f 502 532 596
f 503 533 599
f 507 538 604
f 517 556 640
f 512 585 627
f 524 581 648
f 525 567 607
f 513 545 628
f 508 544 615
f 514 546 616
f 515 547 630
f 516 548 632
f 517 551 637
f 512 543 617
f 524 563 622
f 525 572 647
f 507 574 612
f 503 584 602
f 500 554 594
f 499 534 592
f 501 564 598
f 502 579 601
f 504 555 605
f 521 587 642
f 528 583 625
f 526 568 646
f 505 536 606
f 516 575 635
f 513 550 618
f 508 539 614
f 514 560 631
f 515 570 634
f 518 576 641
f 509 549 619
f 510 541 620
f 523 562 643
f 527 573 610
f 521 558 595
f 504 535 591
f 505 565 597
f 526 582 600
f 528 588 603
f 520 577 611
f 519 553 638
f 511 542 623
f 522 561 644
f 506 569 609
f 518 552 629
f 509 540 613
f 510 559 621
f 523 571 633
f 527 578 636
f 520 557 639
f 519 586 626
f 511 580 624
f 522 566 645
f 506 537 608
f 503 602 593
f 500 594 589
f 499 592 590
f 501 598 596
f 502 601 599
f 504 605 604
f 521 642 640
f 528 625 627
f 526 646 648
f 505 606 607
f 516 635 628
f 513 618 615
f 508 614 616
f 514 631 630
f 515 634 632
f 518 641 637
f 509 619 617
f 510 620 622
f 523 643 647
f 527 610 612
f 593 530 533
f 589 529 530
f 590 531 529
f 596 532 531
f 599 533 532
f 604 538 535
f 640 556 558
f 627 585 588
f 648 581 582
f 607 567 565
f 628 545 548
f 615 544 545
f 616 546 544
f 630 547 546
f 632 548 547
f 637 551 552
f 617 543 540
f 622 563 559
f 647 572 571
f 612 574 578
f 602 584 587
f 594 554 555
f 592 534 536
f 598 564 568
f 601 579 583
f 605 555 557
f 642 587 586
f 625 583 580
f 646 568 566
f 606 536 537
f 635 575 576
f 618 550 549
f 614 539 541
f 631 560 562
f 634 570 573
f 641 576 577
f 619 549 553
f 620 541 542
f 643 562 561
f 610 573 569
f 595 558 554
f 591 535 534
f 597 565 564
f 600 582 579
f 603 588 584
f 611 577 574
f 638 553 551
f 623 542 543
f 644 561 563
f 609 569 572
f 629 552 550
f 613 540 539
f 621 559 560
f 633 571 570
f 636 578 575
f 639 557 556
f 626 586 585
f 624 580 581
f 645 566 567
f 608 537 538
f 593 602 595
f 589 594 591
f 590 592 597
f 596 598 600
f 599 601 603
f 604 605 611
f 640 642 638
f 627 625 623
f 648 646 644
f 607 606 609
f 628 635 629
f 615 618 613
f 616 614 621
f 630 631 633
f 632 634 636
f 637 641 639
f 617 619 626
f 622 620 624
f 647 643 645
f 612 610 608
f 649 695 692
f 649 692 691
f 649 691 693
f 649 693 694
f 649 694 695
f 650 697 700
f 654 720 718
f 660 750 747
f 659 744 743
f 656 727 729
f 652 710 707
f 652 707 706
f 652 706 708
f 652 708 709
f 652 709 710
f 653 714 713
f 651 702 705
f 655 721 725
f 657 733 734
f 658 740 736
f 660 749 746
f 654 717 716
f 650 698 696
f 656 730 726
f 659 745 741
f 654 719 717
f 660 748 749
f 659 742 745
f 656 728 730
f 650 699 698
f 658 738 737
f 653 711 712
f 651 703 701
f 655 724 722
f 657 735 732
f 658 739 738
f 653 715 711
f 651 704 703
f 655 723 724
f 657 731 735
f 654 716 720
f 650 696 697
f 656 726 727
f 659 741 744
f 660 746 750
f 658 736 739
f 653 713 715
f 651 705 704
f 655 725 723
f 657 734 731
f 653 712 714
f 651 701 702
f 655 722 721
f 657 732 733
f 658 737 740
f 654 718 719
f 660 747 748
f 659 743 742
f 656 729 728
f 650 700 699
f 683 757 764
f 666 753 756
f 667 759 754
f 688 762 760
f 690 765 763
f 682 773 767
f 681 800 804
f 673 785 787
f 684 806 808
f 668 771 768
f 680 791 797
f 671 775 780
f 672 783 776
f 685 795 793
f 689 798 796
f 682 801 803
f 681 788 781
f 673 786 782
f 684 807 805
f 668 770 772
f 665 755 695
f 662 751 692
f 661 752 691
f 663 758 693
f 664 761 694
f 666 766 697
f 683 802 720
f 690 789 750
f 688 810 744
f 667 769 727
f 678 790 710
f 675 777 707
f 670 778 706
f 676 792 708
f 677 794 709
f 680 799 714
f 671 779 702
f 672 784 721
f 685 809 733
f 689 774 740
f 683 764 749
f 666 756 717
f 667 754 698
f 688 760 730
f 690 763 745
f 682 767 719
f 681 804 748
f 673 787 742
f 684 808 728
f 668 768 699
f 680 797 738
f 671 780 711
f 672 776 703
f 685 793 724
f 689 796 735
f 682 803 739
f 681 781 715
f 673 782 704
f 684 805 723
f 668 772 731
f 662 757 716
f 661 753 696
f 663 759 726
f 664 762 741
f 665 765 746
f 669 773 736
f 679 800 713
f 674 785 705
f 686 806 725
f 687 771 734
f 675 791 712
f 670 775 701
f 676 783 722
f 677 795 732
f 678 798 737
f 679 801 718
f 674 788 747
f 686 786 743
f 687 807 729
f 669 770 700
f 662 755 757
f 661 751 753
f 663 752 759
f 664 758 762
f 665 761 765
f 669 766 773
f 679 802 800
f 674 789 785
f 686 810 806
f 687 769 771
f 675 790 791
f 670 777 775
f 676 778 783
f 677 792 795
f 678 794 798
f 679 799 801
f 674 779 788
f 686 784 786
f 687 809 807
f 669 774 770
f 662 692 755
f 661 691 751
f 663 693 752
f 664 694 758
f 665 695 761
f 669 700 766
f 679 718 802
f 674 747 789
f 686 743 810
f 687 729 769
f 675 707 790
f 670 706 777
f 676 708 778
f 677 709 792
f 678 710 794
f 679 713 799
f 674 705 779
f 686 725 784
f 687 734 809
f 669 736 774
f 665 746 764
f 662 716 756
f 661 696 754
f 663 726 760
f 664 741 763
f 666 717 767
f 683 749 804
f 690 745 787
f 688 730 808
f 667 698 768
f 678 737 797
f 675 712 780
f 670 701 776
f 676 722 793
f 677 732 796
f 680 738 803
f 671 711 781
f 672 703 782
f 685 724 805
f 689 735 772
f 683 720 757
f 666 697 753
f 667 727 759
f 688 744 762
f 690 750 765
f 682 739 773
f 681 715 800
f 673 704 785
f 684 723 806
f 668 731 771
f 680 714 791
f 671 702 775
f 672 721 783
f 685 733 795
f 689 740 798
f 682 719 801
f 681 748 788
f 673 742 786
f 684 728 807
f 668 699 770
f 665 764 755
f 662 756 751
f 661 754 752
f 663 760 758
f 664 763 761
f 666 767 766
f 683 804 802
f 690 787 789
f 688 808 810
f 667 768 769
f 678 797 790
f 675 780 777
f 670 776 778
f 676 793 792
f 677 796 794
f 680 803 799
f 671 781 779
f 672 782 784
f 685 805 809
f 689 772 774
f 755 692 695
f 751 691 692
f 752 693 691
f 758 694 693
f 761 695 694
f 766 700 697
f 802 718 720
f 789 747 750
f 810 743 744
f 769 729 727
f 790 707 710
f 777 706 707
f 778 708 706
f 792 709 708
f 794 710 709
f 799 713 714
f 779 705 702
f 784 725 721
f 809 734 733
f 774 736 740
f 764 746 749
f 756 716 717
f 754 696 698
f 760 726 730
f 763 741 745
f 767 717 719
f 804 749 748
f 787 745 742
f 808 730 728
f 768 698 699
f 797 737 738
f 780 712 711
f 776 701 703
f 793 722 724
f 796 732 735
f 803 738 739
f 781 711 715
f 782 703 704
f 805 724 723
f 772 735 731
f 757 720 716
f 753 697 696
f 759 727 726
f 762 744 741
f 765 750 746
f 773 739 736
f 800 715 713
f 785 704 705
f 806 723 725
f 771 731 734
f 791 714 712
f 775 702 701
f 783 721 722
f 795 733 732
f 798 740 737
f 801 719 718
f 788 748 747
f 786 742 743
f 807 728 729
f 770 699 700
f 755 764 757
f 751 756 753
f 752 754 759
f 758 760 762
f 761 763 765
f 766 767 773
f 802 804 800
f 789 787 785
f 810 808 806
f 769 768 771
f 790 797 791
f 777 780 775
f 778 776 783
f 792 793 795
f 794 796 798
f 799 803 801
f 779 781 788
f 784 782 786
f 809 805 807
f 774 772 770
f 811 857 854
f 811 854 853
f 811 853 855
f 811 855 856
f 811 856 857
f 812 859 862
f 816 882 880
f 822 912 909
f 821 906 905
f 818 889 891
f 814 872 869
f 814 869 868
f 814 868 870
f 814 870 871
f 814 871 872
f 815 876 875
f 813 864 867
f 817 883 887
f 819 895 896
f 820 902 898
f 822 911 908
f 816 879 878
f 812 860 858
f 818 892 888
f 821 907 903
f 816 881 879
f 822 910 911
f 821 904 907
f 818 890 892
f 812 861 860
f 820 900 899
f 815 873 874
f 813 865 863
f 817 886 884
f 819 897 894
f 820 901 900
f 815 877 873
f 813 866 865
f 817 885 886
f 819 893 897
f 816 878 882
f 812 858 859
f 818 888 889
f 821 903 906
f 822 908 912
f 820 898 901
f 815 875 877
f 813 867 866
f 817 887 885
f 819 896 893
f 815 874 876
f 813 863 864
f 817 884 883
f 819 894 895
f 820 899 902
f 816 880 881
f 822 909 910
f 821 905 904
f 818 891 890
f 812 862 861
f 845 919 926
f 828 915 918
f 829 921 916
f 850 924 922
f 852 927 925
f 844 935 929
f 843 962 966
f 835 947 949
f 846 968 970
f 830 933 930
f 842 953 959
f 833 937 942
f 834 945 938
f 847 957 955
f 851 960 958
f 844 963 965
f 843 950 943
f 835 948 944
f 846 969 967
f 830 932 934
f 827 917 857
f 824 913 854
f 823 914 853
f 825 920 855
f 826 923 856
f 828 928 859
f 845 964 882
f 852 951 912
f 850 972 906
f 829 931 889
f 840 952 872
f 837 939 869
f 832 940 868
f 838 954 870
f 839 956 871
f 842 961 876
f 833 941 864
f 834 946 883
f 847 971 895
f 851 936 902
f 845 926 911
f 828 918 879
f 829 916 860
f 850 922 892
f 852 925 907
f 844 929 881
f 843 966 910
f 835 949 904
f 846 970 890
f 830 930 861
f 842 959 900
f 833 942 873
f 834 938 865
f 847 955 886
f 851 958 897
f 844 965 901
f 843 943 877
f 835 944 866
f 846 967 885
f 830 934 893
f 824 919 878
f 823 915 858
f 825 921 888
f 826 924 903
f 827 927 908
f 831 935 898
f 841 962 875
f 836 947 867
f 848 968 887
f 849 933 896
f 837 953 874
f 832 937 863
f 838 945 884
f 839 957 894
f 840 960 899
f 841 963 880
f 836 950 909
f 848 948 905
f 849 969 891
f 831 932 862
f 824 917 919
f 823 913 915
f 825 914 921
f 826 920 924
f 827 923 927
f 831 928 935
f 841 964 962
f 836 951 947
f 848 972 968
f 849 931 933
f 837 952 953
f 832 939 937
f 838 940 945
f 839 954 957
f 840 956 960
f 841 961 963
f 836 941 950
f 848 946 948
f 849 971 969
f 831 936 932
f 824 854 917
f 823 853 913
f 825 855 914
f 826 856 920
f 827 857 923
f 831 862 928
f 841 880 964
f 836 909 951
f 848 905 972
f 849 891 931
f 837 869 952
f 832 868 939
f 838 870 940
f 839 871 954
f 840 872 956
f 841 875 961
f 836 867 941
f 848 887 946
f 849 896 971
f 831 898 936
f 827 908 926
f 824 878 918
f 823 858 916
f 825 888 922
f 826 903 925
f 828 879 929
f 845 911 966
f 852 907 949
f 850 892 970
f 829 860 930
f 840 899 959
f 837 874 942
f 832 863 938
f 838 884 955
f 839 894 958
f 842 900 965
f 833 873 943
f 834 865 944
f 847 886 967
f 851 897 934
f 845 882 919
f 828 859 915
f 829 889 921
f 850 906 924
f 852 912 927
f 844 901 935
f 843 877 962
f 835 866 947
f 846 885 968
f 830 893 933
f 842 876 953
f 833 864 937
f 834 883 945
f 847 895 957
f 851 902 960
f 844 881 963
f 843 910 950
f 835 904 948
f 846 890 969
f 830 861 932
f 827 926 917
f 824 918 913
f 823 916 914
f 825 922 920
f 826 925 923
f 828 929 928
f 845 966 964
f 852 949 951
f 850 970 972
f 829 930 931
f 840 959 952
f 837 942 939
f 832 938 940
f 838 955 954
f 839 958 956
f 842 965 961
f 833 943 941
f 834 944 946
f 847 967 971
f 851 934 936
f 917 854 857
f 913 853 854
f 914 855 853
f 920 856 855
f 923 857 856
f 928 862 859
f 964 880 882
f 951 909 912
f 972 905 906
f 931 891 889
f 952 869 872
f 939 868 869
f 940 870 868
f 954 871 870
f 956 872 871
f 961 875 876
f 941 867 864
f 946 887 883
f 971 896 895
f 936 898 902
f 926 908 911
f 918 878 879
f 916 858 860
f 922 888 892
f 925 903 907
f 929 879 881
f 966 911 910
f 949 907 904
f 970 892 890
f 930 860 861
f 959 899 900
f 942 874 873
f 938 863 865
f 955 884 886
f 958 894 897
f 965 900 901
f 943 873 877
f 944 865 866
f 967 886 885
f 934 897 893
f 919 882 878
f 915 859 858
f 921 889 888
f 924 906 903
f 927 912 908
f 935 901 898
f 962 877 875
f 947 866 867
f 968 885 887
f 933 893 896
f 953 876 874
f 937 864 863
f 945 883 884
f 957 895 894
f 960 902 899
f 963 881 880
f 950 910 909
f 948 904 905
f 969 890 891
f 932 861 862
f 917 926 919
f 913 918 915
f 914 916 921
f 920 922 924
f 923 925 927
f 928 929 935
f 964 966 962
f 951 949 947
f 972 970 968
f 931 930 933
f 952 959 953
f 939 942 937
f 940 938 945
f 954 955 957
f 956 958 960
f 961 965 963
f 941 943 950
f 946 944 948
f 971 967 969
f 936 934 932
f 973 1019 1016
f 973 1016 1015
f 973 1015 1017
f 973 1017 1018
f 973 1018 1019
f 974 1021 1024
f 978 1044 1042
f 984 1074 1071
f 983 1068 1067
f 980 1051 1053
f 976 1034 1031
f 976 1031 1030
f 976 1030 1032
f 976 1032 1033
f 976 1033 1034
f 977 1038 1037
f 975 1026 1029
f 979 1045 1049
f 981 1057 1058
f 982 1064 1060
f 984 1073 1070
f 978 1041 1040
f 974 1022 1020
f 980 1054 1050
f 983 1069 1065
f 978 1043 1041
f 984 1072 1073
f 983 1066 1069
f 980 1052 1054
f 974 1023 1022
f 982 1062 1061
f 977 1035 1036
f 975 1027 1025
f 979 1048 1046
f 981 1059 1056
f 982 1063 1062
f 977 1039 1035
f 975 1028 1027
f 979 1047 1048
f 981 1055 1059
f 978 1040 1044
f 974 1020 1021
f 980 1050 1051
f 983 1065 1068
f 984 1070 1074
f 982 1060 1063
f 977 1037 1039
f 975 1029 1028
f 979 1049 1047
f 981 1058 1055
f 977 1036 1038
f 975 1025 1026
f 979 1046 1045
f 981 1056 1057
f 982 1061 1064
f 978 1042 1043
f 984 1071 1072
f 983 1067 1066
f 980 1053 1052
f 974 1024 1023
f 1007 1081 1088
f 990 1077 1080
f 991 1083 1078
f 1012 1086 1084
f 1014 1089 1087
f 1006 1097 1091
f 1005 1124 1128
f 997 1109 1111
f 1008 1130 1132
f 992 1095 1092
f 1004 1115 1121
f 995 1099 1104
f 996 1107 1100
f 1009 1119 1117
f 1013 1122 1120
f 1006 1125 1127
f 1005 1112 1105
f 997 1110 1106
f 1008 1131 1129
f 992 1094 1096
f 989 1079 1019
f 986 1075 1016
f 985 1076 1015
f 987 1082 1017
f 988 1085 1018
f 990 1090 1021
f 1007 1126 1044
f 1014 1113 1074
f 1012 1134 1068
f 991 1093 1051
f 1002 1114 1034
f 999 1101 1031
f 994 1102 1030
f 1000 1116 1032
f 1001 1118 1033
f 1004 1123 1038
f 995 1103 1026
f 996 1108 1045
f 1009 1133 1057
f 1013 1098 1064
f 1007 1088 1073
f 990 1080 1041
f 991 1078 1022
f 1012 1084 1054
f 1014 1087 1069
f 1006 1091 1043
f 1005 1128 1072
f 997 1111 1066
f 1008 1132 1052
f 992 1092 1023
f 1004 1121 1062
f 995 1104 1035
f 996 1100 1027
f 1009 1117 1048
f 1013 1120 1059
f 1006 1127 1063
f 1005 1105 1039
f 997 1106 1028
f 1008 1129 1047
f 992 1096 1055
f 986 1081 1040
f 985 1077 1020
f 987 1083 1050
f 988 1086 1065
f 989 1089 1070
f 993 1097 1060
f 1003 1124 1037
f 998 1109 1029
f 1010 1130 1049
f 1011 1095 1058
f 999 1115 1036
f 994 1099 1025
f 1000 1107 1046
f 1001 1119 1056
f 1002 1122 1061
f 1003 1125 1042
f 998 1112 1071
f 1010 1110 1067
f 1011 1131 1053
f 993 1094 1024
f 986 1079 1081
f 985 1075 1077
f 987 1076 1083
f 988 1082 1086
f 989 1085 1089
f 993 1090 1097
f 1003 1126 1124
f 998 1113 1109
f 1010 1134 1130
f 1011 1093 1095
f 999 1114 1115
f 994 1101 1099
f 1000 1102 1107
f 1001 1116 1119
f 1002 1118 1122
f 1003 1123 1125
f 998 1103 1112
f 1010 1108 1110
f 1011 1133 1131
f 993 1098 1094
f 986 1016 1079
f 985 1015 1075
f 987 1017 1076
f 988 1018 1082
f 989 1019 1085
f 993 1024 1090
f 1003 1042 1126
f 998 1071 1113
f 1010 1067 1134
f 1011 1053 1093
f 999 1031 1114
f 994 1030 1101
f 1000 1032 1102
f 1001 1033 1116
f 1002 1034 1118
f 1003 1037 1123
f 998 1029 1103
f 1010 1049 1108
f 1011 1058 1133
f 993 1060 1098
f 989 1070 1088
f 986 1040 1080
f 985 1020 1078
f 987 1050 1084
f 988 1065 1087
f 990 1041 1091
f 1007 1073 1128
f 1014 1069 1111
f 1012 1054 1132
f 991 1022 1092
f 1002 1061 1121
f 999 1036 1104
f 994 1025 1100
f 1000 1046 1117
f 1001 1056 1120
f 1004 1062 1127
f 995 1035 1105
f 996 1027 1106
f 1009 1048 1129
f 1013 1059 1096
f 1007 1044 1081
f 990 1021 1077
f 991 1051 1083
f 1012 1068 1086
f 1014 1074 1089
f 1006 1063 1097
f 1005 1039 1124
f 997 1028 1109
f 1008 1047 1130
f 992 1055 1095
f 1004 1038 1115
f 995 1026 1099
f 996 1045 1107
f 1009 1057 1119
f 1013 1064 1122
f 1006 1043 1125
f 1005 1072 1112
f 997 1066 1110
f 1008 1052 1131
f 992 1023 1094
f 989 1088 1079
f 986 1080 1075
f 985 1078 1076
f 987 1084 1082
f 988 1087 1085
f 990 1091 1090
f 1007 1128 1126
f 1014 1111 1113
f 1012 1132 1134
f 991 1092 1093
f 1002 1121 1114
f 999 1104 1101
f 994 1100 1102
f 1000 1117 1116
f 1001 1120 1118
f 1004 1127 1123
f 995 1105 1103
f 996 1106 1108
f 1009 1129 1133
f 1013 1096 1098
f 1079 1016 1019
f 1075 1015 1016
f 1076 1017 1015
f 1082 1018 1017
f 1085 1019 1018
f 1090 1024 1021
f 1126 1042 1044
f 1113 1071 1074
f 1134 1067 1068
f 1093 1053 1051
f 1114 1031 1034
f 1101 1030 1031
f 1102 1032 1030
f 1116 1033 1032
f 1118 1034 1033
f 1123 1037 1038
f 1103 1029 1026
f 1108 1049 1045
f 1133 1058 1057
f 1098 1060 1064
f 1088 1070 1073
f 1080 1040 1041
f 1078 1020 1022
f 1084 1050 1054
f 1087 1065 1069
f 1091 1041 1043
f 1128 1073 1072
f 1111 1069 1066
f 1132 1054 1052
f 1092 1022 1023
f 1121 1061 1062
f 1104 1036 1035
f 1100 1025 1027
f 1117 1046 1048
f 1120 1056 1059
f 1127 1062 1063
f 1105 1035 1039
f 1106 1027 1028
f 1129 1048 1047
f 1096 1059 1055
f 1081 1044 1040
f 1077 1021 1020
f 1083 1051 1050
f 1086 1068 1065
f 1089 1074 1070
f 1097 1063 1060
f 1124 1039 1037
f 1109 1028 1029
f 1130 1047 1049
f 1095 1055 1058
f 1115 1038 1036
f 1099 1026 1025
f 1107 1045 1046
f 1119 1057 1056
f 1122 1064 1061
f 1125 1043 1042
f 1112 1072 1071
f 1110 1066 1067
f 1131 1052 1053
f 1094 1023 1024
f 1079 1088 1081
f 1075 1080 1077
f 1076 1078 1083
f 1082 1084 1086
f 1085 1087 1089
f 1090 1091 1097
f 1126 1128 1124
f 1113 1111 1109
f 1134 1132 1130
f 1093 1092 1095
f 1114 1121 1115
f 1101 1104 1099
f 1102 1100 1107
f 1116 1117 1119
f 1118 1120 1122
f 1123 1127 1125
f 1103 1105 1112
f 1108 1106 1110
f 1133 1129 1131
f 1098 1096 1094
f 1135 1181 1178
f 1135 1178 1177
f 1135 1177 1179
f 1135 1179 1180
f 1135 1180 1181
f 1136 1183 1186
f 1140 1206 1204
f 1146 1236 1233
f 1145 1230 1229
f 1142 1213 1215
f 1138 1196 1193
f 1138 1193 1192
f 1138 1192 1194
f 1138 1194 1195
f 1138 1195 1196
f 1139 1200 1199
f 1137 1188 1191
f 1141 1207 1211
f 1143 1219 1220
f 1144 1226 1222
f 1146 1235 1232
f 1140 1203 1202
f 1136 1184 1182
f 1142 1216 1212
f 1145 1231 1227
f 1140 1205 1203
f 1146 1234 1235
f 1145 1228 1231
f 1142 1214 1216
f 1136 1185 1184
f 1144 1224 1223
f 1139 1197 1198
f 1137 1189 1187
f 1141 1210 1208
f 1143 1221 1218
f 1144 1225 1224
f 1139 1201 1197
f 1137 1190 1189
f 1141 1209 1210
f 1143 1217 1221
f 1140 1202 1206
f 1136 1182 1183
f 1142 1212 1213
f 1145 1227 1230
f 1146 1232 1236
f 1144 1222 1225
f 1139 1199 1201
f 1137 1191 1190
f 1141 1211 1209
f 1143 1220 1217
f 1139 1198 1200
f 1137 1187 1188
f 1141 1208 1207
f 1143 1218 1219
f 1144 1223 1226
f 1140 1204 1205
f 1146 1233 1234
f 1145 1229 1228
f 1142 1215 1214
f 1136 1186 1185
f 1169 1243 1250
f 1152 1239 1242
f 1153 1245 1240
f 1174 1248 1246
f 1176 1251 1249
f 1168 1259 1253
f 1167 1286 1290
f 1159 1271 1273
f 1170 1292 1294
f 1154 1257 1254
f 1166 1277 1283
f 1157 1261 1266
f 1158 1269 1262
f 1171 1281 1279
f 1175 1284 1282
f 1168 1287 1289
f 1167 1274 1267
f 1159 1272 1268
f 1170 1293 1291
f 1154 1256 1258
f 1151 1241 1181
f 1148 1237 1178
f 1147 1238 1177
f 1149 1244 1179
f 1150 1247 1180
f 1152 1252 1183
f 1169 1288 1206
f 1176 1275 1236
f 1174 1296 1230
f 1153 1255 1213
f 1164 1276 1196
f 1161 1263 1193
f 1156 1264 1192
f 1162 1278 1194
f 1163 1280 1195
f 1166 1285 1200
f 1157 1265 1188
f 1158 1270 1207
f 1171 1295 1219
f 1175 1260 1226
f 1169 1250 1235
f 1152 1242 1203
f 1153 1240 1184
f 1174 1246 1216
f 1176 1249 1231
f 1168 1253 1205
f 1167 1290 1234
f 1159 1273 1228
f 1170 1294 1214
f 1154 1254 1185
f 1166 1283 1224
f 1157 1266 1197
f 1158 1262 1189
f 1171 1279 1210
f 1175 1282 1221
f 1168 1289 1225
f 1167 1267 1201
f 1159 1268 1190
f 1170 1291 1209
f 1154 1258 1217
f 1148 1243 1202
f 1147 1239 1182
f 1149 1245 1212
f 1150 1248 1227
f 1151 1251 1232
f 1155 1259 1222
f 1165 1286 1199
f 1160 1271 1191
f 1172 1292 1211
f 1173 1257 1220
f 1161 1277 1198
f 1156 1261 1187
f 1162 1269 1208
f 1163 1281 1218
f 1164 1284 1223
f 1165 1287 1204
f 1160 1274 1233
f 1172 1272 1229
f 1173 1293 1215
f 1155 1256 1186
f 1148 1241 1243
f 1147 1237 1239
f 1149 1238 1245
f 1150 1244 1248
f 1151 1247 1251
f 1155 1252 1259
f 1165 1288 1286
f 1160 1275 1271
f 1172 1296 1292
f 1173 1255 1257
f 1161 1276 1277
f 1156 1263 1261
f 1162 1264 1269
f 1163 1278 1281
f 1164 1280 1284
f 1165 1285 1287
f 1160 1265 1274
f 1172 1270 1272
f 1173 1295 1293
f 1155 1260 1256
f 1148 1178 1241
f 1147 1177 1237
f 1149 1179 1238
f 1150 1180 1244
f 1151 1181 1247
f 1155 1186 1252
f 1165 1204 1288
f 1160 1233 1275
f 1172 1229 1296
f 1173 1215 1255
f 1161 1193 1276
f 1156 1192 1263
f 1162 1194 1264
f 1163 1195 1278
f 1164 1196 1280
f 1165 1199 1285
f 1160 1191 1265
f 1172 1211 1270
f 1173 1220 1295
f 1155 1222 1260
f 1151 1232 1250
f 1148 1202 1242
f 1147 1182 1240
f 1149 1212 1246
f 1150 1227 1249
f 1152 1203 1253
f 1169 1235 1290
f 1176 1231 1273
f 1174 1216 1294
f 1153 1184 1254
f 1164 1223 1283
f 1161 1198 1266
f 1156 1187 1262
f 1162 1208 1279
f 1163 1218 1282
f 1166 1224 1289
f 1157 1197 1267
f 1158 1189 1268
f 1171 1210 1291
f 1175 1221 1258
f 1169 1206 1243
f 1152 1183 1239
f 1153 1213 1245
f 1174 1230 1248
f 1176 1236 1251
f 1168 1225 1259
f 1167 1201 1286
f 1159 1190 1271
f 1170 1209 1292
f 1154 1217 1257
f 1166 1200 1277
f 1157 1188 1261
f 1158 1207 1269
f 1171 1219 1281
f 1175 1226 1284
f 1168 1205 1287
f 1167 1234 1274
f 1159 1228 1272
f 1170 1214 1293
f 1154 1185 1256
f 1151 1250 1241
f 1148 1242 1237
f 1147 1240 1238
f 1149 1246 1244
f 1150 1249 1247
f 1152 1253 1252
f 1169 1290 1288
f 1176 1273 1275
f 1174 1294 1296
f 1153 1254 1255
f 1164 1283 1276
f 1161 1266 1263
f 1156 1262 1264
f 1162 1279 1278
f 1163 1282 1280
f 1166 1289 1285
f 1157 1267 1265
f 1158 1268 1270
f 1171 1291 1295
f 1175 1258 1260
f 1241 1178 1181
f 1237 1177 1178
f 1238 1179 1177
f 1244 1180 1179
f 1247 1181 1180
f 1252 1186 1183
f 1288 1204 1206
f 1275 1233 1236
f 1296 1229 1230
f 1255 1215 1213
f 1276 1193 1196
f 1263 1192 1193
f 1264 1194 1192
f 1278 1195 1194
f 1280 1196 1195
f 1285 1199 1200
f 1265 1191 1188
f 1270 1211 1207
f 1295 1220 1219
f 1260 1222 1226
f 1250 1232 1235
f 1242 1202 1203
f 1240 1182 1184
f 1246 1212 1216
f 1249 1227 1231
f 1253 1203 1205
f 1290 1235 1234
f 1273 1231 1228
f 1294 1216 1214
f 1254 1184 1185
f 1283 1223 1224
f 1266 1198 1197
f 1262 1187 1189
f 1279 1208 1210
f 1282 1218 1221
f 1289 1224 1225
f 1267 1197 1201
f 1268 1189 1190
f 1291 1210 1209
f 1258 1221 1217
f 1243 1206 1202
f 1239 1183 1182
f 1245 1213 1212
f 1248 1230 1227
f 1251 1236 1232
f 1259 1225 1222
f 1286 1201 1199
f 1271 1190 1191
f 1292 1209 1211
f 1257 1217 1220
f 1277 1200 1198
f 1261 1188 1187
f 1269 1207 1208
f 1281 1219 1218
f 1284 1226 1223
f 1287 1205 1204
f 1274 1234 1233
f 1272 1228 1229
f 1293 1214 1215
f 1256 1185 1186
f 1241 1250 1243
f 1237 1242 1239
f 1238 1240 1245
f 1244 1246 1248
f 1247 1249 1251
f 1252 1253 1259
f 1288 1290 1286
f 1275 1273 1271
f 1296 1294 1292
f 1255 1254 1257
f 1276 1283 1277
f 1263 1266 1261
f 1264 1262 1269
f 1278 1279 1281
f 1280 1282 1284
f 1285 1289 1287
f 1265 1267 1274
f 1270 1268 1272
f 1295 1291 1293
f 1260 1258 1256
f 1297 1343 1340
f 1297 1340 1339
f 1297 1339 1341
f 1297 1341 1342
f 1297 1342 1343
f 1298 1345 1348
f 1302 1368 1366
f 1308 1398 1395
f 1307 1392 1391
f 1304 1375 1377
f 1300 1358 1355
f 1300 1355 1354
f 1300 1354 1356
f 1300 1356 1357
f 1300 1357 1358
f 1301 1362 1361
f 1299 1350 1353
f 1303 1369 1373
f 1305 1381 1382
f 1306 1388 1384
f 1308 1397 1394
f 1302 1365 1364
f 1298 1346 1344
f 1304 1378 1374
f 1307 1393 1389
f 1302 1367 1365
f 1308 1396 1397
f 1307 1390 1393
f 1304 1376 1378
f 1298 1347 1346
f 1306 1386 1385
f 1301 1359 1360
f 1299 1351 1349
f 1303 1372 1370
f 1305 1383 1380
f 1306 1387 1386
f 1301 1363 1359
f 1299 1352 1351
f 1303 1371 1372
f 1305 1379 1383
f 1302 1364 1368
f 1298 1344 1345
f 1304 1374 1375
f 1307 1389 1392
f 1308 1394 1398
f 1306 1384 1387
f 1301 1361 1363
f 1299 1353 1352
f 1303 1373 1371
f 1305 1382 1379
f 1301 1360 1362
f 1299 1349 1350
f 1303 1370 1369
f 1305 1380 1381
f 1306 1385 1388
f 1302 1366 1367
f 1308 1395 1396
f 1307 1391 1390
f 1304 1377 1376
f 1298 1348 1347
f 1331 1405 1412
f 1314 1401 1404
f 1315 1407 1402
f 1336 1410 1408
f 1338 1413 1411
f 1330 1421 1415
f 1329 1448 1452
f 1321 1433 1435
f 1332 1454 1456
f 1316 1419 1416
f 1328 1439 1445
f 1319 1423 1428
f 1320 1431 1424
f 1333 1443 1441
f 1337 1446 1444
f 1330 1449 1451
f 1329 1436 1429
f 1321 1434 1430
f 1332 1455 1453
f 1316 1418 1420
f 1313 1403 1343
f 1310 1399 1340
f 1309 1400 1339
f 1311 1406 1341
f 1312 1409 1342
f 1314 1414 1345
f 1331 1450 1368
f 1338 1437 1398
f 1336 1458 1392
f 1315 1417 1375
f 1326 1438 1358
f 1323 1425 1355
f 1318 1426 1354
f 1324 1440 1356
f 1325 1442 1357
f 1328 1447 1362
f 1319 1427 1350
f 1320 1432 1369
f 1333 1457 1381
f 1337 1422 1388
f 1331 1412 1397
f 1314 1404 1365
f 1315 1402 1346
f 1336 1408 1378
f 1338 1411 1393
f 1330 1415 1367
f 1329 1452 1396
f 1321 1435 1390
f 1332 1456 1376
f 1316 1416 1347
f 1328 1445 1386
f 1319 1428 1359
f 1320 1424 1351
f 1333 1441 1372
f 1337 1444 1383
f 1330 1451 1387
f 1329 1429 1363
f 1321 1430 1352
f 1332 1453 1371
f 1316 1420 1379
f 1310 1405 1364
f 1309 1401 1344
f 1311 1407 1374
f 1312 1410 1389
f 1313 1413 1394
f 1317 1421 1384
f 1327 1448 1361
f 1322 1433 1353
f 1334 1454 1373
f 1335 1419 1382
f 1323 1439 1360
f 1318 1423 1349
f 1324 1431 1370
f 1325 1443 1380
f 1326 1446 1385
f 1327 1449 1366
f 1322 1436 1395
f 1334 1434 1391
f 1335 1455 1377
f 1317 1418 1348
f 1310 1403 1405
f 1309 1399 1401
f 1311 1400 1407
f 1312 1406 1410
f 1313 1409 1413
f 1317 1414 1421
f 1327 1450 1448
f 1322 1437 1433
f 1334 1458 1454
f 1335 1417 1419
f 1323 1438 1439
f 1318 1425 1423
f 1324 1426 1431
f 1325 1440 1443
f 1326 1442 1446
f 1327 1447 1449
f 1322 1427 1436
f 1334 1432 1434
f 1335 1457 1455
f 1317 1422 1418
f 1310 1340 1403
f 1309 1339 1399
f 1311 1341 1400
f 1312 1342 1406
f 1313 1343 1409
f 1317 1348 1414
f 1327 1366 1450
f 1322 1395 1437
f 1334 1391 1458
f 1335 1377 1417
f 1323 1355 1438
f 1318 1354 1425
f 1324 1356 1426
f 1325 1357 1440
f 1326 1358 1442
f 1327 1361 1447
f 1322 1353 1427
f 1334 1373 1432
f 1335 1382 1457
f 1317 1384 1422
f 1313 1394 1412
f 1310 1364 1404
f 1309 1344 1402
f 1311 1374 1408
f 1312 1389 1411
f 1314 1365 1415
f 1331 1397 1452
f 1338 1393 1435
f 1336 1378 1456
f 1315 1346 1416
f 1326 1385 1445
f 1323 1360 1428
f 1318 1349 1424
f 1324 1370 1441
f 1325 1380 1444
f 1328 1386 1451
f 1319 1359 1429
f 1320 1351 1430
f 1333 1372 1453
f 1337 1383 1420
f 1331 1368 1405
f 1314 1345 1401
f 1315 1375 1407
f 1336 1392 1410
f 1338 1398 1413
f 1330 1387 1421
f 1329 1363 1448
f 1321 1352 1433
f 1332 1371 1454
f 1316 1379 1419
f 1328 1362 1439
f 1319 1350 1423
f 1320 1369 1431
f 1333 1381 1443
f 1337 1388 1446
f 1330 1367 1449
f 1329 1396 1436
f 1321 1390 1434
f 1332 1376 1455
f 1316 1347 1418
f 1313 1412 1403
f 1310 1404 1399
f 1309 1402 1400
f 1311 1408 1406
f 1312 1411 1409
f 1314 1415 1414
f 1331 1452 1450
f 1338 1435 1437
f 1336 1456 1458
f 1315 1416 1417
f 1326 1445 1438
f 1323 1428 1425
f 1318 1424 1426
f 1324 1441 1440
f 1325 1444 1442
f 1328 1451 1447
f 1319 1429 1427
f 1320 1430 1432
f 1333 1453 1457
f 1337 1420 1422
f 1403 1340 1343
f 1399 1339 1340
f 1400 1341 1339
f 1406 1342 1341
f 1409 1343 1342
f 1414 1348 1345
f 1450 1366 1368
f 1437 1395 1398
f 1458 1391 1392
f 1417 1377 1375
f 1438 1355 1358
f 1425 1354 1355
f 1426 1356 1354
f 1440 1357 1356
f 1442 1358 1357
f 1447 1361 1362
f 1427 1353 1350
f 1432 1373 1369
f 1457 1382 1381
f 1422 1384 1388
f 1412 1394 1397
f 1404 1364 1365
f 1402 1344 1346
f 1408 1374 1378
f 1411 1389 1393
f 1415 1365 1367
f 1452 1397 1396
f 1435 1393 1390
f 1456 1378 1376
f 1416 1346 1347
f 1445 1385 1386
f 1428 1360 1359
f 1424 1349 1351
f 1441 1370 1372
f 1444 1380 1383
f 1451 1386 1387
f 1429 1359 1363
f 1430 1351 1352
f 1453 1372 1371
f 1420 1383 1379
f 1405 1368 1364
f 1401 1345 1344
f 1407 1375 1374
f 1410 1392 1389
f 1413 1398 1394
f 1421 1387 1384
f 1448 1363 1361
f 1433 1352 1353
f 1454 1371 1373
f 1419 1379 1382
f 1439 1362 1360
f 1423 1350 1349
f 1431 1369 1370
f 1443 1381 1380
f 1446 1388 1385
f 1449 1367 1366
f 1436 1396 1395
f 1434 1390 1391
f 1455 1376 1377
f 1418 1347 1348
f 1403 1412 1405
f 1399 1404 1401
f 1400 1402 1407
f 1406 1408 1410
f 1409 1411 1413
f 1414 1415 1421
f 1450 1452 1448
f 1437 1435 1433
f 1458 1456 1454
f 1417 1416 1419
f 1438 1445 1439
f 1425 1428 1423
f 1426 1424 1431
f 1440 1441 1443
f 1442 1444 1446
f 1447 1451 1449
f 1427 1429 1436
f 1432 1430 1434
f 1457 1453 1455
f 1422 1420 1418
f 1459 1505 1502
f 1459 1502 1501
f 1459 1501 1503
f 1459 1503 1504
f 1459 1504 1505
f 1460 1507 1510
f 1464 1530 1528
f 1470 1560 1557
f 1469 1554 1553
f 1466 1537 1539
f 1462 1520 1517
f 1462 1517 1516
f 1462 1516 1518
f 1462 1518 1519
f 1462 1519 1520
f 1463 1524 1523
f 1461 1512 1515
f 1465 1531 1535
f 1467 1543 1544
f 1468 1550 1546
f 1470 1559 1556
f 1464 1527 1526
f 1460 1508 1506
f 1466 1540 1536
f 1469 1555 1551
f 1464 1529 1527
f 1470 1558 1559
f 1469 1552 1555
f 1466 1538 1540
f 1460 1509 1508
f 1468 1548 1547
f 1463 1521 1522
f 1461 1513 1511
f 1465 1534 1532
f 1467 1545 1542
f 1468 1549 1548
f 1463 1525 1521
f 1461 1514 1513
f 1465 1533 1534
f 1467 1541 1545
f 1464 1526 1530
f 1460 1506 1507
f 1466 1536 1537
f 1469 1551 1554
f 1470 1556 1560
f 1468 1546 1549
f 1463 1523 1525
f 1461 1515 1514
f 1465 1535 1533
f 1467 1544 1541
f 1463 1522 1524
f 1461 1511 1512
f 1465 1532 1531
f 1467 1542 1543
f 1468 1547 1550
f 1464 1528 1529
f 1470 1557 1558
f 1469 1553 1552
f 1466 1539 1538
f 1460 1510 1509
f 1493 1567 1574
f 1476 1563 1566
f 1477 1569 1564
f 1498 1572 1570
f 1500 1575 1573
f 1492 1583 1577
f 1491 1610 1614
f 1483 1595 1597
f 1494 1616 1618
f 1478 1581 1578
f 1490 1601 1607
f 1481 1585 1590
f 1482 1593 1586
f 1495 1605 1603
f 1499 1608 1606
f 1492 1611 1613
f 1491 1598 1591
f 1483 1596 1592
f 1494 1617 1615
f 1478 1580 1582
f 1475 1565 1505
f 1472 1561 1502
f 1471 1562 1501
f 1473 1568 1503
f 1474 1571 1504
f 1476 1576 1507
f 1493 1612 1530
f 1500 1599 1560
f 1498 1620 1554
f 1477 1579 1537
f 1488 1600 1520
f 1485 1587 1517
f 1480 1588 1516
f 1486 1602 1518
f 1487 1604 1519
f 1490 1609 1524
f 1481 1589 1512
f 1482 1594 1531
f 1495 1619 1543
f 1499 1584 1550
f 1493 1574 1559
f 1476 1566 1527
f 1477 1564 1508
f 1498 1570 1540
f 1500 1573 1555
f 1492 1577 1529
f 1491 1614 1558
f 1483 1597 1552
f 1494 1618 1538
f 1478 1578 1509
f 1490 1607 1548
f 1481 1590 1521
f 1482 1586 1513
f 1495 1603 1534
f 1499 1606 1545
f 1492 1613 1549
f 1491 1591 1525
f 1483 1592 1514
f 1494 1615 1533
f 1478 1582 1541
f 1472 1567 1526
f 1471 1563 1506
f 1473 1569 1536
f 1474 1572 1551
f 1475 1575 1556
f 1479 1583 1546
f 1489 1610 1523
f 1484 1595 1515
f 1496 1616 1535
f 1497 1581 1544
f 1485 1601 1522
f 1480 1585 1511
f 1486 1593 1532
f 1487 1605 1542
f 1488 1608 1547
f 1489 1611 1528
f 1484 1598 1557
f 1496 1596 1553
f 1497 1617 1539
f 1479 1580 1510
f 1472 1565 1567
f 1471 1561 1563
f 1473 1562 1569
f 1474 1568 1572
f 1475 1571 1575
f 1479 1576 1583
f 1489 1612 1610
f 1484 1599 1595
f 1496 1620 1616
f 1497 1579 1581
f 1485 1600 1601
f 1480 1587 1585
f 1486 1588 1593
f 1487 1602 1605
f 1488 1604 1608
f 1489 1609 1611
f 1484 1589 1598
f 1496 1594 1596
f 1497 1619 1617
f 1479 1584 1580
f 1472 1502 1565
f 1471 1501 1561
f 1473 1503 1562
f 1474 1504 1568
f 1475 1505 1571
f 1479 1510 1576
f 1489 1528 1612
f 1484 1557 1599
f 1496 1553 1620
f 1497 1539 1579
f 1485 1517 1600
f 1480 1516 1587
f 1486 1518 1588
f 1487 1519 1602
f 1488 1520 1604
f 1489 1523 1609
f 1484 1515 1589
f 1496 1535 1594
f 1497 1544 1619
f 1479 1546 1584
f 1475 1556 1574
f 1472 1526 1566
f 1471 1506 1564
f 1473 1536 1570
f 1474 1551 1573
f 1476 1527 1577
f 1493 1559 1614
f 1500 1555 1597
f 1498 1540 1618
f 1477 1508 1578
f 1488 1547 1607
f 1485 1522 1590
f 1480 1511 1586
f 1486 1532 1603
f 1487 1542 1606
f 1490 1548 1613
f 1481 1521 1591
f 1482 1513 1592
f 1495 1534 1615
f 1499 1545 1582
f 1493 1530 1567
f 1476 1507 1563
f 1477 1537 1569
f 1498 1554 1572
f 1500 1560 1575
f 1492 1549 1583
f 1491 1525 1610
f 1483 1514 1595
f 1494 1533 1616
f 1478 1541 1581
f 1490 1524 1601
f 1481 1512 1585
f 1482 1531 1593
f 1495 1543 1605
f 1499 1550 1608
f 1492 1529 1611
f 1491 1558 1598
f 1483 1552 1596
f 1494 1538 1617
f 1478 1509 1580
f 1475 1574 1565
f 1472 1566 1561
f 1471 1564 1562
f 1473 1570 1568
f 1474 1573 1571
f 1476 1577 1576
f 1493 1614 1612
f 1500 1597 1599
f 1498 1618 1620
f 1477 1578 1579
f 1488 1607 1600
f 1485 1590 1587
f 1480 1586 1588
f 1486 1603 1602
f 1487 1606 1604
f 1490 1613 1609
f 1481 1591 1589
f 1482 1592 1594
f 1495 1615 1619
f 1499 1582 1584
f 1565 1502 1505
f 1561 1501 1502
f 1562 1503 1501
f 1568 1504 1503
f 1571 1505 1504
f 1576 1510 1507
f 1612 1528 1530
f 1599 1557 1560
f 1620 1553 1554
f 1579 1539 1537
f 1600 1517 1520
f 1587 1516 1517
f 1588 1518 1516
f 1602 1519 1518
f 1604 1520 1519
f 1609 1523 1524
f 1589 1515 1512
f 1594 1535 1531
f 1619 1544 1543
f 1584 1546 1550
f 1574 1556 1559
f 1566 1526 1527
f 1564 1506 1508
f 1570 1536 1540
f 1573 1551 1555
f 1577 1527 1529
f 1614 1559 1558
f 1597 1555 1552
f 1618 1540 1538
f 1578 1508 1509
f 1607 1547 1548
f 1590 1522 1521
f 1586 1511 1513
f 1603 1532 1534
f 1606 1542 1545
f 1613 1548 1549
f 1591 1521 1525
f 1592 1513 1514
f 1615 1534 1533
f 1582 1545 1541
f 1567 1530 1526
f 1563 1507 1506
f 1569 1537 1536
f 1572 1554 1551
f 1575 1560 1556
f 1583 1549 1546
f 1610 1525 1523
f 1595 1514 1515
f 1616 1533 1535
f 1581 1541 1544
f 1601 1524 1522
f 1585 1512 1511
f 1593 1531 1532
f 1605 1543 1542
f 1608 1550 1547
f 1611 1529 1528
f 1598 1558 1557
f 1596 1552 1553
f 1617 1538 1539
f 1580 1509 1510
f 1565 1574 1567
f 1561 1566 1563
f 1562 1564 1569
f 1568 1570 1572
f 1571 1573 1575
f 1576 1577 1583
f 1612 1614 1610
f 1599 1597 1595
f 1620 1618 1616
f 1579 1578 1581
f 1600 1607 1601
f 1587 1590 1585
f 1588 1586 1593
f 1602 1603 1605
f 1604 1606 1608
f 1609 1613 1611
f 1589 1591 1598
f 1594 1592 1596
f 1619 1615 1617
f 1584 1582 1580
f 1621 1667 1664
f 1621 1664 1663
f 1621 1663 1665
f 1621 1665 1666
f 1621 1666 1667
f 1622 1669 1672
f 1626 1692 1690
f 1632 1722 1719
f 1631 1716 1715
f 1628 1699 1701
f 1624 1682 1679
f 1624 1679 1678
f 1624 1678 1680
f 1624 1680 1681
f 1624 1681 1682
f 1625 1686 1685
f 1623 1674 1677
f 1627 1693 1697
f 1629 1705 1706
f 1630 1712 1708
f 1632 1721 1718
f 1626 1689 1688
f 1622 1670 1668
f 1628 1702 1698
f 1631 1717 1713
f 1626 1691 1689
f 1632 1720 1721
f 1631 1714 1717
f 1628 1700 1702
f 1622 1671 1670
f 1630 1710 1709
f 1625 1683 1684
f 1623 1675 1673
f 1627 1696 1694
f 1629 1707 1704
f 1630 1711 1710
f 1625 1687 1683
f 1623 1676 1675
f 1627 1695 1696
f 1629 1703 1707
f 1626 1688 1692
f 1622 1668 1669
f 1628 1698 1699
f 1631 1713 1716
f 1632 1718 1722
f 1630 1708 1711
f 1625 1685 1687
f 1623 1677 1676
f 1627 1697 1695
f 1629 1706 1703
f 1625 1684 1686
f 1623 1673 1674
f 1627 1694 1693
f 1629 1704 1705
f 1630 1709 1712
f 1626 1690 1691
f 1632 1719 1720
f 1631 1715 1714
f 1628 1701 1700
f 1622 1672 1671
f 1655 1729 1736
f 1638 1725 1728
f 1639 1731 1726
f 1660 1734 1732
f 1662 1737 1735
f 1654 1745 1739
f 1653 1772 1776
f 1645 1757 1759
f 1656 1778 1780
f 1640 1743 1740
f 1652 1763 1769
f 1643 1747 1752
f 1644 1755 1748
f 1657 1767 1765
f 1661 1770 1768
f 1654 1773 1775
f 1653 1760 1753
f 1645 1758 1754
f 1656 1779 1777
f 1640 1742 1744
f 1637 1727 1667
f 1634 1723 1664
f 1633 1724 1663
f 1635 1730 1665
f 1636 1733 1666
f 1638 1738 1669
f 1655 1774 1692
f 1662 1761 1722
f 1660 1782 1716
f 1639 1741 1699
f 1650 1762 1682
f 1647 1749 1679
f 1642 1750 1678
f 1648 1764 1680
f 1649 1766 1681
f 1652 1771 1686
f 1643 1751 1674
f 1644 1756 1693
f 1657 1781 1705
f 1661 1746 1712
f 1655 1736 1721
f 1638 1728 1689
f 1639 1726 1670
f 1660 1732 1702
f 1662 1735 1717
f 1654 1739 1691
f 1653 1776 1720
f 1645 1759 1714
f 1656 1780 1700
f 1640 1740 1671
f 1652 1769 1710
f 1643 1752 1683
f 1644 1748 1675
f 1657 1765 1696
f 1661 1768 1707
f 1654 1775 1711
f 1653 1753 1687
f 1645 1754 1676
f 1656 1777 1695
f 1640 1744 1703
f 1634 1729 1688
f 1633 1725 1668
f 1635 1731 1698
f 1636 1734 1713
f 1637 1737 1718
f 1641 1745 1708
f 1651 1772 1685
f 1646 1757 1677
f 1658 1778 1697
f 1659 1743 1706
f 1647 1763 1684
f 1642 1747 1673
f 1648 1755 1694
f 1649 1767 1704
f 1650 1770 1709
f 1651 1773 1690
f 1646 1760 1719
f 1658 1758 1715
f 1659 1779 1701
f 1641 1742 1672
f 1634 1727 1729
f 1633 1723 1725
f 1635 1724 1731
f 1636 1730 1734
f 1637 1733 1737
f 1641 1738 1745
f 1651 1774 1772
f 1646 1761 1757
f 1658 1782 1778
f 1659 1741 1743
f 1647 1762 1763
f 1642 1749 1747
f 1648 1750 1755
f 1649 1764 1767
f 1650 1766 1770
f 1651 1771 1773
f 1646 1751 1760
f 1658 1756 1758
f 1659 1781 1779
f 1641 1746 1742
f 1634 1664 1727
f 1633 1663 1723
f 1635 1665 1724
f 1636 1666 1730
f 1637 1667 1733
f 1641 1672 1738
f 1651 1690 1774
f 1646 1719 1761
f 1658 1715 1782
f 1659 1701 1741
f 1647 1679 1762
f 1642 1678 1749
f 1648 1680 1750
f 1649 1681 1764
f 1650 1682 1766
f 1651 1685 1771
f 1646 1677 1751
f 1658 1697 1756
f 1659 1706 1781
f 1641 1708 1746
f 1637 1718 1736
f 1634 1688 1728
f 1633 1668 1726
f 1635 1698 1732
f 1636 1713 1735
f 1638 1689 1739
f 1655 1721 1776
f 1662 1717 1759
f 1660 1702 1780
f 1639 1670 1740
f 1650 1709 1769
f 1647 1684 1752
f 1642 1673 1748
f 1648 1694 1765
f 1649 1704 1768
f 1652 1710 1775
f 1643 1683 1753
f 1644 1675 1754
f 1657 1696 1777
f 1661 1707 1744
f 1655 1692 1729
f 1638 1669 1725
f 1639 1699 1731
f 1660 1716 1734
f 1662 1722 1737
f 1654 1711 1745
f 1653 1687 1772
f 1645 1676 1757
f 1656 1695 1778
f 1640 1703 1743
f 1652 1686 1763
f 1643 1674 1747
f 1644 1693 1755
f 1657 1705 1767
f 1661 1712 1770
f 1654 1691 1773
f 1653 1720 1760
f 1645 1714 1758
f 1656 1700 1779
f 1640 1671 1742
f 1637 1736 1727
f 1634 1728 1723
f 1633 1726 1724
f 1635 1732 1730
f 1636 1735 1733
f 1638 1739 1738
f 1655 1776 1774
f 1662 1759 1761
f 1660 1780 1782
f 1639 1740 1741
f 1650 1769 1762
f 1647 1752 1749
f 1642 1748 1750
f 1648 1765 1764
f 1649 1768 1766
f 1652 1775 1771
f 1643 1753 1751
f 1644 1754 1756
f 1657 1777 1781
f 1661 1744 1746
f 1727 1664 1667
f 1723 1663 1664
f 1724 1665 1663
f 1730 1666 1665
f 1733 1667 1666
f 1738 1672 1669
f 1774 1690 1692
f 1761 1719 1722
f 1782 1715 1716
f 1741 1701 1699
f 1762 1679 1682
f 1749 1678 1679
f 1750 1680 1678
f 1764 1681 1680
f 1766 1682 1681
f 1771 1685 1686
f 1751 1677 1674
f 1756 1697 1693
f 1781 1706 1705
f 1746 1708 1712
f 1736 1718 1721
f 1728 1688 1689
f 1726 1668 1670
f 1732 1698 1702
f 1735 1713 1717
f 1739 1689 1691
f 1776 1721 1720
f 1759 1717 1714
f 1780 1702 1700
f 1740 1670 1671
f 1769 1709 1710
f 1752 1684 1683
f 1748 1673 1675
f 1765 1694 1696
f 1768 1704 1707
f 1775 1710 1711
f 1753 1683 1687
f 1754 1675 1676
f 1777 1696 1695
f 1744 1707 1703
f 1729 1692 1688
f 1725 1669 1668
f 1731 1699 1698
f 1734 1716 1713
f 1737 1722 1718
f 1745 1711 1708
f 1772 1687 1685
f 1757 1676 1677
f 1778 1695 1697
f 1743 1703 1706
f 1763 1686 1684
f 1747 1674 1673
f 1755 1693 1694
f 1767 1705 1704
f 1770 1712 1709
f 1773 1691 1690
f 1760 1720 1719
f 1758 1714 1715
f 1779 1700 1701
f 1742 1671 1672
f 1727 1736 1729
f 1723 1728 1725
f 1724 1726 1731
f 1730 1732 1734
f 1733 1735 1737
f 1738 1739 1745
f 1774 1776 1772
f 1761 1759 1757
f 1782 1780 1778
f 1741 1740 1743
f 1762 1769 1763
f 1749 1752 1747
f 1750 1748 1755
f 1764 1765 1767
f 1766 1768 1770
f 1771 1775 1773
f 1751 1753 1760
f 1756 1754 1758
f 1781 1777 1779
f 1746 1744 1742
f 1783 1829 1826
f 1783 1826 1825
f 1783 1825 1827
f 1783 1827 1828
f 1783 1828 1829
f 1784 1831 1834
f 1788 1854 1852
f 1794 1884 1881
f 1793 1878 1877
f 1790 1861 1863
f 1786 1844 1841
f 1786 1841 1840
f 1786 1840 1842
f 1786 1842 1843
f 1786 1843 1844
f 1787 1848 1847
f 1785 1836 1839
f 1789 1855 1859
f 1791 1867 1868
f 1792 1874 1870
f 1794 1883 1880
f 1788 1851 1850
f 1784 1832 1830
f 1790 1864 1860
f 1793 1879 1875
f 1788 1853 1851
f 1794 1882 1883
f 1793 1876 1879
f 1790 1862 1864
f 1784 1833 1832
f 1792 1872 1871
f 1787 1845 1846
f 1785 1837 1835
f 1789 1858 1856
f 1791 1869 1866
f 1792 1873 1872
f 1787 1849 1845
f 1785 1838 1837
f 1789 1857 1858
f 1791 1865 1869
f 1788 1850 1854
f 1784 1830 1831
f 1790 1860 1861
f 1793 1875 1878
f 1794 1880 1884
f 1792 1870 1873
f 1787 1847 1849
f 1785 1839 1838
f 1789 1859 1857
f 1791 1868 1865
f 1787 1846 1848
f 1785 1835 1836
f 1789 1856 1855
f 1791 1866 1867
f 1792 1871 1874
f 1788 1852 1853
f 1794 1881 1882
f 1793 1877 1876
f 1790 1863 1862
f 1784 1834 1833
f 1817 1891 1898
f 1800 1887 1890
f 1801 1893 1888
f 1822 1896 1894
f 1824 1899 1897
f 1816 1907 1901
f 1815 1934 1938
f 1807 1919 1921
f 1818 1940 1942
f 1802 1905 1902
f 1814 1925 1931
f 1805 1909 1914
f 1806 1917 1910
f 1819 1929 1927
f 1823 1932 1930
f 1816 1935 1937
f 1815 1922 1915
f 1807 1920 1916
f 1818 1941 1939
f 1802 1904 1906
f 1799 1889 1829
f 1796 1885 1826
f 1795 1886 1825
f 1797 1892 1827
f 1798 1895 1828
f 1800 1900 1831
f 1817 1936 1854
f 1824 1923 1884
f 1822 1944 1878
f 1801 1903 1861
f 1812 1924 1844
f 1809 1911 1841
f 1804 1912 1840
f 1810 1926 1842
f 1811 1928 1843
f 1814 1933 1848
f 1805 1913 1836
f 1806 1918 1855
f 1819 1943 1867
f 1823 1908 1874
f 1817 1898 1883
f 1800 1890 1851
f 1801 1888 1832
f 1822 1894 1864
f 1824 1897 1879
f 1816 1901 1853
f 1815 1938 1882
f 1807 1921 1876
f 1818 1942 1862
f 1802 1902 1833
f 1814 1931 1872
f 1805 1914 1845
f 1806 1910 1837
f 1819 1927 1858
f 1823 1930 1869
f 1816 1937 1873
f 1815 1915 1849
f 1807 1916 1838
f 1818 1939 1857
f 1802 1906 1865
f 1796 1891 1850
f 1795 1887 1830
f 1797 1893 1860
f 1798 1896 1875
f 1799 1899 1880
f 1803 1907 1870
f 1813 1934 1847
f 1808 1919 1839
f 1820 1940 1859
f 1821 1905 1868
f 1809 1925 1846
f 1804 1909 1835
f 1810 1917 1856
f 1811 1929 1866
f 1812 1932 1871
f 1813 1935 1852
f 1808 1922 1881
f 1820 1920 1877
f 1821 1941 1863
f 1803 1904 1834
f 1796 1889 1891
f 1795 1885 1887
f 1797 1886 1893
f 1798 1892 1896
f 1799 1895 1899
f 1803 1900 1907
f 1813 1936 1934
f 1808 1923 1919
f 1820 1944 1940
f 1821 1903 1905
f 1809 1924 1925
f 1804 1911 1909
f 1810 1912 1917
f 1811 1926 1929
f 1812 1928 1932
f 1813 1933 1935
f 1808 1913 1922
f 1820 1918 1920
f 1821 1943 1941
f 1803 1908 1904
f 1796 1826 1889
f 1795 1825 1885
f 1797 1827 1886
f 1798 1828 1892
f 1799 1829 1895
f 1803 1834 1900
f 1813 1852 1936
f 1808 1881 1923
f 1820 1877 1944
f 1821 1863 1903
f 1809 1841 1924
f 1804 1840 1911
f 1810 1842 1912
f 1811 1843 1926
f 1812 1844 1928
f 1813 1847 1933
f 1808 1839 1913
f 1820 1859 1918
f 1821 1868 1943
f 1803 1870 1908
f 1799 1880 1898
f 1796 1850 1890
f 1795 1830 1888
f 1797 1860 1894
f 1798 1875 1897
f 1800 1851 1901
f 1817 1883 1938
f 1824 1879 1921
f 1822 1864 1942
f 1801 1832 1902
f 1812 1871 1931
f 1809 1846 1914
f 1804 1835 1910
f 1810 1856 1927
f 1811 1866 1930
f 1814 1872 1937
f 1805 1845 1915
f 1806 1837 1916
f 1819 1858 1939
f 1823 1869 1906
f 1817 1854 1891
f 1800 1831 1887
f 1801 1861 1893
f 1822 1878 1896
f 1824 1884 1899
f 1816 1873 1907
f 1815 1849 1934
f 1807 1838 1919
f 1818 1857 1940
f 1802 1865 1905
f 1814 1848 1925
f 1805 1836 1909
f 1806 1855 1917
f 1819 1867 1929
f 1823 1874 1932
f 1816 1853 1935
f 1815 1882 1922
f 1807 1876 1920
f 1818 1862 1941
f 1802 1833 1904
f 1799 1898 1889
f 1796 1890 1885
f 1795 1888 1886
f 1797 1894 1892
f 1798 1897 1895
f 1800 1901 1900
f 1817 1938 1936
f 1824 1921 1923
f 1822 1942 1944
f 1801 1902 1903
f 1812 1931 1924
f 1809 1914 1911
f 1804 1910 1912
f 1810 1927 1926
f 1811 1930 1928
f 1814 1937 1933
f 1805 1915 1913
f 1806 1916 1918
f 1819 1939 1943
f 1823 1906 1908
f 1889 1826 1829
f 1885 1825 1826
f 1886 1827 1825
f 1892 1828 1827
f 1895 1829 1828
f 1900 1834 1831
f 1936 1852 1854
f 1923 1881 1884
f 1944 1877 1878
f 1903 1863 1861
f 1924 1841 1844
f 1911 1840 1841
f 1912 1842 1840
f 1926 1843 1842
f 1928 1844 1843
f 1933 1847 1848
f 1913 1839 1836
f 1918 1859 1855
f 1943 1868 1867
f 1908 1870 1874
f 1898 1880 1883
f 1890 1850 1851
f 1888 1830 1832
f 1894 1860 1864
f 1897 1875 1879
f 1901 1851 1853
f 1938 1883 1882
f 1921 1879 1876
f 1942 1864 1862
f 1902 1832 1833
f 1931 1871 1872
f 1914 1846 1845
f 1910 1835 1837
f 1927 1856 1858
f 1930 1866 1869
f 1937 1872 1873
f 1915 1845 1849
f 1916 1837 1838
f 1939 1858 1857
f 1906 1869 1865
f 1891 1854 1850
f 1887 1831 1830
f 1893 1861 1860
f 1896 1878 1875
f 1899 1884 1880
f 1907 1873 1870
f 1934 1849 1847
f 1919 1838 1839
f 1940 1857 1859
f 1905 1865 1868
f 1925 1848 1846
f 1909 1836 1835
f 1917 1855 1856
f 1929 1867 1866
f 1932 1874 1871
f 1935 1853 1852
f 1922 1882 1881
f 1920 1876 1877
f 1941 1862 1863
f 1904 1833 1834
f 1889 1898 1891
f 1885 1890 1887
f 1886 1888 1893
f 1892 1894 1896
f 1895 1897 1899
f 1900 1901 1907
f 1936 1938 1934
f 1923 1921 1919
f 1944 1942 1940
f 1903 1902 1905
f 1924 1931 1925
f 1911 1914 1909
f 1912 1910 1917
f 1926 1927 1929
f 1928 1930 1932
f 1933 1937 1935
f 1913 1915 1922
f 1918 1916 1920
f 1943 1939 1941
f 1908 1906 1904
f 1945 1991 1988
f 1945 1988 1987
f 1945 1987 1989
f 1945 1989 1990
f 1945 1990 1991
f 1946 1993 1996
f 1950 2016 2014
f 1956 2046 2043
f 1955 2040 2039
f 1952 2023 2025
f 1948 2006 2003
f 1948 2003 2002
f 1948 2002 2004
f 1948 2004 2005
f 1948 2005 2006
f 1949 2010 2009
f 1947 1998 2001
f 1951 2017 2021
f 1953 2029 2030
f 1954 2036 2032
f 1956 2045 2042
f 1950 2013 2012
f 1946 1994 1992
f 1952 2026 2022
f 1955 2041 2037
f 1950 2015 2013
f 1956 2044 2045
f 1955 2038 2041
f 1952 2024 2026
f 1946 1995 1994
f 1954 2034 2033
f 1949 2007 2008
f 1947 1999 1997
f 1951 2020 2018
f 1953 2031 2028
f 1954 2035 2034
f 1949 2011 2007
f 1947 2000 1999
f 1951 2019 2020
f 1953 2027 2031
f 1950 2012 2016
f 1946 1992 1993
f 1952 2022 2023
f 1955 2037 2040
f 1956 2042 2046
f 1954 2032 2035
f 1949 2009 2011
f 1947 2001 2000
f 1951 2021 2019
f 1953 2030 2027
f 1949 2008 2010
f 1947 1997 1998
f 1951 2018 2017
f 1953 2028 2029
f 1954 2033 2036
f 1950 2014 2015
f 1956 2043 2044
f 1955 2039 2038
f 1952 2025 2024
f 1946 1996 1995
f 1979 2053 2060
f 1962 2049 2052
f 1963 2055 2050
f 1984 2058 2056
f 1986 2061 2059
f 1978 2069 2063
f 1977 2096 2100
f 1969 2081 2083
f 1980 2102 2104
f 1964 2067 2064
f 1976 2087 2093
f 1967 2071 2076
f 1968 2079 2072
f 1981 2091 2089
f 1985 2094 2092
f 1978 2097 2099
f 1977 2084 2077
f 1969 2082 2078
f 1980 2103 2101
f 1964 2066 2068
f 1961 2051 1991
f 1958 2047 1988
f 1957 2048 1987
f 1959 2054 1989
f 1960 2057 1990
f 1962 2062 1993
f 1979 2098 2016
f 1986 2085 2046
f 1984 2106 2040
f 1963 2065 2023
f 1974 2086 2006
f 1971 2073 2003
f 1966 2074 2002
f 1972 2088 2004
f 1973 2090 2005
f 1976 2095 2010
f 1967 2075 1998
f 1968 2080 2017
f 1981 2105 2029
f 1985 2070 2036
f 1979 2060 2045
f 1962 2052 2013
f 1963 2050 1994
f 1984 2056 2026
f 1986 2059 2041
f 1978 2063 2015
f 1977 2100 2044
f 1969 2083 2038
f 1980 2104 2024
f 1964 2064 1995
f 1976 2093 2034
f 1967 2076 2007
f 1968 2072 1999
f 1981 2089 2020
f 1985 2092 2031
f 1978 2099 2035
f 1977 2077 2011
f 1969 2078 2000
f 1980 2101 2019
f 1964 2068 2027
f 1958 2053 2012
f 1957 2049 1992
f 1959 2055 2022
f 1960 2058 2037
f 1961 2061 2042
f 1965 2069 2032
f 1975 2096 2009
f 1970 2081 2001
f 1982 2102 2021
f 1983 2067 2030
f 1971 2087 2008
f 1966 2071 1997
f 1972 2079 2018
f 1973 2091 2028
f 1974 2094 2033
f 1975 2097 2014
f 1970 2084 2043
f 1982 2082 2039
f 1983 2103 2025
f 1965 2066 1996
f 1958 2051 2053
f 1957 2047 2049
f 1959 2048 2055
f 1960 2054 2058
f 1961 2057 2061
f 1965 2062 2069
f 1975 2098 2096
f 1970 2085 2081
f 1982 2106 2102
f 1983 2065 2067
f 1971 2086 2087
f 1966 2073 2071
f 1972 2074 2079
f 1973 2088 2091
f 1974 2090 2094
f 1975 2095 2097
f 1970 2075 2084
f 1982 2080 2082
f 1983 2105 2103
f 1965 2070 2066
f 1958 1988 2051
f 1957 1987 2047
f 1959 1989 2048
f 1960 1990 2054
f 1961 1991 2057
f 1965 1996 2062
f 1975 2014 2098
f 1970 2043 2085
f 1982 2039 2106
f 1983 2025 2065
f 1971 2003 2086
f 1966 2002 2073
f 1972 2004 2074
f 1973 2005 2088
f 1974 2006 2090
f 1975 2009 2095
f 1970 2001 2075
f 1982 2021 2080
f 1983 2030 2105
f 1965 2032 2070
f 1961 2042 2060
f 1958 2012 2052
f 1957 1992 2050
f 1959 2022 2056
f 1960 2037 2059
f 1962 2013 2063
f 1979 2045 2100
f 1986 2041 2083
f 1984 2026 2104
f 1963 1994 2064
f 1974 2033 2093
f 1971 2008 2076
f 1966 1997 2072
f 1972 2018 2089
f 1973 2028 2092
f 1976 2034 2099
f 1967 2007 2077
f 1968 1999 2078
f 1981 2020 2101
f 1985 2031 2068
f 1979 2016 2053
f 1962 1993 2049
f 1963 2023 2055
f 1984 2040 2058
f 1986 2046 2061
f 1978 2035 2069
f 1977 2011 2096
f 1969 2000 2081
f 1980 2019 2102
f 1964 2027 2067
f 1976 2010 2087
f 1967 1998 2071
f 1968 2017 2079
f 1981 2029 2091
f 1985 2036 2094
f 1978 2015 2097
f 1977 2044 2084
f 1969 2038 2082
f 1980 2024 2103
f 1964 1995 2066
f 1961 2060 2051
f 1958 2052 2047
f 1957 2050 2048
f 1959 2056 2054
f 1960 2059 2057
f 1962 2063 2062
f 1979 2100 2098
f 1986 2083 2085
f 1984 2104 2106
f 1963 2064 2065
f 1974 2093 2086
f 1971 2076 2073
f 1966 2072 2074
f 1972 2089 2088
f 1973 2092 2090
f 1976 2099 2095
f 1967 2077 2075
f 1968 2078 2080
f 1981 2101 2105
f 1985 2068 2070
f 2051 1988 1991
f 2047 1987 1988
f 2048 1989 1987
f 2054 1990 1989
f 2057 1991 1990
f 2062 1996 1993
f 2098 2014 2016
f 2085 2043 2046
f 2106 2039 2040
f 2065 2025 2023
f 2086 2003 2006
f 2073 2002 2003
f 2074 2004 2002
f 2088 2005 2004
f 2090 2006 2005
f 2095 2009 2010
f 2075 2001 1998
f 2080 2021 2017
f 2105 2030 2029
f 2070 2032 2036
f 2060 2042 2045
f 2052 2012 2013
f 2050 1992 1994
f 2056 2022 2026
f 2059 2037 2041
f 2063 2013 2015
f 2100 2045 2044
f 2083 2041 2038
f 2104 2026 2024
f 2064 1994 1995
f 2093 2033 2034
f 2076 2008 2007
f 2072 1997 1999
f 2089 2018 2020
f 2092 2028 2031
f 2099 2034 2035
f 2077 2007 2011
f 2078 1999 2000
f 2101 2020 2019
f 2068 2031 2027
f 2053 2016 2012
f 2049 1993 1992
f 2055 2023 2022
f 2058 2040 2037
f 2061 2046 2042
f 2069 2035 2032
f 2096 2011 2009
f 2081 2000 2001
f 2102 2019 2021
f 2067 2027 2030
f 2087 2010 2008
f 2071 1998 1997
f 2079 2017 2018
f 2091 2029 2028
f 2094 2036 2033
f 2097 2015 2014
f 2084 2044 2043
f 2082 2038 2039
f 2103 2024 2025
f 2066 1995 1996
f 2051 2060 2053
f 2047 2052 2049
f 2048 2050 2055
f 2054 2056 2058
f 2057 2059 2061
f 2062 2063 2069
f 2098 2100 2096
f 2085 2083 2081
f 2106 2104 2102
f 2065 2064 2067
f 2086 2093 2087
f 2073 2076 2071
f 2074 2072 2079
f 2088 2089 2091
f 2090 2092 2094
f 2095 2099 2097
f 2075 2077 2084
f 2080 2078 2082
f 2105 2101 2103
f 2070 2068 2066
f 2107 2153 2150
f 2107 2150 2149
f 2107 2149 2151
f 2107 2151 2152
f 2107 2152 2153
f 2108 2155 2158
f 2112 2178 2176
f 2118 2208 2205
f 2117 2202 2201
f 2114 2185 2187
f 2110 2168 2165
f 2110 2165 2164
f 2110 2164 2166
f 2110 2166 2167
f 2110 2167 2168
f 2111 2172 2171
f 2109 2160 2163
f 2113 2179 2183
f 2115 2191 2192
f 2116 2198 2194
f 2118 2207 2204
f 2112 2175 2174
f 2108 2156 2154
f 2114 2188 2184
f 2117 2203 2199
f 2112 2177 2175
f 2118 2206 2207
f 2117 2200 2203
f 2114 2186 2188
f 2108 2157 2156
f 2116 2196 2195
f 2111 2169 2170
f 2109 2161 2159
f 2113 2182 2180
f 2115 2193 2190
f 2116 2197 2196
f 2111 2173 2169
f 2109 2162 2161
f 2113 2181 2182
f 2115 2189 2193
f 2112 2174 2178
f 2108 2154 2155
f 2114 2184 2185
f 2117 2199 2202
f 2118 2204 2208
f 2116 2194 2197
f 2111 2171 2173
f 2109 2163 2162
f 2113 2183 2181
f 2115 2192 2189
f 2111 2170 2172
f 2109 2159 2160
f 2113 2180 2179
f 2115 2190 2191
f 2116 2195 2198
f 2112 2176 2177
f 2118 2205 2206
f 2117 2201 2200
f 2114 2187 2186
f 2108 2158 2157
f 2141 2215 2222
f 2124 2211 2214
f 2125 2217 2212
f 2146 2220 2218
f 2148 2223 2221
f 2140 2231 2225
f 2139 2258 2262
f 2131 2243 2245
f 2142 2264 2266
f 2126 2229 2226
f 2138 2249 2255
f 2129 2233 2238
f 2130 2241 2234
f 2143 2253 2251
f 2147 2256 2254
f 2140 2259 2261
f 2139 2246 2239
f 2131 2244 2240
f 2142 2265 2263
f 2126 2228 2230
f 2123 2213 2153
f 2120 2209 2150
f 2119 2210 2149
f 2121 2216 2151
f 2122 2219 2152
f 2124 2224 2155
f 2141 2260 2178
f 2148 2247 2208
f 2146 2268 2202
f 2125 2227 2185
f 2136 2248 2168
f 2133 2235 2165
f 2128 2236 2164
f 2134 2250 2166
f 2135 2252 2167
f 2138 2257 2172
f 2129 2237 2160
f 2130 2242 2179
f 2143 2267 2191
f 2147 2232 2198
f 2141 2222 2207
f 2124 2214 2175
f 2125 2212 2156
f 2146 2218 2188
f 2148 2221 2203
f 2140 2225 2177
f 2139 2262 2206
f 2131 2245 2200
f 2142 2266 2186
f 2126 2226 2157
f 2138 2255 2196
f 2129 2238 2169
f 2130 2234 2161
f 2143 2251 2182
f 2147 2254 2193
f 2140 2261 2197
f 2139 2239 2173
f 2131 2240 2162
f 2142 2263 2181
f 2126 2230 2189
f 2120 2215 2174
f 2119 2211 2154
f 2121 2217 2184
f 2122 2220 2199
f 2123 2223 2204
f 2127 2231 2194
f 2137 2258 2171
f 2132 2243 2163
f 2144 2264 2183
f 2145 2229 2192
f 2133 2249 2170
f 2128 2233 2159
f 2134 2241 2180
f 2135 2253 2190
f 2136 2256 2195
f 2137 2259 2176
f 2132 2246 2205
f 2144 2244 2201
f 2145 2265 2187
f 2127 2228 2158
f 2120 2213 2215
f 2119 2209 2211
f 2121 2210 2217
f 2122 2216 2220
f 2123 2219 2223
f 2127 2224 2231
f 2137 2260 2258
f 2132 2247 2243
f 2144 2268 2264
f 2145 2227 2229
f 2133 2248 2249
f 2128 2235 2233
f 2134 2236 2241
f 2135 2250 2253
f 2136 2252 2256
f 2137 2257 2259
f 2132 2237 2246
f 2144 2242 2244
f 2145 2267 2265
f 2127 2232 2228
f 2120 2150 2213
f 2119 2149 2209
f 2121 2151 2210
f 2122 2152 2216
f 2123 2153 2219
f 2127 2158 2224
f 2137 2176 2260
f 2132 2205 2247
f 2144 2201 2268
f 2145 2187 2227
f 2133 2165 2248
f 2128 2164 2235
f 2134 2166 2236
f 2135 2167 2250
f 2136 2168 2252
f 2137 2171 2257
f 2132 2163 2237
f 2144 2183 2242
f 2145 2192 2267
f 2127 2194 2232
f 2123 2204 2222
f 2120 2174 2214
f 2119 2154 2212
f 2121 2184 2218
f 2122 2199 2221
f 2124 2175 2225
f 2141 2207 2262
f 2148 2203 2245
f 2146 2188 2266
f 2125 2156 2226
f 2136 2195 2255
f 2133 2170 2238
f 2128 2159 2234
f 2134 2180 2251
f 2135 2190 2254
f 2138 2196 2261
f 2129 2169 2239
f 2130 2161 2240
f 2143 2182 2263
f 2147 2193 2230
f 2141 2178 2215
f 2124 2155 2211
f 2125 2185 2217
f 2146 2202 2220
f 2148 2208 2223
f 2140 2197 2231
f 2139 2173 2258
f 2131 2162 2243
f 2142 2181 2264
f 2126 2189 2229
f 2138 2172 2249
f 2129 2160 2233
f 2130 2179 2241
f 2143 2191 2253
f 2147 2198 2256
f 2140 2177 2259
f 2139 2206 2246
f 2131 2200 2244
f 2142 2186 2265
f 2126 2157 2228
f 2123 2222 2213
f 2120 2214 2209
f 2119 2212 2210
f 2121 2218 2216
f 2122 2221 2219
f 2124 2225 2224
f 2141 2262 2260
f 2148 2245 2247
f 2146 2266 2268
f 2125 2226 2227
f 2136 2255 2248
f 2133 2238 2235
f 2128 2234 2236
f 2134 2251 2250
f 2135 2254 2252
f 2138 2261 2257
f 2129 2239 2237
f 2130 2240 2242
f 2143 2263 2267
f 2147 2230 2232
f 2213 2150 2153
f 2209 2149 2150
f 2210 2151 2149
f 2216 2152 2151
f 2219 2153 2152
f 2224 2158 2155
f 2260 2176 2178
f 2247 2205 2208
f 2268 2201 2202
f 2227 2187 2185
f 2248 2165 2168
f 2235 2164 2165
f 2236 2166 2164
f 2250 2167 2166
f 2252 2168 2167
f 2257 2171 2172
f 2237 2163 2160
f 2242 2183 2179
f 2267 2192 2191
f 2232 2194 2198
f 2222 2204 2207
f 2214 2174 2175
f 2212 2154 2156
f 2218 2184 2188
f 2221 2199 2203
f 2225 2175 2177
f 2262 2207 2206
f 2245 2203 2200
f 2266 2188 2186
f 2226 2156 2157
f 2255 2195 2196
f 2238 2170 2169
f 2234 2159 2161
f 2251 2180 2182
f 2254 2190 2193
f 2261 2196 2197
f 2239 2169 2173
f 2240 2161 2162
f 2263 2182 2181
f 2230 2193 2189
f 2215 2178 2174
f 2211 2155 2154
f 2217 2185 2184
f 2220 2202 2199
f 2223 2208 2204
f 2231 2197 2194
f 2258 2173 2171
f 2243 2162 2163
f 2264 2181 2183
f 2229 2189 2192
f 2249 2172 2170
f 2233 2160 2159
f 2241 2179 2180
f 2253 2191 2190
f 2256 2198 2195
f 2259 2177 2176
f 2246 2206 2205
f 2244 2200 2201
f 2265 2186 2187
f 2228 2157 2158
f 2213 2222 2215
f 2209 2214 2211
f 2210 2212 2217
f 2216 2218 2220
f 2219 2221 2223
f 2224 2225 2231
f 2260 2262 2258
f 2247 2245 2243
f 2268 2266 2264
f 2227 2226 2229
f 2248 2255 2249
f 2235 2238 2233
f 2236 2234 2241
f 2250 2251 2253
f 2252 2254 2256
f 2257 2261 2259
f 2237 2239 2246
f 2242 2240 2244
f 2267 2263 2265
f 2232 2230 2228
f 2269 2315 2312
f 2269 2312 2311
f 2269 2311 2313
f 2269 2313 2314
f 2269 2314 2315
f 2270 2317 2320
f 2274 2340 2338
f 2280 2370 2367
f 2279 2364 2363
f 2276 2347 2349
f 2272 2330 2327
f 2272 2327 2326
f 2272 2326 2328
f 2272 2328 2329
f 2272 2329 2330
f 2273 2334 2333
f 2271 2322 2325
f 2275 2341 2345
f 2277 2353 2354
f 2278 2360 2356
f 2280 2369 2366
f 2274 2337 2336
f 2270 2318 2316
f 2276 2350 2346
f 2279 2365 2361
f 2274 2339 2337
f 2280 2368 2369
f 2279 2362 2365
f 2276 2348 2350
f 2270 2319 2318
f 2278 2358 2357
f 2273 2331 2332
f 2271 2323 2321
f 2275 2344 2342
f 2277 2355 2352
f 2278 2359 2358
f 2273 2335 2331
f 2271 2324 2323
f 2275 2343 2344
f 2277 2351 2355
f 2274 2336 2340
f 2270 2316 2317
f 2276 2346 2347
f 2279 2361 2364
f 2280 2366 2370
f 2278 2356 2359
f 2273 2333 2335
f 2271 2325 2324
f 2275 2345 2343
f 2277 2354 2351
f 2273 2332 2334
f 2271 2321 2322
f 2275 2342 2341
f 2277 2352 2353
f 2278 2357 2360
f 2274 2338 2339
f 2280 2367 2368
f 2279 2363 2362
f 2276 2349 2348
f 2270 2320 2319
f 2303 2377 2384
f 2286 2373 2376
f 2287 2379 2374
f 2308 2382 2380
f 2310 2385 2383
f 2302 2393 2387
f 2301 2420 2424
f 2293 2405 2407
f 2304 2426 2428
f 2288 2391 2388
f 2300 2411 2417
f 2291 2395 2400
f 2292 2403 2396
f 2305 2415 2413
f 2309 2418 2416
f 2302 2421 2423
f 2301 2408 2401
f 2293 2406 2402
f 2304 2427 2425
f 2288 2390 2392
f 2285 2375 2315
f 2282 2371 2312
f 2281 2372 2311
f 2283 2378 2313
f 2284 2381 2314
f 2286 2386 2317
f 2303 2422 2340
f 2310 2409 2370
f 2308 2430 2364
f 2287 2389 2347
f 2298 2410 2330
f 2295 2397 2327
f 2290 2398 2326
f 2296 2412 2328
f 2297 2414 2329
f 2300 2419 2334
f 2291 2399 2322
f 2292 2404 2341
f 2305 2429 2353
f 2309 2394 2360
f 2303 2384 2369
f 2286 2376 2337
f 2287 2374 2318
f 2308 2380 2350
f 2310 2383 2365
f 2302 2387 2339
f 2301 2424 2368
f 2293 2407 2362
f 2304 2428 2348
f 2288 2388 2319
f 2300 2417 2358
f 2291 2400 2331
f 2292 2396 2323
f 2305 2413 2344
f 2309 2416 2355
f 2302 2423 2359
f 2301 2401 2335
f 2293 2402 2324
f 2304 2425 2343
f 2288 2392 2351
f 2282 2377 2336
f 2281 2373 2316
f 2283 2379 2346
f 2284 2382 2361
f 2285 2385 2366
f 2289 2393 2356
f 2299 2420 2333
f 2294 2405 2325
f 2306 2426 2345
f 2307 2391 2354
f 2295 2411 2332
f 2290 2395 2321
f 2296 2403 2342
f 2297 2415 2352
f 2298 2418 2357
f 2299 2421 2338
f 2294 2408 2367
f 2306 2406 2363
f 2307 2427 2349
f 2289 2390 2320
f 2282 2375 2377
f 2281 2371 2373
f 2283 2372 2379
f 2284 2378 2382
f 2285 2381 2385
f 2289 2386 2393
f 2299 2422 2420
f 2294 2409 2405
f 2306 2430 2426
f 2307 2389 2391
f 2295 2410 2411
f 2290 2397 2395
f 2296 2398 2403
f 2297 2412 2415
f 2298 2414 2418
f 2299 2419 2421
f 2294 2399 2408
f 2306 2404 2406
f 2307 2429 2427
f 2289 2394 2390
f 2282 2312 2375
f 2281 2311 2371
f 2283 2313 2372
f 2284 2314 2378
f 2285 2315 2381
f 2289 2320 2386
f 2299 2338 2422
f 2294 2367 2409
f 2306 2363 2430
f 2307 2349 2389
f 2295 2327 2410
f 2290 2326 2397
f 2296 2328 2398
f 2297 2329 2412
f 2298 2330 2414
f 2299 2333 2419
f 2294 2325 2399
f 2306 2345 2404
f 2307 2354 2429
f 2289 2356 2394
f 2285 2366 2384
f 2282 2336 2376
f 2281 2316 2374
f 2283 2346 2380
f 2284 2361 2383
f 2286 2337 2387
f 2303 2369 2424
f 2310 2365 2407
f 2308 2350 2428
f 2287 2318 2388
f 2298 2357 2417
f 2295 2332 2400
f 2290 2321 2396
f 2296 2342 2413
f 2297 2352 2416
f 2300 2358 2423
f 2291 2331 2401
f 2292 2323 2402
f 2305 2344 2425
f 2309 2355 2392
f 2303 2340 2377
f 2286 2317 2373
f 2287 2347 2379
f 2308 2364 2382
f 2310 2370 2385
f 2302 2359 2393
f 2301 2335 2420
f 2293 2324 2405
f 2304 2343 2426
f 2288 2351 2391
f 2300 2334 2411
f 2291 2322 2395
f 2292 2341 2403
f 2305 2353 2415
f 2309 2360 2418
f 2302 2339 2421
f 2301 2368 2408
f 2293 2362 2406
f 2304 2348 2427
f 2288 2319 2390
f 2285 2384 2375
f 2282 2376 2371
f 2281 2374 2372
f 2283 2380 2378
f 2284 2383 2381
f 2286 2387 2386
f 2303 2424 2422
f 2310 2407 2409
f 2308 2428 2430
f 2287 2388 2389
f 2298 2417 2410
f 2295 2400 2397
f 2290 2396 2398
f 2296 2413 2412
f 2297 2416 2414
f 2300 2423 2419
f 2291 2401 2399
f 2292 2402 2404
f 2305 2425 2429
f 2309 2392 2394
f 2375 2312 2315
f 2371 2311 2312
f 2372 2313 2311
f 2378 2314 2313
f 2381 2315 2314
f 2386 2320 2317
f 2422 2338 2340
f 2409 2367 2370
f 2430 2363 2364
f 2389 2349 2347
f 2410 2327 2330
f 2397 2326 2327
f 2398 2328 2326
f 2412 2329 2328
f 2414 2330 2329
f 2419 2333 2334
f 2399 2325 2322
f 2404 2345 2341
f 2429 2354 2353
f 2394 2356 2360
f 2384 2366 2369
f 2376 2336 2337
f 2374 2316 2318
f 2380 2346 2350
f 2383 2361 2365
f 2387 2337 2339
f 2424 2369 2368
f 2407 2365 2362
f 2428 2350 2348
f 2388 2318 2319
f 2417 2357 2358
f 2400 2332 2331
f 2396 2321 2323
f 2413 2342 2344
f 2416 2352 2355
f 2423 2358 2359
f 2401 2331 2335
f 2402 2323 2324
f 2425 2344 2343
f 2392 2355 2351
f 2377 2340 2336
f 2373 2317 2316
f 2379 2347 2346
f 2382 2364 2361
f 2385 2370 2366
f 2393 2359 2356
f 2420 2335 2333
f 2405 2324 2325
f 2426 2343 2345
f 2391 2351 2354
f 2411 2334 2332
f 2395 2322 2321
f 2403 2341 2342
f 2415 2353 2352
f 2418 2360 2357
f 2421 2339 2338
f 2408 2368 2367
f 2406 2362 2363
f 2427 2348 2349
f 2390 2319 2320
f 2375 2384 2377
f 2371 2376 2373
f 2372 2374 2379
f 2378 2380 2382
f 2381 2383 2385
f 2386 2387 2393
f 2422 2424 2420
f 2409 2407 2405
f 2430 2428 2426
f 2389 2388 2391
f 2410 2417 2411
f 2397 2400 2395
f 2398 2396 2403
f 2412 2413 2415
f 2414 2416 2418
f 2419 2423 2421
f 2399 2401 2408
f 2404 2402 2406
f 2429 2425 2427
f 2394 2392 2390
f 2431 2477 2474
f 2431 2474 2473
f 2431 2473 2475
f 2431 2475 2476
f 2431 2476 2477
f 2432 2479 2482
f 2436 2502 2500
f 2442 2532 2529
f 2441 2526 2525
f 2438 2509 2511
f 2434 2492 2489
f 2434 2489 2488
f 2434 2488 2490
f 2434 2490 2491
f 2434 2491 2492
f 2435 2496 2495
f 2433 2484 2487
f 2437 2503 2507
f 2439 2515 2516
f 2440 2522 2518
f 2442 2531 2528
f 2436 2499 2498
f 2432 2480 2478
f 2438 2512 2508
f 2441 2527 2523
f 2436 2501 2499
f 2442 2530 2531
f 2441 2524 2527
f 2438 2510 2512
f 2432 2481 2480
f 2440 2520 2519
f 2435 2493 2494
f 2433 2485 2483
f 2437 2506 2504
f 2439 2517 2514
f 2440 2521 2520
f 2435 2497 2493
f 2433 2486 2485
f 2437 2505 2506
f 2439 2513 2517
f 2436 2498 2502
f 2432 2478 2479
f 2438 2508 2509
f 2441 2523 2526
f 2442 2528 2532
f 2440 2518 2521
f 2435 2495 2497
f 2433 2487 2486
f 2437 2507 2505
f 2439 2516 2513
f 2435 2494 2496
f 2433 2483 2484
f 2437 2504 2503
f 2439 2514 2515
f 2440 2519 2522
f 2436 2500 2501
f 2442 2529 2530
f 2441 2525 2524
f 2438 2511 2510
f 2432 2482 2481
f 2465 2539 2546
f 2448 2535 2538
f 2449 2541 2536
f 2470 2544 2542
f 2472 2547 2545
f 2464 2555 2549
f 2463 2582 2586
f 2455 2567 2569
f 2466 2588 2590
f 2450 2553 2550
f 2462 2573 2579
f 2453 2557 2562
f 2454 2565 2558
f 2467 2577 2575
f 2471 2580 2578
f 2464 2583 2585
f 2463 2570 2563
f 2455 2568 2564
f 2466 2589 2587
f 2450 2552 2554
f 2447 2537 2477
f 2444 2533 2474
f 2443 2534 2473
f 2445 2540 2475
f 2446 2543 2476
f 2448 2548 2479
f 2465 2584 2502
f 2472 2571 2532
f 2470 2592 2526
f 2449 2551 2509
f 2460 2572 2492
f 2457 2559 2489
f 2452 2560 2488
f 2458 2574 2490
f 2459 2576 2491
f 2462 2581 2496
f 2453 2561 2484
f 2454 2566 2503
f 2467 2591 2515
f 2471 2556 2522
f 2465 2546 2531
f 2448 2538 2499
f 2449 2536 2480
f 2470 2542 2512
f 2472 2545 2527
f 2464 2549 2501
f 2463 2586 2530
f 2455 2569 2524
f 2466 2590 2510
f 2450 2550 2481
f 2462 2579 2520
f 2453 2562 2493
f 2454 2558 2485
f 2467 2575 2506
f 2471 2578 2517
f 2464 2585 2521
f 2463 2563 2497
f 2455 2564 2486
f 2466 2587 2505
f 2450 2554 2513
f 2444 2539 2498
f 2443 2535 2478
f 2445 2541 2508
f 2446 2544 2523
f 2447 2547 2528
f 2451 2555 2518
f 2461 2582 2495
f 2456 2567 2487
f 2468 2588 2507
f 2469 2553 2516
f 2457 2573 2494
f 2452 2557 2483
f 2458 2565 2504
f 2459 2577 2514
f 2460 2580 2519
f 2461 2583 2500
f 2456 2570 2529
f 2468 2568 2525
f 2469 2589 2511
f 2451 2552 2482
f 2444 2537 2539
f 2443 2533 2535
f 2445 2534 2541
f 2446 2540 2544
f 2447 2543 2547
f 2451 2548 2555
f 2461 2584 2582
f 2456 2571 2567
f 2468 2592 2588
f 2469 2551 2553
f 2457 2572 2573
f 2452 2559 2557
f 2458 2560 2565
f 2459 2574 2577
f 2460 2576 2580
f 2461 2581 2583
f 2456 2561 2570
f 2468 2566 2568
f 2469 2591 2589
f 2451 2556 2552
f 2444 2474 2537
f 2443 2473 2533
f 2445 2475 2534
f 2446 2476 2540
f 2447 2477 2543
f 2451 2482 2548
f 2461 2500 2584
f 2456 2529 2571
f 2468 2525 2592
f 2469 2511 2551
f 2457 2489 2572
f 2452 2488 2559
f 2458 2490 2560
f 2459 2491 2574
f 2460 2492 2576
f 2461 2495 2581
f 2456 2487 2561
f 2468 2507 2566
f 2469 2516 2591
f 2451 2518 2556
f 2447 2528 2546
f 2444 2498 2538
f 2443 2478 2536
f 2445 2508 2542
f 2446 2523 2545
f 2448 2499 2549
f 2465 2531 2586
f 2472 2527 2569
f 2470 2512 2590
f 2449 2480 2550
f 2460 2519 2579
f 2457 2494 2562
f 2452 2483 2558
f 2458 2504 2575
f 2459 2514 2578
f 2462 2520 2585
f 2453 2493 2563
f 2454 2485 2564
f 2467 2506 2587
f 2471 2517 2554
f 2465 2502 2539
f 2448 2479 2535
f 2449 2509 2541
f 2470 2526 2544
f 2472 2532 2547
f 2464 2521 2555
f 2463 2497 2582
f 2455 2486 2567
f 2466 2505 2588
f 2450 2513 2553
f 2462 2496 2573
f 2453 2484 2557
f 2454 2503 2565
f 2467 2515 2577
f 2471 2522 2580
f 2464 2501 2583
f 2463 2530 2570
f 2455 2524 2568
f 2466 2510 2589
f 2450 2481 2552
f 2447 2546 2537
f 2444 2538 2533
f 2443 2536 2534
f 2445 2542 2540
f 2446 2545 2543
f 2448 2549 2548
f 2465 2586 2584
f 2472 2569 2571
f 2470 2590 2592
f 2449 2550 2551
f 2460 2579 2572
f 2457 2562 2559
f 2452 2558 2560
f 2458 2575 2574
f 2459 2578 2576
f 2462 2585 2581
f 2453 2563 2561
f 2454 2564 2566
f 2467 2587 2591
f 2471 2554 2556
f 2537 2474 2477
f 2533 2473 2474
f 2534 2475 2473
f 2540 2476 2475
f 2543 2477 2476
f 2548 2482 2479
f 2584 2500 2502
f 2571 2529 2532
f 2592 2525 2526
f 2551 2511 2509
f 2572 2489 2492
f 2559 2488 2489
f 2560 2490 2488
f 2574 2491 2490
f 2576 2492 2491
f 2581 2495 2496
f 2561 2487 2484
f 2566 2507 2503
f 2591 2516 2515
f 2556 2518 2522
f 2546 2528 2531
f 2538 2498 2499
f 2536 2478 2480
f 2542 2508 2512
f 2545 2523 2527
f 2549 2499 2501
f 2586 2531 2530
f 2569 2527 2524
f 2590 2512 2510
f 2550 2480 2481
f 2579 2519 2520
f 2562 2494 2493
f 2558 2483 2485
f 2575 2504 2506
f 2578 2514 2517
f 2585 2520 2521
f 2563 2493 2497
f 2564 2485 2486
f 2587 2506 2505
f 2554 2517 2513
f 2539 2502 2498
f 2535 2479 2478
f 2541 2509 2508
f 2544 2526 2523
f 2547 2532 2528
f 2555 2521 2518
f 2582 2497 2495
f 2567 2486 2487
f 2588 2505 2507
f 2553 2513 2516
f 2573 2496 2494
f 2557 2484 2483
f 2565 2503 2504
f 2577 2515 2514
f 2580 2522 2519
f 2583 2501 2500
f 2570 2530 2529
f 2568 2524 2525
f 2589 2510 2511
f 2552 2481 2482
f 2537 2546 2539
f 2533 2538 2535
f 2534 2536 2541
f 2540 2542 2544
f 2543 2545 2547
f 2548 2549 2555
f 2584 2586 2582
f 2571 2569 2567
f 2592 2590 2588
f 2551 2550 2553
f 2572 2579 2573
f 2559 2562 2557
f 2560 2558 2565
f 2574 2575 2577
f 2576 2578 2580
f 2581 2585 2583
f 2561 2563 2570
f 2566 2564 2568
f 2591 2587 2589
f 2556 2554 2552
f 2593 2639 2636
f 2593 2636 2635
f 2593 2635 2637
f 2593 2637 2638
f 2593 2638 2639
f 2594 2641 2644
f 2598 2664 2662
f 2604 2694 2691
f 2603 2688 2687
f 2600 2671 2673
f 2596 2654 2651
f 2596 2651 2650
f 2596 2650 2652
f 2596 2652 2653
f 2596 2653 2654
f 2597 2658 2657
f 2595 2646 2649
f 2599 2665 2669
f 2601 2677 2678
f 2602 2684 2680
f 2604 2693 2690
f 2598 2661 2660
f 2594 2642 2640
f 2600 2674 2670
f 2603 2689 2685
f 2598 2663 2661
f 2604 2692 2693
f 2603 2686 2689
f 2600 2672 2674
f 2594 2643 2642
f 2602 2682 2681
f 2597 2655 2656
f 2595 2647 2645
f 2599 2668 2666
f 2601 2679 2676
f 2602 2683 2682
f 2597 2659 2655
f 2595 2648 2647
f 2599 2667 2668
f 2601 2675 2679
f 2598 2660 2664
f 2594 2640 2641
f 2600 2670 2671
f 2603 2685 2688
f 2604 2690 2694
f 2602 2680 2683
f 2597 2657 2659
f 2595 2649 2648
f 2599 2669 2667
f 2601 2678 2675
f 2597 2656 2658
f 2595 2645 2646
f 2599 2666 2665
f 2601 2676 2677
f 2602 2681 2684
f 2598 2662 2663
f 2604 2691 2692
f 2603 2687 2686
f 2600 2673 2672
f 2594 2644 2643
f 2627 2701 2708
f 2610 2697 2700
f 2611 2703 2698
f 2632 2706 2704
f 2634 2709 2707
f 2626 2717 2711
f 2625 2744 2748
f 2617 2729 2731
f 2628 2750 2752
f 2612 2715 2712
f 2624 2735 2741
f 2615 2719 2724
f 2616 2727 2720
f 2629 2739 2737
f 2633 2742 2740
f 2626 2745 2747
f 2625 2732 2725
f 2617 2730 2726
f 2628 2751 2749
f 2612 2714 2716
f 2609 2699 2639
f 2606 2695 2636
f 2605 2696 2635
f 2607 2702 2637
f 2608 2705 2638
f 2610 2710 2641
f 2627 2746 2664
f 2634 2733 2694
f 2632 2754 2688
f 2611 2713 2671
f 2622 2734 2654
f 2619 2721 2651
f 2614 2722 2650
f 2620 2736 2652
f 2621 2738 2653
f 2624 2743 2658
f 2615 2723 2646
f 2616 2728 2665
f 2629 2753 2677
f 2633 2718 2684
f 2627 2708 2693
f 2610 2700 2661
f 2611 2698 2642
f 2632 2704 2674
f 2634 2707 2689
f 2626 2711 2663
f 2625 2748 2692
f 2617 2731 2686
f 2628 2752 2672
f 2612 2712 2643
f 2624 2741 2682
f 2615 2724 2655
f 2616 2720 2647
f 2629 2737 2668
f 2633 2740 2679
f 2626 2747 2683
f 2625 2725 2659
f 2617 2726 2648
f 2628 2749 2667
f 2612 2716 2675
f 2606 2701 2660
f 2605 2697 2640
f 2607 2703 2670
f 2608 2706 2685
f 2609 2709 2690
f 2613 2717 2680
f 2623 2744 2657
f 2618 2729 2649
f 2630 2750 2669
f 2631 2715 2678
f 2619 2735 2656
f 2614 2719 2645
f 2620 2727 2666
f 2621 2739 2676
f 2622 2742 2681
f 2623 2745 2662
f 2618 2732 2691
f 2630 2730 2687
f 2631 2751 2673
f 2613 2714 2644
f 2606 2699 2701
f 2605 2695 2697
f 2607 2696 2703
f 2608 2702 2706
f 2609 2705 2709
f 2613 2710 2717
f 2623 2746 2744
f 2618 2733 2729
f 2630 2754 2750
f 2631 2713 2715
f 2619 2734 2735
f 2614 2721 2719
f 2620 2722 2727
f 2621 2736 2739
f 2622 2738 2742
f 2623 2743 2745
f 2618 2723 2732
f 2630 2728 2730
f 2631 2753 2751
f 2613 2718 2714
f 2606 2636 2699
f 2605 2635 2695
f 2607 2637 2696
f 2608 2638 2702
f 2609 2639 2705
f 2613 2644 2710
f 2623 2662 2746
f 2618 2691 2733
f 2630 2687 2754
f 2631 2673 2713
f 2619 2651 2734
f 2614 2650 2721
f 2620 2652 2722
f 2621 2653 2736
f 2622 2654 2738
f 2623 2657 2743
f 2618 2649 2723
f 2630 2669 2728
f 2631 2678 2753
f 2613 2680 2718
f 2609 2690 2708
f 2606 2660 2700
f 2605 2640 2698
f 2607 2670 2704
f 2608 2685 2707
f 2610 2661 2711
f 2627 2693 2748
f 2634 2689 2731
f 2632 2674 2752
f 2611 2642 2712
f 2622 2681 2741
f 2619 2656 2724
f 2614 2645 2720
f 2620 2666 2737
f 2621 2676 2740
f 2624 2682 2747
f 2615 2655 2725
f 2616 2647 2726
f 2629 2668 2749
f 2633 2679 2716
f 2627 2664 2701
f 2610 2641 2697
f 2611 2671 2703
f 2632 2688 2706
f 2634 2694 2709
f 2626 2683 2717
f 2625 2659 2744
f 2617 2648 2729
f 2628 2667 2750
f 2612 2675 2715
f 2624 2658 2735
f 2615 2646 2719
f 2616 2665 2727
f 2629 2677 2739
f 2633 2684 2742
f 2626 2663 2745
f 2625 2692 2732
f 2617 2686 2730
f 2628 2672 2751
f 2612 2643 2714
f 2609 2708 2699
f 2606 2700 2695
f 2605 2698 2696
f 2607 2704 2702
f 2608 2707 2705
f 2610 2711 2710
f 2627 2748 2746
f 2634 2731 2733
f 2632 2752 2754
f 2611 2712 2713
f 2622 2741 2734
f 2619 2724 2721
f 2614 2720 2722
f 2620 2737 2736
f 2621 2740 2738
f 2624 2747 2743
f 2615 2725 2723
f 2616 2726 2728
f 2629 2749 2753
f 2633 2716 2718
f 2699 2636 2639
f 2695 2635 2636
f 2696 2637 2635
f 2702 2638 2637
f 2705 2639 2638
f 2710 2644 2641
f 2746 2662 2664
f 2733 2691 2694
f 2754 2687 2688
f 2713 2673 2671
f 2734 2651 2654
f 2721 2650 2651
f 2722 2652 2650
f 2736 2653 2652
f 2738 2654 2653
f 2743 2657 2658
f 2723 2649 2646
f 2728 2669 2665
f 2753 2678 2677
f 2718 2680 2684
f 2708 2690 2693
f 2700 2660 2661
f 2698 2640 2642
f 2704 2670 2674
f 2707 2685 2689
f 2711 2661 2663
f 2748 2693 2692
f 2731 2689 2686
f 2752 2674 2672
f 2712 2642 2643
f 2741 2681 2682
f 2724 2656 2655
f 2720 2645 2647
f 2737 2666 2668
f 2740 2676 2679
f 2747 2682 2683
f 2725 2655 2659
f 2726 2647 2648
f 2749 2668 2667
f 2716 2679 2675
f 2701 2664 2660
f 2697 2641 2640
f 2703 2671 2670
f 2706 2688 2685
f 2709 2694 2690
f 2717 2683 2680
f 2744 2659 2657
f 2729 2648 2649
f 2750 2667 2669
f 2715 2675 2678
f 2735 2658 2656
f 2719 2646 2645
f 2727 2665 2666
f 2739 2677 2676
f 2742 2684 2681
f 2745 2663 2662
f 2732 2692 2691
f 2730 2686 2687
f 2751 2672 2673
f 2714 2643 2644
f 2699 2708 2701
f 2695 2700 2697
f 2696 2698 2703
f 2702 2704 2706
f 2705 2707 2709
f 2710 2711 2717
f 2746 2748 2744
f 2733 2731 2729
f 2754 2752 2750
f 2713 2712 2715
f 2734 2741 2735
f 2721 2724 2719
f 2722 2720 2727
f 2736 2737 2739
f 2738 2740 2742
f 2743 2747 2745
f 2723 2725 2732
f 2728 2726 2730
f 2753 2749 2751
f 2718 2716 2714
f 2755 2801 2798
f 2755 2798 2797
f 2755 2797 2799
f 2755 2799 2800
f 2755 2800 2801
f 2756 2803 2806
f 2760 2826 2824
f 2766 2856 2853
f 2765 2850 2849
f 2762 2833 2835
f 2758 2816 2813
f 2758 2813 2812
f 2758 2812 2814
f 2758 2814 2815
f 2758 2815 2816
f 2759 2820 2819
f 2757 2808 2811
f 2761 2827 2831
f 2763 2839 2840
f 2764 2846 2842
f 2766 2855 2852
f 2760 2823 2822
f 2756 2804 2802
f 2762 2836 2832
f 2765 2851 2847
f 2760 2825 2823
f 2766 2854 2855
f 2765 2848 2851
f 2762 2834 2836
f 2756 2805 2804
f 2764 2844 2843
f 2759 2817 2818
f 2757 2809 2807
f 2761 2830 2828
f 2763 2841 2838
f 2764 2845 2844
f 2759 2821 2817
f 2757 2810 2809
f 2761 2829 2830
f 2763 2837 2841
f 2760 2822 2826
f 2756 2802 2803
f 2762 2832 2833
f 2765 2847 2850
f 2766 2852 2856
f 2764 2842 2845
f 2759 2819 2821
f 2757 2811 2810
f 2761 2831 2829
f 2763 2840 2837
f 2759 2818 2820
f 2757 2807 2808
f 2761 2828 2827
f 2763 2838 2839
f 2764 2843 2846
f 2760 2824 2825
f 2766 2853 2854
f 2765 2849 2848
f 2762 2835 2834
f 2756 2806 2805
f 2789 2863 2870
f 2772 2859 2862
f 2773 2865 2860
f 2794 2868 2866
f 2796 2871 2869
f 2788 2879 2873
f 2787 2906 2910
f 2779 2891 2893
f 2790 2912 2914
f 2774 2877 2874
f 2786 2897 2903
f 2777 2881 2886
f 2778 2889 2882
f 2791 2901 2899
f 2795 2904 2902
f 2788 2907 2909
f 2787 2894 2887
f 2779 2892 2888
f 2790 2913 2911
f 2774 2876 2878
f 2771 2861 2801
f 2768 2857 2798
f 2767 2858 2797
f 2769 2864 2799
f 2770 2867 2800
f 2772 2872 2803
f 2789 2908 2826
f 2796 2895 2856
f 2794 2916 2850
f 2773 2875 2833
f 2784 2896 2816
f 2781 2883 2813
f 2776 2884 2812
f 2782 2898 2814
f 2783 2900 2815
f 2786 2905 2820
f 2777 2885 2808
f 2778 2890 2827
f 2791 2915 2839
f 2795 2880 2846
f 2789 2870 2855
f 2772 2862 2823
f 2773 2860 2804
f 2794 2866 2836
f 2796 2869 2851
f 2788 2873 2825
f 2787 2910 2854
f 2779 2893 2848
f 2790 2914 2834
f 2774 2874 2805
f 2786 2903 2844
f 2777 2886 2817
f 2778 2882 2809
f 2791 2899 2830
f 2795 2902 2841
f 2788 2909 2845
f 2787 2887 2821
f 2779 2888 2810
f 2790 2911 2829
f 2774 2878 2837
f 2768 2863 2822
f 2767 2859 2802
f 2769 2865 2832
f 2770 2868 2847
f 2771 2871 2852
f 2775 2879 2842
f 2785 2906 2819
f 2780 2891 2811
f 2792 2912 2831
f 2793 2877 2840
f 2781 2897 2818
f 2776 2881 2807
f 2782 2889 2828
f 2783 2901 2838
f 2784 2904 2843
f 2785 2907 2824
f 2780 2894 2853
f 2792 2892 2849
f 2793 2913 2835
f 2775 2876 2806
f 2768 2861 2863
f 2767 2857 2859
f 2769 2858 2865
f 2770 2864 2868
f 2771 2867 2871
f 2775 2872 2879
f 2785 2908 2906
f 2780 2895 2891
f 2792 2916 2912
f 2793 2875 2877
f 2781 2896 2897
f 2776 2883 2881
f 2782 2884 2889
f 2783 2898 2901
f 2784 2900 2904
f 2785 2905 2907
f 2780 2885 2894
f 2792 2890 2892
f 2793 2915 2913
f 2775 2880 2876
f 2768 2798 2861
f 2767 2797 2857
f 2769 2799 2858
f 2770 2800 2864
f 2771 2801 2867
f 2775 2806 2872
f 2785 2824 2908
f 2780 2853 2895
f 2792 2849 2916
f 2793 2835 2875
f 2781 2813 2896
f 2776 2812 2883
f 2782 2814 2884
f 2783 2815 2898
f 2784 2816 2900
f 2785 2819 2905
f 2780 2811 2885
f 2792 2831 2890
f 2793 2840 2915
f 2775 2842 2880
f 2771 2852 2870
f 2768 2822 2862
f 2767 2802 2860
f 2769 2832 2866
f 2770 2847 2869
f 2772 2823 2873
f 2789 2855 2910
f 2796 2851 2893
f 2794 2836 2914
f 2773 2804 2874
f 2784 2843 2903
f 2781 2818 2886
f 2776 2807 2882
f 2782 2828 2899
f 2783 2838 2902
f 2786 2844 2909
f 2777 2817 2887
f 2778 2809 2888
f 2791 2830 2911
f 2795 2841 2878
f 2789 2826 2863
f 2772 2803 2859
f 2773 2833 2865
f 2794 2850 2868
f 2796 2856 2871
f 2788 2845 2879
f 2787 2821 2906
f 2779 2810 2891
f 2790 2829 2912
f 2774 2837 2877
f 2786 2820 2897
f 2777 2808 2881
f 2778 2827 2889
f 2791 2839 2901
f 2795 2846 2904
f 2788 2825 2907
f 2787 2854 2894
f 2779 2848 2892
f 2790 2834 2913
f 2774 2805 2876
f 2771 2870 2861
f 2768 2862 2857
f 2767 2860 2858
f 2769 2866 2864
f 2770 2869 2867
f 2772 2873 2872
f 2789 2910 2908
f 2796 2893 2895
f 2794 2914 2916
f 2773 2874 2875
f 2784 2903 2896
f 2781 2886 2883
f 2776 2882 2884
f 2782 2899 2898
f 2783 2902 2900
f 2786 2909 2905
f 2777 2887 2885
f 2778 2888 2890
f 2791 2911 2915
f 2795 2878 2880
f 2861 2798 2801
f 2857 2797 2798
f 2858 2799 2797
f 2864 2800 2799
f 2867 2801 2800
f 2872 2806 2803
f 2908 2824 2826
f 2895 2853 2856
f 2916 2849 2850
f 2875 2835 2833
f 2896 2813 2816
f 2883 2812 2813
f 2884 2814 2812
f 2898 2815 2814
f 2900 2816 2815
f 2905 2819 2820
f 2885 2811 2808
f 2890 2831 2827
f 2915 2840 2839
f 2880 2842 2846
f 2870 2852 2855
f 2862 2822 2823
f 2860 2802 2804
f 2866 2832 2836
f 2869 2847 2851
f 2873 2823 2825
f 2910 2855 2854
f 2893 2851 2848
f 2914 2836 2834
f 2874 2804 2805
f 2903 2843 2844
f 2886 2818 2817
f 2882 2807 2809
f 2899 2828 2830
f 2902 2838 2841
f 2909 2844 2845
f 2887 2817 2821
f 2888 2809 2810
f 2911 2830 2829
f 2878 2841 2837
f 2863 2826 2822
f 2859 2803 2802
f 2865 2833 2832
f 2868 2850 2847
f 2871 2856 2852
f 2879 2845 2842
f 2906 2821 2819
f 2891 2810 2811
f 2912 2829 2831
f 2877 2837 2840
f 2897 2820 2818
f 2881 2808 2807
f 2889 2827 2828
f 2901 2839 2838
f 2904 2846 2843
f 2907 2825 2824
f 2894 2854 2853
f 2892 2848 2849
f 2913 2834 2835
f 2876 2805 2806
f 2861 2870 2863
f 2857 2862 2859
f 2858 2860 2865
f 2864 2866 2868
f 2867 2869 2871
f 2872 2873 2879
f 2908 2910 2906
f 2895 2893 2891
f 2916 2914 2912
f 2875 2874 2877
f 2896 2903 2897
f 2883 2886 2881
f 2884 2882 2889
f 2898 2899 2901
f 2900 2902 2904
f 2905 2909 2907
f 2885 2887 2894
f 2890 2888 2892
f 2915 2911 2913
f 2880 2878 2876
f 2917 2963 2960
f 2917 2960 2959
f 2917 2959 2961
f 2917 2961 2962
f 2917 2962 2963
f 2918 2965 2968
f 2922 2988 2986
f 2928 3018 3015
f 2927 3012 3011
f 2924 2995 2997
f 2920 2978 2975
f 2920 2975 2974
f 2920 2974 2976
f 2920 2976 2977
f 2920 2977 2978
f 2921 2982 2981
f 2919 2970 2973
f 2923 2989 2993
f 2925 3001 3002
f 2926 3008 3004
f 2928 3017 3014
f 2922 2985 2984
f 2918 2966 2964
f 2924 2998 2994
f 2927 3013 3009
f 2922 2987 2985
f 2928 3016 3017
f 2927 3010 3013
f 2924 2996 2998
f 2918 2967 2966
f 2926 3006 3005
f 2921 2979 2980
f 2919 2971 2969
f 2923 2992 2990
f 2925 3003 3000
f 2926 3007 3006
f 2921 2983 2979
f 2919 2972 2971
f 2923 2991 2992
f 2925 2999 3003
f 2922 2984 2988
f 2918 2964 2965
f 2924 2994 2995
f 2927 3009 3012
f 2928 3014 3018
f 2926 3004 3007
f 2921 2981 2983
f 2919 2973 2972
f 2923 2993 2991
f 2925 3002 2999
f 2921 2980 2982
f 2919 2969 2970
f 2923 2990 2989
f 2925 3000 3001
f 2926 3005 3008
f 2922 2986 2987
f 2928 3015 3016
f 2927 3011 3010
f 2924 2997 2996
f 2918 2968 2967
f 2951 3025 3032
f 2934 3021 3024
f 2935 3027 3022
f 2956 3030 3028
f 2958 3033 3031
f 2950 3041 3035
f 2949 3068 3072
f 2941 3053 3055
f 2952 3074 3076
f 2936 3039 3036
f 2948 3059 3065
f 2939 3043 3048
f 2940 3051 3044
f 2953 3063 3061
f 2957 3066 3064
f 2950 3069 3071
f 2949 3056 3049
f 2941 3054 3050
f 2952 3075 3073
f 2936 3038 3040
f 2933 3023 2963
f 2930 3019 2960
f 2929 3020 2959
f 2931 3026 2961
f 2932 3029 2962
f 2934 3034 2965
f 2951 3070 2988
f 2958 3057 3018
f 2956 3078 3012
f 2935 3037 2995
f 2946 3058 2978
f 2943 3045 2975
f 2938 3046 2974
f 2944 3060 2976
f 2945 3062 2977
f 2948 3067 2982
f 2939 3047 2970
f 2940 3052 2989
f 2953 3077 3001
f 2957 3042 3008
f 2951 3032 3017
f 2934 3024 2985
f 2935 3022 2966
f 2956 3028 2998
f 2958 3031 3013
f 2950 3035 2987
f 2949 3072 3016
f 2941 3055 3010
f 2952 3076 2996
f 2936 3036 2967
f 2948 3065 3006
f 2939 3048 2979
f 2940 3044 2971
f 2953 3061 2992
f 2957 3064 3003
f 2950 3071 3007
f 2949 3049 2983
f 2941 3050 2972
f 2952 3073 2991
f 2936 3040 2999
f 2930 3025 2984
f 2929 3021 2964
f 2931 3027 2994
f 2932 3030 3009
f 2933 3033 3014
f 2937 3041 3004
f 2947 3068 2981
f 2942 3053 2973
f 2954 3074 2993
f 2955 3039 3002
f 2943 3059 2980
f 2938 3043 2969
f 2944 3051 2990
f 2945 3063 3000
f 2946 3066 3005
f 2947 3069 2986
f 2942 3056 3015
f 2954 3054 3011
f 2955 3075 2997
f 2937 3038 2968
f 2930 3023 3025
f 2929 3019 3021
f 2931 3020 3027
f 2932 3026 3030
f 2933 3029 3033
f 2937 3034 3041
f 2947 3070 3068
f 2942 3057 3053
f 2954 3078 3074
f 2955 3037 3039
f 2943 3058 3059
f 2938 3045 3043
f 2944 3046 3051
f 2945 3060 3063
f 2946 3062 3066
f 2947 3067 3069
f 2942 3047 3056
f 2954 3052 3054
f 2955 3077 3075
f 2937 3042 3038
f 2930 2960 3023
f 2929 2959 3019
f 2931 2961 3020
f 2932 2962 3026
f 2933 2963 3029
f 2937 2968 3034
f 2947 2986 3070
f 2942 3015 3057
f 2954 3011 3078
f 2955 2997 3037
f 2943 2975 3058
f 2938 2974 3045
f 2944 2976 3046
f 2945 2977 3060
f 2946 2978 3062
f 2947 2981 3067
f 2942 2973 3047
f 2954 2993 3052
f 2955 3002 3077
f 2937 3004 3042
f 2933 3014 3032
f 2930 2984 3024
f 2929 2964 3022
f 2931 2994 3028
f 2932 3009 3031
f 2934 2985 3035
f 2951 3017 3072
f 2958 3013 3055
f 2956 2998 3076
f 2935 2966 3036
f 2946 3005 3065
f 2943 2980 3048
f 2938 2969 3044
f 2944 2990 3061
f 2945 3000 3064
f 2948 3006 3071
f 2939 2979 3049
f 2940 2971 3050
f 2953 2992 3073
f 2957 3003 3040
f 2951 2988 3025
f 2934 2965 3021
f 2935 2995 3027
f 2956 3012 3030
f 2958 3018 3033
f 2950 3007 3041
f 2949 2983 3068
f 2941 2972 3053
f 2952 2991 3074
f 2936 2999 3039
f 2948 2982 3059
f 2939 2970 3043
f 2940 2989 3051
f 2953 3001 3063
f 2957 3008 3066
f 2950 2987 3069
f 2949 3016 3056
f 2941 3010 3054
f 2952 2996 3075
f 2936 2967 3038
f 2933 3032 3023
f 2930 3024 3019
f 2929 3022 3020
f 2931 3028 3026
f 2932 3031 3029
f 2934 3035 3034
f 2951 3072 3070
f 2958 3055 3057
f 2956 3076 3078
f 2935 3036 3037
f 2946 3065 3058
f 2943 3048 3045
f 2938 3044 3046
f 2944 3061 3060
f 2945 3064 3062
f 2948 3071 3067
f 2939 3049 3047
f 2940 3050 3052
f 2953 3073 3077
f 2957 3040 3042
f 3023 2960 2963
f 3019 2959 2960
f 3020 2961 2959
f 3026 2962 2961
f 3029 2963 2962
f 3034 2968 2965
f 3070 2986 2988
f 3057 3015 3018
f 3078 3011 3012
f 3037 2997 2995
f 3058 2975 2978
f 3045 2974 2975
f 3046 2976 2974
f 3060 2977 2976
f 3062 2978 2977
f 3067 2981 2982
f 3047 2973 2970
f 3052 2993 2989
f 3077 3002 3001
f 3042 3004 3008
f 3032 3014 3017
f 3024 2984 2985
f 3022 2964 2966
f 3028 2994 2998
f 3031 3009 3013
f 3035 2985 2987
f 3072 3017 3016
f 3055 3013 3010
f 3076 2998 2996
f 3036 2966 2967
f 3065 3005 3006
f 3048 2980 2979
f 3044 2969 2971
f 3061 2990 2992
f 3064 3000 3003
f 3071 3006 3007
f 3049 2979 2983
f 3050 2971 2972
f 3073 2992 2991
f 3040 3003 2999
f 3025 2988 2984
f 3021 2965 2964
f 3027 2995 2994
f 3030 3012 3009
f 3033 3018 3014
f 3041 3007 3004
f 3068 2983 2981
f 3053 2972 2973
f 3074 2991 2993
f 3039 2999 3002
f 3059 2982 2980
f 3043 2970 2969
f 3051 2989 2990
f 3063 3001 3000
f 3066 3008 3005
f 3069 2987 2986
f 3056 3016 3015
f 3054 3010 3011
f 3075 2996 2997
f 3038 2967 2968
f 3023 3032 3025
f 3019 3024 3021
f 3020 3022 3027
f 3026 3028 3030
f 3029 3031 3033
f 3034 3035 3041
f 3070 3072 3068
f 3057 3055 3053
f 3078 3076 3074
f 3037 3036 3039
f 3058 3065 3059
f 3045 3048 3043
f 3046 3044 3051
f 3060 3061 3063
f 3062 3064 3066
f 3067 3071 3069
f 3047 3049 3056
f 3052 3050 3054
f 3077 3073 3075
f 3042 3040 3038
f 3079 3125 3122
f 3079 3122 3121
f 3079 3121 3123
f 3079 3123 3124
f 3079 3124 3125
f 3080 3127 3130
f 3084 3150 3148
f 3090 3180 3177
f 3089 3174 3173
f 3086 3157 3159
f 3082 3140 3137
f 3082 3137 3136
f 3082 3136 3138
f 3082 3138 3139
f 3082 3139 3140
f 3083 3144 3143
f 3081 3132 3135
f 3085 3151 3155
f 3087 3163 3164
f 3088 3170 3166
f 3090 3179 3176
f 3084 3147 3146
f 3080 3128 3126
f 3086 3160 3156
f 3089 3175 3171
f 3084 3149 3147
f 3090 3178 3179
f 3089 3172 3175
f 3086 3158 3160
f 3080 3129 3128
f 3088 3168 3167
f 3083 3141 3142
f 3081 3133 3131
f 3085 3154 3152
f 3087 3165 3162
f 3088 3169 3168
f 3083 3145 3141
f 3081 3134 3133
f 3085 3153 3154
f 3087 3161 3165
f 3084 3146 3150
f 3080 3126 3127
f 3086 3156 3157
f 3089 3171 3174
f 3090 3176 3180
f 3088 3166 3169
f 3083 3143 3145
f 3081 3135 3134
f 3085 3155 3153
f 3087 3164 3161
f 3083 3142 3144
f 3081 3131 3132
f 3085 3152 3151
f 3087 3162 3163
f 3088 3167 3170
f 3084 3148 3149
f 3090 3177 3178
f 3089 3173 3172
f 3086 3159 3158
f 3080 3130 3129
f 3113 3187 3194
f 3096 3183 3186
f 3097 3189 3184
f 3118 3192 3190
f 3120 3195 3193
f 3112 3203 3197
f 3111 3230 3234
f 3103 3215 3217
f 3114 3236 3238
f 3098 3201 3198
f 3110 3221 3227
f 3101 3205 3210
f 3102 3213 3206
f 3115 3225 3223
f 3119 3228 3226
f 3112 3231 3233
f 3111 3218 3211
f 3103 3216 3212
f 3114 3237 3235
f 3098 3200 3202
f 3095 3185 3125
f 3092 3181 3122
f 3091 3182 3121
f 3093 3188 3123
f 3094 3191 3124
f 3096 3196 3127
f 3113 3232 3150
f 3120 3219 3180
f 3118 3240 3174
f 3097 3199 3157
f 3108 3220 3140
f 3105 3207 3137
f 3100 3208 3136
f 3106 3222 3138
f 3107 3224 3139
f 3110 3229 3144
f 3101 3209 3132
f 3102 3214 3151
f 3115 3239 3163
f 3119 3204 3170
f 3113 3194 3179
f 3096 3186 3147
f 3097 3184 3128
f 3118 3190 3160
f 3120 3193 3175
f 3112 3197 3149
f 3111 3234 3178
f 3103 3217 3172
f 3114 3238 3158
f 3098 3198 3129
f 3110 3227 3168
f 3101 3210 3141
f 3102 3206 3133
f 3115 3223 3154
f 3119 3226 3165
f 3112 3233 3169
f 3111 3211 3145
f 3103 3212 3134
f 3114 3235 3153
f 3098 3202 3161
f 3092 3187 3146
f 3091 3183 3126
f 3093 3189 3156
f 3094 3192 3171
f 3095 3195 3176
f 3099 3203 3166
f 3109 3230 3143
f 3104 3215 3135
f 3116 3236 3155
f 3117 3201 3164
f 3105 3221 3142
f 3100 3205 3131
f 3106 3213 3152
f 3107 3225 3162
f 3108 3228 3167
f 3109 3231 3148
f 3104 3218 3177
f 3116 3216 3173
f 3117 3237 3159
f 3099 3200 3130
f 3092 3185 3187
f 3091 3181 3183
f 3093 3182 3189
f 3094 3188 3192
f 3095 3191 3195
f 3099 3196 3203
f 3109 3232 3230
f 3104 3219 3215
f 3116 3240 3236
f 3117 3199 3201
f 3105 3220 3221
f 3100 3207 3205
f 3106 3208 3213
f 3107 3222 3225
f 3108 3224 3228
f 3109 3229 3231
f 3104 3209 3218
f 3116 3214 3216
f 3117 3239 3237
f 3099 3204 3200
f 3092 3122 3185
f 3091 3121 3181
f 3093 3123 3182
f 3094 3124 3188
f 3095 3125 3191
f 3099 3130 3196
f 3109 3148 3232
f 3104 3177 3219
f 3116 3173 3240
f 3117 3159 3199
f 3105 3137 3220
f 3100 3136 3207
f 3106 3138 3208
f 3107 3139 3222
f 3108 3140 3224
f 3109 3143 3229
f 3104 3135 3209
f 3116 3155 3214
f 3117 3164 3239
f 3099 3166 3204
f 3095 3176 3194
f 3092 3146 3186
f 3091 3126 3184
f 3093 3156 3190
f 3094 3171 3193
f 3096 3147 3197
f 3113 3179 3234
f 3120 3175 3217
f 3118 3160 3238
f 3097 3128 3198
f 3108 3167 3227
f 3105 3142 3210
f 3100 3131 3206
f 3106 3152 3223
f 3107 3162 3226
f 3110 3168 3233
f 3101 3141 3211
f 3102 3133 3212
f 3115 3154 3235
f 3119 3165 3202
f 3113 3150 3187
f 3096 3127 3183
f 3097 3157 3189
f 3118 3174 3192
f 3120 3180 3195
f 3112 3169 3203
f 3111 3145 3230
f 3103 3134 3215
f 3114 3153 3236
f 3098 3161 3201
f 3110 3144 3221
f 3101 3132 3205
f 3102 3151 3213
f 3115 3163 3225
f 3119 3170 3228
f 3112 3149 3231
f 3111 3178 3218
f 3103 3172 3216
f 3114 3158 3237
f 3098 3129 3200
f 3095 3194 3185
f 3092 3186 3181
f 3091 3184 3182
f 3093 3190 3188
f 3094 3193 3191
f 3096 3197 3196
f 3113 3234 3232
f 3120 3217 3219
f 3118 3238 3240
f 3097 3198 3199
f 3108 3227 3220
f 3105 3210 3207
f 3100 3206 3208
f 3106 3223 3222
f 3107 3226 3224
f 3110 3233 3229
f 3101 3211 3209
f 3102 3212 3214
f 3115 3235 3239
f 3119 3202 3204
f 3185 3122 3125
f 3181 3121 3122
f 3182 3123 3121
f 3188 3124 3123
f 3191 3125 3124
f 3196 3130 3127
f 3232 3148 3150
f 3219 3177 3180
f 3240 3173 3174
f 3199 3159 3157
f 3220 3137 3140
f 3207 3136 3137
f 3208 3138 3136
f 3222 3139 3138
f 3224 3140 3139
f 3229 3143 3144
f 3209 3135 3132
f 3214 3155 3151
f 3239 3164 3163
f 3204 3166 3170
f 3194 3176 3179
f 3186 3146 3147
f 3184 3126 3128
f 3190 3156 3160
f 3193 3171 3175
f 3197 3147 3149
f 3234 3179 3178
f 3217 3175 3172
f 3238 3160 3158
f 3198 3128 3129
f 3227 3167 3168
f 3210 3142 3141
f 3206 3131 3133
f 3223 3152 3154
f 3226 3162 3165
f 3233 3168 3169
f 3211 3141 3145
f 3212 3133 3134
f 3235 3154 3153
f 3202 3165 3161
f 3187 3150 3146
f 3183 3127 3126
f 3189 3157 3156
f 3192 3174 3171
f 3195 3180 3176
f 3203 3169 3166
f 3230 3145 3143
f 3215 3134 3135
f 3236 3153 3155
f 3201 3161 3164
f 3221 3144 3142
f 3205 3132 3131
f 3213 3151 3152
f 3225 3163 3162
f 3228 3170 3167
f 3231 3149 3148
f 3218 3178 3177
f 3216 3172 3173
f 3237 3158 3159
f 3200 3129 3130
f 3185 3194 3187
f 3181 3186 3183
f 3182 3184 3189
f 3188 3190 3192
f 3191 3193 3195
f 3196 3197 3203
f 3232 3234 3230
f 3219 3217 3215
f 3240 3238 3236
f 3199 3198 3201
f 3220 3227 3221
f 3207 3210 3205
f 3208 3206 3213
f 3222 3223 3225
f 3224 3226 3228
f 3229 3233 3231
f 3209 3211 3218
f 3214 3212 3216
f 3239 3235 3237
f 3204 3202 3200
f 3241 3287 3284
f 3241 3284 3283
f 3241 3283 3285
f 3241 3285 3286
f 3241 3286 3287
f 3242 3289 3292
f 3246 3312 3310
f 3252 3342 3339
f 3251 3336 3335
f 3248 3319 3321
f 3244 3302 3299
f 3244 3299 3298
f 3244 3298 3300
f 3244 3300 3301
f 3244 3301 3302
f 3245 3306 3305
f 3243 3294 3297
f 3247 3313 3317
f 3249 3325 3326
f 3250 3332 3328
f 3252 3341 3338
f 3246 3309 3308
f 3242 3290 3288
f 3248 3322 3318
f 3251 3337 3333
f 3246 3311 3309
f 3252 3340 3341
f 3251 3334 3337
f 3248 3320 3322
f 3242 3291 3290
f 3250 3330 3329
f 3245 3303 3304
f 3243 3295 3293
f 3247 3316 3314
f 3249 3327 3324
f 3250 3331 3330
f 3245 3307 3303
f 3243 3296 3295
f 3247 3315 3316
f 3249 3323 3327
f 3246 3308 3312
f 3242 3288 3289
f 3248 3318 3319
f 3251 3333 3336
f 3252 3338 3342
f 3250 3328 3331
f 3245 3305 3307
f 3243 3297 3296
f 3247 3317 3315
f 3249 3326 3323
f 3245 3304 3306
f 3243 3293 3294
f 3247 3314 3313
f 3249 3324 3325
f 3250 3329 3332
f 3246 3310 3311
f 3252 3339 3340
f 3251 3335 3334
f 3248 3321 3320
f 3242 3292 3291
f 3275 3349 3356
f 3258 3345 3348
f 3259 3351 3346
f 3280 3354 3352
f 3282 3357 3355
f 3274 3365 3359
f 3273 3392 3396
f 3265 3377 3379
f 3276 3398 3400
f 3260 3363 3360
f 3272 3383 3389
f 3263 3367 3372
f 3264 3375 3368
f 3277 3387 3385
f 3281 3390 3388
f 3274 3393 3395
f 3273 3380 3373
f 3265 3378 3374
f 3276 3399 3397
f 3260 3362 3364
f 3257 3347 3287
f 3254 3343 3284
f 3253 3344 3283
f 3255 3350 3285
f 3256 3353 3286
f 3258 3358 3289
f 3275 3394 3312
f 3282 3381 3342
f 3280 3402 3336
f 3259 3361 3319
f 3270 3382 3302
f 3267 3369 3299
f 3262 3370 3298
f 3268 3384 3300
f 3269 3386 3301
f 3272 3391 3306
f 3263 3371 3294
f 3264 3376 3313
f 3277 3401 3325
f 3281 3366 3332
f 3275 3356 3341
f 3258 3348 3309
f 3259 3346 3290
f 3280 3352 3322
f 3282 3355 3337
f 3274 3359 3311
f 3273 3396 3340
f 3265 3379 3334
f 3276 3400 3320
f 3260 3360 3291
f 3272 3389 3330
f 3263 3372 3303
f 3264 3368 3295
f 3277 3385 3316
f 3281 3388 3327
f 3274 3395 3331
f 3273 3373 3307
f 3265 3374 3296
f 3276 3397 3315
f 3260 3364 3323
f 3254 3349 3308
f 3253 3345 3288
f 3255 3351 3318
f 3256 3354 3333
f 3257 3357 3338
f 3261 3365 3328
f 3271 3392 3305
f 3266 3377 3297
f 3278 3398 3317
f 3279 3363 3326
f 3267 3383 3304
f 3262 3367 3293
f 3268 3375 3314
f 3269 3387 3324
f 3270 3390 3329
f 3271 3393 3310
f 3266 3380 3339
f 3278 3378 3335
f 3279 3399 3321
f 3261 3362 3292
f 3254 3347 3349
f 3253 3343 3345
f 3255 3344 3351
f 3256 3350 3354
f 3257 3353 3357
f 3261 3358 3365
f 3271 3394 3392
f 3266 3381 3377
f 3278 3402 3398
f 3279 3361 3363
f 3267 3382 3383
f 3262 3369 3367
f 3268 3370 3375
f 3269 3384 3387
f 3270 3386 3390
f 3271 3391 3393
f 3266 3371 3380
f 3278 3376 3378
f 3279 3401 3399
f 3261 3366 3362
f 3254 3284 3347
f 3253 3283 3343
f 3255 3285 3344
f 3256 3286 3350
f 3257 3287 3353
f 3261 3292 3358
f 3271 3310 3394
f 3266 3339 3381
f 3278 3335 3402
f 3279 3321 3361
f 3267 3299 3382
f 3262 3298 3369
f 3268 3300 3370
f 3269 3301 3384
f 3270 3302 3386
f 3271 3305 3391
f 3266 3297 3371
f 3278 3317 3376
f 3279 3326 3401
f 3261 3328 3366
f 3257 3338 3356
f 3254 3308 3348
f 3253 3288 3346
f 3255 3318 3352
f 3256 3333 3355
f 3258 3309 3359
f 3275 3341 3396
f 3282 3337 3379
f 3280 3322 3400
f 3259 3290 3360
f 3270 3329 3389
f 3267 3304 3372
f 3262 3293 3368
f 3268 3314 3385
f 3269 3324 3388
f 3272 3330 3395
f 3263 3303 3373
f 3264 3295 3374
f 3277 3316 3397
f 3281 3327 3364
f 3275 3312 3349
f 3258 3289 3345
f 3259 3319 3351
f 3280 3336 3354
f 3282 3342 3357
f 3274 3331 3365
f 3273 3307 3392
f 3265 3296 3377
f 3276 3315 3398
f 3260 3323 3363
f 3272 3306 3383
f 3263 3294 3367
f 3264 3313 3375
f 3277 3325 3387
f 3281 3332 3390
f 3274 3311 3393
f 3273 3340 3380
f 3265 3334 3378
f 3276 3320 3399
f 3260 3291 3362
f 3257 3356 3347
f 3254 3348 3343
f 3253 3346 3344
f 3255 3352 3350
f 3256 3355 3353
f 3258 3359 3358
f 3275 3396 3394
f 3282 3379 3381
f 3280 3400 3402
f 3259 3360 3361
f 3270 3389 3382
f 3267 3372 3369
f 3262 3368 3370
f 3268 3385 3384
f 3269 3388 3386
f 3272 3395 3391
f 3263 3373 3371
f 3264 3374 3376
f 3277 3397 3401
f 3281 3364 3366
f 3347 3284 3287
f 3343 3283 3284
f 3344 3285 3283
f 3350 3286 3285
f 3353 3287 3286
f 3358 3292 3289
f 3394 3310 3312
f 3381 3339 3342
f 3402 3335 3336
f 3361 3321 3319
f 3382 3299 3302
f 3369 3298 3299
f 3370 3300 3298
f 3384 3301 3300
f 3386 3302 3301
f 3391 3305 3306
f 3371 3297 3294
f 3376 3317 3313
f 3401 3326 3325
f 3366 3328 3332
f 3356 3338 3341
f 3348 3308 3309
f 3346 3288 3290
f 3352 3318 3322
f 3355 3333 3337
f 3359 3309 3311
f 3396 3341 3340
f 3379 3337 3334
f 3400 3322 3320
f 3360 3290 3291
f 3389 3329 3330
f 3372 3304 3303
f 3368 3293 3295
f 3385 3314 3316
f 3388 3324 3327
f 3395 3330 3331
f 3373 3303 3307
f 3374 3295 3296
f 3397 3316 3315
f 3364 3327 3323
f 3349 3312 3308
f 3345 3289 3288
f 3351 3319 3318
f 3354 3336 3333
f 3357 3342 3338
f 3365 3331 3328
f 3392 3307 3305
f 3377 3296 3297
f 3398 3315 3317
f 3363 3323 3326
f 3383 3306 3304
f 3367 3294 3293
f 3375 3313 3314
f 3387 3325 3324
f 3390 3332 3329
f 3393 3311 3310
f 3380 3340 3339
f 3378 3334 3335
f 3399 3320 3321
f 3362 3291 3292
f 3347 3356 3349
f 3343 3348 3345
f 3344 3346 3351
f 3350 3352 3354
f 3353 3355 3357
f 3358 3359 3365
f 3394 3396 3392
f 3381 3379 3377
f 3402 3400 3398
f 3361 3360 3363
f 3382 3389 3383
f 3369 3372 3367
f 3370 3368 3375
f 3384 3385 3387
f 3386 3388 3390
f 3391 3395 3393
f 3371 3373 3380
f 3376 3374 3378
f 3401 3397 3399
f 3366 3364 3362
f 3403 3449 3446
f 3403 3446 3445
f 3403 3445 3447
f 3403 3447 3448
f 3403 3448 3449
f 3404 3451 3454
f 3408 3474 3472
f 3414 3504 3501
f 3413 3498 3497
f 3410 3481 3483
f 3406 3464 3461
f 3406 3461 3460
f 3406 3460 3462
f 3406 3462 3463
f 3406 3463 3464
f 3407 3468 3467
f 3405 3456 3459
f 3409 3475 3479
f 3411 3487 3488
f 3412 3494 3490
f 3414 3503 3500
f 3408 3471 3470
f 3404 3452 3450
f 3410 3484 3480
f 3413 3499 3495
f 3408 3473 3471
f 3414 3502 3503
f 3413 3496 3499
f 3410 3482 3484
f 3404 3453 3452
f 3412 3492 3491
f 3407 3465 3466
f 3405 3457 3455
f 3409 3478 3476
f 3411 3489 3486
f 3412 3493 3492
f 3407 3469 3465
f 3405 3458 3457
f 3409 3477 3478
f 3411 3485 3489
f 3408 3470 3474
f 3404 3450 3451
f 3410 3480 3481
f 3413 3495 3498
f 3414 3500 3504
f 3412 3490 3493
f 3407 3467 3469
f 3405 3459 3458
f 3409 3479 3477
f 3411 3488 3485
f 3407 3466 3468
f 3405 3455 3456
f 3409 3476 3475
f 3411 3486 3487
f 3412 3491 3494
f 3408 3472 3473
f 3414 3501 3502
f 3413 3497 3496
f 3410 3483 3482
f 3404 3454 3453
f 3437 3511 3518
f 3420 3507 3510
f 3421 3513 3508
f 3442 3516 3514
f 3444 3519 3517
f 3436 3527 3521
f 3435 3554 3558
f 3427 3539 3541
f 3438 3560 3562
f 3422 3525 3522
f 3434 3545 3551
f 3425 3529 3534
f 3426 3537 3530
f 3439 3549 3547
f 3443 3552 3550
f 3436 3555 3557
f 3435 3542 3535
f 3427 3540 3536
f 3438 3561 3559
f 3422 3524 3526
f 3419 3509 3449
f 3416 3505 3446
f 3415 3506 3445
f 3417 3512 3447
f 3418 3515 3448
f 3420 3520 3451
f 3437 3556 3474
f 3444 3543 3504
f 3442 3564 3498
f 3421 3523 3481
f 3432 3544 3464
f 3429 3531 3461
f 3424 3532 3460
f 3430 3546 3462
f 3431 3548 3463
f 3434 3553 3468
f 3425 3533 3456
f 3426 3538 3475
f 3439 3563 3487
f 3443 3528 3494
f 3437 3518 3503
f 3420 3510 3471
f 3421 3508 3452
f 3442 3514 3484
f 3444 3517 3499
f 3436 3521 3473
f 3435 3558 3502
f 3427 3541 3496
f 3438 3562 3482
f 3422 3522 3453
f 3434 3551 3492
f 3425 3534 3465
f 3426 3530 3457
f 3439 3547 3478
f 3443 3550 3489
f 3436 3557 3493
f 3435 3535 3469
f 3427 3536 3458
f 3438 3559 3477
f 3422 3526 3485
f 3416 3511 3470
f 3415 3507 3450
f 3417 3513 3480
f 3418 3516 3495
f 3419 3519 3500
f 3423 3527 3490
f 3433 3554 3467
f 3428 3539 3459
f 3440 3560 3479
f 3441 3525 3488
f 3429 3545 3466
f 3424 3529 3455
f 3430 3537 3476
f 3431 3549 3486
f 3432 3552 3491
f 3433 3555 3472
f 3428 3542 3501
f 3440 3540 3497
f 3441 3561 3483
f 3423 3524 3454
f 3416 3509 3511
f 3415 3505 3507
f 3417 3506 3513
f 3418 3512 3516
f 3419 3515 3519
f 3423 3520 3527
f 3433 3556 3554
f 3428 3543 3539
f 3440 3564 3560
f 3441 3523 3525
f 3429 3544 3545
f 3424 3531 3529
f 3430 3532 3537
f 3431 3546 3549
f 3432 3548 3552
f 3433 3553 3555
f 3428 3533 3542
f 3440 3538 3540
f 3441 3563 3561
f 3423 3528 3524
f 3416 3446 3509
f 3415 3445 3505
f 3417 3447 3506
f 3418 3448 3512
f 3419 3449 3515
f 3423 3454 3520
f 3433 3472 3556
f 3428 3501 3543
f 3440 3497 3564
f 3441 3483 3523
f 3429 3461 3544
f 3424 3460 3531
f 3430 3462 3532
f 3431 3463 3546
f 3432 3464 3548
f 3433 3467 3553
f 3428 3459 3533
f 3440 3479 3538
f 3441 3488 3563
f 3423 3490 3528
f 3419 3500 3518
f 3416 3470 3510
f 3415 3450 3508
f 3417 3480 3514
f 3418 3495 3517
f 3420 3471 3521
f 3437 3503 3558
f 3444 3499 3541
f 3442 3484 3562
f 3421 3452 3522
f 3432 3491 3551
f 3429 3466 3534
f 3424 3455 3530
f 3430 3476 3547
f 3431 3486 3550
f 3434 3492 3557
f 3425 3465 3535
f 3426 3457 3536
f 3439 3478 3559
f 3443 3489 3526
f 3437 3474 3511
f 3420 3451 3507
f 3421 3481 3513
f 3442 3498 3516
f 3444 3504 3519
f 3436 3493 3527
f 3435 3469 3554
f 3427 3458 3539
f 3438 3477 3560
f 3422 3485 3525
f 3434 3468 3545
f 3425 3456 3529
f 3426 3475 3537
f 3439 3487 3549
f 3443 3494 3552
f 3436 3473 3555
f 3435 3502 3542
f 3427 3496 3540
f 3438 3482 3561
f 3422 3453 3524
f 3419 3518 3509
f 3416 3510 3505
f 3415 3508 3506
f 3417 3514 3512
f 3418 3517 3515
f 3420 3521 3520
f 3437 3558 3556
f 3444 3541 3543
f 3442 3562 3564
f 3421 3522 3523
f 3432 3551 3544
f 3429 3534 3531
f 3424 3530 3532
f 3430 3547 3546
f 3431 3550 3548
f 3434 3557 3553
f 3425 3535 3533
f 3426 3536 3538
f 3439 3559 3563
f 3443 3526 3528
f 3509 3446 3449
f 3505 3445 3446
f 3506 3447 3445
f 3512 3448 3447
f 3515 3449 3448
f 3520 3454 3451
f 3556 3472 3474
f 3543 3501 3504
f 3564 3497 3498
f 3523 3483 3481
f 3544 3461 3464
f 3531 3460 3461
f 3532 3462 3460
f 3546 3463 3462
f 3548 3464 3463
f 3553 3467 3468
f 3533 3459 3456
f 3538 3479 3475
f 3563 3488 3487
f 3528 3490 3494
f 3518 3500 3503
f 3510 3470 3471
f 3508 3450 3452
f 3514 3480 3484
f 3517 3495 3499
f 3521 3471 3473
f 3558 3503 3502
f 3541 3499 3496
f 3562 3484 3482
f 3522 3452 3453
f 3551 3491 3492
f 3534 3466 3465
f 3530 3455 3457
f 3547 3476 3478
f 3550 3486 3489
f 3557 3492 3493
f 3535 3465 3469
f 3536 3457 3458
f 3559 3478 3477
f 3526 3489 3485
f 3511 3474 3470
f 3507 3451 3450
f 3513 3481 3480
f 3516 3498 3495
f 3519 3504 3500
f 3527 3493 3490
f 3554 3469 3467
f 3539 3458 3459
f 3560 3477 3479
f 3525 3485 3488
f 3545 3468 3466
f 3529 3456 3455
f 3537 3475 3476
f 3549 3487 3486
f 3552 3494 3491
f 3555 3473 3472
f 3542 3502 3501
f 3540 3496 3497
f 3561 3482 3483
f 3524 3453 3454
f 3509 3518 3511
f 3505 3510 3507
f 3506 3508 3513
f 3512 3514 3516
f 3515 3517 3519
f 3520 3521 3527
f 3556 3558 3554
f 3543 3541 3539
f 3564 3562 3560
f 3523 3522 3525
f 3544 3551 3545
f 3531 3534 3529
f 3532 3530 3537
f 3546 3547 3549
f 3548 3550 3552
f 3553 3557 3555
f 3533 3535 3542
f 3538 3536 3540
f 3563 3559 3561
f 3528 3526 3524
f 3565 3611 3608
f 3565 3608 3607
f 3565 3607 3609
f 3565 3609 3610
f 3565 3610 3611
f 3566 3613 3616
f 3570 3636 3634
f 3576 3666 3663
f 3575 3660 3659
f 3572 3643 3645
f 3568 3626 3623
f 3568 3623 3622
f 3568 3622 3624
f 3568 3624 3625
f 3568 3625 3626
f 3569 3630 3629
f 3567 3618 3621
f 3571 3637 3641
f 3573 3649 3650
f 3574 3656 3652
f 3576 3665 3662
f 3570 3633 3632
f 3566 3614 3612
f 3572 3646 3642
f 3575 3661 3657
f 3570 3635 3633
f 3576 3664 3665
f 3575 3658 3661
f 3572 3644 3646
f 3566 3615 3614
f 3574 3654 3653
f 3569 3627 3628
f 3567 3619 3617
f 3571 3640 3638
f 3573 3651 3648
f 3574 3655 3654
f 3569 3631 3627
f 3567 3620 3619
f 3571 3639 3640
f 3573 3647 3651
f 3570 3632 3636
f 3566 3612 3613
f 3572 3642 3643
f 3575 3657 3660
f 3576 3662 3666
f 3574 3652 3655
f 3569 3629 3631
f 3567 3621 3620
f 3571 3641 3639
f 3573 3650 3647
f 3569 3628 3630
f 3567 3617 3618
f 3571 3638 3637
f 3573 3648 3649
f 3574 3653 3656
f 3570 3634 3635
f 3576 3663 3664
f 3575 3659 3658
f 3572 3645 3644
f 3566 3616 3615
f 3599 3673 3680
f 3582 3669 3672
f 3583 3675 3670
f 3604 3678 3676
f 3606 3681 3679
f 3598 3689 3683
f 3597 3716 3720
f 3589 3701 3703
f 3600 3722 3724
f 3584 3687 3684
f 3596 3707 3713
f 3587 3691 3696
f 3588 3699 3692
f 3601 3711 3709
f 3605 3714 3712
f 3598 3717 3719
f 3597 3704 3697
f 3589 3702 3698
f 3600 3723 3721
f 3584 3686 3688
f 3581 3671 3611
f 3578 3667 3608
f 3577 3668 3607
f 3579 3674 3609
f 3580 3677 3610
f 3582 3682 3613
f 3599 3718 3636
f 3606 3705 3666
f 3604 3726 3660
f 3583 3685 3643
f 3594 3706 3626
f 3591 3693 3623
f 3586 3694 3622
f 3592 3708 3624
f 3593 3710 3625
f 3596 3715 3630
f 3587 3695 3618
f 3588 3700 3637
f 3601 3725 3649
f 3605 3690 3656
f 3599 3680 3665
f 3582 3672 3633
f 3583 3670 3614
f 3604 3676 3646
f 3606 3679 3661
f 3598 3683 3635
f 3597 3720 3664
f 3589 3703 3658
f 3600 3724 3644
f 3584 3684 3615
f 3596 3713 3654
f 3587 3696 3627
f 3588 3692 3619
f 3601 3709 3640
f 3605 3712 3651
f 3598 3719 3655
f 3597 3697 3631
f 3589 3698 3620
f 3600 3721 3639
f 3584 3688 3647
f 3578 3673 3632
f 3577 3669 3612
f 3579 3675 3642
f 3580 3678 3657
f 3581 3681 3662
f 3585 3689 3652
f 3595 3716 3629
f 3590 3701 3621
f 3602 3722 3641
f 3603 3687 3650
f 3591 3707 3628
f 3586 3691 3617
f 3592 3699 3638
f 3593 3711 3648
f 3594 3714 3653
f 3595 3717 3634
f 3590 3704 3663
f 3602 3702 3659
f 3603 3723 3645
f 3585 3686 3616
f 3578 3671 3673
f 3577 3667 3669
f 3579 3668 3675
f 3580 3674 3678
f 3581 3677 3681
f 3585 3682 3689
f 3595 3718 3716
f 3590 3705 3701
f 3602 3726 3722
f 3603 3685 3687
f 3591 3706 3707
f 3586 3693 3691
f 3592 3694 3699
f 3593 3708 3711
f 3594 3710 3714
f 3595 3715 3717
f 3590 3695 3704
f 3602 3700 3702
f 3603 3725 3723
f 3585 3690 3686
f 3578 3608 3671
f 3577 3607 3667
f 3579 3609 3668
f 3580 3610 3674
f 3581 3611 3677
f 3585 3616 3682
f 3595 3634 3718
f 3590 3663 3705
f 3602 3659 3726
f 3603 3645 3685
f 3591 3623 3706
f 3586 3622 3693
f 3592 3624 3694
f 3593 3625 3708
f 3594 3626 3710
f 3595 3629 3715
f 3590 3621 3695
f 3602 3641 3700
f 3603 3650 3725
f 3585 3652 3690
f 3581 3662 3680
f 3578 3632 3672
f 3577 3612 3670
f 3579 3642 3676
f 3580 3657 3679
f 3582 3633 3683
f 3599 3665 3720
f 3606 3661 3703
f 3604 3646 3724
f 3583 3614 3684
f 3594 3653 3713
f 3591 3628 3696
f 3586 3617 3692
f 3592 3638 3709
f 3593 3648 3712
f 3596 3654 3719
f 3587 3627 3697
f 3588 3619 3698
f 3601 3640 3721
f 3605 3651 3688
f 3599 3636 3673
f 3582 3613 3669
f 3583 3643 3675
f 3604 3660 3678
f 3606 3666 3681
f 3598 3655 3689
f 3597 3631 3716
f 3589 3620 3701
f 3600 3639 3722
f 3584 3647 3687
f 3596 3630 3707
f 3587 3618 3691
f 3588 3637 3699
f 3601 3649 3711
f 3605 3656 3714
f 3598 3635 3717
f 3597 3664 3704
f 3589 3658 3702
f 3600 3644 3723
f 3584 3615 3686
f 3581 3680 3671
f 3578 3672 3667
f 3577 3670 3668
f 3579 3676 3674
f 3580 3679 3677
f 3582 3683 3682
f 3599 3720 3718
f 3606 3703 3705
f 3604 3724 3726
f 3583 3684 3685
f 3594 3713 3706
f 3591 3696 3693
f 3586 3692 3694
f 3592 3709 3708
f 3593 3712 3710
f 3596 3719 3715
f 3587 3697 3695
f 3588 3698 3700
f 3601 3721 3725
f 3605 3688 3690
f 3671 3608 3611
f 3667 3607 3608
f 3668 3609 3607
f 3674 3610 3609
f 3677 3611 3610
f 3682 3616 3613
f 3718 3634 3636
f 3705 3663 3666
f 3726 3659 3660
f 3685 3645 3643
f 3706 3623 3626
f 3693 3622 3623
f 3694 3624 3622
f 3708 3625 3624
f 3710 3626 3625
f 3715 3629 3630
f 3695 3621 3618
f 3700 3641 3637
f 3725 3650 3649
f 3690 3652 3656
f 3680 3662 3665
f 3672 3632 3633
f 3670 3612 3614
f 3676 3642 3646
f 3679 3657 3661
f 3683 3633 3635
f 3720 3665 3664
f 3703 3661 3658
f 3724 3646 3644
f 3684 3614 3615
f 3713 3653 3654
f 3696 3628 3627
f 3692 3617 3619
f 3709 3638 3640
f 3712 3648 3651
f 3719 3654 3655
f 3697 3627 3631
f 3698 3619 3620
f 3721 3640 3639
f 3688 3651 3647
f 3673 3636 3632
f 3669 3613 3612
f 3675 3643 3642
f 3678 3660 3657
f 3681 3666 3662
f 3689 3655 3652
f 3716 3631 3629
f 3701 3620 3621
f 3722 3639 3641
f 3687 3647 3650
f 3707 3630 3628
f 3691 3618 3617
f 3699 3637 3638
f 3711 3649 3648
f 3714 3656 3653
f 3717 3635 3634
f 3704 3664 3663
f 3702 3658 3659
f 3723 3644 3645
f 3686 3615 3616
f 3671 3680 3673
f 3667 3672 3669
f 3668 3670 3675
f 3674 3676 3678
f 3677 3679 3681
f 3682 3683 3689
f 3718 3720 3716
f 3705 3703 3701
f 3726 3724 3722
f 3685 3684 3687
f 3706 3713 3707
f 3693 3696 3691
f 3694 3692 3699
f 3708 3709 3711
f 3710 3712 3714
f 3715 3719 3717
f 3695 3697 3704
f 3700 3698 3702
f 3725 3721 3723
f 3690 3688 3686
f 3727 3773 3770
f 3727 3770 3769
f 3727 3769 3771
f 3727 3771 3772
f 3727 3772 3773
f 3728 3775 3778
f 3732 3798 3796
f 3738 3828 3825
f 3737 3822 3821
f 3734 3805 3807
f 3730 3788 3785
f 3730 3785 3784
f 3730 3784 3786
f 3730 3786 3787
f 3730 3787 3788
f 3731 3792 3791
f 3729 3780 3783
f 3733 3799 3803
f 3735 3811 3812
f 3736 3818 3814
f 3738 3827 3824
f 3732 3795 3794
f 3728 3776 3774
f 3734 3808 3804
f 3737 3823 3819
f 3732 3797 3795
f 3738 3826 3827
f 3737 3820 3823
f 3734 3806 3808
f 3728 3777 3776
f 3736 3816 3815
f 3731 3789 3790
f 3729 3781 3779
f 3733 3802 3800
f 3735 3813 3810
f 3736 3817 3816
f 3731 3793 3789
f 3729 3782 3781
f 3733 3801 3802
f 3735 3809 3813
f 3732 3794 3798
f 3728 3774 3775
f 3734 3804 3805
f 3737 3819 3822
f 3738 3824 3828
f 3736 3814 3817
f 3731 3791 3793
f 3729 3783 3782
f 3733 3803 3801
f 3735 3812 3809
f 3731 3790 3792
f 3729 3779 3780
f 3733 3800 3799
f 3735 3810 3811
f 3736 3815 3818
f 3732 3796 3797
f 3738 3825 3826
f 3737 3821 3820
f 3734 3807 3806
f 3728 3778 3777
f 3761 3835 3842
f 3744 3831 3834
f 3745 3837 3832
f 3766 3840 3838
f 3768 3843 3841
f 3760 3851 3845
f 3759 3878 3882
f 3751 3863 3865
f 3762 3884 3886
f 3746 3849 3846
f 3758 3869 3875
f 3749 3853 3858
f 3750 3861 3854
f 3763 3873 3871
f 3767 3876 3874
f 3760 3879 3881
f 3759 3866 3859
f 3751 3864 3860
f 3762 3885 3883
f 3746 3848 3850
f 3743 3833 3773
f 3740 3829 3770
f 3739 3830 3769
f 3741 3836 3771
f 3742 3839 3772
f 3744 3844 3775
f 3761 3880 3798
f 3768 3867 3828
f 3766 3888 3822
f 3745 3847 3805
f 3756 3868 3788
f 3753 3855 3785
f 3748 3856 3784
f 3754 3870 3786
f 3755 3872 3787
f 3758 3877 3792
f 3749 3857 3780
f 3750 3862 3799
f 3763 3887 3811
f 3767 3852 3818
f 3761 3842 3827
f 3744 3834 3795
f 3745 3832 3776
f 3766 3838 3808
f 3768 3841 3823
f 3760 3845 3797
f 3759 3882 3826
f 3751 3865 3820
f 3762 3886 3806
f 3746 3846 3777
f 3758 3875 3816
f 3749 3858 3789
f 3750 3854 3781
f 3763 3871 3802
f 3767 3874 3813
f 3760 3881 3817
f 3759 3859 3793
f 3751 3860 3782
f 3762 3883 3801
f 3746 3850 3809
f 3740 3835 3794
f 3739 3831 3774
f 3741 3837 3804
f 3742 3840 3819
f 3743 3843 3824
f 3747 3851 3814
f 3757 3878 3791
f 3752 3863 3783
f 3764 3884 3803
f 3765 3849 3812
f 3753 3869 3790
f 3748 3853 3779
f 3754 3861 3800
f 3755 3873 3810
f 3756 3876 3815
f 3757 3879 3796
f 3752 3866 3825
f 3764 3864 3821
f 3765 3885 3807
f 3747 3848 3778
f 3740 3833 3835
f 3739 3829 3831
f 3741 3830 3837
f 3742 3836 3840
f 3743 3839 3843
f 3747 3844 3851
f 3757 3880 3878
f 3752 3867 3863
f 3764 3888 3884
f 3765 3847 3849
f 3753 3868 3869
f 3748 3855 3853
f 3754 3856 3861
f 3755 3870 3873
f 3756 3872 3876
f 3757 3877 3879
f 3752 3857 3866
f 3764 3862 3864
f 3765 3887 3885
f 3747 3852 3848
f 3740 3770 3833
f 3739 3769 3829
f 3741 3771 3830
f 3742 3772 3836
f 3743 3773 3839
f 3747 3778 3844
f 3757 3796 3880
f 3752 3825 3867
f 3764 3821 3888
f 3765 3807 3847
f 3753 3785 3868
f 3748 3784 3855
f 3754 3786 3856
f 3755 3787 3870
f 3756 3788 3872
f 3757 3791 3877
f 3752 3783 3857
f 3764 3803 3862
f 3765 3812 3887
f 3747 3814 3852
f 3743 3824 3842
f 3740 3794 3834
f 3739 3774 3832
f 3741 3804 3838
f 3742 3819 3841
f 3744 3795 3845
f 3761 3827 3882
f 3768 3823 3865
f 3766 3808 3886
f 3745 3776 3846
f 3756 3815 3875
f 3753 3790 3858
f 3748 3779 3854
f 3754 3800 3871
f 3755 3810 3874
f 3758 3816 3881
f 3749 3789 3859
f 3750 3781 3860
f 3763 3802 3883
f 3767 3813 3850
f 3761 3798 3835
f 3744 3775 3831
f 3745 3805 3837
f 3766 3822 3840
f 3768 3828 3843
f 3760 3817 3851
f 3759 3793 3878
f 3751 3782 3863
f 3762 3801 3884
f 3746 3809 3849
f 3758 3792 3869
f 3749 3780 3853
f 3750 3799 3861
f 3763 3811 3873
f 3767 3818 3876
f 3760 3797 3879
f 3759 3826 3866
f 3751 3820 3864
f 3762 3806 3885
f 3746 3777 3848
f 3743 3842 3833
f 3740 3834 3829
f 3739 3832 3830
f 3741 3838 3836
f 3742 3841 3839
f 3744 3845 3844
f 3761 3882 3880
f 3768 3865 3867
f 3766 3886 3888
f 3745 3846 3847
f 3756 3875 3868
f 3753 3858 3855
f 3748 3854 3856
f 3754 3871 3870
f 3755 3874 3872
f 3758 3881 3877
f 3749 3859 3857
f 3750 3860 3862
f 3763 3883 3887
f 3767 3850 3852
f 3833 3770 3773
f 3829 3769 3770
f 3830 3771 3769
f 3836 3772 3771
f 3839 3773 3772
f 3844 3778 3775
f 3880 3796 3798
f 3867 3825 3828
f 3888 3821 3822
f 3847 3807 3805
f 3868 3785 3788
f 3855 3784 3785
f 3856 3786 3784
f 3870 3787 3786
f 3872 3788 3787
f 3877 3791 3792
f 3857 3783 3780
f 3862 3803 3799
f 3887 3812 3811
f 3852 3814 3818
f 3842 3824 3827
f 3834 3794 3795
f 3832 3774 3776
f 3838 3804 3808
f 3841 3819 3823
f 3845 3795 3797
f 3882 3827 3826
f 3865 3823 3820
f 3886 3808 3806
f 3846 3776 3777
f 3875 3815 3816
f 3858 3790 3789
f 3854 3779 3781
f 3871 3800 3802
f 3874 3810 3813
f 3881 3816 3817
f 3859 3789 3793
f 3860 3781 3782
f 3883 3802 3801
f 3850 3813 3809
f 3835 3798 3794
f 3831 3775 3774
f 3837 3805 3804
f 3840 3822 3819
f 3843 3828 3824
f 3851 3817 3814
f 3878 3793 3791
f 3863 3782 3783
f 3884 3801 3803
f 3849 3809 3812
f 3869 3792 3790
f 3853 3780 3779
f 3861 3799 3800
f 3873 3811 3810
f 3876 3818 3815
f 3879 3797 3796
f 3866 3826 3825
f 3864 3820 3821
f 3885 3806 3807
f 3848 3777 3778
f 3833 3842 3835
f 3829 3834 3831
f 3830 3832 3837
f 3836 3838 3840
f 3839 3841 3843
f 3844 3845 3851
f 3880 3882 3878
f 3867 3865 3863
f 3888 3886 3884
f 3847 3846 3849
f 3868 3875 3869
f 3855 3858 3853
f 3856 3854 3861
f 3870 3871 3873
f 3872 3874 3876
f 3877 3881 3879
f 3857 3859 3866
f 3862 3860 3864
f 3887 3883 3885
f 3852 3850 3848
f 3889 3935 3932
f 3889 3932 3931
f 3889 3931 3933
f 3889 3933 3934
f 3889 3934 3935
f 3890 3937 3940
f 3894 3960 3958
f 3900 3990 3987
f 3899 3984 3983
f 3896 3967 3969
f 3892 3950 3947
f 3892 3947 3946
f 3892 3946 3948
f 3892 3948 3949
f 3892 3949 3950
f 3893 3954 3953
f 3891 3942 3945
f 3895 3961 3965
f 3897 3973 3974
f 3898 3980 3976
f 3900 3989 3986
f 3894 3957 3956
f 3890 3938 3936
f 3896 3970 3966
f 3899 3985 3981
f 3894 3959 3957
f 3900 3988 3989
f 3899 3982 3985
f 3896 3968 3970
f 3890 3939 3938
f 3898 3978 3977
f 3893 3951 3952
f 3891 3943 3941
f 3895 3964 3962
f 3897 3975 3972
f 3898 3979 3978
f 3893 3955 3951
f 3891 3944 3943
f 3895 3963 3964
f 3897 3971 3975
f 3894 3956 3960
f 3890 3936 3937
f 3896 3966 3967
f 3899 3981 3984
f 3900 3986 3990
f 3898 3976 3979
f 3893 3953 3955
f 3891 3945 3944
f 3895 3965 3963
f 3897 3974 3971
f 3893 3952 3954
f 3891 3941 3942
f 3895 3962 3961
f 3897 3972 3973
f 3898 3977 3980
f 3894 3958 3959
f 3900 3987 3988
f 3899 3983 3982
f 3896 3969 3968
f 3890 3940 3939
f 3923 3997 4004
f 3906 3993 3996
f 3907 3999 3994
f 3928 4002 4000
f 3930 4005 4003
f 3922 4013 4007
f 3921 4040 4044
f 3913 4025 4027
f 3924 4046 4048
f 3908 4011 4008
f 3920 4031 4037
f 3911 4015 4020
f 3912 4023 4016
f 3925 4035 4033
f 3929 4038 4036
f 3922 4041 4043
f 3921 4028 4021
f 3913 4026 4022
f 3924 4047 4045
f 3908 4010 4012
f 3905 3995 3935
f 3902 3991 3932
f 3901 3992 3931
f 3903 3998 3933
f 3904 4001 3934
f 3906 4006 3937
f 3923 4042 3960
f 3930 4029 3990
f 3928 4050 3984
f 3907 4009 3967
f 3918 4030 3950
f 3915 4017 3947
f 3910 4018 3946
f 3916 4032 3948
f 3917 4034 3949
f 3920 4039 3954
f 3911 4019 3942
f 3912 4024 3961
f 3925 4049 3973
f 3929 4014 3980
f 3923 4004 3989
f 3906 3996 3957
f 3907 3994 3938
f 3928 4000 3970
f 3930 4003 3985
f 3922 4007 3959
f 3921 4044 3988
f 3913 4027 3982
f 3924 4048 3968
f 3908 4008 3939
f 3920 4037 3978
f 3911 4020 3951
f 3912 4016 3943
f 3925 4033 3964
f 3929 4036 3975
f 3922 4043 3979
f 3921 4021 3955
f 3913 4022 3944
f 3924 4045 3963
f 3908 4012 3971
f 3902 3997 3956
f 3901 3993 3936
f 3903 3999 3966
f 3904 4002 3981
f 3905 4005 3986
f 3909 4013 3976
f 3919 4040 3953
f 3914 4025 3945
f 3926 4046 3965
f 3927 4011 3974
f 3915 4031 3952
f 3910 4015 3941
f 3916 4023 3962
f 3917 4035 3972
f 3918 4038 3977
f 3919 4041 3958
f 3914 4028 3987
f 3926 4026 3983
f 3927 4047 3969
f 3909 4010 3940
f 3902 3995 3997
f 3901 3991 3993
f 3903 3992 3999
f 3904 3998 4002
f 3905 4001 4005
f 3909 4006 4013
f 3919 4042 4040
f 3914 4029 4025
f 3926 4050 4046
f 3927 4009 4011
f 3915 4030 4031
f 3910 4017 4015
f 3916 4018 4023
f 3917 4032 4035
f 3918 4034 4038
f 3919 4039 4041
f 3914 4019 4028
f 3926 4024 4026
f 3927 4049 4047
f 3909 4014 4010
f 3902 3932 3995
f 3901 3931 3991
f 3903 3933 3992
f 3904 3934 3998
f 3905 3935 4001
f 3909 3940 4006
f 3919 3958 4042
f 3914 3987 4029
f 3926 3983 4050
f 3927 3969 4009
f 3915 3947 4030
f 3910 3946 4017
f 3916 3948 4018
f 3917 3949 4032
f 3918 3950 4034
f 3919 3953 4039
f 3914 3945 4019
f 3926 3965 4024
f 3927 3974 4049
f 3909 3976 4014
f 3905 3986 4004
f 3902 3956 3996
f 3901 3936 3994
f 3903 3966 4000
f 3904 3981 4003
f 3906 3957 4007
f 3923 3989 4044
f 3930 3985 4027
f 3928 3970 4048
f 3907 3938 4008
f 3918 3977 4037
f 3915 3952 4020
f 3910 3941 4016
f 3916 3962 4033
f 3917 3972 4036
f 3920 3978 4043
f 3911 3951 4021
f 3912 3943 4022
f 3925 3964 4045
f 3929 3975 4012
f 3923 3960 3997
f 3906 3937 3993
f 3907 3967 3999
f 3928 3984 4002
f 3930 3990 4005
f 3922 3979 4013
f 3921 3955 4040
f 3913 3944 4025
f 3924 3963 4046
f 3908 3971 4011
f 3920 3954 4031
f 3911 3942 4015
f 3912 3961 4023
f 3925 3973 4035
f 3929 3980 4038
f 3922 3959 4041
f 3921 3988 4028
f 3913 3982 4026
f 3924 3968 4047
f 3908 3939 4010
f 3905 4004 3995
f 3902 3996 3991
f 3901 3994 3992
f 3903 4000 3998
f 3904 4003 4001
f 3906 4007 4006
f 3923 4044 4042
f 3930 4027 4029
f 3928 4048 4050
f 3907 4008 4009
f 3918 4037 4030
f 3915 4020 4017
f 3910 4016 4018
f 3916 4033 4032
f 3917 4036 4034
f 3920 4043 4039
f 3911 4021 4019
f 3912 4022 4024
f 3925 4045 4049
f 3929 4012 4014
f 3995 3932 3935
f 3991 3931 3932
f 3992 3933 3931
f 3998 3934 3933
f 4001 3935 3934
f 4006 3940 3937
f 4042 3958 3960
f 4029 3987 3990
f 4050 3983 3984
f 4009 3969 3967
f 4030 3947 3950
f 4017 3946 3947
f 4018 3948 3946
f 4032 3949 3948
f 4034 3950 3949
f 4039 3953 3954
f 4019 3945 3942
f 4024 3965 3961
f 4049 3974 3973
f 4014 3976 3980
f 4004 3986 3989
f 3996 3956 3957
f 3994 3936 3938
f 4000 3966 3970
f 4003 3981 3985
f 4007 3957 3959
f 4044 3989 3988
f 4027 3985 3982
f 4048 3970 3968
f 4008 3938 3939
f 4037 3977 3978
f 4020 3952 3951
f 4016 3941 3943
f 4033 3962 3964
f 4036 3972 3975
f 4043 3978 3979
f 4021 3951 3955
f 4022 3943 3944
f 4045 3964 3963
f 4012 3975 3971
f 3997 3960 3956
f 3993 3937 3936
f 3999 3967 3966
f 4002 3984 3981
f 4005 3990 3986
f 4013 3979 3976
f 4040 3955 3953
f 4025 3944 3945
f 4046 3963 3965
f 4011 3971 3974
f 4031 3954 3952
f 4015 3942 3941
f 4023 3961 3962
f 4035 3973 3972
f 4038 3980 3977
f 4041 3959 3958
f 4028 3988 3987
f 4026 3982 3983
f 4047 3968 3969
f 4010 3939 3940
f 3995 4004 3997
f 3991 3996 3993
f 3992 3994 3999
f 3998 4000 4002
f 4001 4003 4005
f 4006 4007 4013
f 4042 4044 4040
f 4029 4027 4025
f 4050 4048 4046
f 4009 4008 4011
f 4030 4037 4031
f 4017 4020 4015
f 4018 4016 4023
f 4032 4033 4035
f 4034 4036 4038
f 4039 4043 4041
f 4019 4021 4028
f 4024 4022 4026
f 4049 4045 4047
f 4014 4012 4010
f 4051 4097 4094
f 4051 4094 4093
f 4051 4093 4095
f 4051 4095 4096
f 4051 4096 4097
f 4052 4099 4102
f 4056 4122 4120
f 4062 4152 4149
f 4061 4146 4145
f 4058 4129 4131
f 4054 4112 4109
f 4054 4109 4108
f 4054 4108 4110
f 4054 4110 4111
f 4054 4111 4112
f 4055 4116 4115
f 4053 4104 4107
f 4057 4123 4127
f 4059 4135 4136
f 4060 4142 4138
f 4062 4151 4148
f 4056 4119 4118
f 4052 4100 4098
f 4058 4132 4128
f 4061 4147 4143
f 4056 4121 4119
f 4062 4150 4151
f 4061 4144 4147
f 4058 4130 4132
f 4052 4101 4100
f 4060 4140 4139
f 4055 4113 4114
f 4053 4105 4103
f 4057 4126 4124
f 4059 4137 4134
f 4060 4141 4140
f 4055 4117 4113
f 4053 4106 4105
f 4057 4125 4126
f 4059 4133 4137
f 4056 4118 4122
f 4052 4098 4099
f 4058 4128 4129
f 4061 4143 4146
f 4062 4148 4152
f 4060 4138 4141
f 4055 4115 4117
f 4053 4107 4106
f 4057 4127 4125
f 4059 4136 4133
f 4055 4114 4116
f 4053 4103 4104
f 4057 4124 4123
f 4059 4134 4135
f 4060 4139 4142
f 4056 4120 4121
f 4062 4149 4150
f 4061 4145 4144
f 4058 4131 4130
f 4052 4102 4101
f 4085 4159 4166
f 4068 4155 4158
f 4069 4161 4156
f 4090 4164 4162
f 4092 4167 4165
f 4084 4175 4169
f 4083 4202 4206
f 4075 4187 4189
f 4086 4208 4210
f 4070 4173 4170
f 4082 4193 4199
f 4073 4177 4182
f 4074 4185 4178
f 4087 4197 4195
f 4091 4200 4198
f 4084 4203 4205
f 4083 4190 4183
f 4075 4188 4184
f 4086 4209 4207
f 4070 4172 4174
f 4067 4157 4097
f 4064 4153 4094
f 4063 4154 4093
f 4065 4160 4095
f 4066 4163 4096
f 4068 4168 4099
f 4085 4204 4122
f 4092 4191 4152
f 4090 4212 4146
f 4069 4171 4129
f 4080 4192 4112
f 4077 4179 4109
f 4072 4180 4108
f 4078 4194 4110
f 4079 4196 4111
f 4082 4201 4116
f 4073 4181 4104
f 4074 4186 4123
f 4087 4211 4135
f 4091 4176 4142
f 4085 4166 4151
f 4068 4158 4119
f 4069 4156 4100
f 4090 4162 4132
f 4092 4165 4147
f 4084 4169 4121
f 4083 4206 4150
f 4075 4189 4144
f 4086 4210 4130
f 4070 4170 4101
f 4082 4199 4140
f 4073 4182 4113
f 4074 4178 4105
f 4087 4195 4126
f 4091 4198 4137
f 4084 4205 4141
f 4083 4183 4117
f 4075 4184 4106
f 4086 4207 4125
f 4070 4174 4133
f 4064 4159 4118
f 4063 4155 4098
f 4065 4161 4128
f 4066 4164 4143
f 4067 4167 4148
f 4071 4175 4138
f 4081 4202 4115
f 4076 4187 4107
f 4088 4208 4127
f 4089 4173 4136
f 4077 4193 4114
f 4072 4177 4103
f 4078 4185 4124
f 4079 4197 4134
f 4080 4200 4139
f 4081 4203 4120
f 4076 4190 4149
f 4088 4188 4145
f 4089 4209 4131
f 4071 4172 4102
f 4064 4157 4159
f 4063 4153 4155
f 4065 4154 4161
f 4066 4160 4164
f 4067 4163 4167
f 4071 4168 4175
f 4081 4204 4202
f 4076 4191 4187
f 4088 4212 4208
f 4089 4171 4173
f 4077 4192 4193
f 4072 4179 4177
f 4078 4180 4185
f 4079 4194 4197
f 4080 4196 4200
f 4081 4201 4203
f 4076 4181 4190
f 4088 4186 4188
f 4089 4211 4209
f 4071 4176 4172
f 4064 4094 4157
f 4063 4093 4153
f 4065 4095 4154
f 4066 4096 4160
f 4067 4097 4163
f 4071 4102 4168
f 4081 4120 4204
f 4076 4149 4191
f 4088 4145 4212
f 4089 4131 4171
f 4077 4109 4192
f 4072 4108 4179
f 4078 4110 4180
f 4079 4111 4194
f 4080 4112 4196
f 4081 4115 4201
f 4076 4107 4181
f 4088 4127 4186
f 4089 4136 4211
f 4071 4138 4176
f 4067 4148 4166
f 4064 4118 4158
f 4063 4098 4156
f 4065 4128 4162
f 4066 4143 4165
f 4068 4119 4169
f 4085 4151 4206
f 4092 4147 4189
f 4090 4132 4210
f 4069 4100 4170
f 4080 4139 4199
f 4077 4114 4182
f 4072 4103 4178
f 4078 4124 4195
f 4079 4134 4198
f 4082 4140 4205
f 4073 4113 4183
f 4074 4105 4184
f 4087 4126 4207
f 4091 4137 4174
f 4085 4122 4159
f 4068 4099 4155
f 4069 4129 4161
f 4090 4146 4164
f 4092 4152 4167
f 4084 4141 4175
f 4083 4117 4202
f 4075 4106 4187
f 4086 4125 4208
f 4070 4133 4173
f 4082 4116 4193
f 4073 4104 4177
f 4074 4123 4185
f 4087 4135 4197
f 4091 4142 4200
f 4084 4121 4203
f 4083 4150 4190
f 4075 4144 4188
f 4086 4130 4209
f 4070 4101 4172
f 4067 4166 4157
f 4064 4158 4153
f 4063 4156 4154
f 4065 4162 4160
f 4066 4165 4163
f 4068 4169 4168
f 4085 4206 4204
f 4092 4189 4191
f 4090 4210 4212
f 4069 4170 4171
f 4080 4199 4192
f 4077 4182 4179
f 4072 4178 4180
f 4078 4195 4194
f 4079 4198 4196
f 4082 4205 4201
f 4073 4183 4181
f 4074 4184 4186
f 4087 4207 4211
f 4091 4174 4176
f 4157 4094 4097
f 4153 4093 4094
f 4154 4095 4093
f 4160 4096 4095
f 4163 4097 4096
f 4168 4102 4099
f 4204 4120 4122
f 4191 4149 4152
f 4212 4145 4146
f 4171 4131 4129
f 4192 4109 4112
f 4179 4108 4109
f 4180 4110 4108
f 4194 4111 4110
f 4196 4112 4111
f 4201 4115 4116
f 4181 4107 4104
f 4186 4127 4123
f 4211 4136 4135
f 4176 4138 4142
f 4166 4148 4151
f 4158 4118 4119
f 4156 4098 4100
f 4162 4128 4132
f 4165 4143 4147
f 4169 4119 4121
f 4206 4151 4150
f 4189 4147 4144
f 4210 4132 4130
f 4170 4100 4101
f 4199 4139 4140
f 4182 4114 4113
f 4178 4103 4105
f 4195 4124 4126
f 4198 4134 4137
f 4205 4140 4141
f 4183 4113 4117
f 4184 4105 4106
f 4207 4126 4125
f 4174 4137 4133
f 4159 4122 4118
f 4155 4099 4098
f 4161 4129 4128
f 4164 4146 4143
f 4167 4152 4148
f 4175 4141 4138
f 4202 4117 4115
f 4187 4106 4107
f 4208 4125 4127
f 4173 4133 4136
f 4193 4116 4114
f 4177 4104 4103
f 4185 4123 4124
f 4197 4135 4134
f 4200 4142 4139
f 4203 4121 4120
f 4190 4150 4149
f 4188 4144 4145
f 4209 4130 4131
f 4172 4101 4102
f 4157 4166 4159
f 4153 4158 4155
f 4154 4156 4161
f 4160 4162 4164
f 4163 4165 4167
f 4168 4169 4175
f 4204 4206 4202
f 4191 4189 4187
f 4212 4210 4208
f 4171 4170 4173
f 4192 4199 4193
f 4179 4182 4177
f 4180 4178 4185
f 4194 4195 4197
f 4196 4198 4200
f 4201 4205 4203
f 4181 4183 4190
f 4186 4184 4188
f 4211 4207 4209
f 4176 4174 4172
f 4213 4259 4256
f 4213 4256 4255
f 4213 4255 4257
f 4213 4257 4258
f 4213 4258 4259
f 4214 4261 4264
f 4218 4284 4282
f 4224 4314 4311
f 4223 4308 4307
f 4220 4291 4293
f 4216 4274 4271
f 4216 4271 4270
f 4216 4270 4272
f 4216 4272 4273
f 4216 4273 4274
f 4217 4278 4277
f 4215 4266 4269
f 4219 4285 4289
f 4221 4297 4298
f 4222 4304 4300
f 4224 4313 4310
f 4218 4281 4280
f 4214 4262 4260
f 4220 4294 4290
f 4223 4309 4305
f 4218 4283 4281
f 4224 4312 4313
f 4223 4306 4309
f 4220 4292 4294
f 4214 4263 4262
f 4222 4302 4301
f 4217 4275 4276
f 4215 4267 4265
f 4219 4288 4286
f 4221 4299 4296
f 4222 4303 4302
f 4217 4279 4275
f 4215 4268 4267
f 4219 4287 4288
f 4221 4295 4299
f 4218 4280 4284
f 4214 4260 4261
f 4220 4290 4291
f 4223 4305 4308
f 4224 4310 4314
f 4222 4300 4303
f 4217 4277 4279
f 4215 4269 4268
f 4219 4289 4287
f 4221 4298 4295
f 4217 4276 4278
f 4215 4265 4266
f 4219 4286 4285
f 4221 4296 4297
f 4222 4301 4304
f 4218 4282 4283
f 4224 4311 4312
f 4223 4307 4306
f 4220 4293 4292
f 4214 4264 4263
f 4247 4321 4328
f 4230 4317 4320
f 4231 4323 4318
f 4252 4326 4324
f 4254 4329 4327
f 4246 4337 4331
f 4245 4364 4368
f 4237 4349 4351
f 4248 4370 4372
f 4232 4335 4332
f 4244 4355 4361
f 4235 4339 4344
f 4236 4347 4340
f 4249 4359 4357
f 4253 4362 4360
f 4246 4365 4367
f 4245 4352 4345
f 4237 4350 4346
f 4248 4371 4369
f 4232 4334 4336
f 4229 4319 4259
f 4226 4315 4256
f 4225 4316 4255
f 4227 4322 4257
f 4228 4325 4258
f 4230 4330 4261
f 4247 4366 4284
f 4254 4353 4314
f 4252 4374 4308
f 4231 4333 4291
f 4242 4354 4274
f 4239 4341 4271
f 4234 4342 4270
f 4240 4356 4272
f 4241 4358 4273
f 4244 4363 4278
f 4235 4343 4266
f 4236 4348 4285
f 4249 4373 4297
f 4253 4338 4304
f 4247 4328 4313
f 4230 4320 4281
f 4231 4318 4262
f 4252 4324 4294
f 4254 4327 4309
f 4246 4331 4283
f 4245 4368 4312
f 4237 4351 4306
f 4248 4372 4292
f 4232 4332 4263
f 4244 4361 4302
f 4235 4344 4275
f 4236 4340 4267
f 4249 4357 4288
f 4253 4360 4299
f 4246 4367 4303
f 4245 4345 4279
f 4237 4346 4268
f 4248 4369 4287
f 4232 4336 4295
f 4226 4321 4280
f 4225 4317 4260
f 4227 4323 4290
f 4228 4326 4305
f 4229 4329 4310
f 4233 4337 4300
f 4243 4364 4277
f 4238 4349 4269
f 4250 4370 4289
f 4251 4335 4298
f 4239 4355 4276
f 4234 4339 4265
f 4240 4347 4286
f 4241 4359 4296
f 4242 4362 4301
f 4243 4365 4282
f 4238 4352 4311
f 4250 4350 4307
f 4251 4371 4293
f 4233 4334 4264
f 4226 4319 4321
f 4225 4315 4317
f 4227 4316 4323
f 4228 4322 4326
f 4229 4325 4329
f 4233 4330 4337
f 4243 4366 4364
f 4238 4353 4349
f 4250 4374 4370
f 4251 4333 4335
f 4239 4354 4355
f 4234 4341 4339
f 4240 4342 4347
f 4241 4356 4359
f 4242 4358 4362
f 4243 4363 4365
f 4238 4343 4352
f 4250 4348 4350
f 4251 4373 4371
f 4233 4338 4334
f 4226 4256 4319
f 4225 4255 4315
f 4227 4257 4316
f 4228 4258 4322
f 4229 4259 4325
f 4233 4264 4330
f 4243 4282 4366
f 4238 4311 4353
f 4250 4307 4374
f 4251 4293 4333
f 4239 4271 4354
f 4234 4270 4341
f 4240 4272 4342
f 4241 4273 4356
f 4242 4274 4358
f 4243 4277 4363
f 4238 4269 4343
f 4250 4289 4348
f 4251 4298 4373
f 4233 4300 4338
f 4229 4310 4328
f 4226 4280 4320
f 4225 4260 4318
f 4227 4290 4324
f 4228 4305 4327
f 4230 4281 4331
f 4247 4313 4368
f 4254 4309 4351
f 4252 4294 4372
f 4231 4262 4332
f 4242 4301 4361
f 4239 4276 4344
f 4234 4265 4340
f 4240 4286 4357
f 4241 4296 4360
f 4244 4302 4367
f 4235 4275 4345
f 4236 4267 4346
f 4249 4288 4369
f 4253 4299 4336
f 4247 4284 4321
f 4230 4261 4317
f 4231 4291 4323
f 4252 4308 4326
f 4254 4314 4329
f 4246 4303 4337
f 4245 4279 4364
f 4237 4268 4349
f 4248 4287 4370
f 4232 4295 4335
f 4244 4278 4355
f 4235 4266 4339
f 4236 4285 4347
f 4249 4297 4359
f 4253 4304 4362
f 4246 4283 4365
f 4245 4312 4352
f 4237 4306 4350
f 4248 4292 4371
f 4232 4263 4334
f 4229 4328 4319
f 4226 4320 4315
f 4225 4318 4316
f 4227 4324 4322
f 4228 4327 4325
f 4230 4331 4330
f 4247 4368 4366
f 4254 4351 4353
f 4252 4372 4374
f 4231 4332 4333
f 4242 4361 4354
f 4239 4344 4341
f 4234 4340 4342
f 4240 4357 4356
f 4241 4360 4358
f 4244 4367 4363
f 4235 4345 4343
f 4236 4346 4348
f 4249 4369 4373
f 4253 4336 4338
f 4319 4256 4259
f 4315 4255 4256
f 4316 4257 4255
f 4322 4258 4257
f 4325 4259 4258
f 4330 4264 4261
f 4366 4282 4284
f 4353 4311 4314
f 4374 4307 4308
f 4333 4293 4291
f 4354 4271 4274
f 4341 4270 4271
f 4342 4272 4270
f 4356 4273 4272
f 4358 4274 4273
f 4363 4277 4278
f 4343 4269 4266
f 4348 4289 4285
f 4373 4298 4297
f 4338 4300 4304
f 4328 4310 4313
f 4320 4280 4281
f 4318 4260 4262
f 4324 4290 4294
f 4327 4305 4309
f 4331 4281 4283
f 4368 4313 4312
f 4351 4309 4306
f 4372 4294 4292
f 4332 4262 4263
f 4361 4301 4302
f 4344 4276 4275
f 4340 4265 4267
f 4357 4286 4288
f 4360 4296 4299
f 4367 4302 4303
f 4345 4275 4279
f 4346 4267 4268
f 4369 4288 4287
f 4336 4299 4295
f 4321 4284 4280
f 4317 4261 4260
f 4323 4291 4290
f 4326 4308 4305
f 4329 4314 4310
f 4337 4303 4300
f 4364 4279 4277
f 4349 4268 4269
f 4370 4287 4289
f 4335 4295 4298
f 4355 4278 4276
f 4339 4266 4265
f 4347 4285 4286
f 4359 4297 4296
f 4362 4304 4301
f 4365 4283 4282
f 4352 4312 4311
f 4350 4306 4307
f 4371 4292 4293
f 4334 4263 4264
f 4319 4328 4321
f 4315 4320 4317
f 4316 4318 4323
f 4322 4324 4326
f 4325 4327 4329
f 4330 4331 4337
f 4366 4368 4364
f 4353 4351 4349
f 4374 4372 4370
f 4333 4332 4335
f 4354 4361 4355
f 4341 4344 4339
f 4342 4340 4347
f 4356 4357 4359
f 4358 4360 4362
f 4363 4367 4365
f 4343 4345 4352
f 4348 4346 4350
f 4373 4369 4371
f 4338 4336 4334
f 4375 4421 4418
f 4375 4418 4417
f 4375 4417 4419
f 4375 4419 4420
f 4375 4420 4421
f 4376 4423 4426
f 4380 4446 4444
f 4386 4476 4473
f 4385 4470 4469
f 4382 4453 4455
f 4378 4436 4433
f 4378 4433 4432
f 4378 4432 4434
f 4378 4434 4435
f 4378 4435 4436
f 4379 4440 4439
f 4377 4428 4431
f 4381 4447 4451
f 4383 4459 4460
f 4384 4466 4462
f 4386 4475 4472
f 4380 4443 4442
f 4376 4424 4422
f 4382 4456 4452
f 4385 4471 4467
f 4380 4445 4443
f 4386 4474 4475
f 4385 4468 4471
f 4382 4454 4456
f 4376 4425 4424
f 4384 4464 4463
f 4379 4437 4438
f 4377 4429 4427
f 4381 4450 4448
f 4383 4461 4458
f 4384 4465 4464
f 4379 4441 4437
f 4377 4430 4429
f 4381 4449 4450
f 4383 4457 4461
f 4380 4442 4446
f 4376 4422 4423
f 4382 4452 4453
f 4385 4467 4470
f 4386 4472 4476
f 4384 4462 4465
f 4379 4439 4441
f 4377 4431 4430
f 4381 4451 4449
f 4383 4460 4457
f 4379 4438 4440
f 4377 4427 4428
f 4381 4448 4447
f 4383 4458 4459
f 4384 4463 4466
f 4380 4444 4445
f 4386 4473 4474
f 4385 4469 4468
f 4382 4455 4454
f 4376 4426 4425
f 4409 4483 4490
f 4392 4479 4482
f 4393 4485 4480
f 4414 4488 4486
f 4416 4491 4489
f 4408 4499 4493
f 4407 4526 4530
f 4399 4511 4513
f 4410 4532 4534
f 4394 4497 4494
f 4406 4517 4523
f 4397 4501 4506
f 4398 4509 4502
f 4411 4521 4519
f 4415 4524 4522
f 4408 4527 4529
f 4407 4514 4507
f 4399 4512 4508
f 4410 4533 4531
f 4394 4496 4498
f 4391 4481 4421
f 4388 4477 4418
f 4387 4478 4417
f 4389 4484 4419
f 4390 4487 4420
f 4392 4492 4423
f 4409 4528 4446
f 4416 4515 4476
f 4414 4536 4470
f 4393 4495 4453
f 4404 4516 4436
f 4401 4503 4433
f 4396 4504 4432
f 4402 4518 4434
f 4403 4520 4435
f 4406 4525 4440
f 4397 4505 4428
f 4398 4510 4447
f 4411 4535 4459
f 4415 4500 4466
f 4409 4490 4475
f 4392 4482 4443
f 4393 4480 4424
f 4414 4486 4456
f 4416 4489 4471
f 4408 4493 4445
f 4407 4530 4474
f 4399 4513 4468
f 4410 4534 4454
f 4394 4494 4425
f 4406 4523 4464
f 4397 4506 4437
f 4398 4502 4429
f 4411 4519 4450
f 4415 4522 4461
f 4408 4529 4465
f 4407 4507 4441
f 4399 4508 4430
f 4410 4531 4449
f 4394 4498 4457
f 4388 4483 4442
f 4387 4479 4422
f 4389 4485 4452
f 4390 4488 4467
f 4391 4491 4472
f 4395 4499 4462
f 4405 4526 4439
f 4400 4511 4431
f 4412 4532 4451
f 4413 4497 4460
f 4401 4517 4438
f 4396 4501 4427
f 4402 4509 4448
f 4403 4521 4458
f 4404 4524 4463
f 4405 4527 4444
f 4400 4514 4473
f 4412 4512 4469
f 4413 4533 4455
f 4395 4496 4426
f 4388 4481 4483
f 4387 4477 4479
f 4389 4478 4485
f 4390 4484 4488
f 4391 4487 4491
f 4395 4492 4499
f 4405 4528 4526
f 4400 4515 4511
f 4412 4536 4532
f 4413 4495 4497
f 4401 4516 4517
f 4396 4503 4501
f 4402 4504 4509
f 4403 4518 4521
f 4404 4520 4524
f 4405 4525 4527
f 4400 4505 4514
f 4412 4510 4512
f 4413 4535 4533
f 4395 4500 4496
f 4388 4418 4481
f 4387 4417 4477
f 4389 4419 4478
f 4390 4420 4484
f 4391 4421 4487
f 4395 4426 4492
f 4405 4444 4528
f 4400 4473 4515
f 4412 4469 4536
f 4413 4455 4495
f 4401 4433 4516
f 4396 4432 4503
f 4402 4434 4504
f 4403 4435 4518
f 4404 4436 4520
f 4405 4439 4525
f 4400 4431 4505
f 4412 4451 4510
f 4413 4460 4535
f 4395 4462 4500
f 4391 4472 4490
f 4388 4442 4482
f 4387 4422 4480
f 4389 4452 4486
f 4390 4467 4489
f 4392 4443 4493
f 4409 4475 4530
f 4416 4471 4513
f 4414 4456 4534
f 4393 4424 4494
f 4404 4463 4523
f 4401 4438 4506
f 4396 4427 4502
f 4402 4448 4519
f 4403 4458 4522
f 4406 4464 4529
f 4397 4437 4507
f 4398 4429 4508
f 4411 4450 4531
f 4415 4461 4498
f 4409 4446 4483
f 4392 4423 4479
f 4393 4453 4485
f 4414 4470 4488
f 4416 4476 4491
f 4408 4465 4499
f 4407 4441 4526
f 4399 4430 4511
f 4410 4449 4532
f 4394 4457 4497
f 4406 4440 4517
f 4397 4428 4501
f 4398 4447 4509
f 4411 4459 4521
f 4415 4466 4524
f 4408 4445 4527
f 4407 4474 4514
f 4399 4468 4512
f 4410 4454 4533
f 4394 4425 4496
f 4391 4490 4481
f 4388 4482 4477
f 4387 4480 4478
f 4389 4486 4484
f 4390 4489 4487
f 4392 4493 4492
f 4409 4530 4528
f 4416 4513 4515
f 4414 4534 4536
f 4393 4494 4495
f 4404 4523 4516
f 4401 4506 4503
f 4396 4502 4504
f 4402 4519 4518
f 4403 4522 4520
f 4406 4529 4525
f 4397 4507 4505
f 4398 4508 4510
f 4411 4531 4535
f 4415 4498 4500
f 4481 4418 4421
f 4477 4417 4418
f 4478 4419 4417
f 4484 4420 4419
f 4487 4421 4420
f 4492 4426 4423
f 4528 4444 4446
f 4515 4473 4476
f 4536 4469 4470
f 4495 4455 4453
f 4516 4433 4436
f 4503 4432 4433
f 4504 4434 4432
f 4518 4435 4434
f 4520 4436 4435
f 4525 4439 4440
f 4505 4431 4428
f 4510 4451 4447
f 4535 4460 4459
f 4500 4462 4466
f 4490 4472 4475
f 4482 4442 4443
f 4480 4422 4424
f 4486 4452 4456
f 4489 4467 4471
f 4493 4443 4445
f 4530 4475 4474
f 4513 4471 4468
f 4534 4456 4454
f 4494 4424 4425
f 4523 4463 4464
f 4506 4438 4437
f 4502 4427 4429
f 4519 4448 4450
f 4522 4458 4461
f 4529 4464 4465
f 4507 4437 4441
f 4508 4429 4430
f 4531 4450 4449
f 4498 4461 4457
f 4483 4446 4442
f 4479 4423 4422
f 4485 4453 4452
f 4488 4470 4467
f 4491 4476 4472
f 4499 4465 4462
f 4526 4441 4439
f 4511 4430 4431
f 4532 4449 4451
f 4497 4457 4460
f 4517 4440 4438
f 4501 4428 4427
f 4509 4447 4448
f 4521 4459 4458
f 4524 4466 4463
f 4527 4445 4444
f 4514 4474 4473
f 4512 4468 4469
f 4533 4454 4455
f 4496 4425 4426
f 4481 4490 4483
f 4477 4482 4479
f 4478 4480 4485
f 4484 4486 4488
f 4487 4489 4491
f 4492 4493 4499
f 4528 4530 4526
f 4515 4513 4511
f 4536 4534 4532
f 4495 4494 4497
f 4516 4523 4517
f 4503 4506 4501
f 4504 4502 4509
f 4518 4519 4521
f 4520 4522 4524
f 4525 4529 4527
f 4505 4507 4514
f 4510 4508 4512
f 4535 4531 4533
f 4500 4498 4496
f 4537 4583 4580
f 4537 4580 4579
f 4537 4579 4581
f 4537 4581 4582
f 4537 4582 4583
f 4538 4585 4588
f 4542 4608 4606
f 4548 4638 4635
f 4547 4632 4631
f 4544 4615 4617
f 4540 4598 4595
f 4540 4595 4594
f 4540 4594 4596
f 4540 4596 4597
f 4540 4597 4598
f 4541 4602 4601
f 4539 4590 4593
f 4543 4609 4613
f 4545 4621 4622
f 4546 4628 4624
f 4548 4637 4634
f 4542 4605 4604
f 4538 4586 4584
f 4544 4618 4614
f 4547 4633 4629
f 4542 4607 4605
f 4548 4636 4637
f 4547 4630 4633
f 4544 4616 4618
f 4538 4587 4586
f 4546 4626 4625
f 4541 4599 4600
f 4539 4591 4589
f 4543 4612 4610
f 4545 4623 4620
f 4546 4627 4626
f 4541 4603 4599
f 4539 4592 4591
f 4543 4611 4612
f 4545 4619 4623
f 4542 4604 4608
f 4538 4584 4585
f 4544 4614 4615
f 4547 4629 4632
f 4548 4634 4638
f 4546 4624 4627
f 4541 4601 4603
f 4539 4593 4592
f 4543 4613 4611
f 4545 4622 4619
f 4541 4600 4602
f 4539 4589 4590
f 4543 4610 4609
f 4545 4620 4621
f 4546 4625 4628
f 4542 4606 4607
f 4548 4635 4636
f 4547 4631 4630
f 4544 4617 4616
f 4538 4588 4587
f 4571 4645 4652
f 4554 4641 4644
f 4555 4647 4642
f 4576 4650 4648
f 4578 4653 4651
f 4570 4661 4655
f 4569 4688 4692
f 4561 4673 4675
f 4572 4694 4696
f 4556 4659 4656
f 4568 4679 4685
f 4559 4663 4668
f 4560 4671 4664
f 4573 4683 4681
f 4577 4686 4684
f 4570 4689 4691
f 4569 4676 4669
f 4561 4674 4670
f 4572 4695 4693
f 4556 4658 4660
f 4553 4643 4583
f 4550 4639 4580
f 4549 4640 4579
f 4551 4646 4581
f 4552 4649 4582
f 4554 4654 4585
f 4571 4690 4608
f 4578 4677 4638
f 4576 4698 4632
f 4555 4657 4615
f 4566 4678 4598
f 4563 4665 4595
f 4558 4666 4594
f 4564 4680 4596
f 4565 4682 4597
f 4568 4687 4602
f 4559 4667 4590
f 4560 4672 4609
f 4573 4697 4621
f 4577 4662 4628
f 4571 4652 4637
f 4554 4644 4605
f 4555 4642 4586
f 4576 4648 4618
f 4578 4651 4633
f 4570 4655 4607
f 4569 4692 4636
f 4561 4675 4630
f 4572 4696 4616
f 4556 4656 4587
f 4568 4685 4626
f 4559 4668 4599
f 4560 4664 4591
f 4573 4681 4612
f 4577 4684 4623
f 4570 4691 4627
f 4569 4669 4603
f 4561 4670 4592
f 4572 4693 4611
f 4556 4660 4619
f 4550 4645 4604
f 4549 4641 4584
f 4551 4647 4614
f 4552 4650 4629
f 4553 4653 4634
f 4557 4661 4624
f 4567 4688 4601
f 4562 4673 4593
f 4574 4694 4613
f 4575 4659 4622
f 4563 4679 4600
f 4558 4663 4589
f 4564 4671 4610
f 4565 4683 4620
f 4566 4686 4625
f 4567 4689 4606
f 4562 4676 4635
f 4574 4674 4631
f 4575 4695 4617
f 4557 4658 4588
f 4550 4643 4645
f 4549 4639 4641
f 4551 4640 4647
f 4552 4646 4650
f 4553 4649 4653
f 4557 4654 4661
f 4567 4690 4688
f 4562 4677 4673
f 4574 4698 4694
f 4575 4657 4659
f 4563 4678 4679
f 4558 4665 4663
f 4564 4666 4671
f 4565 4680 4683
f 4566 4682 4686
f 4567 4687 4689
f 4562 4667 4676
f 4574 4672 4674
f 4575 4697 4695
f 4557 4662 4658
f 4550 4580 4643
f 4549 4579 4639
f 4551 4581 4640
f 4552 4582 4646
f 4553 4583 4649
f 4557 4588 4654
f 4567 4606 4690
f 4562 4635 4677
f 4574 4631 4698
f 4575 4617 4657
f 4563 4595 4678
f 4558 4594 4665
f 4564 4596 4666
f 4565 4597 4680
f 4566 4598 4682
f 4567 4601 4687
f 4562 4593 4667
f 4574 4613 4672
f 4575 4622 4697
f 4557 4624 4662
f 4553 4634 4652
f 4550 4604 4644
f 4549 4584 4642
f 4551 4614 4648
f 4552 4629 4651
f 4554 4605 4655
f 4571 4637 4692
f 4578 4633 4675
f 4576 4618 4696
f 4555 4586 4656
f 4566 4625 4685
f 4563 4600 4668
f 4558 4589 4664
f 4564 4610 4681
f 4565 4620 4684
f 4568 4626 4691
f 4559 4599 4669
f 4560 4591 4670
f 4573 4612 4693
f 4577 4623 4660
f 4571 4608 4645
f 4554 4585 4641
f 4555 4615 4647
f 4576 4632 4650
f 4578 4638 4653
f 4570 4627 4661
f 4569 4603 4688
f 4561 4592 4673
f 4572 4611 4694
f 4556 4619 4659
f 4568 4602 4679
f 4559 4590 4663
f 4560 4609 4671
f 4573 4621 4683
f 4577 4628 4686
f 4570 4607 4689
f 4569 4636 4676
f 4561 4630 4674
f 4572 4616 4695
f 4556 4587 4658
f 4553 4652 4643
f 4550 4644 4639
f 4549 4642 4640
f 4551 4648 4646
f 4552 4651 4649
f 4554 4655 4654
f 4571 4692 4690
f 4578 4675 4677
f 4576 4696 4698
f 4555 4656 4657
f 4566 4685 4678
f 4563 4668 4665
f 4558 4664 4666
f 4564 4681 4680
f 4565 4684 4682
f 4568 4691 4687
f 4559 4669 4667
f 4560 4670 4672
f 4573 4693 4697
f 4577 4660 4662
f 4643 4580 4583
f 4639 4579 4580
f 4640 4581 4579
f 4646 4582 4581
f 4649 4583 4582
f 4654 4588 4585
f 4690 4606 4608
f 4677 4635 4638
f 4698 4631 4632
f 4657 4617 4615
f 4678 4595 4598
f 4665 4594 4595
f 4666 4596 4594
f 4680 4597 4596
f 4682 4598 4597
f 4687 4601 4602
f 4667 4593 4590
f 4672 4613 4609
f 4697 4622 4621
f 4662 4624 4628
f 4652 4634 4637
f 4644 4604 4605
f 4642 4584 4586
f 4648 4614 4618
f 4651 4629 4633
f 4655 4605 4607
f 4692 4637 4636
f 4675 4633 4630
f 4696 4618 4616
f 4656 4586 4587
f 4685 4625 4626
f 4668 4600 4599
f 4664 4589 4591
f 4681 4610 4612
f 4684 4620 4623
f 4691 4626 4627
f 4669 4599 4603
f 4670 4591 4592
f 4693 4612 4611
f 4660 4623 4619
f 4645 4608 4604
f 4641 4585 4584
f 4647 4615 4614
f 4650 4632 4629
f 4653 4638 4634
f 4661 4627 4624
f 4688 4603 4601
f 4673 4592 4593
f 4694 4611 4613
f 4659 4619 4622
f 4679 4602 4600
f 4663 4590 4589
f 4671 4609 4610
f 4683 4621 4620
f 4686 4628 4625
f 4689 4607 4606
f 4676 4636 4635
f 4674 4630 4631
f 4695 4616 4617
f 4658 4587 4588
f 4643 4652 4645
f 4639 4644 4641
f 4640 4642 4647
f 4646 4648 4650
f 4649 4651 4653
f 4654 4655 4661
f 4690 4692 4688
f 4677 4675 4673
f 4698 4696 4694
f 4657 4656 4659
f 4678 4685 4679
f 4665 4668 4663
f 4666 4664 4671
f 4680 4681 4683
f 4682 4684 4686
f 4687 4691 4689
f 4667 4669 4676
f 4672 4670 4674
f 4697 4693 4695
f 4662 4660 4658
f 4699 4745 4742
f 4699 4742 4741
f 4699 4741 4743
f 4699 4743 4744
f 4699 4744 4745
f 4700 4747 4750
f 4704 4770 4768
f 4710 4800 4797
f 4709 4794 4793
f 4706 4777 4779
f 4702 4760 4757
f 4702 4757 4756
f 4702 4756 4758
f 4702 4758 4759
f 4702 4759 4760
f 4703 4764 4763
f 4701 4752 4755
f 4705 4771 4775
f 4707 4783 4784
f 4708 4790 4786
f 4710 4799 4796
f 4704 4767 4766
f 4700 4748 4746
f 4706 4780 4776
f 4709 4795 4791
f 4704 4769 4767
f 4710 4798 4799
f 4709 4792 4795
f 4706 4778 4780
f 4700 4749 4748
f 4708 4788 4787
f 4703 4761 4762
f 4701 4753 4751
f 4705 4774 4772
f 4707 4785 4782
f 4708 4789 4788
f 4703 4765 4761
f 4701 4754 4753
f 4705 4773 4774
f 4707 4781 4785
f 4704 4766 4770
f 4700 4746 4747
f 4706 4776 4777
f 4709 4791 4794
f 4710 4796 4800
f 4708 4786 4789
f 4703 4763 4765
f 4701 4755 4754
f 4705 4775 4773
f 4707 4784 4781
f 4703 4762 4764
f 4701 4751 4752
f 4705 4772 4771
f 4707 4782 4783
f 4708 4787 4790
f 4704 4768 4769
f 4710 4797 4798
f 4709 4793 4792
f 4706 4779 4778
f 4700 4750 4749
f 4733 4807 4814
f 4716 4803 4806
f 4717 4809 4804
f 4738 4812 4810
f 4740 4815 4813
f 4732 4823 4817
f 4731 4850 4854
f 4723 4835 4837
f 4734 4856 4858
f 4718 4821 4818
f 4730 4841 4847
f 4721 4825 4830
f 4722 4833 4826
f 4735 4845 4843
f 4739 4848 4846
f 4732 4851 4853
f 4731 4838 4831
f 4723 4836 4832
f 4734 4857 4855
f 4718 4820 4822
f 4715 4805 4745
f 4712 4801 4742
f 4711 4802 4741
f 4713 4808 4743
f 4714 4811 4744
f 4716 4816 4747
f 4733 4852 4770
f 4740 4839 4800
f 4738 4860 4794
f 4717 4819 4777
f 4728 4840 4760
f 4725 4827 4757
f 4720 4828 4756
f 4726 4842 4758
f 4727 4844 4759
f 4730 4849 4764
f 4721 4829 4752
f 4722 4834 4771
f 4735 4859 4783
f 4739 4824 4790
f 4733 4814 4799
f 4716 4806 4767
f 4717 4804 4748
f 4738 4810 4780
f 4740 4813 4795
f 4732 4817 4769
f 4731 4854 4798
f 4723 4837 4792
f 4734 4858 4778
f 4718 4818 4749
f 4730 4847 4788
f 4721 4830 4761
f 4722 4826 4753
f 4735 4843 4774
f 4739 4846 4785
f 4732 4853 4789
f 4731 4831 4765
f 4723 4832 4754
f 4734 4855 4773
f 4718 4822 4781
f 4712 4807 4766
f 4711 4803 4746
f 4713 4809 4776
f 4714 4812 4791
f 4715 4815 4796
f 4719 4823 4786
f 4729 4850 4763
f 4724 4835 4755
f 4736 4856 4775
f 4737 4821 4784
f 4725 4841 4762
f 4720 4825 4751
f 4726 4833 4772
f 4727 4845 4782
f 4728 4848 4787
f 4729 4851 4768
f 4724 4838 4797
f 4736 4836 4793
f 4737 4857 4779
f 4719 4820 4750
f 4712 4805 4807
f 4711 4801 4803
f 4713 4802 4809
f 4714 4808 4812
f 4715 4811 4815
f 4719 4816 4823
f 4729 4852 4850
f 4724 4839 4835
f 4736 4860 4856
f 4737 4819 4821
f 4725 4840 4841
f 4720 4827 4825
f 4726 4828 4833
f 4727 4842 4845
f 4728 4844 4848
f 4729 4849 4851
f 4724 4829 4838
f 4736 4834 4836
f 4737 4859 4857
f 4719 4824 4820
f 4712 4742 4805
f 4711 4741 4801
f 4713 4743 4802
f 4714 4744 4808
f 4715 4745 4811
f 4719 4750 4816
f 4729 4768 4852
f 4724 4797 4839
f 4736 4793 4860
f 4737 4779 4819
f 4725 4757 4840
f 4720 4756 4827
f 4726 4758 4828
f 4727 4759 4842
f 4728 4760 4844
f 4729 4763 4849
f 4724 4755 4829
f 4736 4775 4834
f 4737 4784 4859
f 4719 4786 4824
f 4715 4796 4814
f 4712 4766 4806
f 4711 4746 4804
f 4713 4776 4810
f 4714 4791 4813
f 4716 4767 4817
f 4733 4799 4854
f 4740 4795 4837
f 4738 4780 4858
f 4717 4748 4818
f 4728 4787 4847
f 4725 4762 4830
f 4720 4751 4826
f 4726 4772 4843
f 4727 4782 4846
f 4730 4788 4853
f 4721 4761 4831
f 4722 4753 4832
f 4735 4774 4855
f 4739 4785 4822
f 4733 4770 4807
f 4716 4747 4803
f 4717 4777 4809
f 4738 4794 4812
f 4740 4800 4815
f 4732 4789 4823
f 4731 4765 4850
f 4723 4754 4835
f 4734 4773 4856
f 4718 4781 4821
f 4730 4764 4841
f 4721 4752 4825
f 4722 4771 4833
f 4735 4783 4845
f 4739 4790 4848
f 4732 4769 4851
f 4731 4798 4838
f 4723 4792 4836
f 4734 4778 4857
f 4718 4749 4820
f 4715 4814 4805
f 4712 4806 4801
f 4711 4804 4802
f 4713 4810 4808
f 4714 4813 4811
f 4716 4817 4816
f 4733 4854 4852
f 4740 4837 4839
f 4738 4858 4860
f 4717 4818 4819
f 4728 4847 4840
f 4725 4830 4827
f 4720 4826 4828
f 4726 4843 4842
f 4727 4846 4844
f 4730 4853 4849
f 4721 4831 4829
f 4722 4832 4834
f 4735 4855 4859
f 4739 4822 4824
f 4805 4742 4745
f 4801 4741 4742
f 4802 4743 4741
f 4808 4744 4743
f 4811 4745 4744
f 4816 4750 4747
f 4852 4768 4770
f 4839 4797 4800
f 4860 4793 4794
f 4819 4779 4777
f 4840 4757 4760
f 4827 4756 4757
f 4828 4758 4756
f 4842 4759 4758
f 4844 4760 4759
f 4849 4763 4764
f 4829 4755 4752
f 4834 4775 4771
f 4859 4784 4783
f 4824 4786 4790
f 4814 4796 4799
f 4806 4766 4767
f 4804 4746 4748
f 4810 4776 4780
f 4813 4791 4795
f 4817 4767 4769
f 4854 4799 4798
f 4837 4795 4792
f 4858 4780 4778
f 4818 4748 4749
f 4847 4787 4788
f 4830 4762 4761
f 4826 4751 4753
f 4843 4772 4774
f 4846 4782 4785
f 4853 4788 4789
f 4831 4761 4765
f 4832 4753 4754
f 4855 4774 4773
f 4822 4785 4781
f 4807 4770 4766
f 4803 4747 4746
f 4809 4777 4776
f 4812 4794 4791
f 4815 4800 4796
f 4823 4789 4786
f 4850 4765 4763
f 4835 4754 4755
f 4856 4773 4775
f 4821 4781 4784
f 4841 4764 4762
f 4825 4752 4751
f 4833 4771 4772
f 4845 4783 4782
f 4848 4790 4787
f 4851 4769 4768
f 4838 4798 4797
f 4836 4792 4793
f 4857 4778 4779
f 4820 4749 4750
f 4805 4814 4807
f 4801 4806 4803
f 4802 4804 4809
f 4808 4810 4812
f 4811 4813 4815
f 4816 4817 4823
f 4852 4854 4850
f 4839 4837 4835
f 4860 4858 4856
f 4819 4818 4821
f 4840 4847 4841
f 4827 4830 4825
f 4828 4826 4833
f 4842 4843 4845
f 4844 4846 4848
f 4849 4853 4851
f 4829 4831 4838
f 4834 4832 4836
f 4859 4855 4857
f 4824 4822 4820
f 4861 4907 4904
f 4861 4904 4903
f 4861 4903 4905
f 4861 4905 4906
f 4861 4906 4907
f 4862 4909 4912
f 4866 4932 4930
f 4872 4962 4959
f 4871 4956 4955
f 4868 4939 4941
f 4864 4922 4919
f 4864 4919 4918
f 4864 4918 4920
f 4864 4920 4921
f 4864 4921 4922
f 4865 4926 4925
f 4863 4914 4917
f 4867 4933 4937
f 4869 4945 4946
f 4870 4952 4948
f 4872 4961 4958
f 4866 4929 4928
f 4862 4910 4908
f 4868 4942 4938
f 4871 4957 4953
f 4866 4931 4929
f 4872 4960 4961
f 4871 4954 4957
f 4868 4940 4942
f 4862 4911 4910
f 4870 4950 4949
f 4865 4923 4924
f 4863 4915 4913
f 4867 4936 4934
f 4869 4947 4944
f 4870 4951 4950
f 4865 4927 4923
f 4863 4916 4915
f 4867 4935 4936
f 4869 4943 4947
f 4866 4928 4932
f 4862 4908 4909
f 4868 4938 4939
f 4871 4953 4956
f 4872 4958 4962
f 4870 4948 4951
f 4865 4925 4927
f 4863 4917 4916
f 4867 4937 4935
f 4869 4946 4943
f 4865 4924 4926
f 4863 4913 4914
f 4867 4934 4933
f 4869 4944 4945
f 4870 4949 4952
f 4866 4930 4931
f 4872 4959 4960
f 4871 4955 4954
f 4868 4941 4940
f 4862 4912 4911
f 4895 4969 4976
f 4878 4965 4968
f 4879 4971 4966
f 4900 4974 4972
f 4902 4977 4975
f 4894 4985 4979
f 4893 5012 5016
f 4885 4997 4999
f 4896 5018 5020
f 4880 4983 4980
f 4892 5003 5009
f 4883 4987 4992
f 4884 4995 4988
f 4897 5007 5005
f 4901 5010 5008
f 4894 5013 5015
f 4893 5000 4993
f 4885 4998 4994
f 4896 5019 5017
f 4880 4982 4984
f 4877 4967 4907
f 4874 4963 4904
f 4873 4964 4903
f 4875 4970 4905
f 4876 4973 4906
f 4878 4978 4909
f 4895 5014 4932
f 4902 5001 4962
f 4900 5022 4956
f 4879 4981 4939
f 4890 5002 4922
f 4887 4989 4919
f 4882 4990 4918
f 4888 5004 4920
f 4889 5006 4921
f 4892 5011 4926
f 4883 4991 4914
f 4884 4996 4933
f 4897 5021 4945
f 4901 4986 4952
f 4895 4976 4961
f 4878 4968 4929
f 4879 4966 4910
f 4900 4972 4942
f 4902 4975 4957
f 4894 4979 4931
f 4893 5016 4960
f 4885 4999 4954
f 4896 5020 4940
f 4880 4980 4911
f 4892 5009 4950
f 4883 4992 4923
f 4884 4988 4915
f 4897 5005 4936
f 4901 5008 4947
f 4894 5015 4951
f 4893 4993 4927
f 4885 4994 4916
f 4896 5017 4935
f 4880 4984 4943
f 4874 4969 4928
f 4873 4965 4908
f 4875 4971 4938
f 4876 4974 4953
f 4877 4977 4958
f 4881 4985 4948
f 4891 5012 4925
f 4886 4997 4917
f 4898 5018 4937
f 4899 4983 4946
f 4887 5003 4924
f 4882 4987 4913
f 4888 4995 4934
f 4889 5007 4944
f 4890 5010 4949
f 4891 5013 4930
f 4886 5000 4959
f 4898 4998 4955
f 4899 5019 4941
f 4881 4982 4912
f 4874 4967 4969
f 4873 4963 4965
f 4875 4964 4971
f 4876 4970 4974
f 4877 4973 4977
f 4881 4978 4985
f 4891 5014 5012
f 4886 5001 4997
f 4898 5022 5018
f 4899 4981 4983
f 4887 5002 5003
f 4882 4989 4987
f 4888 4990 4995
f 4889 5004 5007
f 4890 5006 5010
f 4891 5011 5013
f 4886 4991 5000
f 4898 4996 4998
f 4899 5021 5019
f 4881 4986 4982
f 4874 4904 4967
f 4873 4903 4963
f 4875 4905 4964
f 4876 4906 4970
f 4877 4907 4973
f 4881 4912 4978
f 4891 4930 5014
f 4886 4959 5001
f 4898 4955 5022
f 4899 4941 4981
f 4887 4919 5002
f 4882 4918 4989
f 4888 4920 4990
f 4889 4921 5004
f 4890 4922 5006
f 4891 4925 5011
f 4886 4917 4991
f 4898 4937 4996
f 4899 4946 5021
f 4881 4948 4986
f 4877 4958 4976
f 4874 4928 4968
f 4873 4908 4966
f 4875 4938 4972
f 4876 4953 4975
f 4878 4929 4979
f 4895 4961 5016
f 4902 4957 4999
f 4900 4942 5020
f 4879 4910 4980
f 4890 4949 5009
f 4887 4924 4992
f 4882 4913 4988
f 4888 4934 5005
f 4889 4944 5008
f 4892 4950 5015
f 4883 4923 4993
f 4884 4915 4994
f 4897 4936 5017
f 4901 4947 4984
f 4895 4932 4969
f 4878 4909 4965
f 4879 4939 4971
f 4900 4956 4974
f 4902 4962 4977
f 4894 4951 4985
f 4893 4927 5012
f 4885 4916 4997
f 4896 4935 5018
f 4880 4943 4983
f 4892 4926 5003
f 4883 4914 4987
f 4884 4933 4995
f 4897 4945 5007
f 4901 4952 5010
f 4894 4931 5013
f 4893 4960 5000
f 4885 4954 4998
f 4896 4940 5019
f 4880 4911 4982
f 4877 4976 4967
f 4874 4968 4963
f 4873 4966 4964
f 4875 4972 4970
f 4876 4975 4973
f 4878 4979 4978
f 4895 5016 5014
f 4902 4999 5001
f 4900 5020 5022
f 4879 4980 4981
f 4890 5009 5002
f 4887 4992 4989
f 4882 4988 4990
f 4888 5005 5004
f 4889 5008 5006
f 4892 5015 5011
f 4883 4993 4991
f 4884 4994 4996
f 4897 5017 5021
f 4901 4984 4986
f 4967 4904 4907
f 4963 4903 4904
f 4964 4905 4903
f 4970 4906 4905
f 4973 4907 4906
f 4978 4912 4909
f 5014 4930 4932
f 5001 4959 4962
f 5022 4955 4956
f 4981 4941 4939
f 5002 4919 4922
f 4989 4918 4919
f 4990 4920 4918
f 5004 4921 4920
f 5006 4922 4921
f 5011 4925 4926
f 4991 4917 4914
f 4996 4937 4933
f 5021 4946 4945
f 4986 4948 4952
f 4976 4958 4961
f 4968 4928 4929
f 4966 4908 4910
f 4972 4938 4942
f 4975 4953 4957
f 4979 4929 4931
f 5016 4961 4960
f 4999 4957 4954
f 5020 4942 4940
f 4980 4910 4911
f 5009 4949 4950
f 4992 4924 4923
f 4988 4913 4915
f 5005 4934 4936
f 5008 4944 4947
f 5015 4950 4951
f 4993 4923 4927
f 4994 4915 4916
f 5017 4936 4935
f 4984 4947 4943
f 4969 4932 4928
f 4965 4909 4908
f 4971 4939 4938
f 4974 4956 4953
f 4977 4962 4958
f 4985 4951 4948
f 5012 4927 4925
f 4997 4916 4917
f 5018 4935 4937
f 4983 4943 4946
f 5003 4926 4924
f 4987 4914 4913
f 4995 4933 4934
f 5007 4945 4944
f 5010 4952 4949
f 5013 4931 4930
f 5000 4960 4959
f 4998 4954 4955
f 5019 4940 4941
f 4982 4911 4912
f 4967 4976 4969
f 4963 4968 4965
f 4964 4966 4971
f 4970 4972 4974
f 4973 4975 4977
f 4978 4979 4985
f 5014 5016 5012
f 5001 4999 4997
f 5022 5020 5018
f 4981 4980 4983
f 5002 5009 5003
f 4989 4992 4987
f 4990 4988 4995
f 5004 5005 5007
f 5006 5008 5010
f 5011 5015 5013
f 4991 4993 5000
f 4996 4994 4998
f 5021 5017 5019
f 4986 4984 4982
f 5023 5069 5066
f 5023 5066 5065
f 5023 5065 5067
f 5023 5067 5068
f 5023 5068 5069
f 5024 5071 5074
f 5028 5094 5092
f 5034 5124 5121
f 5033 5118 5117
f 5030 5101 5103
f 5026 5084 5081
f 5026 5081 5080
f 5026 5080 5082
f 5026 5082 5083
f 5026 5083 5084
f 5027 5088 5087
f 5025 5076 5079
f 5029 5095 5099
f 5031 5107 5108
f 5032 5114 5110
f 5034 5123 5120
f 5028 5091 5090
f 5024 5072 5070
f 5030 5104 5100
f 5033 5119 5115
f 5028 5093 5091
f 5034 5122 5123
f 5033 5116 5119
f 5030 5102 5104
f 5024 5073 5072
f 5032 5112 5111
f 5027 5085 5086
f 5025 5077 5075
f 5029 5098 5096
f 5031 5109 5106
f 5032 5113 5112
f 5027 5089 5085
f 5025 5078 5077
f 5029 5097 5098
f 5031 5105 5109
f 5028 5090 5094
f 5024 5070 5071
f 5030 5100 5101
f 5033 5115 5118
f 5034 5120 5124
f 5032 5110 5113
f 5027 5087 5089
f 5025 5079 5078
f 5029 5099 5097
f 5031 5108 5105
f 5027 5086 5088
f 5025 5075 5076
f 5029 5096 5095
f 5031 5106 5107
f 5032 5111 5114
f 5028 5092 5093
f 5034 5121 5122
f 5033 5117 5116
f 5030 5103 5102
f 5024 5074 5073
f 5057 5131 5138
f 5040 5127 5130
f 5041 5133 5128
f 5062 5136 5134
f 5064 5139 5137
f 5056 5147 5141
f 5055 5174 5178
f 5047 5159 5161
f 5058 5180 5182
f 5042 5145 5142
f 5054 5165 5171
f 5045 5149 5154
f 5046 5157 5150
f 5059 5169 5167
f 5063 5172 5170
f 5056 5175 5177
f 5055 5162 5155
f 5047 5160 5156
f 5058 5181 5179
f 5042 5144 5146
f 5039 5129 5069
f 5036 5125 5066
f 5035 5126 5065
f 5037 5132 5067
f 5038 5135 5068
f 5040 5140 5071
f 5057 5176 5094
f 5064 5163 5124
f 5062 5184 5118
f 5041 5143 5101
f 5052 5164 5084
f 5049 5151 5081
f 5044 5152 5080
f 5050 5166 5082
f 5051 5168 5083
f 5054 5173 5088
f 5045 5153 5076
f 5046 5158 5095
f 5059 5183 5107
f 5063 5148 5114
f 5057 5138 5123
f 5040 5130 5091
f 5041 5128 5072
f 5062 5134 5104
f 5064 5137 5119
f 5056 5141 5093
f 5055 5178 5122
f 5047 5161 5116
f 5058 5182 5102
f 5042 5142 5073
f 5054 5171 5112
f 5045 5154 5085
f 5046 5150 5077
f 5059 5167 5098
f 5063 5170 5109
f 5056 5177 5113
f 5055 5155 5089
f 5047 5156 5078
f 5058 5179 5097
f 5042 5146 5105
f 5036 5131 5090
f 5035 5127 5070
f 5037 5133 5100
f 5038 5136 5115
f 5039 5139 5120
f 5043 5147 5110
f 5053 5174 5087
f 5048 5159 5079
f 5060 5180 5099
f 5061 5145 5108
f 5049 5165 5086
f 5044 5149 5075
f 5050 5157 5096
f 5051 5169 5106
f 5052 5172 5111
f 5053 5175 5092
f 5048 5162 5121
f 5060 5160 5117
f 5061 5181 5103
f 5043 5144 5074
f 5036 5129 5131
f 5035 5125 5127
f 5037 5126 5133
f 5038 5132 5136
f 5039 5135 5139
f 5043 5140 5147
f 5053 5176 5174
f 5048 5163 5159
f 5060 5184 5180
f 5061 5143 5145
f 5049 5164 5165
f 5044 5151 5149
f 5050 5152 5157
f 5051 5166 5169
f 5052 5168 5172
f 5053 5173 5175
f 5048 5153 5162
f 5060 5158 5160
f 5061 5183 5181
f 5043 5148 5144
f 5036 5066 5129
f 5035 5065 5125
f 5037 5067 5126
f 5038 5068 5132
f 5039 5069 5135
f 5043 5074 5140
f 5053 5092 5176
f 5048 5121 5163
f 5060 5117 5184
f 5061 5103 5143
f 5049 5081 5164
f 5044 5080 5151
f 5050 5082 5152
f 5051 5083 5166
f 5052 5084 5168
f 5053 5087 5173
f 5048 5079 5153
f 5060 5099 5158
f 5061 5108 5183
f 5043 5110 5148
f 5039 5120 5138
f 5036 5090 5130
f 5035 5070 5128
f 5037 5100 5134
f 5038 5115 5137
f 5040 5091 5141
f 5057 5123 5178
f 5064 5119 5161
f 5062 5104 5182
f 5041 5072 5142
f 5052 5111 5171
f 5049 5086 5154
f 5044 5075 5150
f 5050 5096 5167
f 5051 5106 5170
f 5054 5112 5177
f 5045 5085 5155
f 5046 5077 5156
f 5059 5098 5179
f 5063 5109 5146
f 5057 5094 5131
f 5040 5071 5127
f 5041 5101 5133
f 5062 5118 5136
f 5064 5124 5139
f 5056 5113 5147
f 5055 5089 5174
f 5047 5078 5159
f 5058 5097 5180
f 5042 5105 5145
f 5054 5088 5165
f 5045 5076 5149
f 5046 5095 5157
f 5059 5107 5169
f 5063 5114 5172
f 5056 5093 5175
f 5055 5122 5162
f 5047 5116 5160
f 5058 5102 5181
f 5042 5073 5144
f 5039 5138 5129
f 5036 5130 5125
f 5035 5128 5126
f 5037 5134 5132
f 5038 5137 5135
f 5040 5141 5140
f 5057 5178 5176
f 5064 5161 5163
f 5062 5182 5184
f 5041 5142 5143
f 5052 5171 5164
f 5049 5154 5151
f 5044 5150 5152
f 5050 5167 5166
f 5051 5170 5168
f 5054 5177 5173
f 5045 5155 5153
f 5046 5156 5158
f 5059 5179 5183
f 5063 5146 5148
f 5129 5066 5069
f 5125 5065 5066
f 5126 5067 5065
f 5132 5068 5067
f 5135 5069 5068
f 5140 5074 5071
f 5176 5092 5094
f 5163 5121 5124
f 5184 5117 5118
f 5143 5103 5101
f 5164 5081 5084
f 5151 5080 5081
f 5152 5082 5080
f 5166 5083 5082
f 5168 5084 5083
f 5173 5087 5088
f 5153 5079 5076
f 5158 5099 5095
f 5183 5108 5107
f 5148 5110 5114
f 5138 5120 5123
f 5130 5090 5091
f 5128 5070 5072
f 5134 5100 5104
f 5137 5115 5119
f 5141 5091 5093
f 5178 5123 5122
f 5161 5119 5116
f 5182 5104 5102
f 5142 5072 5073
f 5171 5111 5112
f 5154 5086 5085
f 5150 5075 5077
f 5167 5096 5098
f 5170 5106 5109
f 5177 5112 5113
f 5155 5085 5089
f 5156 5077 5078
f 5179 5098 5097
f 5146 5109 5105
f 5131 5094 5090
f 5127 5071 5070
f 5133 5101 5100
f 5136 5118 5115
f 5139 5124 5120
f 5147 5113 5110
f 5174 5089 5087
f 5159 5078 5079
f 5180 5097 5099
f 5145 5105 5108
f 5165 5088 5086
f 5149 5076 5075
f 5157 5095 5096
f 5169 5107 5106
f 5172 5114 5111
f 5175 5093 5092
f 5162 5122 5121
f 5160 5116 5117
f 5181 5102 5103
f 5144 5073 5074
f 5129 5138 5131
f 5125 5130 5127
f 5126 5128 5133
f 5132 5134 5136
f 5135 5137 5139
f 5140 5141 5147
f 5176 5178 5174
f 5163 5161 5159
f 5184 5182 5180
f 5143 5142 5145
f 5164 5171 5165
f 5151 5154 5149
f 5152 5150 5157
f 5166 5167 5169
f 5168 5170 5172
f 5173 5177 5175
f 5153 5155 5162
f 5158 5156 5160
f 5183 5179 5181
f 5148 5146 5144
f 5185 5231 5228
f 5185 5228 5227
f 5185 5227 5229
f 5185 5229 5230
f 5185 5230 5231
f 5186 5233 5236
f 5190 5256 5254
f 5196 5286 5283
f 5195 5280 5279
f 5192 5263 5265
f 5188 5246 5243
f 5188 5243 5242
f 5188 5242 5244
f 5188 5244 5245
f 5188 5245 5246
f 5189 5250 5249
f 5187 5238 5241
f 5191 5257 5261
f 5193 5269 5270
f 5194 5276 5272
f 5196 5285 5282
f 5190 5253 5252
f 5186 5234 5232
f 5192 5266 5262
f 5195 5281 5277
f 5190 5255 5253
f 5196 5284 5285
f 5195 5278 5281
f 5192 5264 5266
f 5186 5235 5234
f 5194 5274 5273
f 5189 5247 5248
f 5187 5239 5237
f 5191 5260 5258
f 5193 5271 5268
f 5194 5275 5274
f 5189 5251 5247
f 5187 5240 5239
f 5191 5259 5260
f 5193 5267 5271
f 5190 5252 5256
f 5186 5232 5233
f 5192 5262 5263
f 5195 5277 5280
f 5196 5282 5286
f 5194 5272 5275
f 5189 5249 5251
f 5187 5241 5240
f 5191 5261 5259
f 5193 5270 5267
f 5189 5248 5250
f 5187 5237 5238
f 5191 5258 5257
f 5193 5268 5269
f 5194 5273 5276
f 5190 5254 5255
f 5196 5283 5284
f 5195 5279 5278
f 5192 5265 5264
f 5186 5236 5235
f 5219 5293 5300
f 5202 5289 5292
f 5203 5295 5290
f 5224 5298 5296
f 5226 5301 5299
f 5218 5309 5303
f 5217 5336 5340
f 5209 5321 5323
f 5220 5342 5344
f 5204 5307 5304
f 5216 5327 5333
f 5207 5311 5316
f 5208 5319 5312
f 5221 5331 5329
f 5225 5334 5332
f 5218 5337 5339
f 5217 5324 5317
f 5209 5322 5318
f 5220 5343 5341
f 5204 5306 5308
f 5201 5291 5231
f 5198 5287 5228
f 5197 5288 5227
f 5199 5294 5229
f 5200 5297 5230
f 5202 5302 5233
f 5219 5338 5256
f 5226 5325 5286
f 5224 5346 5280
f 5203 5305 5263
f 5214 5326 5246
f 5211 5313 5243
f 5206 5314 5242
f 5212 5328 5244
f 5213 5330 5245
f 5216 5335 5250
f 5207 5315 5238
f 5208 5320 5257
f 5221 5345 5269
f 5225 5310 5276
f 5219 5300 5285
f 5202 5292 5253
f 5203 5290 5234
f 5224 5296 5266
f 5226 5299 5281
f 5218 5303 5255
f 5217 5340 5284
f 5209 5323 5278
f 5220 5344 5264
f 5204 5304 5235
f 5216 5333 5274
f 5207 5316 5247
f 5208 5312 5239
f 5221 5329 5260
f 5225 5332 5271
f 5218 5339 5275
f 5217 5317 5251
f 5209 5318 5240
f 5220 5341 5259
f 5204 5308 5267
f 5198 5293 5252
f 5197 5289 5232
f 5199 5295 5262
f 5200 5298 5277
f 5201 5301 5282
f 5205 5309 5272
f 5215 5336 5249
f 5210 5321 5241
f 5222 5342 5261
f 5223 5307 5270
f 5211 5327 5248
f 5206 5311 5237
f 5212 5319 5258
f 5213 5331 5268
f 5214 5334 5273
f 5215 5337 5254
f 5210 5324 5283
f 5222 5322 5279
f 5223 5343 5265
f 5205 5306 5236
f 5198 5291 5293
f 5197 5287 5289
f 5199 5288 5295
f 5200 5294 5298
f 5201 5297 5301
f 5205 5302 5309
f 5215 5338 5336
f 5210 5325 5321
f 5222 5346 5342
f 5223 5305 5307
f 5211 5326 5327
f 5206 5313 5311
f 5212 5314 5319
f 5213 5328 5331
f 5214 5330 5334
f 5215 5335 5337
f 5210 5315 5324
f 5222 5320 5322
f 5223 5345 5343
f 5205 5310 5306
f 5198 5228 5291
f 5197 5227 5287
f 5199 5229 5288
f 5200 5230 5294
f 5201 5231 5297
f 5205 5236 5302
f 5215 5254 5338
f 5210 5283 5325
f 5222 5279 5346
f 5223 5265 5305
f 5211 5243 5326
f 5206 5242 5313
f 5212 5244 5314
f 5213 5245 5328
f 5214 5246 5330
f 5215 5249 5335
f 5210 5241 5315
f 5222 5261 5320
f 5223 5270 5345
f 5205 5272 5310
f 5201 5282 5300
f 5198 5252 5292
f 5197 5232 5290
f 5199 5262 5296
f 5200 5277 5299
f 5202 5253 5303
f 5219 5285 5340
f 5226 5281 5323
f 5224 5266 5344
f 5203 5234 5304
f 5214 5273 5333
f 5211 5248 5316
f 5206 5237 5312
f 5212 5258 5329
f 5213 5268 5332
f 5216 5274 5339
f 5207 5247 5317
f 5208 5239 5318
f 5221 5260 5341
f 5225 5271 5308
f 5219 5256 5293
f 5202 5233 5289
f 5203 5263 5295
f 5224 5280 5298
f 5226 5286 5301
f 5218 5275 5309
f 5217 5251 5336
f 5209 5240 5321
f 5220 5259 5342
f 5204 5267 5307
f 5216 5250 5327
f 5207 5238 5311
f 5208 5257 5319
f 5221 5269 5331
f 5225 5276 5334
f 5218 5255 5337
f 5217 5284 5324
f 5209 5278 5322
f 5220 5264 5343
f 5204 5235 5306
f 5201 5300 5291
f 5198 5292 5287
f 5197 5290 5288
f 5199 5296 5294
f 5200 5299 5297
f 5202 5303 5302
f 5219 5340 5338
f 5226 5323 5325
f 5224 5344 5346
f 5203 5304 5305
f 5214 5333 5326
f 5211 5316 5313
f 5206 5312 5314
f 5212 5329 5328
f 5213 5332 5330
f 5216 5339 5335
f 5207 5317 5315
f 5208 5318 5320
f 5221 5341 5345
f 5225 5308 5310
f 5291 5228 5231
f 5287 5227 5228
f 5288 5229 5227
f 5294 5230 5229
f 5297 5231 5230
f 5302 5236 5233
f 5338 5254 5256
f 5325 5283 5286
f 5346 5279 5280
f 5305 5265 5263
f 5326 5243 5246
f 5313 5242 5243
f 5314 5244 5242
f 5328 5245 5244
f 5330 5246 5245
f 5335 5249 5250
f 5315 5241 5238
f 5320 5261 5257
f 5345 5270 5269
f 5310 5272 5276
f 5300 5282 5285
f 5292 5252 5253
f 5290 5232 5234
f 5296 5262 5266
f 5299 5277 5281
f 5303 5253 5255
f 5340 5285 5284
f 5323 5281 5278
f 5344 5266 5264
f 5304 5234 5235
f 5333 5273 5274
f 5316 5248 5247
f 5312 5237 5239
f 5329 5258 5260
f 5332 5268 5271
f 5339 5274 5275
f 5317 5247 5251
f 5318 5239 5240
f 5341 5260 5259
f 5308 5271 5267
f 5293 5256 5252
f 5289 5233 5232
f 5295 5263 5262
f 5298 5280 5277
f 5301 5286 5282
f 5309 5275 5272
f 5336 5251 5249
f 5321 5240 5241
f 5342 5259 5261
f 5307 5267 5270
f 5327 5250 5248
f 5311 5238 5237
f 5319 5257 5258
f 5331 5269 5268
f 5334 5276 5273
f 5337 5255 5254
f 5324 5284 5283
f 5322 5278 5279
f 5343 5264 5265
f 5306 5235 5236
f 5291 5300 5293
f 5287 5292 5289
f 5288 5290 5295
f 5294 5296 5298
f 5297 5299 5301
f 5302 5303 5309
f 5338 5340 5336
f 5325 5323 5321
f 5346 5344 5342
f 5305 5304 5307
f 5326 5333 5327
f 5313 5316 5311
f 5314 5312 5319
f 5328 5329 5331
f 5330 5332 5334
f 5335 5339 5337
f 5315 5317 5324
f 5320 5318 5322
f 5345 5341 5343
f 5310 5308 5306
f 5347 5393 5390
f 5347 5390 5389
f 5347 5389 5391
f 5347 5391 5392
f 5347 5392 5393
f 5348 5395 5398
f 5352 5418 5416
f 5358 5448 5445
f 5357 5442 5441
f 5354 5425 5427
f 5350 5408 5405
f 5350 5405 5404
f 5350 5404 5406
f 5350 5406 5407
f 5350 5407 5408
f 5351 5412 5411
f 5349 5400 5403
f 5353 5419 5423
f 5355 5431 5432
f 5356 5438 5434
f 5358 5447 5444
f 5352 5415 5414
f 5348 5396 5394
f 5354 5428 5424
f 5357 5443 5439
f 5352 5417 5415
f 5358 5446 5447
f 5357 5440 5443
f 5354 5426 5428
f 5348 5397 5396
f 5356 5436 5435
f 5351 5409 5410
f 5349 5401 5399
f 5353 5422 5420
f 5355 5433 5430
f 5356 5437 5436
f 5351 5413 5409
f 5349 5402 5401
f 5353 5421 5422
f 5355 5429 5433
f 5352 5414 5418
f 5348 5394 5395
f 5354 5424 5425
f 5357 5439 5442
f 5358 5444 5448
f 5356 5434 5437
f 5351 5411 5413
f 5349 5403 5402
f 5353 5423 5421
f 5355 5432 5429
f 5351 5410 5412
f 5349 5399 5400
f 5353 5420 5419
f 5355 5430 5431
f 5356 5435 5438
f 5352 5416 5417
f 5358 5445 5446
f 5357 5441 5440
f 5354 5427 5426
f 5348 5398 5397
f 5381 5455 5462
f 5364 5451 5454
f 5365 5457 5452
f 5386 5460 5458
f 5388 5463 5461
f 5380 5471 5465
f 5379 5498 5502
f 5371 5483 5485
f 5382 5504 5506
f 5366 5469 5466
f 5378 5489 5495
f 5369 5473 5478
f 5370 5481 5474
f 5383 5493 5491
f 5387 5496 5494
f 5380 5499 5501
f 5379 5486 5479
f 5371 5484 5480
f 5382 5505 5503
f 5366 5468 5470
f 5363 5453 5393
f 5360 5449 5390
f 5359 5450 5389
f 5361 5456 5391
f 5362 5459 5392
f 5364 5464 5395
f 5381 5500 5418
f 5388 5487 5448
f 5386 5508 5442
f 5365 5467 5425
f 5376 5488 5408
f 5373 5475 5405
f 5368 5476 5404
f 5374 5490 5406
f 5375 5492 5407
f 5378 5497 5412
f 5369 5477 5400
f 5370 5482 5419
f 5383 5507 5431
f 5387 5472 5438
f 5381 5462 5447
f 5364 5454 5415
f 5365 5452 5396
f 5386 5458 5428
f 5388 5461 5443
f 5380 5465 5417
f 5379 5502 5446
f 5371 5485 5440
f 5382 5506 5426
f 5366 5466 5397
f 5378 5495 5436
f 5369 5478 5409
f 5370 5474 5401
f 5383 5491 5422
f 5387 5494 5433
f 5380 5501 5437
f 5379 5479 5413
f 5371 5480 5402
f 5382 5503 5421
f 5366 5470 5429
f 5360 5455 5414
f 5359 5451 5394
f 5361 5457 5424
f 5362 5460 5439
f 5363 5463 5444
f 5367 5471 5434
f 5377 5498 5411
f 5372 5483 5403
f 5384 5504 5423
f 5385 5469 5432
f 5373 5489 5410
f 5368 5473 5399
f 5374 5481 5420
f 5375 5493 5430
f 5376 5496 5435
f 5377 5499 5416
f 5372 5486 5445
f 5384 5484 5441
f 5385 5505 5427
f 5367 5468 5398
f 5360 5453 5455
f 5359 5449 5451
f 5361 5450 5457
f 5362 5456 5460
f 5363 5459 5463
f 5367 5464 5471
f 5377 5500 5498
f 5372 5487 5483
f 5384 5508 5504
f 5385 5467 5469
f 5373 5488 5489
f 5368 5475 5473
f 5374 5476 5481
f 5375 5490 5493
f 5376 5492 5496
f 5377 5497 5499
f 5372 5477 5486
f 5384 5482 5484
f 5385 5507 5505
f 5367 5472 5468
f 5360 5390 5453
f 5359 5389 5449
f 5361 5391 5450
f 5362 5392 5456
f 5363 5393 5459
f 5367 5398 5464
f 5377 5416 5500
f 5372 5445 5487
f 5384 5441 5508
f 5385 5427 5467
f 5373 5405 5488
f 5368 5404 5475
f 5374 5406 5476
f 5375 5407 5490
f 5376 5408 5492
f 5377 5411 5497
f 5372 5403 5477
f 5384 5423 5482
f 5385 5432 5507
f 5367 5434 5472
f 5363 5444 5462
f 5360 5414 5454
f 5359 5394 5452
f 5361 5424 5458
f 5362 5439 5461
f 5364 5415 5465
f 5381 5447 5502
f 5388 5443 5485
f 5386 5428 5506
f 5365 5396 5466
f 5376 5435 5495
f 5373 5410 5478
f 5368 5399 5474
f 5374 5420 5491
f 5375 5430 5494
f 5378 5436 5501
f 5369 5409 5479
f 5370 5401 5480
f 5383 5422 5503
f 5387 5433 5470
f 5381 5418 5455
f 5364 5395 5451
f 5365 5425 5457
f 5386 5442 5460
f 5388 5448 5463
f 5380 5437 5471
f 5379 5413 5498
f 5371 5402 5483
f 5382 5421 5504
f 5366 5429 5469
f 5378 5412 5489
f 5369 5400 5473
f 5370 5419 5481
f 5383 5431 5493
f 5387 5438 5496
f 5380 5417 5499
f 5379 5446 5486
f 5371 5440 5484
f 5382 5426 5505
f 5366 5397 5468
f 5363 5462 5453
f 5360 5454 5449
f 5359 5452 5450
f 5361 5458 5456
f 5362 5461 5459
f 5364 5465 5464
f 5381 5502 5500
f 5388 5485 5487
f 5386 5506 5508
f 5365 5466 5467
f 5376 5495 5488
f 5373 5478 5475
f 5368 5474 5476
f 5374 5491 5490
f 5375 5494 5492
f 5378 5501 5497
f 5369 5479 5477
f 5370 5480 5482
f 5383 5503 5507
f 5387 5470 5472
f 5453 5390 5393
f 5449 5389 5390
f 5450 5391 5389
f 5456 5392 5391
f 5459 5393 5392
f 5464 5398 5395
f 5500 5416 5418
f 5487 5445 5448
f 5508 5441 5442
f 5467 5427 5425
f 5488 5405 5408
f 5475 5404 5405
f 5476 5406 5404
f 5490 5407 5406
f 5492 5408 5407
f 5497 5411 5412
f 5477 5403 5400
f 5482 5423 5419
f 5507 5432 5431
f 5472 5434 5438
f 5462 5444 5447
f 5454 5414 5415
f 5452 5394 5396
f 5458 5424 5428
f 5461 5439 5443
f 5465 5415 5417
f 5502 5447 5446
f 5485 5443 5440
f 5506 5428 5426
f 5466 5396 5397
f 5495 5435 5436
f 5478 5410 5409
f 5474 5399 5401
f 5491 5420 5422
f 5494 5430 5433
f 5501 5436 5437
f 5479 5409 5413
f 5480 5401 5402
f 5503 5422 5421
f 5470 5433 5429
f 5455 5418 5414
f 5451 5395 5394
f 5457 5425 5424
f 5460 5442 5439
f 5463 5448 5444
f 5471 5437 5434
f 5498 5413 5411
f 5483 5402 5403
f 5504 5421 5423
f 5469 5429 5432
f 5489 5412 5410
f 5473 5400 5399
f 5481 5419 5420
f 5493 5431 5430
f 5496 5438 5435
f 5499 5417 5416
f 5486 5446 5445
f 5484 5440 5441
f 5505 5426 5427
f 5468 5397 5398
f 5453 5462 5455
f 5449 5454 5451
f 5450 5452 5457
f 5456 5458 5460
f 5459 5461 5463
f 5464 5465 5471
f 5500 5502 5498
f 5487 5485 5483
f 5508 5506 5504
f 5467 5466 5469
f 5488 5495 5489
f 5475 5478 5473
f 5476 5474 5481
f 5490 5491 5493
f 5492 5494 5496
f 5497 5501 5499
f 5477 5479 5486
f 5482 5480 5484
f 5507 5503 5505
f 5472 5470 5468
f 5509 5555 5552
f 5509 5552 5551
f 5509 5551 5553
f 5509 5553 5554
f 5509 5554 5555
f 5510 5557 5560
f 5514 5580 5578
f 5520 5610 5607
f 5519 5604 5603
f 5516 5587 5589
f 5512 5570 5567
f 5512 5567 5566
f 5512 5566 5568
f 5512 5568 5569
f 5512 5569 5570
f 5513 5574 5573
f 5511 5562 5565
f 5515 5581 5585
f 5517 5593 5594
f 5518 5600 5596
f 5520 5609 5606
f 5514 5577 5576
f 5510 5558 5556
f 5516 5590 5586
f 5519 5605 5601
f 5514 5579 5577
f 5520 5608 5609
f 5519 5602 5605
f 5516 5588 5590
f 5510 5559 5558
f 5518 5598 5597
f 5513 5571 5572
f 5511 5563 5561
f 5515 5584 5582
f 5517 5595 5592
f 5518 5599 5598
f 5513 5575 5571
f 5511 5564 5563
f 5515 5583 5584
f 5517 5591 5595
f 5514 5576 5580
f 5510 5556 5557
f 5516 5586 5587
f 5519 5601 5604
f 5520 5606 5610
f 5518 5596 5599
f 5513 5573 5575
f 5511 5565 5564
f 5515 5585 5583
f 5517 5594 5591
f 5513 5572 5574
f 5511 5561 5562
f 5515 5582 5581
f 5517 5592 5593
f 5518 5597 5600
f 5514 5578 5579
f 5520 5607 5608
f 5519 5603 5602
f 5516 5589 5588
f 5510 5560 5559
f 5543 5617 5624
f 5526 5613 5616
f 5527 5619 5614
f 5548 5622 5620
f 5550 5625 5623
f 5542 5633 5627
f 5541 5660 5664
f 5533 5645 5647
f 5544 5666 5668
f 5528 5631 5628
f 5540 5651 5657
f 5531 5635 5640
f 5532 5643 5636
f 5545 5655 5653
f 5549 5658 5656
f 5542 5661 5663
f 5541 5648 5641
f 5533 5646 5642
f 5544 5667 5665
f 5528 5630 5632
f 5525 5615 5555
f 5522 5611 5552
f 5521 5612 5551
f 5523 5618 5553
f 5524 5621 5554
f 5526 5626 5557
f 5543 5662 5580
f 5550 5649 5610
f 5548 5670 5604
f 5527 5629 5587
f 5538 5650 5570
f 5535 5637 5567
f 5530 5638 5566
f 5536 5652 5568
f 5537 5654 5569
f 5540 5659 5574
f 5531 5639 5562
f 5532 5644 5581
f 5545 5669 5593
f 5549 5634 5600
f 5543 5624 5609
f 5526 5616 5577
f 5527 5614 5558
f 5548 5620 5590
f 5550 5623 5605
f 5542 5627 5579
f 5541 5664 5608
f 5533 5647 5602
f 5544 5668 5588
f 5528 5628 5559
f 5540 5657 5598
f 5531 5640 5571
f 5532 5636 5563
f 5545 5653 5584
f 5549 5656 5595
f 5542 5663 5599
f 5541 5641 5575
f 5533 5642 5564
f 5544 5665 5583
f 5528 5632 5591
f 5522 5617 5576
f 5521 5613 5556
f 5523 5619 5586
f 5524 5622 5601
f 5525 5625 5606
f 5529 5633 5596
f 5539 5660 5573
f 5534 5645 5565
f 5546 5666 5585
f 5547 5631 5594
f 5535 5651 5572
f 5530 5635 5561
f 5536 5643 5582
f 5537 5655 5592
f 5538 5658 5597
f 5539 5661 5578
f 5534 5648 5607
f 5546 5646 5603
f 5547 5667 5589
f 5529 5630 5560
f 5522 5615 5617
f 5521 5611 5613
f 5523 5612 5619
f 5524 5618 5622
f 5525 5621 5625
f 5529 5626 5633
f 5539 5662 5660
f 5534 5649 5645
f 5546 5670 5666
f 5547 5629 5631
f 5535 5650 5651
f 5530 5637 5635
f 5536 5638 5643
f 5537 5652 5655
f 5538 5654 5658
f 5539 5659 5661
f 5534 5639 5648
f 5546 5644 5646
f 5547 5669 5667
f 5529 5634 5630
f 5522 5552 5615
f 5521 5551 5611
f 5523 5553 5612
f 5524 5554 5618
f 5525 5555 5621
f 5529 5560 5626
f 5539 5578 5662
f 5534 5607 5649
f 5546 5603 5670
f 5547 5589 5629
f 5535 5567 5650
f 5530 5566 5637
f 5536 5568 5638
f 5537 5569 5652
f 5538 5570 5654
f 5539 5573 5659
f 5534 5565 5639
f 5546 5585 5644
f 5547 5594 5669
f 5529 5596 5634
f 5525 5606 5624
f 5522 5576 5616
f 5521 5556 5614
f 5523 5586 5620
f 5524 5601 5623
f 5526 5577 5627
f 5543 5609 5664
f 5550 5605 5647
f 5548 5590 5668
f 5527 5558 5628
f 5538 5597 5657
f 5535 5572 5640
f 5530 5561 5636
f 5536 5582 5653
f 5537 5592 5656
f 5540 5598 5663
f 5531 5571 5641
f 5532 5563 5642
f 5545 5584 5665
f 5549 5595 5632
f 5543 5580 5617
f 5526 5557 5613
f 5527 5587 5619
f 5548 5604 5622
f 5550 5610 5625
f 5542 5599 5633
f 5541 5575 5660
f 5533 5564 5645
f 5544 5583 5666
f 5528 5591 5631
f 5540 5574 5651
f 5531 5562 5635
f 5532 5581 5643
f 5545 5593 5655
f 5549 5600 5658
f 5542 5579 5661
f 5541 5608 5648
f 5533 5602 5646
f 5544 5588 5667
f 5528 5559 5630
f 5525 5624 5615
f 5522 5616 5611
f 5521 5614 5612
f 5523 5620 5618
f 5524 5623 5621
f 5526 5627 5626
f 5543 5664 5662
f 5550 5647 5649
f 5548 5668 5670
f 5527 5628 5629
f 5538 5657 5650
f 5535 5640 5637
f 5530 5636 5638
f 5536 5653 5652
f 5537 5656 5654
f 5540 5663 5659
f 5531 5641 5639
f 5532 5642 5644
f 5545 5665 5669
f 5549 5632 5634
f 5615 5552 5555
f 5611 5551 5552
f 5612 5553 5551
f 5618 5554 5553
f 5621 5555 5554
f 5626 5560 5557
f 5662 5578 5580
f 5649 5607 5610
f 5670 5603 5604
f 5629 5589 5587
f 5650 5567 5570
f 5637 5566 5567
f 5638 5568 5566
f 5652 5569 5568
f 5654 5570 5569
f 5659 5573 5574
f 5639 5565 5562
f 5644 5585 5581
f 5669 5594 5593
f 5634 5596 5600
f 5624 5606 5609
f 5616 5576 5577
f 5614 5556 5558
f 5620 5586 5590
f 5623 5601 5605
f 5627 5577 5579
f 5664 5609 5608
f 5647 5605 5602
f 5668 5590 5588
f 5628 5558 5559
f 5657 5597 5598
f 5640 5572 5571
f 5636 5561 5563
f 5653 5582 5584
f 5656 5592 5595
f 5663 5598 5599
f 5641 5571 5575
f 5642 5563 5564
f 5665 5584 5583
f 5632 5595 5591
f 5617 5580 5576
f 5613 5557 5556
f 5619 5587 5586
f 5622 5604 5601
f 5625 5610 5606
f 5633 5599 5596
f 5660 5575 5573
f 5645 5564 5565
f 5666 5583 5585
f 5631 5591 5594
f 5651 5574 5572
f 5635 5562 5561
f 5643 5581 5582
f 5655 5593 5592
f 5658 5600 5597
f 5661 5579 5578
f 5648 5608 5607
f 5646 5602 5603
f 5667 5588 5589
f 5630 5559 5560
f 5615 5624 5617
f 5611 5616 5613
f 5612 5614 5619
f 5618 5620 5622
f 5621 5623 5625
f 5626 5627 5633
f 5662 5664 5660
f 5649 5647 5645
f 5670 5668 5666
f 5629 5628 5631
f 5650 5657 5651
f 5637 5640 5635
f 5638 5636 5643
f 5652 5653 5655
f 5654 5656 5658
f 5659 5663 5661
f 5639 5641 5648
f 5644 5642 5646
f 5669 5665 5667
f 5634 5632 5630
f 5671 5717 5714
f 5671 5714 5713
f 5671 5713 5715
f 5671 5715 5716
f 5671 5716 5717
f 5672 5719 5722
f 5676 5742 5740
f 5682 5772 5769
f 5681 5766 5765
f 5678 5749 5751
f 5674 5732 5729
f 5674 5729 5728
f 5674 5728 5730
f 5674 5730 5731
f 5674 5731 5732
f 5675 5736 5735
f 5673 5724 5727
f 5677 5743 5747
f 5679 5755 5756
f 5680 5762 5758
f 5682 5771 5768
f 5676 5739 5738
f 5672 5720 5718
f 5678 5752 5748
f 5681 5767 5763
f 5676 5741 5739
f 5682 5770 5771
f 5681 5764 5767
f 5678 5750 5752
f 5672 5721 5720
f 5680 5760 5759
f 5675 5733 5734
f 5673 5725 5723
f 5677 5746 5744
f 5679 5757 5754
f 5680 5761 5760
f 5675 5737 5733
f 5673 5726 5725
f 5677 5745 5746
f 5679 5753 5757
f 5676 5738 5742
f 5672 5718 5719
f 5678 5748 5749
f 5681 5763 5766
f 5682 5768 5772
f 5680 5758 5761
f 5675 5735 5737
f 5673 5727 5726
f 5677 5747 5745
f 5679 5756 5753
f 5675 5734 5736
f 5673 5723 5724
f 5677 5744 5743
f 5679 5754 5755
f 5680 5759 5762
f 5676 5740 5741
f 5682 5769 5770
f 5681 5765 5764
f 5678 5751 5750
f 5672 5722 5721
f 5705 5779 5786
f 5688 5775 5778
f 5689 5781 5776
f 5710 5784 5782
f 5712 5787 5785
f 5704 5795 5789
f 5703 5822 5826
f 5695 5807 5809
f 5706 5828 5830
f 5690 5793 5790
f 5702 5813 5819
f 5693 5797 5802
f 5694 5805 5798
f 5707 5817 5815
f 5711 5820 5818
f 5704 5823 5825
f 5703 5810 5803
f 5695 5808 5804
f 5706 5829 5827
f 5690 5792 5794
f 5687 5777 5717
f 5684 5773 5714
f 5683 5774 5713
f 5685 5780 5715
f 5686 5783 5716
f 5688 5788 5719
f 5705 5824 5742
f 5712 5811 5772
f 5710 5832 5766
f 5689 5791 5749
f 5700 5812 5732
f 5697 5799 5729
f 5692 5800 5728
f 5698 5814 5730
f 5699 5816 5731
f 5702 5821 5736
f 5693 5801 5724
f 5694 5806 5743
f 5707 5831 5755
f 5711 5796 5762
f 5705 5786 5771
f 5688 5778 5739
f 5689 5776 5720
f 5710 5782 5752
f 5712 5785 5767
f 5704 5789 5741
f 5703 5826 5770
f 5695 5809 5764
f 5706 5830 5750
f 5690 5790 5721
f 5702 5819 5760
f 5693 5802 5733
f 5694 5798 5725
f 5707 5815 5746
f 5711 5818 5757
f 5704 5825 5761
f 5703 5803 5737
f 5695 5804 5726
f 5706 5827 5745
f 5690 5794 5753
f 5684 5779 5738
f 5683 5775 5718
f 5685 5781 5748
f 5686 5784 5763
f 5687 5787 5768
f 5691 5795 5758
f 5701 5822 5735
f 5696 5807 5727
f 5708 5828 5747
f 5709 5793 5756
f 5697 5813 5734
f 5692 5797 5723
f 5698 5805 5744
f 5699 5817 5754
f 5700 5820 5759
f 5701 5823 5740
f 5696 5810 5769
f 5708 5808 5765
f 5709 5829 5751
f 5691 5792 5722
f 5684 5777 5779
f 5683 5773 5775
f 5685 5774 5781
f 5686 5780 5784
f 5687 5783 5787
f 5691 5788 5795
f 5701 5824 5822
f 5696 5811 5807
f 5708 5832 5828
f 5709 5791 5793
f 5697 5812 5813
f 5692 5799 5797
f 5698 5800 5805
f 5699 5814 5817
f 5700 5816 5820
f 5701 5821 5823
f 5696 5801 5810
f 5708 5806 5808
f 5709 5831 5829
f 5691 5796 5792
f 5684 5714 5777
f 5683 5713 5773
f 5685 5715 5774
f 5686 5716 5780
f 5687 5717 5783
f 5691 5722 5788
f 5701 5740 5824
f 5696 5769 5811
f 5708 5765 5832
f 5709 5751 5791
f 5697 5729 5812
f 5692 5728 5799
f 5698 5730 5800
f 5699 5731 5814
f 5700 5732 5816
f 5701 5735 5821
f 5696 5727 5801
f 5708 5747 5806
f 5709 5756 5831
f 5691 5758 5796
f 5687 5768 5786
f 5684 5738 5778
f 5683 5718 5776
f 5685 5748 5782
f 5686 5763 5785
f 5688 5739 5789
f 5705 5771 5826
f 5712 5767 5809
f 5710 5752 5830
f 5689 5720 5790
f 5700 5759 5819
f 5697 5734 5802
f 5692 5723 5798
f 5698 5744 5815
f 5699 5754 5818
f 5702 5760 5825
f 5693 5733 5803
f 5694 5725 5804
f 5707 5746 5827
f 5711 5757 5794
f 5705 5742 5779
f 5688 5719 5775
f 5689 5749 5781
f 5710 5766 5784
f 5712 5772 5787
f 5704 5761 5795
f 5703 5737 5822
f 5695 5726 5807
f 5706 5745 5828
f 5690 5753 5793
f 5702 5736 5813
f 5693 5724 5797
f 5694 5743 5805
f 5707 5755 5817
f 5711 5762 5820
f 5704 5741 5823
f 5703 5770 5810
f 5695 5764 5808
f 5706 5750 5829
f 5690 5721 5792
f 5687 5786 5777
f 5684 5778 5773
f 5683 5776 5774
f 5685 5782 5780
f 5686 5785 5783
f 5688 5789 5788
f 5705 5826 5824
f 5712 5809 5811
f 5710 5830 5832
f 5689 5790 5791
f 5700 5819 5812
f 5697 5802 5799
f 5692 5798 5800
f 5698 5815 5814
f 5699 5818 5816
f 5702 5825 5821
f 5693 5803 5801
f 5694 5804 5806
f 5707 5827 5831
f 5711 5794 5796
f 5777 5714 5717
f 5773 5713 5714
f 5774 5715 5713
f 5780 5716 5715
f 5783 5717 5716
f 5788 5722 5719
f 5824 5740 5742
f 5811 5769 5772
f 5832 5765 5766
f 5791 5751 5749
f 5812 5729 5732
f 5799 5728 5729
f 5800 5730 5728
f 5814 5731 5730
f 5816 5732 5731
f 5821 5735 5736
f 5801 5727 5724
f 5806 5747 5743
f 5831 5756 5755
f 5796 5758 5762
f 5786 5768 5771
f 5778 5738 5739
f 5776 5718 5720
f 5782 5748 5752
f 5785 5763 5767
f 5789 5739 5741
f 5826 5771 5770
f 5809 5767 5764
f 5830 5752 5750
f 5790 5720 5721
f 5819 5759 5760
f 5802 5734 5733
f 5798 5723 5725
f 5815 5744 5746
f 5818 5754 5757
f 5825 5760 5761
f 5803 5733 5737
f 5804 5725 5726
f 5827 5746 5745
f 5794 5757 5753
f 5779 5742 5738
f 5775 5719 5718
f 5781 5749 5748
f 5784 5766 5763
f 5787 5772 5768
f 5795 5761 5758
f 5822 5737 5735
f 5807 5726 5727
f 5828 5745 5747
f 5793 5753 5756
f 5813 5736 5734
f 5797 5724 5723
f 5805 5743 5744
f 5817 5755 5754
f 5820 5762 5759
f 5823 5741 5740
f 5810 5770 5769
f 5808 5764 5765
f 5829 5750 5751
f 5792 5721 5722
f 5777 5786 5779
f 5773 5778 5775
f 5774 5776 5781
f 5780 5782 5784
f 5783 5785 5787
f 5788 5789 5795
f 5824 5826 5822
f 5811 5809 5807
f 5832 5830 5828
f 5791 5790 5793
f 5812 5819 5813
f 5799 5802 5797
f 5800 5798 5805
f 5814 5815 5817
f 5816 5818 5820
f 5821 5825 5823
f 5801 5803 5810
f 5806 5804 5808
f 5831 5827 5829
f 5796 5794 5792
f 5833 5879 5876
f 5833 5876 5875
f 5833 5875 5877
f 5833 5877 5878
f 5833 5878 5879
f 5834 5881 5884
f 5838 5904 5902
f 5844 5934 5931
f 5843 5928 5927
f 5840 5911 5913
f 5836 5894 5891
f 5836 5891 5890
f 5836 5890 5892
f 5836 5892 5893
f 5836 5893 5894
f 5837 5898 5897
f 5835 5886 5889
f 5839 5905 5909
f 5841 5917 5918
f 5842 5924 5920
f 5844 5933 5930
f 5838 5901 5900
f 5834 5882 5880
f 5840 5914 5910
f 5843 5929 5925
f 5838 5903 5901
f 5844 5932 5933
f 5843 5926 5929
f 5840 5912 5914
f 5834 5883 5882
f 5842 5922 5921
f 5837 5895 5896
f 5835 5887 5885
f 5839 5908 5906
f 5841 5919 5916
f 5842 5923 5922
f 5837 5899 5895
f 5835 5888 5887
f 5839 5907 5908
f 5841 5915 5919
f 5838 5900 5904
f 5834 5880 5881
f 5840 5910 5911
f 5843 5925 5928
f 5844 5930 5934
f 5842 5920 5923
f 5837 5897 5899
f 5835 5889 5888
f 5839 5909 5907
f 5841 5918 5915
f 5837 5896 5898
f 5835 5885 5886
f 5839 5906 5905
f 5841 5916 5917
f 5842 5921 5924
f 5838 5902 5903
f 5844 5931 5932
f 5843 5927 5926
f 5840 5913 5912
f 5834 5884 5883
f 5867 5941 5948
f 5850 5937 5940
f 5851 5943 5938
f 5872 5946 5944
f 5874 5949 5947
f 5866 5957 5951
f 5865 5984 5988
f 5857 5969 5971
f 5868 5990 5992
f 5852 5955 5952
f 5864 5975 5981
f 5855 5959 5964
f 5856 5967 5960
f 5869 5979 5977
f 5873 5982 5980
f 5866 5985 5987
f 5865 5972 5965
f 5857 5970 5966
f 5868 5991 5989
f 5852 5954 5956
f 5849 5939 5879
f 5846 5935 5876
f 5845 5936 5875
f 5847 5942 5877
f 5848 5945 5878
f 5850 5950 5881
f 5867 5986 5904
f 5874 5973 5934
f 5872 5994 5928
f 5851 5953 5911
f 5862 5974 5894
f 5859 5961 5891
f 5854 5962 5890
f 5860 5976 5892
f 5861 5978 5893
f 5864 5983 5898
f 5855 5963 5886
f 5856 5968 5905
f 5869 5993 5917
f 5873 5958 5924
f 5867 5948 5933
f 5850 5940 5901
f 5851 5938 5882
f 5872 5944 5914
f 5874 5947 5929
f 5866 5951 5903
f 5865 5988 5932
f 5857 5971 5926
f 5868 5992 5912
f 5852 5952 5883
f 5864 5981 5922
f 5855 5964 5895
f 5856 5960 5887
f 5869 5977 5908
f 5873 5980 5919
f 5866 5987 5923
f 5865 5965 5899
f 5857 5966 5888
f 5868 5989 5907
f 5852 5956 5915
f 5846 5941 5900
f 5845 5937 5880
f 5847 5943 5910
f 5848 5946 5925
f 5849 5949 5930
f 5853 5957 5920
f 5863 5984 5897
f 5858 5969 5889
f 5870 5990 5909
f 5871 5955 5918
f 5859 5975 5896
f 5854 5959 5885
f 5860 5967 5906
f 5861 5979 5916
f 5862 5982 5921
f 5863 5985 5902
f 5858 5972 5931
f 5870 5970 5927
f 5871 5991 5913
f 5853 5954 5884
f 5846 5939 5941
f 5845 5935 5937
f 5847 5936 5943
f 5848 5942 5946
f 5849 5945 5949
f 5853 5950 5957
f 5863 5986 5984
f 5858 5973 5969
f 5870 5994 5990
f 5871 5953 5955
f 5859 5974 5975
f 5854 5961 5959
f 5860 5962 5967
f 5861 5976 5979
f 5862 5978 5982
f 5863 5983 5985
f 5858 5963 5972
f 5870 5968 5970
f 5871 5993 5991
f 5853 5958 5954
f 5846 5876 5939
f 5845 5875 5935
f 5847 5877 5936
f 5848 5878 5942
f 5849 5879 5945
f 5853 5884 5950
f 5863 5902 5986
f 5858 5931 5973
f 5870 5927 5994
f 5871 5913 5953
f 5859 5891 5974
f 5854 5890 5961
f 5860 5892 5962
f 5861 5893 5976
f 5862 5894 5978
f 5863 5897 5983
f 5858 5889 5963
f 5870 5909 5968
f 5871 5918 5993
f 5853 5920 5958
f 5849 5930 5948
f 5846 5900 5940
f 5845 5880 5938
f 5847 5910 5944
f 5848 5925 5947
f 5850 5901 5951
f 5867 5933 5988
f 5874 5929 5971
f 5872 5914 5992
f 5851 5882 5952
f 5862 5921 5981
f 5859 5896 5964
f 5854 5885 5960
f 5860 5906 5977
f 5861 5916 5980
f 5864 5922 5987
f 5855 5895 5965
f 5856 5887 5966
f 5869 5908 5989
f 5873 5919 5956
f 5867 5904 5941
f 5850 5881 5937
f 5851 5911 5943
f 5872 5928 5946
f 5874 5934 5949
f 5866 5923 5957
f 5865 5899 5984
f 5857 5888 5969
f 5868 5907 5990
f 5852 5915 5955
f 5864 5898 5975
f 5855 5886 5959
f 5856 5905 5967
f 5869 5917 5979
f 5873 5924 5982
f 5866 5903 5985
f 5865 5932 5972
f 5857 5926 5970
f 5868 5912 5991
f 5852 5883 5954
f 5849 5948 5939
f 5846 5940 5935
f 5845 5938 5936
f 5847 5944 5942
f 5848 5947 5945
f 5850 5951 5950
f 5867 5988 5986
f 5874 5971 5973
f 5872 5992 5994
f 5851 5952 5953
f 5862 5981 5974
f 5859 5964 5961
f 5854 5960 5962
f 5860 5977 5976
f 5861 5980 5978
f 5864 5987 5983
f 5855 5965 5963
f 5856 5966 5968
f 5869 5989 5993
f 5873 5956 5958
f 5939 5876 5879
f 5935 5875 5876
f 5936 5877 5875
f 5942 5878 5877
f 5945 5879 5878
f 5950 5884 5881
f 5986 5902 5904
f 5973 5931 5934
f 5994 5927 5928
f 5953 5913 5911
f 5974 5891 5894
f 5961 5890 5891
f 5962 5892 5890
f 5976 5893 5892
f 5978 5894 5893
f 5983 5897 5898
f 5963 5889 5886
f 5968 5909 5905
f 5993 5918 5917
f 5958 5920 5924
f 5948 5930 5933
f 5940 5900 5901
f 5938 5880 5882
f 5944 5910 5914
f 5947 5925 5929
f 5951 5901 5903
f 5988 5933 5932
f 5971 5929 5926
f 5992 5914 5912
f 5952 5882 5883
f 5981 5921 5922
f 5964 5896 5895
f 5960 5885 5887
f 5977 5906 5908
f 5980 5916 5919
f 5987 5922 5923
f 5965 5895 5899
f 5966 5887 5888
f 5989 5908 5907
f 5956 5919 5915
f 5941 5904 5900
f 5937 5881 5880
f 5943 5911 5910
f 5946 5928 5925
f 5949 5934 5930
f 5957 5923 5920
f 5984 5899 5897
f 5969 5888 5889
f 5990 5907 5909
f 5955 5915 5918
f 5975 5898 5896
f 5959 5886 5885
f 5967 5905 5906
f 5979 5917 5916
f 5982 5924 5921
f 5985 5903 5902
f 5972 5932 5931
f 5970 5926 5927
f 5991 5912 5913
f 5954 5883 5884
f 5939 5948 5941
f 5935 5940 5937
f 5936 5938 5943
f 5942 5944 5946
f 5945 5947 5949
f 5950 5951 5957
f 5986 5988 5984
f 5973 5971 5969
f 5994 5992 5990
f 5953 5952 5955
f 5974 5981 5975
f 5961 5964 5959
f 5962 5960 5967
f 5976 5977 5979
f 5978 5980 5982
f 5983 5987 5985
f 5963 5965 5972
f 5968 5966 5970
f 5993 5989 5991
f 5958 5956 5954
f 5995 6041 6038
f 5995 6038 6037
f 5995 6037 6039
f 5995 6039 6040
f 5995 6040 6041
f 5996 6043 6046
f 6000 6066 6064
f 6006 6096 6093
f 6005 6090 6089
f 6002 6073 6075
f 5998 6056 6053
f 5998 6053 6052
f 5998 6052 6054
f 5998 6054 6055
f 5998 6055 6056
f 5999 6060 6059
f 5997 6048 6051
f 6001 6067 6071
f 6003 6079 6080
f 6004 6086 6082
f 6006 6095 6092
f 6000 6063 6062
f 5996 6044 6042
f 6002 6076 6072
f 6005 6091 6087
f 6000 6065 6063
f 6006 6094 6095
f 6005 6088 6091
f 6002 6074 6076
f 5996 6045 6044
f 6004 6084 6083
f 5999 6057 6058
f 5997 6049 6047
f 6001 6070 6068
f 6003 6081 6078
f 6004 6085 6084
f 5999 6061 6057
f 5997 6050 6049
f 6001 6069 6070
f 6003 6077 6081
f 6000 6062 6066
f 5996 6042 6043
f 6002 6072 6073
f 6005 6087 6090
f 6006 6092 6096
f 6004 6082 6085
f 5999 6059 6061
f 5997 6051 6050
f 6001 6071 6069
f 6003 6080 6077
f 5999 6058 6060
f 5997 6047 6048
f 6001 6068 6067
f 6003 6078 6079
f 6004 6083 6086
f 6000 6064 6065
f 6006 6093 6094
f 6005 6089 6088
f 6002 6075 6074
f 5996 6046 6045
f 6029 6103 6110
f 6012 6099 6102
f 6013 6105 6100
f 6034 6108 6106
f 6036 6111 6109
f 6028 6119 6113
f 6027 6146 6150
f 6019 6131 6133
f 6030 6152 6154
f 6014 6117 6114
f 6026 6137 6143
f 6017 6121 6126
f 6018 6129 6122
f 6031 6141 6139
f 6035 6144 6142
f 6028 6147 6149
f 6027 6134 6127
f 6019 6132 6128
f 6030 6153 6151
f 6014 6116 6118
f 6011 6101 6041
f 6008 6097 6038
f 6007 6098 6037
f 6009 6104 6039
f 6010 6107 6040
f 6012 6112 6043
f 6029 6148 6066
f 6036 6135 6096
f 6034 6156 6090
f 6013 6115 6073
f 6024 6136 6056
f 6021 6123 6053
f 6016 6124 6052
f 6022 6138 6054
f 6023 6140 6055
f 6026 6145 6060
f 6017 6125 6048
f 6018 6130 6067
f 6031 6155 6079
f 6035 6120 6086
f 6029 6110 6095
f 6012 6102 6063
f 6013 6100 6044
f 6034 6106 6076
f 6036 6109 6091
f 6028 6113 6065
f 6027 6150 6094
f 6019 6133 6088
f 6030 6154 6074
f 6014 6114 6045
f 6026 6143 6084
f 6017 6126 6057
f 6018 6122 6049
f 6031 6139 6070
f 6035 6142 6081
f 6028 6149 6085
f 6027 6127 6061
f 6019 6128 6050
f 6030 6151 6069
f 6014 6118 6077
f 6008 6103 6062
f 6007 6099 6042
f 6009 6105 6072
f 6010 6108 6087
f 6011 6111 6092
f 6015 6119 6082
f 6025 6146 6059
f 6020 6131 6051
f 6032 6152 6071
f 6033 6117 6080
f 6021 6137 6058
f 6016 6121 6047
f 6022 6129 6068
f 6023 6141 6078
f 6024 6144 6083
f 6025 6147 6064
f 6020 6134 6093
f 6032 6132 6089
f 6033 6153 6075
f 6015 6116 6046
f 6008 6101 6103
f 6007 6097 6099
f 6009 6098 6105
f 6010 6104 6108
f 6011 6107 6111
f 6015 6112 6119
f 6025 6148 6146
f 6020 6135 6131
f 6032 6156 6152
f 6033 6115 6117
f 6021 6136 6137
f 6016 6123 6121
f 6022 6124 6129
f 6023 6138 6141
f 6024 6140 6144
f 6025 6145 6147
f 6020 6125 6134
f 6032 6130 6132
f 6033 6155 6153
f 6015 6120 6116
f 6008 6038 6101
f 6007 6037 6097
f 6009 6039 6098
f 6010 6040 6104
f 6011 6041 6107
f 6015 6046 6112
f 6025 6064 6148
f 6020 6093 6135
f 6032 6089 6156
f 6033 6075 6115
f 6021 6053 6136
f 6016 6052 6123
f 6022 6054 6124
f 6023 6055 6138
f 6024 6056 6140
f 6025 6059 6145
f 6020 6051 6125
f 6032 6071 6130
f 6033 6080 6155
f 6015 6082 6120
f 6011 6092 6110
f 6008 6062 6102
f 6007 6042 6100
f 6009 6072 6106
f 6010 6087 6109
f 6012 6063 6113
f 6029 6095 6150
f 6036 6091 6133
f 6034 6076 6154
f 6013 6044 6114
f 6024 6083 6143
f 6021 6058 6126
f 6016 6047 6122
f 6022 6068 6139
f 6023 6078 6142
f 6026 6084 6149
f 6017 6057 6127
f 6018 6049 6128
f 6031 6070 6151
f 6035 6081 6118
f 6029 6066 6103
f 6012 6043 6099
f 6013 6073 6105
f 6034 6090 6108
f 6036 6096 6111
f 6028 6085 6119
f 6027 6061 6146
f 6019 6050 6131
f 6030 6069 6152
f 6014 6077 6117
f 6026 6060 6137
f 6017 6048 6121
f 6018 6067 6129
f 6031 6079 6141
f 6035 6086 6144
f 6028 6065 6147
f 6027 6094 6134
f 6019 6088 6132
f 6030 6074 6153
f 6014 6045 6116
f 6011 6110 6101
f 6008 6102 6097
f 6007 6100 6098
f 6009 6106 6104
f 6010 6109 6107
f 6012 6113 6112
f 6029 6150 6148
f 6036 6133 6135
f 6034 6154 6156
f 6013 6114 6115
f 6024 6143 6136
f 6021 6126 6123
f 6016 6122 6124
f 6022 6139 6138
f 6023 6142 6140
f 6026 6149 6145
f 6017 6127 6125
f 6018 6128 6130
f 6031 6151 6155
f 6035 6118 6120
f 6101 6038 6041
f 6097 6037 6038
f 6098 6039 6037
f 6104 6040 6039
f 6107 6041 6040
f 6112 6046 6043
f 6148 6064 6066
f 6135 6093 6096
f 6156 6089 6090
f 6115 6075 6073
f 6136 6053 6056
f 6123 6052 6053
f 6124 6054 6052
f 6138 6055 6054
f 6140 6056 6055
f 6145 6059 6060
f 6125 6051 6048
f 6130 6071 6067
f 6155 6080 6079
f 6120 6082 6086
f 6110 6092 6095
f 6102 6062 6063
f 6100 6042 6044
f 6106 6072 6076
f 6109 6087 6091
f 6113 6063 6065
f 6150 6095 6094
f 6133 6091 6088
f 6154 6076 6074
f 6114 6044 6045
f 6143 6083 6084
f 6126 6058 6057
f 6122 6047 6049
f 6139 6068 6070
f 6142 6078 6081
f 6149 6084 6085
f 6127 6057 6061
f 6128 6049 6050
f 6151 6070 6069
f 6118 6081 6077
f 6103 6066 6062
f 6099 6043 6042
f 6105 6073 6072
f 6108 6090 6087
f 6111 6096 6092
f 6119 6085 6082
f 6146 6061 6059
f 6131 6050 6051
f 6152 6069 6071
f 6117 6077 6080
f 6137 6060 6058
f 6121 6048 6047
f 6129 6067 6068
f 6141 6079 6078
f 6144 6086 6083
f 6147 6065 6064
f 6134 6094 6093
f 6132 6088 6089
f 6153 6074 6075
f 6116 6045 6046
f 6101 6110 6103
f 6097 6102 6099
f 6098 6100 6105
f 6104 6106 6108
f 6107 6109 6111
f 6112 6113 6119
f 6148 6150 6146
f 6135 6133 6131
f 6156 6154 6152
f 6115 6114 6117
f 6136 6143 6137
f 6123 6126 6121
f 6124 6122 6129
f 6138 6139 6141
f 6140 6142 6144
f 6145 6149 6147
f 6125 6127 6134
f 6130 6128 6132
f 6155 6151 6153
f 6120 6118 6116

