# https://github.com/mikedh/trimesh
v -1.14962387 1.50805974 0.14650476
v -0.36157772 3.77055860 0.24033916
v 0.40868217 0.96863228 0.06590891
v 1.19672823 3.23113060 0.15974343
v 0.76686013 2.11133099 0.13779843
v -0.71821654 2.62540936 0.21460688
v 0.68415719 1.87973452 0.08882558
v -0.80091953 2.39381313 0.16563404
v 0.43649510 3.55743790 0.18707526
v 0.43774331 3.55545044 0.22451043
v -0.39040962 1.18337512 0.08861387
v -0.38916141 1.18138766 0.12604904
v -0.76831132 2.64371872 0.19385064
v -1.12459385 1.56408131 0.17079318
v -1.12583601 1.56605864 0.13354492
v -1.12713695 1.44502556 0.12804151
v -1.12595332 1.44314122 0.16353953
v -0.37733036 3.70949244 0.25977147
v -0.37857231 3.71146989 0.22252321
v -0.30437440 3.80719590 0.22600973
v -0.30319083 3.80531144 0.26150763
v 0.81540066 2.09549618 0.11194074
v 0.42590609 1.02735579 0.09060109
v 0.42466411 1.02933300 0.05335271
v 0.35052460 0.93351406 0.05161655
v 0.35170817 0.93162972 0.08711457
v 1.17316973 3.17276692 0.17957938
v 1.17192757 3.17474437 0.14233112
v 1.17328703 3.29568434 0.14958477
v 1.17447054 3.29379988 0.18508267
v 0.02433244 2.36835313 0.17652297
v 1.12048507 3.25023913 0.18637049
v 0.33637381 0.99903750 0.09300458
v -0.28773683 3.73771334 0.25920403
v -1.07184815 1.48651159 0.16583824
v -0.05971885 2.13298082 0.12675166
v 1.11918187 3.25231409 0.14728606
v 0.33507064 1.00111234 0.05392015
v -0.28904006 3.73978806 0.22011960
v -1.07315135 1.48858643 0.12675369
v 0.44373778 3.57599163 0.20292914
v -0.39664847 1.16322327 0.10286236
v -1.13429582 1.58303738 0.15019274
v -1.14252710 1.52884185 0.16833615
v -1.14369047 1.53069413 0.13344705
v -1.14633060 1.47180879 0.13123190
v -1.14522183 1.47004366 0.16448140
v -0.39616460 3.70222926 0.23808384
v -0.36946696 3.74831533 0.26038611
v -0.37063032 3.75016761 0.22549701
v -0.33611676 3.79795146 0.22770596
v -0.33500808 3.79618621 0.26095557
v 0.44328356 1.03693807 0.06859994
v 0.41796410 0.98865789 0.08762717
v 0.41680074 0.99051017 0.05273807
v 0.38234183 0.94263935 0.05216861
v 0.38345048 0.94087416 0.08541822
v 1.18141484 3.15613008 0.15649104
v 1.19102418 3.20813155 0.17967725
v 1.18986082 3.20998383 0.14478815
v 1.19255555 3.26878190 0.14864278
v 1.19366431 3.26701665 0.18189228
v 0.43776897 1.09935904 0.09467340
v 1.13770139 3.10888147 0.17801595
v 0.71983582 2.12759900 0.14047384
v 1.11996365 3.17052364 0.18228245
v 0.38551730 1.06191134 0.09483027
v -1.08908296 1.62789834 0.17364252
v -0.38915035 3.63742089 0.25698507
v -0.67117614 2.60911560 0.21241736
v -0.33687192 3.67482591 0.25763035
v -1.07131827 1.56621361 0.17017806
v 0.43648413 1.10140467 0.05613923
v 1.13641644 3.11092710 0.13948178
v 0.63611007 1.89313829 0.09089530
v 1.11865199 3.17261195 0.14294624
v 0.38420570 1.06399953 0.05549395
v -1.09036791 1.62994409 0.13510835
v -0.39043516 3.63946652 0.21845090
v -0.75490183 2.37465477 0.16283870
v -0.33818352 3.67691422 0.21829402
v -1.07262993 1.56830192 0.13084185
v -0.25494704 3.79863977 0.22329235
v 1.12912047 3.31952715 0.15170801
v 1.08812821 3.30659342 0.15150237
v -0.23089807 3.76319122 0.21972263
v 0.44164833 3.57205629 0.18886971
v -0.25372255 3.79668999 0.26001573
v 1.13034499 3.31757736 0.18843150
v 1.08941150 3.30455041 0.18999064
v -0.22961470 3.76114821 0.25821090
v 0.44281751 3.57019496 0.22393382
v -1.08301127 1.42124820 0.12469280
v 0.30105630 0.94213545 0.05310857
v 0.27694845 0.97767740 0.05491328
v -1.04207790 1.43427539 0.12313366
v -0.39548370 1.16863072 0.08919048
v -1.08178687 1.41929865 0.16141617
v 0.30228078 0.94018584 0.08983195
v 0.27823180 0.97563428 0.09340167
v -1.04079449 1.43223202 0.16162193
v -0.39431456 1.16676927 0.12425458
v -1.11400759 1.63531959 0.17305768
v -1.11517227 1.63717389 0.13812888
v -0.41327840 3.64712977 0.25649524
v -0.41444305 3.64898396 0.22156644
v -1.13698089 1.48854852 0.16689622
v -0.75485843 2.63813162 0.21557772
v -1.11232960 1.52078104 0.16869247
v -1.13820314 1.49049413 0.13024569
v -0.83367586 2.41741633 0.16890562
v -1.11361182 1.52282274 0.13023508
v -1.13245094 1.43962061 0.14212871
v -1.10871875 1.45993197 0.12703526
v -1.08779919 1.40978014 0.12596846
v -1.10745656 1.45792222 0.16489077
v -1.08668959 1.40801299 0.15925574
v -0.34008825 3.77644610 0.26178420
v -0.34080276 3.73585224 0.26055992
v -0.34131032 3.77839160 0.22513366
v -0.34208506 3.73789382 0.22210252
v -0.30554998 3.81367254 0.24058974
v -0.29915586 3.78420544 0.22343171
v -0.25161982 3.81047106 0.22553420
v -0.29789361 3.78219581 0.26128733
v -0.25050989 3.80870366 0.25882161
v 0.46177673 1.08984172 0.09155774
v 0.46061209 1.09169590 0.05662918
v 1.16250598 3.10165191 0.17499530
v 1.16134131 3.10350609 0.14006650
v 0.38864401 0.96043396 0.08799064
v 0.80344051 2.09870672 0.13498223
v 0.38941878 1.00093162 0.09102166
v 0.38742197 0.96237957 0.05134010
v 0.72462302 1.87799096 0.08831012
v 0.38813645 1.00297332 0.05256426
v 0.35264310 0.92553616 0.06531930
v 0.34522742 0.95662987 0.05183697
v 0.29784366 0.93012190 0.05430269
v 0.34648964 0.95462018 0.08969247
v 0.29895356 0.92835480 0.08758998
v 1.18553674 3.24833155 0.18287849
v 1.16094553 3.21600294 0.18288922
v 1.18431461 3.25027704 0.14622796
v 1.15966320 3.21804452 0.14443183
v 1.17954409 3.29958797 0.16378045
v 1.15479016 3.28090358 0.14823341
v 1.13402295 3.33081269 0.15386856
v 1.15605235 3.27889371 0.18608892
v 1.13513291 3.32904553 0.18715584
v 1.05223393 3.19530582 0.18604994
v 0.31695181 1.08429337 0.09849823
v -0.26829359 3.65242362 0.25434792
v -1.00357592 1.54141092 0.16679609
v 0.41834942 3.49963260 0.22312045
v -0.36970589 1.23710763 0.12928486
v 1.05090952 3.19741440 0.14632809
v 0.31562731 1.08640206 0.05877638
v -0.26961806 3.65453219 0.21462607
v -1.00490022 1.54351974 0.12707436
v 0.41703966 3.50171804 0.18383944
v -0.37101567 1.23919296 0.09000385
v -0.67000484 3.08600426 1.28786314
v -0.95916682 3.10271597 1.29332662
v -0.64413851 3.17454290 2.38606048
v -0.93330050 3.19125414 2.39152384
v -0.79062146 3.15780759 2.36487412
v -0.81527227 3.07342982 1.31828427
v -0.75855249 3.19524693 2.36110044
v -0.78320342 3.11086917 1.31451035
v -0.95250612 3.16263175 1.84131157
v -0.95460528 3.12530661 1.84437037
v -0.64908546 3.14509606 1.83557868
v -0.65118474 3.10777116 1.83863723
v -0.81478387 3.09386587 1.28162408
v -0.67865950 3.06466150 1.29255772
v -0.67657071 3.10179996 1.28951430
v -0.66216362 3.10219598 1.31499016
v -0.66415429 3.06680274 1.31789052
v -0.95285702 3.08050799 1.29773843
v -0.95076811 3.11764646 1.29469514
v -0.96406436 3.11964369 1.32069433
v -0.96605498 3.08425045 1.32359469
v -0.78849572 3.18384790 2.39772582
v -0.65292275 3.15275621 2.38525391
v -0.65083390 3.18989468 2.38221049
v -0.63763583 3.18615222 2.35635424
v -0.63962650 3.15075898 2.35925460
v -0.92712015 3.16860294 2.39043450
v -0.92503130 3.20574141 2.38739109
v -0.93953657 3.20360017 2.36205840
v -0.94152725 3.16820693 2.36495876
v -0.80296481 3.11529946 1.84160542
v -0.93511277 3.16403627 2.34050298
v -0.64739466 3.14740825 2.33506680
v -0.95848799 3.08402538 1.34807551
v -0.67076981 3.06739736 1.34263921
v -0.77037311 3.15334916 1.83776999
v -0.93292111 3.20300531 2.33730960
v -0.64520288 3.18637729 2.33187342
v -0.95629621 3.12299466 1.34488213
v -0.66857797 3.10636663 1.33944607
v -0.95582354 3.14776778 1.84258807
v -0.64745611 3.12994623 1.83676183
v -0.67933470 3.08576894 1.28126252
v -0.67394352 3.06528020 1.28885126
v -0.67198700 3.10006642 1.28600073
v -0.66495240 3.09975886 1.29715085
v -0.66681695 3.06660771 1.29986739
v -0.95018125 3.10142183 1.28637993
v -0.95760661 3.08167386 1.29421079
v -0.95565009 3.11645985 1.29136026
v -0.96224844 3.11694050 1.30276799
v -0.96411306 3.08378911 1.30548465
v -0.65314841 3.17540240 2.39304256
v -0.64804083 3.15394282 2.38858867
v -0.64608425 3.18872905 2.38573790
v -0.63957787 3.18661380 2.37446427
v -0.64144242 3.15346217 2.37718081
v -0.92399490 3.19105554 2.39816022
v -0.93170393 3.17033648 2.39394808
v -0.92974740 3.20512247 2.39109755
v -0.93687397 3.20379519 2.38008142
v -0.93873841 3.17064381 2.38279819
v -0.66183877 3.15194535 2.37713766
v -0.91866875 3.16678810 2.38199019
v -0.79141575 3.15489316 2.33174849
v -0.92560452 3.16476512 2.35747099
v -0.65611023 3.14919043 2.35237908
v -0.68718302 3.06519413 1.30110705
v -0.94401300 3.08003688 1.30595970
v -0.81450522 3.07585979 1.35144961
v -0.94978666 3.08199215 1.33078372
v -0.68029231 3.06641722 1.32569182
v -0.65967786 3.19036579 2.37398911
v -0.91650778 3.20520878 2.37884188
v -0.75895023 3.19279552 2.32792807
v -0.92339861 3.20398569 2.35425711
v -0.65390420 3.18841076 2.34916520
v -0.68502212 3.10361457 1.29795873
v -0.94185209 3.11845756 1.30281126
v -0.78203970 3.11376238 1.34762919
v -0.94758064 3.12121224 1.32756984
v -0.67808634 3.10563779 1.32247782
v -0.96422589 3.12296963 1.35364223
v -0.94125170 3.20160842 2.32904696
v -0.93864417 3.20046139 2.30599809
v -0.96053886 3.12551832 1.37643003
v -0.95444894 3.16155791 1.84144390
v -0.96628535 3.08635473 1.35664260
v -0.94331115 3.16499329 2.33204746
v -0.94080251 3.16208673 2.30914259
v -0.96269715 3.08714342 1.37957478
v -0.95641524 3.12659740 1.84430885
v -0.66037983 3.10540938 1.34790123
v -0.63740551 3.18404818 2.32330632
v -0.64099365 3.18325949 2.30037403
v -0.66288823 3.10831594 1.37080622
v -0.64727557 3.14380550 1.83563995
v -0.66243917 3.06879449 1.35090172
v -0.63946491 3.14743304 2.32630682
v -0.64315200 3.14488459 2.30351877
v -0.66504663 3.06994128 1.37395084
v -0.64924186 3.10884476 1.83850491
v -0.68734193 3.06559277 1.28371489
v -0.68538314 3.10041857 1.28086102
v -0.94446421 3.08045268 1.28857279
v -0.94250548 3.11527848 1.28571904
v -0.66933095 3.06513977 1.30112648
v -0.81582826 3.07226992 1.29240751
v -0.67383730 3.06518650 1.30970156
v -0.66727579 3.10168219 1.29813194
v -0.78526610 3.10795021 1.28881121
v -0.67168063 3.10353041 1.30655944
v -0.66225910 3.08784127 1.31351221
v -0.66432238 3.10418510 1.32329619
v -0.65900040 3.10356593 1.34745836
v -0.66644537 3.06644106 1.32638919
v -0.66086709 3.07037663 1.35017812
v -0.96173912 3.08203888 1.30665123
v -0.95693779 3.08154750 1.31505048
v -0.95968384 3.11858130 1.30365670
v -0.95478117 3.11989164 1.31190836
v -0.96567827 3.10537672 1.31924498
v -0.96137965 3.12135267 1.32890892
v -0.96582419 3.12129807 1.35325551
v -0.96350253 3.08360887 1.33200181
v -0.96769083 3.08810902 1.35597527
v -0.66118532 3.15512443 2.39422989
v -0.65922660 3.18994999 2.39137602
v -0.91830766 3.16998434 2.39908791
v -0.91634893 3.20480990 2.39623427
v -0.64400703 3.15182137 2.37629223
v -0.78996193 3.16080761 2.39059973
v -0.64890969 3.15051126 2.36804056
v -0.64195180 3.18836379 2.37329769
v -0.75939971 3.19648814 2.38700342
v -0.64675307 3.18885541 2.36489844
v -0.63760793 3.17221999 2.36011457
v -0.64018834 3.18679380 2.34794712
v -0.63599998 3.18229389 2.32397366
v -0.64231116 3.14905024 2.35103989
v -0.63786668 3.14910483 2.32669330
v -0.93641514 3.16872048 2.38181686
v -0.93201005 3.16687250 2.37338924
v -0.93435985 3.20526290 2.37882233
v -0.92985356 3.20521641 2.37024736
v -0.94102716 3.18975520 2.36584711
v -0.93724549 3.20396161 2.35355973
v -0.94282383 3.20002627 2.32977080
v -0.93936831 3.16621780 2.35665274
v -0.94469047 3.16683698 2.33249044
v -0.92689997 3.16070962 2.30945897
v -0.65709889 3.14511704 2.30436134
v -0.94881952 3.08568096 1.37883306
v -0.67901844 3.07008839 1.37373543
v -0.94752949 3.12397480 1.84431100
v -0.65836418 3.10726285 1.83884740
v -0.92467237 3.20031428 2.30621338
v -0.65487140 3.18472171 2.30111599
v -0.94659197 3.12528563 1.37558758
v -0.67679089 3.10969305 1.37048995
v -0.94532669 3.16313982 1.84110141
v -0.65616137 3.14642811 1.83563805
v -0.45006910 6.47136831 2.86171627
v -0.57123953 4.45469570 1.89047062
v -0.48849878 6.08139038 3.67625141
v -0.60966927 4.06471777 2.70500565
v -0.52511185 5.08066511 3.17183495
v -0.48848811 5.45231676 2.39557719
v -0.55186200 5.29159880 3.27156234
v -0.51523817 5.66325045 2.49530435
v -0.60871524 4.21101332 2.27356362
v -0.57129532 4.20849514 2.27412343
v -0.48156986 6.32712841 3.29270124
v -0.44414988 6.32461023 3.29326129
v -0.51056927 5.46622610 2.36945009
v -0.43124756 6.41672468 2.83895445
v -0.46848065 6.41922998 2.83839750
v -0.46269959 6.50666094 2.90397239
v -0.42721614 6.50427294 2.90450335
v -0.54614723 4.50441790 1.91797221
v -0.58338034 4.50692320 1.91741514
v -0.58920801 4.40114641 1.88993967
v -0.55372453 4.39875841 1.89047050
v -0.54962558 5.06989098 3.19726515
v -0.46948475 6.02870083 3.64940977
v -0.50671780 6.03120613 3.64885235
v -0.49914047 6.13686562 3.67635417
v -0.46365708 6.13447762 3.67688513
v -0.58438444 4.11639357 2.72842741
v -0.62161756 4.11889935 2.72787023
v -0.62564898 4.03135061 2.66232157
v -0.59016550 4.02896309 2.66285253
v -0.50647992 5.26646948 2.78371096
v -0.58454525 4.08698654 2.66854930
v -0.46397984 6.09358978 3.63494539
v -0.54981679 4.43940496 1.93246400
v -0.42925143 6.44600773 2.89885998
v -0.53366613 5.48084211 2.88506413
v -0.62361372 4.08961582 2.66796494
v -0.50304824 6.09621906 3.63436079
v -0.58888525 4.44203424 1.93187928
v -0.46831986 6.44863701 2.89827538
v -0.59470654 4.19275093 2.26548100
v -0.46548828 6.34336615 3.30123401
v -0.45345128 6.40989685 2.82592297
v -0.43032023 6.45106220 2.85222244
v -0.46519503 6.45340872 2.85170054
v -0.46191162 6.49691200 2.88292408
v -0.42867568 6.49467516 2.88342166
v -0.56694680 4.52096081 1.91619599
v -0.54918641 4.47273970 1.89944661
v -0.58406126 4.47508621 1.89892471
v -0.58649057 4.42351055 1.88435769
v -0.55325466 4.42127371 1.88485491
v -0.49235624 6.01509619 3.65053248
v -0.46880382 6.06053734 3.66789985
v -0.50367868 6.06288433 3.66737819
v -0.49961048 6.11435032 3.68196964
v -0.46637461 6.11211348 3.68246722
v -0.60585171 4.12615967 2.74080563
v -0.58767003 4.08221531 2.71512413
v -0.62254477 4.08456182 2.71460247
v -0.62418944 4.04094839 2.68340302
v -0.59095347 4.03871202 2.68390036
v -0.47218934 5.97105455 3.61407137
v -0.57981139 4.17987156 2.75142360
v -0.52370912 5.09241915 3.14725471
v -0.58120060 4.14444399 2.71186209
v -0.46827164 6.02395058 3.61704731
v -0.43453529 6.35316038 2.81597733
v -0.54215735 4.56197739 1.95332956
v -0.48940510 5.44052982 2.42016506
v -0.54527324 4.50902748 1.95036602
v -0.43234432 6.38853407 2.85555124
v -0.51070774 5.97364664 3.61349535
v -0.61832976 4.18246365 2.75084734
v -0.55079019 5.30596161 3.24821544
v -0.62052071 4.14708948 2.71127367
v -0.50759184 6.02659607 3.61645865
v -0.47305372 6.35575247 2.81540108
v -0.58067572 4.56456947 1.95275331
v -0.51648605 5.65407276 2.52112579
v -0.58459347 4.51167345 1.94977748
v -0.47166455 6.39118004 2.85496259
v -0.59138215 4.38269234 1.91112423
v -0.62551492 4.03631926 2.63458443
v -0.62429696 4.06612158 2.62797737
v -0.59176821 4.39621782 1.93851459
v -0.60831636 4.19784737 2.26727867
v -0.55467379 4.38022232 1.91167343
v -0.58880657 4.03384924 2.63513350
v -0.58582431 4.06353235 2.62855291
v -0.55329561 4.39362860 1.93909037
v -0.57326663 4.19548893 2.26780319
v -0.46405849 6.50177479 2.93169117
v -0.49819133 6.15540123 3.65515113
v -0.49956948 6.14199495 3.62773442
v -0.46704072 6.47209120 2.93827200
v -0.47959852 6.34013510 3.29902172
v -0.42735016 6.49930477 2.93224049
v -0.46148294 6.15293169 3.65570045
v -0.46109691 6.13940620 3.62831020
v -0.42856812 6.46950245 2.93884778
v -0.44454867 6.33777618 3.29954576
v -0.43567261 6.36042356 2.80365300
v -0.47058710 6.36277390 2.80313015
v -0.54341727 4.56720209 1.94002283
v -0.57833171 4.56955147 1.93950045
v -0.42803755 6.47713423 2.87603450
v -0.48850757 5.46154070 2.37642670
v -0.42937908 6.44162989 2.86665678
v -0.46467304 6.47959995 2.87548637
v -0.51400089 5.66256475 2.47146845
v -0.46782070 6.44421625 2.86608171
v -0.44815418 6.51193523 2.90479136
v -0.46518511 6.48688316 2.90201855
v -0.46169785 6.51223993 2.93630624
v -0.42734507 6.48433685 2.90258455
v -0.42842412 6.51000118 2.93680406
v -0.55056822 4.43782282 1.89388585
v -0.54800946 4.46723127 1.91577065
v -0.58720380 4.44028807 1.89333761
v -0.58645111 4.46981812 1.91519558
v -0.57529885 4.39582968 1.88565850
v -0.58966392 4.41514778 1.90425444
v -0.59026939 4.37239027 1.90573728
v -0.55182397 4.41260147 1.90482044
v -0.55699551 4.37015152 1.90623522
v -0.47453341 5.96607208 3.62732410
v -0.50944793 5.96842194 3.62680197
v -0.58227795 4.17285061 2.76369429
v -0.61719245 4.17519999 2.76317167
v -0.46566129 6.09533548 3.67348695
v -0.52693713 5.07156515 3.19095802
v -0.46641400 6.06580591 3.65162921
v -0.50229681 6.09780121 3.67293906
v -0.55243045 5.27258825 3.28600025
v -0.50485563 6.06839275 3.65105414
v -0.48477834 6.14027929 3.68105841
v -0.50104117 6.12302208 3.66200423
v -0.49586952 6.16547251 3.66058969
v -0.46320114 6.12047625 3.66257048
v -0.46259573 6.16323376 3.66108751
v -0.58819205 4.05602407 2.69133854
v -0.58504438 4.09140730 2.70074320
v -0.62482756 4.05848932 2.69079018
v -0.62348604 4.09399414 2.70016813
v -0.61192310 4.02417421 2.66192532
v -0.62551999 4.05128717 2.66423988
v -0.62444103 4.02562284 2.63002062
v -0.58767992 4.04874086 2.66480637
v -0.59116721 4.02338409 2.63051844
v -0.57939136 4.16041708 2.67572498
v -0.46633396 6.04206324 3.58194065
v -0.54682559 4.49088907 1.98547804
v -0.43376815 6.37253475 2.89169359
v -0.56738597 4.25814295 2.29807758
v -0.44621414 6.27483892 3.26933479
v -0.61909693 4.16308880 2.67513108
v -0.50603944 6.04473495 3.58134675
v -0.58653116 4.49356079 1.98488379
v -0.47347370 6.37520647 2.89109945
v -0.60665095 4.26078510 2.29749012
v -0.48547915 6.27748108 3.26874685
v -0.68282312 2.48608136 0.49464232
v -0.65643543 3.21440983 2.00650024
v -0.61056834 3.45570350 0.02627146
v -0.58418059 4.18403244 1.53812933
v -0.57600296 3.79553294 0.79355061
v -0.64486229 2.87147593 1.23991132
v -0.61799353 3.72294950 0.63681120
v -0.68685293 2.79889274 1.08317208
v -0.63493079 3.71820569 1.80936110
v -0.59751081 3.71568775 1.80992091
v -0.66261971 2.95396304 0.22295344
v -0.62519974 2.95144510 0.22351336
v -0.67044652 2.84235692 1.25438595
v -0.65990615 2.50587177 0.53291965
v -0.69713926 2.50837708 0.53236252
v -0.69583982 2.49609065 0.44900727
v -0.66035640 2.49370289 0.44953823
v -0.63488400 3.19650841 1.96653676
v -0.67211723 3.19901395 1.96597970
v -0.66828960 3.25650501 2.02746820
v -0.63280618 3.25411725 2.02799916
v -0.59701371 3.82778740 0.77837890
v -0.58801329 3.47063684 0.06689489
v -0.62524641 3.47314239 0.06633782
v -0.62732434 3.41553354 0.00487530
v -0.59184086 3.41314578 0.00540626
v -0.56299126 4.16127348 1.50051200
v -0.60022432 4.16377926 1.49995482
v -0.59977412 4.17594814 1.58333623
v -0.56429070 4.17356014 1.58386707
v -0.61011261 3.33348274 1.01673579
v -0.56475520 4.13397455 1.55725348
v -0.59101105 3.40928268 0.05294466
v -0.63005096 3.25773931 1.98051441
v -0.65630692 2.53304696 0.47620571
v -0.65278780 3.25971627 0.85744095
v -0.60382360 4.13660383 1.55666876
v -0.63007957 3.41191173 0.05236006
v -0.66911936 3.26036811 1.97992980
v -0.69537526 2.53567624 0.47562099
v -0.61966002 3.72342348 1.82251835
v -0.64780027 2.94672084 0.21024644
v -0.68221658 2.50313663 0.54542249
v -0.66174889 2.49092174 0.50965834
v -0.69662362 2.49326873 0.50913650
v -0.69568855 2.48594379 0.46872735
v -0.66245264 2.48370743 0.46922469
v -0.65750033 3.18533301 1.96151948
v -0.63586301 3.20540023 1.99276578
v -0.67073774 3.20774698 1.99224389
v -0.66855866 3.23476028 2.02311373
v -0.63532269 3.23252368 2.02361107
v -0.60906816 3.48475099 0.07125878
v -0.58939278 3.46190381 0.04063058
v -0.62426746 3.46425056 0.04010880
v -0.62480783 3.43712711 0.00926340
v -0.59157187 3.43489075 0.00976074
v -0.58435178 4.16694736 1.48735547
v -0.56350684 4.17638206 1.52373803
v -0.59838158 4.17872906 1.52321613
v -0.59767783 4.18594360 1.56364965
v -0.56444192 4.18370724 1.56414711
v -0.58712643 3.48510861 0.11586046
v -0.56368929 4.13200092 1.45867324
v -0.57794100 3.76625156 0.80769050
v -0.56433374 4.12613964 1.50230873
v -0.58892673 3.44734931 0.09328163
v -0.65792274 2.53505802 0.57477742
v -0.63448554 3.18195033 1.91759038
v -0.64243877 2.90072441 1.22577882
v -0.63188362 3.21965551 1.94018126
v -0.65647656 2.54086494 0.53115404
v -0.62564492 3.48770046 0.11528420
v -0.60220766 4.13459301 1.45809710
v -0.62045091 3.69277072 0.64901251
v -0.60365391 4.12878561 1.50172043
v -0.62824684 3.44999528 0.09269321
v -0.69644123 2.53764987 0.57420111
v -0.67300403 3.18454218 1.91701400
v -0.68494862 2.82724357 1.06710076
v -0.67120379 3.22230148 1.93959284
v -0.69579679 2.54351091 0.53056568
v -0.66664350 3.28811455 2.01847935
v -0.60246772 4.14932060 1.60247815
v -0.60514039 4.12134218 1.59604323
v -0.66630036 3.30060673 1.99249530
v -0.63357443 3.72285223 1.81918943
v -0.62993515 3.28564429 2.01902866
v -0.56575930 4.14685059 1.60302758
v -0.56666774 4.11875343 1.59661889
v -0.62782776 3.29801774 1.99307096
v -0.59852469 3.72049356 1.81971395
v -0.69437122 2.52280045 0.42984688
v -0.63019532 3.38400650 0.01384592
v -0.63230270 3.37163305 0.03980350
v -0.69346273 2.55089736 0.43625557
v -0.66160578 2.94915724 0.21316063
v -0.65766281 2.52032995 0.43039632
v -0.59348702 3.38153625 0.01439524
v -0.59383011 3.36904407 0.04037929
v -0.65499014 2.54830861 0.43683124
v -0.62655604 2.94679856 0.21368504
v -0.66087258 2.51958752 0.58133984
v -0.69578713 2.52193689 0.58081740
v -0.63740861 3.16721606 1.92568135
v -0.67232317 3.16956544 1.92515898
v -0.66045922 2.49069691 0.48157036
v -0.64748228 2.84875751 1.25090158
v -0.65857786 2.50978613 0.50232780
v -0.69709474 2.49316216 0.48102212
v -0.68750006 2.77958441 1.10152602
v -0.69701952 2.51237297 0.50175250
v -0.68194574 2.49091458 0.44636595
v -0.69624728 2.50964785 0.45808744
v -0.69282621 2.51844430 0.42232502
v -0.65840727 2.50710154 0.45865369
v -0.65955251 2.51620555 0.42282283
v -0.63377517 3.22720170 2.01040030
v -0.63274336 3.22284746 1.98249364
v -0.67041087 3.22966695 2.00985217
v -0.67118496 3.22543406 1.98191833
v -0.65425700 3.25515389 2.03276658
v -0.66913909 3.25786281 2.01122475
v -0.66482681 3.29125881 2.02652621
v -0.63129902 3.25531626 2.01179099
v -0.63155305 3.28901982 2.02702427
v -0.58780730 3.50008535 0.10771549
v -0.62272185 3.50243473 0.10719311
v -0.56434339 4.14771414 1.45205712
v -0.59925795 4.15006351 1.45153463
v -0.58971965 3.43998384 0.02302229
v -0.57522780 3.81837535 0.78253281
v -0.58894551 3.44421673 0.05095613
v -0.62635523 3.44244909 0.02247405
v -0.61524564 3.74920225 0.63315731
v -0.62738717 3.44680333 0.05038083
v -0.61308569 3.41498232 0.00000000
v -0.62883145 3.41433454 0.02108347
v -0.62857741 3.38063097 0.00585032
v -0.59099144 3.41178799 0.02164972
v -0.59530365 3.37839198 0.00634825
v -0.56303579 4.17648888 1.55185235
v -0.56311095 4.15727758 1.53112197
v -0.59967124 4.17895412 1.55130422
v -0.60155267 4.15986443 1.53054678
v -0.58539689 4.17922115 1.58640063
v -0.60172319 4.16254902 1.57422078
v -0.60057801 4.15344524 1.61005163
v -0.56388324 4.16000271 1.57478702
v -0.56730419 4.15120649 1.61054945
v -0.56728721 4.08410597 1.52359819
v -0.59190810 3.40454268 0.11296713
v -0.62851679 3.26243615 1.92050159
v -0.65313768 2.58287311 0.50987035
v -0.59723872 3.69767284 1.77266884
v -0.62362683 2.96933579 0.26079321
v -0.60699278 4.08677769 1.52300417
v -0.63161367 3.40721464 0.11237288
v -0.66822237 3.26510811 1.91990733
v -0.69284326 2.58554482 0.50927627
v -0.63650370 3.70031500 1.77208114
v -0.66289175 2.97197795 0.26020575
v -0.65337938 3.43105125 2.77656031
v -0.56713086 4.58265638 2.19136715
v -0.66544372 3.11158395 2.14610052
v -0.57919532 4.26318932 1.56090748
v -0.59896684 3.69334054 1.86866260
v -0.58746934 3.99779510 2.46949530
v -0.64714009 3.57703948 1.92851686
v -0.63564271 3.88149405 2.52934933
v -0.58630997 4.45234346 1.86148083
v -0.54888999 4.44982529 1.86204076
v -0.67681134 3.24395251 2.47552967
v -0.63939142 3.24143434 2.47608972
v -0.61038506 4.00947332 2.48909998
v -0.62912470 3.45856571 2.76016903
v -0.66635776 3.46107101 2.75961185
v -0.66989642 3.39838099 2.77292252
v -0.63441300 3.39599323 2.77345347
v -0.54733962 4.55057335 2.20526052
v -0.58457273 4.55307913 2.20470333
v -0.57984835 4.60071898 2.16194963
v -0.54436487 4.59833097 2.16248059
v -0.62264609 3.68479776 1.84836125
v -0.64112860 3.14069867 2.13286734
v -0.67836171 3.14320397 2.13231015
v -0.68133646 3.09544659 2.17509007
v -0.64585304 3.09305882 2.17562103
v -0.55934364 4.23270702 1.57795870
v -0.59657675 4.23521233 1.57740176
v -0.59128839 4.29778481 1.56411707
v -0.55580491 4.29539680 1.56464791
v -0.59289801 3.84554625 2.16908383
v -0.55585873 4.27415276 1.59307277
v -0.64167660 3.12829757 2.17534351
v -0.54495627 4.56285095 2.16281152
v -0.63077420 3.41699624 2.74508238
v -0.64185673 3.72734904 2.22991371
v -0.59492725 4.27678156 1.59248817
v -0.68074507 3.13092661 2.17475915
v -0.58402479 4.56548023 2.16222692
v -0.66984260 3.41962528 2.74449778
v -0.57052708 4.46118164 1.85670054
v -0.66250396 3.23308945 2.48076057
v -0.65035552 3.46948361 2.76192927
v -0.63167685 3.44082022 2.77175045
v -0.66655153 3.44316721 2.77122855
v -0.66788852 3.41270328 2.77859902
v -0.63465255 3.41046667 2.77909636
v -0.56957006 4.54814625 2.21380234
v -0.54706842 4.57052565 2.19768596
v -0.58194321 4.57287312 2.19716382
v -0.57921380 4.59670305 2.17694473
v -0.54597789 4.59446669 2.17744184
v -0.66256917 3.14606500 2.12367201
v -0.64375812 3.12090516 2.14040661
v -0.67863292 3.12325191 2.13988471
v -0.67972344 3.09931111 2.16012859
v -0.64648753 3.09707475 2.16062593
v -0.58178371 4.22472763 1.57554495
v -0.55914980 4.25061083 1.56634200
v -0.59402454 4.25295734 1.56582022
v -0.59104878 4.28331137 1.55847406
v -0.55781293 4.28107452 1.55897152
v -0.63780433 3.17766285 2.12008667
v -0.56119943 4.20050430 1.60032606
v -0.59835988 3.70296621 1.88769472
v -0.55863887 4.23287249 1.60168087
v -0.63902104 3.15959477 2.14707136
v -0.62598342 3.49068165 2.73782110
v -0.54937863 4.51352262 2.21806002
v -0.58759075 3.98813653 2.45047069
v -0.54736006 4.53153706 2.19108772
v -0.62774235 3.45825958 2.73647809
v -0.67632270 3.18025470 2.11951065
v -0.59971797 4.20309591 1.59974968
v -0.64712900 3.58522677 1.94828892
v -0.59795904 4.23551846 1.60109246
v -0.67834133 3.16224051 2.14648294
v -0.66450191 3.49327374 2.73724461
v -0.58789700 4.51611519 2.21748352
v -0.63635975 3.87039709 2.51106501
v -0.58668029 4.53418303 2.19049931
v -0.66706246 3.46090555 2.73588991
v -0.58053297 4.59504032 2.14103866
v -0.59124839 4.31129360 1.58107257
v -0.59280270 4.30568314 1.60048544
v -0.58259082 4.57609510 2.13413763
v -0.58456516 4.45973682 1.85770130
v -0.54382467 4.59256983 2.14158821
v -0.55454010 4.30882311 1.58162177
v -0.55433017 4.30309391 1.60106122
v -0.54411823 4.57350683 2.13471317
v -0.54951543 4.45737791 1.85822582
v -0.67116135 3.38495445 2.75594854
v -0.68187678 3.10120797 2.19598246
v -0.68158311 3.12027121 2.20285749
v -0.67137116 3.39068389 2.73650932
v -0.67618591 3.23639989 2.47934484
v -0.63445300 3.38248444 2.75649834
v -0.64516836 3.09873772 2.19653177
v -0.64311051 3.11768246 2.20343304
v -0.63289869 3.38809514 2.73708487
v -0.64113617 3.23404121 2.47986937
v -0.62763959 3.49523664 2.74798822
v -0.66255409 3.49758601 2.74746609
v -0.55094755 4.51924229 2.22763586
v -0.58586204 4.52159166 2.22711325
v -0.63223559 3.41977334 2.77355957
v -0.58810824 4.00536299 2.48429394
v -0.63003683 3.43579912 2.75932455
v -0.66887116 3.42223835 2.77301121
v -0.63401830 3.89452577 2.54133558
v -0.66847849 3.43838596 2.75874949
v -0.65595841 3.39516759 2.77617407
v -0.67044413 3.40567398 2.76320648
v -0.66988200 3.37907100 2.75930643
v -0.63260412 3.40312767 2.76377249
v -0.63660818 3.37683201 2.75980425
v -0.54501891 4.58430672 2.18179703
v -0.54559630 4.56326437 2.18639874
v -0.58165437 4.58677197 2.18124890
v -0.58403796 4.56585073 2.18582344
v -0.56545746 4.60355330 2.16212797
v -0.58184075 4.58872271 2.16203547
v -0.57836550 4.60101557 2.13837004
v -0.54400074 4.58617640 2.16260195
v -0.54509169 4.59877634 2.13886809
v -0.63983935 3.17218614 2.11045718
v -0.67475384 3.17453575 2.10993481
v -0.56314731 4.19619179 1.59010458
v -0.59806180 4.19854116 1.58958209
v -0.64404696 3.10700607 2.15632176
v -0.60017270 3.68589687 1.85383666
v -0.64166343 3.12792683 2.15174699
v -0.68068248 3.10947132 2.15577364
v -0.64608270 3.57505989 1.91087866
v -0.68010503 3.13051367 2.15117168
v -0.66745603 3.09070969 2.17533445
v -0.68170059 3.10760164 2.17496872
v -0.68060964 3.09500122 2.19870257
v -0.64386058 3.10505533 2.17553496
v -0.64733583 3.09276223 2.19920039
v -0.55683023 4.27153921 1.56455934
v -0.55722284 4.25539160 1.57882118
v -0.59346575 4.27400446 1.56401110
v -0.59566462 4.25797844 1.57824600
v -0.57695508 4.29909563 1.56128836
v -0.59309721 4.29064989 1.57379794
v -0.58909315 4.31694603 1.57776630
v -0.55525720 4.28810406 1.57436395
v -0.55581939 4.31470680 1.57826424
v -0.55787277 4.24744272 1.62894690
v -0.63834655 3.17294312 2.17495823
v -0.54764926 4.51816273 2.16320634
v -0.62812299 3.44366360 2.70921755
v -0.55009341 4.42137718 1.87647915
v -0.63634288 3.26975846 2.46167898
v -0.59757835 4.25011444 1.62835300
v -0.67805207 3.17561507 2.17436409
v -0.58735484 4.52083445 2.16261244
v -0.66782856 3.44633555 2.70862341
v -0.58935845 4.42401934 1.87589157
v -0.67560792 3.27240062 2.46109152
v -0.59227163 3.83324122 1.18230939
v -0.57681000 3.67414641 0.16969800
v -0.66278458 3.12086105 1.29315734
v -0.64732301 2.96176624 0.28054595
v -0.63038558 3.05588222 0.78493929
v -0.56318617 3.73478532 0.67930055
v -0.67114937 3.07600760 0.88834834
v -0.60395002 3.75491095 0.78270954
v -0.62692040 3.31547046 0.19969761
v -0.58959401 3.31195045 0.20082057
v -0.64314449 3.48241043 1.26224101
v -0.60581815 3.47889042 1.26336396
v -0.58419371 3.75952244 0.67509329
v -0.57005018 3.82526588 1.15704679
v -0.60719019 3.82876801 1.15592957
v -0.60870606 3.81965780 1.20705318
v -0.57331145 3.81632018 1.20811796
v -0.55538869 3.67440438 0.19683945
v -0.59252858 3.67790651 0.19572222
v -0.59256333 3.65355420 0.14983225
v -0.55716860 3.65021634 0.15089715
v -0.65585637 3.03552794 0.78774834
v -0.64020991 3.11645436 1.26733935
v -0.67734993 3.11995649 1.26622212
v -0.67556995 3.14414454 1.31216431
v -0.64017528 3.14080667 1.31322920
v -0.62554842 2.96559286 0.30713201
v -0.66268843 2.96909499 0.30601478
v -0.65942711 2.97804070 0.25494361
v -0.62403244 2.97470307 0.25600839
v -0.59646654 3.39530349 0.73212957
v -0.62105256 2.99430823 0.27842534
v -0.63643700 3.15260863 1.28598046
v -0.55733085 3.63807726 0.17825341
v -0.57271528 3.79637766 1.18580866
v -0.63789505 3.41575718 0.83722454
v -0.66002327 2.99798322 0.27725279
v -0.67540771 3.15628362 1.28480816
v -0.59630156 3.64175224 0.17708111
v -0.61168599 3.80005264 1.18463624
v -0.61178070 3.31269431 0.19148743
v -0.62826931 3.48235583 1.27135420
v -0.59112877 3.83258772 1.14956105
v -0.57125336 3.83026433 1.17322993
v -0.60604095 3.83354497 1.17218339
v -0.60630786 3.82994509 1.19721019
v -0.57315511 3.82681894 1.19820762
v -0.57664645 3.68356967 0.20108843
v -0.55608577 3.67419481 0.17987502
v -0.59087330 3.67747545 0.17882836
v -0.59041137 3.66637516 0.15611410
v -0.55725861 3.66324854 0.15711153
v -0.66251391 3.11139679 1.26177990
v -0.64186525 3.11688542 1.28423321
v -0.67665285 3.12016606 1.28318667
v -0.67548001 3.13111210 1.30595005
v -0.64232719 3.12798572 1.30694747
v -0.64803159 2.96237874 0.31330729
v -0.62669760 2.96081591 0.29087818
v -0.66148514 2.96409655 0.28983164
v -0.65958339 2.96754193 0.26485395
v -0.62643063 2.96441579 0.26585126
v -0.63856953 3.11702132 1.23610830
v -0.62483668 2.97571516 0.33671963
v -0.62801510 3.07736015 0.78160101
v -0.62251407 2.98819780 0.31206691
v -0.63692409 3.13647175 1.25580442
v -0.56947982 3.81502223 1.12749791
v -0.55574697 3.67371607 0.22810936
v -0.56507212 3.71326160 0.68265343
v -0.55659258 3.65419054 0.20843709
v -0.57100266 3.80246449 1.15217471
v -0.67699158 3.12064481 1.23495233
v -0.66325879 2.97933865 0.33556366
v -0.66928315 3.09773469 0.88628906
v -0.66173595 2.99189639 0.31088698
v -0.67614603 3.14017034 1.25462449
v -0.60790187 3.81864548 1.12634182
v -0.59416902 3.67733955 0.22695327
v -0.60634017 3.73363614 0.78734148
v -0.59581447 3.65788913 0.20725715
v -0.61022455 3.80616307 1.15099466
v -0.59523976 3.63168335 0.14973652
v -0.65786850 2.99895644 0.24819005
v -0.65744251 3.01561069 0.25669825
v -0.59775686 3.61860394 0.16287124
v -0.62563801 3.31432652 0.19316232
v -0.55862319 3.62823033 0.15083814
v -0.62125194 2.99550343 0.24929178
v -0.61906618 3.01199174 0.25785279
v -0.55938047 3.61498499 0.16402578
v -0.59067589 3.31102943 0.19421411
v -0.61148661 3.79885745 1.21376967
v -0.67411542 3.16613054 1.31222343
v -0.67335802 3.17937589 1.29903579
v -0.61367238 3.78236914 1.20520878
v -0.64206272 3.48333120 1.26884747
v -0.57487011 3.79540443 1.21487141
v -0.63749880 3.16267753 1.31332505
v -0.63498175 3.17575693 1.30019033
v -0.57529604 3.77875018 1.20636332
v -0.60710061 3.48003435 1.26989925
v -0.57017803 3.82645679 1.12621522
v -0.60500520 3.82974100 1.12516761
v -0.55642956 3.68498993 0.22580290
v -0.59125668 3.68827415 0.22475517
v -0.57139790 3.82461786 1.18980837
v -0.56244957 3.75160885 0.67666864
v -0.57078844 3.81651473 1.17438769
v -0.60794169 3.82806373 1.18870902
v -0.60129827 3.77078867 0.77521932
v -0.60913390 3.82013083 1.17323399
v -0.59447825 3.82044482 1.20987189
v -0.61028856 3.81301546 1.19938064
v -0.60981756 3.79987502 1.21897924
v -0.57254314 3.80945611 1.20051622
v -0.57662708 3.79674530 1.21997774
v -0.55576265 3.66373682 0.16582942
v -0.55565083 3.66075468 0.18300295
v -0.59230655 3.66718316 0.16472995
v -0.59399641 3.66437078 0.18184924
v -0.57825422 3.65350556 0.14733338
v -0.59440470 3.64957666 0.15912104
v -0.59341151 3.63106275 0.14451802
v -0.55665934 3.64601707 0.16025662
v -0.56022108 3.62793279 0.14551663
v -0.64148194 3.10608649 1.23830640
v -0.67630905 3.10937071 1.23725867
v -0.62773341 2.96461987 0.33789396
v -0.66256052 2.96790409 0.33684623
v -0.64043206 3.12717772 1.29833162
v -0.63296217 3.03923202 0.78751594
v -0.63874221 3.12999010 1.28121233
v -0.67697597 3.13062406 1.29723215
v -0.67181098 3.05841208 0.88606656
v -0.67708772 3.13360620 1.28005862
v -0.66167849 3.14153361 1.31551182
v -0.67607921 3.14834356 1.30280495
v -0.67251760 3.16642809 1.31754494
v -0.63833392 3.14478421 1.30394053
v -0.63932705 3.16329789 1.31854355
v -0.62479681 2.96629715 0.27435243
v -0.62360466 2.97423005 0.28982759
v -0.66134071 2.96974301 0.27325308
v -0.66195011 2.97784615 0.28867388
v -0.64545441 2.97459435 0.25297332
v -0.66019541 2.98490477 0.26254535
v -0.65611148 2.99761558 0.24308383
v -0.62245005 2.98134542 0.26368093
v -0.62292105 2.99448562 0.24408233
v -0.61922979 3.01925182 0.30668759
v -0.63365620 3.16769433 1.25149941
v -0.55947620 3.62293148 0.21275377
v -0.57390261 3.77137399 1.15756547
v -0.58905494 3.31578541 0.22580826
v -0.60451686 3.47488213 1.23843157
v -0.65883595 3.02298689 0.30549598
v -0.67326236 3.17142940 1.25030780
v -0.59908235 3.62666655 0.21156216
v -0.61350882 3.77510905 1.15637398
v -0.62822175 3.31947875 0.22463000
v -0.64368355 3.47857547 1.23725331
v 1.27634561 3.92661428 2.46592164
v 1.28315604 3.70626664 1.35513258
v 1.05015659 3.99109769 2.45174313
v 1.05696702 3.77074981 1.34095418
v 1.05239868 3.85762739 1.90096271
v 1.26795840 3.79617429 1.91447496
v 1.06272101 3.91745901 2.00840378
v 1.27828074 3.85600567 2.02191591
v 1.17451835 3.74749613 1.31782246
v 1.16401052 3.71216536 1.32476664
v 1.16737199 3.97870922 2.48338437
v 1.15686429 3.94337845 2.49032879
v 1.28165889 3.81613016 1.91060019
v 1.26976275 3.90025187 2.44123602
v 1.28021777 3.93540645 2.43432665
v 1.27435970 3.94664288 2.48736715
v 1.26439583 3.91314030 2.49395204
v 1.27622068 3.69130754 1.38793194
v 1.28667581 3.72646213 1.38102245
v 1.28147030 3.71658802 1.32764375
v 1.27150631 3.68308544 1.33422852
v 1.05178213 3.88166499 1.89619052
v 1.04470682 3.96441245 2.42712879
v 1.05516195 3.99956703 2.42021918
v 1.05987632 4.00778913 2.47392273
v 1.04991257 3.97428656 2.48050737
v 1.05116475 3.75546813 1.37382448
v 1.06162012 3.79062271 1.36691487
v 1.06698680 3.77773428 1.31419909
v 1.05702293 3.74423170 1.32078385
v 1.16008866 3.82659841 1.90777826
v 1.06139219 3.74650645 1.34867287
v 1.05461574 3.96575379 2.45391560
v 1.26579642 3.68823361 1.36148584
v 1.25901997 3.90748072 2.46672821
v 1.17057931 3.88740563 2.01697087
v 1.07236278 3.78339386 1.34142280
v 1.06558633 4.00264120 2.44666529
v 1.27676690 3.72512078 1.35423565
v 1.26999056 3.94436812 2.45947814
v 1.17035198 3.73140621 1.31111300
v 1.16308904 3.96638870 2.49567795
v 1.27789903 3.91903138 2.43087101
v 1.27070749 3.90476513 2.45924330
v 1.28050041 3.93769288 2.45277143
v 1.27780068 3.94277191 2.47896361
v 1.26846790 3.91139150 2.48513150
v 1.28427815 3.71264052 1.39043939
v 1.27738845 3.68860793 1.36957777
v 1.28718138 3.72153568 1.36310601
v 1.28480256 3.71622610 1.33692825
v 1.27546978 3.68484545 1.34309614
v 1.04891253 3.98431253 2.41651702
v 1.04420137 3.96933889 2.44504499
v 1.05399442 4.00226688 2.43857336
v 1.05591297 4.00602913 2.46505499
v 1.04658020 3.97464848 2.47122288
v 1.05529153 3.77792144 1.37608540
v 1.05088222 3.75318146 1.35537958
v 1.06067526 3.78610945 1.34890771
v 1.06291485 3.77948308 1.32301950
v 1.05358219 3.74810266 1.32918727
v 1.04644716 3.95669913 2.39399767
v 1.05249608 3.76098919 1.40740919
v 1.05915713 3.85545182 1.90143585
v 1.05761397 3.75433683 1.38347757
v 1.05126691 3.95969725 2.41871500
v 1.26807046 3.89351726 2.40788984
v 1.27411938 3.69780731 1.42130136
v 1.26106334 3.79789114 1.91409206
v 1.26907444 3.69405222 1.39673281
v 1.26272738 3.89941263 2.43197012
v 1.05726326 3.99306726 2.38684988
v 1.06331217 3.79735732 1.40026116
v 1.06960714 3.91602349 2.01020575
v 1.06865537 3.79146194 1.37618089
v 1.06230819 3.99682236 2.41141844
v 1.27888668 3.92988539 2.40074205
v 1.28493571 3.73417544 1.41415334
v 1.27151346 3.85846257 2.02286196
v 1.28011584 3.73117733 1.38943601
v 1.27376866 3.93653774 2.42467332
v 1.27487254 3.71836138 1.32336771
v 1.07397437 3.77563500 1.31077468
v 1.07886958 3.77748275 1.32280660
v 1.27032685 3.72290063 1.33480787
v 1.17422974 3.74494743 1.31083441
v 1.26456463 3.68370247 1.33017993
v 1.06366646 3.74097586 1.31758678
v 1.06806612 3.74115777 1.32994616
v 1.25952363 3.68657589 1.34194732
v 1.16438758 3.71185446 1.31733871
v 1.26771617 3.94989872 2.49056435
v 1.06681812 4.00717211 2.47797108
v 1.07185912 4.00429869 2.46620369
v 1.26331663 3.94971681 2.47820473
v 1.16699505 3.97902012 2.49081254
v 1.25740850 3.91523957 2.49737644
v 1.05651021 3.97251296 2.48478317
v 1.06105590 3.96797395 2.47334313
v 1.25251329 3.91339183 2.48534441
v 1.15715301 3.94592714 2.49731684
v 1.27212429 3.89431763 2.40833950
v 1.28192854 3.92728281 2.40186071
v 1.27818012 3.69838500 1.42062807
v 1.28798437 3.73135018 1.41414881
v 1.26782680 3.90798736 2.47604465
v 1.27353156 3.79553008 1.91463685
v 1.26595008 3.90408230 2.45822620
v 1.27811432 3.94257760 2.46924615
v 1.28336895 3.85255051 2.01703024
v 1.27674460 3.94037795 2.45109272
v 1.27091193 3.93372107 2.49294090
v 1.27302659 3.94640040 2.47773767
v 1.26731324 3.94937921 2.49660945
v 1.26240098 3.91067290 2.48475981
v 1.25796986 3.91796303 2.50278449
v 1.27471375 3.68516612 1.35278606
v 1.27261770 3.68835378 1.37072217
v 1.28500116 3.71975613 1.34598744
v 1.28341234 3.72464919 1.36358845
v 1.27805817 3.70250916 1.32738400
v 1.28002286 3.72003651 1.33662009
v 1.27453983 3.71557307 1.31797433
v 1.26939726 3.68430901 1.34364223
v 1.26519644 3.68415689 1.32414901
v 1.04339838 3.95952439 2.39400220
v 1.05320251 3.99248958 2.38752317
v 1.04945409 3.76359177 1.40629053
v 1.05925846 3.79655695 1.39981151
v 1.04638159 3.97111821 2.46216345
v 1.04734361 3.86001301 1.90045857
v 1.04797053 3.96622515 2.44456244
v 1.05666900 4.00570869 2.45536518
v 1.05718100 3.91703391 2.00285149
v 1.05876505 4.00252104 2.43742895
v 1.05534971 3.99517488 2.47942853
v 1.06198537 4.00656557 2.46450877
v 1.06618655 4.00671768 2.48400211
v 1.05135977 3.97083807 2.47153091
v 1.05684304 3.97530150 2.49017668
v 1.05326831 3.74829698 1.33890498
v 1.05463803 3.75049663 1.35705853
v 1.06355572 3.78288722 1.33210635
v 1.06543267 3.78679228 1.34992456
v 1.06249595 3.76396298 1.31387174
v 1.06898177 3.78020167 1.32339120
v 1.07341278 3.77291155 1.30536675
v 1.05835617 3.74447417 1.33041334
v 1.06406939 3.74149537 1.31154156
v 1.06745613 3.75121784 1.38354433
v 1.06110179 3.95681190 2.41996002
v 1.25913143 3.69657350 1.39555931
v 1.25277710 3.90216780 2.43197489
v 1.16358376 3.71672559 1.35231781
v 1.15677321 3.93707585 2.46311975
v 1.07860577 3.78870654 1.37617600
v 1.07225132 3.99430108 2.41259193
v 1.27028108 3.73406243 1.38819098
v 1.26392663 3.93965673 2.42460680
v 1.17460954 3.75379872 1.34503126
v 1.16779900 3.97414875 2.45583320
v -1.01346767 3.16777802 1.19965529
v -0.68816894 3.11941051 1.22876167
v -0.99106032 3.11499214 0.86150998
v -0.66576159 3.06662488 0.89061642
v -0.83259112 3.06945276 0.88729370
v -0.85394549 3.11975813 1.20954847
v -0.85997081 3.11290812 0.87869579
v -0.88132519 3.16321349 1.20095062
v -0.66652614 3.10678530 1.05823159
v -0.67245257 3.07013297 1.06356049
v -1.00786519 3.15753746 1.02769005
v -1.01379168 3.12088513 1.03301883
v -0.85096478 3.14424825 1.21693254
v -1.00848687 3.14479351 1.20270205
v -1.00259006 3.18126273 1.19739974
v -1.01778758 3.18148923 1.18822730
v -1.02340722 3.14673376 1.19328046
v -0.70002288 3.09892917 1.23030221
v -0.69412601 3.13539839 1.22499990
v -0.67815822 3.13099098 1.21861601
v -0.68377805 3.09623551 1.22366905
v -0.82819211 3.09060168 0.87327427
v -0.98619181 3.09227204 0.86625063
v -0.98029494 3.12874126 0.86094838
v -0.99653989 3.13143492 0.86758149
v -1.00215960 3.09667969 0.87263453
v -0.67772782 3.04640770 0.89385080
v -0.67183089 3.08287692 0.88854849
v -0.65691054 3.08093691 0.89797014
v -0.66253024 3.04618120 0.90302330
v -0.84331900 3.09429193 1.04846668
v -0.67129087 3.04678774 0.91009879
v -0.99496531 3.09491372 0.88113773
v -0.69154012 3.09448981 1.21567643
v -1.01521444 3.14261580 1.18671536
v -0.87114507 3.13845563 1.03972864
v -0.66510338 3.08505464 0.90453517
v -0.98877770 3.13318062 0.87557411
v -0.68535256 3.13275671 1.21011281
v -1.00902700 3.18088269 1.18115175
v -0.66612637 3.09163499 1.06062317
v -1.01303065 3.14321470 1.02958357
v -1.00333846 3.16635942 1.20269918
v -1.01369631 3.14690948 1.20314169
v -1.00817287 3.18106866 1.19817531
v -1.01574230 3.18086720 1.19415367
v -1.02100623 3.14831328 1.19888663
v -0.69864422 3.12105584 1.22996211
v -0.69458365 3.09946179 1.23169458
v -0.68906027 3.13362122 1.22672820
v -0.68129295 3.13113952 1.22407877
v -0.68655682 3.09858537 1.22881186
v -0.98065400 3.11292052 0.86037171
v -0.99125743 3.09404945 0.86452234
v -0.98573416 3.12820864 0.85955596
v -0.99376100 3.12908530 0.86243868
v -0.99902481 3.09653091 0.86717176
v -0.67595977 3.06761694 0.88763452
v -0.67214489 3.04660177 0.89307523
v -0.66662157 3.08076119 0.88810885
v -0.65931171 3.07935715 0.89236397
v -0.66457558 3.04680324 0.89709693
v -0.97669470 3.09059048 0.86978203
v -0.68776852 3.04763126 0.89563400
v -0.83330578 3.07080817 0.89753413
v -0.68121189 3.04736543 0.90392500
v -0.98438513 3.09244299 0.87679833
v -0.99864972 3.14231110 1.20110178
v -0.70972359 3.09935164 1.22695386
v -0.85330760 3.11792707 1.19937730
v -0.70216024 3.09671402 1.22005165
v -1.00533330 3.14179182 1.19292498
v -0.97059423 3.12831879 0.86429673
v -0.68166810 3.08535957 0.89014870
v -0.86102420 3.11480069 0.88882989
v -0.67498451 3.08587885 0.89832562
v -0.97815764 3.13095641 0.87119889
v -0.99254942 3.18003917 1.19561660
v -0.70362312 3.13707995 1.22146845
v -0.88102597 3.16191983 1.19067299
v -0.69593281 3.13522744 1.21445227
v -0.99910593 3.18030524 1.18732548
v -0.67629403 3.12984300 1.20847201
v -0.65639216 3.08295918 0.90813565
v -0.66020495 3.08544302 0.91475499
v -0.67917156 3.13012362 1.20097768
v -0.66460288 3.10531044 1.05858934
v -0.68210787 3.09388781 1.21369934
v -0.66220587 3.04700398 0.91336310
v -0.66629815 3.04775977 0.92023373
v -0.68526489 3.09244013 1.20645642
v -0.67015404 3.07097983 1.06358063
v -1.01811206 3.18066645 1.17788744
v -0.99821001 3.13378263 0.87755114
v -0.99505305 3.13523030 0.88479406
v -1.01401961 3.17991066 1.17101681
v -1.01016378 3.15669060 1.02766991
v -1.02392578 3.14471126 1.18311489
v -1.00402379 3.09782767 0.88277858
v -1.00114632 3.09754682 0.89027292
v -1.02011299 3.14222741 1.17649555
v -1.01571500 3.12235999 1.03266120
v -0.99888062 3.14492941 1.20613956
v -0.99335098 3.17912745 1.20116758
v -0.70962560 3.10192108 1.23202097
v -0.70409590 3.13611913 1.22704899
v -1.01850402 3.14618802 1.19904411
v -0.85432577 3.12190175 1.21736157
v -1.01323998 3.14412069 1.19705057
v -1.01270175 3.18207169 1.19382691
v -0.88041919 3.16331530 1.20916760
v -1.00715148 3.18177366 1.19157624
v -1.02093387 3.16789627 1.19097030
v -1.01470602 3.18183661 1.18573022
v -1.02007031 3.17926002 1.17815304
v -1.02069914 3.14477277 1.19111884
v -1.02533996 3.14666891 1.18289149
v -0.68955356 3.09727764 1.22847724
v -0.69476026 3.09676695 1.22554684
v -0.68375123 3.13316131 1.22326016
v -0.68867201 3.13442016 1.22007251
v -0.67959625 3.11714435 1.22151184
v -0.68052554 3.13214850 1.21563125
v -0.67490244 3.12793851 1.20903730
v -0.68651855 3.09508491 1.22101998
v -0.68017232 3.09534764 1.21377563
v -0.97622198 3.09155130 0.86420161
v -0.97069228 3.12574935 0.85922956
v -0.68696678 3.04854298 0.89008301
v -0.68143719 3.08274126 0.88511097
v -0.99656665 3.09450912 0.86799043
v -0.83191860 3.06911612 0.87921786
v -0.99164581 3.09325027 0.87117809
v -0.99076432 3.13039279 0.86277330
v -0.85801190 3.11052966 0.87102395
v -0.98555756 3.13090348 0.86570370
v -0.99957931 3.11759043 0.86871165
v -0.99379927 3.13258553 0.87023056
v -1.00014555 3.13232303 0.87747490
v -0.99979228 3.09552193 0.87561929
v -1.00541532 3.09973192 0.88221329
v -0.66761607 3.04559875 0.89742362
v -0.67316616 3.04589701 0.89967436
v -0.66181386 3.08148265 0.89220649
v -0.66707790 3.08354998 0.89420003
v -0.65824169 3.06683826 0.89925319
v -0.65961879 3.08289766 0.90013164
v -0.65497786 3.08100152 0.90835905
v -0.66561174 3.04583406 0.90552038
v -0.66024768 3.04841042 0.91309750
v -0.68204987 3.04945946 0.91875702
v -0.98556817 3.09458852 0.89159948
v -0.70103818 3.09419107 1.20530546
v -1.00455642 3.13931990 1.17814791
v -0.68061703 3.07042170 1.06297445
v -1.00591958 3.11878967 1.03386772
v -0.67576146 3.08835053 0.91310269
v -0.97927964 3.13347960 0.88594508
v -0.69474971 3.13308215 1.19965100
v -0.99826795 3.17821097 1.17249346
v -0.67439836 3.10888100 1.05738282
v -0.99970078 3.15724897 1.02827609
v -0.59771061 2.98160863 0.38155282
v -0.78126132 3.00489807 0.33760333
v -0.67598236 3.04681540 0.74300152
v -0.85953307 3.07010484 0.69905210
v -0.76957226 3.03433228 0.71581918
v -0.69497877 2.97218943 0.37135601
v -0.74439549 3.07038641 0.71476692
v -0.66980201 3.00824356 0.37030375
v -0.82250375 3.05303574 0.51506907
v -0.82843018 3.01638341 0.52039796
v -0.62990212 3.02859783 0.56118572
v -0.63582855 2.99194551 0.56651455
v -0.68881178 2.99294519 0.35659909
v -0.60614890 2.96077371 0.38446140
v -0.60025203 2.99724293 0.37915909
v -0.59342724 2.99679422 0.38983643
v -0.59904706 2.96203899 0.39488959
v -0.78020066 2.98285794 0.34278643
v -0.77430373 3.01932716 0.33748412
v -0.78506410 3.02110982 0.34395087
v -0.79068393 2.98635459 0.34900391
v -0.76835966 3.05921531 0.72394079
v -0.68402857 3.02565408 0.74409950
v -0.67813164 3.06212330 0.73879725
v -0.66764832 3.05862665 0.73257971
v -0.67326814 3.02387142 0.73763275
v -0.85808027 3.04773831 0.70242453
v -0.85218340 3.08420753 0.69712228
v -0.85928524 3.08294225 0.68669409
v -0.86490500 3.04818702 0.69174719
v -0.73232621 3.00294733 0.54363322
v -0.85894364 3.04440713 0.68502700
v -0.67630941 3.02123404 0.72875696
v -0.78821045 2.98548031 0.35839033
v -0.60557622 2.96230721 0.40212023
v -0.70673895 3.03958917 0.54256374
v -0.85275608 3.08267403 0.67946339
v -0.67012179 3.05950093 0.72319335
v -0.78202283 3.02374721 0.35282671
v -0.59938866 3.00057411 0.39655662
v -0.82645655 3.03849864 0.51683563
v -0.63071483 3.01366210 0.56370413
v -0.60307407 2.98172975 0.37795663
v -0.60270697 2.96133828 0.38385415
v -0.59718359 2.99549770 0.37888765
v -0.59378558 2.99481177 0.38373065
v -0.59904939 2.96225786 0.38846362
v -0.77499872 3.00354385 0.33679104
v -0.78276724 2.98418522 0.34074032
v -0.77724385 3.01834440 0.33577394
v -0.78249961 3.01875639 0.33854485
v -0.78776336 2.98620224 0.34327793
v -0.68231386 3.04774308 0.74387586
v -0.68108845 3.02663684 0.74580967
v -0.67556512 3.06079602 0.74084330
v -0.67056882 3.05877900 0.73830575
v -0.67583263 3.02622485 0.74303883
v -0.85423863 3.06955743 0.70271021
v -0.86114872 3.04948354 0.70269597
v -0.85562533 3.08364272 0.69772959
v -0.85928285 3.08272338 0.69312006
v -0.86454678 3.05016947 0.69785303
v -0.68904853 3.02522922 0.74012858
v -0.85207599 3.04591465 0.70109326
v -0.76724839 3.03212643 0.70494467
v -0.85440052 3.04456711 0.69206780
v -0.68333423 3.02286172 0.73302799
v -0.61235672 2.96133852 0.38597560
v -0.77538419 2.98202395 0.34694028
v -0.69737959 2.97391963 0.38229978
v -0.78122556 2.98360610 0.35415506
v -0.61015916 2.96190071 0.39511526
v -0.68294805 3.06295729 0.73464334
v -0.84597552 3.08364272 0.69560802
v -0.74176025 3.06862640 0.70387930
v -0.84817308 3.08308053 0.68646836
v -0.67710680 3.06137514 0.72742856
v -0.60625631 2.99906659 0.38049042
v -0.76928377 3.01975179 0.34145510
v -0.67189151 3.01041985 0.38123441
v -0.77499813 3.02211952 0.34855568
v -0.60393167 3.00041413 0.38951588
v -0.78793514 3.02374625 0.35457027
v -0.85745507 3.08166242 0.67560446
v -0.85371548 3.08091593 0.66840655
v -0.78746253 3.02572155 0.36245871
v -0.82388252 3.05202603 0.51495266
v -0.79374886 2.98779106 0.35979784
v -0.86326885 3.04570699 0.68083203
v -0.85980880 3.04323268 0.67388529
v -0.79355574 2.98803830 0.36793745
v -0.82943356 3.01769543 0.51994395
v -0.59506345 2.99927425 0.40075159
v -0.66458333 3.05719018 0.72178578
v -0.66477650 3.05694270 0.71364617
v -0.59852350 3.00174832 0.40769839
v -0.62889868 3.02728581 0.56163967
v -0.60087717 2.96331882 0.40597916
v -0.67039710 3.02123475 0.72701329
v -0.67086971 3.01925969 0.71912491
v -0.60461670 2.96406531 0.41317713
v -0.63444978 2.99295521 0.56663102
v -0.61074960 2.96206784 0.38006628
v -0.60521990 2.99626589 0.37509429
v -0.77396268 2.98277688 0.34098661
v -0.76843297 3.01697493 0.33601451
v -0.60094649 2.96085358 0.38868761
v -0.69299376 2.97156096 0.36273265
v -0.60464329 2.96084332 0.39087808
v -0.59514427 2.99673724 0.38347054
v -0.66899985 3.00592113 0.36172986
v -0.59855497 2.99849629 0.38540363
v -0.59499741 2.98273206 0.39110291
v -0.59537345 2.99863982 0.39205098
v -0.59435070 2.99743938 0.40103972
v -0.60136652 2.96157598 0.39743960
v -0.59962046 2.96484828 0.40577817
v -0.78655779 2.98440433 0.34424484
v -0.78434646 2.98364449 0.34784985
v -0.78075558 3.02028847 0.33902764
v -0.77825809 3.02129769 0.34237552
v -0.78759819 3.00716972 0.34498656
v -0.78393590 3.02256513 0.34690154
v -0.78911269 3.02215123 0.35440588
v -0.78992897 2.98550153 0.35229027
v -0.79438251 2.98956013 0.35914433
v -0.68989927 3.02800632 0.74556911
v -0.68436956 3.06220436 0.74059707
v -0.85311234 3.04871511 0.70648938
v -0.84758264 3.08291340 0.70151734
v -0.67757672 3.02469277 0.74255604
v -0.77126509 3.03676772 0.72417980
v -0.68007427 3.02368355 0.73920816
v -0.67177445 3.06057692 0.73733884
v -0.74727124 3.07112789 0.72317696
v -0.67398584 3.06133676 0.73373377
v -0.66959184 3.04487538 0.73557013
v -0.66840339 3.05947971 0.72929341
v -0.66394985 3.05542111 0.72243935
v -0.67439640 3.02241611 0.73468214
v -0.66921961 3.02283001 0.72717774
v -0.86318809 3.04824376 0.69811314
v -0.85977739 3.04648495 0.69618005
v -0.85738575 3.08412766 0.69289607
v -0.85368896 3.08413792 0.69070560
v -0.86219263 3.06931329 0.68945372
v -0.85696572 3.08340502 0.68414402
v -0.85871172 3.08013296 0.67580551
v -0.86295879 3.04634142 0.68953270
v -0.86398154 3.04754210 0.68054384
v -0.85110515 3.04153872 0.67626369
v -0.67984402 3.01980853 0.71727043
v -0.78477669 2.98628163 0.36996758
v -0.61351562 2.96455145 0.41097438
v -0.82405198 3.01490569 0.52161264
v -0.64049906 2.99161601 0.56556261
v -0.84481668 3.08042979 0.67060930
v -0.67355561 3.05869961 0.71161610
v -0.77848822 3.02517271 0.36431324
v -0.60722721 3.00344253 0.40532005
v -0.81783324 3.05336523 0.51602101
v -0.63428032 3.03007555 0.55997097
v -0.66238999 3.04276323 0.73024690
v -0.91398096 3.07996297 0.70630234
v -0.67364872 3.06733274 0.88671523
v -0.92523968 3.10453248 0.86277074
v -0.80283326 3.06275964 0.87435168
v -0.79210371 3.03934455 0.72523630
v -0.77062905 3.09737682 0.87123317
v -0.75989944 3.07396197 0.72211778
v -0.92339438 3.10812497 0.78177112
v -0.92932081 3.07147264 0.78710002
v -0.65939736 3.06909084 0.80689639
v -0.66532379 3.03243876 0.81222522
v -0.78805757 3.06138659 0.71696663
v -0.67242098 3.02218676 0.73315972
v -0.66652405 3.05865598 0.72785747
v -0.65487391 3.05659151 0.73278582
v -0.66049361 3.02183580 0.73783898
v -0.91099185 3.05746150 0.71045434
v -0.90509492 3.09393048 0.70515209
v -0.91754848 3.09542966 0.70778656
v -0.92316824 3.06067443 0.71283960
v -0.79949981 3.08635664 0.87598598
v -0.68362325 3.04663301 0.88884431
v -0.67772639 3.08310223 0.88354206
v -0.66554987 3.07988930 0.88115680
v -0.67116970 3.04513383 0.88620985
v -0.92219412 3.08190775 0.86613894
v -0.91629726 3.11837673 0.86083668
v -0.92822450 3.11872768 0.85615742
v -0.93384433 3.08397222 0.86121053
v -0.79751915 3.05073857 0.79983962
v -0.92770743 3.08075690 0.85856682
v -0.67737263 3.04374290 0.88239169
v -0.91753304 3.05855370 0.71716827
v -0.66719836 3.02153993 0.74099320
v -0.76478988 3.08592033 0.79667020
v -0.92151988 3.11902380 0.85300320
v -0.67118514 3.08200979 0.87682813
v -0.91134560 3.09682059 0.71160465
v -0.66101074 3.05980682 0.73542958
v -0.92792928 3.09370661 0.78370887
v -0.65962809 3.05403614 0.80924374
v -0.67032266 3.04357648 0.72855192
v -0.66808027 3.02265429 0.73288208
v -0.66255689 3.05681348 0.72791564
v -0.65687078 3.05538464 0.73019427
v -0.66213453 3.02283072 0.73492730
v -0.90597796 3.07841992 0.70612401
v -0.91488689 3.05914640 0.70939296
v -0.90936351 3.09330559 0.70442653
v -0.91553909 3.09363079 0.70557618
v -0.92080283 3.06107664 0.71030927
v -0.68172061 3.06844950 0.88695550
v -0.67935467 3.04725790 0.88956982
v -0.67383128 3.08141732 0.88460344
v -0.66791534 3.07948685 0.88368714
v -0.67317909 3.04693270 0.88842022
v -0.91737592 3.10329318 0.86452764
v -0.92616129 3.08375025 0.86608070
v -0.92063797 3.11790943 0.86111432
v -0.92658365 3.11773300 0.85906911
v -0.93184745 3.08517909 0.86380208
v -0.69119507 3.04693437 0.88702947
v -0.91465509 3.07997441 0.86576229
v -0.80253196 3.06177998 0.86966383
v -0.91997504 3.07984447 0.86177993
v -0.68549615 3.04517531 0.88409573
v -0.68016362 3.02286077 0.73371941
v -0.90362352 3.05590129 0.71245217
v -0.79248196 3.03984833 0.72999334
v -0.90944946 3.05687499 0.71550012
v -0.67497063 3.02220535 0.73781598
v -0.68509465 3.08466244 0.88154417
v -0.90855455 3.11770272 0.86027700
v -0.76992935 3.09682560 0.86650676
v -0.91374761 3.11835814 0.85618037
v -0.67926872 3.08368850 0.87849629
v -0.67406315 3.06058908 0.72823411
v -0.89752311 3.09362936 0.70696694
v -0.75987935 3.07489395 0.72683626
v -0.90322202 3.09538841 0.70990062
v -0.66874319 3.06071901 0.73221648
v -0.91863590 3.09689283 0.71231759
v -0.92863578 3.11871481 0.85129082
v -0.92556578 3.11866760 0.84815633
v -0.91603589 3.09787083 0.71571386
v -0.92521465 3.10720539 0.78178453
v -0.92444968 3.06093740 0.71754509
v -0.93444949 3.08275962 0.85651839
v -0.93165904 3.08098435 0.85363507
v -0.92212909 3.06018782 0.72119260
v -0.93076575 3.07287478 0.78677589
v -0.65426868 3.05780411 0.73747802
v -0.66426855 3.07962608 0.87645125
v -0.66658908 3.08037591 0.87280381
v -0.65705919 3.05957913 0.74036127
v -0.65795243 3.06768894 0.80722046
v -0.66008240 3.02184868 0.74270558
v -0.67008233 3.04367089 0.88167882
v -0.67268234 3.04269266 0.87828249
v -0.66315240 3.02189589 0.74584007
v -0.66350353 3.03335810 0.81221181
v -0.67957425 3.02422142 0.73101825
v -0.67404461 3.05841947 0.72604620
v -0.90328854 3.05729914 0.70972687
v -0.89775890 3.09149742 0.70475477
v -0.66454124 3.02150416 0.73512000
v -0.79169303 3.03967071 0.72142887
v -0.66881967 3.02140641 0.73606199
v -0.65873903 3.05738807 0.72990286
v -0.76100177 3.07266188 0.71845686
v -0.66273135 3.05905962 0.73058754
v -0.65642518 3.04258943 0.73448867
v -0.65688002 3.05824399 0.73360819
v -0.65323955 3.05591798 0.73776680
v -0.66287309 3.02118039 0.73899680
v -0.65850931 3.02332664 0.74250525
v -0.91895670 3.05912137 0.71090668
v -0.91513675 3.05782628 0.71261942
v -0.91315436 3.09500551 0.70568949
v -0.90904850 3.09547949 0.70714498
v -0.92042106 3.08162332 0.70936346
v -0.91534048 3.09645939 0.70900983
v -0.92019761 3.09538960 0.71235979
v -0.92133349 3.05939579 0.71439856
v -0.92546749 3.06279874 0.71709818
v -0.69095927 3.04906607 0.88924164
v -0.68542963 3.08326459 0.88426954
v -0.91467357 3.08214402 0.86795020
v -0.90914392 3.11634231 0.86297816
v -0.67556387 3.04555821 0.88830686
v -0.80295169 3.06424022 0.87789649
v -0.67966980 3.04508424 0.88685137
v -0.66976154 3.08144236 0.88308972
v -0.77226049 3.09723115 0.87492442
v -0.67358142 3.08273721 0.88137698
v -0.66715497 3.06600451 0.88360578
v -0.66738474 3.08116794 0.87959784
v -0.66325074 3.07776499 0.87689823
v -0.67337775 3.04410410 0.88498652
v -0.66852051 3.04517388 0.88163656
v -0.92997915 3.08317566 0.86409354
v -0.92598683 3.08150411 0.86340880
v -0.92417699 3.11905956 0.85887641
v -0.91989863 3.11915708 0.85793442
v -0.93115073 3.10503840 0.85848069
v -0.92584521 3.11938334 0.85499954
v -0.93020886 3.11723685 0.85149115
v -0.93183821 3.08231974 0.86038822
v -0.93547863 3.08464575 0.85622960
v -0.91964662 3.07860112 0.85495132
v -0.68490088 3.04389191 0.87729263
v -0.91010576 3.05778050 0.72235811
v -0.67536008 3.02307153 0.74469942
v -0.92326540 3.06965232 0.78782159
v -0.67167145 3.03245211 0.81176639
v -0.91335815 3.11749196 0.84929693
v -0.67861247 3.08278298 0.87163830
v -0.90381736 3.09667158 0.71670371
v -0.66907161 3.06196260 0.73904502
v -0.91704679 3.10811162 0.78223002
v -0.66545278 3.07091141 0.80617481
v -0.36524877 3.87219834 0.40374291
v 0.78090978 3.84541059 0.38719106
v -0.37268558 3.57094169 0.37632644
v 0.77347296 3.54415393 0.35977459
v 0.20085189 3.56252360 0.39172113
v 0.20793922 3.84962368 0.41784918
v 0.08198881 3.56886888 0.35423839
v 0.08907614 3.85596871 0.38036644
v 0.80526233 3.69551373 0.35782981
v 0.80572206 3.69210339 0.39518034
v -0.39741340 3.72362256 0.37519765
v -0.39695367 3.72021198 0.41254818
v 0.20788836 3.86128116 0.39546263
v -0.33533883 3.86874080 0.42525816
v -0.33579621 3.87213397 0.38809419
v -0.39086321 3.86629677 0.38911951
v -0.39042738 3.86306286 0.42453706
v 0.75150448 3.84333920 0.40956295
v 0.75104713 3.84673285 0.37239897
v 0.80578804 3.83832932 0.37183845
v 0.80622387 3.83509517 0.40725613
v 0.20033035 3.55511284 0.36759925
v -0.34273842 3.56899309 0.39797914
v -0.34319580 3.57238650 0.36081505
v -0.39791512 3.58063054 0.36312199
v -0.39747930 3.57739639 0.39853954
v 0.74410498 3.54359150 0.38228393
v 0.74364758 3.54698491 0.34511983
v 0.79873610 3.55266285 0.34584093
v 0.79917192 3.54942894 0.38125849
v 0.20439948 3.70604444 0.40510464
v 0.77125186 3.55663466 0.38406456
v -0.36918378 3.58328843 0.40053368
v 0.77797240 3.82887650 0.40884042
v -0.36246324 3.85553050 0.42530942
v 0.08359850 3.71249342 0.36701071
v 0.77077192 3.56019521 0.34506857
v -0.36966363 3.58684921 0.36153769
v 0.77749252 3.83243752 0.36984432
v -0.36294314 3.85909128 0.38631356
v 0.81525123 3.69391370 0.37270534
v -0.40703252 3.72248030 0.39035654
v -0.32890120 3.87319303 0.40360546
v -0.35408914 3.87025213 0.42444003
v -0.35451755 3.87343097 0.38962984
v -0.38160205 3.87091184 0.39055812
v -0.38119379 3.86788273 0.42373240
v 0.74465972 3.84810233 0.38810205
v 0.77027345 3.84397435 0.40820301
v 0.76984495 3.84715271 0.37339294
v 0.79679793 3.84337091 0.37354064
v 0.79720616 3.84034157 0.40671504
v -0.33643001 3.56821036 0.37584996
v -0.36153629 3.56857324 0.39698517
v -0.36196473 3.57175159 0.36217511
v -0.38889745 3.57538414 0.36366308
v -0.38848919 3.57235479 0.39683735
v 0.73713088 3.54311919 0.36034667
v 0.76282632 3.54229474 0.38074815
v 0.76239789 3.54547334 0.34593809
v 0.78950250 3.54784298 0.34664559
v 0.78991073 3.54481363 0.37981999
v -0.30825415 3.57041574 0.39833152
v 0.70974934 3.54662323 0.38363051
v 0.20107931 3.57159400 0.39279103
v 0.73502028 3.55276823 0.38428402
v -0.33318108 3.57773376 0.39971006
v -0.30096745 3.86559176 0.42519462
v 0.71703613 3.84179950 0.41049349
v 0.20771775 3.84050894 0.41726410
v 0.74197274 3.83440828 0.40991521
v -0.32622856 3.85937405 0.42534113
v -0.30872738 3.57392645 0.35988462
v 0.70927620 3.55013394 0.34518349
v 0.08074612 3.57801771 0.35484469
v 0.73453730 3.55635190 0.34503675
v -0.33366406 3.58131742 0.36046278
v -0.30144063 3.86910248 0.38674748
v 0.71656293 3.84531021 0.37204635
v 0.08738454 3.84693289 0.37931764
v 0.74148977 3.83799195 0.37066793
v -0.32671154 3.86295772 0.38609385
v 0.80941266 3.82924819 0.37034810
v 0.80280739 3.56167555 0.34599721
v 0.79067314 3.56832981 0.34586632
v 0.79696792 3.82332826 0.36907291
v 0.81271452 3.69523191 0.35890532
v 0.80986351 3.82590222 0.40698850
v 0.80325830 3.55832982 0.38263750
v 0.79114568 3.56482339 0.38426745
v 0.79744053 3.81982183 0.40747404
v 0.81314510 3.69203758 0.39389002
v -0.39494956 3.85739565 0.38774049
v -0.40155482 3.58982348 0.36338961
v -0.38913181 3.59590387 0.36290395
v -0.38283694 3.85090232 0.38611054
v -0.40483633 3.72368813 0.37648797
v -0.39449868 3.85405016 0.42438078
v -0.40110394 3.58647776 0.40002990
v -0.38865927 3.59239745 0.40130520
v -0.38236439 3.84739590 0.42451179
v -0.40440571 3.72049379 0.41147280
v -0.30145222 3.87049937 0.42383480
v -0.30188119 3.87368155 0.38898504
v 0.71771008 3.84667993 0.40911686
v 0.71728122 3.84986210 0.37426710
v -0.37149295 3.86720681 0.42526233
v 0.20810261 3.85678530 0.41757262
v -0.35309225 3.86438560 0.42568719
v -0.37194294 3.87054610 0.38869464
v 0.09482393 3.86283278 0.38185084
v -0.35356453 3.86788940 0.38731682
v -0.39368144 3.86579728 0.40333772
v -0.38133517 3.86388779 0.38759601
v -0.40082631 3.85752964 0.38955367
v -0.38087034 3.86043882 0.42536592
v -0.40041760 3.85449696 0.42276573
v 0.78753251 3.84011841 0.40852475
v 0.76904011 3.83815956 0.40948248
v 0.78708249 3.84345770 0.37195706
v 0.76856780 3.84166312 0.37111211
v 0.80898893 3.83768892 0.38596988
v 0.79611778 3.83636856 0.37059236
v 0.81533915 3.82910562 0.37199092
v 0.79658264 3.83291984 0.40836227
v 0.81574774 3.82607317 0.40520298
v -0.30897245 3.56586361 0.39611089
v -0.30940139 3.56904578 0.36126113
v 0.71018988 3.54204416 0.38139307
v 0.70976102 3.54522634 0.34654331
v -0.37877375 3.57226825 0.39842093
v 0.20066582 3.55552983 0.39015639
v -0.36025912 3.57406259 0.39926600
v -0.37922376 3.57560730 0.36185324
v 0.08738716 3.56157708 0.35443461
v -0.36073139 3.57756639 0.36089563
v -0.40076879 3.57869434 0.37720942
v -0.38827392 3.58280611 0.36201572
v -0.40743905 3.58965254 0.36517513
v -0.38780910 3.57935715 0.39978564
v -0.40703034 3.58662009 0.39838707
v 0.78025162 3.54517984 0.38168335
v 0.76187325 3.54783678 0.38306105
v 0.77980167 3.54851890 0.34511566
v 0.76140100 3.55134010 0.34469080
v 0.80190152 3.55058575 0.35984147
v 0.78917909 3.55528688 0.34501207
v 0.80872631 3.56122875 0.34761226
v 0.78964394 3.55183816 0.38278186
v 0.80913502 3.55819631 0.38082433
v 0.73595589 3.56591201 0.38566673
v -0.33346143 3.59090614 0.40111029
v 0.74225795 3.82120085 0.40889966
v -0.32715943 3.84619498 0.42434323
v 0.77748156 3.69267964 0.39650905
v -0.36869049 3.71946764 0.41306102
v 0.73546809 3.56953096 0.34603477
v -0.33394921 3.59452486 0.36147833
v 0.74177015 3.82481956 0.36926782
v -0.32764718 3.84981346 0.38471138
v 0.77699924 3.69625807 0.35731697
v -0.36917284 3.72304606 0.37386894
v -0.66396129 2.97281003 0.22780383
v -0.64613760 3.17013359 1.06460881
v -0.58528006 3.60371208 0.07735741
v -0.56745631 3.80103564 0.91416240
v -0.55526626 3.68472981 0.49947101
v -0.63025004 3.08347535 0.64284754
v -0.59617054 3.66914940 0.41274190
v -0.67115432 3.06789494 0.55611843
v -0.62155235 3.49231672 1.00990045
v -0.58432472 3.48774219 1.01018620
v -0.64025497 3.28526330 0.13183236
v -0.60302734 3.28068876 0.13211811
v -0.65591782 3.06635666 0.64743090
v -0.64136320 2.97679996 0.24924827
v -0.67840493 2.98135161 0.24896395
v -0.67654949 2.98653722 0.20536935
v -0.64124840 2.98219943 0.20564032
v -0.62446183 3.16391182 1.04274750
v -0.66150355 3.16846347 1.04246318
v -0.65794063 3.19255376 1.07903886
v -0.62263954 3.18821597 1.07930982
v -0.57595396 3.70754480 0.49453169
v -0.56307608 3.60454202 0.09955549
v -0.60011786 3.60909367 0.09927106
v -0.60194021 3.58478951 0.06270874
v -0.56663913 3.58045173 0.06297970
v -0.54617476 3.79165387 0.89305466
v -0.58321649 3.79620552 0.89277029
v -0.58333135 3.79080606 0.93637824
v -0.54803014 3.78646827 0.93664926
v -0.59243971 3.38406348 0.57116169
v -0.54843700 3.76735306 0.91949362
v -0.56617177 3.57101488 0.08686686
v -0.61954027 3.19721460 1.05545008
v -0.63727504 3.00087619 0.22282338
v -0.63401091 3.36822915 0.48301864
v -0.58730471 3.77212930 0.91919523
v -0.60503942 3.57579088 0.08656847
v -0.65840793 3.20199060 1.05515182
v -0.67614269 3.00565243 0.22252500
v -0.60643214 3.49216557 1.01717317
v -0.62543970 3.28173614 0.12478948
v -0.66366678 2.97513103 0.25523734
v -0.64308023 2.97169185 0.23602533
v -0.67777580 2.97595525 0.23575890
v -0.67657745 2.97764468 0.21450293
v -0.64351225 2.97358179 0.21475673
v -0.64697206 3.15995622 1.03903925
v -0.62559539 3.16526294 1.05691719
v -0.66029096 3.16952658 1.05665076
v -0.65825224 3.18051910 1.07484734
v -0.62518716 3.17645621 1.07510114
v -0.58401251 3.61383653 0.10293019
v -0.56428874 3.60347891 0.08536780
v -0.59898430 3.60774255 0.08510149
v -0.59939253 3.59654927 0.06691754
v -0.56632745 3.59248638 0.06717134
v -0.56731766 3.79866147 0.88673204
v -0.54680389 3.79705024 0.90625972
v -0.58149946 3.80131364 0.90599328
v -0.58106738 3.79942369 0.92726189
v -0.54800224 3.79536080 0.92751563
v -0.56249851 3.60560203 0.12583172
v -0.54666770 3.78086233 0.86907130
v -0.55739945 3.66565847 0.50401354
v -0.54764622 3.77096057 0.89077890
v -0.56425756 3.58705831 0.11089003
v -0.63959157 2.98743415 0.27324140
v -0.62376070 3.16269445 1.01648116
v -0.62763369 3.10248756 0.63830858
v -0.62120390 3.18114018 1.03142881
v -0.63781542 2.99723792 0.25154006
v -0.60081899 3.61031103 0.12553751
v -0.58498812 3.78557134 0.86877716
v -0.59880966 3.64988542 0.41621172
v -0.58676434 3.77576756 0.89047861
v -0.60337573 3.59186530 0.11058974
v -0.67791194 2.99214315 0.27294731
v -0.66208112 3.16740346 1.01618695
v -0.66904390 3.08671451 0.55050683
v -0.66032213 3.18594718 1.03112864
v -0.67693353 3.00204468 0.25123978
v -0.65612710 3.21223879 1.07733107
v -0.58624345 3.77259827 0.94370645
v -0.58895403 3.75742579 0.93787485
v -0.65555358 3.22339916 1.06522012
v -0.62025774 3.49345255 1.01533949
v -0.61960739 3.20775127 1.07761145
v -0.54972374 3.76811051 0.94398683
v -0.55067915 3.75272250 0.93816870
v -0.61727870 3.21869588 1.06551385
v -0.58538800 3.48916769 1.01560724
v -0.67485595 3.00489497 0.19803178
v -0.60497230 3.56525421 0.06440723
v -0.60730100 3.55430961 0.07650471
v -0.67390060 3.02028298 0.20384991
v -0.63919163 3.28383780 0.12641144
v -0.63833624 3.00040722 0.19831216
v -0.56845260 3.56076670 0.06468749
v -0.56902611 3.54960632 0.07679856
v -0.63562566 3.01557970 0.20414376
v -0.60432196 3.27955294 0.12667906
v -0.64262855 2.97764945 0.27516675
v -0.67736363 2.98191762 0.27490008
v -0.62677974 3.15310931 1.01925242
v -0.66151482 3.15737772 1.01898575
v -0.64159364 2.97565866 0.22169530
v -0.63301617 3.06876564 0.64637512
v -0.63980556 2.98355746 0.23401725
v -0.67804086 2.98013735 0.22141552
v -0.67199874 3.05391741 0.56372064
v -0.67804974 2.98825669 0.23372376
v -0.66272098 2.98278642 0.20363891
v -0.67697370 2.99313474 0.21122384
v -0.67327899 3.00335002 0.19381237
v -0.63932818 2.98850870 0.21151280
v -0.64017630 2.99928236 0.19406641
v -0.62356985 3.17519736 1.06789434
v -0.62235552 3.17674446 1.05328095
v -0.66001713 3.17967606 1.06761456
v -0.66059959 3.18144417 1.05298734
v -0.64401841 3.18983936 1.08170295
v -0.65866333 3.19584608 1.07087684
v -0.65436655 3.21272612 1.08172894
v -0.62101781 3.19122005 1.07116580
v -0.62126386 3.20865822 1.08198309
v -0.56306487 3.61562777 0.12303293
v -0.59779996 3.61989617 0.12276614
v -0.54721606 3.79108787 0.86711854
v -0.58195114 3.79535604 0.86685193
v -0.56456256 3.59332943 0.07440412
v -0.55433542 3.69966507 0.49592930
v -0.56398010 3.59156132 0.08903122
v -0.60100985 3.59780812 0.07412434
v -0.59331793 3.68481684 0.41327488
v -0.60222417 3.59626102 0.08873761
v -0.58773631 3.58404803 0.06026065
v -0.60356188 3.58178544 0.07085276
v -0.60331583 3.56434727 0.06003559
v -0.56591630 3.57715940 0.07114172
v -0.57021314 3.56027937 0.06028974
v -0.54653877 3.79286814 0.92060310
v -0.54652995 3.78474879 0.90829486
v -0.58298600 3.79734683 0.92032331
v -0.58477408 3.78944802 0.90800136
v -0.56903380 3.79110050 0.93832475
v -0.58525151 3.78449678 0.93050575
v -0.58440340 3.77372313 0.94795227
v -0.54760599 3.77987075 0.93079478
v -0.55130070 3.76965547 0.94820631
v -0.55088627 3.74344873 0.89780414
v -0.56751657 3.55933690 0.11702752
v -0.61756158 3.20881438 1.02529430
v -0.63419199 3.02470255 0.24451768
v -0.58384627 3.48276567 0.98956668
v -0.60167021 3.28543973 0.15275180
v -0.59038776 3.74830294 0.89750087
v -0.60701805 3.56419110 0.11672437
v -0.65706313 3.21366858 1.02499104
v -0.67369348 3.02955675 0.24421453
v -0.62290949 3.48756576 0.98926675
v -0.64073342 3.29023981 0.15245187
v 0.78771871 3.58783054 0.22344291
v -0.35111868 3.60821795 0.24976349
v 0.78987575 3.54008102 0.35376120
v -0.34896171 3.56046867 0.38008177
v 0.21983410 3.52968812 0.35591471
v 0.21777840 3.57519364 0.23172045
v 0.33843267 3.56453180 0.36671865
v 0.33637697 3.61003757 0.24252439
v -0.37773940 3.59921861 0.32083142
v -0.37866762 3.56400537 0.30794454
v 0.81725413 3.57782578 0.29321313
v 0.81632596 3.54261255 0.28032625
v 0.21828805 3.59862828 0.23561954
v 0.75770879 3.56748581 0.21685553
v 0.75863242 3.60252309 0.22967827
v 0.81321448 3.59960747 0.23116183
v 0.81233418 3.56621647 0.21894169
v -0.32219213 3.58681822 0.24181390
v -0.32126850 3.62185550 0.25463665
v -0.37579310 3.62089324 0.25864172
v -0.37667337 3.58750224 0.24642169
v 0.22048028 3.55010033 0.36806250
v 0.75985509 3.51997566 0.34652102
v 0.76077867 3.55501294 0.35934365
v 0.81525993 3.55432892 0.35473597
v 0.81437963 3.52093792 0.34251583
v -0.32004589 3.53930807 0.37147939
v -0.31912225 3.57434535 0.38430202
v -0.37374771 3.57561469 0.38221598
v -0.37462792 3.54222369 0.36999583
v 0.21879829 3.55213976 0.29370737
v -0.34679213 3.54110098 0.36582947
v 0.78635889 3.52081513 0.33964050
v -0.34874144 3.58425140 0.24806249
v 0.78440958 3.56396580 0.22187340
v 0.33933046 3.58755136 0.30468750
v -0.34582305 3.57786536 0.37928426
v 0.78732800 3.55757976 0.35309517
v -0.34777239 3.62101603 0.26151717
v 0.78537869 3.60073018 0.23532808
v -0.38785398 3.58523512 0.31587529
v 0.82662237 3.56349349 0.28780663
v 0.75163293 3.58856654 0.22339571
v 0.77637100 3.56841469 0.21641314
v 0.77723604 3.60123301 0.22842360
v 0.80408394 3.59949374 0.22885132
v 0.80325949 3.56821775 0.21740532
v -0.31507051 3.60766268 0.24804902
v -0.34080964 3.58841467 0.24223304
v -0.33994457 3.62123275 0.25424349
v -0.36678910 3.62045479 0.25591218
v -0.36761349 3.58917880 0.24446619
v 0.75381678 3.54022646 0.35532582
v 0.77853113 3.52059841 0.34691417
v 0.77939618 3.55341649 0.35892463
v 0.80619997 3.55265236 0.35669136
v 0.80537558 3.52137637 0.34524536
v -0.31288674 3.55932283 0.37997901
v -0.33864951 3.54059815 0.37273407
v -0.33778447 3.57341647 0.38474452
v -0.36467296 3.57361341 0.38375235
v -0.36549735 3.54233742 0.37230623
v 0.72562277 3.52034521 0.34610128
v -0.28587818 3.53845310 0.36947882
v 0.21976297 3.53090072 0.35189784
v -0.31087524 3.53959513 0.36698949
v 0.75050294 3.52059436 0.34245920
v 0.72350913 3.56713104 0.21841347
v -0.28799173 3.58523893 0.24179101
v 0.21783748 3.57352376 0.23557007
v -0.31289181 3.58423543 0.24515700
v 0.74848634 3.56523466 0.22062671
v 0.72657824 3.55659223 0.35936666
v -0.28492266 3.57470012 0.38274419
v 0.33982840 3.56617546 0.36283541
v -0.30989984 3.57659650 0.38053095
v 0.75147831 3.55759573 0.35600066
v 0.72446471 3.60337806 0.23167872
v -0.28703624 3.62148595 0.25505626
v 0.33790290 3.60879874 0.24650764
v -0.31191641 3.62123680 0.25869834
v 0.74946183 3.60223603 0.23416805
v -0.37954408 3.62010407 0.26285481
v -0.37762815 3.57769370 0.37860179
v -0.36545119 3.57930183 0.37590396
v -0.36727697 3.61971927 0.26559627
v -0.38515878 3.59823561 0.32059419
v -0.38045463 3.58556032 0.25021291
v -0.37853870 3.54314995 0.36595988
v -0.36640546 3.54309797 0.36265445
v -0.36823127 3.58351564 0.25234675
v -0.38602823 3.56525302 0.30852342
v 0.81712520 3.59868121 0.23519778
v 0.81904113 3.55627084 0.35094476
v 0.80681783 3.55831552 0.34881091
v 0.80499202 3.59873319 0.23850310
v 0.82461476 3.57657838 0.29263425
v 0.81621474 3.56413746 0.22255588
v 0.81813061 3.52172709 0.33830285
v 0.80586350 3.52211189 0.33556139
v 0.80403769 3.56252933 0.22525358
v 0.82374531 3.54359555 0.28056347
v 0.72409576 3.56956601 0.21697474
v 0.72496188 3.60242152 0.22899878
v -0.28855661 3.58769464 0.24037886
v -0.28769052 3.62055016 0.25240290
v 0.79359388 3.56674385 0.21716976
v 0.21775059 3.57718349 0.22897637
v 0.77525949 3.56585646 0.21828079
v 0.79450279 3.60121894 0.22978663
v 0.33077723 3.61039019 0.23927271
v 0.77621305 3.60203099 0.23151970
v 0.81584901 3.58636570 0.22591376
v 0.80372238 3.60052371 0.23277962
v 0.82294542 3.59698439 0.23440492
v 0.80278367 3.56491518 0.21974802
v 0.82212001 3.56567287 0.22294581
v -0.35802811 3.58736038 0.24378574
v -0.33970532 3.58581638 0.24404955
v -0.35711926 3.62183523 0.25640261
v -0.33875176 3.62199116 0.25728846
v -0.37913930 3.60775852 0.25353193
v -0.36620981 3.62146759 0.25981879
v -0.38545156 3.61861730 0.26233304
v -0.36714846 3.58585930 0.24678707
v -0.38627696 3.58730578 0.25087392
v 0.72627699 3.52128100 0.34875464
v 0.72714317 3.55413651 0.36077881
v -0.28637537 3.53940964 0.37215877
v -0.28550926 3.57226515 0.38418293
v 0.79570580 3.51999593 0.34475505
v 0.21990767 3.52943397 0.35929406
v 0.77733827 3.51984000 0.34386921
v 0.79661465 3.55447078 0.35737193
v 0.33293426 3.56264091 0.36959052
v 0.77829182 3.55601478 0.35710812
v 0.81790483 3.54085946 0.35010946
v 0.80573493 3.55597186 0.35437047
v 0.82486349 3.55452538 0.35028374
v 0.80479634 3.52036357 0.34133887
v 0.82403815 3.52321386 0.33882463
v -0.35591623 3.54061222 0.37137091
v -0.33762652 3.53980017 0.36963797
v -0.35500738 3.57508731 0.38398778
v -0.33667296 3.57597470 0.38287687
v -0.37708360 3.56225228 0.37772763
v -0.36419713 3.57691598 0.38140965
v -0.38353345 3.57615829 0.37821186
v -0.36513579 3.54130745 0.36837792
v -0.38435888 3.54484677 0.36675274
v -0.31157845 3.54151320 0.36123753
v 0.75100797 3.52249050 0.33667934
v -0.31340635 3.58197665 0.25080419
v 0.74918008 3.56295419 0.22624600
v -0.35061914 3.56263471 0.30697799
v 0.78823161 3.54224682 0.28065729
v -0.31059352 3.57887697 0.37491167
v 0.75199288 3.55985451 0.35035348
v -0.31242138 3.61934066 0.26447833
v 0.75016493 3.60031796 0.23992014
v -0.34964514 3.59958434 0.32050037
v 0.78920567 3.57919645 0.29417968
v 0.79941517 3.87801886 0.41228437
v -0.33051175 3.89944887 0.43997920
v 0.80198604 3.84558606 0.54227149
v -0.32794085 3.86701608 0.56996632
v 0.23639986 3.83463120 0.54747874
v 0.23394977 3.86553979 0.42360020
v 0.35406128 3.87059855 0.55412579
v 0.35161120 3.90150714 0.43024719
v -0.35671243 3.89861250 0.50935376
v -0.35762456 3.86222601 0.50029302
v 0.82893133 3.87612557 0.48029339
v 0.82801920 3.83973932 0.47123253
v 0.23443632 3.88922024 0.42512739
v 0.76964635 3.85704827 0.40798664
v 0.77055401 3.89325309 0.41700208
v 0.82471925 3.89061785 0.41850150
v 0.82385427 3.85611439 0.40990973
v -0.30180529 3.87736917 0.43424821
v -0.30089760 3.91357398 0.44326365
v -0.35498536 3.91299176 0.44741642
v -0.35585031 3.87848854 0.43882465
v 0.23704915 3.85625863 0.55723381
v 0.77220440 3.82477784 0.53732264
v 0.77311206 3.86098266 0.54633808
v 0.82715708 3.85986328 0.54176176
v 0.82629210 3.82535982 0.53316993
v -0.29924726 3.84509873 0.56358427
v -0.29833958 3.88130355 0.57259971
v -0.35254753 3.88223743 0.57067662
v -0.35341248 3.84773374 0.56208479
v 0.23516701 3.84977436 0.48546189
v -0.32580370 3.84618807 0.55807537
v 0.79848140 3.82486486 0.53051889
v -0.32812700 3.87549734 0.44060755
v 0.79615813 3.85417438 0.41305101
v 0.35474673 3.88632774 0.49221736
v -0.32485136 3.88417721 0.56753528
v 0.79943371 3.86285448 0.53997874
v -0.32717463 3.91348648 0.45006752
v 0.79711050 3.89216375 0.42251086
v -0.36674434 3.88416600 0.50594777
v 0.83822972 3.86131287 0.47641349
v 0.76360917 3.87868667 0.41230488
v 0.78816086 3.85794783 0.40740216
v 0.78901100 3.89185977 0.41584659
v 0.81565338 3.89022660 0.41632235
v 0.81484324 3.85790825 0.40827489
v -0.29474819 3.89875937 0.43824542
v -0.32027879 3.87897038 0.43457031
v -0.31942868 3.91288233 0.44301474
v -0.34605846 3.91225934 0.44479632
v -0.34686857 3.87994123 0.43674874
v 0.76621199 3.84585238 0.54389971
v 0.79073542 3.82546949 0.53757155
v 0.79158551 3.85938120 0.54601604
v 0.81817538 3.85841036 0.54383773
v 0.81736523 3.82609224 0.53579009
v -0.29214546 3.86592507 0.56984037
v -0.31770423 3.84649205 0.56473976
v -0.31685409 3.88040376 0.57318419
v -0.34353647 3.88044310 0.57231158
v -0.34434658 3.84812498 0.56426394
v 0.73823684 3.82504249 0.53701240
v -0.26534992 3.84407616 0.56161064
v 0.23631635 3.83537364 0.54349673
v -0.29016107 3.84488440 0.55919981
v 0.76291275 3.82491183 0.53338867
v 0.73571771 3.85682058 0.40964901
v -0.26786897 3.87585473 0.43424714
v 0.23402144 3.86432481 0.42746460
v -0.29256448 3.87520552 0.43767691
v 0.76050925 3.85523272 0.41186583
v 0.73917580 3.86249685 0.54633915
v -0.26441097 3.88153100 0.57093728
v 0.35543305 3.87178612 0.55022597
v -0.28920251 3.88311863 0.56872064
v 0.76387119 3.86314631 0.54290950
v 0.73665673 3.89427519 0.41897583
v -0.26693004 3.91330910 0.44357395
v 0.35313812 3.90073681 0.43419385
v -0.29160598 3.91343951 0.44719779
v 0.76146781 3.89346719 0.42138660
v -0.35869411 3.91268539 0.45156157
v -0.35641071 3.88387895 0.56701446
v -0.34433803 3.88518405 0.56421858
v -0.34651417 3.91263676 0.45419109
v -0.36407351 3.89759898 0.50924659
v -0.35958901 3.87699103 0.44267309
v -0.35730559 3.84818435 0.55812609
v -0.34527594 3.84777403 0.55490303
v -0.34745207 3.87522697 0.44487548
v -0.36492795 3.86351728 0.50075972
v 0.82861233 3.89016700 0.42246032
v 0.83089578 3.86136055 0.53791326
v 0.81875885 3.86312485 0.53571081
v 0.81658268 3.89057779 0.42568326
v 0.83623469 3.87483430 0.47982669
v 0.82771742 3.85447264 0.41357195
v 0.83000094 3.82566619 0.52902484
v 0.81782091 3.82571483 0.52639526
v 0.81564474 3.85316753 0.41636777
v 0.83538026 3.84075236 0.47133982
v 0.73629260 3.85907149 0.40803039
v 0.73714364 3.89302135 0.41648459
v -0.26843658 3.87812686 0.43265665
v -0.26758555 3.91207719 0.44111061
v 0.80525416 3.85640502 0.40822446
v 0.23391186 3.86719871 0.42076945
v 0.78706658 3.85562348 0.40944731
v 0.80614728 3.89202905 0.41709518
v 0.34604537 3.90147614 0.42710423
v 0.78800362 3.89300323 0.41875541
v 0.82733548 3.87689376 0.41469610
v 0.81530434 3.89169621 0.42000794
v 0.83438706 3.88840365 0.42183614
v 0.81438190 3.85490131 0.41084552
v 0.83357596 3.85604882 0.41377938
v -0.33735746 3.87807560 0.43623018
v -0.31917447 3.87660408 0.43656158
v -0.33646441 3.91369915 0.44510102
v -0.31823742 3.91398430 0.44586968
v -0.35830304 3.89938045 0.44375634
v -0.34547392 3.91371107 0.44845903
v -0.36455524 3.91114235 0.45122266
v -0.34639636 3.87691641 0.43929648
v -0.36536640 3.87878752 0.44316590
v 0.73889226 3.82627463 0.53947562
v 0.73974335 3.86022472 0.54792964
v -0.26583683 3.84533024 0.56410176
v -0.26498580 3.87928033 0.57255584
v 0.80777121 3.82465219 0.53548545
v 0.23648277 3.83476591 0.55075610
v 0.78954417 3.82436752 0.53471667
v 0.80866432 3.86027598 0.54435623
v 0.34861621 3.86904359 0.55709076
v 0.79048121 3.86174750 0.54402477
v 0.82978553 3.84598422 0.53857625
v 0.81770307 3.86143517 0.54128987
v 0.83667314 3.85956407 0.53742051
v 0.81678069 3.82464027 0.53212744
v 0.83586204 3.82720923 0.52936375
v -0.33484048 3.84632301 0.56349117
v -0.31669685 3.84534836 0.56183094
v -0.33394745 3.88194680 0.57236195
v -0.31575981 3.88272810 0.57113910
v -0.35585293 3.86847091 0.56763661
v -0.34307510 3.88345051 0.56974083
v -0.36226919 3.88230300 0.56680691
v -0.34399757 3.84665537 0.56057841
v -0.36308032 3.84994817 0.55875015
v -0.29087746 3.84612679 0.55348271
v 0.76339501 3.82613182 0.52764219
v -0.29305610 3.87361097 0.44332993
v 0.76121634 3.85361576 0.41748953
v -0.32979527 3.86080050 0.49938703
v 0.80014485 3.83937049 0.47169185
v -0.28990960 3.88473582 0.56309682
v 0.76436281 3.86474085 0.53725636
v -0.29208821 3.91222000 0.45294404
v 0.76218426 3.89222479 0.42710364
v -0.32883811 3.89898109 0.50889450
v 0.80110204 3.87755084 0.48119938
v 1.00816262 4.46291304 0.97622120
v 0.97045797 3.72587729 0.52218378
v 0.88660377 4.47067595 0.97371399
v 0.84889901 3.73364043 0.51967651
v 0.86943066 4.08990669 0.76644349
v 0.98527718 4.08250856 0.76883298
v 0.87532818 4.18657398 0.77982616
v 0.99117464 4.17917538 0.78221565
v 0.90952814 3.71957755 0.49670023
v 0.90761912 3.70000076 0.52863777
v 0.94909197 4.49295664 0.97312617
v 0.94718295 4.47338009 1.00506377
v 0.99031287 4.09445143 0.74902809
v 1.00575745 4.43232393 0.98328847
v 1.00765693 4.45180273 0.95151037
v 1.00657749 4.48683214 0.97394818
v 1.00476730 4.46826887 1.00423276
v 0.97000402 3.73343039 0.55274826
v 0.97190350 3.75290966 0.52097011
v 0.96721178 3.71732759 0.49990863
v 0.96540159 3.69876385 0.53019333
v 0.86677212 4.10234118 0.74647999
v 0.88480753 4.44004822 0.98079377
v 0.88670695 4.45952702 0.94901574
v 0.89130944 4.49419403 0.97157055
v 0.88949931 4.47562981 1.00185537
v 0.84905410 3.74115467 0.55025357
v 0.85095352 3.76063395 0.51847547
v 0.85194373 3.72468877 0.49753118
v 0.85013360 3.70612502 0.52781588
v 0.92733771 4.08604050 0.76791131
v 0.85367513 3.72308898 0.54053622
v 0.89119154 4.45644474 0.99230653
v 0.96352649 3.71607375 0.54280198
v 1.00104272 4.44942904 0.99457228
v 0.93333119 4.18428278 0.78151232
v 0.85566825 3.74352837 0.50719172
v 0.89318460 4.47688389 0.95896190
v 0.96551955 3.73651290 0.50945747
v 1.00303590 4.46986866 0.96122777
v 0.90843803 3.70540214 0.50565732
v 0.94864690 4.49139023 0.98985064
v 1.00770915 4.43940926 0.96204305
v 1.00682449 4.44497919 0.98972154
v 1.00860357 4.46322441 0.95995635
v 1.00820959 4.48024893 0.97133327
v 1.00651395 4.46286106 0.99969971
v 0.97239274 3.74905729 0.53676444
v 0.96983677 3.72195911 0.54431844
v 0.97161603 3.74020457 0.51455319
v 0.96944422 3.72248077 0.50452381
v 0.96774870 3.70509267 0.53289032
v 0.88464677 4.44726849 0.95950490
v 0.88509506 4.45275259 0.98721087
v 0.88687420 4.47099829 0.95744562
v 0.88896233 4.48786497 0.96887368
v 0.88726676 4.47047663 0.99724025
v 0.84933031 3.75691652 0.53422618
v 0.84810746 3.72973299 0.54180771
v 0.84988654 3.74797845 0.51204240
v 0.85019708 3.73009610 0.50206423
v 0.84850156 3.71270847 0.53043073
v 0.88456476 4.41751909 0.96772629
v 0.85107601 3.76289320 0.56445611
v 0.87308717 4.08954573 0.76672637
v 0.85296077 3.74636936 0.55491191
v 0.88810086 4.43327427 0.97806758
v 1.00367010 4.40991259 0.97018301
v 0.97018123 3.75528693 0.56691271
v 0.98159593 4.08261585 0.76896447
v 0.96660423 3.73911166 0.55725592
v 1.00174427 4.42601728 0.98041147
v 0.88652980 4.43767023 0.93485129
v 0.85304105 3.78304482 0.53158098
v 0.87905753 4.18740797 0.78027469
v 0.85496670 3.76694036 0.52135259
v 0.89010686 4.45384550 0.94450814
v 1.00563502 4.43006420 0.93730789
v 0.97214627 3.77543855 0.53403759
v 0.98756629 4.18047810 0.78251272
v 0.96861023 3.75968289 0.52369654
v 1.00375021 4.44658852 0.94685203
v 0.96346575 3.71540189 0.49778324
v 0.85549867 3.72229695 0.49555641
v 0.85848439 3.73049212 0.49971992
v 0.96137780 3.72392106 0.50184214
v 0.90922296 3.71417499 0.49476540
v 0.96159303 3.69619703 0.52911353
v 0.85362601 3.70309234 0.52688664
v 0.85652179 3.71036458 0.53255582
v 0.95941520 3.70379329 0.53467810
v 0.90743494 3.69583797 0.52468008
v 1.00308514 4.48986530 0.97487730
v 0.89511800 4.49676037 0.97265047
v 0.89729589 4.48916388 0.96708596
v 1.00018930 4.48259306 0.96920812
v 0.94927615 4.49711943 0.97708392
v 1.00121236 4.47066021 1.00620759
v 0.89324534 4.47755575 1.00398076
v 0.89533323 4.46903610 0.99992192
v 0.99822664 4.46246529 1.00204408
v 0.94748813 4.47878218 1.00699866
v 1.00568950 4.41110611 0.96891391
v 1.00747073 4.42937231 0.93911469
v 0.97216266 3.75573516 0.56518459
v 0.97394377 3.77400136 0.53538543
v 1.00598979 4.45574999 0.99731064
v 0.98818028 4.08280849 0.76810461
v 1.00440550 4.44347525 0.99075472
v 1.00785863 4.47491646 0.96604252
v 0.99380058 4.17493391 0.78085852
v 1.00636661 4.46358681 0.95794511
v 1.00624514 4.48135376 0.98721087
v 1.00539684 4.48133516 0.96912080
v 1.00325310 4.49275827 0.97868210
v 1.00346649 4.46153831 1.00141692
v 1.00155556 4.47534990 1.00708103
v 0.96786183 3.71044064 0.53817618
v 0.96749139 3.72188973 0.54623502
v 0.96973079 3.72960711 0.50690806
v 0.96945244 3.74200106 0.51342547
v 0.96668160 3.70797825 0.51078707
v 0.96666265 3.72417569 0.50268644
v 0.96324545 3.71070457 0.49691242
v 0.96473229 3.70437908 0.53498250
v 0.96154797 3.69329667 0.52531123
v 0.88276720 4.41895628 0.96637851
v 0.88454837 4.43722248 0.93657935
v 0.84924036 3.76358533 0.56264931
v 0.85102147 3.78185153 0.53285009
v 0.88698030 4.46335077 0.99485588
v 0.86662179 4.09057188 0.76559734
v 0.88725859 4.45095634 0.98833859
v 0.88884914 4.48251724 0.96358782
v 0.87224215 4.18269682 0.77835137
v 0.88921964 4.47106791 0.95552891
v 0.89039743 4.48875237 0.98482138
v 0.89197874 4.48857880 0.96678138
v 0.89516312 4.49966097 0.97645271
v 0.89004833 4.46878147 0.99907762
v 0.89346564 4.48225307 1.00485158
v 0.84885228 3.71804070 0.53572148
v 0.85034430 3.72937083 0.54381883
v 0.85072130 3.73720741 0.50445342
v 0.85230547 3.74948239 0.51100922
v 0.85083371 3.71537685 0.50839758
v 0.85324466 3.73141885 0.50034714
v 0.85515547 3.71760750 0.49468303
v 0.85131419 3.71162224 0.53264320
v 0.85345805 3.70019960 0.52308184
v 0.85824746 3.74553800 0.55494517
v 0.89342755 4.43322515 0.97858244
v 0.96125793 3.73895931 0.55706990
v 0.99643803 4.42664671 0.98070711
v 0.90850145 3.71768570 0.54061675
v 0.94620651 4.45472956 0.99465948
v 0.86027300 3.76631069 0.52105689
v 0.89545310 4.45399809 0.94469410
v 0.96328354 3.75973225 0.52318156
v 0.99846357 4.44741964 0.94681883
v 0.91050452 3.73822761 0.50710452
v 0.94820958 4.47527218 0.96114713
v -0.54428291 3.60829997 0.44863319
v -0.47883222 4.41110373 0.97071445
v -0.42340684 3.60141778 0.44406259
v -0.35795611 4.40422106 0.96614397
v -0.39350650 3.99037385 0.72459537
v -0.50870222 3.99693251 0.72895116
v -0.40029231 3.92891502 0.63767838
v -0.51548803 3.93547392 0.64203423
v -0.41679046 4.43580294 0.96846712
v -0.41676596 4.41535187 0.99991065
v -0.48546854 3.59341264 0.42064202
v -0.48544404 3.57296252 0.45208538
v -0.51254296 4.00988293 0.70951927
v -0.54227215 3.61700368 0.48066187
v -0.54229647 3.63735175 0.44937551
v -0.54260617 3.59825659 0.42499471
v -0.54258299 3.57886457 0.45481086
v -0.48020855 4.37826109 0.97572476
v -0.48023292 4.39860916 0.94443840
v -0.47427207 4.43642664 0.97007567
v -0.47424886 4.41703463 0.99989188
v -0.38969630 4.00288820 0.70487428
v -0.42200157 3.61015582 0.47611427
v -0.42202595 3.63050389 0.44482791
v -0.42798561 3.59173012 0.42066073
v -0.42796239 3.57233834 0.45047688
v -0.35993797 4.37141323 0.97117710
v -0.35996234 4.39176130 0.93989074
v -0.35965151 4.42990017 0.96574169
v -0.35962829 4.41050863 0.99555796
v -0.45110416 3.99347806 0.72704220
v -0.36392540 4.38999462 0.98436266
v -0.42904931 3.59119940 0.46488822
v -0.47315961 4.39621449 0.98849297
v -0.53828347 3.59741926 0.46901858
v -0.45800057 3.93101764 0.63870817
v -0.36395097 4.41134596 0.95153403
v -0.42907491 3.61255074 0.43205965
v -0.47318521 4.41756535 0.95566434
v -0.53830910 3.61877036 0.43618989
v -0.41622072 4.43444777 0.98557508
v -0.48601857 3.57832336 0.42881846
v -0.54295743 3.63364840 0.46537864
v -0.54373163 3.60453033 0.47114062
v -0.54375458 3.62358975 0.44183576
v -0.54406279 3.60414696 0.43017054
v -0.54404104 3.58598328 0.45809817
v -0.48165232 4.38560247 0.95439130
v -0.47952560 4.39206743 0.98329377
v -0.47954836 4.41112661 0.95398891
v -0.47677091 4.42953348 0.96693790
v -0.47674915 4.41136980 0.99486566
v -0.42058638 3.62668085 0.46075165
v -0.42268607 3.59763813 0.46656370
v -0.42270890 3.61669755 0.43725896
v -0.42548537 3.59739542 0.42568696
v -0.42546362 3.57923150 0.45361459
v -0.35928124 4.37863493 0.94976431
v -0.35848001 4.38517523 0.97871673
v -0.35850286 4.40423441 0.94941217
v -0.35819349 4.42278194 0.96245432
v -0.35817170 4.40461779 0.99038208
v -0.42095280 3.63396549 0.49236745
v -0.36282027 4.34700537 0.95607340
v -0.39715460 3.99044871 0.72493732
v -0.36410227 4.36452103 0.96794558
v -0.42510131 3.61632085 0.48137426
v -0.53938901 3.64070892 0.49684560
v -0.48125648 4.35374880 0.96055162
v -0.50505382 3.99659228 0.72901720
v -0.47710747 4.37095499 0.97221857
v -0.53810644 3.62275505 0.48564714
v -0.42097804 3.65501595 0.46000099
v -0.36284548 4.36805630 0.92370689
v -0.40402427 3.92822981 0.63694543
v -0.36412802 4.38600969 0.93490547
v -0.42512706 3.63780975 0.44833410
v -0.53941417 3.66175961 0.46447921
v -0.48128170 4.37479973 0.92818516
v -0.51192355 3.93437362 0.64102519
v -0.47713321 4.39244413 0.93917835
v -0.53813219 3.64424396 0.45260692
v -0.47042233 4.43925524 0.97118002
v -0.36306176 4.43314219 0.96712053
v -0.36628610 4.42516804 0.96088177
v -0.46860152 4.43099356 0.96475035
v -0.41636494 4.44036436 0.97285086
v -0.47039834 4.41919374 1.00202549
v -0.36303774 4.41308069 0.99796605
v -0.36626089 4.40414190 0.99320966
v -0.46857628 4.40996790 0.99707830
v -0.41634199 4.42120934 1.00230265
v -0.53919679 3.59568405 0.42258656
v -0.43183619 3.58957124 0.41852713
v -0.43365821 3.59879732 0.42347431
v -0.53597367 3.60462284 0.42734301
v -0.48589250 3.58755565 0.41825008
v -0.53917283 3.57562256 0.45343208
v -0.43181211 3.56950951 0.44937265
v -0.43363303 3.57777143 0.45580220
v -0.53594840 3.58359718 0.45967090
v -0.48586953 3.56840062 0.44770181
v -0.54132116 3.64139581 0.49513936
v -0.54134399 3.66047692 0.46580124
v -0.48312238 4.35524797 0.95937312
v -0.48314530 4.37432861 0.93003511
v -0.54336858 3.59183264 0.46393466
v -0.51154274 3.99759817 0.72828346
v -0.54138851 3.60420704 0.47306097
v -0.54339254 3.61185431 0.43315041
v -0.51800978 3.93902731 0.64544994
v -0.54141372 3.62521577 0.44075894
v -0.54305708 3.58843970 0.43551266
v -0.54113907 3.60557175 0.42834222
v -0.53959382 3.59061551 0.42134368
v -0.54111421 3.58489156 0.46013868
v -0.53957206 3.57243109 0.44930315
v -0.47718304 4.40364838 0.99187684
v -0.47730976 4.39018202 0.98419809
v -0.47720703 4.42367029 0.96109253
v -0.47733495 4.41119051 0.95189625
v -0.47437924 4.43082619 0.98333538
v -0.47390124 4.43029499 0.96467835
v -0.47014537 4.44245386 0.97531354
v -0.47387645 4.40961456 0.99647486
v -0.47012356 4.42426920 1.00327301
v -0.41908926 3.63443637 0.49051756
v -0.41911212 3.65351725 0.46117949
v -0.36089054 4.34828806 0.95475131
v -0.36091340 4.36736917 0.92541325
v -0.42502746 3.58509445 0.45946014
v -0.39066726 3.99071622 0.72371292
v -0.42489955 3.59757423 0.46865642
v -0.42505148 3.60511637 0.42867577
v -0.39713421 3.93214464 0.64087957
v -0.42492470 3.61858296 0.43635440
v -0.42785996 3.58188057 0.43115687
v -0.42835808 3.59914994 0.42407787
v -0.43211094 3.58449554 0.41727972
v -0.42833328 3.57847023 0.45587432
v -0.43208918 3.56631112 0.44523907
v -0.35884199 4.39691067 0.98740220
v -0.36082080 4.38354921 0.97979355
v -0.35886598 4.41693211 0.95661801
v -0.36084598 4.40455818 0.94749165
v -0.35918218 4.42426682 0.97897965
v -0.36112025 4.42387342 0.96041387
v -0.36266252 4.43633413 0.97124946
v -0.36109546 4.40319347 0.99221039
v -0.36264071 4.41814947 0.99920887
v -0.36935407 4.36514282 0.96858442
v -0.43042257 3.61609077 0.48145914
v -0.47178596 4.37097454 0.97245753
v -0.53285444 3.62192321 0.48533219
v -0.41837865 4.39505959 0.98781699
v -0.48383012 3.59224653 0.46572948
v -0.36938006 4.38684225 0.93522042
v -0.43044853 3.63779020 0.44809520
v -0.47181195 4.39267445 0.93909347
v -0.53288037 3.64362240 0.45196819
v -0.41840437 4.41651821 0.95482314
v -0.48385584 3.61370540 0.43273568
v 0.80502772 3.84864879 0.53946334
v -0.32338488 3.88253093 0.55403423
v 0.81448507 4.14339352 0.58649307
v -0.31392753 4.17727566 0.60106391
v 0.25024185 4.14975977 0.61550689
v 0.24122891 3.86886597 0.57068723
v 0.36647436 4.15247154 0.57513815
v 0.35746142 3.87157798 0.53031844
v -0.34660000 4.03315449 0.56279111
v -0.34629947 4.02723503 0.59982854
v 0.83745492 3.99760199 0.54750168
v 0.83775544 3.99168277 0.58453912
v 0.24074250 3.86322331 0.54613948
v 0.77603012 3.84677529 0.56178600
v 0.77573109 3.85266519 0.52493340
v 0.83001310 3.85779238 0.52620041
v 0.83029807 3.85217929 0.56132120
v -0.29398564 3.87890387 0.57560277
v -0.29428470 3.88479376 0.53875017
v -0.34811056 3.89316678 0.54141319
v -0.34782562 3.88755393 0.57653397
v 0.25035405 4.16277313 0.59393591
v 0.78544021 4.14004374 0.60857999
v 0.78514111 4.14593315 0.57172751
v 0.83898109 4.13728333 0.57079631
v 0.83926600 4.13167000 0.60591710
v -0.28457564 4.17217207 0.62239695
v -0.28487468 4.17806196 0.58554423
v -0.33914256 4.17265797 0.58600903
v -0.33885765 4.16704512 0.62112981
v 0.24573795 4.00926208 0.59341383
v -0.31138131 4.15936375 0.62149876
v 0.81139708 4.12565088 0.60700065
v -0.31992787 3.89300632 0.57899868
v 0.80285048 3.85929346 0.56450057
v 0.36386546 4.01201820 0.55238688
v -0.31169510 4.16554403 0.58282959
v 0.81108332 4.13183117 0.56833154
v -0.32024160 3.89918637 0.54032958
v 0.80253679 3.86547351 0.52583146
v -0.35613132 4.03106451 0.57780701
v 0.84722799 3.99493217 0.56226838
v 0.76923430 3.84786487 0.53984940
v 0.79445952 3.84546232 0.56022960
v 0.79417950 3.85097909 0.52571124
v 0.82088304 3.85306001 0.52665901
v 0.82114995 3.84780240 0.55955523
v -0.28770483 3.87960076 0.55349731
v -0.31249467 3.87870002 0.57452345
v -0.31277472 3.88421679 0.54000503
v -0.33927196 3.88789487 0.54163975
v -0.33900505 3.88263750 0.57453597
v 0.77880859 4.14625454 0.58746088
v 0.80393010 4.14062071 0.60732520
v 0.80365014 4.14613724 0.57280678
v 0.83016050 4.14219952 0.57279438
v 0.83042747 4.13694239 0.60569054
v -0.27813050 4.17799044 0.60110879
v -0.30302402 4.17385769 0.62161905
v -0.30330411 4.17937517 0.58710057
v -0.32999450 4.17703438 0.58777505
v -0.32972759 4.17177725 0.62067127
v 0.75148654 4.13872290 0.60929686
v -0.25075534 4.16881657 0.62223852
v 0.24995835 4.14082527 0.61432779
v -0.27567485 4.16287327 0.62189782
v 0.77598774 4.13129568 0.60831803
v 0.74222010 3.84992766 0.56321645
v -0.26002184 3.88002110 0.57615811
v 0.24151629 3.87772346 0.57234704
v -0.28451639 3.88732123 0.57793057
v 0.76714611 3.85574389 0.56435072
v 0.75117725 4.14481592 0.57117218
v -0.25106472 4.17490959 0.58411378
v 0.36762846 4.14357090 0.57345963
v -0.27599066 4.16909361 0.58297944
v 0.77567184 4.13751602 0.56939971
v 0.74191076 3.85602093 0.52509171
v -0.26033109 3.88611436 0.53803337
v 0.35918638 3.88046885 0.53147894
v -0.28483224 3.89354134 0.53901219
v 0.76683027 3.86196375 0.52543241
v -0.35162729 3.90222931 0.54226828
v -0.34322739 4.16401768 0.58403951
v -0.33134332 4.15764284 0.58202887
v -0.33934847 3.90815663 0.54222065
v -0.35391280 4.03318691 0.56405854
v -0.35133246 3.89642215 0.57860154
v -0.34293258 4.15821075 0.62037265
v -0.33103436 4.15155745 0.62010819
v -0.33903947 3.90207076 0.58029997
v -0.35363135 4.02764273 0.59875005
v 0.83408803 3.86662650 0.52695757
v 0.84248793 4.12841463 0.56872874
v 0.83019495 4.12276649 0.56703019
v 0.82218981 3.87328005 0.52722204
v 0.84478676 3.99719429 0.54858017
v 0.83438283 3.86081958 0.56329072
v 0.84278274 4.12260818 0.60506195
v 0.83050388 4.11668062 0.60510957
v 0.82249880 3.86719418 0.56530142
v 0.84506822 3.99165010 0.58327168
v 0.74262750 3.84556794 0.56068718
v 0.74234718 3.85109091 0.52612954
v -0.26075512 3.87569571 0.57364357
v -0.26103553 3.88121891 0.53908587
v 0.81163549 3.84810829 0.56140679
v 0.24099933 3.86208725 0.56866938
v 0.79355437 3.85076880 0.56289542
v 0.81134135 3.85390353 0.52514565
v 0.35177103 3.86467147 0.53019720
v 0.79324561 3.85684967 0.52484667
v 0.83306706 3.85476422 0.54004121
v 0.82062519 3.86050510 0.52551407
v 0.83990717 3.86603141 0.52855855
v 0.82092899 3.85451937 0.56296736
v 0.84017432 3.86076784 0.56149220
v -0.32944483 3.88237047 0.57614124
v -0.31120425 3.88394046 0.57716084
v -0.32973903 3.88816595 0.53988004
v -0.31151295 3.89002132 0.53911209
v -0.35098252 3.89031672 0.55533046
v -0.33859751 3.89531255 0.54048270
v -0.35742837 3.90198255 0.54401940
v -0.33829367 3.88932633 0.57793611
v -0.35716119 3.89671946 0.57695305
v 0.75219095 4.14361858 0.60824430
v 0.75191051 4.14914131 0.57368672
v -0.25119171 4.17374659 0.62120068
v -0.25147215 4.17926931 0.58664310
v 0.82089448 4.13667154 0.60745007
v 0.25045660 4.15683079 0.61569881
v 0.80266839 4.13481569 0.60821825
v 0.82060027 4.14246702 0.57118893
v 0.36122835 4.15941525 0.57722664
v 0.80235970 4.14089680 0.57016945
v 0.84208000 4.13566160 0.58486128
v 0.82944912 4.13551092 0.56939417
v 0.84831661 4.12811756 0.57037729
v 0.82975298 4.12952471 0.60684758
v 0.84858376 4.12285471 0.60331082
v -0.32018587 4.17093372 0.62218457
v -0.30209017 4.16798735 0.62248361
v -0.32048008 4.17672920 0.58592343
v -0.30239889 4.17406845 0.58443475
v -0.34196955 4.17121410 0.60015059
v -0.32977358 4.17031765 0.58436286
v -0.34901893 4.16406918 0.58583808
v -0.32946977 4.16433191 0.62181622
v -0.34875169 4.15880585 0.61877179
v -0.27668554 4.14997005 0.62003934
v 0.77617413 4.11835670 0.60644412
v -0.28469980 3.90019989 0.58018583
v 0.76815993 3.86858630 0.56659061
v -0.31847757 4.02625418 0.60038245
v 0.80994833 3.99237156 0.58581150
v -0.27700445 4.15625095 0.58073962
v 0.77585524 4.12463713 0.56714445
v -0.28501868 3.90648055 0.54088610
v 0.76784098 3.87486720 0.52729082
v -0.31879288 4.03246546 0.56151873
v 0.80963302 3.99858308 0.54694778
v -0.50735658 4.69374514 1.16691875
v -0.57520336 4.04656410 0.65542996
v -0.51575208 4.48562527 1.43136394
v -0.58359891 3.83844447 0.91987514
v -0.52643937 4.16507912 1.16868508
v -0.51843834 4.36341953 0.91666687
v -0.55864537 4.23506451 1.22274125
v -0.55064440 4.43340397 0.97072303
v -0.59632719 3.92776990 0.77551907
v -0.55895638 3.92477632 0.77434963
v -0.52513486 4.60686350 1.31222939
v -0.48776409 4.60386992 1.31105995
v -0.54143953 4.37186956 0.90902573
v -0.48710895 4.67471361 1.15365660
v -0.52429318 4.67769194 1.15482032
v -0.52036572 4.70375967 1.18547487
v -0.48492888 4.70092106 1.18436599
v -0.55144465 4.06102514 0.66863811
v -0.58862883 4.06400347 0.66980177
v -0.59120142 4.02806807 0.65145308
v -0.55576456 4.02522945 0.65034419
v -0.54997188 4.16035652 1.17778230
v -0.49546245 4.46763611 1.41677737
v -0.53264666 4.47061443 1.41794097
v -0.52832675 4.50641012 1.43623495
v -0.49288991 4.50357151 1.43512595
v -0.55979812 3.85394788 0.93175876
v -0.59698230 3.85692644 0.93292236
v -0.59916246 3.83071852 0.90221304
v -0.56372565 3.82787991 0.90110409
v -0.52211916 4.26422405 1.04266584
v -0.56008452 3.84824491 0.90769958
v -0.49257648 4.49219465 1.41663444
v -0.55249763 4.03632021 0.66872370
v -0.48498955 4.68026972 1.17765856
v -0.55485028 4.33534956 1.09760344
v -0.59910172 3.85137010 0.90892059
v -0.53159368 4.49531984 1.41785550
v -0.59151477 4.03944540 0.66994476
v -0.52400672 4.68339491 1.17887950
v -0.58188224 3.92103052 0.77067369
v -0.50952917 4.61119556 1.31613445
v -0.50923598 4.67451859 1.14907777
v -0.48714915 4.68606758 1.16121757
v -0.52197826 4.68885756 1.16230750
v -0.51964617 4.70192337 1.17703915
v -0.48645389 4.69926453 1.17600036
v -0.57278544 4.06832981 0.66998667
v -0.55370587 4.05119419 0.65945548
v -0.58853483 4.05398369 0.66054547
v -0.58940154 4.03653717 0.65116227
v -0.55620927 4.03387880 0.65012342
v -0.51773536 4.46382475 1.41679370
v -0.49555644 4.47765636 1.42603350
v -0.53038543 4.48044586 1.42712367
v -0.52788204 4.49776125 1.43645561
v -0.49468973 4.49510288 1.43541682
v -0.58128476 3.85763621 0.93770260
v -0.56211311 3.84278226 0.92427158
v -0.59694213 3.84557223 0.92536151
v -0.59763736 3.83237505 0.91057861
v -0.56444508 3.82971621 0.90953988
v -0.49679434 4.44972849 1.39939046
v -0.55705506 3.87491083 0.94509244
v -0.52594352 4.17134142 1.16069603
v -0.55795181 3.86538196 0.92793828
v -0.49471965 4.46854448 1.40463758
v -0.48856837 4.65364790 1.14028275
v -0.54882902 4.07882977 0.68598491
v -0.51844925 4.35711861 0.92464072
v -0.55010301 4.05994987 0.68071270
v -0.48687086 4.66311264 1.15741193
v -0.53526223 4.45280981 1.40059412
v -0.59552294 3.87799215 0.94629622
v -0.55854779 4.24219179 1.21542084
v -0.59722042 3.86852765 0.92916709
v -0.53398830 4.47169018 1.40586638
v -0.52703619 4.65672922 1.14148664
v -0.58729696 4.08191109 0.68718868
v -0.55105358 4.42796898 0.97936535
v -0.58937162 4.06309557 0.68194151
v -0.52613944 4.66625738 1.15864086
v -0.59229344 4.01968956 0.65769333
v -0.59975022 3.83484054 0.89257014
v -0.59972912 3.84618735 0.89255846
v -0.59262276 4.02235031 0.66871905
v -0.59558403 3.92347550 0.77216297
v -0.55563325 4.01675367 0.65654594
v -0.56309009 3.83190393 0.89142287
v -0.56130713 3.84311008 0.89135599
v -0.55420071 4.01927233 0.66751677
v -0.56058025 3.92067146 0.77106762
v -0.52100122 4.69973564 1.19515610
v -0.52845800 4.51488638 1.43003321
v -0.52989060 4.51236725 1.41906238
v -0.52278423 4.68852997 1.19522297
v -0.52351105 4.61096811 1.31551158
v -0.48434106 4.69679928 1.19400907
v -0.49179786 4.51195002 1.42888582
v -0.49146849 4.50928926 1.41786015
v -0.48436216 4.68545246 1.19402075
v -0.48850730 4.60816431 1.31441605
v -0.49020186 4.65738678 1.13644576
v -0.52507049 4.66017962 1.13753700
v -0.55053109 4.08191395 0.68163085
v -0.58539975 4.08470774 0.68272197
v -0.48533797 4.69345522 1.17188299
v -0.51916230 4.36838245 0.91048276
v -0.48559234 4.68137264 1.16564846
v -0.52192545 4.69638586 1.17302787
v -0.54985517 4.43507957 0.96199924
v -0.52398354 4.68444777 1.16684985
v -0.50605041 4.70482445 1.18574560
v -0.52217448 4.69685030 1.18324029
v -0.51893258 4.70303583 1.19760239
v -0.48438415 4.69382286 1.18205786
v -0.48570257 4.70037413 1.19656265
v -0.55394650 4.03900909 0.65465206
v -0.55201691 4.04775810 0.66488177
v -0.59053391 4.04193974 0.65579695
v -0.59040815 4.05083323 0.66608322
v -0.57724249 4.02573442 0.64903766
v -0.59187388 4.03199863 0.65778595
v -0.59092349 4.01632547 0.65487218
v -0.55408347 4.02897167 0.65660340
v -0.55769342 4.01366329 0.65383244
v -0.49869153 4.44693232 1.40385711
v -0.53356016 4.44972563 1.40494823
v -0.55902088 3.87146020 0.94904214
v -0.59388942 3.87425327 0.95013326
v -0.49355736 4.48969984 1.43078220
v -0.52755779 4.16026402 1.17492676
v -0.49368316 4.48080635 1.42049587
v -0.53014487 4.49263096 1.43192708
v -0.55825067 4.22696066 1.22644329
v -0.53207433 4.48388147 1.42169726
v -0.51405150 4.50648260 1.43776679
v -0.53000784 4.50266838 1.42997563
v -0.52639782 4.51797628 1.43274665
v -0.49221745 4.49964094 1.42879319
v -0.49316782 4.51531410 1.43170691
v -0.56216586 3.83525395 0.91355127
v -0.56010777 3.84719181 0.91972917
v -0.59875327 3.83818460 0.91469628
v -0.59849894 3.85026717 0.92093050
v -0.58524352 3.82739210 0.90105885
v -0.59970713 3.83781672 0.90452123
v -0.59838873 3.83126569 0.89001638
v -0.56191677 3.83478951 0.90333879
v -0.56515867 3.82860374 0.88897663
v -0.55742824 3.87412548 0.91609526
v -0.49412408 4.47797441 1.39333713
v -0.55031377 4.05048895 0.69200099
v -0.48700964 4.65433788 1.16924298
v -0.55636275 3.94065499 0.78692865
v -0.48851508 4.58784342 1.29842341
v -0.59708166 3.87730217 0.91733605
v -0.53377748 4.48115063 1.39457798
v -0.58996719 4.05366516 0.69324201
v -0.52666301 4.65751410 1.17048383
v -0.59557623 3.94379616 0.78815573
v -0.52772856 4.59098434 1.29965055
v 0.81198150 4.15411377 0.60618192
v -0.31093642 4.18009377 0.61597788
v 0.81300974 4.15571737 0.71980363
v -0.30990812 4.18169689 0.72959965
v 0.25099474 4.14555407 0.72236288
v 0.25001478 4.14402628 0.61408055
v 0.36788040 4.18221474 0.72078776
v 0.36690044 4.18068647 0.61250544
v -0.33775577 4.19684029 0.67281109
v -0.33861861 4.15934515 0.67334795
v 0.84053349 4.16957855 0.66253221
v 0.83967060 4.13208389 0.66306907
v 0.25051942 4.16731977 0.61015034
v 0.78241932 4.13269234 0.60703647
v 0.78327781 4.17000055 0.60650218
v 0.83707243 4.16791677 0.60870099
v 0.83625424 4.13236189 0.60921013
v -0.28238609 4.15732813 0.61632538
v -0.28152767 4.19463634 0.61579108
v -0.33531448 4.19504166 0.61892837
v -0.33613262 4.15948677 0.61943752
v 0.25156444 4.16894913 0.72562456
v 0.78344256 4.13428783 0.72008908
v 0.78430092 4.17159557 0.71955472
v 0.83804744 4.16943693 0.71644264
v 0.83722937 4.13388252 0.71695179
v -0.28136292 4.15892315 0.72937799
v -0.28050447 4.19623137 0.72884363
v -0.33433944 4.19656181 0.72667003
v -0.33515754 4.16100740 0.72717917
v 0.25049737 4.14446926 0.66822642
v -0.30768386 4.15853786 0.72443318
v 0.80962718 4.13268805 0.71468610
v -0.30861312 4.15708923 0.62175453
v 0.80869794 4.13123894 0.61200756
v 0.36928871 4.18172741 0.66662556
v -0.30678305 4.19768476 0.72387260
v 0.81052798 4.17183447 0.71412563
v -0.30771232 4.19623566 0.62119406
v 0.80959868 4.17038584 0.61144698
v -0.34770781 4.18198729 0.67311072
v 0.84979171 4.15428114 0.66266423
v 0.77640724 4.15470839 0.60579264
v 0.80082244 4.13344383 0.60649496
v 0.80162656 4.16838837 0.60599458
v 0.82808906 4.16697121 0.60693544
v 0.82732266 4.13366842 0.60741234
v -0.27538502 4.17904329 0.61496806
v -0.30074146 4.15892982 0.61610448
v -0.29993731 4.19387484 0.61560410
v -0.32641655 4.19368267 0.61700678
v -0.32718289 4.16037989 0.61748368
v 0.77744830 4.15633202 0.72081965
v 0.80185217 4.13504887 0.72027606
v 0.80265635 4.16999388 0.71977568
v 0.82909781 4.16854382 0.71839648
v 0.82833141 4.13524151 0.71887338
v -0.27434403 4.18066645 0.72999507
v -0.29971173 4.16053534 0.72988558
v -0.29890758 4.19548035 0.72938520
v -0.32540786 4.19525528 0.72846782
v -0.32617420 4.16195250 0.72894472
v 0.74969786 4.13441181 0.71953022
v -0.24766360 4.15748739 0.72823077
v 0.25095809 4.14526224 0.71893716
v -0.27228591 4.15761852 0.72589850
v 0.77425557 4.13340521 0.71676892
v 0.74869037 4.13284111 0.60820198
v -0.24867111 4.15591621 0.61690253
v 0.25004023 4.14383125 0.61751336
v -0.27324727 4.15611935 0.61967540
v 0.77329415 4.13190603 0.61054581
v 0.75058597 4.17300749 0.71897763
v -0.24677546 4.19608307 0.72767818
v 0.36928949 4.18237591 0.71734256
v -0.27137932 4.19701767 0.72533435
v 0.77516216 4.17280436 0.71620476
v 0.74957842 4.17143631 0.60764933
v -0.24778301 4.19451189 0.61634988
v 0.36837158 4.18094492 0.61591882
v -0.27234069 4.19551849 0.61911124
v 0.77420074 4.17130518 0.60998166
v -0.33904672 4.19579077 0.62236464
v -0.33813342 4.19721460 0.72328210
v -0.32610488 4.19778681 0.72079331
v -0.32697523 4.19642925 0.62461835
v -0.34506971 4.19582129 0.67289162
v -0.33989319 4.15900898 0.62289137
v -0.33897984 4.16043282 0.72380883
v -0.32699195 4.15923738 0.72134525
v -0.32786229 4.15787983 0.62517035
v -0.34587792 4.16070127 0.67339456
v 0.84089470 4.16849136 0.61207134
v 0.84180802 4.16991520 0.71298879
v 0.82977712 4.17104387 0.71070987
v 0.82890677 4.16968679 0.61453491
v 0.84779274 4.16822290 0.66248560
v 0.84004825 4.13170910 0.61259806
v 0.84096158 4.13313293 0.71351552
v 0.82889003 4.13249445 0.71126181
v 0.82801980 4.13113689 0.61508685
v 0.84698462 4.13310242 0.66298854
v 0.74928337 4.13460827 0.60638726
v 0.75008851 4.16959286 0.60588622
v -0.24921338 4.15770960 0.61509770
v -0.24840836 4.19269419 0.61459678
v 0.81779373 4.13218689 0.60763049
v 0.25001189 4.14491224 0.61139798
v 0.79970825 4.13171196 0.60867167
v 0.81863838 4.16889572 0.60710490
v 0.36140609 4.17985058 0.60989678
v 0.80059463 4.17023087 0.60812008
v 0.83969253 4.15368080 0.60860711
v 0.82770300 4.16932726 0.60963064
v 0.84663641 4.16663599 0.61198807
v 0.82683039 4.13141155 0.61017358
v 0.84586918 4.13329506 0.61246556
v -0.31773019 4.15845823 0.61753643
v -0.29967070 4.15714788 0.61826211
v -0.31688550 4.19516754 0.61701071
v -0.29878435 4.19566679 0.61771059
v -0.33859131 4.18094158 0.61888599
v -0.32587495 4.19601679 0.61969405
v -0.34486872 4.19420290 0.62238228
v -0.32674748 4.15810061 0.62023699
v -0.34563595 4.16086245 0.62285978
v 0.75032318 4.13622952 0.72128338
v 0.75112832 4.17121410 0.72078246
v -0.24817359 4.15933084 0.72999394
v -0.24736853 4.19431591 0.72949284
v 0.81880027 4.13375616 0.71886945
v 0.25104016 4.14651585 0.72501910
v 0.80069917 4.13325739 0.71816957
v 0.81964505 4.17046547 0.71834373
v 0.36243433 4.18145370 0.72351807
v 0.80158556 4.17177582 0.71761805
v 0.84067249 4.15520859 0.71689069
v 0.82866234 4.17082310 0.71564317
v 0.84755081 4.16806173 0.71302032
v 0.82778972 4.13290691 0.71618611
v 0.84678358 4.13472080 0.71349788
v -0.31672350 4.16002798 0.72877526
v -0.29867977 4.15869284 0.72776002
v -0.31587884 4.19673681 0.72824967
v -0.29779342 4.19721174 0.72720850
v -0.33761132 4.18246984 0.72716951
v -0.32491553 4.19751263 0.72570658
v -0.34395435 4.19562864 0.72341454
v -0.32578808 4.15959644 0.72624952
v -0.34472159 4.16228771 0.72389209
v -0.27293104 4.15736914 0.72093713
v 0.77480179 4.13312817 0.71179718
v -0.27380246 4.15601063 0.62465268
v 0.77393037 4.13176966 0.61551267
v -0.31096086 4.15778017 0.67311978
v 0.81197029 4.13180017 0.66332376
v -0.27201548 4.19715405 0.72036749
v 0.77571732 4.17291355 0.71122754
v -0.27288690 4.19579554 0.62408304
v 0.77484590 4.17155457 0.61494303
v -0.31005546 4.19712400 0.67255640
v 0.81287569 4.17114353 0.66276038
v -0.32289079 4.45946646 0.77340949
v 0.78297412 4.40013361 0.77002817
v -0.34076548 4.12721014 0.75765586
v 0.76509947 4.06787777 0.75427443
v 0.21259882 4.10425520 0.77943325
v 0.22963351 4.42089748 0.79444653
v 0.09835964 4.11224842 0.74046838
v 0.11539433 4.42889071 0.75548172
v 0.80129415 4.23326826 0.74677557
v 0.80131334 4.23149061 0.78424215
v -0.35910115 4.29552698 0.75032359
v -0.35908195 4.29374933 0.78779024
v 0.23018724 4.43251944 0.77161866
v -0.29430923 4.45605135 0.79536319
v -0.29432830 4.45781994 0.75808376
v -0.34771949 4.45285559 0.75875342
v -0.34770125 4.45116997 0.79428113
v 0.75432569 4.39978933 0.79215682
v 0.75430655 4.40155792 0.75487733
v 0.80686307 4.39090872 0.75522310
v 0.80688131 4.38922310 0.79075074
v 0.21202116 4.09484625 0.75560814
v -0.31209439 4.12545967 0.77968848
v -0.31211346 4.12722826 0.74240899
v -0.36466908 4.13779449 0.74381500
v -0.36465082 4.13610888 0.77934265
v 0.73654050 4.06919765 0.77648205
v 0.73652142 4.07096624 0.73920256
v 0.78991348 4.07584763 0.74028468
v 0.78993165 4.07416201 0.77581233
v 0.22111632 4.26256132 0.78726035
v 0.76321119 4.08293486 0.77804101
v -0.33713201 4.14197159 0.78140551
v 0.77936429 4.38319016 0.79227746
v -0.32097891 4.44222736 0.79564190
v 0.10501467 4.27068472 0.74766034
v 0.76319110 4.08479023 0.73892385
v -0.33715206 4.14382744 0.74228835
v 0.77934420 4.38504601 0.75316024
v -0.32099897 4.44408274 0.75652480
v 0.81076121 4.23204613 0.76181042
v -0.36855271 4.29532003 0.76541638
v -0.28775743 4.45963192 0.77361774
v -0.31235278 4.45814371 0.79428852
v -0.31237060 4.45980024 0.75937015
v -0.33862153 4.45776796 0.76010960
v -0.33860445 4.45618916 0.79338688
v 0.74806201 4.40405750 0.77045059
v 0.77248245 4.39993906 0.79097134
v 0.77246469 4.40159607 0.75605303
v 0.79835141 4.39676619 0.75663292
v 0.79836845 4.39518738 0.78991038
v -0.30585313 4.12326622 0.75766927
v -0.33025244 4.12542152 0.77851278
v -0.33027026 4.12707853 0.74359441
v -0.35615626 4.13183022 0.74465543
v -0.35613924 4.13025141 0.77793288
v 0.72996640 4.06769180 0.75450206
v 0.75458282 4.06721735 0.77519566
v 0.75456494 4.06887388 0.74027729
v 0.78081667 4.07082844 0.74117893
v 0.78083372 4.06924963 0.77445620
v -0.27874854 4.12616825 0.78034997
v 0.70346665 4.07346964 0.77734667
v 0.21313842 4.11427164 0.78015190
v 0.72808498 4.07961559 0.77802795
v -0.30256334 4.13491297 0.78117925
v -0.26123467 4.45171785 0.79578573
v 0.72098053 4.39901972 0.79278231
v 0.22909413 4.41085768 0.79421425
v 0.74479574 4.39023685 0.79275566
v -0.28585261 4.44553423 0.79590708
v -0.27876833 4.12799788 0.74178350
v 0.70344692 4.07529974 0.73878008
v 0.09748634 4.12236357 0.74070507
v 0.72806478 4.08148336 0.73865867
v -0.30258355 4.13678074 0.74181008
v -0.26125446 4.45354795 0.75721914
v 0.72096074 4.40084934 0.75421584
v 0.11344206 4.41895008 0.75476748
v 0.74477553 4.39210463 0.75338656
v -0.28587279 4.44740200 0.75653785
v 0.81004590 4.38076067 0.75412542
v 0.79416990 4.08565474 0.74013323
v 0.78269547 4.09326649 0.73961496
v 0.79782546 4.37450409 0.75294960
v 0.80847085 4.23282719 0.74794006
v 0.81006473 4.37901688 0.79087949
v 0.79418874 4.08391094 0.77688736
v 0.78271526 4.09143877 0.77813548
v 0.79784530 4.37267685 0.79147011
v 0.80848879 4.23116207 0.78303361
v -0.35197657 4.44310665 0.75767845
v -0.36785257 4.14800072 0.74368632
v -0.35563308 4.15434074 0.74309570
v -0.34050307 4.43557882 0.75643033
v -0.36627659 4.29585552 0.75153220
v -0.35195768 4.44136286 0.79443252
v -0.36783373 4.14625692 0.78044039
v -0.35561326 4.15251350 0.78161615
v -0.34048325 4.43375111 0.79495078
v -0.36625862 4.29419041 0.78662562
v -0.26151404 4.45705032 0.79423040
v -0.26153192 4.45870876 0.75927240
v 0.72181922 4.40429163 0.79122370
v 0.72180134 4.40595007 0.75626576
v -0.32927436 4.45528221 0.79504478
v 0.23005298 4.42874718 0.79389322
v -0.31161278 4.45173883 0.79577398
v -0.32929310 4.45702219 0.75836366
v 0.12118097 4.43636513 0.75675899
v -0.31163251 4.45356464 0.75728434
v -0.35057336 4.45313215 0.77295321
v -0.33859444 4.44988632 0.75742555
v -0.35766059 4.44349813 0.75942326
v -0.33857501 4.44808912 0.79531270
v -0.35764354 4.44191790 0.79273862
v 0.78900510 4.39528322 0.79162544
v 0.77107054 4.39364958 0.79246342
v 0.78898633 4.39702320 0.75494426
v 0.77105087 4.39547586 0.75397378
v 0.80981672 4.39087439 0.76940501
v 0.79746479 4.38893318 0.75395179
v 0.81574988 4.38054132 0.75583535
v 0.79748422 4.38713598 0.79183894
v 0.81576693 4.37896061 0.78915071
v -0.27958918 4.12106752 0.77830005
v -0.27960706 4.12272596 0.74334204
v 0.70374411 4.06830883 0.77529335
v 0.70372617 4.06996727 0.74033540
v -0.34677410 4.12999439 0.77962154
v 0.21217839 4.09649277 0.77813953
v -0.32883868 4.13154173 0.78059196
v -0.34679288 4.13173437 0.74294037
v 0.10330639 4.10411024 0.74100542
v -0.32885838 4.13336802 0.74210238
v -0.36760822 4.13648605 0.75793964
v -0.35527205 4.13988161 0.74272680
v -0.37355477 4.14805698 0.74541509
v -0.35525259 4.13808441 0.78061402
v -0.37353772 4.14647627 0.77873039
v 0.77150530 4.06999540 0.77620214
v 0.75384468 4.07345295 0.77728146
v 0.77148652 4.07173538 0.73952103
v 0.75382507 4.07527876 0.73879182
v 0.79278183 4.07422829 0.75439143
v 0.78078717 4.07892847 0.73925310
v 0.79985577 4.08510017 0.74182719
v 0.78080666 4.07713127 0.77714026
v 0.79987276 4.08351946 0.77514249
v 0.72945338 4.09410667 0.77890795
v -0.30236807 4.14946699 0.78206301
v 0.74460059 4.37566471 0.79225785
v -0.28722081 4.43102455 0.79541290
v 0.77405506 4.23290968 0.78524917
v -0.33182269 4.29224300 0.78863055
v 0.72943300 4.09599304 0.73915291
v -0.30238843 4.15135288 0.74230796
v 0.74458027 4.37755060 0.75250280
v -0.28724119 4.43291092 0.75565779
v 0.77403492 4.23477459 0.74593526
v -0.33184290 4.29410839 0.74931663
v 0.45301488 4.45545578 0.76601011
v 0.85295981 4.41324615 0.75663835
v 0.42302489 4.17742729 0.73839355
v 0.82296991 4.13521767 0.72902179
v 0.62399656 4.16053820 0.75736231
v 0.65257728 4.42550087 0.78368109
v 0.58218706 4.16884136 0.71917319
v 0.61076772 4.43380451 0.74549192
v 0.84763056 4.27472496 0.72736776
v 0.84810829 4.27096653 0.76468468
v 0.42796421 4.31901646 0.73720157
v 0.42844200 4.31525803 0.77451849
v 0.65322894 4.43663979 0.76132178
v 0.46357018 4.45145226 0.78769094
v 0.46309480 4.45519161 0.75056034
v 0.44324666 4.45062780 0.75123626
v 0.44369975 4.44706392 0.78662205
v 0.84281743 4.41142702 0.77880418
v 0.84234208 4.41516638 0.74167353
v 0.86081070 4.40655851 0.74145156
v 0.86126381 4.40299463 0.77683741
v 0.62274998 4.15407944 0.73325491
v 0.43373045 4.17481661 0.76021272
v 0.43325505 4.17855597 0.72308207
v 0.41480869 4.18698835 0.72504890
v 0.41526178 4.18342447 0.76043463
v 0.81297773 4.13479137 0.75132591
v 0.81250232 4.13853073 0.71419525
v 0.83237278 4.14291906 0.71526420
v 0.83282584 4.13935518 0.75064999
v 0.63829100 4.29298735 0.77084088
v 0.82370889 4.14640474 0.75328273
v 0.42576092 4.18840361 0.76260763
v 0.85081041 4.39765501 0.77823955
v 0.45286247 4.43965435 0.78756440
v 0.59579974 4.30142593 0.73202920
v 0.82321000 4.15032864 0.71432185
v 0.42526206 4.19232798 0.72364670
v 0.85031158 4.40157938 0.73927861
v 0.45236364 4.44357824 0.74860352
v 0.85124362 4.27285290 0.74229127
v 0.42473528 4.31786633 0.75228536
v 0.46586937 4.45581627 0.76610124
v 0.45710525 4.45315266 0.78675693
v 0.45665991 4.45665503 0.75197822
v 0.44693619 4.45472956 0.75273430
v 0.44736058 4.45139170 0.78587872
v 0.84048182 4.41627979 0.75732315
v 0.84944457 4.41174555 0.77756345
v 0.84899932 4.41524792 0.74278468
v 0.85813159 4.41133261 0.74309897
v 0.85855591 4.40799475 0.77624333
v 0.43550849 4.17434931 0.73814297
v 0.42707321 4.17473507 0.75910157
v 0.42662796 4.17823744 0.72432280
v 0.41751653 4.18198824 0.72564292
v 0.41794091 4.17865038 0.75878733
v 0.81012094 4.13481331 0.72936487
v 0.81941259 4.13332796 0.74990803
v 0.81896728 4.13683033 0.71512932
v 0.82871193 4.13859129 0.71600753
v 0.82913637 4.13525343 0.74915195
v 0.44597682 4.17559433 0.76078165
v 0.80120289 4.13810396 0.75245780
v 0.62490481 4.16890574 0.75843781
v 0.81063986 4.14338589 0.75327271
v 0.43789759 4.18272448 0.76200706
v 0.47536144 4.44800997 0.78784090
v 0.83058751 4.41052008 0.77951694
v 0.65167522 4.41708517 0.78308970
v 0.83867699 4.40330982 0.77909112
v 0.46593469 4.44264841 0.78782547
v 0.44548500 4.17946291 0.72236925
v 0.80071110 4.14197302 0.71404535
v 0.58257818 4.17731142 0.71977645
v 0.81013781 4.14733458 0.71406084
v 0.43739554 4.18667316 0.72279513
v 0.47486964 4.45187902 0.74942845
v 0.83009565 4.41438866 0.74110460
v 0.60934848 4.42549133 0.74442828
v 0.83817494 4.40725851 0.73987919
v 0.46543267 4.44659710 0.74861354
v 0.86124760 4.39812851 0.73997998
v 0.83461094 4.15118790 0.71545130
v 0.83094102 4.15753031 0.71524841
v 0.85632604 4.39286709 0.73862445
v 0.85024095 4.27433205 0.72848868
v 0.86171633 4.39444208 0.77658725
v 0.83507973 4.14750099 0.75205857
v 0.83143222 4.15366650 0.75361508
v 0.85681719 4.38900328 0.77699113
v 0.85068846 4.27081203 0.76344204
v 0.44099289 4.44248199 0.74982768
v 0.41435614 4.19554090 0.72529894
v 0.41925529 4.20097971 0.72489518
v 0.44464025 4.43631649 0.74827117
v 0.42538407 4.31917095 0.73844421
v 0.44146156 4.43879509 0.78643495
v 0.41482484 4.19185448 0.76190627
v 0.41974655 4.19711590 0.76326180
v 0.44513148 4.43245268 0.78663778
v 0.42583159 4.31565094 0.77339756
v 0.47560713 4.45257807 0.78648216
v 0.47516131 4.45608473 0.75166374
v 0.83123749 4.41504478 0.77814883
v 0.83079177 4.41855145 0.74333048
v 0.45073324 4.45059252 0.78746754
v 0.65327007 4.43212557 0.78341007
v 0.45695183 4.44769239 0.78800577
v 0.45026550 4.45427179 0.75093293
v 0.61342478 4.44003868 0.74701518
v 0.45646104 4.45155287 0.74966997
v 0.44244853 4.44998217 0.76542336
v 0.44635296 4.44827747 0.74977255
v 0.43897066 4.44266748 0.75160241
v 0.44683608 4.44447660 0.78750849
v 0.43939549 4.43932533 0.78478462
v 0.85516804 4.40790844 0.77799076
v 0.84851301 4.40636730 0.77883059
v 0.85470027 4.41158772 0.74145603
v 0.84802222 4.41022778 0.74049479
v 0.86211288 4.40569067 0.75558966
v 0.85721785 4.40491486 0.74014497
v 0.86334395 4.39787960 0.74165827
v 0.85770106 4.40111446 0.77788079
v 0.86376888 4.39453745 0.77484047
v 0.44528076 4.17143154 0.75855577
v 0.44483498 4.17493820 0.72373742
v 0.80091119 4.13389826 0.75022250
v 0.80046540 4.13740492 0.71540409
v 0.42137226 4.17839527 0.76043022
v 0.62328023 4.15409899 0.75579351
v 0.42805034 4.17975521 0.76139146
v 0.42090449 4.18207455 0.72389549
v 0.58343494 4.16201210 0.71939868
v 0.42755949 4.18361568 0.72305572
v 0.41386753 4.18501616 0.73910427
v 0.41837141 4.18886852 0.72400546
v 0.41230363 4.19544554 0.72704571
v 0.41885459 4.18506813 0.76174128
v 0.41272849 4.19210339 0.76022798
v 0.82580698 4.13571119 0.75095332
v 0.81961149 4.13843012 0.75221622
v 0.82533926 4.13939047 0.71441865
v 0.81912065 4.14229059 0.71388042
v 0.83353192 4.14072561 0.72927046
v 0.82923639 4.14550638 0.71437776
v 0.83667701 4.15065765 0.71710163
v 0.82971954 4.14170551 0.75211370
v 0.83710182 4.14731550 0.75028384
v 0.81216604 4.15550327 0.75466782
v 0.43899950 4.19488764 0.76341200
v 0.83757997 4.39110804 0.77807039
v 0.46441337 4.43049145 0.78681469
v 0.83826172 4.27191448 0.76583570
v 0.43831211 4.31412458 0.77520752
v 0.81165910 4.15949154 0.71507156
v 0.43849254 4.19887495 0.72381586
v 0.83707303 4.39509535 0.73847431
v 0.46390644 4.43447971 0.74721843
v 0.83776045 4.27585840 0.72667867
v 0.43781078 4.31806850 0.73605055
v -0.28599223 4.70366478 0.97650617
v 0.76834655 4.66491365 0.96310329
v -0.29681048 4.40720224 0.98263097
v 0.75752825 4.36845112 0.96922815
v 0.23092411 4.39525843 0.99890292
v 0.24123396 4.67778969 0.99306583
v 0.12149762 4.39846754 0.96094042
v 0.13180746 4.68099833 0.95510334
v 0.78872633 4.51541853 0.95053023
v 0.78923076 4.51617479 0.98802787
v -0.31760201 4.55607986 0.96459395
v -0.31709760 4.55683661 1.00209165
v 0.24126226 4.68670082 0.96952617
v -0.25844032 4.70236492 0.99827379
v -0.25894228 4.70161247 0.96096331
v -0.30968890 4.69655752 0.96262515
v -0.30921048 4.69727468 0.99818230
v 0.74133503 4.66561985 0.98556447
v 0.74083310 4.66486740 0.94825393
v 0.79109758 4.65609980 0.94863176
v 0.79157597 4.65681696 0.98418891
v 0.23026764 4.38540554 0.97575080
v -0.26920438 4.40738773 1.00436795
v -0.26970628 4.40663528 0.96705741
v -0.31994727 4.41543770 0.96843284
v -0.31946883 4.41615486 1.00399005
v 0.73057097 4.37064219 0.99165851
v 0.73006904 4.36989021 0.95434803
v 0.78083920 4.37497997 0.95443952
v 0.78131759 4.37569714 0.98999667
v 0.23608334 4.53653097 0.99630499
v 0.75572681 4.38328886 0.99198526
v -0.29334760 4.42184639 1.00532115
v 0.76550299 4.65119839 0.98645031
v -0.28357133 4.68975544 0.99978632
v 0.12487280 4.53979158 0.95772368
v 0.75520009 4.38249922 0.95283556
v -0.29387426 4.42105627 0.96617156
v 0.76497632 4.65040827 0.94730067
v -0.28409803 4.68896580 0.96063662
v 0.79794770 4.51539087 0.96549189
v -0.32641780 4.55671549 0.97978503
v -0.25253156 4.70427513 0.97626197
v -0.27567831 4.70392609 0.99729186
v -0.27614841 4.70322084 0.96234459
v -0.30110219 4.70112419 0.96354425
v -0.30065408 4.70179605 0.99684924
v 0.73502558 4.66797829 0.96370804
v 0.75861055 4.66591167 0.98414397
v 0.75814044 4.66520739 0.94919652
v 0.78289527 4.66128349 0.94976431
v 0.78334343 4.66195536 0.98306936
v -0.26348364 4.40414572 0.98246253
v -0.28651172 4.40704775 1.00342536
v -0.28698182 4.40634298 0.96847790
v -0.31171474 4.41029978 0.96955252
v -0.31126657 4.41097116 1.00285757
v 0.72407353 4.36784983 0.96990854
v 0.74777710 4.36903381 0.99027729
v 0.74730706 4.36832905 0.95533001
v 0.77228284 4.37045908 0.95577264
v 0.77273089 4.37113047 0.98907757
v -0.23745115 4.40848637 1.00456297
v 0.69899929 4.37406826 0.99265873
v 0.23125391 4.40421152 0.99896121
v 0.72233593 4.37988806 0.99262929
v -0.26029089 4.41600323 1.00512052
v -0.22685128 4.69896460 0.99856174
v 0.70959914 4.66454649 0.98665750
v 0.24091074 4.66884708 0.99349391
v 0.73244977 4.65704584 0.98690331
v -0.25017715 4.69316149 0.99939442
v -0.23797040 4.40770817 0.96596432
v 0.69847995 4.37329006 0.95406014
v 0.12047399 4.40746021 0.96052927
v 0.72180587 4.37909317 0.95322746
v -0.26082104 4.41520882 0.96571857
v -0.22737053 4.69818640 0.95996308
v 0.70907986 4.66376829 0.94805890
v 0.13013083 4.67209530 0.95506197
v 0.73191965 4.65625143 0.94750124
v -0.25070721 4.69236660 0.95999259
v 0.79431111 4.64705420 0.94815689
v 0.78470254 4.38373995 0.95359689
v 0.77362144 4.39032412 0.95272875
v 0.78277850 4.64126444 0.94754428
v 0.79558402 4.51519108 0.95163071
v 0.79480606 4.64779615 0.98494154
v 0.78519744 4.38448191 0.99038160
v 0.77414012 4.39110184 0.99128127
v 0.78329706 4.64204216 0.98609686
v 0.79605651 4.51589918 0.98675334
v -0.31356871 4.68777323 0.96224028
v -0.32317728 4.42445898 0.96768034
v -0.31166840 4.43021250 0.96652502
v -0.30251133 4.68115330 0.96134055
v -0.32442778 4.55635548 0.96586847
v -0.31307378 4.68851471 0.99902499
v -0.32268235 4.42520046 1.00446498
v -0.31114975 4.43099022 1.00507760
v -0.30199271 4.68193054 0.99989313
v -0.32395527 4.55706358 1.00099111
v -0.22723870 4.70360231 0.99666667
v -0.22770940 4.70289707 0.96167952
v 0.71027768 4.66914511 0.98474884
v 0.70980698 4.66843939 0.94976181
v -0.29173052 4.70121288 0.99844527
v 0.24147569 4.68473577 0.99199760
v -0.27483237 4.69833660 0.99918139
v -0.29222444 4.70047283 0.96173352
v 0.13719025 4.68779373 0.95581877
v -0.27535063 4.69755936 0.96065992
v -0.31224099 4.69765234 0.97681063
v -0.30095699 4.69395351 0.96137875
v -0.31896886 4.68815708 0.96402711
v -0.30044687 4.69471836 0.99929732
v -0.31852022 4.68882942 0.99737000
v 0.77444452 4.66202688 0.98489195
v 0.75740504 4.66039753 0.98605955
v 0.77395058 4.66128635 0.94818026
v 0.75688666 4.65962076 0.94753790
v 0.79408252 4.65699053 0.96274704
v 0.78216928 4.65414476 0.94760978
v 0.79976851 4.64703894 0.94980562
v 0.78267944 4.65490961 0.98552847
v 0.80021709 4.64771175 0.98314852
v -0.23817825 4.40381527 1.00286007
v -0.23864895 4.40310955 0.96787304
v 0.69933808 4.36935759 0.99094236
v 0.69886744 4.36865234 0.95595515
v -0.30232185 4.41096830 1.00444150
v 0.23065749 4.38827467 0.99812239
v -0.28525802 4.41263390 1.00508392
v -0.30281577 4.41022778 0.96772993
v 0.12637204 4.39133310 0.96194351
v -0.28577629 4.41185713 0.96656233
v -0.32255092 4.41511822 0.98264766
v -0.31105071 4.41734552 0.96709329
v -0.32858840 4.42454290 0.96947336
v -0.31054062 4.41810989 1.00501204
v -0.32813978 4.42521572 1.00281620
v 0.76385313 4.37178183 0.99088836
v 0.74697942 4.37469530 0.99196196
v 0.76335925 4.37104177 0.95417655
v 0.74646103 4.37391853 0.95344049
v 0.78377253 4.37445688 0.96858400
v 0.77207559 4.37753630 0.95332456
v 0.79014897 4.38342524 0.95525187
v 0.77258569 4.37830114 0.99124312
v 0.79059762 4.38409805 0.98859477
v 0.72337097 4.39283752 0.99254727
v -0.26037446 4.42899370 1.00505280
v 0.73253846 4.64406347 0.98735714
v -0.25120693 4.68021965 0.99986255
v 0.76325458 4.51714849 0.98928273
v -0.29109657 4.55589962 1.00268579
v 0.72283566 4.39203501 0.95275933
v -0.26090974 4.42819118 0.96526474
v 0.73200327 4.64326096 0.94756907
v -0.25174221 4.67941713 0.96007448
v 0.76272529 4.51635504 0.94993615
v -0.29162586 4.55510664 0.96333909
v -0.44644168 5.16907263 1.93846560
v -0.48399612 5.24043846 1.33671963
v -0.49181440 4.76236248 1.89306235
v -0.52936882 4.83372784 1.29131627
v -0.48658693 4.80523348 1.59154356
v -0.44334647 5.19283152 1.63481343
v -0.52175093 4.80189276 1.65660942
v -0.47851041 5.18949080 1.69987917
v -0.52279526 5.04041052 1.30031562
v -0.48558718 5.03657007 1.29753792
v -0.48338893 4.96552563 1.93173361
v -0.44618088 4.96168470 1.92895603
v -0.46507597 5.20809460 1.63797963
v -0.42559877 5.16763735 1.92114437
v -0.46262103 5.17145872 1.92390823
v -0.46101257 5.15844536 1.95160723
v -0.42573008 5.15480280 1.94897330
v -0.46120968 5.23530960 1.35053957
v -0.49823201 5.23913145 1.35330331
v -0.50022149 5.23295498 1.32335198
v -0.46493900 5.22931290 1.32071817
v -0.51118839 4.79475355 1.59183609
v -0.47074413 4.76296425 1.87596834
v -0.50776643 4.76678610 1.87873209
v -0.50403720 4.77278280 1.90855336
v -0.46875462 4.76914072 1.90591955
v -0.50635511 4.83063650 1.30536342
v -0.54337740 4.83445835 1.30812716
v -0.54324603 4.84729242 1.28029835
v -0.50796360 4.84365034 1.27766454
v -0.46464840 4.99900007 1.61315465
v -0.50424927 4.85077763 1.29329991
v -0.46688232 4.77976799 1.89204121
v -0.46324658 5.21831703 1.33433044
v -0.42587963 5.14730787 1.93307173
v -0.50038570 4.99560452 1.67928123
v -0.54309654 4.85478783 1.29619992
v -0.50572956 4.78377819 1.89494133
v -0.50209385 5.22232723 1.33723032
v -0.46472681 5.15131760 1.93597174
v -0.50815660 5.03947687 1.29405153
v -0.46810785 4.96337080 1.93576419
v -0.44713399 5.17382574 1.91967297
v -0.42601112 5.16789389 1.93122637
v -0.46068841 5.17147350 1.93381512
v -0.45945162 5.16555500 1.94747591
v -0.42640388 5.16214323 1.94500887
v -0.48230979 5.24067163 1.35604143
v -0.46285141 5.23790264 1.34092367
v -0.49752873 5.24148226 1.34351230
v -0.49806249 5.23892832 1.32880282
v -0.46501473 5.23551702 1.32633567
v -0.49306786 4.76208496 1.87370801
v -0.47144741 4.76061344 1.88575923
v -0.50612473 4.76419306 1.88834810
v -0.50396144 4.76657820 1.90293598
v -0.47091371 4.76316690 1.90046895
v -0.52824354 4.82893038 1.31007659
v -0.50828773 4.83062172 1.29545641
v -0.54296499 4.83420134 1.29804540
v -0.54257232 4.83995199 1.28426278
v -0.50952458 4.83654070 1.28179586
v -0.47088864 4.76812744 1.85819423
v -0.50424403 4.83151340 1.32373118
v -0.48497602 4.81748390 1.59289587
v -0.50364846 4.84217215 1.31154430
v -0.46864837 4.77566004 1.87236190
v -0.42643180 5.16662836 1.90268135
v -0.45978716 5.23001432 1.36821818
v -0.44447440 5.18053150 1.63342500
v -0.46123031 5.22239923 1.35399103
v -0.42623010 5.15588760 1.91480863
v -0.50918907 4.77208090 1.86105347
v -0.54254431 4.83546734 1.32659030
v -0.52057499 4.81410170 1.65876663
v -0.54274601 4.84620810 1.31446290
v -0.50774580 4.77969646 1.87528050
v -0.46473211 5.17058182 1.90554047
v -0.49808750 5.23396826 1.37107742
v -0.48007336 5.17714930 1.69929564
v -0.50032783 5.22643518 1.35690987
v -0.46532765 5.15992355 1.91772747
v -0.50231940 5.22104406 1.32000983
v -0.54261881 4.85980892 1.27968311
v -0.54214674 4.86762333 1.28714252
v -0.50374109 5.21188259 1.32557416
v -0.52186060 5.04075193 1.29632282
v -0.46581894 5.21727657 1.31728506
v -0.50611830 4.85604095 1.27695835
v -0.50389194 4.86367369 1.28428674
v -0.46548635 5.20793390 1.32271838
v -0.48700926 5.03715467 1.29372108
v -0.46285781 5.14605427 1.95231318
v -0.50315732 4.78481913 1.91198671
v -0.50348985 4.79416180 1.90655327
v -0.46508420 5.13842154 1.94498491
v -0.48196688 4.96494055 1.93555069
v -0.42635736 5.14228630 1.94958854
v -0.46665680 4.78105116 1.90926182
v -0.46523508 4.79021311 1.90369749
v -0.42682943 5.13447237 1.94212914
v -0.44711557 4.96134329 1.93294871
v -0.42749220 5.17316246 1.90383220
v -0.46220902 5.17674637 1.90642381
v -0.46088558 5.23662090 1.36876059
v -0.49560237 5.24020481 1.37135220
v -0.42507544 5.16217470 1.93975222
v -0.44319758 5.20248175 1.63594866
v -0.42512956 5.16011429 1.92965293
v -0.46150354 5.16593504 1.94247174
v -0.47670949 5.19929743 1.69795752
v -0.46335348 5.16406012 1.93250620
v -0.44675019 5.15777683 1.95224631
v -0.46284401 5.15606928 1.94630957
v -0.46093395 5.14571619 1.95530725
v -0.42521828 5.15218544 1.94350076
v -0.42784858 5.14230108 1.95283735
v -0.46305153 5.23434162 1.33125114
v -0.46189672 5.22998428 1.34052086
v -0.49947959 5.23810196 1.33397067
v -0.50012070 5.23393011 1.34337437
v -0.48615628 5.23266172 1.32083082
v -0.50142384 5.22938347 1.32813370
v -0.50078225 5.22144079 1.31680691
v -0.46379808 5.22549915 1.32532489
v -0.46769688 5.21802568 1.31433713
v -0.47337383 4.76189041 1.85791945
v -0.50809056 4.76547432 1.86051106
v -0.50676715 4.82534885 1.32284784
v -0.54148400 4.82893276 1.32543957
v -0.46949661 4.76399374 1.89530098
v -0.48857009 4.79577303 1.59054542
v -0.46885541 4.76816559 1.88589728
v -0.50592464 4.76775408 1.89802051
v -0.52208197 4.79258919 1.65255427
v -0.50707948 4.77211094 1.88875079
v -0.48999119 4.77017450 1.90897596
v -0.50517809 4.77659607 1.90394676
v -0.50127923 4.78407001 1.91493464
v -0.46755230 4.77271223 1.90113795
v -0.46819392 4.78065443 1.91246474
v -0.50747257 4.83616066 1.28680003
v -0.50562268 4.83803511 1.29676533
v -0.54390067 4.83992100 1.28951931
v -0.54384661 4.84198141 1.29961872
v -0.52939725 4.84505892 1.27756071
v -0.54375792 4.84991026 1.28577089
v -0.54112756 4.85979462 1.27643442
v -0.50613213 4.84602642 1.28296208
v -0.50804222 4.85637951 1.27396441
v -0.50149232 4.85997820 1.31319654
v -0.46645245 4.79339027 1.87465239
v -0.46304303 5.20462942 1.35167193
v -0.42800304 5.13804197 1.91312790
v -0.48374420 5.03471613 1.31230199
v -0.44618937 4.96334934 1.91405487
v -0.54097313 4.86405373 1.31614375
v -0.50593311 4.79746580 1.87759972
v -0.50252372 5.20870495 1.35461926
v -0.46748376 5.14211750 1.91607511
v -0.52278680 5.03874588 1.31521666
v -0.48523194 4.96737909 1.91696954
v -0.31733716 5.14855051 1.49462700
v -0.33295697 4.53922272 1.07043958
v -0.45846954 5.16497660 1.47622836
v -0.47408935 4.55564880 1.05204093
v -0.46691436 4.84697771 1.28331316
v -0.33241418 4.83132315 1.30084741
v -0.45857623 4.93195200 1.29521799
v -0.32407603 4.91629791 1.31275201
v -0.40129244 4.54098606 1.03837049
v -0.40770128 4.51998138 1.06877851
v -0.38490242 5.18035936 1.48347461
v -0.39131123 5.15935516 1.51388264
v -0.32395747 4.84388065 1.28249776
v -0.32187179 5.12044573 1.50152552
v -0.31549498 5.14134550 1.47126925
v -0.31819502 5.17042685 1.49186981
v -0.32427219 5.15050936 1.52070427
v -0.33668327 4.54265165 1.09929049
v -0.33030644 4.56355143 1.06903422
v -0.33450291 4.53425550 1.04899549
v -0.34058008 4.51433849 1.07782984
v -0.46739084 4.86057472 1.26379919
v -0.46229723 5.13678980 1.48321891
v -0.45592037 5.15768957 1.45296264
v -0.45202366 5.18600273 1.47442329
v -0.45810080 5.16608524 1.50325775
v -0.47710869 4.55899525 1.08098388
v -0.47073188 4.57989550 1.05072761
v -0.46833152 4.54983187 1.03154898
v -0.47440866 4.52991438 1.06038332
v -0.39971909 4.83897066 1.29234052
v -0.47118810 4.54348516 1.07265246
v -0.45564631 5.14977074 1.49472165
v -0.34364852 4.52864122 1.08927906
v -0.32810673 5.13492632 1.51134837
v -0.39124501 4.92533064 1.30443919
v -0.46449694 4.56541491 1.04090476
v -0.44895518 5.17170000 1.46297419
v -0.33695737 4.55057049 1.05753160
v -0.32141557 5.15685606 1.47960067
v -0.40400279 4.52732849 1.04696810
v -0.38734555 5.17712641 1.49932897
v -0.31699634 5.12902880 1.48148370
v -0.32096174 5.13102818 1.50756919
v -0.31498888 5.15060377 1.47922933
v -0.31620184 5.16467571 1.48970687
v -0.32189411 5.14601994 1.51671493
v -0.33162680 4.55829620 1.08416438
v -0.33628455 4.53328800 1.09144831
v -0.33031160 4.55286360 1.06310856
v -0.33226106 4.53820705 1.05358720
v -0.33795330 4.51955175 1.08059514
v -0.45987430 5.14565849 1.46285737
v -0.46229210 5.14747715 1.48914456
v -0.45631912 5.16705322 1.46080482
v -0.45465037 5.18078947 1.47165799
v -0.46034262 5.16213369 1.49866593
v -0.47450477 4.57492542 1.06553793
v -0.47761485 4.54973698 1.07302392
v -0.47164193 4.56931305 1.04468405
v -0.47070956 4.55432129 1.03553832
v -0.47640184 4.53566504 1.06254637
v -0.46180543 5.11800575 1.47114217
v -0.47567877 4.57680893 1.09438443
v -0.46269631 4.84634542 1.28406584
v -0.47291890 4.56287098 1.08583450
v -0.45836148 5.13075542 1.48117018
v -0.32352182 5.10191107 1.48916948
v -0.33739516 4.56071424 1.11241174
v -0.33671537 4.83168268 1.30048943
v -0.34097648 4.54751444 1.10303521
v -0.32641906 5.11539888 1.49837089
v -0.45520857 5.13962698 1.43984163
v -0.46908188 4.59842968 1.06308365
v -0.45425504 4.93237066 1.29611778
v -0.46618468 4.58494234 1.05388236
v -0.45162722 5.15282631 1.44921803
v -0.31692487 5.12353230 1.45786893
v -0.33079815 4.58233547 1.08111095
v -0.32827413 4.91770840 1.31254137
v -0.33424222 4.56958580 1.07108295
v -0.31968477 5.13746977 1.46641862
v -0.33868888 4.53304338 1.04651833
v -0.46404085 4.54763269 1.03017688
v -0.46077713 4.55431271 1.03438830
v -0.34131578 4.54040861 1.04996181
v -0.40159675 4.53636646 1.03658104
v -0.34497583 4.51243782 1.07634807
v -0.47032785 4.52702761 1.06000662
v -0.46736622 4.53271723 1.06565166
v -0.34790489 4.51881313 1.08122528
v -0.40759966 4.51669264 1.06506300
v -0.32227588 5.17331314 1.49224663
v -0.44762781 5.18790293 1.47590494
v -0.44469881 5.18152761 1.47102797
v -0.32523745 5.16762400 1.48660147
v -0.38500404 5.18364811 1.48719025
v -0.32856283 5.15270853 1.52207625
v -0.45391485 5.16729784 1.50573480
v -0.45128787 5.15993261 1.50229144
v -0.33182651 5.14602852 1.51786494
v -0.39100689 5.16397429 1.51567221
v -0.32098946 5.10297298 1.48820853
v -0.31500974 5.12257099 1.45983648
v -0.33487856 4.56115961 1.11102188
v -0.32889885 4.58075762 1.08264983
v -0.32245523 5.13993168 1.51449287
v -0.32894042 4.83145523 1.30053008
v -0.32394251 5.12974405 1.50825894
v -0.31618074 5.16049576 1.48472238
v -0.32099405 4.91243696 1.31187546
v -0.31735870 5.15132189 1.47702050
v -0.32023838 5.16405249 1.50451434
v -0.31919795 5.16611004 1.48721981
v -0.32241821 5.17547846 1.49583554
v -0.32567871 5.14486980 1.51796913
v -0.32811695 5.15680170 1.52287424
v -0.33825040 4.52376366 1.08554363
v -0.33923489 4.53318882 1.09296358
v -0.33197591 4.54432726 1.05577314
v -0.33265105 4.55476665 1.06172538
v -0.33662835 4.52468157 1.05941248
v -0.33524421 4.54014492 1.05145061
v -0.33899206 4.52893305 1.04573905
v -0.34172499 4.51890469 1.08220005
v -0.34469077 4.51025629 1.07277775
v -0.46370482 5.11958361 1.46960330
v -0.45772511 5.13918161 1.44123125
v -0.47759393 4.57776976 1.09241676
v -0.47161424 4.59736824 1.06404471
v -0.46062782 5.15601349 1.49647999
v -0.47007221 4.84788132 1.28213155
v -0.45995262 5.14557409 1.49052787
v -0.45435327 5.17657757 1.46670961
v -0.46212581 4.92886305 1.29347694
v -0.45336878 5.16715193 1.45928955
v -0.45474011 5.17970753 1.48697996
v -0.45087865 5.18143606 1.47005320
v -0.44791290 5.19008446 1.47947550
v -0.45735943 5.16019583 1.50080264
v -0.45361161 5.17140770 1.50651407
v -0.47642294 4.53984499 1.06753075
v -0.47524500 4.54901934 1.07523263
v -0.47014847 4.56040955 1.03776026
v -0.46866113 4.57059717 1.04399431
v -0.47113010 4.54033661 1.04187799
v -0.46692500 4.55547142 1.03428411
v -0.46448672 4.54353952 1.02937901
v -0.47340569 4.53423119 1.06503344
v -0.47018549 4.52486277 1.05641770
v -0.46678761 4.56172180 1.08657074
v -0.45221364 5.13025188 1.48235643
v -0.34719032 4.54780149 1.10216212
v -0.33261630 5.11633205 1.49794781
v -0.40747425 4.53448296 1.07998407
v -0.39185426 5.14381790 1.50417638
v -0.45998737 4.58400917 1.05430532
v -0.44541341 5.15253925 1.45009112
v -0.34039006 4.57008886 1.06989682
v -0.32581607 5.13861942 1.46568251
v -0.40074944 4.55652332 1.04807687
v -0.38512945 5.16585779 1.47226906
v 0.82273704 4.62024546 1.13127398
v -0.23130494 4.67761230 1.14072549
v 0.83790386 4.89382076 1.16220975
v -0.21613806 4.95118761 1.17166126
v 0.31059104 4.91347408 1.18918562
v 0.29613683 4.65275526 1.15970361
v 0.41934788 4.91197777 1.14910126
v 0.40489367 4.65125847 1.11961913
v -0.24975163 4.81753731 1.14121401
v -0.24964713 4.81331635 1.17848456
v 0.85626537 4.75734138 1.13129652
v 0.85636979 4.75312090 1.16856706
v 0.29559174 4.64672422 1.13552022
v 0.79556262 4.61992788 1.15356100
v 0.79545856 4.62412691 1.11647677
v 0.84630680 4.62767410 1.11761832
v 0.84640586 4.62367249 1.15295994
v -0.20393132 4.67432594 1.16252339
v -0.20403531 4.67852497 1.12543917
v -0.25416979 4.68756819 1.12748623
v -0.25407064 4.68356657 1.16282773
v 0.31100598 4.92475986 1.16696024
v 0.81065351 4.89213276 1.18434191
v 0.81054956 4.89633179 1.14725757
v 0.86068887 4.88709116 1.14695323
v 0.86078799 4.88308954 1.18229485
v -0.18884039 4.94653082 1.19330418
v -0.18894435 4.95072985 1.15621996
v -0.23978773 4.94698572 1.15682101
v -0.23968858 4.94298363 1.19216263
v 0.30336481 4.78307867 1.17476344
v -0.21417280 4.93527937 1.19302702
v 0.83460629 4.87819862 1.18362260
v -0.22787902 4.68805313 1.16507065
v 0.82090008 4.63097191 1.15566659
v 0.41389480 4.78155756 1.13402557
v -0.21428184 4.93968582 1.15411448
v 0.83449721 4.88260508 1.14471042
v -0.22798806 4.69245911 1.12615836
v 0.82079101 4.63537884 1.11675406
v -0.25872558 4.81633091 1.15627992
v 0.86532336 4.75515366 1.14620066
v 0.78926235 4.62034607 1.13159871
v 0.81276256 4.61824465 1.15213275
v 0.81266516 4.62217808 1.11739731
v 0.83766949 4.62352657 1.11830664
v 0.83776230 4.61977768 1.15140975
v -0.19801669 4.67407942 1.14045155
v -0.22123516 4.67452097 1.16140449
v -0.22133256 4.67845392 1.12666917
v -0.24602269 4.68250704 1.12802386
v -0.24592987 4.67875862 1.16112697
v 0.80461687 4.89730501 1.16291714
v 0.82795078 4.89220381 1.18311191
v 0.82785332 4.89613676 1.14837646
v 0.85254800 4.89189911 1.14865398
v 0.85264087 4.88815069 1.18175721
v -0.18266216 4.95103836 1.17176998
v -0.20604700 4.94847965 1.19238377
v -0.20614439 4.95241308 1.15764832
v -0.23114413 4.95088005 1.15837121
v -0.23105131 4.94713163 1.19147444
v 0.77888662 4.89170694 1.18503118
v -0.15730014 4.94265938 1.19342577
v 0.31013393 4.90518999 1.18849373
v -0.18072143 4.93772507 1.19333696
v 0.80162877 4.88425970 1.18452847
v 0.76402593 4.62365389 1.15471983
v -0.17216092 4.67460632 1.16311443
v 0.29659528 4.66098452 1.16087925
v -0.19490078 4.68196392 1.16441560
v 0.78744942 4.62849855 1.15560722
v 0.77877915 4.89605141 1.14666653
v -0.15740769 4.94700432 1.15506113
v 0.42023590 4.90367508 1.14791346
v -0.18083124 4.94215965 1.15417385
v 0.80151898 4.88869429 1.14536548
v 0.76391840 4.62799835 1.11635518
v -0.17226847 4.67895079 1.12474990
v 0.40669721 4.65946960 1.12029910
v -0.19501057 4.68639803 1.12525260
v 0.78733963 4.63293314 1.11644411
v -0.25726166 4.69604635 1.12783694
v -0.24379052 4.93903208 1.15531373
v -0.23281777 4.93280792 1.15368831
v -0.24565576 4.70124006 1.12750268
v -0.25658804 4.81777525 1.14245582
v -0.25715911 4.69190598 1.16439867
v -0.24368800 4.93489218 1.19187522
v -0.23271035 4.92846870 1.19200718
v -0.24554835 4.69690132 1.16582155
v -0.25649023 4.81382275 1.17736530
v 0.85030621 4.63576555 1.11790562
v 0.86377728 4.87875223 1.14538240
v 0.85216653 4.87375641 1.14395952
v 0.83932853 4.64218903 1.11777377
v 0.86310840 4.75683498 1.13241565
v 0.85040873 4.63162565 1.15446734
v 0.86387986 4.87461185 1.18194413
v 0.85227400 4.86941767 1.18227816
v 0.83943594 4.63784981 1.15609276
v 0.86320627 4.75288248 1.16732526
v 0.76431549 4.61953259 1.15243447
v 0.76421815 4.62347078 1.11765957
v -0.17293690 4.67054367 1.16083872
v -0.17303438 4.67448139 1.12606370
v 0.82887322 4.62033844 1.15321279
v 0.29577792 4.64643145 1.15805817
v 0.81202799 4.62325573 1.15450144
v 0.82877100 4.62447071 1.11672366
v 0.39942518 4.64500523 1.11985695
v 0.81192064 4.62759161 1.11621332
v 0.84907782 4.62527704 1.13159895
v 0.83759135 4.63036919 1.11675942
v 0.85573059 4.63513851 1.11955166
v 0.83769703 4.62610149 1.15444827
v 0.85582340 4.63138580 1.15269256
v -0.23700157 4.67834997 1.16277039
v -0.21991891 4.67942047 1.16375470
v -0.23710382 4.68248129 1.12628114
v -0.22002628 4.68375587 1.12546659
v -0.25693423 4.68547201 1.14151645
v -0.24523000 4.68930244 1.12646890
v -0.26269168 4.69600916 1.12958050
v -0.24512435 4.68503475 1.16415763
v -0.26259881 4.69225693 1.16272116
v 0.77965260 4.89617634 1.18371737
v 0.77955514 4.90011454 1.14894223
v -0.15759985 4.94718742 1.19212151
v -0.15769733 4.95112514 1.15734649
v 0.84372211 4.88817644 1.18349981
v 0.31094480 4.92000580 1.18899381
v 0.82664448 4.88690186 1.18431437
v 0.84361976 4.89230824 1.14701068
v 0.41459206 4.91857958 1.15079248
v 0.82653707 4.89123726 1.14602637
v 0.86353225 4.88599920 1.16108131
v 0.85174257 4.88562298 1.14562333
v 0.86921704 4.87840080 1.14705992
v 0.85184819 4.88135529 1.18331218
v 0.86930984 4.87464857 1.18020046
v -0.22215277 4.94618750 1.19305730
v -0.20530239 4.94306612 1.19356775
v -0.22225501 4.95031929 1.15656817
v -0.20540977 4.94740200 1.15527952
v -0.24247982 4.94619465 1.17099869
v -0.23107883 4.94455671 1.15533280
v -0.24920525 4.93927240 1.15708852
v -0.23097320 4.94028854 1.19302166
v -0.24911235 4.93551922 1.19022930
v -0.18194333 4.92576838 1.19218087
v 0.80152506 4.87224245 1.18336248
v -0.19479595 4.69393730 1.16596556
v 0.78867245 4.64041138 1.15714693
v -0.22366323 4.81179857 1.17917025
v 0.83039111 4.75443077 1.16971886
v -0.18205424 4.93024635 1.15263402
v 0.80141419 4.87672043 1.14381552
v -0.19490686 4.69841576 1.12641859
v 0.78856158 4.64488935 1.11760008
v -0.22377293 4.81622696 1.14006221
v 0.83028150 4.75885916 1.13061070
v -0.39019489 6.02093601 2.30014658
v -0.42600846 6.03545380 1.53377044
v -0.44160333 5.42147493 2.29119301
v -0.47741684 5.43599272 1.52481687
v -0.43528807 5.44086218 1.90710282
v -0.38629550 6.01215315 1.91563559
v -0.47076046 5.44269323 1.98815131
v -0.42176789 6.01398420 1.99668431
v -0.46783248 5.73737669 1.51113498
v -0.43050194 5.73420238 1.50933051
v -0.43025303 5.72214317 2.31530142
v -0.39292243 5.71896887 2.31349707
v -0.40791032 6.03310108 1.91704249
v -0.36924988 6.01793957 2.27923012
v -0.40639406 6.02109814 2.28102612
v -0.40500721 6.00631857 2.31748581
v -0.36960849 6.00330830 2.31577444
v -0.40320995 6.03170586 1.55251491
v -0.44035414 6.03486490 1.55431056
v -0.44239846 6.02147579 1.51734769
v -0.40699977 6.01846600 1.51563644
v -0.46015692 5.42386627 1.90794301
v -0.42040080 5.42148066 2.27032137
v -0.45754501 5.42463970 2.27211714
v -0.45375520 5.43787956 2.30899549
v -0.41835654 5.43487024 2.30728436
v -0.45436090 5.43524790 1.54360604
v -0.49150509 5.43840599 1.54540181
v -0.49114648 5.45303726 1.50885749
v -0.45574775 5.45002699 1.50714612
v -0.41047248 5.72648001 1.91135371
v -0.45193580 5.46287537 1.52605343
v -0.41630110 5.44843006 2.28860331
v -0.40547869 6.00460148 1.53414464
v -0.36984396 5.99015570 2.29669452
v -0.44652316 5.72834158 1.99372363
v -0.49091098 5.46618986 1.52793753
v -0.45527625 5.45174456 2.29048753
v -0.44445381 6.00791597 1.53602874
v -0.40881911 5.99347019 2.29857874
v -0.45312971 5.73622513 1.50385416
v -0.41493756 5.72074270 2.32113123
v -0.39079407 6.02508450 2.27592039
v -0.36967522 6.01972342 2.29185915
v -0.40446675 6.02268219 2.29354143
v -0.40332988 6.01615000 2.31147647
v -0.37017328 6.01333094 2.30987358
v -0.42433918 6.03868294 1.55808628
v -0.40480772 6.03396559 1.54005682
v -0.43959919 6.03692389 1.54173875
v -0.44015086 6.03107643 1.52354181
v -0.40699428 6.02825737 1.52193892
v -0.44283834 5.41820908 2.26685619
v -0.42115575 5.41942167 2.28289318
v -0.45594731 5.42238045 2.28457522
v -0.45376068 5.42808867 2.30269337
v -0.42060411 5.42526913 2.30109024
v -0.47638339 5.43180704 1.54902208
v -0.45628822 5.43366337 1.53109074
v -0.49107972 5.43662214 1.53277266
v -0.49058166 5.44301510 1.51475859
v -0.45742509 5.44019556 1.51315570
v -0.42044508 5.42641115 2.24734354
v -0.45225418 5.43930578 1.56665790
v -0.43349427 5.45893431 1.90736127
v -0.45148361 5.45305681 1.55005753
v -0.41810596 5.43952608 2.26430798
v -0.37007433 6.01377249 2.25611639
v -0.40188345 6.02666664 1.57543075
v -0.38760483 5.99403954 1.91535378
v -0.40342268 6.01348400 1.55842781
v -0.37004504 5.99995327 2.27267838
v -0.45887157 5.42967892 2.24920130
v -0.49068066 5.44257307 1.56851554
v -0.46940532 5.46078825 1.98941243
v -0.49070987 5.45639277 1.55195367
v -0.45733231 5.44286203 2.26620436
v -0.40850076 6.01703978 2.25797415
v -0.44030988 6.02993488 1.57728839
v -0.42351595 5.99589348 1.99740458
v -0.44264904 6.01681948 1.56032407
v -0.40927133 6.00328922 2.27457428
v -0.44467375 6.00357437 1.51453042
v -0.49033406 5.47114038 1.50657785
v -0.48975754 5.48357010 1.51501739
v -0.44624296 5.99098349 1.52259612
v -0.46688262 5.73737049 1.50610495
v -0.40805307 6.00046015 1.51276004
v -0.45371339 5.46802664 1.50480747
v -0.45137691 5.48030615 1.51316202
v -0.40786222 5.98771954 1.52074063
v -0.43191656 5.73439741 1.50441456
v -0.40704158 5.98831940 2.31982446
v -0.45270187 5.45588541 2.31187201
v -0.45289266 5.46862602 2.30389142
v -0.40937808 5.97603941 2.31147003
v -0.42883834 5.72194815 2.32021761
v -0.37042087 5.98520517 2.31805420
v -0.41608122 5.45277166 2.31010175
v -0.41451195 5.46536255 2.30203605
v -0.37099737 5.97277546 2.30961466
v -0.39387226 5.71897507 2.31852722
v -0.37104675 6.02332973 2.25673127
v -0.40587789 6.02629137 2.25841522
v -0.40289202 6.03623915 1.57527089
v -0.43772319 6.03920126 1.57695448
v -0.36883053 6.01272297 2.30330563
v -0.38600788 6.02631521 1.91589046
v -0.36889985 6.00828743 2.29085898
v -0.40537858 6.01583099 2.30507231
v -0.41981372 6.02806044 1.99313140
v -0.40724972 6.01154900 2.29271269
v -0.39068869 6.00651073 2.31883764
v -0.40687379 6.00197792 2.31105614
v -0.40511793 5.98840189 2.32369232
v -0.36912414 5.99876833 2.30923128
v -0.37192369 5.98557949 2.32208753
v -0.40504611 6.02740431 1.52832556
v -0.40396264 6.02250147 1.54054773
v -0.44159415 6.03051233 1.53009236
v -0.44231254 6.02576256 1.54240155
v -0.42826805 6.02174473 1.51467478
v -0.44366521 6.01689291 1.52375472
v -0.44311899 6.00380659 1.51050591
v -0.40591553 6.01368237 1.52192986
v -0.40992466 6.00098419 1.50890124
v -0.42303181 5.41714478 2.24767733
v -0.45786288 5.42010689 2.24936128
v -0.45487705 5.43005419 1.56621683
v -0.48970819 5.43301582 1.56790066
v -0.41916081 5.42583370 2.29453969
v -0.43741608 5.42685604 1.90693688
v -0.41844246 5.43058300 2.28223038
v -0.45570883 5.42894173 2.29630661
v -0.47122189 5.42860174 1.98417759
v -0.45679232 5.43384457 2.28408432
v -0.43968186 5.43521309 2.31030488
v -0.45483944 5.44266319 2.30270195
v -0.45083031 5.45536184 2.31573081
v -0.41708976 5.43945265 2.30087733
v -0.41763592 5.45253897 2.31412601
v -0.45537639 5.44051504 1.51955986
v -0.45350519 5.44479704 1.53191912
v -0.49192441 5.44362259 1.52132654
v -0.49185511 5.44805813 1.53377295
v -0.47726122 5.45044661 1.50614202
v -0.49163079 5.45757723 1.51540089
v -0.48883128 5.47076654 1.50254464
v -0.45388111 5.45436764 1.51357579
v -0.45563698 5.46794367 1.50093973
v -0.44906199 5.47926617 1.55003321
v -0.41564637 5.46572018 2.26509666
v -0.40549785 5.98725700 1.55762064
v -0.37208223 5.97371101 2.27268410
v -0.42869887 5.73376656 1.52817655
v -0.39288488 5.71924829 2.29456186
v -0.48867267 5.48263454 1.55194807
v -0.45525712 5.46908855 2.26701164
v -0.44510859 5.99062538 1.55953538
v -0.41169295 5.97707987 2.27459884
v -0.46787003 5.73709726 1.53007019
v -0.43205613 5.72257900 2.29645562
v -0.28276417 4.40270567 0.92149782
v 0.74557447 4.36064863 0.93186867
v -0.28195116 4.39850569 0.82385457
v 0.74638748 4.35644913 0.83422548
v 0.23124507 4.35449266 0.83231920
v 0.23047028 4.35849524 0.92537385
v 0.12665708 4.39812613 0.82957155
v 0.12588230 4.40212822 0.92262644
v 0.77196634 4.37279463 0.88265079
v 0.77041894 4.33535194 0.88424826
v -0.30707985 4.41692543 0.87176841
v -0.30862728 4.37948275 0.87336594
v 0.23140799 4.38193989 0.92746943
v -0.25706515 4.37954044 0.92246306
v -0.25552544 4.41679573 0.92087358
v -0.30480275 4.41783714 0.91813207
v -0.30627009 4.38233185 0.91964698
v 0.71805567 4.33965969 0.93229735
v 0.71959537 4.37691545 0.93070775
v 0.76883829 4.37392759 0.92895979
v 0.76737100 4.33842230 0.93047476
v 0.23223422 4.37767172 0.82823426
v -0.25625625 4.37536144 0.82530892
v -0.25471658 4.41261768 0.82371932
v -0.30403179 4.41385508 0.82554191
v -0.30549920 4.37834978 0.82705688
v 0.71886456 4.33548117 0.83514309
v 0.72040421 4.37273693 0.83355361
v 0.76960927 4.36994553 0.83636969
v 0.76814193 4.33444023 0.83788460
v 0.23084444 4.35617352 0.87886018
v 0.74283111 4.33377171 0.83988231
v -0.28037298 4.37561846 0.82956332
v 0.74209642 4.33756685 0.92812133
v -0.28110766 4.37941360 0.91780227
v 0.12455129 4.40051794 0.87606794
v 0.74444675 4.37286377 0.83821440
v -0.27875736 4.41471052 0.82789534
v 0.74371207 4.37665892 0.92645335
v -0.27949205 4.41850567 0.91613436
v 0.78014034 4.35738087 0.88338166
v -0.31649813 4.40223074 0.87232202
v -0.25021076 4.40118170 0.92243934
v -0.27385023 4.38142204 0.92255598
v -0.27240804 4.41631794 0.92106712
v -0.29667488 4.41644669 0.91986066
v -0.29804933 4.38319063 0.92127967
v 0.71299303 4.36178875 0.93215340
v 0.73493296 4.34016466 0.93272978
v 0.73637515 4.37506104 0.93124080
v 0.76059091 4.37320662 0.93052346
v 0.75921649 4.33995056 0.93194228
v -0.24938773 4.39693022 0.82358837
v -0.27303612 4.37721634 0.82477582
v -0.27159390 4.41211224 0.82328689
v -0.29587740 4.41232681 0.82407445
v -0.29725188 4.37907076 0.82549328
v 0.71381617 4.35753679 0.83330250
v 0.73574710 4.33595896 0.83494955
v 0.73718935 4.37085533 0.83346069
v 0.76138842 4.36908674 0.83473700
v 0.76001400 4.33583021 0.83615601
v -0.22540732 4.37348747 0.82638866
v 0.68795007 4.33613300 0.83560008
v 0.23121049 4.35437679 0.83527648
v 0.71043414 4.33490562 0.83803785
v -0.24796101 4.37410164 0.82837236
v -0.22620386 4.37760210 0.92206109
v 0.68715358 4.34024811 0.93127233
v 0.23048478 4.35812569 0.92243719
v 0.70967406 4.33883142 0.92932302
v -0.24872103 4.37802792 0.91965747
v -0.22381446 4.41202927 0.82474434
v 0.68954295 4.37467480 0.83395559
v 0.12532894 4.39854908 0.83249515
v 0.71206015 4.37424898 0.83635920
v -0.24633501 4.41344595 0.82669365
v -0.22461104 4.41614437 0.92041659
v 0.68874639 4.37878990 0.92962801
v 0.12460323 4.40229845 0.91965562
v 0.71130013 4.37817574 0.92764437
v -0.24709503 4.41737175 0.91797888
v 0.77234715 4.37427282 0.92603618
v 0.77306926 4.37054253 0.83931077
v 0.76207232 4.37196350 0.84119976
v 0.76138419 4.37551832 0.92384976
v 0.77859032 4.37133551 0.88276869
v 0.77082914 4.33754206 0.92760342
v 0.77155113 4.33381176 0.84087801
v 0.76048136 4.33346701 0.84284228
v 0.75979322 4.33702230 0.92549229
v 0.77714086 4.33626461 0.88426495
v -0.30821213 4.41846561 0.91513866
v -0.30749002 4.41473532 0.82841325
v -0.29645413 4.41525507 0.83052444
v -0.29714224 4.41880989 0.91317433
v -0.31380183 4.41601229 0.87175173
v -0.30973017 4.38173485 0.91670591
v -0.30900809 4.37800455 0.82998043
v -0.29804510 4.37675905 0.83216691
v -0.29873320 4.38031387 0.91481698
v -0.31525123 4.38094139 0.87324804
v -0.22666200 4.37949276 0.92351192
v -0.22521813 4.41442823 0.92202145
v 0.68773514 4.34209538 0.93273383
v 0.68917900 4.37703133 0.93124312
v -0.28942731 4.38112974 0.92134452
v 0.23048933 4.35951710 0.92762852
v -0.27290818 4.37951756 0.92080182
v -0.28791240 4.41778803 0.91978031
v 0.13081507 4.40109968 0.92501014
v -0.27131847 4.41798258 0.91916072
v -0.30808938 4.40381336 0.91894114
v -0.29613549 4.41863203 0.91742563
v -0.31357846 4.41696548 0.91520798
v -0.29770026 4.38076878 0.91904116
v -0.31495446 4.38367176 0.91662860
v 0.75045556 4.33860111 0.93183178
v 0.73387414 4.33834171 0.93095535
v 0.75197059 4.37525845 0.93026775
v 0.73546386 4.37680721 0.92931414
v 0.77095193 4.35968304 0.92982340
v 0.76028073 4.37542677 0.92807961
v 0.77757061 4.37234020 0.92621237
v 0.75871593 4.33756351 0.92969519
v 0.77619457 4.33904600 0.92763293
v -0.22583988 4.37524605 0.82477349
v -0.22439604 4.41018200 0.82328290
v 0.68855727 4.33784914 0.83399528
v 0.69000113 4.37278461 0.83250475
v -0.28863147 4.37701845 0.82574892
v 0.23130232 4.35531712 0.82998574
v -0.27212474 4.37547016 0.82670248
v -0.28711647 4.41367626 0.82418495
v 0.13162805 4.39690018 0.82736737
v -0.27053502 4.41393518 0.82506126
v -0.30731457 4.39981127 0.82588530
v -0.29537690 4.41471338 0.82632154
v -0.31285551 4.41323137 0.82838374
v -0.29694167 4.37685061 0.82793701
v -0.31423154 4.37993717 0.82980430
v 0.75125146 4.33448935 0.83623630
v 0.73465759 4.33429480 0.83685595
v 0.75276649 4.37114716 0.83467215
v 0.73624730 4.37275982 0.83521485
v 0.77172679 4.35568047 0.83676755
v 0.76103932 4.37150860 0.83697557
v 0.77829355 4.36860561 0.83938813
v 0.75947458 4.33364534 0.83859104
v 0.77691752 4.33531141 0.84080875
v 0.71093607 4.33487415 0.84232211
v -0.24854998 4.37411451 0.83264565
v 0.71024722 4.33843279 0.92506623
v -0.24923892 4.37767410 0.91538966
v 0.74503303 4.33546543 0.88403195
v -0.28331766 4.37752295 0.87366098
v 0.71257806 4.37460327 0.84062707
v -0.24690804 4.41384459 0.83095050
v 0.71188903 4.37816238 0.92337102
v -0.24759699 4.41740322 0.91369462
v 0.74665678 4.37475443 0.88235569
v -0.28169394 4.41681147 0.87198472
v -0.22955316 4.93145752 1.32042527
v -0.21119347 5.21746683 1.34871495
v 0.85293734 4.86431265 1.29673493
v 0.87129700 5.15032196 1.32502496
v 0.83704346 5.00659609 1.33444321
v -0.19457772 5.07058573 1.35702002
v 0.83453292 4.98096848 1.29236269
v -0.19708823 5.04495811 1.31493950
v 0.33026555 5.19246769 1.32233560
v 0.33085099 5.18873882 1.35965407
v 0.31100050 4.89235544 1.29265058
v 0.31158593 4.88862658 1.32996893
v -0.22920109 5.07503223 1.33453560
v -0.22602186 4.93649244 1.34309113
v -0.22660431 4.94020271 1.30595911
v -0.20217110 4.92484570 1.30492270
v -0.20161602 4.92130947 1.34030986
v -0.20861229 5.20770025 1.36991692
v -0.20919476 5.21141052 1.33278501
v -0.18300256 5.22345448 1.33445907
v -0.18244748 5.21991920 1.36984611
v 0.87093782 5.00679255 1.31045926
v 0.85104620 4.86968374 1.31951952
v 0.85046375 4.87339401 1.28238761
v 0.82429892 4.86117554 1.28245866
v 0.82485402 4.85763979 1.31784558
v 0.86845577 5.14089155 1.34634542
v 0.86787331 5.14460182 1.30921364
v 0.84346747 5.15978479 1.31199479
v 0.84402263 5.15624905 1.34738183
v 0.32123786 5.03855896 1.34605086
v 0.81948203 5.15055227 1.34900355
v 0.80121398 4.86597109 1.32085490
v -0.15875129 5.21122980 1.37041211
v -0.17701936 4.92664957 1.34226334
v 0.31868637 5.01251364 1.30328429
v 0.81887084 5.15444517 1.31004131
v 0.80060279 4.86986446 1.28189254
v -0.15936247 5.21512318 1.33144987
v -0.17763054 4.93054199 1.30330110
v 0.33065796 5.19341516 1.33758187
v 0.31107882 4.88841009 1.30741286
v -0.23566256 4.94090891 1.32168460
v -0.22981098 4.93214369 1.34152806
v -0.23035660 4.93561935 1.30674803
v -0.21972492 4.92810965 1.30665648
v -0.21920501 4.92479801 1.33980203
v -0.21846575 5.20880222 1.34818280
v -0.21180043 5.21271420 1.36927998
v -0.21234600 5.21618938 1.33449996
v -0.20084868 5.22216415 1.33574212
v -0.20032877 5.21885252 1.36888778
v 0.86021644 4.87293386 1.29770148
v 0.85419750 4.86490488 1.31780481
v 0.85365188 4.86838055 1.28302455
v 0.84218025 4.86224174 1.28341675
v 0.84270012 4.85893011 1.31656241
v 0.87741327 5.14082670 1.32419956
v 0.87220806 5.14547539 1.34555650
v 0.87166244 5.14895058 1.31077659
v 0.86105651 5.15629625 1.31250262
v 0.86157638 5.15298462 1.34564817
v 0.84339386 4.87871885 1.32118964
v 0.85970074 5.13274813 1.34631670
v 0.80437577 5.00859880 1.33540010
v 0.83579040 5.14047956 1.34786808
v 0.81867945 4.87392378 1.32150233
v -0.21724665 4.94450808 1.34440172
v -0.20093980 5.19853783 1.36952865
v -0.16190243 5.06853485 1.35654724
v -0.17621282 5.20325279 1.37001574
v -0.19332376 4.93669653 1.34364986
v 0.84279132 4.88255644 1.28277588
v 0.85909814 5.13658667 1.30790281
v 0.80183417 4.98265409 1.29279935
v 0.83517522 5.14439774 1.30865479
v 0.81806427 4.87784195 1.28228903
v -0.21784928 4.94834661 1.30598783
v -0.20154247 5.20237589 1.33111489
v -0.16444407 5.04259014 1.31394625
v -0.17682795 5.20717049 1.33080232
v -0.19393894 4.94061470 1.30443645
v -0.15044251 5.22246170 1.33323193
v 0.81101185 5.16282463 1.31219065
v 0.78821063 5.16124964 1.31150222
v -0.12806228 5.21808434 1.33155465
v 0.33040324 5.19420576 1.32370114
v -0.14986828 5.21880388 1.36984050
v 0.81158608 5.15916634 1.34879923
v 0.78881246 5.15741587 1.34987032
v -0.12746042 5.21425009 1.36992288
v 0.33095154 5.19071293 1.35865557
v -0.16973461 4.92192793 1.30350530
v 0.79171973 4.86229086 1.28246403
v 0.76931185 4.86684465 1.28238165
v -0.14696100 4.92367887 1.30243421
v 0.31089991 4.89038134 1.29364896
v -0.16916034 4.91827011 1.34011412
v 0.79229397 4.85863304 1.31907284
v 0.76991373 4.86301041 1.32074988
v -0.14635915 4.91984510 1.34080231
v 0.31144822 4.88688898 1.32860351
v -0.23427984 4.94559717 1.34296227
v -0.23482604 4.94907618 1.30814266
v -0.21795444 5.19991636 1.36811769
v -0.21850066 5.20339537 1.33329809
v -0.21796475 4.92698002 1.34171331
v -0.22002439 5.07225513 1.35665667
v -0.20936212 4.93097878 1.34288764
v -0.21853788 4.93063068 1.30517721
v -0.22241700 5.04783106 1.31655335
v -0.20996349 4.93480968 1.30455029
v -0.20457979 4.92284632 1.31900215
v -0.19379869 4.92684793 1.30380416
v -0.17034946 4.92031860 1.30508435
v -0.19320667 4.92307663 1.34154153
v -0.16982889 4.91700268 1.33826768
v -0.19939892 5.21620035 1.37032080
v -0.19138728 5.21099281 1.37058461
v -0.19997205 5.21985102 1.33378482
v -0.19198866 5.21482372 1.33224726
v -0.18531480 5.22295713 1.34868705
v -0.17493768 5.22066593 1.33286667
v -0.15086831 5.22379684 1.33510220
v -0.17434567 5.21689510 1.37060404
v -0.15034777 5.22048140 1.36828542
v 0.86035216 4.87769938 1.31900644
v 0.85980588 4.88117838 1.28418684
v 0.87667751 5.13201809 1.34416187
v 0.87613130 5.13549709 1.30934227
v 0.84182346 4.86124372 1.31851983
v 0.86246127 5.00511074 1.33296657
v 0.83384013 4.86627102 1.32005739
v 0.84125036 4.86489439 1.28198385
v 0.86006862 4.98068714 1.29286313
v 0.83323872 4.87010193 1.28172004
v 0.82705337 4.85885620 1.29642498
v 0.81619722 4.86419964 1.28170061
v 0.79219925 4.86061382 1.28401899
v 0.81678915 4.86042881 1.31943786
v 0.79271972 4.85729790 1.31720245
v 0.86038935 5.15046358 1.34712756
v 0.85181493 5.14628506 1.34775424
v 0.85981619 5.15411425 1.31059146
v 0.85121357 5.15011549 1.30941689
v 0.84631836 5.15896702 1.32611001
v 0.83505815 5.15801764 1.31076300
v 0.81168044 5.16409159 1.31403685
v 0.83565009 5.15424681 1.34850049
v 0.81220090 5.16077614 1.34722042
v 0.78845942 5.14354897 1.34911144
v 0.77132899 4.87668991 1.32271564
v -0.12885632 5.20044851 1.36918676
v -0.14598675 4.93358898 1.34279096
v 0.33041283 5.18159723 1.35987663
v 0.31205288 4.89558458 1.33158636
v 0.78783822 5.14750576 1.30951369
v 0.77070773 4.88064623 1.28311789
v -0.12947750 5.20440483 1.32958889
v -0.14660794 4.93754578 1.30319321
v 0.32979858 5.18550968 1.32071829
v 0.31143862 4.89949703 1.29242802
v -0.24265030 4.93082142 1.29882860
v 0.80025327 4.88208723 1.28340411
v -0.24300176 4.95798683 1.18923593
v 0.79990178 4.90925264 1.17381144
v 0.27732855 4.91056252 1.17854524
v 0.27766350 4.88467360 1.28298783
v 0.17153537 4.95375443 1.18959069
v 0.17187031 4.92786551 1.29403329
v 0.82653832 4.90931129 1.23190427
v 0.82470584 4.87294626 1.22289610
v -0.26779091 4.96044874 1.24808919
v -0.26962340 4.92408323 1.23908126
v 0.27881551 4.90645456 1.29206467
v -0.21674530 4.90819693 1.29284608
v -0.21492191 4.94438028 1.30180919
v -0.26493081 4.94649982 1.29977608
v -0.26666850 4.91201687 1.29123414
v 0.77218658 4.86198521 1.27821982
v 0.77400994 4.89816856 1.28718305
v 0.82391667 4.89561844 1.28367209
v 0.82217896 4.86113548 1.27513015
v 0.27845833 4.93406296 1.18068528
v -0.21709499 4.93522644 1.18380249
v -0.21527161 4.97140932 1.19276559
v -0.26526403 4.97225904 1.19585514
v -0.26700172 4.93777609 1.18731332
v 0.77183682 4.88901424 1.16917610
v 0.77366024 4.92519760 1.17813945
v 0.82358342 4.92137814 1.17975116
v 0.82184577 4.88689518 1.17120934
v 0.27748030 4.89730740 1.23068941
v 0.79619014 4.88574314 1.17359781
v -0.24150607 4.93423367 1.18894529
v 0.79650778 4.86119413 1.27263510
v -0.24118847 4.90968466 1.28798258
v 0.16996235 4.94120312 1.24191499
v 0.79810345 4.92370987 1.18300271
v -0.23959282 4.97220039 1.19835019
v 0.79842103 4.89916086 1.28204024
v -0.23927520 4.94765139 1.29738772
v 0.83472228 4.89427328 1.22815037
v -0.27744845 4.94624424 1.24459946
v -0.20963009 4.92889881 1.29896533
v -0.23375602 4.91005325 1.29373384
v -0.23204815 4.94394493 1.30212927
v -0.25667652 4.94457483 1.30117667
v -0.25830418 4.91227627 1.29317570
v 0.76721603 4.88325119 1.28451788
v 0.78931504 4.86224604 1.27860260
v 0.79102290 4.89613724 1.28699815
v 0.81556398 4.89446974 1.28531814
v 0.81393629 4.86217117 1.27731740
v -0.20998590 4.95639992 1.18801737
v -0.23410800 4.93725729 1.18398738
v -0.23240016 4.97114849 1.19238281
v -0.25702137 4.97122383 1.19366813
v -0.25864899 4.93892479 1.18566728
v 0.76686025 4.91075230 1.17356992
v 0.78896308 4.88944960 1.16885626
v 0.79067093 4.92334127 1.17725158
v 0.81521910 4.92111874 1.17780972
v 0.81359148 4.88881969 1.16980886
v -0.18580477 4.93293238 1.18401599
v 0.74048889 4.88964748 1.17031622
v 0.27732724 4.90950680 1.18179452
v 0.76331502 4.88757992 1.17234409
v -0.20865434 4.93299913 1.18671942
v -0.18546040 4.90631485 1.29139662
v 0.74083334 4.86302996 1.27769685
v 0.27764097 4.88525772 1.27962172
v 0.76364362 4.86218357 1.27480030
v -0.20832579 4.90760326 1.28917587
v -0.18391842 4.97036457 1.19328856
v 0.74237531 4.92707968 1.17958879
v 0.17022561 4.95323229 1.19297659
v 0.76524067 4.92579174 1.18180966
v -0.20672870 4.97121096 1.19618499
v -0.18357404 4.94374752 1.30066919
v 0.74271965 4.90046215 1.28696930
v 0.17053932 4.92898369 1.29080379
v 0.76556927 4.90039539 1.28426588
v -0.20640017 4.94581461 1.29864144
v 0.82744431 4.89686537 1.28047657
v 0.82713211 4.92099333 1.18313789
v 0.81601012 4.92180586 1.18580246
v 0.81630766 4.89881182 1.27856708
v 0.83324784 4.90784311 1.23151875
v 0.82564658 4.86119223 1.27163982
v 0.82533443 4.88532019 1.17430103
v 0.81412613 4.88441801 1.17654121
v 0.81442368 4.86142397 1.26930571
v 0.83153129 4.87378168 1.22308135
v -0.26841950 4.94807434 1.29668438
v -0.26873159 4.97220278 1.19934559
v -0.25750867 4.97197056 1.20167983
v -0.25721118 4.94897652 1.29444432
v -0.27461639 4.95961285 1.24790406
v -0.27021721 4.91240120 1.28784764
v -0.27052933 4.93652916 1.19050884
v -0.25939271 4.93458319 1.19241822
v -0.25909522 4.91158867 1.28518283
v -0.27633289 4.92555141 1.23946655
v -0.18589386 4.90766430 1.29355884
v -0.18418401 4.94159412 1.30196393
v 0.74145430 4.86433029 1.27984345
v 0.74316418 4.89826012 1.28824830
v -0.24957317 4.91023874 1.29252899
v 0.27771690 4.88493204 1.28578472
v -0.23283547 4.90878487 1.29122376
v -0.24777909 4.94584131 1.30134821
v 0.17689408 4.92609453 1.29631114
v -0.23095289 4.94614267 1.30047774
v -0.26836067 4.93282557 1.29667521
v -0.25614139 4.94744349 1.29909670
v -0.27387333 4.94664288 1.29640579
v -0.25799456 4.91066980 1.28998756
v -0.27550280 4.91430712 1.28839588
v 0.80503803 4.86095762 1.27693152
v 0.78820646 4.86107254 1.27612257
v 0.80683219 4.89656019 1.28575075
v 0.79008907 4.89843035 1.28537667
v 0.82596374 4.88168907 1.28049016
v 0.81523740 4.89737844 1.28325105
v 0.83273029 4.89493179 1.28003919
v 0.81338435 4.86060572 1.27414191
v 0.83110076 4.86259651 1.27202916
v -0.18624924 4.93513441 1.18273699
v -0.18453939 4.96906424 1.19114196
v 0.74109894 4.89180040 1.16902161
v 0.74280882 4.92573023 1.17742646
v -0.24991722 4.93683434 1.18523479
v 0.27736545 4.91209745 1.17619240
v -0.23317413 4.93496418 1.18560874
v -0.24812312 4.97243738 1.19405401
v 0.17654264 4.95325947 1.18671894
v -0.23129155 4.97232199 1.19486284
v -0.26869556 4.95871496 1.19223142
v -0.25646937 4.97278929 1.19684362
v -0.27418590 4.97079802 1.19895625
v -0.25832251 4.93601608 1.18773437
v -0.27581537 4.93846273 1.19094622
v 0.80469400 4.88755322 1.16963720
v 0.78786778 4.88725185 1.17050755
v 0.80648810 4.92315578 1.17845631
v 0.78975034 4.92460966 1.17976177
v 0.82562882 4.90757799 1.17604649
v 0.81490946 4.92272472 1.18099785
v 0.83241779 4.91908741 1.18258965
v 0.81305641 4.88595152 1.17188859
v 0.83078825 4.88675213 1.17457962
v 0.76387423 4.88617897 1.17708266
v -0.20920159 4.93164968 1.19147444
v 0.76417202 4.86315823 1.26995277
v -0.20890374 4.90862989 1.28434443
v 0.79895401 4.87325144 1.22305417
v -0.24396190 4.92198610 1.23847890
v 0.76581866 4.92476463 1.18664098
v -0.20725715 4.97023630 1.20103264
v 0.76611644 4.90174484 1.27951097
v -0.20695934 4.94721603 1.29390275
v 0.80087680 4.91140890 1.23250651
v -0.24203904 4.96014357 1.24793136
v 0.81412148 4.63274527 0.99010336
v -0.23928402 4.66702986 1.01024425
v 0.81607103 4.62012386 1.11355329
v -0.23733446 4.65440845 1.13369417
v 0.28852949 4.61457109 1.11838496
v 0.28667155 4.62659883 1.00073647
v 0.39867997 4.65016317 1.12028432
v 0.39682204 4.66219139 1.00263572
v -0.26375595 4.67678642 1.07401371
v -0.26504225 4.63949203 1.07022119
v 0.84159303 4.64081097 1.05287981
v 0.84030676 4.60351658 1.04908717
v 0.28741071 4.65021801 0.99919057
v 0.78611064 4.61162186 0.98869860
v 0.78739053 4.64872980 0.99247217
v 0.83786696 4.64592075 0.99430394
v 0.83664715 4.61055613 0.99070758
v -0.21277957 4.64413166 1.00779724
v -0.21149969 4.68124008 1.01157093
v -0.26194504 4.68171549 1.01533210
v -0.26316482 4.64635086 1.01173580
v 0.28939202 4.63739061 1.12465310
v 0.78805047 4.59906340 1.11153007
v 0.78933036 4.63617134 1.11530375
v 0.83971566 4.63395214 1.11136520
v 0.83849585 4.59858799 1.10776877
v -0.21083979 4.63157368 1.13062882
v -0.20955989 4.66868162 1.13440239
v -0.26009634 4.66974735 1.13239336
v -0.26131612 4.63438272 1.12879705
v 0.28758952 4.62026596 1.05952823
v -0.23558801 4.63203669 1.12537086
v 0.81255770 4.59792328 1.10533047
v -0.23734984 4.64344311 1.01381063
v 0.81079584 4.60932922 0.99377036
v 0.39953583 4.65643835 1.06145859
v -0.23424509 4.67097425 1.12933064
v 0.81390065 4.63686037 1.10929036
v -0.23600693 4.68237972 1.01777053
v 0.81213880 4.64826679 0.99773008
v -0.27328366 4.66208506 1.07266128
v 0.85008639 4.62552309 1.05118275
v 0.78074062 4.63369226 0.98995572
v 0.80338639 4.61227560 0.98809278
v 0.80458522 4.64703369 0.99162734
v 0.82940936 4.64527988 0.99232990
v 0.82826686 4.61215544 0.98896128
v -0.20594218 4.66580534 1.00882089
v -0.22998686 4.64590883 1.00785053
v -0.22878796 4.68066645 1.01138532
v -0.25362843 4.68052912 1.01303720
v -0.25477093 4.64740515 1.00966871
v 0.78271425 4.62091446 1.11493254
v 0.80533868 4.59963703 1.11171567
v 0.80653757 4.63439465 1.11525035
v 0.83132178 4.63289833 1.11343217
v 0.83017921 4.59977388 1.11006367
v -0.20396854 4.65302753 1.13379776
v -0.22803450 4.63326931 1.13147366
v -0.22683562 4.66802740 1.13500822
v -0.25171602 4.66814804 1.13413966
v -0.25285852 4.63502359 1.13077104
v 0.75637913 4.59954834 1.11113310
v -0.17924224 4.62999964 1.12902200
v 0.28846231 4.61470985 1.11463439
v -0.20236759 4.63063431 1.12664902
v 0.77938938 4.59868145 1.10787809
v 0.75446886 4.61191463 0.99017501
v -0.18115245 4.64236593 1.00806379
v 0.28672203 4.62597609 1.00443757
v -0.20419021 4.64243364 1.01123762
v 0.77756673 4.61048126 0.99246663
v 0.75770319 4.63793707 1.11503708
v -0.17791814 4.66838837 1.13292599
v 0.39997515 4.65074253 1.11655724
v -0.20101595 4.66982222 1.13063431
v 0.78074098 4.63786983 1.11186326
v 0.75579304 4.65030384 0.99407899
v -0.17982836 4.68075514 1.01196790
v 0.39823490 4.66200876 1.00636053
v -0.20283857 4.68162203 1.01522291
v 0.77891839 4.64966917 0.99645197
v -0.26540893 4.68206215 1.01916921
v -0.26367742 4.67085218 1.12881589
v -0.25240272 4.67162752 1.12611330
v -0.25405294 4.68231058 1.02161920
v -0.27063227 4.67582798 1.07402444
v -0.26667082 4.64547682 1.01544881
v -0.26493931 4.63426685 1.12509537
v -0.25372526 4.63328409 1.12221384
v -0.25537547 4.64396715 1.01771986
v -0.27183712 4.64089584 1.07047200
v 0.84149015 4.64603662 0.99800551
v 0.84322160 4.63482666 1.10765219
v 0.83192623 4.63633633 1.10538101
v 0.83027607 4.64701939 1.00088704
v 0.84838784 4.63940716 1.05262899
v 0.84022820 4.60945129 0.99428511
v 0.84195977 4.59824085 1.10393178
v 0.83060372 4.59799290 1.10148180
v 0.82895356 4.60867596 0.99698770
v 0.84718299 4.60447550 1.04907668
v 0.75503272 4.61389160 0.98840928
v 0.75623304 4.64868879 0.99194789
v -0.18165360 4.64437723 1.00631857
v -0.18045342 4.67917490 1.00985706
v 0.81930685 4.61073875 0.98908007
v 0.28665745 4.62781477 0.99792951
v 0.80233705 4.61029434 0.99025834
v 0.82056624 4.64725113 0.99279308
v 0.39163288 4.66173506 0.99973965
v 0.80365849 4.64860678 0.99415445
v 0.84014237 4.63177252 0.99252397
v 0.82910001 4.64728594 0.99553132
v 0.84685391 4.64415455 0.99766541
v 0.82779926 4.60957241 0.99169630
v 0.84571010 4.61099291 0.99429297
v -0.24592419 4.64540863 1.00944686
v -0.22898655 4.64386034 1.00997710
v -0.24466482 4.68192148 1.01315999
v -0.22766507 4.68217278 1.01387322
v -0.26520160 4.66774750 1.01365793
v -0.25306740 4.68250656 1.01622224
v -0.27089286 4.68053389 1.01903641
v -0.25436819 4.64479351 1.01238704
v -0.27203667 4.64737129 1.01566410
v 0.75700420 4.60112858 1.11324382
v 0.75820440 4.63592625 1.11678243
v -0.17968221 4.63161469 1.13115311
v -0.17848201 4.66641188 1.13469172
v 0.82121557 4.59838200 1.10994101
v 0.28860700 4.61519337 1.12137878
v 0.80421585 4.59813070 1.10922778
v 0.82247496 4.63489437 1.11365402
v 0.39358243 4.64911366 1.12318897
v 0.80553728 4.63644314 1.11312389
v 0.84200031 4.61974382 1.11017406
v 0.83091891 4.63550949 1.11071384
v 0.84858739 4.63293171 1.10743690
v 0.82961816 4.59779692 1.10687864
v 0.84744364 4.59976959 1.10406446
v -0.24401551 4.63305187 1.13030791
v -0.22710773 4.63169670 1.12894642
v -0.24275617 4.66956472 1.13402092
v -0.22578627 4.67000914 1.13284266
v -0.26334360 4.65571880 1.13130808
v -0.25124842 4.67073059 1.13140464
v -0.26915938 4.66931057 1.12880802
v -0.25254923 4.63301754 1.12756968
v -0.27030316 4.63614893 1.12543559
v -0.20301825 4.63101244 1.12124109
v 0.77985620 4.59902287 1.10244870
v -0.20467034 4.64170790 1.01662803
v 0.77820408 4.60971880 0.99783576
v -0.23910837 4.63772774 1.06963110
v 0.81430942 4.60344267 1.04949009
v -0.20165335 4.67058468 1.12526524
v 0.78122109 4.63859558 1.10647297
v -0.20330545 4.68128014 1.02065229
v 0.77956903 4.64929104 1.00185990
v -0.23775865 4.67686081 1.07361090
v 0.81565917 4.64257526 1.05346990
v -0.34521905 4.64425468 1.22785795
v -0.26577517 5.16617537 1.52340162
v -0.31416765 4.73582125 1.05780721
v -0.23472378 5.25774193 1.35335100
v -0.25254735 4.99019766 1.21131980
v -0.28213960 4.90293407 1.37337935
v -0.29926682 4.94383574 1.17782426
v -0.32885900 4.85657167 1.33988404
v -0.26327202 5.22776127 1.44450772
v -0.22656776 5.22057152 1.44733834
v -0.34663329 4.68010473 1.13439059
v -0.30992904 4.67291498 1.13722134
v -0.30597413 4.90451241 1.37699878
v -0.32145423 4.65375137 1.23674786
v -0.35797521 4.66090536 1.23393130
v -0.36019698 4.63787603 1.21586573
v -0.32539225 4.63105822 1.21854997
v -0.24612170 5.14866209 1.51699686
v -0.28264266 5.15581608 1.51418006
v -0.27725330 5.18278933 1.52442932
v -0.24244854 5.17597151 1.52711356
v -0.27441651 4.99757195 1.20417571
v -0.29055840 4.74486017 1.06754875
v -0.32707936 4.75201416 1.06473219
v -0.33075252 4.72470427 1.05461538
v -0.29594776 4.71788692 1.05729961
v -0.21522585 5.23977041 1.34779763
v -0.25174677 5.24692440 1.34498107
v -0.24780881 5.26961756 1.36317897
v -0.21300408 5.26280022 1.36586308
v -0.26702949 4.94650459 1.29237390
v -0.21388593 5.24761581 1.36253977
v -0.29293317 4.72830105 1.06847179
v -0.24194674 5.16486835 1.51621258
v -0.32099390 4.64555359 1.22214448
v -0.31451067 4.89938641 1.25833225
v -0.25220713 5.25512218 1.35958445
v -0.33125430 4.73580790 1.06551635
v -0.28026792 5.17237473 1.51325715
v -0.35931510 4.65305996 1.21918917
v -0.24783511 5.22933483 1.44817388
v -0.33255550 4.67274952 1.13300061
v -0.34268162 4.66017580 1.23828590
v -0.32401067 4.64514256 1.23236632
v -0.35821843 4.65184307 1.22972822
v -0.35897040 4.64031696 1.22108722
v -0.32637021 4.63393116 1.22360146
v -0.26826972 5.14903831 1.51511002
v -0.24607755 5.15713787 1.52228999
v -0.28028530 5.16383839 1.51965189
v -0.27729180 5.17691946 1.52494442
v -0.24469154 5.17053366 1.52745867
v -0.31124613 4.75287485 1.06613195
v -0.29291576 4.73683786 1.06207716
v -0.32712349 4.74353838 1.05943906
v -0.32850948 4.73014259 1.05427027
v -0.29590926 4.72375631 1.05678439
v -0.23683424 5.24173737 1.34295595
v -0.21498264 5.24883318 1.35200071
v -0.24919038 5.25553370 1.34936261
v -0.24683087 5.26674509 1.35812747
v -0.21423064 5.26035881 1.36064172
v -0.28777784 4.75971508 1.07776320
v -0.21721682 5.22327852 1.34026122
v -0.25324637 4.98738766 1.21647060
v -0.21578152 5.23257351 1.35058379
v -0.28982192 4.74615192 1.07514191
v -0.31820253 4.66999674 1.24438143
v -0.24764146 5.13355970 1.50687957
v -0.28096420 4.90565062 1.36826551
v -0.24481098 5.14696884 1.50956166
v -0.31885144 4.66054726 1.23411965
v -0.32555956 4.76711607 1.07484925
v -0.25499851 5.23067951 1.33734751
v -0.30054370 4.94045210 1.18256092
v -0.25434965 5.24012852 1.34760928
v -0.32839006 4.75370693 1.07216740
v -0.35598424 4.67739773 1.24146771
v -0.28542316 5.14096117 1.50396574
v -0.32826149 4.85871553 1.33435559
v -0.28337911 5.15452433 1.50658703
v -0.35741952 4.66810274 1.23114502
v -0.27665427 5.18741274 1.52027035
v -0.24907483 5.26874113 1.36923349
v -0.25143915 5.26140881 1.36954939
v -0.27772260 5.18390179 1.51348877
v -0.26159409 5.23092031 1.44651520
v -0.24064803 5.18035936 1.52304733
v -0.21306860 5.26168776 1.37201047
v -0.21370244 5.25401640 1.37245989
v -0.23998590 5.17650986 1.51639926
v -0.22721469 5.22418594 1.44916642
v -0.36013246 4.63898802 1.20971847
v -0.33255300 4.72031641 1.05868161
v -0.33321515 4.72416639 1.06532979
v -0.35949856 4.64665985 1.20926905
v -0.34598634 4.67648983 1.13256240
v -0.32412621 4.63193512 1.21249545
v -0.29654679 4.71326351 1.06145859
v -0.29547846 4.71677399 1.06824017
v -0.32176188 4.63926744 1.21217942
v -0.31160700 4.66975546 1.13521385
v -0.32049769 4.66864109 1.24676561
v -0.35474437 4.67534971 1.24412429
v -0.24985635 5.13273239 1.50956261
v -0.28410301 5.13944101 1.50692141
v -0.32400107 4.63810539 1.22606158
v -0.28377384 4.90095997 1.37730491
v -0.32159883 4.64703321 1.22958374
v -0.35993585 4.64514446 1.22329021
v -0.32829833 4.85677624 1.34538305
v -0.35930520 4.65441990 1.22667575
v -0.34661436 4.63357162 1.21656466
v -0.36045110 4.64317036 1.21695781
v -0.35887274 4.63592434 1.20841277
v -0.32333484 4.63590002 1.21982038
v -0.32623541 4.62953138 1.21092975
v -0.24366535 5.16588545 1.52492309
v -0.24382028 5.15801334 1.51893210
v -0.27960014 5.17292452 1.52215171
v -0.28152665 5.16539955 1.51602411
v -0.26325345 5.18122578 1.52668023
v -0.27883813 5.17934179 1.52057099
v -0.27457649 5.18972397 1.52200806
v -0.24172182 5.17207098 1.52343345
v -0.24193914 5.18333054 1.52452517
v -0.28909802 4.76123524 1.07480752
v -0.32334471 4.76794338 1.07216632
v -0.21845666 5.22532654 1.33760452
v -0.25270334 5.23203468 1.33496332
v -0.29360092 4.72775173 1.05957723
v -0.25272256 4.99252605 1.20725489
v -0.29167441 4.73527670 1.06570482
v -0.32953569 4.73479080 1.05680585
v -0.29724708 4.94834232 1.17533302
v -0.32938078 4.74266291 1.06279683
v -0.31702179 4.72083616 1.05450308
v -0.33147925 4.72860479 1.05829549
v -0.33126190 4.71734571 1.05720377
v -0.29436293 4.72133446 1.06115794
v -0.29862455 4.71095228 1.05972087
v -0.21326517 5.25553179 1.35843873
v -0.21389584 5.24625635 1.35505319
v -0.24919997 5.26257086 1.35566735
v -0.25160223 5.25364304 1.35214531
v -0.23366089 5.26849031 1.36461866
v -0.24986622 5.26477623 1.36190856
v -0.24696563 5.27114487 1.37079918
v -0.21274994 5.25750542 1.36477113
v -0.21432830 5.26475143 1.37331629
v -0.21690847 5.22880840 1.35819256
v -0.29103315 4.74183321 1.08243680
v -0.24322179 5.15121365 1.50229573
v -0.31734648 4.66423845 1.22654009
v -0.22762117 5.20752907 1.44012332
v -0.30706593 4.68560266 1.14457607
v -0.25585455 5.23643780 1.35518885
v -0.32997927 4.74946213 1.07943332
v -0.28216794 5.15884256 1.49929214
v -0.35629258 4.67186737 1.22353637
v -0.26613507 5.21507359 1.43715298
v -0.34557989 4.69314718 1.14160562
v -0.62268174 6.00270700 2.60612869
v -0.64538586 6.01924562 3.03046703
v -0.43665358 6.01504230 2.61560106
v -0.45935774 6.03158092 3.03993988
v -0.45089760 5.99996567 2.82852554
v -0.62818378 5.98821020 2.81949806
v -0.45107010 6.03750038 2.78303385
v -0.62835616 6.02574444 2.77400637
v -0.55391073 6.04108524 3.04501796
v -0.55151165 6.00368690 3.04660416
v -0.53008717 6.02373123 2.59975529
v -0.52768803 5.98633289 2.60134172
v -0.63556492 6.01110363 2.81821108
v -0.62138933 5.98112488 2.61806703
v -0.62377650 6.01833677 2.61648893
v -0.61828512 6.01695824 2.59642076
v -0.61601025 5.98149538 2.59792447
v -0.64291853 5.99680758 3.02044559
v -0.64530569 6.03401899 3.01886749
v -0.64198953 6.03422546 3.03945279
v -0.63971454 5.99876261 3.04095697
v -0.44650385 6.02364016 2.82783794
v -0.43629313 5.99339914 2.62749195
v -0.43868032 6.03061056 2.62591410
v -0.44188431 6.02865553 2.60540295
v -0.43960932 5.99319267 2.60690689
v -0.45782229 6.00908136 3.02987051
v -0.46020949 6.04629326 3.02829266
v -0.46558863 6.04592276 3.04843521
v -0.46331364 6.01045990 3.04993892
v -0.53952020 5.99376822 2.82402539
v -0.46678674 6.00798798 3.03939772
v -0.44419596 5.99153185 2.61717796
v -0.63489807 5.99684048 3.03083754
v -0.61230725 5.98038483 2.60861778
v -0.53969538 6.03191423 2.77779198
v -0.46929154 6.04703379 3.03774214
v -0.44670078 6.03057766 2.61552191
v -0.63740289 6.03588629 3.02918148
v -0.61481214 6.01943016 2.60696173
v -0.55314046 6.02619028 3.04928541
v -0.52892834 6.00855303 2.59676337
v -0.62453729 6.00293636 2.61951828
v -0.62168974 5.98199320 2.61104131
v -0.62392575 6.01684809 2.60956335
v -0.62143862 6.01576519 2.59969187
v -0.61930776 5.98254824 2.60110044
v -0.64580327 6.01842737 3.01697922
v -0.64396209 5.99821758 3.02731061
v -0.64619803 6.03307199 3.02583218
v -0.64478147 6.03276873 3.03596687
v -0.64265066 5.99955225 3.03737545
v -0.43620828 6.01542473 2.62910771
v -0.43540081 5.99434614 2.62052727
v -0.43763673 6.02920103 2.61904907
v -0.43894821 6.02786636 2.60898399
v -0.43681735 5.99464941 2.61039257
v -0.45747438 6.03091574 3.02656865
v -0.45767310 6.01057005 3.03679633
v -0.45990908 6.04542494 3.03531837
v -0.46229103 6.04486990 3.04525900
v -0.46016014 6.01165295 3.04666781
v -0.43834528 5.99315929 2.64019084
v -0.45851079 6.00784874 3.01708269
v -0.45649678 5.99935102 2.82824993
v -0.46316156 6.00753355 3.02617931
v -0.44200164 5.99211979 2.63070250
v -0.62061852 5.98107338 2.63090944
v -0.64078397 5.99576235 3.00780106
v -0.62255353 5.98833942 2.81979418
v -0.63707626 5.99600077 3.01732349
v -0.61591631 5.98058748 2.62184668
v -0.44081491 6.03165579 2.63855839
v -0.46098039 6.04634476 3.01545048
v -0.45667133 6.03734922 2.78219557
v -0.46568248 6.04683065 3.02451277
v -0.44452262 6.03141737 2.62903595
v -0.62308800 6.01956940 2.62927675
v -0.64325356 6.03425884 3.00616884
v -0.62272811 6.02633810 2.77373981
v -0.63959724 6.03529835 3.01565695
v -0.61843729 6.01988506 2.62018037
v -0.63651866 6.03526402 3.04113865
v -0.47129080 6.04621983 3.04955220
v -0.47498643 6.04666710 3.04477119
v -0.63244969 6.03622532 3.03675318
v -0.55398214 6.04000807 3.04782200
v -0.63416511 5.99857664 3.04269457
v -0.46893734 6.00953293 3.05110812
v -0.47251979 6.00821686 3.04640150
v -0.62998307 5.99777508 3.03838372
v -0.55173498 6.00497866 3.04930735
v -0.61266154 6.01788521 2.59525156
v -0.44743368 6.02884150 2.60366511
v -0.45161581 6.02964306 2.60797596
v -0.60907906 6.01920128 2.59995794
v -0.52986383 6.02243948 2.59705210
v -0.61030805 5.98119831 2.59680748
v -0.44508022 5.99215412 2.60522103
v -0.44914913 5.99119282 2.60960627
v -0.60661238 5.98075104 2.60158825
v -0.52761662 5.98741007 2.59853792
v -0.62364328 5.98267174 2.63046980
v -0.62588179 6.01756668 2.62899017
v -0.64383179 5.99737787 3.00779080
v -0.64607024 6.03227234 3.00631094
v -0.61920881 5.98100138 2.60476828
v -0.63261342 5.98884201 2.81923628
v -0.61809117 5.98045969 2.61170816
v -0.62155771 6.01761580 2.60321522
v -0.63277775 6.02461290 2.77588177
v -0.62055576 6.01887894 2.61007881
v -0.61776292 6.00275803 2.59588289
v -0.61713535 6.01836824 2.59999657
v -0.61252856 6.01607800 2.59313488
v -0.61470920 5.98055029 2.60160017
v -0.61039519 5.98282337 2.59454489
v -0.64216781 5.99772596 3.03387022
v -0.64031935 5.99665117 3.02715158
v -0.64451671 6.03433990 3.03231764
v -0.64278400 6.03507042 3.02552271
v -0.64158642 6.02011204 3.04114342
v -0.64045930 6.03535843 3.03592110
v -0.63661945 6.03362656 3.04339170
v -0.63803333 5.99754000 3.03752494
v -0.63448620 6.00037193 3.04480171
v -0.43552861 5.99514580 2.64004850
v -0.43776712 6.03004026 2.63856888
v -0.45571709 6.00985193 3.01736975
v -0.45795560 6.04474640 3.01588988
v -0.43708217 5.99307823 2.61404204
v -0.44658622 6.00117731 2.82870913
v -0.43881488 5.99234772 2.62083697
v -0.43943098 6.02969265 2.61248922
v -0.44675052 6.03694820 2.78535461
v -0.44127947 6.03076696 2.61920786
v -0.44047478 6.01451397 2.60491037
v -0.44356549 6.02987814 2.60883474
v -0.44711265 6.02704620 2.60155773
v -0.44113946 5.99205971 2.61043835
v -0.44497937 5.99379158 2.60296798
v -0.46004114 6.00980234 3.04314423
v -0.46104303 6.00853920 3.03628063
v -0.46238995 6.04641676 3.04159164
v -0.46350768 6.04695845 3.03465128
v -0.46429834 6.03186798 3.05017114
v -0.46688953 6.04686785 3.04475927
v -0.47120357 6.04459476 3.05181479
v -0.46446350 6.00904989 3.04636312
v -0.46907029 6.01134014 3.05322504
v -0.47129735 6.00680971 3.02599812
v -0.45011336 5.99137878 2.63007140
v -0.62893981 5.99635649 3.01797104
v -0.60775590 5.98092556 2.62204409
v -0.55089289 6.00235701 3.03618383
v -0.52818853 5.98581839 2.61184025
v -0.47384301 6.04649258 3.02431560
v -0.45265901 6.03106165 2.62838840
v -0.63148546 6.03603935 3.01628828
v -0.61030143 6.02060843 2.62036133
v -0.55341029 6.04159975 3.03451967
v -0.53070593 6.02506113 2.61017609
v 0.84016472 5.20929813 1.48941815
v -0.16941351 5.24036837 1.50412846
v 0.85719031 5.75698137 1.50109947
v -0.15238804 5.78805208 1.51580977
v 0.35232240 5.75914478 1.53129637
v 0.33609700 5.23719931 1.52016389
v 0.45604950 5.75679207 1.49043179
v 0.43982407 5.23484612 1.47929955
v -0.18600468 5.51530886 1.49502730
v -0.18548346 5.51449347 1.53252339
v 0.87335581 5.48270655 1.47959173
v 0.87387711 5.48189116 1.51708782
v 0.33523363 5.22037363 1.49644923
v 0.81439102 5.21099329 1.51192617
v 0.81387240 5.21180487 1.47461700
v 0.86264384 5.22309780 1.47506201
v 0.86313814 5.22232389 1.51061785
v -0.14294015 5.24045563 1.52587509
v -0.14345878 5.24126768 1.48856604
v -0.19141006 5.25553656 1.49042034
v -0.19091584 5.25476265 1.52597618
v 0.35253668 5.77698612 1.50832117
v 0.83133119 5.75593281 1.52354908
v 0.83081257 5.75674486 1.48624003
v 0.87878829 5.74243736 1.48613894
v 0.87928247 5.74166393 1.52169478
v -0.12599994 5.78539515 1.53749812
v -0.12651856 5.78620672 1.50018895
v -0.17526571 5.77487612 1.50149727
v -0.17477146 5.77410269 1.53705311
v 0.34421414 5.49816513 1.52605081
v -0.15036745 5.76109886 1.53822827
v 0.85416979 5.73018408 1.52359140
v -0.16575316 5.26616478 1.52767181
v 0.83878410 5.23524952 1.51303494
v 0.44963238 5.49577379 1.48452008
v -0.15091161 5.76195049 1.49908018
v 0.85362560 5.73103571 1.48444331
v -0.16629738 5.26701641 1.48852372
v 0.83823985 5.23610115 1.47388697
v -0.19443081 5.51524734 1.51022887
v 0.88220119 5.48211336 1.49454153
v 0.80808914 5.20689058 1.49002993
v 0.83084416 5.20875454 1.51046646
v 0.83035839 5.20951509 1.47552049
v 0.85434264 5.21435642 1.47611403
v 0.85480565 5.21363115 1.50941777
v -0.13754244 5.23599291 1.50380838
v -0.15953533 5.23923445 1.52489686
v -0.16002110 5.23999453 1.48995101
v -0.18363495 5.24630070 1.49123812
v -0.18317197 5.24557590 1.52454185
v 0.82532519 5.76134777 1.50185573
v 0.84789354 5.75720596 1.52216411
v 0.84740776 5.75796604 1.48721826
v 0.87104440 5.75162411 1.48757327
v 0.87150741 5.75089931 1.52087700
v -0.12030637 5.79045010 1.51563430
v -0.14248593 5.78768539 1.53659463
v -0.14297175 5.78844547 1.50164866
v -0.16693322 5.78356886 1.50269735
v -0.16647023 5.78284359 1.53600109
v 0.80089277 5.75269604 1.52454615
v -0.09580186 5.78029251 1.53761172
v 0.35181195 5.74260950 1.53118718
v -0.11828680 5.76866007 1.53807294
v 0.82262385 5.73970318 1.52436328
v 0.78421080 5.21606779 1.51310062
v -0.11248372 5.24366426 1.52616596
v 0.33661419 5.25372362 1.52075982
v -0.13420367 5.25663996 1.52715218
v 0.80670691 5.22768259 1.51344252
v 0.80035621 5.75353575 1.48594916
v -0.09633840 5.78113222 1.49901450
v 0.45682195 5.74022770 1.48981714
v -0.11883452 5.76951742 1.49867272
v 0.82207608 5.74056053 1.48496294
v 0.78367430 5.21690798 1.47450352
v -0.11302026 5.24450445 1.48756909
v 0.44162425 5.25134182 1.47938979
v -0.13475141 5.25749731 1.48775184
v 0.80615926 5.22853994 1.47404218
v -0.19430347 5.27210188 1.49020696
v -0.17918164 5.75854683 1.50058234
v -0.16873372 5.74680376 1.49929714
v -0.18314496 5.28321791 1.48940921
v -0.19253938 5.51548481 1.49631023
v -0.19379212 5.27130127 1.52699018
v -0.17867029 5.75774670 1.53736544
v -0.16819784 5.74596453 1.53784800
v -0.18260907 5.28237867 1.52796030
v -0.19205119 5.51472092 1.53143156
v 0.86654270 5.23945332 1.47474968
v 0.88166451 5.72589874 1.48512495
v 0.87048149 5.71482134 1.48415482
v 0.85607034 5.25123549 1.47426724
v 0.87992364 5.48247910 1.48068368
v 0.86705410 5.23865318 1.51153290
v 0.88217592 5.72509861 1.52190816
v 0.87101740 5.71398211 1.52270591
v 0.85660619 5.25039673 1.51281810
v 0.88041186 5.48171520 1.51580489
v 0.78442883 5.20749283 1.51110399
v 0.78394246 5.20825386 1.47611833
v -0.11328650 5.23512030 1.52418435
v -0.11377285 5.23588181 1.48919857
v 0.84631306 5.21439266 1.51125669
v 0.33568415 5.22435188 1.51896536
v 0.83020771 5.21906853 1.51248801
v 0.84580278 5.21519136 1.47454655
v 0.43453801 5.22210979 1.48002052
v 0.82967222 5.21990728 1.47396779
v 0.86545110 5.22140121 1.48916006
v 0.85430187 5.22755098 1.47409344
v 0.87175620 5.23897934 1.47638881
v 0.85482889 5.22672558 1.51201069
v 0.87221974 5.23825359 1.50973046
v -0.17459878 5.24581194 1.52613211
v -0.15820734 5.24948788 1.52688980
v -0.17510904 5.24661064 1.48942208
v -0.15874283 5.25032616 1.48836970
v -0.19390471 5.25400400 1.50459564
v -0.18284179 5.25946999 1.48920536
v -0.19948637 5.27194738 1.49199760
v -0.18231468 5.25864458 1.52712262
v -0.19902290 5.27122211 1.52533913
v 0.80164534 5.76131868 1.52291656
v 0.80115896 5.76207972 1.48793077
v -0.09607002 5.78894615 1.53599691
v -0.09655638 5.78970766 1.50101113
v 0.86298150 5.75058985 1.52269304
v 0.35270953 5.77203274 1.53064656
v 0.84661525 5.74687386 1.52374542
v 0.86247128 5.75138807 1.48598301
v 0.45156339 5.76979017 1.49170196
v 0.84607983 5.74771261 1.48522532
v 0.88167667 5.74335337 1.50029254
v 0.87018710 5.73855543 1.48499250
v 0.88689536 5.72597790 1.48677599
v 0.87071425 5.73773050 1.52290976
v 0.88735878 5.72525263 1.52011752
v -0.15793033 5.78200912 1.53756869
v -0.14179978 5.77729273 1.53814733
v -0.15844060 5.78280735 1.50085843
v -0.14233528 5.77813148 1.49962711
v -0.17767917 5.77595615 1.51572824
v -0.16695648 5.77047443 1.50010443
v -0.18434733 5.75894642 1.50238466
v -0.16642939 5.76964903 1.53802168
v -0.18388386 5.75822067 1.53572631
v -0.11956429 5.74471903 1.53776288
v 0.82241750 5.71572924 1.52403760
v -0.13399191 5.28060532 1.52786398
v 0.80798984 5.25161552 1.51413870
v -0.16058536 5.51370764 1.53308535
v 0.84900469 5.48263693 1.51837480
v -0.12011736 5.74558449 1.49797642
v 0.82186437 5.71659470 1.48425114
v -0.13454498 5.28147125 1.48807752
v 0.80743676 5.25248146 1.47435224
v -0.16113226 5.51456356 1.49374044
v 0.84845775 5.48349285 1.47902977
v -0.19961920 4.92155313 1.30780649
v 0.63410753 4.88532686 1.29984736
v -0.20018826 4.93535566 1.18537068
v 0.63353848 4.89912939 1.17741168
v 0.21566632 4.89396191 1.18168485
v 0.21620865 4.88080788 1.29836702
v 0.13129480 4.93677664 1.18690360
v 0.13183714 4.92362261 1.30358577
v 0.65505540 4.90653324 1.24014354
v 0.65339732 4.86929655 1.23595345
v -0.21978258 4.94454622 1.24849498
v -0.22144060 4.90730953 1.24430501
v 0.21725893 4.90355492 1.30485046
v -0.17902449 4.89870501 1.30482447
v -0.17737475 4.93575621 1.30899370
v -0.21736452 4.93694353 1.30641556
v -0.21893674 4.90163326 1.30244231
v 0.61155576 4.86435318 1.29727733
v 0.61320543 4.90140486 1.30144632
v 0.65309119 4.89912128 1.29810572
v 0.65151888 4.86381102 1.29413247
v 0.21668057 4.91758204 1.18041861
v -0.17959072 4.91243839 1.18300211
v -0.17794099 4.94948959 1.18717110
v -0.21790415 4.95003176 1.19031596
v -0.21947637 4.91472197 1.18634272
v 0.61098951 4.87808704 1.17545474
v 0.61263925 4.91513777 1.17962408
v 0.65255147 4.91220951 1.18200612
v 0.65097928 4.87689924 1.17803311
v 0.21592331 4.88706636 1.23999000
v 0.63046658 4.87569666 1.18075538
v -0.19909716 4.91174221 1.18867469
v 0.63098079 4.86322355 1.29139900
v -0.19858290 4.89926910 1.29931831
v 0.13017623 4.93057919 1.24529386
v 0.63219762 4.91457367 1.18513012
v -0.19736613 4.95061970 1.19304943
v 0.63271189 4.90210056 1.29577386
v -0.19685186 4.93814611 1.30369318
v 0.66152018 4.89125252 1.23839068
v -0.22758068 4.92988491 1.24687850
v -0.17322119 4.92010403 1.30828714
v -0.19261634 4.90042734 1.30547929
v -0.19107114 4.93513155 1.30938423
v -0.21076694 4.93531084 1.30823028
v -0.21223952 4.90223742 1.30450869
v 0.60769725 4.88617182 1.30083227
v 0.62525570 4.86488962 1.29767156
v 0.62680095 4.89959383 1.30157673
v 0.64641243 4.89806557 1.30004728
v 0.64493990 4.86499214 1.29632556
v -0.17379732 4.93407726 1.18433714
v -0.19318622 4.91424894 1.18287182
v -0.19164102 4.94895363 1.18677688
v -0.21132518 4.94885111 1.18812287
v -0.21279778 4.91577721 1.18440127
v 0.60712123 4.90014505 1.17688215
v 0.62468588 4.87871122 1.17506421
v 0.62623107 4.91341591 1.17896926
v 0.64585435 4.91160536 1.17993987
v 0.64438170 4.87853193 1.17621827
v -0.15457752 4.91060638 1.18362010
v 0.58592808 4.87843037 1.17655110
v 0.21567276 4.89330339 1.18535304
v 0.60418028 4.87692785 1.17908239
v -0.17283975 4.91069078 1.18649995
v -0.15401995 4.89708233 1.30358446
v 0.58648562 4.86490631 1.29651535
v 0.21618073 4.88098288 1.29464436
v 0.60471225 4.86402416 1.29354548
v -0.17230771 4.89778662 1.30096328
v -0.15287086 4.94893646 1.18793321
v 0.58763468 4.91676044 1.18086410
v 0.13025771 4.93664789 1.19063628
v 0.60592246 4.91605616 1.18348527
v -0.17109750 4.94981861 1.19090307
v -0.15231328 4.93541288 1.30789757
v 0.58819228 4.90323687 1.30082846
v 0.13076569 4.92432690 1.29992771
v 0.60645449 4.90315247 1.29794848
v -0.17056550 4.93691492 1.30536616
v 0.65590566 4.90002346 1.29447067
v 0.65540022 4.91228247 1.18572497
v 0.64651960 4.91326046 1.18846393
v 0.64700127 4.90157747 1.29209960
v 0.66041291 4.90511942 1.23995924
v 0.65427917 4.86349440 1.29036021
v 0.65377373 4.87575388 1.18161440
v 0.64481497 4.87497568 1.18415606
v 0.64529663 4.86329269 1.28779161
v 0.65885985 4.87024069 1.23603451
v -0.22015899 4.93808937 1.30283403
v -0.22066443 4.95034885 1.19408822
v -0.21168192 4.95055008 1.19665682
v -0.21120021 4.93886709 1.30029237
v -0.22524515 4.94360209 1.24841404
v -0.22178547 4.90156031 1.29872358
v -0.22229093 4.91381931 1.18997788
v -0.21338652 4.91226530 1.19234884
v -0.21290486 4.90058231 1.29598451
v -0.22679816 4.90872383 1.24448931
v -0.15435261 4.89867687 1.30571258
v -0.15280564 4.93342113 1.30962205
v 0.58699584 4.86646461 1.29863536
v 0.58854294 4.90120840 1.30254495
v -0.20526879 4.90025330 1.30413127
v 0.21626291 4.88140154 1.30134678
v -0.19189501 4.89887714 1.30296409
v -0.20364556 4.93670940 1.30823362
v 0.13585530 4.92220497 1.30632019
v -0.19019173 4.93713140 1.30726862
v -0.22017863 4.92293930 1.30514562
v -0.21033418 4.93791771 1.30554903
v -0.22452764 4.93656015 1.30274463
v -0.21201077 4.90026283 1.30131197
v -0.22600195 4.90344906 1.29901874
v 0.63781738 4.86362028 1.29608285
v 0.62435490 4.86341047 1.29517174
v 0.63944072 4.90007639 1.30018520
v 0.62605822 4.90166378 1.29947639
v 0.65465528 4.88492680 1.29679406
v 0.64615643 4.90070248 1.29737270
v 0.66012269 4.89812088 1.29429948
v 0.64447993 4.86304712 1.29313552
v 0.65864837 4.86500931 1.29057360
v -0.15492810 4.91263437 1.18190360
v -0.15338114 4.94737816 1.18581319
v 0.58642042 4.88042164 1.17482650
v 0.58796728 4.91516590 1.17873597
v -0.20582594 4.91376638 1.18426335
v 0.21569382 4.89520359 1.17891157
v -0.19244343 4.91217899 1.18497205
v -0.20420267 4.95022249 1.18836570
v 0.13528621 4.93600750 1.18388510
v -0.19074015 4.95043230 1.18927670
v -0.22072101 4.93609333 1.18846202
v -0.21086513 4.95079565 1.19131303
v -0.22503366 4.94883347 1.19387484
v -0.21254176 4.91314030 1.18707585
v -0.22650796 4.91572237 1.19014907
v 0.63726032 4.87713337 1.17621493
v 0.62380648 4.87671185 1.17717981
v 0.63888353 4.91358948 1.18031728
v 0.62550974 4.91496563 1.18148446
v 0.65411299 4.89808083 1.18011057
v 0.64562553 4.91358042 1.18313646
v 0.65961671 4.91039419 1.18542969
v 0.64394891 4.87592506 1.17889953
v 0.65814233 4.87728310 1.18170393
v 0.60463881 4.87611341 1.18441129
v -0.17326558 4.90991449 1.19183755
v 0.60512108 4.86441660 1.28816485
v -0.17278330 4.89821815 1.29559112
v 0.63280571 4.86927176 1.23604631
v -0.20093076 4.90549850 1.24400532
v 0.60639805 4.91562510 1.18885744
v -0.17150632 4.94942617 1.19628358
v 0.60688037 4.90392876 1.29261088
v -0.17102407 4.93772936 1.30003726
v 0.63454551 4.90834427 1.24044311
v -0.19919100 4.94457150 1.24840224
v 0.71438682 5.19627333 1.35686493
v -0.13530537 5.22627783 1.36975813
v 0.71536452 5.17185163 1.47813070
v -0.13432768 5.20185566 1.49102402
v 0.28962639 5.16477346 1.47717285
v 0.28869459 5.18804789 1.36160553
v 0.37886587 5.20023298 1.48359466
v 0.37793413 5.22350740 1.36802721
v -0.15519029 5.22980547 1.43372476
v -0.15660004 5.19305849 1.42633581
v 0.73640025 5.19832134 1.42019582
v 0.73499048 5.16157436 1.41280687
v 0.28954133 5.21169901 1.36236799
v 0.69157207 5.17533207 1.35314763
v 0.69297475 5.21189547 1.36049974
v 0.73366714 5.20902824 1.36254346
v 0.73233038 5.17418289 1.35553694
v -0.11414735 5.20378351 1.36537361
v -0.11274469 5.24034691 1.37272573
v -0.15345725 5.24035406 1.37600470
v -0.15479398 5.20550919 1.36899817
v 0.29053500 5.18687868 1.48561096
v 0.69254488 5.15103292 1.47380614
v 0.69394755 5.18759632 1.48115814
v 0.73459411 5.18587065 1.47753370
v 0.73325741 5.15102577 1.47052705
v -0.11317454 5.17948437 1.48603201
v -0.11177187 5.21604776 1.49338412
v -0.15253015 5.21719694 1.49099481
v -0.15386689 5.18235159 1.48398829
v 0.28914845 5.17609596 1.41932607
v -0.13311879 5.18039942 1.48061633
v 0.71233076 5.15054512 1.46778750
v -0.13400233 5.20246935 1.37102962
v 0.71144718 5.17261457 1.35820103
v 0.37984288 5.21213388 1.42585230
v -0.13164698 5.21876526 1.48833072
v 0.71380258 5.18891048 1.47550201
v -0.13253051 5.24083471 1.37874424
v 0.71291906 5.21098042 1.36591542
v -0.16302519 5.21528721 1.43086445
v 0.74310154 5.18329048 1.41711462
v 0.68746287 5.19716072 1.35648036
v 0.70552069 5.17607737 1.35278070
v 0.70683450 5.21032476 1.35966694
v 0.72684360 5.20856333 1.36043942
v 0.72559148 5.17592525 1.35387647
v -0.10840988 5.22526455 1.36855674
v -0.12801331 5.20551109 1.36542869
v -0.12669945 5.23975849 1.37231505
v -0.14675044 5.23941183 1.37369525
v -0.14800252 5.20677328 1.36713254
v 0.68845266 5.17243719 1.47924602
v 0.70649970 5.15162134 1.47421658
v 0.70781350 5.18586874 1.48110294
v 0.72780275 5.18460655 1.47939920
v 0.72655064 5.15196800 1.47283649
v -0.10742006 5.20054102 1.49132252
v -0.12703425 5.18105507 1.48686469
v -0.12572038 5.21530247 1.49375105
v -0.14579128 5.21545458 1.49265516
v -0.14704336 5.18281651 1.48609245
v 0.66699648 5.15148783 1.47314632
v -0.08768939 5.17813778 1.48459780
v 0.28958774 5.16527224 1.47346485
v -0.10633323 5.17894983 1.48207676
v 0.68556619 5.15098619 1.47006023
v 0.66603851 5.17541695 1.35432792
v -0.08864735 5.20206594 1.36577976
v 0.28871498 5.18707228 1.36521757
v -0.10724729 5.20178080 1.36870706
v 0.68465215 5.17381763 1.35669076
v 0.66844761 5.18931389 1.48075211
v -0.08623828 5.21596289 1.49220371
v 0.37993097 5.20117044 1.47996604
v -0.10485195 5.21756220 1.48984098
v 0.68704754 5.18959856 1.47782469
v 0.66748965 5.21324205 1.36193395
v -0.08719624 5.23989153 1.37338543
v 0.37905821 5.22297049 1.37171876
v -0.10576601 5.24039364 1.37647140
v 0.68613344 5.21243000 1.36445510
v -0.15626310 5.24032354 1.37981069
v -0.15539467 5.21863222 1.48751748
v -0.14627917 5.21968699 1.48502278
v -0.14710680 5.24035835 1.38237751
v -0.16074869 5.22883606 1.43357456
v -0.15764602 5.20427513 1.37256229
v -0.15677761 5.18258429 1.48026907
v -0.14772856 5.18190670 1.47742593
v -0.14855617 5.20257807 1.37478054
v -0.16206910 5.19441652 1.42665362
v 0.73657781 5.20879555 1.36626267
v 0.73744619 5.18710423 1.47396958
v 0.72835642 5.18880177 1.47175109
v 0.72752875 5.20947313 1.36910582
v 0.74186933 5.19696283 1.41987824
v 0.73519486 5.17274714 1.35901415
v 0.73606330 5.15105629 1.46672106
v 0.72690707 5.15102148 1.46415424
v 0.72607940 5.17169285 1.36150897
v 0.74054891 5.16254377 1.41295719
v 0.66652054 5.17755461 1.35277331
v 0.66783589 5.21184063 1.35966766
v -0.08902434 5.20423412 1.36423802
v -0.08770902 5.23852062 1.37113225
v 0.71834683 5.17448568 1.35376859
v 0.28870639 5.18952703 1.35893846
v 0.70464522 5.17389488 1.35472667
v 0.71972704 5.21046209 1.36100245
v 0.37375328 5.22332096 1.36505854
v 0.70609337 5.21164513 1.36231732
v 0.73536336 5.19512606 1.35942936
v 0.72660279 5.21025038 1.36380696
v 0.74088758 5.20696688 1.36579573
v 0.72517723 5.17309141 1.35633481
v 0.73963410 5.17429161 1.35922563
v -0.14088403 5.20482683 1.36680639
v -0.12723541 5.20326996 1.36734974
v -0.13950382 5.24080324 1.37404048
v -0.12578721 5.24102020 1.37494051
v -0.15622324 5.22661018 1.37295806
v -0.14628920 5.24107409 1.37705231
v -0.16070329 5.23880339 1.37947679
v -0.14771478 5.20391512 1.36958015
v -0.16195680 5.20612860 1.37290645
v 0.66750926 5.15285873 1.47539937
v 0.66882455 5.18714523 1.48229361
v -0.08803565 5.17953873 1.48686409
v -0.08672033 5.21382475 1.49375844
v 0.71930403 5.15057611 1.47249126
v 0.28968412 5.16510582 1.48020387
v 0.70558745 5.15035963 1.47159123
v 0.72068423 5.18655300 1.47972524
v 0.37473094 5.19889927 1.48632395
v 0.70703566 5.18810987 1.47918200
v 0.73629510 5.17185211 1.47499776
v 0.72751504 5.18746471 1.47695148
v 0.74175698 5.18525124 1.47362542
v 0.72608948 5.15030575 1.46947956
v 0.74050343 5.15257597 1.46705496
v -0.13992678 5.18091726 1.48552918
v -0.12629318 5.17973471 1.48421443
v -0.13854660 5.21689415 1.49276316
v -0.12484501 5.21748495 1.49180508
v -0.15529145 5.20333576 1.48852682
v -0.14537698 5.21828842 1.49019682
v -0.15983389 5.21708822 1.48730600
v -0.14680256 5.18112898 1.48272491
v -0.16108739 5.18441296 1.48073590
v -0.10683398 5.17984438 1.47674191
v 0.68596685 5.15184927 1.46471179
v -0.10766249 5.20053959 1.37397957
v 0.68513840 5.17254400 1.36194956
v -0.13569057 5.19141293 1.42583597
v 0.71401161 5.16140842 1.41294241
v -0.10533816 5.21883583 1.48458207
v 0.68746269 5.19084024 1.47255218
v -0.10616666 5.23953056 1.38181996
v 0.68663424 5.21153545 1.36978984
v -0.13421132 5.22997141 1.43358922
v 0.71549082 5.19996643 1.42069590
v 0.85422432 5.75795603 1.53292716
v -0.16032925 5.79545546 1.54902411
v 0.85491079 5.73500013 1.62967062
v -0.15964277 5.77249908 1.64576757
v 0.34670228 5.73180580 1.63011754
v 0.34604815 5.75368309 1.53792036
v 0.45304853 5.76620007 1.63752425
v 0.45239437 5.78807783 1.54532707
v -0.18439376 5.79978752 1.60132039
v -0.18587880 5.76331806 1.59267724
v 0.88018757 5.76043844 1.58442986
v 0.87870240 5.72396946 1.57578671
v 0.34695098 5.77711487 1.54023969
v 0.82709861 5.73737621 1.52849221
v 0.82857621 5.77366304 1.53709221
v 0.87715733 5.77047729 1.53838015
v 0.87574917 5.73589611 1.53018415
v -0.13495052 5.77293444 1.54375601
v -0.13347282 5.80922174 1.55235612
v -0.18209133 5.80962896 1.55518615
v -0.18349950 5.77504730 1.54699016
v 0.34764862 5.75378466 1.63856053
v 0.82778150 5.71453476 1.62475109
v 0.82925928 5.75082207 1.63335109
v 0.87780827 5.74870968 1.63011694
v 0.87640005 5.71412802 1.62192094
v -0.13426746 5.75009346 1.64001501
v -0.13278978 5.78638077 1.64861488
v -0.18144040 5.78786087 1.64692295
v -0.18284857 5.75327921 1.63872707
v 0.34636250 5.74243307 1.58394480
v -0.15805456 5.75112391 1.63576293
v 0.85143316 5.71381187 1.61974633
v -0.15867494 5.77186918 1.54833686
v 0.85081279 5.73455715 1.53232038
v 0.45444259 5.77738762 1.59147251
v -0.15650409 5.78919935 1.64478672
v 0.85298365 5.75188732 1.62877023
v -0.15712447 5.80994463 1.55736089
v 0.85236323 5.77263308 1.54134417
v -0.19366910 5.78544474 1.59798312
v 0.88826871 5.74545479 1.58081698
v 0.82208049 5.75907373 1.53278828
v 0.84374869 5.73798513 1.52819085
v 0.84513277 5.77197361 1.53624630
v 0.86902368 5.77005672 1.53666532
v 0.86770463 5.73766565 1.52898848
v -0.12821124 5.79419756 1.54786563
v -0.15151146 5.77477121 1.54398179
v -0.15012743 5.80876017 1.55203700
v -0.17406927 5.80861092 1.55321491
v -0.17538834 5.77621937 1.54553819
v 0.82277554 5.73583364 1.63072836
v 0.84443617 5.71499634 1.62507010
v 0.84582019 5.74898577 1.63312531
v 0.86969703 5.74753761 1.63156891
v 0.86837798 5.71514606 1.62389219
v -0.12751633 5.77095747 1.64580584
v -0.15082407 5.75178289 1.64086080
v -0.14944004 5.78577185 1.64891624
v -0.17339586 5.78609133 1.64811873
v -0.17471492 5.75370026 1.64044189
v 0.79728311 5.71520901 1.62435186
v -0.10383049 5.74851561 1.63864899
v 0.34667194 5.73226213 1.62714159
v -0.12607881 5.74946165 1.63673556
v 0.81946874 5.71451283 1.62173343
v 0.79661053 5.73770189 1.52956116
v -0.10450307 5.77100801 1.54385829
v 0.34605917 5.75275373 1.54078400
v -0.12672059 5.77092314 1.54629159
v 0.81882703 5.73597431 1.53128946
v 0.79881179 5.75274849 1.63324881
v -0.10230182 5.78605509 1.64754605
v 0.45433351 5.76708174 1.63463998
v -0.12451831 5.78778267 1.64581764
v 0.82102931 5.75283384 1.63081551
v 0.79813921 5.77524137 1.53845811
v -0.10297440 5.80854750 1.55275524
v 0.45372075 5.78757334 1.54828250
v -0.12516008 5.80924368 1.55537367
v 0.82038754 5.77429533 1.54037154
v -0.18545911 5.80966234 1.55828702
v -0.18484946 5.78927326 1.64421332
v -0.17396003 5.79021072 1.64222550
v -0.17454103 5.80964184 1.56033707
v -0.19102436 5.79887533 1.60115135
v -0.18691595 5.77388716 1.54980826
v -0.18630630 5.75349808 1.63573444
v -0.17548683 5.75271559 1.63333941
v -0.17606781 5.77214670 1.55145085
v -0.19241533 5.76471663 1.59305537
v 0.88061506 5.77025890 1.54137278
v 0.88122475 5.74986982 1.62729883
v 0.87037653 5.75161028 1.62565625
v 0.86979556 5.77104139 1.54376769
v 0.88672400 5.75904036 1.58405173
v 0.87915820 5.73448324 1.53289390
v 0.87976784 5.71409416 1.61882007
v 0.86884969 5.71411514 1.61677003
v 0.86826873 5.73354626 1.53488159
v 0.88533306 5.72488117 1.57595587
v 0.79718417 5.73979950 1.52845025
v 0.79856986 5.77382660 1.53651488
v -0.10495524 5.77314377 1.54276371
v -0.10356957 5.80717087 1.55082834
v 0.85906285 5.73630285 1.52882659
v 0.34606859 5.75512171 1.53586042
v 0.84270388 5.73585081 1.52961802
v 0.86051685 5.77200794 1.53728855
v 0.44741854 5.78789997 1.54291916
v 0.84422946 5.77331543 1.53849733
v 0.87925851 5.75665712 1.53484201
v 0.86871237 5.77176571 1.53952312
v 0.88577044 5.76840401 1.54084408
v 0.86721063 5.73488712 1.53078294
v 0.88444996 5.73597527 1.53315866
v -0.16688021 5.77422380 1.54510403
v -0.15058228 5.77256393 1.54537773
v -0.16542625 5.80992794 1.55356610
v -0.14905667 5.81002903 1.55425680
v -0.18531790 5.79600573 1.55173266
v -0.17354237 5.81028843 1.55605960
v -0.19075155 5.80819321 1.55792427
v -0.17504409 5.77340984 1.54731953
v -0.19207209 5.77576542 1.55023885
v 0.79787827 5.71658611 1.62627876
v 0.79926395 5.75061321 1.63434339
v -0.10426111 5.74992990 1.64059234
v -0.10287543 5.78395700 1.64865685
v 0.85973495 5.71382856 1.62354112
v 0.34675503 5.73216534 1.63260341
v 0.84336537 5.71372747 1.62285042
v 0.86118889 5.74953318 1.63200307
v 0.44810495 5.76494408 1.63966227
v 0.84489107 5.75119257 1.63172936
v 0.87991279 5.73477983 1.62704039
v 0.86935270 5.75034666 1.62978768
v 0.88638085 5.74799109 1.62686825
v 0.86785108 5.71346807 1.62104750
v 0.88506031 5.71556330 1.61918283
v -0.16620812 5.75174856 1.63981867
v -0.14992078 5.75044107 1.63860989
v -0.16475417 5.78745365 1.64828050
v -0.14839517 5.78790569 1.64748907
v -0.18466367 5.77412796 1.64393103
v -0.17290190 5.78886986 1.64632416
v -0.19014122 5.78778124 1.64394844
v -0.17440364 5.75199127 1.63758397
v -0.19146174 5.75535297 1.63626313
v -0.12665467 5.75029755 1.63246846
v 0.81996930 5.71530914 1.61744916
v -0.12723637 5.76975060 1.55048680
v 0.81938756 5.73476267 1.53546762
v -0.16090752 5.76149464 1.59206748
v 0.85365796 5.72399521 1.57597029
v -0.12507884 5.78899431 1.64163947
v 0.82154506 5.75400591 1.62662029
v -0.12566055 5.80844736 1.55965793
v 0.82096338 5.77345896 1.54463863
v -0.15934925 5.79976177 1.60113680
v 0.85521626 5.76226187 1.58503962
v -0.18725827 5.76397562 1.65402710
v -0.17589016 6.04228878 1.66551328
v 0.88012153 5.72100592 1.63878572
v 0.89148951 5.99931908 1.65027189
v 0.86101687 5.86020708 1.66798878
v -0.15620361 5.90115738 1.68251407
v 0.85934746 5.83310461 1.62748158
v -0.15787303 5.87405491 1.64200675
v 0.35788730 6.02830505 1.64288068
v 0.35835934 6.02673864 1.68035376
v 0.34595865 5.73626852 1.63082814
v 0.34643069 5.73470211 1.66830122
v -0.19027822 5.90349197 1.65966594
v -0.18401250 5.77014685 1.67637062
v -0.18448222 5.77170515 1.63908458
v -0.16006999 5.75733185 1.63905430
v -0.15962237 5.75584745 1.67458808
v -0.17323269 6.03405666 1.68726230
v -0.17370242 6.03561449 1.64997637
v -0.14820111 6.04790592 1.65104640
v -0.14775348 6.04642105 1.68658018
v 0.89450371 5.85982180 1.64417589
v 0.87802041 5.72739267 1.66120553
v 0.87755066 5.72895050 1.62391961
v 0.85207146 5.71658611 1.62460160
v 0.85251909 5.71510124 1.66013539
v 0.88880014 5.99130249 1.67209721
v 0.88833046 5.99286032 1.63481128
v 0.86394036 6.00715971 1.63659382
v 0.86438793 6.00567532 1.67212760
v 0.35241070 5.88066912 1.67557180
v 0.84034997 5.99973202 1.67398059
v 0.82903868 5.72280931 1.66255176
v -0.12422787 6.03856373 1.68775392
v -0.13553923 5.76164007 1.67632532
v 0.35071400 5.85312462 1.63440418
v 0.83985716 6.00136709 1.63485658
v 0.82854587 5.72444344 1.62342799
v -0.12472072 6.04019833 1.64863014
v -0.13603206 5.76327515 1.63720131
v 0.35817432 6.03005552 1.65804529
v 0.34605122 5.73325825 1.64579618
v -0.19349630 5.77304649 1.65470302
v -0.18763533 5.76577854 1.67505050
v -0.18807521 5.76723814 1.64012623
v -0.17743555 5.76020432 1.64052057
v -0.17701621 5.75881338 1.67380369
v -0.18284827 6.03373098 1.66546166
v -0.17648336 6.03879881 1.68631840
v -0.17692326 6.04025841 1.65139401
v -0.16574767 6.04634619 1.65232968
v -0.16532834 6.04495573 1.68561292
v 0.88708502 5.72954559 1.63927317
v 0.88124126 5.72274876 1.65978777
v 0.88080132 5.72420835 1.62486339
v 0.86964637 5.71805143 1.62556899
v 0.87006563 5.71666098 1.65885210
v 0.89773309 5.99023008 1.65003181
v 0.89239317 5.99576902 1.67105556
v 0.89195329 5.99722862 1.63613129
v 0.88133419 6.00419378 1.63737822
v 0.88175350 6.00280333 1.67066133
v 0.87027091 5.73604965 1.66230965
v 0.88036788 5.98324347 1.67251146
v 0.82880461 5.86149359 1.66869187
v 0.85664266 5.99028683 1.67350698
v 0.84604776 5.73090315 1.66280210
v -0.17556393 5.77815199 1.67724347
v -0.16546698 6.02534580 1.68744540
v -0.12398513 5.89985037 1.68229711
v -0.14123376 6.03045845 1.68775594
v -0.15182863 5.77107525 1.67705095
v 0.86978501 5.73766136 1.62373650
v 0.87988192 5.98485518 1.63393843
v 0.82711446 5.83405590 1.62768376
v 0.85614663 5.99193239 1.63413095
v 0.84555173 5.73254871 1.62342596
v -0.17604989 5.77976370 1.63867033
v -0.16595294 6.02695751 1.64887226
v -0.12567531 5.87241220 1.64128900
v -0.14172979 6.03210402 1.64837980
v -0.15232468 5.77272081 1.63767493
v -0.11611639 6.04757738 1.65001404
v 0.83191669 6.00941229 1.63647676
v 0.80950850 6.00736427 1.63578844
v -0.09397396 6.04373598 1.64868951
v 0.35797602 6.03006077 1.64414215
v -0.11565333 6.04604149 1.68677437
v 0.83237982 6.00787592 1.67323732
v 0.80999374 6.00575447 1.67431569
v -0.09348860 6.04212618 1.68721664
v 0.35841820 6.02859449 1.67924166
v -0.12806180 5.75513124 1.63794458
v 0.81997132 5.71696568 1.62440741
v 0.79780662 5.72088099 1.62396514
v -0.10567578 5.75725269 1.63686621
v 0.34589982 5.73441267 1.63194025
v -0.12759875 5.75359488 1.67470503
v 0.82043439 5.71543026 1.66116786
v 0.79829192 5.71927118 1.66249228
v -0.10519043 5.75564289 1.67539346
v 0.34634197 5.73294640 1.66703975
v -0.19235091 5.77876139 1.67567241
v -0.19279133 5.78022242 1.64070833
v -0.18224242 6.02623701 1.68588591
v -0.18268284 6.02769756 1.65092194
v -0.17585503 5.76105261 1.67558801
v -0.18129241 5.90220547 1.68194842
v -0.16748334 5.76516485 1.67656040
v -0.17631719 5.76258564 1.63890052
v -0.18288355 5.87637615 1.64334416
v -0.16796830 5.76677370 1.63806427
v -0.16246697 5.75611210 1.65321624
v -0.15186752 5.75938559 1.63785446
v -0.12863824 5.75364780 1.63961291
v -0.15139014 5.75780201 1.67574823
v -0.12821850 5.75225592 1.67293382
v -0.16435933 6.04249001 1.68720317
v -0.15635353 6.03764391 1.68780589
v -0.16482149 6.04402304 1.65051556
v -0.15683851 6.03925228 1.64930964
v -0.15053838 6.04814720 1.66526878
v -0.14018904 6.04529715 1.64965427
v -0.11657577 6.04896021 1.65180051
v -0.13971163 6.04371357 1.68754804
v -0.11615603 6.04756784 1.68512166
v 0.88700086 5.73530960 1.66025996
v 0.88656038 5.73677063 1.62529600
v 0.89710933 5.98278475 1.67047358
v 0.89666885 5.98424578 1.63550949
v 0.86913949 5.71898413 1.66066623
v 0.88608253 5.85923576 1.66670704
v 0.86115652 5.72375488 1.66187227
v 0.86867732 5.72051716 1.62397873
v 0.88449138 5.83340693 1.62810278
v 0.86067152 5.72536373 1.62337601
v 0.85476542 5.71516132 1.63869083
v 0.84402961 5.71929359 1.62363386
v 0.82047397 5.71543980 1.62606025
v 0.84450704 5.71771002 1.66152763
v 0.82089376 5.71404696 1.65938139
v 0.88063520 6.00042152 1.67228138
v 0.87228632 5.99623346 1.67311764
v 0.88017297 6.00195456 1.63559389
v 0.87180132 5.99784231 1.63462126
v 0.86669397 6.00719690 1.65074325
v 0.85570812 6.00520515 1.63543355
v 0.83253646 6.01075125 1.63824809
v 0.85618550 6.00362158 1.67332733
v 0.83295625 6.00935936 1.67156887
v 0.80996829 5.99230576 1.67437255
v 0.79936129 5.73262739 1.66365540
v -0.09454249 6.02871895 1.68728840
v -0.10514943 5.76904011 1.67657113
v 0.35809076 6.01984024 1.68099439
v 0.34672254 5.74152374 1.66950822
v 0.80946738 5.99396706 1.63461077
v 0.79886049 5.73428869 1.62389350
v -0.09504335 6.03037977 1.64752650
v -0.10565028 5.77070141 1.63680935
v 0.35759544 6.02148342 1.64167356
v 0.34622720 5.74316692 1.63018739
v 0.86475539 6.01806974 1.68320656
v -0.13534661 6.06253004 1.68294239
v 0.86432850 6.00919342 1.80538702
v -0.13577351 6.05365324 1.80512309
v 0.36326376 6.00859165 1.80070698
v 0.36367053 6.01705122 1.68426776
v 0.46830168 6.04321527 1.80358934
v 0.46870846 6.05167484 1.68715024
v -0.15953980 6.07444191 1.74513674
v -0.16120048 6.03706884 1.74241579
v 0.88987738 6.02778959 1.74541402
v 0.88821667 5.99041653 1.74269295
v 0.36471802 6.04059982 1.68209517
v 0.83789724 5.99717236 1.68190205
v 0.83954972 6.03435898 1.68460953
v 0.88740844 6.03114796 1.68741393
v 0.88583368 5.99570894 1.68483377
v -0.11044811 6.03933144 1.68165159
v -0.10879568 6.07651806 1.68435895
v -0.15675208 6.07756662 1.68713832
v -0.15832683 6.04212809 1.68455815
v 0.36428416 6.03157902 1.80626774
v 0.83747256 5.98834038 1.80347061
v 0.83912498 6.02552700 1.80617821
v 0.88700378 6.02273083 1.80327177
v 0.88542897 5.98729181 1.80069160
v -0.11087283 6.03049946 1.80322027
v -0.10922039 6.06768608 1.80592763
v -0.15715680 6.06914949 1.80299604
v -0.15873158 6.03371048 1.80041575
v 0.36345291 6.01250124 1.74246407
v -0.13427562 6.03102732 1.79756975
v 0.86083287 5.98678970 1.79783237
v -0.13388982 6.03904915 1.68715656
v 0.86121857 5.99481106 1.68741930
v 0.47020337 6.04768991 1.74539351
v -0.13254172 6.07004690 1.80041051
v 0.86256671 6.02580929 1.80067337
v -0.13215595 6.07806873 1.68999743
v 0.86295253 6.03383064 1.69026005
v -0.16876215 6.05979586 1.74404061
v 0.89776438 6.01238298 1.74432206
v 0.83307517 6.01931524 1.68242669
v 0.85432017 5.99765062 1.68160045
v 0.85586780 6.03248215 1.68413639
v 0.87940282 6.03052473 1.68533039
v 0.87792772 5.99733019 1.68291378
v -0.10368045 6.06095886 1.68217957
v -0.12676346 6.04126549 1.68134129
v -0.12521569 6.07609653 1.68387747
v -0.14883210 6.07623577 1.68505895
v -0.15030716 6.04304123 1.68264222
v 0.83264303 6.01032925 1.80611849
v 0.85389262 5.98876190 1.80395234
v 0.85544032 6.02359295 1.80648839
v 0.87898403 6.02181721 1.80518770
v 0.87750894 5.98862267 1.80277085
v -0.10411260 6.05197287 1.80587125
v -0.12719096 6.03237629 1.80369341
v -0.12564319 6.06720781 1.80622923
v -0.14925085 6.06752777 1.80491614
v -0.15072590 6.03433371 1.80249929
v 0.80741358 5.98910141 1.80248880
v -0.08086441 6.02858973 1.80225444
v 0.36326584 6.00861692 1.79700160
v -0.10277317 6.02936220 1.79947460
v 0.82930595 5.98792648 1.79972076
v 0.80783182 5.99779844 1.68277454
v -0.08044615 6.03728724 1.68253994
v 0.36364689 6.01654053 1.68793786
v -0.10237409 6.03766108 1.68524992
v 0.82970494 5.99622536 1.68549597
v 0.80912304 6.02757120 1.80528975
v -0.07915495 6.06705999 1.80505538
v 0.46960291 6.04366922 1.79991949
v -0.10102809 6.06863356 1.80233383
v 0.83105093 6.02719736 1.80257988
v 0.80954129 6.03626871 1.68557549
v -0.07873669 6.07575703 1.68534088
v 0.46998394 6.05159283 1.69085586
v -0.10062903 6.07693195 1.68810916
v 0.83145010 6.03549576 1.68835521
v -0.16010180 6.07806110 1.69085109
v -0.16048092 6.07017708 1.79937053
v -0.14971894 6.07076693 1.79688764
v -0.14935763 6.07828093 1.69346786
v -0.16608210 6.07354689 1.74504900
v -0.16173096 6.04139900 1.68818188
v -0.16211008 6.03351498 1.79670107
v -0.15142632 6.03234291 1.79409003
v -0.15106504 6.03985643 1.69067049
v -0.16763766 6.03854084 1.74250031
v 0.89078695 6.03134346 1.69112861
v 0.89040780 6.02345943 1.79964781
v 0.87974191 6.02500200 1.79715919
v 0.88010323 6.03251553 1.69373977
v 0.89631450 6.02631760 1.74532938
v 0.88915777 5.99468136 1.68845940
v 0.88877869 5.98679733 1.79697871
v 0.87803453 5.98657751 1.79436183
v 0.87839580 5.99409151 1.69094217
v 0.89475900 5.99131155 1.74278080
v 0.80842412 5.99971533 1.68098724
v 0.80997354 6.03458548 1.68352616
v -0.08086508 6.03924847 1.68075264
v -0.07931557 6.07411957 1.68329144
v 0.86939913 5.99599981 1.68290734
v 0.36372149 6.01818085 1.68146431
v 0.85325992 5.99574518 1.68377352
v 0.87102503 6.03258991 1.68557119
v 0.46382460 6.05117798 1.68421137
v 0.85496598 6.03413916 1.68656874
v 0.88940817 6.01693439 1.68609548
v 0.87908155 6.03262949 1.68842709
v 0.89586043 6.02940416 1.69094324
v 0.87740219 5.99483728 1.68567562
v 0.89438373 5.99617195 1.68852377
v -0.14193018 6.04095936 1.68264043
v -0.12587772 6.03927374 1.68351495
v -0.14030430 6.07754850 1.68530428
v -0.12417167 6.07766724 1.68631005
v -0.16000436 6.06358671 1.68581843
v -0.14832707 6.07830381 1.68815589
v -0.16532733 6.07657957 1.69066322
v -0.15000646 6.04051113 1.68540430
v -0.16680400 6.04334736 1.68824363
v 0.80799246 5.99073887 1.80453849
v 0.80954200 6.02560997 1.80707717
v -0.08129673 6.03027296 1.80430365
v -0.07974722 6.06514311 1.80684245
v 0.86898112 5.98730946 1.80252552
v 0.36329466 6.00930452 1.80364442
v 0.85284847 5.98719120 1.80151963
v 0.87060708 6.02389908 1.80518961
v 0.46339771 6.04230118 1.80639136
v 0.85455465 6.02558470 1.80431497
v 0.88900137 6.00847483 1.80253577
v 0.87868333 6.02434731 1.80242538
v 0.89548087 6.02151060 1.79958630
v 0.87700397 5.98655462 1.79967391
v 0.89400417 5.98827887 1.79716682
v -0.14234813 6.03226852 1.80225849
v -0.12628911 6.03071928 1.80126119
v -0.14072226 6.06885862 1.80492246
v -0.12458306 6.06911278 1.80405641
v -0.16041116 6.05512714 1.80225885
v -0.14872532 6.07002115 1.80215418
v -0.16570687 6.06868649 1.79930604
v -0.15040471 6.03222847 1.79940248
v -0.16718353 6.03545427 1.79688656
v -0.10329355 6.02958202 1.79411685
v 0.82984656 5.98809862 1.79436326
v -0.10293181 6.03710413 1.69057930
v 0.83020830 5.99562073 1.69082594
v -0.13658975 6.03505182 1.74235523
v 0.86352408 5.99059105 1.74261940
v -0.10153142 6.06923771 1.79700398
v 0.83160871 6.02775431 1.79725051
v -0.10116968 6.07675982 1.69346666
v 0.83197045 6.03527641 1.69371307
v -0.13484716 6.07426739 1.74521041
v 0.86526656 6.02980661 1.74547458
v 1.07662475 6.79198027 2.33545160
v 1.01517856 5.94480228 1.78345883
v 0.95571959 6.79657698 2.34185529
v 0.89427346 5.94939899 1.78986275
v 0.92838138 6.36023188 2.08505917
v 1.04360473 6.35585117 2.07895637
v 0.93380189 6.46926022 2.10913539
v 1.04902530 6.46487904 2.10303283
v 0.95285082 5.93458700 1.76023984
v 0.95373333 5.91407108 1.79162848
v 1.01732683 6.82353973 2.33945131
v 1.01820934 6.80302382 2.37083983
v 1.04688179 6.36847878 2.05921173
v 1.07525194 6.75797987 2.33968282
v 1.07437384 6.77839327 2.30845118
v 1.07451224 6.81860256 2.33577681
v 1.07534909 6.79914904 2.36554050
v 1.01698565 5.95464420 1.81625676
v 1.01610768 5.97505760 1.78502500
v 1.01035917 5.93410301 1.75946677
v 1.01119602 5.91464949 1.78923059
v 0.92400557 6.37315083 2.06571960
v 0.95495254 6.76255322 2.34605455
v 0.95407444 6.78296661 2.31482291
v 0.95986426 6.82296181 2.34184909
v 0.96070105 6.80350780 2.37161303
v 0.89668632 5.95921803 1.82262826
v 0.89580828 5.97963095 1.79139662
v 0.89571112 5.93846178 1.76553905
v 0.89654797 5.91900826 1.79530287
v 0.98600066 6.35786629 2.08227634
v 0.90079093 5.93869877 1.81020069
v 0.96193016 6.78164673 2.35943699
v 1.01005137 5.93454456 1.80441380
v 1.07119060 6.77749252 2.35365009
v 0.99150950 6.46867180 2.10674524
v 0.89986962 5.96011829 1.77742946
v 0.96100885 6.80306625 2.32666588
v 1.00913012 5.95596409 1.77164257
v 1.07026935 6.79891205 2.32087898
v 0.95268005 5.91909170 1.76813829
v 1.01820731 6.82253742 2.35679293
v 1.07543159 6.76500225 2.31811309
v 1.07661736 6.77247763 2.34770799
v 1.07579505 6.79159784 2.31845427
v 1.07602847 6.81116629 2.33221936
v 1.07681227 6.79294443 2.36009836
v 1.01787734 5.97148418 1.80108356
v 1.01633978 5.94140959 1.80621243
v 1.01551747 5.96053028 1.77695882
v 1.01285386 5.94015694 1.76469946
v 1.01363754 5.92193508 1.79257822
v 0.95303100 6.76965618 2.32459593
v 0.95554280 6.77708054 2.35412073
v 0.95472038 6.79620123 2.32486701
v 0.95742261 6.81567574 2.33850145
v 0.95820636 6.79745388 2.36638021
v 0.89547694 5.97613811 1.80756652
v 0.89526522 5.94601297 1.81262517
v 0.89444280 5.96513367 1.78337157
v 0.89424801 5.94466639 1.77098107
v 0.89503175 5.92644453 1.79886019
v 0.95403987 6.73672533 2.32996845
v 0.89946413 5.98427200 1.83969545
v 0.93203628 6.35996008 2.08506966
v 0.90084428 5.96539736 1.82780015
v 0.95811105 6.75495386 2.34224844
v 1.07250440 6.73222065 2.32369399
v 1.01792872 5.97976780 1.83342099
v 1.03996134 6.35585690 2.07935333
v 1.01387644 5.96110010 1.82181358
v 1.07114327 6.75065613 2.33626175
v 0.95313150 6.75784302 2.29765844
v 0.89855576 6.00539017 1.80738556
v 0.93752378 6.47033644 2.10944366
v 0.89991695 5.98695469 1.79481781
v 0.95718372 6.77651072 2.30926609
v 1.07159603 6.75333881 2.29138398
v 1.01702034 6.00088596 1.80111110
v 1.04544890 6.46623325 2.10372734
v 1.01294911 5.98265696 1.78883123
v 1.07021594 6.77221346 2.30327940
v 1.00650728 5.93172741 1.75728846
v 0.89912087 5.93581009 1.76297593
v 0.90228152 5.94527388 1.76801586
v 1.00462139 5.94138241 1.76259542
v 0.95248008 5.92844009 1.75765204
v 1.00737274 5.91160154 1.78808010
v 0.89998657 5.91568470 1.79376757
v 0.90318882 5.92418051 1.80028725
v 1.00552869 5.92028999 1.79486680
v 0.95330667 5.90922356 1.78705239
v 1.07107365 6.82192659 2.33731174
v 0.96368736 6.82600927 2.34299946
v 0.96553153 6.81732082 2.33621264
v 1.06787145 6.81343031 2.33079219
v 1.01775360 6.82838726 2.34402704
v 1.07193935 6.80180073 2.36810374
v 0.96455300 6.80588341 2.37379098
v 0.96643877 6.79622841 2.36848402
v 1.06877863 6.79233742 2.36306381
v 1.01858008 6.80917120 2.37342763
v 1.07439125 6.73356485 2.32236099
v 1.07356787 6.75270700 2.29307413
v 1.01975334 5.98025560 1.83152997
v 1.01893008 5.99939728 1.80224311
v 1.07621467 6.78485680 2.35686493
v 1.04642355 6.35624933 2.07803226
v 1.07432091 6.77076197 2.34878778
v 1.07535088 6.80494261 2.32613444
v 1.05158937 6.46015501 2.10097718
v 1.07341433 6.79183769 2.31654215
v 1.07529521 6.81306601 2.34906793
v 1.07304978 6.81218863 2.33021402
v 1.07149160 6.82534456 2.34159160
v 1.07394218 6.79144239 2.36195469
v 1.07227635 6.80710220 2.36950183
v 1.01407874 5.92816830 1.79867566
v 1.01416278 5.94134283 1.80836606
v 1.01321495 5.94825363 1.76794505
v 1.01325619 5.96241856 1.77612066
v 1.01081967 5.92411757 1.76985919
v 1.00992596 5.94187927 1.76314998
v 1.00629234 5.92642164 1.75588334
v 1.01081836 5.92113352 1.79489064
v 1.00707698 5.90817881 1.78379405
v 0.95213014 6.73821354 2.32883644
v 0.95130682 6.75735521 2.29954958
v 0.89749235 5.98490381 1.83800542
v 0.89666891 6.00404596 1.80871868
v 0.95784533 6.78935719 2.36313438
v 0.92551911 6.36084604 2.08443594
v 0.95780402 6.77519226 2.35495901
v 0.95698142 6.80944252 2.33240414
v 0.93068486 6.46475124 2.10738087
v 0.95689744 6.79626799 2.32271338
v 0.96007055 6.81744719 2.35517073
v 0.96024185 6.81647730 2.33618879
v 0.96398312 6.82943249 2.34728551
v 0.96113420 6.79573154 2.36792946
v 0.96476781 6.81118965 2.37519622
v 0.89570940 5.93266821 1.80494499
v 0.89764589 5.94577312 1.81453741
v 0.89484549 5.95275402 1.77421474
v 0.89673930 5.96684885 1.78229165
v 0.89559478 5.92849874 1.77596188
v 0.89711803 5.94616842 1.76912475
v 0.89878392 5.93050861 1.76157761
v 0.89801043 5.92542219 1.80086541
v 0.89956862 5.91226625 1.78948808
v 0.90610403 5.96464109 1.82738924
v 0.96343607 6.75509644 2.34242272
v 1.00856042 5.96074581 1.82196236
v 1.06589246 6.75120068 2.33699632
v 0.95526963 5.93444777 1.80600846
v 1.01671648 6.78163624 2.35800743
v 0.90516770 5.98641014 1.79408336
v 0.96249980 6.77686501 2.30911732
v 1.00762415 5.98251438 1.78865683
v 1.06495619 6.77296972 2.30369043
v 0.95434374 5.95597506 1.77307212
v 1.01579058 6.80316305 2.32507133
v -0.32895076 5.89151812 1.74571145
v -0.28214592 6.82214308 2.32380676
v -0.21966705 5.88368416 1.74947453
v -0.17286217 6.81430912 2.32757020
v -0.20037714 6.33706188 2.05806732
v -0.30452532 6.34452772 2.05448103
v -0.20258211 6.26156855 1.96494174
v -0.30673030 6.26903439 1.96135545
v -0.22532730 6.84919357 2.32694268
v -0.22783303 6.82953691 2.35878992
v -0.27444017 5.87267923 1.72034132
v -0.27694589 5.85302210 1.75218844
v -0.30642390 6.35701418 2.03453422
v -0.32894266 5.90399361 1.77944839
v -0.32644948 5.92355299 1.74776030
v -0.32619607 5.87833071 1.72090054
v -0.32857212 5.85969114 1.75109935
v -0.28456002 6.78645802 2.32762647
v -0.28206682 6.80601645 2.29593897
v -0.27732924 6.84995365 2.32446337
v -0.27970532 6.83131361 2.35466242
v -0.19535846 6.34905243 2.03835869
v -0.22020638 5.89619970 1.78319240
v -0.21771318 5.91575813 1.75150454
v -0.22256789 5.87090254 1.72446883
v -0.22494397 5.85226250 1.75466764
v -0.17582372 6.77866316 2.33137083
v -0.17333052 6.79822206 2.29968262
v -0.17370112 6.84252501 2.32803154
v -0.17607713 6.82388544 2.35823059
v -0.25247267 6.34062672 2.05654669
v -0.17977989 6.80029583 2.34549522
v -0.22635107 5.87431812 1.77028632
v -0.27853823 6.80737543 2.34209466
v -0.32510942 5.88139677 1.76688588
v -0.25471359 6.26390266 1.96190250
v -0.17716379 6.82081890 2.31224537
v -0.22373496 5.89484072 1.73703647
v -0.27592212 6.82789803 2.30884480
v -0.32249334 5.90192032 1.73363578
v -0.22593445 6.84925079 2.34469223
v -0.27584800 5.85681581 1.72820091
v -0.32815892 5.92092466 1.76418185
v -0.32998016 5.88940668 1.76897073
v -0.32764482 5.90772676 1.73928976
v -0.32768738 5.88527870 1.72639799
v -0.32991290 5.86781931 1.75468421
v -0.28431863 6.79260397 2.30566072
v -0.28406534 6.80233383 2.33607292
v -0.28173003 6.82065439 2.30639195
v -0.27956584 6.84208202 2.32075548
v -0.28179142 6.82462263 2.34904146
v -0.21752349 5.91299391 1.76799142
v -0.22054316 5.88156176 1.77273917
v -0.21820788 5.89988184 1.74305820
v -0.22048181 5.87759352 1.73008955
v -0.22270736 5.86013412 1.75837576
v -0.17368321 6.78467321 2.30947018
v -0.17462836 6.79448938 2.33984137
v -0.17229307 6.81280947 2.31016016
v -0.17236032 6.83439684 2.32444668
v -0.17458583 6.81693745 2.35273314
v -0.21967304 5.92386818 1.80107164
v -0.17810157 6.75043774 2.31452847
v -0.20369178 6.33717108 2.05816031
v -0.17955855 6.77078199 2.32744455
v -0.22317995 5.90345478 1.78866887
v -0.32675093 5.93154430 1.79738438
v -0.28517944 6.75811338 2.31084156
v -0.30124319 6.34416389 2.05480146
v -0.28172621 6.77810574 2.32392669
v -0.32534760 5.91077852 1.78515077
v -0.21709378 5.94410229 1.76828957
v -0.17552228 6.77067184 2.28174686
v -0.20592402 6.26074409 1.96388268
v -0.17692560 6.79143763 2.29398036
v -0.22054702 5.92410994 1.75520456
v -0.32417163 5.95177841 1.76460266
v -0.28260016 6.77834749 2.27805948
v -0.30347544 6.26773691 1.96052372
v -0.27909324 6.79876137 2.29046226
v -0.32271466 5.93143368 1.75168645
v -0.27384892 6.85317039 2.32599950
v -0.17678452 6.84621239 2.32934189
v -0.17950751 6.83686972 2.32231998
v -0.27201065 6.84350061 2.31913424
v -0.22510298 6.85460997 2.33170271
v -0.27630699 6.83388710 2.35724115
v -0.17924258 6.82692909 2.36058354
v -0.18208370 6.81665945 2.35506248
v -0.27458683 6.82329082 2.35187745
v -0.22744998 6.83619785 2.36153221
v -0.32303062 5.87528658 1.71854770
v -0.22596620 5.86832905 1.72189009
v -0.22768638 5.87892532 1.72725379
v -0.32018951 5.88555622 1.72406852
v -0.27482328 5.86601782 1.71759868
v -0.32548869 5.85600328 1.74978912
v -0.22842428 5.84904528 1.75313139
v -0.23026259 5.85871506 1.75999665
v -0.32276568 5.86534643 1.75681138
v -0.27717024 5.84760618 1.74742842
v -0.32836971 5.93214321 1.79549956
v -0.32603183 5.95048428 1.76578474
v -0.28675091 6.75965357 2.30954123
v -0.28441295 6.77799416 2.27982640
v -0.32952425 5.87478447 1.76102042
v -0.30703112 6.34519672 2.05360770
v -0.32799423 5.88922739 1.77112198
v -0.32707107 5.89402914 1.72984123
v -0.30913246 6.27325010 1.96485710
v -0.32542008 5.90942097 1.73840547
v -0.32752612 5.86848068 1.73140407
v -0.32489359 5.88668442 1.72476792
v -0.32344189 5.86959696 1.71703076
v -0.32742745 5.86680651 1.75697255
v -0.32566991 5.85211802 1.74534905
v -0.28219396 6.81585646 2.34560585
v -0.28217047 6.80034447 2.33709931
v -0.27974075 6.83510113 2.31442642
v -0.27959633 6.82053804 2.30438280
v -0.27841353 6.84499025 2.33800268
v -0.27681080 6.84271908 2.31864738
v -0.27377817 6.85706425 2.33043575
v -0.27934465 6.82284117 2.35085201
v -0.27600628 6.83958483 2.35875416
v -0.21786025 5.92422199 1.79930472
v -0.21552229 5.94256210 1.76959014
v -0.17624141 6.75173187 2.31334639
v -0.17390350 6.77007246 2.28363156
v -0.22253244 5.86711454 1.76470470
v -0.19774783 6.33736277 2.05737066
v -0.22267686 5.88167763 1.77474833
v -0.22007924 5.88635969 1.73352528
v -0.19984920 6.26541615 1.96862030
v -0.22010274 5.90187168 1.74203193
v -0.22337675 5.86101437 1.73499036
v -0.22292858 5.87937498 1.72827899
v -0.22626695 5.86263132 1.72037673
v -0.22546242 5.85949707 1.76048362
v -0.22849503 5.84515190 1.74869525
v -0.17520213 6.80818701 2.34928989
v -0.17685314 6.79279470 2.34072566
v -0.17274894 6.82743168 2.31811070
v -0.17427896 6.81298876 2.30800915
v -0.17426413 6.83752441 2.34158921
v -0.17484577 6.83540964 2.32215881
v -0.17660324 6.85009766 2.33378196
v -0.17737961 6.81553173 2.35436344
v -0.17883132 6.83261919 2.36210036
v -0.18432625 6.77151728 2.32775068
v -0.22799733 5.90320253 1.78836155
v -0.27693465 6.77815580 2.32456183
v -0.32060570 5.90984106 1.78517270
v -0.22904854 6.80611277 2.34532547
v -0.27585393 5.87547684 1.76722312
v -0.18166749 6.79237509 2.29395866
v -0.22533855 5.92406034 1.75456941
v -0.27427593 6.79901314 2.29076958
v -0.31794694 5.93069887 1.75138044
v -0.22641926 6.82673883 2.31190777
v -0.27322468 5.89610338 1.73380589
v -0.15755059 6.31741047 1.83417165
v 0.86965281 6.28274965 1.82291877
v -0.16727386 6.03469276 1.81739736
v 0.85992944 6.00003242 1.80614436
v 0.34676266 6.02262878 1.83524728
v 0.35602903 6.29206085 1.85123301
v 0.24031685 6.02855158 1.79712248
v 0.24958323 6.29798365 1.81310821
v 0.88998020 6.14144802 1.79897213
v 0.89031494 6.13921499 1.83641303
v -0.18787463 6.17781734 1.81078029
v -0.18753983 6.17558432 1.84822106
v 0.35612828 6.30239820 1.82845354
v -0.13079804 6.31448936 1.85590410
v -0.13113117 6.31671095 1.81865036
v -0.18055628 6.31171179 1.81967247
v -0.18023884 6.30959415 1.85517573
v 0.84324610 6.28162241 1.84523344
v 0.84291303 6.28384447 1.80797946
v 0.89189923 6.27552462 1.80792367
v 0.89221674 6.27340698 1.84342670
v 0.34624648 6.01507187 1.81140566
v -0.14047264 6.03318787 1.83921385
v -0.14080575 6.03540993 1.80195987
v -0.18977635 6.04362535 1.80376649
v -0.18945892 6.04150772 1.83926952
v 0.83357155 6.00032139 1.82854307
v 0.83323836 6.00254345 1.79128933
v 0.88267922 6.00743818 1.79201758
v 0.88299668 6.00532055 1.82752085
v 0.35139871 6.15732574 1.84356022
v 0.85803872 6.01236296 1.82996404
v -0.16403559 6.04684973 1.84116089
v 0.86682546 6.26785088 1.84512258
v -0.15524879 6.30233860 1.85631943
v 0.24321745 6.16334486 1.80481410
v 0.85768914 6.01469374 1.79087377
v -0.16438518 6.04918146 1.80207062
v 0.86647588 6.27018261 1.80603242
v -0.15559839 6.30466938 1.81722927
v 0.89890122 6.14025354 1.81392956
v -0.19652647 6.17721605 1.82593012
v -0.12495699 6.31804752 1.83413696
v -0.14759010 6.31603336 1.85496199
v -0.14790212 6.31811428 1.82006812
v -0.17220853 6.31599617 1.82098198
v -0.17191118 6.31401253 1.85423648
v 0.83718330 6.28558302 1.82359672
v 0.86007947 6.28203201 1.84392321
v 0.85976738 6.28411341 1.80902886
v 0.88388991 6.28036118 1.80941236
v 0.88418734 6.27837753 1.84266663
v -0.13480055 6.03183317 1.81715524
v -0.15732701 6.03291893 1.83816445
v -0.15763904 6.03500032 1.80327022
v -0.18174693 6.03865480 1.80452657
v -0.18144961 6.03667116 1.83778095
v 0.82733977 5.99936867 1.80661500
v 0.85034245 5.99891806 1.82712531
v 0.85003042 6.00099897 1.79223108
v 0.87435156 6.00301981 1.79295695
v 0.87464887 6.00103664 1.82621121
v -0.10954552 6.03425407 1.83964610
v 0.80280340 6.00346899 1.82965136
v 0.34705830 6.03114700 1.83599639
v 0.82551944 6.00903749 1.83018279
v -0.13181747 6.04134035 1.84067059
v -0.10001846 6.31126499 1.85608196
v 0.81233054 6.28047991 1.84608710
v 0.35573778 6.28351307 1.85096979
v 0.83460969 6.27334595 1.84586477
v -0.12272727 6.30564880 1.85635257
v -0.10989015 6.03655243 1.80110621
v 0.80245882 6.00576735 1.79111147
v 0.23929594 6.03714323 1.79740024
v 0.82516760 6.01138353 1.79084074
v -0.13216932 6.04368639 1.80132842
v -0.10036308 6.31356335 1.81754196
v 0.81198585 6.28277826 1.80754733
v 0.24797539 6.28950930 1.81237376
v 0.83425784 6.27569199 1.80652273
v -0.12307911 6.30799484 1.81701064
v 0.89505714 6.26695442 1.80676925
v 0.88642102 6.01584816 1.79187071
v 0.87561178 6.02217197 1.79145873
v 0.88384199 6.26147795 1.80565703
v 0.89665633 6.14115238 1.80008507
v 0.89538556 6.26476383 1.84349811
v 0.88674951 6.01365757 1.82859921
v 0.87595606 6.01987600 1.82995260
v 0.88418633 6.25918245 1.84415102
v 0.89697003 6.13906050 1.83515429
v -0.18430915 6.30337477 1.81859410
v -0.19294523 6.05226851 1.80369520
v -0.18174599 6.05784988 1.80304217
v -0.17351572 6.29715633 1.81724083
v -0.19452964 6.17797136 1.81203914
v -0.18398066 6.30118418 1.85532260
v -0.19261675 6.05007792 1.84042406
v -0.18140170 6.05555439 1.84153628
v -0.17317145 6.29486036 1.85573435
v -0.19421595 6.17587996 1.84710824
v -0.10040116 6.31582880 1.85454798
v -0.10071360 6.31791210 1.81961405
v 0.81298631 6.28500891 1.84454179
v 0.81267387 6.28709221 1.80960763
v -0.16322359 6.31334209 1.85582542
v 0.35624918 6.29875803 1.85070407
v -0.14675802 6.31056404 1.85641956
v -0.16355139 6.31552792 1.81916952
v 0.25480443 6.30440235 1.81437075
v -0.14710198 6.31285810 1.81795645
v -0.18310383 6.31163311 1.83388579
v -0.17203800 6.30934048 1.81827188
v -0.18957782 6.30359364 1.82037854
v -0.17169943 6.30708265 1.85613263
v -0.18928014 6.30160809 1.85367084
v 0.87551117 6.27829266 1.84444594
v 0.85891271 6.27663040 1.84540224
v 0.87518340 6.28047848 1.80779028
v 0.85856873 6.27892447 1.80693901
v 0.89474612 6.27526426 1.82207751
v 0.88321197 6.27373409 1.80671120
v 0.90036649 6.26681614 1.80843806
v 0.88355047 6.27147579 1.84457231
v 0.90066415 6.26483059 1.84173036
v -0.11023355 6.02994013 1.83758557
v -0.11054598 6.03202343 1.80265164
v 0.80315399 5.99912024 1.82757926
v 0.80284154 6.00120354 1.79264522
v -0.17274304 6.03655386 1.83940303
v 0.34652594 6.01604128 1.83393025
v -0.15612839 6.03810787 1.84025407
v -0.17307083 6.03873968 1.80274725
v 0.24508117 6.02168608 1.79759645
v -0.15647236 6.04040194 1.80179107
v -0.19237031 6.04219866 1.81789947
v -0.18111013 6.04555655 1.80262089
v -0.19822378 6.05220175 1.80546308
v -0.18077159 6.04329824 1.84048200
v -0.19792612 6.05021620 1.83875513
v 0.86599177 6.00150394 1.82802367
v 0.84954232 6.00417423 1.82923687
v 0.86566395 6.00369024 1.79136777
v 0.84919834 6.00646830 1.79077375
v 0.88547969 6.00582933 1.80609143
v 0.87413979 6.00994968 1.79106069
v 0.89172047 6.01542425 1.79352248
v 0.87447834 6.00769186 1.82892144
v 0.89201820 6.01343870 1.82681489
v 0.82649136 6.02137232 1.83110332
v -0.13193534 6.05371189 1.84160280
v 0.83473098 6.26095104 1.84531796
v -0.12369572 6.29329062 1.85581756
v 0.86500353 6.14001417 1.83761346
v -0.16221185 6.17467499 1.84886658
v 0.82613605 6.02374172 1.79137564
v -0.13229062 6.05608130 1.80187547
v 0.83437574 6.26332045 1.80559039
v -0.12405098 6.29566002 1.81608999
v 0.86465222 6.14235735 1.79832673
v -0.16256319 6.17701817 1.80957985
f 1 47 44
f 1 44 43
f 1 43 45
f 1 45 46
f 1 46 47
f 2 49 52
f 6 72 70
f 12 102 99
f 11 96 95
f 8 79 81
f 4 62 59
f 4 59 58
f 4 58 60
f 4 60 61
f 4 61 62
f 5 66 65
f 3 54 57
f 7 73 77
f 9 85 86
f 10 92 88
f 12 101 98
f 6 69 68
f 2 50 48
f 8 82 78
f 11 97 93
f 6 71 69
f 12 100 101
f 11 94 97
f 8 80 82
f 2 51 50
f 10 90 89
f 5 63 64
f 3 55 53
f 7 76 74
f 9 87 84
f 10 91 90
f 5 67 63
f 3 56 55
f 7 75 76
f 9 83 87
f 6 68 72
f 2 48 49
f 8 78 79
f 11 93 96
f 12 98 102
f 10 88 91
f 5 65 67
f 3 57 56
f 7 77 75
f 9 86 83
f 5 64 66
f 3 53 54
f 7 74 73
f 9 84 85
f 10 89 92
f 6 70 71
f 12 99 100
f 11 95 94
f 8 81 80
f 2 52 51
f 35 109 116
f 18 105 108
f 19 111 106
f 40 114 112
f 42 117 115
f 34 125 119
f 33 152 156
f 25 137 139
f 36 158 160
f 20 123 120
f 32 143 149
f 23 127 132
f 24 135 128
f 37 147 145
f 41 150 148
f 34 153 155
f 33 140 133
f 25 138 134
f 36 159 157
f 20 122 124
f 17 107 47
f 14 103 44
f 13 104 43
f 15 110 45
f 16 113 46
f 18 118 49
f 35 154 72
f 42 141 102
f 40 162 96
f 19 121 79
f 30 142 62
f 27 129 59
f 22 130 58
f 28 144 60
f 29 146 61
f 32 151 66
f 23 131 54
f 24 136 73
f 37 161 85
f 41 126 92
f 35 116 101
f 18 108 69
f 19 106 50
f 40 112 82
f 42 115 97
f 34 119 71
f 33 156 100
f 25 139 94
f 36 160 80
f 20 120 51
f 32 149 90
f 23 132 63
f 24 128 55
f 37 145 76
f 41 148 87
f 34 155 91
f 33 133 67
f 25 134 56
f 36 157 75
f 20 124 83
f 14 109 68
f 13 105 48
f 15 111 78
f 16 114 93
f 17 117 98
f 21 125 88
f 31 152 65
f 26 137 57
f 38 158 77
f 39 123 86
f 27 143 64
f 22 127 53
f 28 135 74
f 29 147 84
f 30 150 89
f 31 153 70
f 26 140 99
f 38 138 95
f 39 159 81
f 21 122 52
f 14 107 109
f 13 103 105
f 15 104 111
f 16 110 114
f 17 113 117
f 21 118 125
f 31 154 152
f 26 141 137
f 38 162 158
f 39 121 123
f 27 142 143
f 22 129 127
f 28 130 135
f 29 144 147
f 30 146 150
f 31 151 153
f 26 131 140
f 38 136 138
f 39 161 159
f 21 126 122
f 14 44 107
f 13 43 103
f 15 45 104
f 16 46 110
f 17 47 113
f 21 52 118
f 31 70 154
f 26 99 141
f 38 95 162
f 39 81 121
f 27 59 142
f 22 58 129
f 28 60 130
f 29 61 144
f 30 62 146
f 31 65 151
f 26 57 131
f 38 77 136
f 39 86 161
f 21 88 126
f 17 98 116
f 14 68 108
f 13 48 106
f 15 78 112
f 16 93 115
f 18 69 119
f 35 101 156
f 42 97 139
f 40 82 160
f 19 50 120
f 30 89 149
f 27 64 132
f 22 53 128
f 28 74 145
f 29 84 148
f 32 90 155
f 23 63 133
f 24 55 134
f 37 76 157
f 41 87 124
f 35 72 109
f 18 49 105
f 19 79 111
f 40 96 114
f 42 102 117
f 34 91 125
f 33 67 152
f 25 56 137
f 36 75 158
f 20 83 123
f 32 66 143
f 23 54 127
f 24 73 135
f 37 85 147
f 41 92 150
f 34 71 153
f 33 100 140
f 25 94 138
f 36 80 159
f 20 51 122
f 17 116 107
f 14 108 103
f 13 106 104
f 15 112 110
f 16 115 113
f 18 119 118
f 35 156 154
f 42 139 141
f 40 160 162
f 19 120 121
f 30 149 142
f 27 132 129
f 22 128 130
f 28 145 144
f 29 148 146
f 32 155 151
f 23 133 131
f 24 134 136
f 37 157 161
f 41 124 126
f 107 44 47
f 103 43 44
f 104 45 43
f 110 46 45
f 113 47 46
f 118 52 49
f 154 70 72
f 141 99 102
f 162 95 96
f 121 81 79
f 142 59 62
f 129 58 59
f 130 60 58
f 144 61 60
f 146 62 61
f 151 65 66
f 131 57 54
f 136 77 73
f 161 86 85
f 126 88 92
f 116 98 101
f 108 68 69
f 106 48 50
f 112 78 82
f 115 93 97
f 119 69 71
f 156 101 100
f 139 97 94
f 160 82 80
f 120 50 51
f 149 89 90
f 132 64 63
f 128 53 55
f 145 74 76
f 148 84 87
f 155 90 91
f 133 63 67
f 134 55 56
f 157 76 75
f 124 87 83
f 109 72 68
f 105 49 48
f 111 79 78
f 114 96 93
f 117 102 98
f 125 91 88
f 152 67 65
f 137 56 57
f 158 75 77
f 123 83 86
f 143 66 64
f 127 54 53
f 135 73 74
f 147 85 84
f 150 92 89
f 153 71 70
f 140 100 99
f 138 94 95
f 159 80 81
f 122 51 52
f 107 116 109
f 103 108 105
f 104 106 111
f 110 112 114
f 113 115 117
f 118 119 125
f 154 156 152
f 141 139 137
f 162 160 158
f 121 120 123
f 142 149 143
f 129 132 127
f 130 128 135
f 144 145 147
f 146 148 150
f 151 155 153
f 131 133 140
f 136 134 138
f 161 157 159
f 126 124 122
f 163 209 206
f 163 206 205
f 163 205 207
f 163 207 208
f 163 208 209
f 164 211 214
f 168 234 232
f 174 264 261
f 173 258 257
f 170 241 243
f 166 224 221
f 166 221 220
f 166 220 222
f 166 222 223
f 166 223 224
f 167 228 227
f 165 216 219
f 169 235 239
f 171 247 248
f 172 254 250
f 174 263 260
f 168 231 230
f 164 212 210
f 170 244 240
f 173 259 255
f 168 233 231
f 174 262 263
f 173 256 259
f 170 242 244
f 164 213 212
f 172 252 251
f 167 225 226
f 165 217 215
f 169 238 236
f 171 249 246
f 172 253 252
f 167 229 225
f 165 218 217
f 169 237 238
f 171 245 249
f 168 230 234
f 164 210 211
f 170 240 241
f 173 255 258
f 174 260 264
f 172 250 253
f 167 227 229
f 165 219 218
f 169 239 237
f 171 248 245
f 167 226 228
f 165 215 216
f 169 236 235
f 171 246 247
f 172 251 254
f 168 232 233
f 174 261 262
f 173 257 256
f 170 243 242
f 164 214 213
f 197 271 278
f 180 267 270
f 181 273 268
f 202 276 274
f 204 279 277
f 196 287 281
f 195 314 318
f 187 299 301
f 198 320 322
f 182 285 282
f 194 305 311
f 185 289 294
f 186 297 290
f 199 309 307
f 203 312 310
f 196 315 317
f 195 302 295
f 187 300 296
f 198 321 319
f 182 284 286
f 179 269 209
f 176 265 206
f 175 266 205
f 177 272 207
f 178 275 208
f 180 280 211
f 197 316 234
f 204 303 264
f 202 324 258
f 181 283 241
f 192 304 224
f 189 291 221
f 184 292 220
f 190 306 222
f 191 308 223
f 194 313 228
f 185 293 216
f 186 298 235
f 199 323 247
f 203 288 254
f 197 278 263
f 180 270 231
f 181 268 212
f 202 274 244
f 204 277 259
f 196 281 233
f 195 318 262
f 187 301 256
f 198 322 242
f 182 282 213
f 194 311 252
f 185 294 225
f 186 290 217
f 199 307 238
f 203 310 249
f 196 317 253
f 195 295 229
f 187 296 218
f 198 319 237
f 182 286 245
f 176 271 230
f 175 267 210
f 177 273 240
f 178 276 255
f 179 279 260
f 183 287 250
f 193 314 227
f 188 299 219
f 200 320 239
f 201 285 248
f 189 305 226
f 184 289 215
f 190 297 236
f 191 309 246
f 192 312 251
f 193 315 232
f 188 302 261
f 200 300 257
f 201 321 243
f 183 284 214
f 176 269 271
f 175 265 267
f 177 266 273
f 178 272 276
f 179 275 279
f 183 280 287
f 193 316 314
f 188 303 299
f 200 324 320
f 201 283 285
f 189 304 305
f 184 291 289
f 190 292 297
f 191 306 309
f 192 308 312
f 193 313 315
f 188 293 302
f 200 298 300
f 201 323 321
f 183 288 284
f 176 206 269
f 175 205 265
f 177 207 266
f 178 208 272
f 179 209 275
f 183 214 280
f 193 232 316
f 188 261 303
f 200 257 324
f 201 243 283
f 189 221 304
f 184 220 291
f 190 222 292
f 191 223 306
f 192 224 308
f 193 227 313
f 188 219 293
f 200 239 298
f 201 248 323
f 183 250 288
f 179 260 278
f 176 230 270
f 175 210 268
f 177 240 274
f 178 255 277
f 180 231 281
f 197 263 318
f 204 259 301
f 202 244 322
f 181 212 282
f 192 251 311
f 189 226 294
f 184 215 290
f 190 236 307
f 191 246 310
f 194 252 317
f 185 225 295
f 186 217 296
f 199 238 319
f 203 249 286
f 197 234 271
f 180 211 267
f 181 241 273
f 202 258 276
f 204 264 279
f 196 253 287
f 195 229 314
f 187 218 299
f 198 237 320
f 182 245 285
f 194 228 305
f 185 216 289
f 186 235 297
f 199 247 309
f 203 254 312
f 196 233 315
f 195 262 302
f 187 256 300
f 198 242 321
f 182 213 284
f 179 278 269
f 176 270 265
f 175 268 266
f 177 274 272
f 178 277 275
f 180 281 280
f 197 318 316
f 204 301 303
f 202 322 324
f 181 282 283
f 192 311 304
f 189 294 291
f 184 290 292
f 190 307 306
f 191 310 308
f 194 317 313
f 185 295 293
f 186 296 298
f 199 319 323
f 203 286 288
f 269 206 209
f 265 205 206
f 266 207 205
f 272 208 207
f 275 209 208
f 280 214 211
f 316 232 234
f 303 261 264
f 324 257 258
f 283 243 241
f 304 221 224
f 291 220 221
f 292 222 220
f 306 223 222
f 308 224 223
f 313 227 228
f 293 219 216
f 298 239 235
f 323 248 247
f 288 250 254
f 278 260 263
f 270 230 231
f 268 210 212
f 274 240 244
f 277 255 259
f 281 231 233
f 318 263 262
f 301 259 256
f 322 244 242
f 282 212 213
f 311 251 252
f 294 226 225
f 290 215 217
f 307 236 238
f 310 246 249
f 317 252 253
f 295 225 229
f 296 217 218
f 319 238 237
f 286 249 245
f 271 234 230
f 267 211 210
f 273 241 240
f 276 258 255
f 279 264 260
f 287 253 250
f 314 229 227
f 299 218 219
f 320 237 239
f 285 245 248
f 305 228 226
f 289 216 215
f 297 235 236
f 309 247 246
f 312 254 251
f 315 233 232
f 302 262 261
f 300 256 257
f 321 242 243
f 284 213 214
f 269 278 271
f 265 270 267
f 266 268 273
f 272 274 276
f 275 277 279
f 280 281 287
f 316 318 314
f 303 301 299
f 324 322 320
f 283 282 285
f 304 311 305
f 291 294 289
f 292 290 297
f 306 307 309
f 308 310 312
f 313 317 315
f 293 295 302
f 298 296 300
f 323 319 321
f 288 286 284
f 325 371 368
f 325 368 367
f 325 367 369
f 325 369 370
f 325 370 371
f 326 373 376
f 330 396 394
f 336 426 423
f 335 420 419
f 332 403 405
f 328 386 383
f 328 383 382
f 328 382 384
f 328 384 385
f 328 385 386
f 329 390 389
f 327 378 381
f 331 397 401
f 333 409 410
f 334 416 412
f 336 425 422
f 330 393 392
f 326 374 372
f 332 406 402
f 335 421 417
f 330 395 393
f 336 424 425
f 335 418 421
f 332 404 406
f 326 375 374
f 334 414 413
f 329 387 388
f 327 379 377
f 331 400 398
f 333 411 408
f 334 415 414
f 329 391 387
f 327 380 379
f 331 399 400
f 333 407 411
f 330 392 396
f 326 372 373
f 332 402 403
f 335 417 420
f 336 422 426
f 334 412 415
f 329 389 391
f 327 381 380
f 331 401 399
f 333 410 407
f 329 388 390
f 327 377 378
f 331 398 397
f 333 408 409
f 334 413 416
f 330 394 395
f 336 423 424
f 335 419 418
f 332 405 404
f 326 376 375
f 359 433 440
f 342 429 432
f 343 435 430
f 364 438 436
f 366 441 439
f 358 449 443
f 357 476 480
f 349 461 463
f 360 482 484
f 344 447 444
f 356 467 473
f 347 451 456
f 348 459 452
f 361 471 469
f 365 474 472
f 358 477 479
f 357 464 457
f 349 462 458
f 360 483 481
f 344 446 448
f 341 431 371
f 338 427 368
f 337 428 367
f 339 434 369
f 340 437 370
f 342 442 373
f 359 478 396
f 366 465 426
f 364 486 420
f 343 445 403
f 354 466 386
f 351 453 383
f 346 454 382
f 352 468 384
f 353 470 385
f 356 475 390
f 347 455 378
f 348 460 397
f 361 485 409
f 365 450 416
f 359 440 425
f 342 432 393
f 343 430 374
f 364 436 406
f 366 439 421
f 358 443 395
f 357 480 424
f 349 463 418
f 360 484 404
f 344 444 375
f 356 473 414
f 347 456 387
f 348 452 379
f 361 469 400
f 365 472 411
f 358 479 415
f 357 457 391
f 349 458 380
f 360 481 399
f 344 448 407
f 338 433 392
f 337 429 372
f 339 435 402
f 340 438 417
f 341 441 422
f 345 449 412
f 355 476 389
f 350 461 381
f 362 482 401
f 363 447 410
f 351 467 388
f 346 451 377
f 352 459 398
f 353 471 408
f 354 474 413
f 355 477 394
f 350 464 423
f 362 462 419
f 363 483 405
f 345 446 376
f 338 431 433
f 337 427 429
f 339 428 435
f 340 434 438
f 341 437 441
f 345 442 449
f 355 478 476
f 350 465 461
f 362 486 482
f 363 445 447
f 351 466 467
f 346 453 451
f 352 454 459
f 353 468 471
f 354 470 474
f 355 475 477
f 350 455 464
f 362 460 462
f 363 485 483
f 345 450 446
f 338 368 431
f 337 367 427
f 339 369 428
f 340 370 434
f 341 371 437
f 345 376 442
f 355 394 478
f 350 423 465
f 362 419 486
f 363 405 445
f 351 383 466
f 346 382 453
f 352 384 454
f 353 385 468
f 354 386 470
f 355 389 475
f 350 381 455
f 362 401 460
f 363 410 485
f 345 412 450
f 341 422 440
f 338 392 432
f 337 372 430
f 339 402 436
f 340 417 439
f 342 393 443
f 359 425 480
f 366 421 463
f 364 406 484
f 343 374 444
f 354 413 473
f 351 388 456
f 346 377 452
f 352 398 469
f 353 408 472
f 356 414 479
f 347 387 457
f 348 379 458
f 361 400 481
f 365 411 448
f 359 396 433
f 342 373 429
f 343 403 435
f 364 420 438
f 366 426 441
f 358 415 449
f 357 391 476
f 349 380 461
f 360 399 482
f 344 407 447
f 356 390 467
f 347 378 451
f 348 397 459
f 361 409 471
f 365 416 474
f 358 395 477
f 357 424 464
f 349 418 462
f 360 404 483
f 344 375 446
f 341 440 431
f 338 432 427
f 337 430 428
f 339 436 434
f 340 439 437
f 342 443 442
f 359 480 478
f 366 463 465
f 364 484 486
f 343 444 445
f 354 473 466
f 351 456 453
f 346 452 454
f 352 469 468
f 353 472 470
f 356 479 475
f 347 457 455
f 348 458 460
f 361 481 485
f 365 448 450
f 431 368 371
f 427 367 368
f 428 369 367
f 434 370 369
f 437 371 370
f 442 376 373
f 478 394 396
f 465 423 426
f 486 419 420
f 445 405 403
f 466 383 386
f 453 382 383
f 454 384 382
f 468 385 384
f 470 386 385
f 475 389 390
f 455 381 378
f 460 401 397
f 485 410 409
f 450 412 416
f 440 422 425
f 432 392 393
f 430 372 374
f 436 402 406
f 439 417 421
f 443 393 395
f 480 425 424
f 463 421 418
f 484 406 404
f 444 374 375
f 473 413 414
f 456 388 387
f 452 377 379
f 469 398 400
f 472 408 411
f 479 414 415
f 457 387 391
f 458 379 380
f 481 400 399
f 448 411 407
f 433 396 392
f 429 373 372
f 435 403 402
f 438 420 417
f 441 426 422
f 449 415 412
f 476 391 389
f 461 380 381
f 482 399 401
f 447 407 410
f 467 390 388
f 451 378 377
f 459 397 398
f 471 409 408
f 474 416 413
f 477 395 394
f 464 424 423
f 462 418 419
f 483 404 405
f 446 375 376
f 431 440 433
f 427 432 429
f 428 430 435
f 434 436 438
f 437 439 441
f 442 443 449
f 478 480 476
f 465 463 461
f 486 484 482
f 445 444 447
f 466 473 467
f 453 456 451
f 454 452 459
f 468 469 471
f 470 472 474
f 475 479 477
f 455 457 464
f 460 458 462
f 485 481 483
f 450 448 446
f 487 533 530
f 487 530 529
f 487 529 531
f 487 531 532
f 487 532 533
f 488 535 538
f 492 558 556
f 498 588 585
f 497 582 581
f 494 565 567
f 490 548 545
f 490 545 544
f 490 544 546
f 490 546 547
f 490 547 548
f 491 552 551
f 489 540 543
f 493 559 563
f 495 571 572
f 496 578 574
f 498 587 584
f 492 555 554
f 488 536 534
f 494 568 564
f 497 583 579
f 492 557 555
f 498 586 587
f 497 580 583
f 494 566 568
f 488 537 536
f 496 576 575
f 491 549 550
f 489 541 539
f 493 562 560
f 495 573 570
f 496 577 576
f 491 553 549
f 489 542 541
f 493 561 562
f 495 569 573
f 492 554 558
f 488 534 535
f 494 564 565
f 497 579 582
f 498 584 588
f 496 574 577
f 491 551 553
f 489 543 542
f 493 563 561
f 495 572 569
f 491 550 552
f 489 539 540
f 493 560 559
f 495 570 571
f 496 575 578
f 492 556 557
f 498 585 586
f 497 581 580
f 494 567 566
f 488 538 537
f 521 595 602
f 504 591 594
f 505 597 592
f 526 600 598
f 528 603 601
f 520 611 605
f 519 638 642
f 511 623 625
f 522 644 646
f 506 609 606
f 518 629 635
f 509 613 618
f 510 621 614
f 523 633 631
f 527 636 634
f 520 639 641
f 519 626 619
f 511 624 620
f 522 645 643
f 506 608 610
f 503 593 533
f 500 589 530
f 499 590 529
f 501 596 531
f 502 599 532
f 504 604 535
f 521 640 558
f 528 627 588
f 526 648 582
f 505 607 565
f 516 628 548
f 513 615 545
f 508 616 544
f 514 630 546
f 515 632 547
f 518 637 552
f 509 617 540
f 510 622 559
f 523 647 571
f 527 612 578
f 521 602 587
f 504 594 555
f 505 592 536
f 526 598 568
f 528 601 583
f 520 605 557
f 519 642 586
f 511 625 580
f 522 646 566
f 506 606 537
f 518 635 576
f 509 618 549
f 510 614 541
f 523 631 562
f 527 634 573
f 520 641 577
f 519 619 553
f 511 620 542
f 522 643 561
f 506 610 569
f 500 595 554
f 499 591 534
f 501 597 564
f 502 600 579
f 503 603 584
f 507 611 574
f 517 638 551
f 512 623 543
f 524 644 563
f 525 609 572
f 513 629 550
f 508 613 539
f 514 621 560
f 515 633 570
f 516 636 575
f 517 639 556
f 512 626 585
f 524 624 581
f 525 645 567
f 507 608 538
f 500 593 595
f 499 589 591
f 501 590 597
f 502 596 600
f 503 599 603
f 507 604 611
f 517 640 638
f 512 627 623
f 524 648 644
f 525 607 609
f 513 628 629
f 508 615 613
f 514 616 621
f 515 630 633
f 516 632 636
f 517 637 639
f 512 617 626
f 524 622 624
f 525 647 645
f 507 612 608
f 500 530 593
f 499 529 589
f 501 531 590
f 502 532 596
f 503 533 599
f 507 538 604
f 517 556 640
f 512 585 627
f 524 581 648
f 525 567 607
f 513 545 628
f 508 544 615
f 514 546 616
f 515 547 630
f 516 548 632
f 517 551 637
f 512 543 617
f 524 563 622
f 525 572 647
f 507 574 612
f 503 584 602
f 500 554 594
f 499 534 592
f 501 564 598
f 502 579 601
f 504 555 605
f 521 587 642
f 528 583 625
f 526 568 646
f 505 536 606
f 516 575 635
f 513 550 618
f 508 539 614
f 514 560 631
f 515 570 634
f 518 576 641
f 509 549 619
f 510 541 620
f 523 562 643
f 527 573 610
f 521 558 595
f 504 535 591
f 505 565 597
f 526 582 600
f 528 588 603
f 520 577 611
f 519 553 638
f 511 542 623
f 522 561 644
f 506 569 609
f 518 552 629
f 509 540 613
f 510 559 621
f 523 571 633
f 527 578 636
f 520 557 639
f 519 586 626
f 511 580 624
f 522 566 645
f 506 537 608
f 503 602 593
f 500 594 589
f 499 592 590
f 501 598 596
f 502 601 599
f 504 605 604
f 521 642 640
f 528 625 627
f 526 646 648
f 505 606 607
f 516 635 628
f 513 618 615
f 508 614 616
f 514 631 630
f 515 634 632
f 518 641 637
f 509 619 617
f 510 620 622
f 523 643 647
f 527 610 612
f 593 530 533
f 589 529 530
f 590 531 529
f 596 532 531
f 599 533 532
f 604 538 535
f 640 556 558
f 627 585 588
f 648 581 582
f 607 567 565
f 628 545 548
f 615 544 545
f 616 546 544
f 630 547 546
f 632 548 547
f 637 551 552
f 617 543 540
f 622 563 559
f 647 572 571
f 612 574 578
f 602 584 587
f 594 554 555
f 592 534 536
f 598 564 568
f 601 579 583
f 605 555 557
f 642 587 586
f 625 583 580
f 646 568 566
f 606 536 537
f 635 575 576
f 618 550 549
f 614 539 541
f 631 560 562
f 634 570 573
f 641 576 577
f 619 549 553
f 620 541 542
f 643 562 561
f 610 573 569
f 595 558 554
f 591 535 534
f 597 565 564
f 600 582 579
f 603 588 584
f 611 577 574
f 638 553 551
f 623 542 543
f 644 561 563
f 609 569 572
f 629 552 550
f 613 540 539
f 621 559 560
f 633 571 570
f 636 578 575
f 639 557 556
f 626 586 585
f 624 580 581
f 645 566 567
f 608 537 538
f 593 602 595
f 589 594 591
f 590 592 597
f 596 598 600
f 599 601 603
f 604 605 611
f 640 642 638
f 627 625 623
f 648 646 644
f 607 606 609
f 628 635 629
f 615 618 613
f 616 614 621
f 630 631 633
f 632 634 636
f 637 641 639
f 617 619 626
f 622 620 624
f 647 643 645
f 612 610 608
f 649 695 692
f 649 692 691
f 649 691 693
f 649 693 694
f 649 694 695
f 650 697 700
f 654 720 718
f 660 750 747
f 659 744 743
f 656 727 729
f 652 710 707
f 652 707 706
f 652 706 708
f 652 708 709
f 652 709 710
f 653 714 713
f 651 702 705
f 655 721 725
f 657 733 734
f 658 740 736
f 660 749 746
f 654 717 716
f 650 698 696
f 656 730 726
f 659 745 741
f 654 719 717
f 660 748 749
f 659 742 745
f 656 728 730
f 650 699 698
f 658 738 737
f 653 711 712
f 651 703 701
f 655 724 722
f 657 735 732
f 658 739 738
f 653 715 711
f 651 704 703
f 655 723 724
f 657 731 735
f 654 716 720
f 650 696 697
f 656 726 727
f 659 741 744
f 660 746 750
f 658 736 739
f 653 713 715
f 651 705 704
f 655 725 723
f 657 734 731
f 653 712 714
f 651 701 702
f 655 722 721
f 657 732 733
f 658 737 740
f 654 718 719
f 660 747 748
f 659 743 742
f 656 729 728
f 650 700 699
f 683 757 764
f 666 753 756
f 667 759 754
f 688 762 760
f 690 765 763
f 682 773 767
f 681 800 804
f 673 785 787
f 684 806 808
f 668 771 768
f 680 791 797
f 671 775 780
f 672 783 776
f 685 795 793
f 689 798 796
f 682 801 803
f 681 788 781
f 673 786 782
f 684 807 805
f 668 770 772
f 665 755 695
f 662 751 692
f 661 752 691
f 663 758 693
f 664 761 694
f 666 766 697
f 683 802 720
f 690 789 750
f 688 810 744
f 667 769 727
f 678 790 710
f 675 777 707
f 670 778 706
f 676 792 708
f 677 794 709
f 680 799 714
f 671 779 702
f 672 784 721
f 685 809 733
f 689 774 740
f 683 764 749
f 666 756 717
f 667 754 698
f 688 760 730
f 690 763 745
f 682 767 719
f 681 804 748
f 673 787 742
f 684 808 728
f 668 768 699
f 680 797 738
f 671 780 711
f 672 776 703
f 685 793 724
f 689 796 735
f 682 803 739
f 681 781 715
f 673 782 704
f 684 805 723
f 668 772 731
f 662 757 716
f 661 753 696
f 663 759 726
f 664 762 741
f 665 765 746
f 669 773 736
f 679 800 713
f 674 785 705
f 686 806 725
f 687 771 734
f 675 791 712
f 670 775 701
f 676 783 722
f 677 795 732
f 678 798 737
f 679 801 718
f 674 788 747
f 686 786 743
f 687 807 729
f 669 770 700
f 662 755 757
f 661 751 753
f 663 752 759
f 664 758 762
f 665 761 765
f 669 766 773
f 679 802 800
f 674 789 785
f 686 810 806
f 687 769 771
f 675 790 791
f 670 777 775
f 676 778 783
f 677 792 795
f 678 794 798
f 679 799 801
f 674 779 788
f 686 784 786
f 687 809 807
f 669 774 770
f 662 692 755
f 661 691 751
f 663 693 752
f 664 694 758
f 665 695 761
f 669 700 766
f 679 718 802
f 674 747 789
f 686 743 810
f 687 729 769
f 675 707 790
f 670 706 777
f 676 708 778
f 677 709 792
f 678 710 794
f 679 713 799
f 674 705 779
f 686 725 784
f 687 734 809
f 669 736 774
f 665 746 764
f 662 716 756
f 661 696 754
f 663 726 760
f 664 741 763
f 666 717 767
f 683 749 804
f 690 745 787
f 688 730 808
f 667 698 768
f 678 737 797
f 675 712 780
f 670 701 776
f 676 722 793
f 677 732 796
f 680 738 803
f 671 711 781
f 672 703 782
f 685 724 805
f 689 735 772
f 683 720 757
f 666 697 753
f 667 727 759
f 688 744 762
f 690 750 765
f 682 739 773
f 681 715 800
f 673 704 785
f 684 723 806
f 668 731 771
f 680 714 791
f 671 702 775
f 672 721 783
f 685 733 795
f 689 740 798
f 682 719 801
f 681 748 788
f 673 742 786
f 684 728 807
f 668 699 770
f 665 764 755
f 662 756 751
f 661 754 752
f 663 760 758
f 664 763 761
f 666 767 766
f 683 804 802
f 690 787 789
f 688 808 810
f 667 768 769
f 678 797 790
f 675 780 777
f 670 776 778
f 676 793 792
f 677 796 794
f 680 803 799
f 671 781 779
f 672 782 784
f 685 805 809
f 689 772 774
f 755 692 695
f 751 691 692
f 752 693 691
f 758 694 693
f 761 695 694
f 766 700 697
f 802 718 720
f 789 747 750
f 810 743 744
f 769 729 727
f 790 707 710
f 777 706 707
f 778 708 706
f 792 709 708
f 794 710 709
f 799 713 714
f 779 705 702
f 784 725 721
f 809 734 733
f 774 736 740
f 764 746 749
f 756 716 717
f 754 696 698
f 760 726 730
f 763 741 745
f 767 717 719
f 804 749 748
f 787 745 742
f 808 730 728
f 768 698 699
f 797 737 738
f 780 712 711
f 776 701 703
f 793 722 724
f 796 732 735
f 803 738 739
f 781 711 715
f 782 703 704
f 805 724 723
f 772 735 731
f 757 720 716
f 753 697 696
f 759 727 726
f 762 744 741
f 765 750 746
f 773 739 736
f 800 715 713
f 785 704 705
f 806 723 725
f 771 731 734
f 791 714 712
f 775 702 701
f 783 721 722
f 795 733 732
f 798 740 737
f 801 719 718
f 788 748 747
f 786 742 743
f 807 728 729
f 770 699 700
f 755 764 757
f 751 756 753
f 752 754 759
f 758 760 762
f 761 763 765
f 766 767 773
f 802 804 800
f 789 787 785
f 810 808 806
f 769 768 771
f 790 797 791
f 777 780 775
f 778 776 783
f 792 793 795
f 794 796 798
f 799 803 801
f 779 781 788
f 784 782 786
f 809 805 807
f 774 772 770
f 811 857 854
f 811 854 853
f 811 853 855
f 811 855 856
f 811 856 857
f 812 859 862
f 816 882 880
f 822 912 909
f 821 906 905
f 818 889 891
f 814 872 869
f 814 869 868
f 814 868 870
f 814 870 871
f 814 871 872
f 815 876 875
f 813 864 867
f 817 883 887
f 819 895 896
f 820 902 898
f 822 911 908
f 816 879 878
f 812 860 858
f 818 892 888
f 821 907 903
f 816 881 879
f 822 910 911
f 821 904 907
f 818 890 892
f 812 861 860
f 820 900 899
f 815 873 874
f 813 865 863
f 817 886 884
f 819 897 894
f 820 901 900
f 815 877 873
f 813 866 865
f 817 885 886
f 819 893 897
f 816 878 882
f 812 858 859
f 818 888 889
f 821 903 906
f 822 908 912
f 820 898 901
f 815 875 877
f 813 867 866
f 817 887 885
f 819 896 893
f 815 874 876
f 813 863 864
f 817 884 883
f 819 894 895
f 820 899 902
f 816 880 881
f 822 909 910
f 821 905 904
f 818 891 890
f 812 862 861
f 845 919 926
f 828 915 918
f 829 921 916
f 850 924 922
f 852 927 925
f 844 935 929
f 843 962 966
f 835 947 949
f 846 968 970
f 830 933 930
f 842 953 959
f 833 937 942
f 834 945 938
f 847 957 955
f 851 960 958
f 844 963 965
f 843 950 943
f 835 948 944
f 846 969 967
f 830 932 934
f 827 917 857
f 824 913 854
f 823 914 853
f 825 920 855
f 826 923 856
f 828 928 859
f 845 964 882
f 852 951 912
f 850 972 906
f 829 931 889
f 840 952 872
f 837 939 869
f 832 940 868
f 838 954 870
f 839 956 871
f 842 961 876
f 833 941 864
f 834 946 883
f 847 971 895
f 851 936 902
f 845 926 911
f 828 918 879
f 829 916 860
f 850 922 892
f 852 925 907
f 844 929 881
f 843 966 910
f 835 949 904
f 846 970 890
f 830 930 861
f 842 959 900
f 833 942 873
f 834 938 865
f 847 955 886
f 851 958 897
f 844 965 901
f 843 943 877
f 835 944 866
f 846 967 885
f 830 934 893
f 824 919 878
f 823 915 858
f 825 921 888
f 826 924 903
f 827 927 908
f 831 935 898
f 841 962 875
f 836 947 867
f 848 968 887
f 849 933 896
f 837 953 874
f 832 937 863
f 838 945 884
f 839 957 894
f 840 960 899
f 841 963 880
f 836 950 909
f 848 948 905
f 849 969 891
f 831 932 862
f 824 917 919
f 823 913 915
f 825 914 921
f 826 920 924
f 827 923 927
f 831 928 935
f 841 964 962
f 836 951 947
f 848 972 968
f 849 931 933
f 837 952 953
f 832 939 937
f 838 940 945
f 839 954 957
f 840 956 960
f 841 961 963
f 836 941 950
f 848 946 948
f 849 971 969
f 831 936 932
f 824 854 917
f 823 853 913
f 825 855 914
f 826 856 920
f 827 857 923
f 831 862 928
f 841 880 964
f 836 909 951
f 848 905 972
f 849 891 931
f 837 869 952
f 832 868 939
f 838 870 940
f 839 871 954
f 840 872 956
f 841 875 961
f 836 867 941
f 848 887 946
f 849 896 971
f 831 898 936
f 827 908 926
f 824 878 918
f 823 858 916
f 825 888 922
f 826 903 925
f 828 879 929
f 845 911 966
f 852 907 949
f 850 892 970
f 829 860 930
f 840 899 959
f 837 874 942
f 832 863 938
f 838 884 955
f 839 894 958
f 842 900 965
f 833 873 943
f 834 865 944
f 847 886 967
f 851 897 934
f 845 882 919
f 828 859 915
f 829 889 921
f 850 906 924
f 852 912 927
f 844 901 935
f 843 877 962
f 835 866 947
f 846 885 968
f 830 893 933
f 842 876 953
f 833 864 937
f 834 883 945
f 847 895 957
f 851 902 960
f 844 881 963
f 843 910 950
f 835 904 948
f 846 890 969
f 830 861 932
f 827 926 917
f 824 918 913
f 823 916 914
f 825 922 920
f 826 925 923
f 828 929 928
f 845 966 964
f 852 949 951
f 850 970 972
f 829 930 931
f 840 959 952
f 837 942 939
f 832 938 940
f 838 955 954
f 839 958 956
f 842 965 961
f 833 943 941
f 834 944 946
f 847 967 971
f 851 934 936
f 917 854 857
f 913 853 854
f 914 855 853
f 920 856 855
f 923 857 856
f 928 862 859
f 964 880 882
f 951 909 912
f 972 905 906
f 931 891 889
f 952 869 872
f 939 868 869
f 940 870 868
f 954 871 870
f 956 872 871
f 961 875 876
f 941 867 864
f 946 887 883
f 971 896 895
f 936 898 902
f 926 908 911
f 918 878 879
f 916 858 860
f 922 888 892
f 925 903 907
f 929 879 881
f 966 911 910
f 949 907 904
f 970 892 890
f 930 860 861
f 959 899 900
f 942 874 873
f 938 863 865
f 955 884 886
f 958 894 897
f 965 900 901
f 943 873 877
f 944 865 866
f 967 886 885
f 934 897 893
f 919 882 878
f 915 859 858
f 921 889 888
f 924 906 903
f 927 912 908
f 935 901 898
f 962 877 875
f 947 866 867
f 968 885 887
f 933 893 896
f 953 876 874
f 937 864 863
f 945 883 884
f 957 895 894
f 960 902 899
f 963 881 880
f 950 910 909
f 948 904 905
f 969 890 891
f 932 861 862
f 917 926 919
f 913 918 915
f 914 916 921
f 920 922 924
f 923 925 927
f 928 929 935
f 964 966 962
f 951 949 947
f 972 970 968
f 931 930 933
f 952 959 953
f 939 942 937
f 940 938 945
f 954 955 957
f 956 958 960
f 961 965 963
f 941 943 950
f 946 944 948
f 971 967 969
f 936 934 932
f 973 1019 1016
f 973 1016 1015
f 973 1015 1017
f 973 1017 1018
f 973 1018 1019
f 974 1021 1024
f 978 1044 1042
f 984 1074 1071
f 983 1068 1067
f 980 1051 1053
f 976 1034 1031
f 976 1031 1030
f 976 1030 1032
f 976 1032 1033
f 976 1033 1034
f 977 1038 1037
f 975 1026 1029
f 979 1045 1049
f 981 1057 1058
f 982 1064 1060
f 984 1073 1070
f 978 1041 1040
f 974 1022 1020
f 980 1054 1050
f 983 1069 1065
f 978 1043 1041
f 984 1072 1073
f 983 1066 1069
f 980 1052 1054
f 974 1023 1022
f 982 1062 1061
f 977 1035 1036
f 975 1027 1025
f 979 1048 1046
f 981 1059 1056
f 982 1063 1062
f 977 1039 1035
f 975 1028 1027
f 979 1047 1048
f 981 1055 1059
f 978 1040 1044
f 974 1020 1021
f 980 1050 1051
f 983 1065 1068
f 984 1070 1074
f 982 1060 1063
f 977 1037 1039
f 975 1029 1028
f 979 1049 1047
f 981 1058 1055
f 977 1036 1038
f 975 1025 1026
f 979 1046 1045
f 981 1056 1057
f 982 1061 1064
f 978 1042 1043
f 984 1071 1072
f 983 1067 1066
f 980 1053 1052
f 974 1024 1023
f 1007 1081 1088
f 990 1077 1080
f 991 1083 1078
f 1012 1086 1084
f 1014 1089 1087
f 1006 1097 1091
f 1005 1124 1128
f 997 1109 1111
f 1008 1130 1132
f 992 1095 1092
f 1004 1115 1121
f 995 1099 1104
f 996 1107 1100
f 1009 1119 1117
f 1013 1122 1120
f 1006 1125 1127
f 1005 1112 1105
f 997 1110 1106
f 1008 1131 1129
f 992 1094 1096
f 989 1079 1019
f 986 1075 1016
f 985 1076 1015
f 987 1082 1017
f 988 1085 1018
f 990 1090 1021
f 1007 1126 1044
f 1014 1113 1074
f 1012 1134 1068
f 991 1093 1051
f 1002 1114 1034
f 999 1101 1031
f 994 1102 1030
f 1000 1116 1032
f 1001 1118 1033
f 1004 1123 1038
f 995 1103 1026
f 996 1108 1045
f 1009 1133 1057
f 1013 1098 1064
f 1007 1088 1073
f 990 1080 1041
f 991 1078 1022
f 1012 1084 1054
f 1014 1087 1069
f 1006 1091 1043
f 1005 1128 1072
f 997 1111 1066
f 1008 1132 1052
f 992 1092 1023
f 1004 1121 1062
f 995 1104 1035
f 996 1100 1027
f 1009 1117 1048
f 1013 1120 1059
f 1006 1127 1063
f 1005 1105 1039
f 997 1106 1028
f 1008 1129 1047
f 992 1096 1055
f 986 1081 1040
f 985 1077 1020
f 987 1083 1050
f 988 1086 1065
f 989 1089 1070
f 993 1097 1060
f 1003 1124 1037
f 998 1109 1029
f 1010 1130 1049
f 1011 1095 1058
f 999 1115 1036
f 994 1099 1025
f 1000 1107 1046
f 1001 1119 1056
f 1002 1122 1061
f 1003 1125 1042
f 998 1112 1071
f 1010 1110 1067
f 1011 1131 1053
f 993 1094 1024
f 986 1079 1081
f 985 1075 1077
f 987 1076 1083
f 988 1082 1086
f 989 1085 1089
f 993 1090 1097
f 1003 1126 1124
f 998 1113 1109
f 1010 1134 1130
f 1011 1093 1095
f 999 1114 1115
f 994 1101 1099
f 1000 1102 1107
f 1001 1116 1119
f 1002 1118 1122
f 1003 1123 1125
f 998 1103 1112
f 1010 1108 1110
f 1011 1133 1131
f 993 1098 1094
f 986 1016 1079
f 985 1015 1075
f 987 1017 1076
f 988 1018 1082
f 989 1019 1085
f 993 1024 1090
f 1003 1042 1126
f 998 1071 1113
f 1010 1067 1134
f 1011 1053 1093
f 999 1031 1114
f 994 1030 1101
f 1000 1032 1102
f 1001 1033 1116
f 1002 1034 1118
f 1003 1037 1123
f 998 1029 1103
f 1010 1049 1108
f 1011 1058 1133
f 993 1060 1098
f 989 1070 1088
f 986 1040 1080
f 985 1020 1078
f 987 1050 1084
f 988 1065 1087
f 990 1041 1091
f 1007 1073 1128
f 1014 1069 1111
f 1012 1054 1132
f 991 1022 1092
f 1002 1061 1121
f 999 1036 1104
f 994 1025 1100
f 1000 1046 1117
f 1001 1056 1120
f 1004 1062 1127
f 995 1035 1105
f 996 1027 1106
f 1009 1048 1129
f 1013 1059 1096
f 1007 1044 1081
f 990 1021 1077
f 991 1051 1083
f 1012 1068 1086
f 1014 1074 1089
f 1006 1063 1097
f 1005 1039 1124
f 997 1028 1109
f 1008 1047 1130
f 992 1055 1095
f 1004 1038 1115
f 995 1026 1099
f 996 1045 1107
f 1009 1057 1119
f 1013 1064 1122
f 1006 1043 1125
f 1005 1072 1112
f 997 1066 1110
f 1008 1052 1131
f 992 1023 1094
f 989 1088 1079
f 986 1080 1075
f 985 1078 1076
f 987 1084 1082
f 988 1087 1085
f 990 1091 1090
f 1007 1128 1126
f 1014 1111 1113
f 1012 1132 1134
f 991 1092 1093
f 1002 1121 1114
f 999 1104 1101
f 994 1100 1102
f 1000 1117 1116
f 1001 1120 1118
f 1004 1127 1123
f 995 1105 1103
f 996 1106 1108
f 1009 1129 1133
f 1013 1096 1098
f 1079 1016 1019
f 1075 1015 1016
f 1076 1017 1015
f 1082 1018 1017
f 1085 1019 1018
f 1090 1024 1021
f 1126 1042 1044
f 1113 1071 1074
f 1134 1067 1068
f 1093 1053 1051
f 1114 1031 1034
f 1101 1030 1031
f 1102 1032 1030
f 1116 1033 1032
f 1118 1034 1033
f 1123 1037 1038
f 1103 1029 1026
f 1108 1049 1045
f 1133 1058 1057
f 1098 1060 1064
f 1088 1070 1073
f 1080 1040 1041
f 1078 1020 1022
f 1084 1050 1054
f 1087 1065 1069
f 1091 1041 1043
f 1128 1073 1072
f 1111 1069 1066
f 1132 1054 1052
f 1092 1022 1023
f 1121 1061 1062
f 1104 1036 1035
f 1100 1025 1027
f 1117 1046 1048
f 1120 1056 1059
f 1127 1062 1063
f 1105 1035 1039
f 1106 1027 1028
f 1129 1048 1047
f 1096 1059 1055
f 1081 1044 1040
f 1077 1021 1020
f 1083 1051 1050
f 1086 1068 1065
f 1089 1074 1070
f 1097 1063 1060
f 1124 1039 1037
f 1109 1028 1029
f 1130 1047 1049
f 1095 1055 1058
f 1115 1038 1036
f 1099 1026 1025
f 1107 1045 1046
f 1119 1057 1056
f 1122 1064 1061
f 1125 1043 1042
f 1112 1072 1071
f 1110 1066 1067
f 1131 1052 1053
f 1094 1023 1024
f 1079 1088 1081
f 1075 1080 1077
f 1076 1078 1083
f 1082 1084 1086
f 1085 1087 1089
f 1090 1091 1097
f 1126 1128 1124
f 1113 1111 1109
f 1134 1132 1130
f 1093 1092 1095
f 1114 1121 1115
f 1101 1104 1099
f 1102 1100 1107
f 1116 1117 1119
f 1118 1120 1122
f 1123 1127 1125
f 1103 1105 1112
f 1108 1106 1110
f 1133 1129 1131
f 1098 1096 1094
f 1135 1181 1178
f 1135 1178 1177
f 1135 1177 1179
f 1135 1179 1180
f 1135 1180 1181
f 1136 1183 1186
f 1140 1206 1204
f 1146 1236 1233
f 1145 1230 1229
f 1142 1213 1215
f 1138 1196 1193
f 1138 1193 1192
f 1138 1192 1194
f 1138 1194 1195
f 1138 1195 1196
f 1139 1200 1199
f 1137 1188 1191
f 1141 1207 1211
f 1143 1219 1220
f 1144 1226 1222
f 1146 1235 1232
f 1140 1203 1202
f 1136 1184 1182
f 1142 1216 1212
f 1145 1231 1227
f 1140 1205 1203
f 1146 1234 1235
f 1145 1228 1231
f 1142 1214 1216
f 1136 1185 1184
f 1144 1224 1223
f 1139 1197 1198
f 1137 1189 1187
f 1141 1210 1208
f 1143 1221 1218
f 1144 1225 1224
f 1139 1201 1197
f 1137 1190 1189
f 1141 1209 1210
f 1143 1217 1221
f 1140 1202 1206
f 1136 1182 1183
f 1142 1212 1213
f 1145 1227 1230
f 1146 1232 1236
f 1144 1222 1225
f 1139 1199 1201
f 1137 1191 1190
f 1141 1211 1209
f 1143 1220 1217
f 1139 1198 1200
f 1137 1187 1188
f 1141 1208 1207
f 1143 1218 1219
f 1144 1223 1226
f 1140 1204 1205
f 1146 1233 1234
f 1145 1229 1228
f 1142 1215 1214
f 1136 1186 1185
f 1169 1243 1250
f 1152 1239 1242
f 1153 1245 1240
f 1174 1248 1246
f 1176 1251 1249
f 1168 1259 1253
f 1167 1286 1290
f 1159 1271 1273
f 1170 1292 1294
f 1154 1257 1254
f 1166 1277 1283
f 1157 1261 1266
f 1158 1269 1262
f 1171 1281 1279
f 1175 1284 1282
f 1168 1287 1289
f 1167 1274 1267
f 1159 1272 1268
f 1170 1293 1291
f 1154 1256 1258
f 1151 1241 1181
f 1148 1237 1178
f 1147 1238 1177
f 1149 1244 1179
f 1150 1247 1180
f 1152 1252 1183
f 1169 1288 1206
f 1176 1275 1236
f 1174 1296 1230
f 1153 1255 1213
f 1164 1276 1196
f 1161 1263 1193
f 1156 1264 1192
f 1162 1278 1194
f 1163 1280 1195
f 1166 1285 1200
f 1157 1265 1188
f 1158 1270 1207
f 1171 1295 1219
f 1175 1260 1226
f 1169 1250 1235
f 1152 1242 1203
f 1153 1240 1184
f 1174 1246 1216
f 1176 1249 1231
f 1168 1253 1205
f 1167 1290 1234
f 1159 1273 1228
f 1170 1294 1214
f 1154 1254 1185
f 1166 1283 1224
f 1157 1266 1197
f 1158 1262 1189
f 1171 1279 1210
f 1175 1282 1221
f 1168 1289 1225
f 1167 1267 1201
f 1159 1268 1190
f 1170 1291 1209
f 1154 1258 1217
f 1148 1243 1202
f 1147 1239 1182
f 1149 1245 1212
f 1150 1248 1227
f 1151 1251 1232
f 1155 1259 1222
f 1165 1286 1199
f 1160 1271 1191
f 1172 1292 1211
f 1173 1257 1220
f 1161 1277 1198
f 1156 1261 1187
f 1162 1269 1208
f 1163 1281 1218
f 1164 1284 1223
f 1165 1287 1204
f 1160 1274 1233
f 1172 1272 1229
f 1173 1293 1215
f 1155 1256 1186
f 1148 1241 1243
f 1147 1237 1239
f 1149 1238 1245
f 1150 1244 1248
f 1151 1247 1251
f 1155 1252 1259
f 1165 1288 1286
f 1160 1275 1271
f 1172 1296 1292
f 1173 1255 1257
f 1161 1276 1277
f 1156 1263 1261
f 1162 1264 1269
f 1163 1278 1281
f 1164 1280 1284
f 1165 1285 1287
f 1160 1265 1274
f 1172 1270 1272
f 1173 1295 1293
f 1155 1260 1256
f 1148 1178 1241
f 1147 1177 1237
f 1149 1179 1238
f 1150 1180 1244
f 1151 1181 1247
f 1155 1186 1252
f 1165 1204 1288
f 1160 1233 1275
f 1172 1229 1296
f 1173 1215 1255
f 1161 1193 1276
f 1156 1192 1263
f 1162 1194 1264
f 1163 1195 1278
f 1164 1196 1280
f 1165 1199 1285
f 1160 1191 1265
f 1172 1211 1270
f 1173 1220 1295
f 1155 1222 1260
f 1151 1232 1250
f 1148 1202 1242
f 1147 1182 1240
f 1149 1212 1246
f 1150 1227 1249
f 1152 1203 1253
f 1169 1235 1290
f 1176 1231 1273
f 1174 1216 1294
f 1153 1184 1254
f 1164 1223 1283
f 1161 1198 1266
f 1156 1187 1262
f 1162 1208 1279
f 1163 1218 1282
f 1166 1224 1289
f 1157 1197 1267
f 1158 1189 1268
f 1171 1210 1291
f 1175 1221 1258
f 1169 1206 1243
f 1152 1183 1239
f 1153 1213 1245
f 1174 1230 1248
f 1176 1236 1251
f 1168 1225 1259
f 1167 1201 1286
f 1159 1190 1271
f 1170 1209 1292
f 1154 1217 1257
f 1166 1200 1277
f 1157 1188 1261
f 1158 1207 1269
f 1171 1219 1281
f 1175 1226 1284
f 1168 1205 1287
f 1167 1234 1274
f 1159 1228 1272
f 1170 1214 1293
f 1154 1185 1256
f 1151 1250 1241
f 1148 1242 1237
f 1147 1240 1238
f 1149 1246 1244
f 1150 1249 1247
f 1152 1253 1252
f 1169 1290 1288
f 1176 1273 1275
f 1174 1294 1296
f 1153 1254 1255
f 1164 1283 1276
f 1161 1266 1263
f 1156 1262 1264
f 1162 1279 1278
f 1163 1282 1280
f 1166 1289 1285
f 1157 1267 1265
f 1158 1268 1270
f 1171 1291 1295
f 1175 1258 1260
f 1241 1178 1181
f 1237 1177 1178
f 1238 1179 1177
f 1244 1180 1179
f 1247 1181 1180
f 1252 1186 1183
f 1288 1204 1206
f 1275 1233 1236
f 1296 1229 1230
f 1255 1215 1213
f 1276 1193 1196
f 1263 1192 1193
f 1264 1194 1192
f 1278 1195 1194
f 1280 1196 1195
f 1285 1199 1200
f 1265 1191 1188
f 1270 1211 1207
f 1295 1220 1219
f 1260 1222 1226
f 1250 1232 1235
f 1242 1202 1203
f 1240 1182 1184
f 1246 1212 1216
f 1249 1227 1231
f 1253 1203 1205
f 1290 1235 1234
f 1273 1231 1228
f 1294 1216 1214
f 1254 1184 1185
f 1283 1223 1224
f 1266 1198 1197
f 1262 1187 1189
f 1279 1208 1210
f 1282 1218 1221
f 1289 1224 1225
f 1267 1197 1201
f 1268 1189 1190
f 1291 1210 1209
f 1258 1221 1217
f 1243 1206 1202
f 1239 1183 1182
f 1245 1213 1212
f 1248 1230 1227
f 1251 1236 1232
f 1259 1225 1222
f 1286 1201 1199
f 1271 1190 1191
f 1292 1209 1211
f 1257 1217 1220
f 1277 1200 1198
f 1261 1188 1187
f 1269 1207 1208
f 1281 1219 1218
f 1284 1226 1223
f 1287 1205 1204
f 1274 1234 1233
f 1272 1228 1229
f 1293 1214 1215
f 1256 1185 1186
f 1241 1250 1243
f 1237 1242 1239
f 1238 1240 1245
f 1244 1246 1248
f 1247 1249 1251
f 1252 1253 1259
f 1288 1290 1286
f 1275 1273 1271
f 1296 1294 1292
f 1255 1254 1257
f 1276 1283 1277
f 1263 1266 1261
f 1264 1262 1269
f 1278 1279 1281
f 1280 1282 1284
f 1285 1289 1287
f 1265 1267 1274
f 1270 1268 1272
f 1295 1291 1293
f 1260 1258 1256
f 1297 1343 1340
f 1297 1340 1339
f 1297 1339 1341
f 1297 1341 1342
f 1297 1342 1343
f 1298 1345 1348
f 1302 1368 1366
f 1308 1398 1395
f 1307 1392 1391
f 1304 1375 1377
f 1300 1358 1355
f 1300 1355 1354
f 1300 1354 1356
f 1300 1356 1357
f 1300 1357 1358
f 1301 1362 1361
f 1299 1350 1353
f 1303 1369 1373
f 1305 1381 1382
f 1306 1388 1384
f 1308 1397 1394
f 1302 1365 1364
f 1298 1346 1344
f 1304 1378 1374
f 1307 1393 1389
f 1302 1367 1365
f 1308 1396 1397
f 1307 1390 1393
f 1304 1376 1378
f 1298 1347 1346
f 1306 1386 1385
f 1301 1359 1360
f 1299 1351 1349
f 1303 1372 1370
f 1305 1383 1380
f 1306 1387 1386
f 1301 1363 1359
f 1299 1352 1351
f 1303 1371 1372
f 1305 1379 1383
f 1302 1364 1368
f 1298 1344 1345
f 1304 1374 1375
f 1307 1389 1392
f 1308 1394 1398
f 1306 1384 1387
f 1301 1361 1363
f 1299 1353 1352
f 1303 1373 1371
f 1305 1382 1379
f 1301 1360 1362
f 1299 1349 1350
f 1303 1370 1369
f 1305 1380 1381
f 1306 1385 1388
f 1302 1366 1367
f 1308 1395 1396
f 1307 1391 1390
f 1304 1377 1376
f 1298 1348 1347
f 1331 1405 1412
f 1314 1401 1404
f 1315 1407 1402
f 1336 1410 1408
f 1338 1413 1411
f 1330 1421 1415
f 1329 1448 1452
f 1321 1433 1435
f 1332 1454 1456
f 1316 1419 1416
f 1328 1439 1445
f 1319 1423 1428
f 1320 1431 1424
f 1333 1443 1441
f 1337 1446 1444
f 1330 1449 1451
f 1329 1436 1429
f 1321 1434 1430
f 1332 1455 1453
f 1316 1418 1420
f 1313 1403 1343
f 1310 1399 1340
f 1309 1400 1339
f 1311 1406 1341
f 1312 1409 1342
f 1314 1414 1345
f 1331 1450 1368
f 1338 1437 1398
f 1336 1458 1392
f 1315 1417 1375
f 1326 1438 1358
f 1323 1425 1355
f 1318 1426 1354
f 1324 1440 1356
f 1325 1442 1357
f 1328 1447 1362
f 1319 1427 1350
f 1320 1432 1369
f 1333 1457 1381
f 1337 1422 1388
f 1331 1412 1397
f 1314 1404 1365
f 1315 1402 1346
f 1336 1408 1378
f 1338 1411 1393
f 1330 1415 1367
f 1329 1452 1396
f 1321 1435 1390
f 1332 1456 1376
f 1316 1416 1347
f 1328 1445 1386
f 1319 1428 1359
f 1320 1424 1351
f 1333 1441 1372
f 1337 1444 1383
f 1330 1451 1387
f 1329 1429 1363
f 1321 1430 1352
f 1332 1453 1371
f 1316 1420 1379
f 1310 1405 1364
f 1309 1401 1344
f 1311 1407 1374
f 1312 1410 1389
f 1313 1413 1394
f 1317 1421 1384
f 1327 1448 1361
f 1322 1433 1353
f 1334 1454 1373
f 1335 1419 1382
f 1323 1439 1360
f 1318 1423 1349
f 1324 1431 1370
f 1325 1443 1380
f 1326 1446 1385
f 1327 1449 1366
f 1322 1436 1395
f 1334 1434 1391
f 1335 1455 1377
f 1317 1418 1348
f 1310 1403 1405
f 1309 1399 1401
f 1311 1400 1407
f 1312 1406 1410
f 1313 1409 1413
f 1317 1414 1421
f 1327 1450 1448
f 1322 1437 1433
f 1334 1458 1454
f 1335 1417 1419
f 1323 1438 1439
f 1318 1425 1423
f 1324 1426 1431
f 1325 1440 1443
f 1326 1442 1446
f 1327 1447 1449
f 1322 1427 1436
f 1334 1432 1434
f 1335 1457 1455
f 1317 1422 1418
f 1310 1340 1403
f 1309 1339 1399
f 1311 1341 1400
f 1312 1342 1406
f 1313 1343 1409
f 1317 1348 1414
f 1327 1366 1450
f 1322 1395 1437
f 1334 1391 1458
f 1335 1377 1417
f 1323 1355 1438
f 1318 1354 1425
f 1324 1356 1426
f 1325 1357 1440
f 1326 1358 1442
f 1327 1361 1447
f 1322 1353 1427
f 1334 1373 1432
f 1335 1382 1457
f 1317 1384 1422
f 1313 1394 1412
f 1310 1364 1404
f 1309 1344 1402
f 1311 1374 1408
f 1312 1389 1411
f 1314 1365 1415
f 1331 1397 1452
f 1338 1393 1435
f 1336 1378 1456
f 1315 1346 1416
f 1326 1385 1445
f 1323 1360 1428
f 1318 1349 1424
f 1324 1370 1441
f 1325 1380 1444
f 1328 1386 1451
f 1319 1359 1429
f 1320 1351 1430
f 1333 1372 1453
f 1337 1383 1420
f 1331 1368 1405
f 1314 1345 1401
f 1315 1375 1407
f 1336 1392 1410
f 1338 1398 1413
f 1330 1387 1421
f 1329 1363 1448
f 1321 1352 1433
f 1332 1371 1454
f 1316 1379 1419
f 1328 1362 1439
f 1319 1350 1423
f 1320 1369 1431
f 1333 1381 1443
f 1337 1388 1446
f 1330 1367 1449
f 1329 1396 1436
f 1321 1390 1434
f 1332 1376 1455
f 1316 1347 1418
f 1313 1412 1403
f 1310 1404 1399
f 1309 1402 1400
f 1311 1408 1406
f 1312 1411 1409
f 1314 1415 1414
f 1331 1452 1450
f 1338 1435 1437
f 1336 1456 1458
f 1315 1416 1417
f 1326 1445 1438
f 1323 1428 1425
f 1318 1424 1426
f 1324 1441 1440
f 1325 1444 1442
f 1328 1451 1447
f 1319 1429 1427
f 1320 1430 1432
f 1333 1453 1457
f 1337 1420 1422
f 1403 1340 1343
f 1399 1339 1340
f 1400 1341 1339
f 1406 1342 1341
f 1409 1343 1342
f 1414 1348 1345
f 1450 1366 1368
f 1437 1395 1398
f 1458 1391 1392
f 1417 1377 1375
f 1438 1355 1358
f 1425 1354 1355
f 1426 1356 1354
f 1440 1357 1356
f 1442 1358 1357
f 1447 1361 1362
f 1427 1353 1350
f 1432 1373 1369
f 1457 1382 1381
f 1422 1384 1388
f 1412 1394 1397
f 1404 1364 1365
f 1402 1344 1346
f 1408 1374 1378
f 1411 1389 1393
f 1415 1365 1367
f 1452 1397 1396
f 1435 1393 1390
f 1456 1378 1376
f 1416 1346 1347
f 1445 1385 1386
f 1428 1360 1359
f 1424 1349 1351
f 1441 1370 1372
f 1444 1380 1383
f 1451 1386 1387
f 1429 1359 1363
f 1430 1351 1352
f 1453 1372 1371
f 1420 1383 1379
f 1405 1368 1364
f 1401 1345 1344
f 1407 1375 1374
f 1410 1392 1389
f 1413 1398 1394
f 1421 1387 1384
f 1448 1363 1361
f 1433 1352 1353
f 1454 1371 1373
f 1419 1379 1382
f 1439 1362 1360
f 1423 1350 1349
f 1431 1369 1370
f 1443 1381 1380
f 1446 1388 1385
f 1449 1367 1366
f 1436 1396 1395
f 1434 1390 1391
f 1455 1376 1377
f 1418 1347 1348
f 1403 1412 1405
f 1399 1404 1401
f 1400 1402 1407
f 1406 1408 1410
f 1409 1411 1413
f 1414 1415 1421
f 1450 1452 1448
f 1437 1435 1433
f 1458 1456 1454
f 1417 1416 1419
f 1438 1445 1439
f 1425 1428 1423
f 1426 1424 1431
f 1440 1441 1443
f 1442 1444 1446
f 1447 1451 1449
f 1427 1429 1436
f 1432 1430 1434
f 1457 1453 1455
f 1422 1420 1418
f 1459 1505 1502
f 1459 1502 1501
f 1459 1501 1503
f 1459 1503 1504
f 1459 1504 1505
f 1460 1507 1510
f 1464 1530 1528
f 1470 1560 1557
f 1469 1554 1553
f 1466 1537 1539
f 1462 1520 1517
f 1462 1517 1516
f 1462 1516 1518
f 1462 1518 1519
f 1462 1519 1520
f 1463 1524 1523
f 1461 1512 1515
f 1465 1531 1535
f 1467 1543 1544
f 1468 1550 1546
f 1470 1559 1556
f 1464 1527 1526
f 1460 1508 1506
f 1466 1540 1536
f 1469 1555 1551
f 1464 1529 1527
f 1470 1558 1559
f 1469 1552 1555
f 1466 1538 1540
f 1460 1509 1508
f 1468 1548 1547
f 1463 1521 1522
f 1461 1513 1511
f 1465 1534 1532
f 1467 1545 1542
f 1468 1549 1548
f 1463 1525 1521
f 1461 1514 1513
f 1465 1533 1534
f 1467 1541 1545
f 1464 1526 1530
f 1460 1506 1507
f 1466 1536 1537
f 1469 1551 1554
f 1470 1556 1560
f 1468 1546 1549
f 1463 1523 1525
f 1461 1515 1514
f 1465 1535 1533
f 1467 1544 1541
f 1463 1522 1524
f 1461 1511 1512
f 1465 1532 1531
f 1467 1542 1543
f 1468 1547 1550
f 1464 1528 1529
f 1470 1557 1558
f 1469 1553 1552
f 1466 1539 1538
f 1460 1510 1509
f 1493 1567 1574
f 1476 1563 1566
f 1477 1569 1564
f 1498 1572 1570
f 1500 1575 1573
f 1492 1583 1577
f 1491 1610 1614
f 1483 1595 1597
f 1494 1616 1618
f 1478 1581 1578
f 1490 1601 1607
f 1481 1585 1590
f 1482 1593 1586
f 1495 1605 1603
f 1499 1608 1606
f 1492 1611 1613
f 1491 1598 1591
f 1483 1596 1592
f 1494 1617 1615
f 1478 1580 1582
f 1475 1565 1505
f 1472 1561 1502
f 1471 1562 1501
f 1473 1568 1503
f 1474 1571 1504
f 1476 1576 1507
f 1493 1612 1530
f 1500 1599 1560
f 1498 1620 1554
f 1477 1579 1537
f 1488 1600 1520
f 1485 1587 1517
f 1480 1588 1516
f 1486 1602 1518
f 1487 1604 1519
f 1490 1609 1524
f 1481 1589 1512
f 1482 1594 1531
f 1495 1619 1543
f 1499 1584 1550
f 1493 1574 1559
f 1476 1566 1527
f 1477 1564 1508
f 1498 1570 1540
f 1500 1573 1555
f 1492 1577 1529
f 1491 1614 1558
f 1483 1597 1552
f 1494 1618 1538
f 1478 1578 1509
f 1490 1607 1548
f 1481 1590 1521
f 1482 1586 1513
f 1495 1603 1534
f 1499 1606 1545
f 1492 1613 1549
f 1491 1591 1525
f 1483 1592 1514
f 1494 1615 1533
f 1478 1582 1541
f 1472 1567 1526
f 1471 1563 1506
f 1473 1569 1536
f 1474 1572 1551
f 1475 1575 1556
f 1479 1583 1546
f 1489 1610 1523
f 1484 1595 1515
f 1496 1616 1535
f 1497 1581 1544
f 1485 1601 1522
f 1480 1585 1511
f 1486 1593 1532
f 1487 1605 1542
f 1488 1608 1547
f 1489 1611 1528
f 1484 1598 1557
f 1496 1596 1553
f 1497 1617 1539
f 1479 1580 1510
f 1472 1565 1567
f 1471 1561 1563
f 1473 1562 1569
f 1474 1568 1572
f 1475 1571 1575
f 1479 1576 1583
f 1489 1612 1610
f 1484 1599 1595
f 1496 1620 1616
f 1497 1579 1581
f 1485 1600 1601
f 1480 1587 1585
f 1486 1588 1593
f 1487 1602 1605
f 1488 1604 1608
f 1489 1609 1611
f 1484 1589 1598
f 1496 1594 1596
f 1497 1619 1617
f 1479 1584 1580
f 1472 1502 1565
f 1471 1501 1561
f 1473 1503 1562
f 1474 1504 1568
f 1475 1505 1571
f 1479 1510 1576
f 1489 1528 1612
f 1484 1557 1599
f 1496 1553 1620
f 1497 1539 1579
f 1485 1517 1600
f 1480 1516 1587
f 1486 1518 1588
f 1487 1519 1602
f 1488 1520 1604
f 1489 1523 1609
f 1484 1515 1589
f 1496 1535 1594
f 1497 1544 1619
f 1479 1546 1584
f 1475 1556 1574
f 1472 1526 1566
f 1471 1506 1564
f 1473 1536 1570
f 1474 1551 1573
f 1476 1527 1577
f 1493 1559 1614
f 1500 1555 1597
f 1498 1540 1618
f 1477 1508 1578
f 1488 1547 1607
f 1485 1522 1590
f 1480 1511 1586
f 1486 1532 1603
f 1487 1542 1606
f 1490 1548 1613
f 1481 1521 1591
f 1482 1513 1592
f 1495 1534 1615
f 1499 1545 1582
f 1493 1530 1567
f 1476 1507 1563
f 1477 1537 1569
f 1498 1554 1572
f 1500 1560 1575
f 1492 1549 1583
f 1491 1525 1610
f 1483 1514 1595
f 1494 1533 1616
f 1478 1541 1581
f 1490 1524 1601
f 1481 1512 1585
f 1482 1531 1593
f 1495 1543 1605
f 1499 1550 1608
f 1492 1529 1611
f 1491 1558 1598
f 1483 1552 1596
f 1494 1538 1617
f 1478 1509 1580
f 1475 1574 1565
f 1472 1566 1561
f 1471 1564 1562
f 1473 1570 1568
f 1474 1573 1571
f 1476 1577 1576
f 1493 1614 1612
f 1500 1597 1599
f 1498 1618 1620
f 1477 1578 1579
f 1488 1607 1600
f 1485 1590 1587
f 1480 1586 1588
f 1486 1603 1602
f 1487 1606 1604
f 1490 1613 1609
f 1481 1591 1589
f 1482 1592 1594
f 1495 1615 1619
f 1499 1582 1584
f 1565 1502 1505
f 1561 1501 1502
f 1562 1503 1501
f 1568 1504 1503
f 1571 1505 1504
f 1576 1510 1507
f 1612 1528 1530
f 1599 1557 1560
f 1620 1553 1554
f 1579 1539 1537
f 1600 1517 1520
f 1587 1516 1517
f 1588 1518 1516
f 1602 1519 1518
f 1604 1520 1519
f 1609 1523 1524
f 1589 1515 1512
f 1594 1535 1531
f 1619 1544 1543
f 1584 1546 1550
f 1574 1556 1559
f 1566 1526 1527
f 1564 1506 1508
f 1570 1536 1540
f 1573 1551 1555
f 1577 1527 1529
f 1614 1559 1558
f 1597 1555 1552
f 1618 1540 1538
f 1578 1508 1509
f 1607 1547 1548
f 1590 1522 1521
f 1586 1511 1513
f 1603 1532 1534
f 1606 1542 1545
f 1613 1548 1549
f 1591 1521 1525
f 1592 1513 1514
f 1615 1534 1533
f 1582 1545 1541
f 1567 1530 1526
f 1563 1507 1506
f 1569 1537 1536
f 1572 1554 1551
f 1575 1560 1556
f 1583 1549 1546
f 1610 1525 1523
f 1595 1514 1515
f 1616 1533 1535
f 1581 1541 1544
f 1601 1524 1522
f 1585 1512 1511
f 1593 1531 1532
f 1605 1543 1542
f 1608 1550 1547
f 1611 1529 1528
f 1598 1558 1557
f 1596 1552 1553
f 1617 1538 1539
f 1580 1509 1510
f 1565 1574 1567
f 1561 1566 1563
f 1562 1564 1569
f 1568 1570 1572
f 1571 1573 1575
f 1576 1577 1583
f 1612 1614 1610
f 1599 1597 1595
f 1620 1618 1616
f 1579 1578 1581
f 1600 1607 1601
f 1587 1590 1585
f 1588 1586 1593
f 1602 1603 1605
f 1604 1606 1608
f 1609 1613 1611
f 1589 1591 1598
f 1594 1592 1596
f 1619 1615 1617
f 1584 1582 1580
f 1621 1667 1664
f 1621 1664 1663
f 1621 1663 1665
f 1621 1665 1666
f 1621 1666 1667
f 1622 1669 1672
f 1626 1692 1690
f 1632 1722 1719
f 1631 1716 1715
f 1628 1699 1701
f 1624 1682 1679
f 1624 1679 1678
f 1624 1678 1680
f 1624 1680 1681
f 1624 1681 1682
f 1625 1686 1685
f 1623 1674 1677
f 1627 1693 1697
f 1629 1705 1706
f 1630 1712 1708
f 1632 1721 1718
f 1626 1689 1688
f 1622 1670 1668
f 1628 1702 1698
f 1631 1717 1713
f 1626 1691 1689
f 1632 1720 1721
f 1631 1714 1717
f 1628 1700 1702
f 1622 1671 1670
f 1630 1710 1709
f 1625 1683 1684
f 1623 1675 1673
f 1627 1696 1694
f 1629 1707 1704
f 1630 1711 1710
f 1625 1687 1683
f 1623 1676 1675
f 1627 1695 1696
f 1629 1703 1707
f 1626 1688 1692
f 1622 1668 1669
f 1628 1698 1699
f 1631 1713 1716
f 1632 1718 1722
f 1630 1708 1711
f 1625 1685 1687
f 1623 1677 1676
f 1627 1697 1695
f 1629 1706 1703
f 1625 1684 1686
f 1623 1673 1674
f 1627 1694 1693
f 1629 1704 1705
f 1630 1709 1712
f 1626 1690 1691
f 1632 1719 1720
f 1631 1715 1714
f 1628 1701 1700
f 1622 1672 1671
f 1655 1729 1736
f 1638 1725 1728
f 1639 1731 1726
f 1660 1734 1732
f 1662 1737 1735
f 1654 1745 1739
f 1653 1772 1776
f 1645 1757 1759
f 1656 1778 1780
f 1640 1743 1740
f 1652 1763 1769
f 1643 1747 1752
f 1644 1755 1748
f 1657 1767 1765
f 1661 1770 1768
f 1654 1773 1775
f 1653 1760 1753
f 1645 1758 1754
f 1656 1779 1777
f 1640 1742 1744
f 1637 1727 1667
f 1634 1723 1664
f 1633 1724 1663
f 1635 1730 1665
f 1636 1733 1666
f 1638 1738 1669
f 1655 1774 1692
f 1662 1761 1722
f 1660 1782 1716
f 1639 1741 1699
f 1650 1762 1682
f 1647 1749 1679
f 1642 1750 1678
f 1648 1764 1680
f 1649 1766 1681
f 1652 1771 1686
f 1643 1751 1674
f 1644 1756 1693
f 1657 1781 1705
f 1661 1746 1712
f 1655 1736 1721
f 1638 1728 1689
f 1639 1726 1670
f 1660 1732 1702
f 1662 1735 1717
f 1654 1739 1691
f 1653 1776 1720
f 1645 1759 1714
f 1656 1780 1700
f 1640 1740 1671
f 1652 1769 1710
f 1643 1752 1683
f 1644 1748 1675
f 1657 1765 1696
f 1661 1768 1707
f 1654 1775 1711
f 1653 1753 1687
f 1645 1754 1676
f 1656 1777 1695
f 1640 1744 1703
f 1634 1729 1688
f 1633 1725 1668
f 1635 1731 1698
f 1636 1734 1713
f 1637 1737 1718
f 1641 1745 1708
f 1651 1772 1685
f 1646 1757 1677
f 1658 1778 1697
f 1659 1743 1706
f 1647 1763 1684
f 1642 1747 1673
f 1648 1755 1694
f 1649 1767 1704
f 1650 1770 1709
f 1651 1773 1690
f 1646 1760 1719
f 1658 1758 1715
f 1659 1779 1701
f 1641 1742 1672
f 1634 1727 1729
f 1633 1723 1725
f 1635 1724 1731
f 1636 1730 1734
f 1637 1733 1737
f 1641 1738 1745
f 1651 1774 1772
f 1646 1761 1757
f 1658 1782 1778
f 1659 1741 1743
f 1647 1762 1763
f 1642 1749 1747
f 1648 1750 1755
f 1649 1764 1767
f 1650 1766 1770
f 1651 1771 1773
f 1646 1751 1760
f 1658 1756 1758
f 1659 1781 1779
f 1641 1746 1742
f 1634 1664 1727
f 1633 1663 1723
f 1635 1665 1724
f 1636 1666 1730
f 1637 1667 1733
f 1641 1672 1738
f 1651 1690 1774
f 1646 1719 1761
f 1658 1715 1782
f 1659 1701 1741
f 1647 1679 1762
f 1642 1678 1749
f 1648 1680 1750
f 1649 1681 1764
f 1650 1682 1766
f 1651 1685 1771
f 1646 1677 1751
f 1658 1697 1756
f 1659 1706 1781
f 1641 1708 1746
f 1637 1718 1736
f 1634 1688 1728
f 1633 1668 1726
f 1635 1698 1732
f 1636 1713 1735
f 1638 1689 1739
f 1655 1721 1776
f 1662 1717 1759
f 1660 1702 1780
f 1639 1670 1740
f 1650 1709 1769
f 1647 1684 1752
f 1642 1673 1748
f 1648 1694 1765
f 1649 1704 1768
f 1652 1710 1775
f 1643 1683 1753
f 1644 1675 1754
f 1657 1696 1777
f 1661 1707 1744
f 1655 1692 1729
f 1638 1669 1725
f 1639 1699 1731
f 1660 1716 1734
f 1662 1722 1737
f 1654 1711 1745
f 1653 1687 1772
f 1645 1676 1757
f 1656 1695 1778
f 1640 1703 1743
f 1652 1686 1763
f 1643 1674 1747
f 1644 1693 1755
f 1657 1705 1767
f 1661 1712 1770
f 1654 1691 1773
f 1653 1720 1760
f 1645 1714 1758
f 1656 1700 1779
f 1640 1671 1742
f 1637 1736 1727
f 1634 1728 1723
f 1633 1726 1724
f 1635 1732 1730
f 1636 1735 1733
f 1638 1739 1738
f 1655 1776 1774
f 1662 1759 1761
f 1660 1780 1782
f 1639 1740 1741
f 1650 1769 1762
f 1647 1752 1749
f 1642 1748 1750
f 1648 1765 1764
f 1649 1768 1766
f 1652 1775 1771
f 1643 1753 1751
f 1644 1754 1756
f 1657 1777 1781
f 1661 1744 1746
f 1727 1664 1667
f 1723 1663 1664
f 1724 1665 1663
f 1730 1666 1665
f 1733 1667 1666
f 1738 1672 1669
f 1774 1690 1692
f 1761 1719 1722
f 1782 1715 1716
f 1741 1701 1699
f 1762 1679 1682
f 1749 1678 1679
f 1750 1680 1678
f 1764 1681 1680
f 1766 1682 1681
f 1771 1685 1686
f 1751 1677 1674
f 1756 1697 1693
f 1781 1706 1705
f 1746 1708 1712
f 1736 1718 1721
f 1728 1688 1689
f 1726 1668 1670
f 1732 1698 1702
f 1735 1713 1717
f 1739 1689 1691
f 1776 1721 1720
f 1759 1717 1714
f 1780 1702 1700
f 1740 1670 1671
f 1769 1709 1710
f 1752 1684 1683
f 1748 1673 1675
f 1765 1694 1696
f 1768 1704 1707
f 1775 1710 1711
f 1753 1683 1687
f 1754 1675 1676
f 1777 1696 1695
f 1744 1707 1703
f 1729 1692 1688
f 1725 1669 1668
f 1731 1699 1698
f 1734 1716 1713
f 1737 1722 1718
f 1745 1711 1708
f 1772 1687 1685
f 1757 1676 1677
f 1778 1695 1697
f 1743 1703 1706
f 1763 1686 1684
f 1747 1674 1673
f 1755 1693 1694
f 1767 1705 1704
f 1770 1712 1709
f 1773 1691 1690
f 1760 1720 1719
f 1758 1714 1715
f 1779 1700 1701
f 1742 1671 1672
f 1727 1736 1729
f 1723 1728 1725
f 1724 1726 1731
f 1730 1732 1734
f 1733 1735 1737
f 1738 1739 1745
f 1774 1776 1772
f 1761 1759 1757
f 1782 1780 1778
f 1741 1740 1743
f 1762 1769 1763
f 1749 1752 1747
f 1750 1748 1755
f 1764 1765 1767
f 1766 1768 1770
f 1771 1775 1773
f 1751 1753 1760
f 1756 1754 1758
f 1781 1777 1779
f 1746 1744 1742
f 1783 1829 1826
f 1783 1826 1825
f 1783 1825 1827
f 1783 1827 1828
f 1783 1828 1829
f 1784 1831 1834
f 1788 1854 1852
f 1794 1884 1881
f 1793 1878 1877
f 1790 1861 1863
f 1786 1844 1841
f 1786 1841 1840
f 1786 1840 1842
f 1786 1842 1843
f 1786 1843 1844
f 1787 1848 1847
f 1785 1836 1839
f 1789 1855 1859
f 1791 1867 1868
f 1792 1874 1870
f 1794 1883 1880
f 1788 1851 1850
f 1784 1832 1830
f 1790 1864 1860
f 1793 1879 1875
f 1788 1853 1851
f 1794 1882 1883
f 1793 1876 1879
f 1790 1862 1864
f 1784 1833 1832
f 1792 1872 1871
f 1787 1845 1846
f 1785 1837 1835
f 1789 1858 1856
f 1791 1869 1866
f 1792 1873 1872
f 1787 1849 1845
f 1785 1838 1837
f 1789 1857 1858
f 1791 1865 1869
f 1788 1850 1854
f 1784 1830 1831
f 1790 1860 1861
f 1793 1875 1878
f 1794 1880 1884
f 1792 1870 1873
f 1787 1847 1849
f 1785 1839 1838
f 1789 1859 1857
f 1791 1868 1865
f 1787 1846 1848
f 1785 1835 1836
f 1789 1856 1855
f 1791 1866 1867
f 1792 1871 1874
f 1788 1852 1853
f 1794 1881 1882
f 1793 1877 1876
f 1790 1863 1862
f 1784 1834 1833
f 1817 1891 1898
f 1800 1887 1890
f 1801 1893 1888
f 1822 1896 1894
f 1824 1899 1897
f 1816 1907 1901
f 1815 1934 1938
f 1807 1919 1921
f 1818 1940 1942
f 1802 1905 1902
f 1814 1925 1931
f 1805 1909 1914
f 1806 1917 1910
f 1819 1929 1927
f 1823 1932 1930
f 1816 1935 1937
f 1815 1922 1915
f 1807 1920 1916
f 1818 1941 1939
f 1802 1904 1906
f 1799 1889 1829
f 1796 1885 1826
f 1795 1886 1825
f 1797 1892 1827
f 1798 1895 1828
f 1800 1900 1831
f 1817 1936 1854
f 1824 1923 1884
f 1822 1944 1878
f 1801 1903 1861
f 1812 1924 1844
f 1809 1911 1841
f 1804 1912 1840
f 1810 1926 1842
f 1811 1928 1843
f 1814 1933 1848
f 1805 1913 1836
f 1806 1918 1855
f 1819 1943 1867
f 1823 1908 1874
f 1817 1898 1883
f 1800 1890 1851
f 1801 1888 1832
f 1822 1894 1864
f 1824 1897 1879
f 1816 1901 1853
f 1815 1938 1882
f 1807 1921 1876
f 1818 1942 1862
f 1802 1902 1833
f 1814 1931 1872
f 1805 1914 1845
f 1806 1910 1837
f 1819 1927 1858
f 1823 1930 1869
f 1816 1937 1873
f 1815 1915 1849
f 1807 1916 1838
f 1818 1939 1857
f 1802 1906 1865
f 1796 1891 1850
f 1795 1887 1830
f 1797 1893 1860
f 1798 1896 1875
f 1799 1899 1880
f 1803 1907 1870
f 1813 1934 1847
f 1808 1919 1839
f 1820 1940 1859
f 1821 1905 1868
f 1809 1925 1846
f 1804 1909 1835
f 1810 1917 1856
f 1811 1929 1866
f 1812 1932 1871
f 1813 1935 1852
f 1808 1922 1881
f 1820 1920 1877
f 1821 1941 1863
f 1803 1904 1834
f 1796 1889 1891
f 1795 1885 1887
f 1797 1886 1893
f 1798 1892 1896
f 1799 1895 1899
f 1803 1900 1907
f 1813 1936 1934
f 1808 1923 1919
f 1820 1944 1940
f 1821 1903 1905
f 1809 1924 1925
f 1804 1911 1909
f 1810 1912 1917
f 1811 1926 1929
f 1812 1928 1932
f 1813 1933 1935
f 1808 1913 1922
f 1820 1918 1920
f 1821 1943 1941
f 1803 1908 1904
f 1796 1826 1889
f 1795 1825 1885
f 1797 1827 1886
f 1798 1828 1892
f 1799 1829 1895
f 1803 1834 1900
f 1813 1852 1936
f 1808 1881 1923
f 1820 1877 1944
f 1821 1863 1903
f 1809 1841 1924
f 1804 1840 1911
f 1810 1842 1912
f 1811 1843 1926
f 1812 1844 1928
f 1813 1847 1933
f 1808 1839 1913
f 1820 1859 1918
f 1821 1868 1943
f 1803 1870 1908
f 1799 1880 1898
f 1796 1850 1890
f 1795 1830 1888
f 1797 1860 1894
f 1798 1875 1897
f 1800 1851 1901
f 1817 1883 1938
f 1824 1879 1921
f 1822 1864 1942
f 1801 1832 1902
f 1812 1871 1931
f 1809 1846 1914
f 1804 1835 1910
f 1810 1856 1927
f 1811 1866 1930
f 1814 1872 1937
f 1805 1845 1915
f 1806 1837 1916
f 1819 1858 1939
f 1823 1869 1906
f 1817 1854 1891
f 1800 1831 1887
f 1801 1861 1893
f 1822 1878 1896
f 1824 1884 1899
f 1816 1873 1907
f 1815 1849 1934
f 1807 1838 1919
f 1818 1857 1940
f 1802 1865 1905
f 1814 1848 1925
f 1805 1836 1909
f 1806 1855 1917
f 1819 1867 1929
f 1823 1874 1932
f 1816 1853 1935
f 1815 1882 1922
f 1807 1876 1920
f 1818 1862 1941
f 1802 1833 1904
f 1799 1898 1889
f 1796 1890 1885
f 1795 1888 1886
f 1797 1894 1892
f 1798 1897 1895
f 1800 1901 1900
f 1817 1938 1936
f 1824 1921 1923
f 1822 1942 1944
f 1801 1902 1903
f 1812 1931 1924
f 1809 1914 1911
f 1804 1910 1912
f 1810 1927 1926
f 1811 1930 1928
f 1814 1937 1933
f 1805 1915 1913
f 1806 1916 1918
f 1819 1939 1943
f 1823 1906 1908
f 1889 1826 1829
f 1885 1825 1826
f 1886 1827 1825
f 1892 1828 1827
f 1895 1829 1828
f 1900 1834 1831
f 1936 1852 1854
f 1923 1881 1884
f 1944 1877 1878
f 1903 1863 1861
f 1924 1841 1844
f 1911 1840 1841
f 1912 1842 1840
f 1926 1843 1842
f 1928 1844 1843
f 1933 1847 1848
f 1913 1839 1836
f 1918 1859 1855
f 1943 1868 1867
f 1908 1870 1874
f 1898 1880 1883
f 1890 1850 1851
f 1888 1830 1832
f 1894 1860 1864
f 1897 1875 1879
f 1901 1851 1853
f 1938 1883 1882
f 1921 1879 1876
f 1942 1864 1862
f 1902 1832 1833
f 1931 1871 1872
f 1914 1846 1845
f 1910 1835 1837
f 1927 1856 1858
f 1930 1866 1869
f 1937 1872 1873
f 1915 1845 1849
f 1916 1837 1838
f 1939 1858 1857
f 1906 1869 1865
f 1891 1854 1850
f 1887 1831 1830
f 1893 1861 1860
f 1896 1878 1875
f 1899 1884 1880
f 1907 1873 1870
f 1934 1849 1847
f 1919 1838 1839
f 1940 1857 1859
f 1905 1865 1868
f 1925 1848 1846
f 1909 1836 1835
f 1917 1855 1856
f 1929 1867 1866
f 1932 1874 1871
f 1935 1853 1852
f 1922 1882 1881
f 1920 1876 1877
f 1941 1862 1863
f 1904 1833 1834
f 1889 1898 1891
f 1885 1890 1887
f 1886 1888 1893
f 1892 1894 1896
f 1895 1897 1899
f 1900 1901 1907
f 1936 1938 1934
f 1923 1921 1919
f 1944 1942 1940
f 1903 1902 1905
f 1924 1931 1925
f 1911 1914 1909
f 1912 1910 1917
f 1926 1927 1929
f 1928 1930 1932
f 1933 1937 1935
f 1913 1915 1922
f 1918 1916 1920
f 1943 1939 1941
f 1908 1906 1904
f 1945 1991 1988
f 1945 1988 1987
f 1945 1987 1989
f 1945 1989 1990
f 1945 1990 1991
f 1946 1993 1996
f 1950 2016 2014
f 1956 2046 2043
f 1955 2040 2039
f 1952 2023 2025
f 1948 2006 2003
f 1948 2003 2002
f 1948 2002 2004
f 1948 2004 2005
f 1948 2005 2006
f 1949 2010 2009
f 1947 1998 2001
f 1951 2017 2021
f 1953 2029 2030
f 1954 2036 2032
f 1956 2045 2042
f 1950 2013 2012
f 1946 1994 1992
f 1952 2026 2022
f 1955 2041 2037
f 1950 2015 2013
f 1956 2044 2045
f 1955 2038 2041
f 1952 2024 2026
f 1946 1995 1994
f 1954 2034 2033
f 1949 2007 2008
f 1947 1999 1997
f 1951 2020 2018
f 1953 2031 2028
f 1954 2035 2034
f 1949 2011 2007
f 1947 2000 1999
f 1951 2019 2020
f 1953 2027 2031
f 1950 2012 2016
f 1946 1992 1993
f 1952 2022 2023
f 1955 2037 2040
f 1956 2042 2046
f 1954 2032 2035
f 1949 2009 2011
f 1947 2001 2000
f 1951 2021 2019
f 1953 2030 2027
f 1949 2008 2010
f 1947 1997 1998
f 1951 2018 2017
f 1953 2028 2029
f 1954 2033 2036
f 1950 2014 2015
f 1956 2043 2044
f 1955 2039 2038
f 1952 2025 2024
f 1946 1996 1995
f 1979 2053 2060
f 1962 2049 2052
f 1963 2055 2050
f 1984 2058 2056
f 1986 2061 2059
f 1978 2069 2063
f 1977 2096 2100
f 1969 2081 2083
f 1980 2102 2104
f 1964 2067 2064
f 1976 2087 2093
f 1967 2071 2076
f 1968 2079 2072
f 1981 2091 2089
f 1985 2094 2092
f 1978 2097 2099
f 1977 2084 2077
f 1969 2082 2078
f 1980 2103 2101
f 1964 2066 2068
f 1961 2051 1991
f 1958 2047 1988
f 1957 2048 1987
f 1959 2054 1989
f 1960 2057 1990
f 1962 2062 1993
f 1979 2098 2016
f 1986 2085 2046
f 1984 2106 2040
f 1963 2065 2023
f 1974 2086 2006
f 1971 2073 2003
f 1966 2074 2002
f 1972 2088 2004
f 1973 2090 2005
f 1976 2095 2010
f 1967 2075 1998
f 1968 2080 2017
f 1981 2105 2029
f 1985 2070 2036
f 1979 2060 2045
f 1962 2052 2013
f 1963 2050 1994
f 1984 2056 2026
f 1986 2059 2041
f 1978 2063 2015
f 1977 2100 2044
f 1969 2083 2038
f 1980 2104 2024
f 1964 2064 1995
f 1976 2093 2034
f 1967 2076 2007
f 1968 2072 1999
f 1981 2089 2020
f 1985 2092 2031
f 1978 2099 2035
f 1977 2077 2011
f 1969 2078 2000
f 1980 2101 2019
f 1964 2068 2027
f 1958 2053 2012
f 1957 2049 1992
f 1959 2055 2022
f 1960 2058 2037
f 1961 2061 2042
f 1965 2069 2032
f 1975 2096 2009
f 1970 2081 2001
f 1982 2102 2021
f 1983 2067 2030
f 1971 2087 2008
f 1966 2071 1997
f 1972 2079 2018
f 1973 2091 2028
f 1974 2094 2033
f 1975 2097 2014
f 1970 2084 2043
f 1982 2082 2039
f 1983 2103 2025
f 1965 2066 1996
f 1958 2051 2053
f 1957 2047 2049
f 1959 2048 2055
f 1960 2054 2058
f 1961 2057 2061
f 1965 2062 2069
f 1975 2098 2096
f 1970 2085 2081
f 1982 2106 2102
f 1983 2065 2067
f 1971 2086 2087
f 1966 2073 2071
f 1972 2074 2079
f 1973 2088 2091
f 1974 2090 2094
f 1975 2095 2097
f 1970 2075 2084
f 1982 2080 2082
f 1983 2105 2103
f 1965 2070 2066
f 1958 1988 2051
f 1957 1987 2047
f 1959 1989 2048
f 1960 1990 2054
f 1961 1991 2057
f 1965 1996 2062
f 1975 2014 2098
f 1970 2043 2085
f 1982 2039 2106
f 1983 2025 2065
f 1971 2003 2086
f 1966 2002 2073
f 1972 2004 2074
f 1973 2005 2088
f 1974 2006 2090
f 1975 2009 2095
f 1970 2001 2075
f 1982 2021 2080
f 1983 2030 2105
f 1965 2032 2070
f 1961 2042 2060
f 1958 2012 2052
f 1957 1992 2050
f 1959 2022 2056
f 1960 2037 2059
f 1962 2013 2063
f 1979 2045 2100
f 1986 2041 2083
f 1984 2026 2104
f 1963 1994 2064
f 1974 2033 2093
f 1971 2008 2076
f 1966 1997 2072
f 1972 2018 2089
f 1973 2028 2092
f 1976 2034 2099
f 1967 2007 2077
f 1968 1999 2078
f 1981 2020 2101
f 1985 2031 2068
f 1979 2016 2053
f 1962 1993 2049
f 1963 2023 2055
f 1984 2040 2058
f 1986 2046 2061
f 1978 2035 2069
f 1977 2011 2096
f 1969 2000 2081
f 1980 2019 2102
f 1964 2027 2067
f 1976 2010 2087
f 1967 1998 2071
f 1968 2017 2079
f 1981 2029 2091
f 1985 2036 2094
f 1978 2015 2097
f 1977 2044 2084
f 1969 2038 2082
f 1980 2024 2103
f 1964 1995 2066
f 1961 2060 2051
f 1958 2052 2047
f 1957 2050 2048
f 1959 2056 2054
f 1960 2059 2057
f 1962 2063 2062
f 1979 2100 2098
f 1986 2083 2085
f 1984 2104 2106
f 1963 2064 2065
f 1974 2093 2086
f 1971 2076 2073
f 1966 2072 2074
f 1972 2089 2088
f 1973 2092 2090
f 1976 2099 2095
f 1967 2077 2075
f 1968 2078 2080
f 1981 2101 2105
f 1985 2068 2070
f 2051 1988 1991
f 2047 1987 1988
f 2048 1989 1987
f 2054 1990 1989
f 2057 1991 1990
f 2062 1996 1993
f 2098 2014 2016
f 2085 2043 2046
f 2106 2039 2040
f 2065 2025 2023
f 2086 2003 2006
f 2073 2002 2003
f 2074 2004 2002
f 2088 2005 2004
f 2090 2006 2005
f 2095 2009 2010
f 2075 2001 1998
f 2080 2021 2017
f 2105 2030 2029
f 2070 2032 2036
f 2060 2042 2045
f 2052 2012 2013
f 2050 1992 1994
f 2056 2022 2026
f 2059 2037 2041
f 2063 2013 2015
f 2100 2045 2044
f 2083 2041 2038
f 2104 2026 2024
f 2064 1994 1995
f 2093 2033 2034
f 2076 2008 2007
f 2072 1997 1999
f 2089 2018 2020
f 2092 2028 2031
f 2099 2034 2035
f 2077 2007 2011
f 2078 1999 2000
f 2101 2020 2019
f 2068 2031 2027
f 2053 2016 2012
f 2049 1993 1992
f 2055 2023 2022
f 2058 2040 2037
f 2061 2046 2042
f 2069 2035 2032
f 2096 2011 2009
f 2081 2000 2001
f 2102 2019 2021
f 2067 2027 2030
f 2087 2010 2008
f 2071 1998 1997
f 2079 2017 2018
f 2091 2029 2028
f 2094 2036 2033
f 2097 2015 2014
f 2084 2044 2043
f 2082 2038 2039
f 2103 2024 2025
f 2066 1995 1996
f 2051 2060 2053
f 2047 2052 2049
f 2048 2050 2055
f 2054 2056 2058
f 2057 2059 2061
f 2062 2063 2069
f 2098 2100 2096
f 2085 2083 2081
f 2106 2104 2102
f 2065 2064 2067
f 2086 2093 2087
f 2073 2076 2071
f 2074 2072 2079
f 2088 2089 2091
f 2090 2092 2094
f 2095 2099 2097
f 2075 2077 2084
f 2080 2078 2082
f 2105 2101 2103
f 2070 2068 2066
f 2107 2153 2150
f 2107 2150 2149
f 2107 2149 2151
f 2107 2151 2152
f 2107 2152 2153
f 2108 2155 2158
f 2112 2178 2176
f 2118 2208 2205
f 2117 2202 2201
f 2114 2185 2187
f 2110 2168 2165
f 2110 2165 2164
f 2110 2164 2166
f 2110 2166 2167
f 2110 2167 2168
f 2111 2172 2171
f 2109 2160 2163
f 2113 2179 2183
f 2115 2191 2192
f 2116 2198 2194
f 2118 2207 2204
f 2112 2175 2174
f 2108 2156 2154
f 2114 2188 2184
f 2117 2203 2199
f 2112 2177 2175
f 2118 2206 2207
f 2117 2200 2203
f 2114 2186 2188
f 2108 2157 2156
f 2116 2196 2195
f 2111 2169 2170
f 2109 2161 2159
f 2113 2182 2180
f 2115 2193 2190
f 2116 2197 2196
f 2111 2173 2169
f 2109 2162 2161
f 2113 2181 2182
f 2115 2189 2193
f 2112 2174 2178
f 2108 2154 2155
f 2114 2184 2185
f 2117 2199 2202
f 2118 2204 2208
f 2116 2194 2197
f 2111 2171 2173
f 2109 2163 2162
f 2113 2183 2181
f 2115 2192 2189
f 2111 2170 2172
f 2109 2159 2160
f 2113 2180 2179
f 2115 2190 2191
f 2116 2195 2198
f 2112 2176 2177
f 2118 2205 2206
f 2117 2201 2200
f 2114 2187 2186
f 2108 2158 2157
f 2141 2215 2222
f 2124 2211 2214
f 2125 2217 2212
f 2146 2220 2218
f 2148 2223 2221
f 2140 2231 2225
f 2139 2258 2262
f 2131 2243 2245
f 2142 2264 2266
f 2126 2229 2226
f 2138 2249 2255
f 2129 2233 2238
f 2130 2241 2234
f 2143 2253 2251
f 2147 2256 2254
f 2140 2259 2261
f 2139 2246 2239
f 2131 2244 2240
f 2142 2265 2263
f 2126 2228 2230
f 2123 2213 2153
f 2120 2209 2150
f 2119 2210 2149
f 2121 2216 2151
f 2122 2219 2152
f 2124 2224 2155
f 2141 2260 2178
f 2148 2247 2208
f 2146 2268 2202
f 2125 2227 2185
f 2136 2248 2168
f 2133 2235 2165
f 2128 2236 2164
f 2134 2250 2166
f 2135 2252 2167
f 2138 2257 2172
f 2129 2237 2160
f 2130 2242 2179
f 2143 2267 2191
f 2147 2232 2198
f 2141 2222 2207
f 2124 2214 2175
f 2125 2212 2156
f 2146 2218 2188
f 2148 2221 2203
f 2140 2225 2177
f 2139 2262 2206
f 2131 2245 2200
f 2142 2266 2186
f 2126 2226 2157
f 2138 2255 2196
f 2129 2238 2169
f 2130 2234 2161
f 2143 2251 2182
f 2147 2254 2193
f 2140 2261 2197
f 2139 2239 2173
f 2131 2240 2162
f 2142 2263 2181
f 2126 2230 2189
f 2120 2215 2174
f 2119 2211 2154
f 2121 2217 2184
f 2122 2220 2199
f 2123 2223 2204
f 2127 2231 2194
f 2137 2258 2171
f 2132 2243 2163
f 2144 2264 2183
f 2145 2229 2192
f 2133 2249 2170
f 2128 2233 2159
f 2134 2241 2180
f 2135 2253 2190
f 2136 2256 2195
f 2137 2259 2176
f 2132 2246 2205
f 2144 2244 2201
f 2145 2265 2187
f 2127 2228 2158
f 2120 2213 2215
f 2119 2209 2211
f 2121 2210 2217
f 2122 2216 2220
f 2123 2219 2223
f 2127 2224 2231
f 2137 2260 2258
f 2132 2247 2243
f 2144 2268 2264
f 2145 2227 2229
f 2133 2248 2249
f 2128 2235 2233
f 2134 2236 2241
f 2135 2250 2253
f 2136 2252 2256
f 2137 2257 2259
f 2132 2237 2246
f 2144 2242 2244
f 2145 2267 2265
f 2127 2232 2228
f 2120 2150 2213
f 2119 2149 2209
f 2121 2151 2210
f 2122 2152 2216
f 2123 2153 2219
f 2127 2158 2224
f 2137 2176 2260
f 2132 2205 2247
f 2144 2201 2268
f 2145 2187 2227
f 2133 2165 2248
f 2128 2164 2235
f 2134 2166 2236
f 2135 2167 2250
f 2136 2168 2252
f 2137 2171 2257
f 2132 2163 2237
f 2144 2183 2242
f 2145 2192 2267
f 2127 2194 2232
f 2123 2204 2222
f 2120 2174 2214
f 2119 2154 2212
f 2121 2184 2218
f 2122 2199 2221
f 2124 2175 2225
f 2141 2207 2262
f 2148 2203 2245
f 2146 2188 2266
f 2125 2156 2226
f 2136 2195 2255
f 2133 2170 2238
f 2128 2159 2234
f 2134 2180 2251
f 2135 2190 2254
f 2138 2196 2261
f 2129 2169 2239
f 2130 2161 2240
f 2143 2182 2263
f 2147 2193 2230
f 2141 2178 2215
f 2124 2155 2211
f 2125 2185 2217
f 2146 2202 2220
f 2148 2208 2223
f 2140 2197 2231
f 2139 2173 2258
f 2131 2162 2243
f 2142 2181 2264
f 2126 2189 2229
f 2138 2172 2249
f 2129 2160 2233
f 2130 2179 2241
f 2143 2191 2253
f 2147 2198 2256
f 2140 2177 2259
f 2139 2206 2246
f 2131 2200 2244
f 2142 2186 2265
f 2126 2157 2228
f 2123 2222 2213
f 2120 2214 2209
f 2119 2212 2210
f 2121 2218 2216
f 2122 2221 2219
f 2124 2225 2224
f 2141 2262 2260
f 2148 2245 2247
f 2146 2266 2268
f 2125 2226 2227
f 2136 2255 2248
f 2133 2238 2235
f 2128 2234 2236
f 2134 2251 2250
f 2135 2254 2252
f 2138 2261 2257
f 2129 2239 2237
f 2130 2240 2242
f 2143 2263 2267
f 2147 2230 2232
f 2213 2150 2153
f 2209 2149 2150
f 2210 2151 2149
f 2216 2152 2151
f 2219 2153 2152
f 2224 2158 2155
f 2260 2176 2178
f 2247 2205 2208
f 2268 2201 2202
f 2227 2187 2185
f 2248 2165 2168
f 2235 2164 2165
f 2236 2166 2164
f 2250 2167 2166
f 2252 2168 2167
f 2257 2171 2172
f 2237 2163 2160
f 2242 2183 2179
f 2267 2192 2191
f 2232 2194 2198
f 2222 2204 2207
f 2214 2174 2175
f 2212 2154 2156
f 2218 2184 2188
f 2221 2199 2203
f 2225 2175 2177
f 2262 2207 2206
f 2245 2203 2200
f 2266 2188 2186
f 2226 2156 2157
f 2255 2195 2196
f 2238 2170 2169
f 2234 2159 2161
f 2251 2180 2182
f 2254 2190 2193
f 2261 2196 2197
f 2239 2169 2173
f 2240 2161 2162
f 2263 2182 2181
f 2230 2193 2189
f 2215 2178 2174
f 2211 2155 2154
f 2217 2185 2184
f 2220 2202 2199
f 2223 2208 2204
f 2231 2197 2194
f 2258 2173 2171
f 2243 2162 2163
f 2264 2181 2183
f 2229 2189 2192
f 2249 2172 2170
f 2233 2160 2159
f 2241 2179 2180
f 2253 2191 2190
f 2256 2198 2195
f 2259 2177 2176
f 2246 2206 2205
f 2244 2200 2201
f 2265 2186 2187
f 2228 2157 2158
f 2213 2222 2215
f 2209 2214 2211
f 2210 2212 2217
f 2216 2218 2220
f 2219 2221 2223
f 2224 2225 2231
f 2260 2262 2258
f 2247 2245 2243
f 2268 2266 2264
f 2227 2226 2229
f 2248 2255 2249
f 2235 2238 2233
f 2236 2234 2241
f 2250 2251 2253
f 2252 2254 2256
f 2257 2261 2259
f 2237 2239 2246
f 2242 2240 2244
f 2267 2263 2265
f 2232 2230 2228
f 2269 2315 2312
f 2269 2312 2311
f 2269 2311 2313
f 2269 2313 2314
f 2269 2314 2315
f 2270 2317 2320
f 2274 2340 2338
f 2280 2370 2367
f 2279 2364 2363
f 2276 2347 2349
f 2272 2330 2327
f 2272 2327 2326
f 2272 2326 2328
f 2272 2328 2329
f 2272 2329 2330
f 2273 2334 2333
f 2271 2322 2325
f 2275 2341 2345
f 2277 2353 2354
f 2278 2360 2356
f 2280 2369 2366
f 2274 2337 2336
f 2270 2318 2316
f 2276 2350 2346
f 2279 2365 2361
f 2274 2339 2337
f 2280 2368 2369
f 2279 2362 2365
f 2276 2348 2350
f 2270 2319 2318
f 2278 2358 2357
f 2273 2331 2332
f 2271 2323 2321
f 2275 2344 2342
f 2277 2355 2352
f 2278 2359 2358
f 2273 2335 2331
f 2271 2324 2323
f 2275 2343 2344
f 2277 2351 2355
f 2274 2336 2340
f 2270 2316 2317
f 2276 2346 2347
f 2279 2361 2364
f 2280 2366 2370
f 2278 2356 2359
f 2273 2333 2335
f 2271 2325 2324
f 2275 2345 2343
f 2277 2354 2351
f 2273 2332 2334
f 2271 2321 2322
f 2275 2342 2341
f 2277 2352 2353
f 2278 2357 2360
f 2274 2338 2339
f 2280 2367 2368
f 2279 2363 2362
f 2276 2349 2348
f 2270 2320 2319
f 2303 2377 2384
f 2286 2373 2376
f 2287 2379 2374
f 2308 2382 2380
f 2310 2385 2383
f 2302 2393 2387
f 2301 2420 2424
f 2293 2405 2407
f 2304 2426 2428
f 2288 2391 2388
f 2300 2411 2417
f 2291 2395 2400
f 2292 2403 2396
f 2305 2415 2413
f 2309 2418 2416
f 2302 2421 2423
f 2301 2408 2401
f 2293 2406 2402
f 2304 2427 2425
f 2288 2390 2392
f 2285 2375 2315
f 2282 2371 2312
f 2281 2372 2311
f 2283 2378 2313
f 2284 2381 2314
f 2286 2386 2317
f 2303 2422 2340
f 2310 2409 2370
f 2308 2430 2364
f 2287 2389 2347
f 2298 2410 2330
f 2295 2397 2327
f 2290 2398 2326
f 2296 2412 2328
f 2297 2414 2329
f 2300 2419 2334
f 2291 2399 2322
f 2292 2404 2341
f 2305 2429 2353
f 2309 2394 2360
f 2303 2384 2369
f 2286 2376 2337
f 2287 2374 2318
f 2308 2380 2350
f 2310 2383 2365
f 2302 2387 2339
f 2301 2424 2368
f 2293 2407 2362
f 2304 2428 2348
f 2288 2388 2319
f 2300 2417 2358
f 2291 2400 2331
f 2292 2396 2323
f 2305 2413 2344
f 2309 2416 2355
f 2302 2423 2359
f 2301 2401 2335
f 2293 2402 2324
f 2304 2425 2343
f 2288 2392 2351
f 2282 2377 2336
f 2281 2373 2316
f 2283 2379 2346
f 2284 2382 2361
f 2285 2385 2366
f 2289 2393 2356
f 2299 2420 2333
f 2294 2405 2325
f 2306 2426 2345
f 2307 2391 2354
f 2295 2411 2332
f 2290 2395 2321
f 2296 2403 2342
f 2297 2415 2352
f 2298 2418 2357
f 2299 2421 2338
f 2294 2408 2367
f 2306 2406 2363
f 2307 2427 2349
f 2289 2390 2320
f 2282 2375 2377
f 2281 2371 2373
f 2283 2372 2379
f 2284 2378 2382
f 2285 2381 2385
f 2289 2386 2393
f 2299 2422 2420
f 2294 2409 2405
f 2306 2430 2426
f 2307 2389 2391
f 2295 2410 2411
f 2290 2397 2395
f 2296 2398 2403
f 2297 2412 2415
f 2298 2414 2418
f 2299 2419 2421
f 2294 2399 2408
f 2306 2404 2406
f 2307 2429 2427
f 2289 2394 2390
f 2282 2312 2375
f 2281 2311 2371
f 2283 2313 2372
f 2284 2314 2378
f 2285 2315 2381
f 2289 2320 2386
f 2299 2338 2422
f 2294 2367 2409
f 2306 2363 2430
f 2307 2349 2389
f 2295 2327 2410
f 2290 2326 2397
f 2296 2328 2398
f 2297 2329 2412
f 2298 2330 2414
f 2299 2333 2419
f 2294 2325 2399
f 2306 2345 2404
f 2307 2354 2429
f 2289 2356 2394
f 2285 2366 2384
f 2282 2336 2376
f 2281 2316 2374
f 2283 2346 2380
f 2284 2361 2383
f 2286 2337 2387
f 2303 2369 2424
f 2310 2365 2407
f 2308 2350 2428
f 2287 2318 2388
f 2298 2357 2417
f 2295 2332 2400
f 2290 2321 2396
f 2296 2342 2413
f 2297 2352 2416
f 2300 2358 2423
f 2291 2331 2401
f 2292 2323 2402
f 2305 2344 2425
f 2309 2355 2392
f 2303 2340 2377
f 2286 2317 2373
f 2287 2347 2379
f 2308 2364 2382
f 2310 2370 2385
f 2302 2359 2393
f 2301 2335 2420
f 2293 2324 2405
f 2304 2343 2426
f 2288 2351 2391
f 2300 2334 2411
f 2291 2322 2395
f 2292 2341 2403
f 2305 2353 2415
f 2309 2360 2418
f 2302 2339 2421
f 2301 2368 2408
f 2293 2362 2406
f 2304 2348 2427
f 2288 2319 2390
f 2285 2384 2375
f 2282 2376 2371
f 2281 2374 2372
f 2283 2380 2378
f 2284 2383 2381
f 2286 2387 2386
f 2303 2424 2422
f 2310 2407 2409
f 2308 2428 2430
f 2287 2388 2389
f 2298 2417 2410
f 2295 2400 2397
f 2290 2396 2398
f 2296 2413 2412
f 2297 2416 2414
f 2300 2423 2419
f 2291 2401 2399
f 2292 2402 2404
f 2305 2425 2429
f 2309 2392 2394
f 2375 2312 2315
f 2371 2311 2312
f 2372 2313 2311
f 2378 2314 2313
f 2381 2315 2314
f 2386 2320 2317
f 2422 2338 2340
f 2409 2367 2370
f 2430 2363 2364
f 2389 2349 2347
f 2410 2327 2330
f 2397 2326 2327
f 2398 2328 2326
f 2412 2329 2328
f 2414 2330 2329
f 2419 2333 2334
f 2399 2325 2322
f 2404 2345 2341
f 2429 2354 2353
f 2394 2356 2360
f 2384 2366 2369
f 2376 2336 2337
f 2374 2316 2318
f 2380 2346 2350
f 2383 2361 2365
f 2387 2337 2339
f 2424 2369 2368
f 2407 2365 2362
f 2428 2350 2348
f 2388 2318 2319
f 2417 2357 2358
f 2400 2332 2331
f 2396 2321 2323
f 2413 2342 2344
f 2416 2352 2355
f 2423 2358 2359
f 2401 2331 2335
f 2402 2323 2324
f 2425 2344 2343
f 2392 2355 2351
f 2377 2340 2336
f 2373 2317 2316
f 2379 2347 2346
f 2382 2364 2361
f 2385 2370 2366
f 2393 2359 2356
f 2420 2335 2333
f 2405 2324 2325
f 2426 2343 2345
f 2391 2351 2354
f 2411 2334 2332
f 2395 2322 2321
f 2403 2341 2342
f 2415 2353 2352
f 2418 2360 2357
f 2421 2339 2338
f 2408 2368 2367
f 2406 2362 2363
f 2427 2348 2349
f 2390 2319 2320
f 2375 2384 2377
f 2371 2376 2373
f 2372 2374 2379
f 2378 2380 2382
f 2381 2383 2385
f 2386 2387 2393
f 2422 2424 2420
f 2409 2407 2405
f 2430 2428 2426
f 2389 2388 2391
f 2410 2417 2411
f 2397 2400 2395
f 2398 2396 2403
f 2412 2413 2415
f 2414 2416 2418
f 2419 2423 2421
f 2399 2401 2408
f 2404 2402 2406
f 2429 2425 2427
f 2394 2392 2390
f 2431 2477 2474
f 2431 2474 2473
f 2431 2473 2475
f 2431 2475 2476
f 2431 2476 2477
f 2432 2479 2482
f 2436 2502 2500
f 2442 2532 2529
f 2441 2526 2525
f 2438 2509 2511
f 2434 2492 2489
f 2434 2489 2488
f 2434 2488 2490
f 2434 2490 2491
f 2434 2491 2492
f 2435 2496 2495
f 2433 2484 2487
f 2437 2503 2507
f 2439 2515 2516
f 2440 2522 2518
f 2442 2531 2528
f 2436 2499 2498
f 2432 2480 2478
f 2438 2512 2508
f 2441 2527 2523
f 2436 2501 2499
f 2442 2530 2531
f 2441 2524 2527
f 2438 2510 2512
f 2432 2481 2480
f 2440 2520 2519
f 2435 2493 2494
f 2433 2485 2483
f 2437 2506 2504
f 2439 2517 2514
f 2440 2521 2520
f 2435 2497 2493
f 2433 2486 2485
f 2437 2505 2506
f 2439 2513 2517
f 2436 2498 2502
f 2432 2478 2479
f 2438 2508 2509
f 2441 2523 2526
f 2442 2528 2532
f 2440 2518 2521
f 2435 2495 2497
f 2433 2487 2486
f 2437 2507 2505
f 2439 2516 2513
f 2435 2494 2496
f 2433 2483 2484
f 2437 2504 2503
f 2439 2514 2515
f 2440 2519 2522
f 2436 2500 2501
f 2442 2529 2530
f 2441 2525 2524
f 2438 2511 2510
f 2432 2482 2481
f 2465 2539 2546
f 2448 2535 2538
f 2449 2541 2536
f 2470 2544 2542
f 2472 2547 2545
f 2464 2555 2549
f 2463 2582 2586
f 2455 2567 2569
f 2466 2588 2590
f 2450 2553 2550
f 2462 2573 2579
f 2453 2557 2562
f 2454 2565 2558
f 2467 2577 2575
f 2471 2580 2578
f 2464 2583 2585
f 2463 2570 2563
f 2455 2568 2564
f 2466 2589 2587
f 2450 2552 2554
f 2447 2537 2477
f 2444 2533 2474
f 2443 2534 2473
f 2445 2540 2475
f 2446 2543 2476
f 2448 2548 2479
f 2465 2584 2502
f 2472 2571 2532
f 2470 2592 2526
f 2449 2551 2509
f 2460 2572 2492
f 2457 2559 2489
f 2452 2560 2488
f 2458 2574 2490
f 2459 2576 2491
f 2462 2581 2496
f 2453 2561 2484
f 2454 2566 2503
f 2467 2591 2515
f 2471 2556 2522
f 2465 2546 2531
f 2448 2538 2499
f 2449 2536 2480
f 2470 2542 2512
f 2472 2545 2527
f 2464 2549 2501
f 2463 2586 2530
f 2455 2569 2524
f 2466 2590 2510
f 2450 2550 2481
f 2462 2579 2520
f 2453 2562 2493
f 2454 2558 2485
f 2467 2575 2506
f 2471 2578 2517
f 2464 2585 2521
f 2463 2563 2497
f 2455 2564 2486
f 2466 2587 2505
f 2450 2554 2513
f 2444 2539 2498
f 2443 2535 2478
f 2445 2541 2508
f 2446 2544 2523
f 2447 2547 2528
f 2451 2555 2518
f 2461 2582 2495
f 2456 2567 2487
f 2468 2588 2507
f 2469 2553 2516
f 2457 2573 2494
f 2452 2557 2483
f 2458 2565 2504
f 2459 2577 2514
f 2460 2580 2519
f 2461 2583 2500
f 2456 2570 2529
f 2468 2568 2525
f 2469 2589 2511
f 2451 2552 2482
f 2444 2537 2539
f 2443 2533 2535
f 2445 2534 2541
f 2446 2540 2544
f 2447 2543 2547
f 2451 2548 2555
f 2461 2584 2582
f 2456 2571 2567
f 2468 2592 2588
f 2469 2551 2553
f 2457 2572 2573
f 2452 2559 2557
f 2458 2560 2565
f 2459 2574 2577
f 2460 2576 2580
f 2461 2581 2583
f 2456 2561 2570
f 2468 2566 2568
f 2469 2591 2589
f 2451 2556 2552
f 2444 2474 2537
f 2443 2473 2533
f 2445 2475 2534
f 2446 2476 2540
f 2447 2477 2543
f 2451 2482 2548
f 2461 2500 2584
f 2456 2529 2571
f 2468 2525 2592
f 2469 2511 2551
f 2457 2489 2572
f 2452 2488 2559
f 2458 2490 2560
f 2459 2491 2574
f 2460 2492 2576
f 2461 2495 2581
f 2456 2487 2561
f 2468 2507 2566
f 2469 2516 2591
f 2451 2518 2556
f 2447 2528 2546
f 2444 2498 2538
f 2443 2478 2536
f 2445 2508 2542
f 2446 2523 2545
f 2448 2499 2549
f 2465 2531 2586
f 2472 2527 2569
f 2470 2512 2590
f 2449 2480 2550
f 2460 2519 2579
f 2457 2494 2562
f 2452 2483 2558
f 2458 2504 2575
f 2459 2514 2578
f 2462 2520 2585
f 2453 2493 2563
f 2454 2485 2564
f 2467 2506 2587
f 2471 2517 2554
f 2465 2502 2539
f 2448 2479 2535
f 2449 2509 2541
f 2470 2526 2544
f 2472 2532 2547
f 2464 2521 2555
f 2463 2497 2582
f 2455 2486 2567
f 2466 2505 2588
f 2450 2513 2553
f 2462 2496 2573
f 2453 2484 2557
f 2454 2503 2565
f 2467 2515 2577
f 2471 2522 2580
f 2464 2501 2583
f 2463 2530 2570
f 2455 2524 2568
f 2466 2510 2589
f 2450 2481 2552
f 2447 2546 2537
f 2444 2538 2533
f 2443 2536 2534
f 2445 2542 2540
f 2446 2545 2543
f 2448 2549 2548
f 2465 2586 2584
f 2472 2569 2571
f 2470 2590 2592
f 2449 2550 2551
f 2460 2579 2572
f 2457 2562 2559
f 2452 2558 2560
f 2458 2575 2574
f 2459 2578 2576
f 2462 2585 2581
f 2453 2563 2561
f 2454 2564 2566
f 2467 2587 2591
f 2471 2554 2556
f 2537 2474 2477
f 2533 2473 2474
f 2534 2475 2473
f 2540 2476 2475
f 2543 2477 2476
f 2548 2482 2479
f 2584 2500 2502
f 2571 2529 2532
f 2592 2525 2526
f 2551 2511 2509
f 2572 2489 2492
f 2559 2488 2489
f 2560 2490 2488
f 2574 2491 2490
f 2576 2492 2491
f 2581 2495 2496
f 2561 2487 2484
f 2566 2507 2503
f 2591 2516 2515
f 2556 2518 2522
f 2546 2528 2531
f 2538 2498 2499
f 2536 2478 2480
f 2542 2508 2512
f 2545 2523 2527
f 2549 2499 2501
f 2586 2531 2530
f 2569 2527 2524
f 2590 2512 2510
f 2550 2480 2481
f 2579 2519 2520
f 2562 2494 2493
f 2558 2483 2485
f 2575 2504 2506
f 2578 2514 2517
f 2585 2520 2521
f 2563 2493 2497
f 2564 2485 2486
f 2587 2506 2505
f 2554 2517 2513
f 2539 2502 2498
f 2535 2479 2478
f 2541 2509 2508
f 2544 2526 2523
f 2547 2532 2528
f 2555 2521 2518
f 2582 2497 2495
f 2567 2486 2487
f 2588 2505 2507
f 2553 2513 2516
f 2573 2496 2494
f 2557 2484 2483
f 2565 2503 2504
f 2577 2515 2514
f 2580 2522 2519
f 2583 2501 2500
f 2570 2530 2529
f 2568 2524 2525
f 2589 2510 2511
f 2552 2481 2482
f 2537 2546 2539
f 2533 2538 2535
f 2534 2536 2541
f 2540 2542 2544
f 2543 2545 2547
f 2548 2549 2555
f 2584 2586 2582
f 2571 2569 2567
f 2592 2590 2588
f 2551 2550 2553
f 2572 2579 2573
f 2559 2562 2557
f 2560 2558 2565
f 2574 2575 2577
f 2576 2578 2580
f 2581 2585 2583
f 2561 2563 2570
f 2566 2564 2568
f 2591 2587 2589
f 2556 2554 2552
f 2593 2639 2636
f 2593 2636 2635
f 2593 2635 2637
f 2593 2637 2638
f 2593 2638 2639
f 2594 2641 2644
f 2598 2664 2662
f 2604 2694 2691
f 2603 2688 2687
f 2600 2671 2673
f 2596 2654 2651
f 2596 2651 2650
f 2596 2650 2652
f 2596 2652 2653
f 2596 2653 2654
f 2597 2658 2657
f 2595 2646 2649
f 2599 2665 2669
f 2601 2677 2678
f 2602 2684 2680
f 2604 2693 2690
f 2598 2661 2660
f 2594 2642 2640
f 2600 2674 2670
f 2603 2689 2685
f 2598 2663 2661
f 2604 2692 2693
f 2603 2686 2689
f 2600 2672 2674
f 2594 2643 2642
f 2602 2682 2681
f 2597 2655 2656
f 2595 2647 2645
f 2599 2668 2666
f 2601 2679 2676
f 2602 2683 2682
f 2597 2659 2655
f 2595 2648 2647
f 2599 2667 2668
f 2601 2675 2679
f 2598 2660 2664
f 2594 2640 2641
f 2600 2670 2671
f 2603 2685 2688
f 2604 2690 2694
f 2602 2680 2683
f 2597 2657 2659
f 2595 2649 2648
f 2599 2669 2667
f 2601 2678 2675
f 2597 2656 2658
f 2595 2645 2646
f 2599 2666 2665
f 2601 2676 2677
f 2602 2681 2684
f 2598 2662 2663
f 2604 2691 2692
f 2603 2687 2686
f 2600 2673 2672
f 2594 2644 2643
f 2627 2701 2708
f 2610 2697 2700
f 2611 2703 2698
f 2632 2706 2704
f 2634 2709 2707
f 2626 2717 2711
f 2625 2744 2748
f 2617 2729 2731
f 2628 2750 2752
f 2612 2715 2712
f 2624 2735 2741
f 2615 2719 2724
f 2616 2727 2720
f 2629 2739 2737
f 2633 2742 2740
f 2626 2745 2747
f 2625 2732 2725
f 2617 2730 2726
f 2628 2751 2749
f 2612 2714 2716
f 2609 2699 2639
f 2606 2695 2636
f 2605 2696 2635
f 2607 2702 2637
f 2608 2705 2638
f 2610 2710 2641
f 2627 2746 2664
f 2634 2733 2694
f 2632 2754 2688
f 2611 2713 2671
f 2622 2734 2654
f 2619 2721 2651
f 2614 2722 2650
f 2620 2736 2652
f 2621 2738 2653
f 2624 2743 2658
f 2615 2723 2646
f 2616 2728 2665
f 2629 2753 2677
f 2633 2718 2684
f 2627 2708 2693
f 2610 2700 2661
f 2611 2698 2642
f 2632 2704 2674
f 2634 2707 2689
f 2626 2711 2663
f 2625 2748 2692
f 2617 2731 2686
f 2628 2752 2672
f 2612 2712 2643
f 2624 2741 2682
f 2615 2724 2655
f 2616 2720 2647
f 2629 2737 2668
f 2633 2740 2679
f 2626 2747 2683
f 2625 2725 2659
f 2617 2726 2648
f 2628 2749 2667
f 2612 2716 2675
f 2606 2701 2660
f 2605 2697 2640
f 2607 2703 2670
f 2608 2706 2685
f 2609 2709 2690
f 2613 2717 2680
f 2623 2744 2657
f 2618 2729 2649
f 2630 2750 2669
f 2631 2715 2678
f 2619 2735 2656
f 2614 2719 2645
f 2620 2727 2666
f 2621 2739 2676
f 2622 2742 2681
f 2623 2745 2662
f 2618 2732 2691
f 2630 2730 2687
f 2631 2751 2673
f 2613 2714 2644
f 2606 2699 2701
f 2605 2695 2697
f 2607 2696 2703
f 2608 2702 2706
f 2609 2705 2709
f 2613 2710 2717
f 2623 2746 2744
f 2618 2733 2729
f 2630 2754 2750
f 2631 2713 2715
f 2619 2734 2735
f 2614 2721 2719
f 2620 2722 2727
f 2621 2736 2739
f 2622 2738 2742
f 2623 2743 2745
f 2618 2723 2732
f 2630 2728 2730
f 2631 2753 2751
f 2613 2718 2714
f 2606 2636 2699
f 2605 2635 2695
f 2607 2637 2696
f 2608 2638 2702
f 2609 2639 2705
f 2613 2644 2710
f 2623 2662 2746
f 2618 2691 2733
f 2630 2687 2754
f 2631 2673 2713
f 2619 2651 2734
f 2614 2650 2721
f 2620 2652 2722
f 2621 2653 2736
f 2622 2654 2738
f 2623 2657 2743
f 2618 2649 2723
f 2630 2669 2728
f 2631 2678 2753
f 2613 2680 2718
f 2609 2690 2708
f 2606 2660 2700
f 2605 2640 2698
f 2607 2670 2704
f 2608 2685 2707
f 2610 2661 2711
f 2627 2693 2748
f 2634 2689 2731
f 2632 2674 2752
f 2611 2642 2712
f 2622 2681 2741
f 2619 2656 2724
f 2614 2645 2720
f 2620 2666 2737
f 2621 2676 2740
f 2624 2682 2747
f 2615 2655 2725
f 2616 2647 2726
f 2629 2668 2749
f 2633 2679 2716
f 2627 2664 2701
f 2610 2641 2697
f 2611 2671 2703
f 2632 2688 2706
f 2634 2694 2709
f 2626 2683 2717
f 2625 2659 2744
f 2617 2648 2729
f 2628 2667 2750
f 2612 2675 2715
f 2624 2658 2735
f 2615 2646 2719
f 2616 2665 2727
f 2629 2677 2739
f 2633 2684 2742
f 2626 2663 2745
f 2625 2692 2732
f 2617 2686 2730
f 2628 2672 2751
f 2612 2643 2714
f 2609 2708 2699
f 2606 2700 2695
f 2605 2698 2696
f 2607 2704 2702
f 2608 2707 2705
f 2610 2711 2710
f 2627 2748 2746
f 2634 2731 2733
f 2632 2752 2754
f 2611 2712 2713
f 2622 2741 2734
f 2619 2724 2721
f 2614 2720 2722
f 2620 2737 2736
f 2621 2740 2738
f 2624 2747 2743
f 2615 2725 2723
f 2616 2726 2728
f 2629 2749 2753
f 2633 2716 2718
f 2699 2636 2639
f 2695 2635 2636
f 2696 2637 2635
f 2702 2638 2637
f 2705 2639 2638
f 2710 2644 2641
f 2746 2662 2664
f 2733 2691 2694
f 2754 2687 2688
f 2713 2673 2671
f 2734 2651 2654
f 2721 2650 2651
f 2722 2652 2650
f 2736 2653 2652
f 2738 2654 2653
f 2743 2657 2658
f 2723 2649 2646
f 2728 2669 2665
f 2753 2678 2677
f 2718 2680 2684
f 2708 2690 2693
f 2700 2660 2661
f 2698 2640 2642
f 2704 2670 2674
f 2707 2685 2689
f 2711 2661 2663
f 2748 2693 2692
f 2731 2689 2686
f 2752 2674 2672
f 2712 2642 2643
f 2741 2681 2682
f 2724 2656 2655
f 2720 2645 2647
f 2737 2666 2668
f 2740 2676 2679
f 2747 2682 2683
f 2725 2655 2659
f 2726 2647 2648
f 2749 2668 2667
f 2716 2679 2675
f 2701 2664 2660
f 2697 2641 2640
f 2703 2671 2670
f 2706 2688 2685
f 2709 2694 2690
f 2717 2683 2680
f 2744 2659 2657
f 2729 2648 2649
f 2750 2667 2669
f 2715 2675 2678
f 2735 2658 2656
f 2719 2646 2645
f 2727 2665 2666
f 2739 2677 2676
f 2742 2684 2681
f 2745 2663 2662
f 2732 2692 2691
f 2730 2686 2687
f 2751 2672 2673
f 2714 2643 2644
f 2699 2708 2701
f 2695 2700 2697
f 2696 2698 2703
f 2702 2704 2706
f 2705 2707 2709
f 2710 2711 2717
f 2746 2748 2744
f 2733 2731 2729
f 2754 2752 2750
f 2713 2712 2715
f 2734 2741 2735
f 2721 2724 2719
f 2722 2720 2727
f 2736 2737 2739
f 2738 2740 2742
f 2743 2747 2745
f 2723 2725 2732
f 2728 2726 2730
f 2753 2749 2751
f 2718 2716 2714
f 2755 2801 2798
f 2755 2798 2797
f 2755 2797 2799
f 2755 2799 2800
f 2755 2800 2801
f 2756 2803 2806
f 2760 2826 2824
f 2766 2856 2853
f 2765 2850 2849
f 2762 2833 2835
f 2758 2816 2813
f 2758 2813 2812
f 2758 2812 2814
f 2758 2814 2815
f 2758 2815 2816
f 2759 2820 2819
f 2757 2808 2811
f 2761 2827 2831
f 2763 2839 2840
f 2764 2846 2842
f 2766 2855 2852
f 2760 2823 2822
f 2756 2804 2802
f 2762 2836 2832
f 2765 2851 2847
f 2760 2825 2823
f 2766 2854 2855
f 2765 2848 2851
f 2762 2834 2836
f 2756 2805 2804
f 2764 2844 2843
f 2759 2817 2818
f 2757 2809 2807
f 2761 2830 2828
f 2763 2841 2838
f 2764 2845 2844
f 2759 2821 2817
f 2757 2810 2809
f 2761 2829 2830
f 2763 2837 2841
f 2760 2822 2826
f 2756 2802 2803
f 2762 2832 2833
f 2765 2847 2850
f 2766 2852 2856
f 2764 2842 2845
f 2759 2819 2821
f 2757 2811 2810
f 2761 2831 2829
f 2763 2840 2837
f 2759 2818 2820
f 2757 2807 2808
f 2761 2828 2827
f 2763 2838 2839
f 2764 2843 2846
f 2760 2824 2825
f 2766 2853 2854
f 2765 2849 2848
f 2762 2835 2834
f 2756 2806 2805
f 2789 2863 2870
f 2772 2859 2862
f 2773 2865 2860
f 2794 2868 2866
f 2796 2871 2869
f 2788 2879 2873
f 2787 2906 2910
f 2779 2891 2893
f 2790 2912 2914
f 2774 2877 2874
f 2786 2897 2903
f 2777 2881 2886
f 2778 2889 2882
f 2791 2901 2899
f 2795 2904 2902
f 2788 2907 2909
f 2787 2894 2887
f 2779 2892 2888
f 2790 2913 2911
f 2774 2876 2878
f 2771 2861 2801
f 2768 2857 2798
f 2767 2858 2797
f 2769 2864 2799
f 2770 2867 2800
f 2772 2872 2803
f 2789 2908 2826
f 2796 2895 2856
f 2794 2916 2850
f 2773 2875 2833
f 2784 2896 2816
f 2781 2883 2813
f 2776 2884 2812
f 2782 2898 2814
f 2783 2900 2815
f 2786 2905 2820
f 2777 2885 2808
f 2778 2890 2827
f 2791 2915 2839
f 2795 2880 2846
f 2789 2870 2855
f 2772 2862 2823
f 2773 2860 2804
f 2794 2866 2836
f 2796 2869 2851
f 2788 2873 2825
f 2787 2910 2854
f 2779 2893 2848
f 2790 2914 2834
f 2774 2874 2805
f 2786 2903 2844
f 2777 2886 2817
f 2778 2882 2809
f 2791 2899 2830
f 2795 2902 2841
f 2788 2909 2845
f 2787 2887 2821
f 2779 2888 2810
f 2790 2911 2829
f 2774 2878 2837
f 2768 2863 2822
f 2767 2859 2802
f 2769 2865 2832
f 2770 2868 2847
f 2771 2871 2852
f 2775 2879 2842
f 2785 2906 2819
f 2780 2891 2811
f 2792 2912 2831
f 2793 2877 2840
f 2781 2897 2818
f 2776 2881 2807
f 2782 2889 2828
f 2783 2901 2838
f 2784 2904 2843
f 2785 2907 2824
f 2780 2894 2853
f 2792 2892 2849
f 2793 2913 2835
f 2775 2876 2806
f 2768 2861 2863
f 2767 2857 2859
f 2769 2858 2865
f 2770 2864 2868
f 2771 2867 2871
f 2775 2872 2879
f 2785 2908 2906
f 2780 2895 2891
f 2792 2916 2912
f 2793 2875 2877
f 2781 2896 2897
f 2776 2883 2881
f 2782 2884 2889
f 2783 2898 2901
f 2784 2900 2904
f 2785 2905 2907
f 2780 2885 2894
f 2792 2890 2892
f 2793 2915 2913
f 2775 2880 2876
f 2768 2798 2861
f 2767 2797 2857
f 2769 2799 2858
f 2770 2800 2864
f 2771 2801 2867
f 2775 2806 2872
f 2785 2824 2908
f 2780 2853 2895
f 2792 2849 2916
f 2793 2835 2875
f 2781 2813 2896
f 2776 2812 2883
f 2782 2814 2884
f 2783 2815 2898
f 2784 2816 2900
f 2785 2819 2905
f 2780 2811 2885
f 2792 2831 2890
f 2793 2840 2915
f 2775 2842 2880
f 2771 2852 2870
f 2768 2822 2862
f 2767 2802 2860
f 2769 2832 2866
f 2770 2847 2869
f 2772 2823 2873
f 2789 2855 2910
f 2796 2851 2893
f 2794 2836 2914
f 2773 2804 2874
f 2784 2843 2903
f 2781 2818 2886
f 2776 2807 2882
f 2782 2828 2899
f 2783 2838 2902
f 2786 2844 2909
f 2777 2817 2887
f 2778 2809 2888
f 2791 2830 2911
f 2795 2841 2878
f 2789 2826 2863
f 2772 2803 2859
f 2773 2833 2865
f 2794 2850 2868
f 2796 2856 2871
f 2788 2845 2879
f 2787 2821 2906
f 2779 2810 2891
f 2790 2829 2912
f 2774 2837 2877
f 2786 2820 2897
f 2777 2808 2881
f 2778 2827 2889
f 2791 2839 2901
f 2795 2846 2904
f 2788 2825 2907
f 2787 2854 2894
f 2779 2848 2892
f 2790 2834 2913
f 2774 2805 2876
f 2771 2870 2861
f 2768 2862 2857
f 2767 2860 2858
f 2769 2866 2864
f 2770 2869 2867
f 2772 2873 2872
f 2789 2910 2908
f 2796 2893 2895
f 2794 2914 2916
f 2773 2874 2875
f 2784 2903 2896
f 2781 2886 2883
f 2776 2882 2884
f 2782 2899 2898
f 2783 2902 2900
f 2786 2909 2905
f 2777 2887 2885
f 2778 2888 2890
f 2791 2911 2915
f 2795 2878 2880
f 2861 2798 2801
f 2857 2797 2798
f 2858 2799 2797
f 2864 2800 2799
f 2867 2801 2800
f 2872 2806 2803
f 2908 2824 2826
f 2895 2853 2856
f 2916 2849 2850
f 2875 2835 2833
f 2896 2813 2816
f 2883 2812 2813
f 2884 2814 2812
f 2898 2815 2814
f 2900 2816 2815
f 2905 2819 2820
f 2885 2811 2808
f 2890 2831 2827
f 2915 2840 2839
f 2880 2842 2846
f 2870 2852 2855
f 2862 2822 2823
f 2860 2802 2804
f 2866 2832 2836
f 2869 2847 2851
f 2873 2823 2825
f 2910 2855 2854
f 2893 2851 2848
f 2914 2836 2834
f 2874 2804 2805
f 2903 2843 2844
f 2886 2818 2817
f 2882 2807 2809
f 2899 2828 2830
f 2902 2838 2841
f 2909 2844 2845
f 2887 2817 2821
f 2888 2809 2810
f 2911 2830 2829
f 2878 2841 2837
f 2863 2826 2822
f 2859 2803 2802
f 2865 2833 2832
f 2868 2850 2847
f 2871 2856 2852
f 2879 2845 2842
f 2906 2821 2819
f 2891 2810 2811
f 2912 2829 2831
f 2877 2837 2840
f 2897 2820 2818
f 2881 2808 2807
f 2889 2827 2828
f 2901 2839 2838
f 2904 2846 2843
f 2907 2825 2824
f 2894 2854 2853
f 2892 2848 2849
f 2913 2834 2835
f 2876 2805 2806
f 2861 2870 2863
f 2857 2862 2859
f 2858 2860 2865
f 2864 2866 2868
f 2867 2869 2871
f 2872 2873 2879
f 2908 2910 2906
f 2895 2893 2891
f 2916 2914 2912
f 2875 2874 2877
f 2896 2903 2897
f 2883 2886 2881
f 2884 2882 2889
f 2898 2899 2901
f 2900 2902 2904
f 2905 2909 2907
f 2885 2887 2894
f 2890 2888 2892
f 2915 2911 2913
f 2880 2878 2876
f 2917 2963 2960
f 2917 2960 2959
f 2917 2959 2961
f 2917 2961 2962
f 2917 2962 2963
f 2918 2965 2968
f 2922 2988 2986
f 2928 3018 3015
f 2927 3012 3011
f 2924 2995 2997
f 2920 2978 2975
f 2920 2975 2974
f 2920 2974 2976
f 2920 2976 2977
f 2920 2977 2978
f 2921 2982 2981
f 2919 2970 2973
f 2923 2989 2993
f 2925 3001 3002
f 2926 3008 3004
f 2928 3017 3014
f 2922 2985 2984
f 2918 2966 2964
f 2924 2998 2994
f 2927 3013 3009
f 2922 2987 2985
f 2928 3016 3017
f 2927 3010 3013
f 2924 2996 2998
f 2918 2967 2966
f 2926 3006 3005
f 2921 2979 2980
f 2919 2971 2969
f 2923 2992 2990
f 2925 3003 3000
f 2926 3007 3006
f 2921 2983 2979
f 2919 2972 2971
f 2923 2991 2992
f 2925 2999 3003
f 2922 2984 2988
f 2918 2964 2965
f 2924 2994 2995
f 2927 3009 3012
f 2928 3014 3018
f 2926 3004 3007
f 2921 2981 2983
f 2919 2973 2972
f 2923 2993 2991
f 2925 3002 2999
f 2921 2980 2982
f 2919 2969 2970
f 2923 2990 2989
f 2925 3000 3001
f 2926 3005 3008
f 2922 2986 2987
f 2928 3015 3016
f 2927 3011 3010
f 2924 2997 2996
f 2918 2968 2967
f 2951 3025 3032
f 2934 3021 3024
f 2935 3027 3022
f 2956 3030 3028
f 2958 3033 3031
f 2950 3041 3035
f 2949 3068 3072
f 2941 3053 3055
f 2952 3074 3076
f 2936 3039 3036
f 2948 3059 3065
f 2939 3043 3048
f 2940 3051 3044
f 2953 3063 3061
f 2957 3066 3064
f 2950 3069 3071
f 2949 3056 3049
f 2941 3054 3050
f 2952 3075 3073
f 2936 3038 3040
f 2933 3023 2963
f 2930 3019 2960
f 2929 3020 2959
f 2931 3026 2961
f 2932 3029 2962
f 2934 3034 2965
f 2951 3070 2988
f 2958 3057 3018
f 2956 3078 3012
f 2935 3037 2995
f 2946 3058 2978
f 2943 3045 2975
f 2938 3046 2974
f 2944 3060 2976
f 2945 3062 2977
f 2948 3067 2982
f 2939 3047 2970
f 2940 3052 2989
f 2953 3077 3001
f 2957 3042 3008
f 2951 3032 3017
f 2934 3024 2985
f 2935 3022 2966
f 2956 3028 2998
f 2958 3031 3013
f 2950 3035 2987
f 2949 3072 3016
f 2941 3055 3010
f 2952 3076 2996
f 2936 3036 2967
f 2948 3065 3006
f 2939 3048 2979
f 2940 3044 2971
f 2953 3061 2992
f 2957 3064 3003
f 2950 3071 3007
f 2949 3049 2983
f 2941 3050 2972
f 2952 3073 2991
f 2936 3040 2999
f 2930 3025 2984
f 2929 3021 2964
f 2931 3027 2994
f 2932 3030 3009
f 2933 3033 3014
f 2937 3041 3004
f 2947 3068 2981
f 2942 3053 2973
f 2954 3074 2993
f 2955 3039 3002
f 2943 3059 2980
f 2938 3043 2969
f 2944 3051 2990
f 2945 3063 3000
f 2946 3066 3005
f 2947 3069 2986
f 2942 3056 3015
f 2954 3054 3011
f 2955 3075 2997
f 2937 3038 2968
f 2930 3023 3025
f 2929 3019 3021
f 2931 3020 3027
f 2932 3026 3030
f 2933 3029 3033
f 2937 3034 3041
f 2947 3070 3068
f 2942 3057 3053
f 2954 3078 3074
f 2955 3037 3039
f 2943 3058 3059
f 2938 3045 3043
f 2944 3046 3051
f 2945 3060 3063
f 2946 3062 3066
f 2947 3067 3069
f 2942 3047 3056
f 2954 3052 3054
f 2955 3077 3075
f 2937 3042 3038
f 2930 2960 3023
f 2929 2959 3019
f 2931 2961 3020
f 2932 2962 3026
f 2933 2963 3029
f 2937 2968 3034
f 2947 2986 3070
f 2942 3015 3057
f 2954 3011 3078
f 2955 2997 3037
f 2943 2975 3058
f 2938 2974 3045
f 2944 2976 3046
f 2945 2977 3060
f 2946 2978 3062
f 2947 2981 3067
f 2942 2973 3047
f 2954 2993 3052
f 2955 3002 3077
f 2937 3004 3042
f 2933 3014 3032
f 2930 2984 3024
f 2929 2964 3022
f 2931 2994 3028
f 2932 3009 3031
f 2934 2985 3035
f 2951 3017 3072
f 2958 3013 3055
f 2956 2998 3076
f 2935 2966 3036
f 2946 3005 3065
f 2943 2980 3048
f 2938 2969 3044
f 2944 2990 3061
f 2945 3000 3064
f 2948 3006 3071
f 2939 2979 3049
f 2940 2971 3050
f 2953 2992 3073
f 2957 3003 3040
f 2951 2988 3025
f 2934 2965 3021
f 2935 2995 3027
f 2956 3012 3030
f 2958 3018 3033
f 2950 3007 3041
f 2949 2983 3068
f 2941 2972 3053
f 2952 2991 3074
f 2936 2999 3039
f 2948 2982 3059
f 2939 2970 3043
f 2940 2989 3051
f 2953 3001 3063
f 2957 3008 3066
f 2950 2987 3069
f 2949 3016 3056
f 2941 3010 3054
f 2952 2996 3075
f 2936 2967 3038
f 2933 3032 3023
f 2930 3024 3019
f 2929 3022 3020
f 2931 3028 3026
f 2932 3031 3029
f 2934 3035 3034
f 2951 3072 3070
f 2958 3055 3057
f 2956 3076 3078
f 2935 3036 3037
f 2946 3065 3058
f 2943 3048 3045
f 2938 3044 3046
f 2944 3061 3060
f 2945 3064 3062
f 2948 3071 3067
f 2939 3049 3047
f 2940 3050 3052
f 2953 3073 3077
f 2957 3040 3042
f 3023 2960 2963
f 3019 2959 2960
f 3020 2961 2959
f 3026 2962 2961
f 3029 2963 2962
f 3034 2968 2965
f 3070 2986 2988
f 3057 3015 3018
f 3078 3011 3012
f 3037 2997 2995
f 3058 2975 2978
f 3045 2974 2975
f 3046 2976 2974
f 3060 2977 2976
f 3062 2978 2977
f 3067 2981 2982
f 3047 2973 2970
f 3052 2993 2989
f 3077 3002 3001
f 3042 3004 3008
f 3032 3014 3017
f 3024 2984 2985
f 3022 2964 2966
f 3028 2994 2998
f 3031 3009 3013
f 3035 2985 2987
f 3072 3017 3016
f 3055 3013 3010
f 3076 2998 2996
f 3036 2966 2967
f 3065 3005 3006
f 3048 2980 2979
f 3044 2969 2971
f 3061 2990 2992
f 3064 3000 3003
f 3071 3006 3007
f 3049 2979 2983
f 3050 2971 2972
f 3073 2992 2991
f 3040 3003 2999
f 3025 2988 2984
f 3021 2965 2964
f 3027 2995 2994
f 3030 3012 3009
f 3033 3018 3014
f 3041 3007 3004
f 3068 2983 2981
f 3053 2972 2973
f 3074 2991 2993
f 3039 2999 3002
f 3059 2982 2980
f 3043 2970 2969
f 3051 2989 2990
f 3063 3001 3000
f 3066 3008 3005
f 3069 2987 2986
f 3056 3016 3015
f 3054 3010 3011
f 3075 2996 2997
f 3038 2967 2968
f 3023 3032 3025
f 3019 3024 3021
f 3020 3022 3027
f 3026 3028 3030
f 3029 3031 3033
f 3034 3035 3041
f 3070 3072 3068
f 3057 3055 3053
f 3078 3076 3074
f 3037 3036 3039
f 3058 3065 3059
f 3045 3048 3043
f 3046 3044 3051
f 3060 3061 3063
f 3062 3064 3066
f 3067 3071 3069
f 3047 3049 3056
f 3052 3050 3054
f 3077 3073 3075
f 3042 3040 3038
f 3079 3125 3122
f 3079 3122 3121
f 3079 3121 3123
f 3079 3123 3124
f 3079 3124 3125
f 3080 3127 3130
f 3084 3150 3148
f 3090 3180 3177
f 3089 3174 3173
f 3086 3157 3159
f 3082 3140 3137
f 3082 3137 3136
f 3082 3136 3138
f 3082 3138 3139
f 3082 3139 3140
f 3083 3144 3143
f 3081 3132 3135
f 3085 3151 3155
f 3087 3163 3164
f 3088 3170 3166
f 3090 3179 3176
f 3084 3147 3146
f 3080 3128 3126
f 3086 3160 3156
f 3089 3175 3171
f 3084 3149 3147
f 3090 3178 3179
f 3089 3172 3175
f 3086 3158 3160
f 3080 3129 3128
f 3088 3168 3167
f 3083 3141 3142
f 3081 3133 3131
f 3085 3154 3152
f 3087 3165 3162
f 3088 3169 3168
f 3083 3145 3141
f 3081 3134 3133
f 3085 3153 3154
f 3087 3161 3165
f 3084 3146 3150
f 3080 3126 3127
f 3086 3156 3157
f 3089 3171 3174
f 3090 3176 3180
f 3088 3166 3169
f 3083 3143 3145
f 3081 3135 3134
f 3085 3155 3153
f 3087 3164 3161
f 3083 3142 3144
f 3081 3131 3132
f 3085 3152 3151
f 3087 3162 3163
f 3088 3167 3170
f 3084 3148 3149
f 3090 3177 3178
f 3089 3173 3172
f 3086 3159 3158
f 3080 3130 3129
f 3113 3187 3194
f 3096 3183 3186
f 3097 3189 3184
f 3118 3192 3190
f 3120 3195 3193
f 3112 3203 3197
f 3111 3230 3234
f 3103 3215 3217
f 3114 3236 3238
f 3098 3201 3198
f 3110 3221 3227
f 3101 3205 3210
f 3102 3213 3206
f 3115 3225 3223
f 3119 3228 3226
f 3112 3231 3233
f 3111 3218 3211
f 3103 3216 3212
f 3114 3237 3235
f 3098 3200 3202
f 3095 3185 3125
f 3092 3181 3122
f 3091 3182 3121
f 3093 3188 3123
f 3094 3191 3124
f 3096 3196 3127
f 3113 3232 3150
f 3120 3219 3180
f 3118 3240 3174
f 3097 3199 3157
f 3108 3220 3140
f 3105 3207 3137
f 3100 3208 3136
f 3106 3222 3138
f 3107 3224 3139
f 3110 3229 3144
f 3101 3209 3132
f 3102 3214 3151
f 3115 3239 3163
f 3119 3204 3170
f 3113 3194 3179
f 3096 3186 3147
f 3097 3184 3128
f 3118 3190 3160
f 3120 3193 3175
f 3112 3197 3149
f 3111 3234 3178
f 3103 3217 3172
f 3114 3238 3158
f 3098 3198 3129
f 3110 3227 3168
f 3101 3210 3141
f 3102 3206 3133
f 3115 3223 3154
f 3119 3226 3165
f 3112 3233 3169
f 3111 3211 3145
f 3103 3212 3134
f 3114 3235 3153
f 3098 3202 3161
f 3092 3187 3146
f 3091 3183 3126
f 3093 3189 3156
f 3094 3192 3171
f 3095 3195 3176
f 3099 3203 3166
f 3109 3230 3143
f 3104 3215 3135
f 3116 3236 3155
f 3117 3201 3164
f 3105 3221 3142
f 3100 3205 3131
f 3106 3213 3152
f 3107 3225 3162
f 3108 3228 3167
f 3109 3231 3148
f 3104 3218 3177
f 3116 3216 3173
f 3117 3237 3159
f 3099 3200 3130
f 3092 3185 3187
f 3091 3181 3183
f 3093 3182 3189
f 3094 3188 3192
f 3095 3191 3195
f 3099 3196 3203
f 3109 3232 3230
f 3104 3219 3215
f 3116 3240 3236
f 3117 3199 3201
f 3105 3220 3221
f 3100 3207 3205
f 3106 3208 3213
f 3107 3222 3225
f 3108 3224 3228
f 3109 3229 3231
f 3104 3209 3218
f 3116 3214 3216
f 3117 3239 3237
f 3099 3204 3200
f 3092 3122 3185
f 3091 3121 3181
f 3093 3123 3182
f 3094 3124 3188
f 3095 3125 3191
f 3099 3130 3196
f 3109 3148 3232
f 3104 3177 3219
f 3116 3173 3240
f 3117 3159 3199
f 3105 3137 3220
f 3100 3136 3207
f 3106 3138 3208
f 3107 3139 3222
f 3108 3140 3224
f 3109 3143 3229
f 3104 3135 3209
f 3116 3155 3214
f 3117 3164 3239
f 3099 3166 3204
f 3095 3176 3194
f 3092 3146 3186
f 3091 3126 3184
f 3093 3156 3190
f 3094 3171 3193
f 3096 3147 3197
f 3113 3179 3234
f 3120 3175 3217
f 3118 3160 3238
f 3097 3128 3198
f 3108 3167 3227
f 3105 3142 3210
f 3100 3131 3206
f 3106 3152 3223
f 3107 3162 3226
f 3110 3168 3233
f 3101 3141 3211
f 3102 3133 3212
f 3115 3154 3235
f 3119 3165 3202
f 3113 3150 3187
f 3096 3127 3183
f 3097 3157 3189
f 3118 3174 3192
f 3120 3180 3195
f 3112 3169 3203
f 3111 3145 3230
f 3103 3134 3215
f 3114 3153 3236
f 3098 3161 3201
f 3110 3144 3221
f 3101 3132 3205
f 3102 3151 3213
f 3115 3163 3225
f 3119 3170 3228
f 3112 3149 3231
f 3111 3178 3218
f 3103 3172 3216
f 3114 3158 3237
f 3098 3129 3200
f 3095 3194 3185
f 3092 3186 3181
f 3091 3184 3182
f 3093 3190 3188
f 3094 3193 3191
f 3096 3197 3196
f 3113 3234 3232
f 3120 3217 3219
f 3118 3238 3240
f 3097 3198 3199
f 3108 3227 3220
f 3105 3210 3207
f 3100 3206 3208
f 3106 3223 3222
f 3107 3226 3224
f 3110 3233 3229
f 3101 3211 3209
f 3102 3212 3214
f 3115 3235 3239
f 3119 3202 3204
f 3185 3122 3125
f 3181 3121 3122
f 3182 3123 3121
f 3188 3124 3123
f 3191 3125 3124
f 3196 3130 3127
f 3232 3148 3150
f 3219 3177 3180
f 3240 3173 3174
f 3199 3159 3157
f 3220 3137 3140
f 3207 3136 3137
f 3208 3138 3136
f 3222 3139 3138
f 3224 3140 3139
f 3229 3143 3144
f 3209 3135 3132
f 3214 3155 3151
f 3239 3164 3163
f 3204 3166 3170
f 3194 3176 3179
f 3186 3146 3147
f 3184 3126 3128
f 3190 3156 3160
f 3193 3171 3175
f 3197 3147 3149
f 3234 3179 3178
f 3217 3175 3172
f 3238 3160 3158
f 3198 3128 3129
f 3227 3167 3168
f 3210 3142 3141
f 3206 3131 3133
f 3223 3152 3154
f 3226 3162 3165
f 3233 3168 3169
f 3211 3141 3145
f 3212 3133 3134
f 3235 3154 3153
f 3202 3165 3161
f 3187 3150 3146
f 3183 3127 3126
f 3189 3157 3156
f 3192 3174 3171
f 3195 3180 3176
f 3203 3169 3166
f 3230 3145 3143
f 3215 3134 3135
f 3236 3153 3155
f 3201 3161 3164
f 3221 3144 3142
f 3205 3132 3131
f 3213 3151 3152
f 3225 3163 3162
f 3228 3170 3167
f 3231 3149 3148
f 3218 3178 3177
f 3216 3172 3173
f 3237 3158 3159
f 3200 3129 3130
f 3185 3194 3187
f 3181 3186 3183
f 3182 3184 3189
f 3188 3190 3192
f 3191 3193 3195
f 3196 3197 3203
f 3232 3234 3230
f 3219 3217 3215
f 3240 3238 3236
f 3199 3198 3201
f 3220 3227 3221
f 3207 3210 3205
f 3208 3206 3213
f 3222 3223 3225
f 3224 3226 3228
f 3229 3233 3231
f 3209 3211 3218
f 3214 3212 3216
f 3239 3235 3237
f 3204 3202 3200
f 3241 3287 3284
f 3241 3284 3283
f 3241 3283 3285
f 3241 3285 3286
f 3241 3286 3287
f 3242 3289 3292
f 3246 3312 3310
f 3252 3342 3339
f 3251 3336 3335
f 3248 3319 3321
f 3244 3302 3299
f 3244 3299 3298
f 3244 3298 3300
f 3244 3300 3301
f 3244 3301 3302
f 3245 3306 3305
f 3243 3294 3297
f 3247 3313 3317
f 3249 3325 3326
f 3250 3332 3328
f 3252 3341 3338
f 3246 3309 3308
f 3242 3290 3288
f 3248 3322 3318
f 3251 3337 3333
f 3246 3311 3309
f 3252 3340 3341
f 3251 3334 3337
f 3248 3320 3322
f 3242 3291 3290
f 3250 3330 3329
f 3245 3303 3304
f 3243 3295 3293
f 3247 3316 3314
f 3249 3327 3324
f 3250 3331 3330
f 3245 3307 3303
f 3243 3296 3295
f 3247 3315 3316
f 3249 3323 3327
f 3246 3308 3312
f 3242 3288 3289
f 3248 3318 3319
f 3251 3333 3336
f 3252 3338 3342
f 3250 3328 3331
f 3245 3305 3307
f 3243 3297 3296
f 3247 3317 3315
f 3249 3326 3323
f 3245 3304 3306
f 3243 3293 3294
f 3247 3314 3313
f 3249 3324 3325
f 3250 3329 3332
f 3246 3310 3311
f 3252 3339 3340
f 3251 3335 3334
f 3248 3321 3320
f 3242 3292 3291
f 3275 3349 3356
f 3258 3345 3348
f 3259 3351 3346
f 3280 3354 3352
f 3282 3357 3355
f 3274 3365 3359
f 3273 3392 3396
f 3265 3377 3379
f 3276 3398 3400
f 3260 3363 3360
f 3272 3383 3389
f 3263 3367 3372
f 3264 3375 3368
f 3277 3387 3385
f 3281 3390 3388
f 3274 3393 3395
f 3273 3380 3373
f 3265 3378 3374
f 3276 3399 3397
f 3260 3362 3364
f 3257 3347 3287
f 3254 3343 3284
f 3253 3344 3283
f 3255 3350 3285
f 3256 3353 3286
f 3258 3358 3289
f 3275 3394 3312
f 3282 3381 3342
f 3280 3402 3336
f 3259 3361 3319
f 3270 3382 3302
f 3267 3369 3299
f 3262 3370 3298
f 3268 3384 3300
f 3269 3386 3301
f 3272 3391 3306
f 3263 3371 3294
f 3264 3376 3313
f 3277 3401 3325
f 3281 3366 3332
f 3275 3356 3341
f 3258 3348 3309
f 3259 3346 3290
f 3280 3352 3322
f 3282 3355 3337
f 3274 3359 3311
f 3273 3396 3340
f 3265 3379 3334
f 3276 3400 3320
f 3260 3360 3291
f 3272 3389 3330
f 3263 3372 3303
f 3264 3368 3295
f 3277 3385 3316
f 3281 3388 3327
f 3274 3395 3331
f 3273 3373 3307
f 3265 3374 3296
f 3276 3397 3315
f 3260 3364 3323
f 3254 3349 3308
f 3253 3345 3288
f 3255 3351 3318
f 3256 3354 3333
f 3257 3357 3338
f 3261 3365 3328
f 3271 3392 3305
f 3266 3377 3297
f 3278 3398 3317
f 3279 3363 3326
f 3267 3383 3304
f 3262 3367 3293
f 3268 3375 3314
f 3269 3387 3324
f 3270 3390 3329
f 3271 3393 3310
f 3266 3380 3339
f 3278 3378 3335
f 3279 3399 3321
f 3261 3362 3292
f 3254 3347 3349
f 3253 3343 3345
f 3255 3344 3351
f 3256 3350 3354
f 3257 3353 3357
f 3261 3358 3365
f 3271 3394 3392
f 3266 3381 3377
f 3278 3402 3398
f 3279 3361 3363
f 3267 3382 3383
f 3262 3369 3367
f 3268 3370 3375
f 3269 3384 3387
f 3270 3386 3390
f 3271 3391 3393
f 3266 3371 3380
f 3278 3376 3378
f 3279 3401 3399
f 3261 3366 3362
f 3254 3284 3347
f 3253 3283 3343
f 3255 3285 3344
f 3256 3286 3350
f 3257 3287 3353
f 3261 3292 3358
f 3271 3310 3394
f 3266 3339 3381
f 3278 3335 3402
f 3279 3321 3361
f 3267 3299 3382
f 3262 3298 3369
f 3268 3300 3370
f 3269 3301 3384
f 3270 3302 3386
f 3271 3305 3391
f 3266 3297 3371
f 3278 3317 3376
f 3279 3326 3401
f 3261 3328 3366
f 3257 3338 3356
f 3254 3308 3348
f 3253 3288 3346
f 3255 3318 3352
f 3256 3333 3355
f 3258 3309 3359
f 3275 3341 3396
f 3282 3337 3379
f 3280 3322 3400
f 3259 3290 3360
f 3270 3329 3389
f 3267 3304 3372
f 3262 3293 3368
f 3268 3314 3385
f 3269 3324 3388
f 3272 3330 3395
f 3263 3303 3373
f 3264 3295 3374
f 3277 3316 3397
f 3281 3327 3364
f 3275 3312 3349
f 3258 3289 3345
f 3259 3319 3351
f 3280 3336 3354
f 3282 3342 3357
f 3274 3331 3365
f 3273 3307 3392
f 3265 3296 3377
f 3276 3315 3398
f 3260 3323 3363
f 3272 3306 3383
f 3263 3294 3367
f 3264 3313 3375
f 3277 3325 3387
f 3281 3332 3390
f 3274 3311 3393
f 3273 3340 3380
f 3265 3334 3378
f 3276 3320 3399
f 3260 3291 3362
f 3257 3356 3347
f 3254 3348 3343
f 3253 3346 3344
f 3255 3352 3350
f 3256 3355 3353
f 3258 3359 3358
f 3275 3396 3394
f 3282 3379 3381
f 3280 3400 3402
f 3259 3360 3361
f 3270 3389 3382
f 3267 3372 3369
f 3262 3368 3370
f 3268 3385 3384
f 3269 3388 3386
f 3272 3395 3391
f 3263 3373 3371
f 3264 3374 3376
f 3277 3397 3401
f 3281 3364 3366
f 3347 3284 3287
f 3343 3283 3284
f 3344 3285 3283
f 3350 3286 3285
f 3353 3287 3286
f 3358 3292 3289
f 3394 3310 3312
f 3381 3339 3342
f 3402 3335 3336
f 3361 3321 3319
f 3382 3299 3302
f 3369 3298 3299
f 3370 3300 3298
f 3384 3301 3300
f 3386 3302 3301
f 3391 3305 3306
f 3371 3297 3294
f 3376 3317 3313
f 3401 3326 3325
f 3366 3328 3332
f 3356 3338 3341
f 3348 3308 3309
f 3346 3288 3290
f 3352 3318 3322
f 3355 3333 3337
f 3359 3309 3311
f 3396 3341 3340
f 3379 3337 3334
f 3400 3322 3320
f 3360 3290 3291
f 3389 3329 3330
f 3372 3304 3303
f 3368 3293 3295
f 3385 3314 3316
f 3388 3324 3327
f 3395 3330 3331
f 3373 3303 3307
f 3374 3295 3296
f 3397 3316 3315
f 3364 3327 3323
f 3349 3312 3308
f 3345 3289 3288
f 3351 3319 3318
f 3354 3336 3333
f 3357 3342 3338
f 3365 3331 3328
f 3392 3307 3305
f 3377 3296 3297
f 3398 3315 3317
f 3363 3323 3326
f 3383 3306 3304
f 3367 3294 3293
f 3375 3313 3314
f 3387 3325 3324
f 3390 3332 3329
f 3393 3311 3310
f 3380 3340 3339
f 3378 3334 3335
f 3399 3320 3321
f 3362 3291 3292
f 3347 3356 3349
f 3343 3348 3345
f 3344 3346 3351
f 3350 3352 3354
f 3353 3355 3357
f 3358 3359 3365
f 3394 3396 3392
f 3381 3379 3377
f 3402 3400 3398
f 3361 3360 3363
f 3382 3389 3383
f 3369 3372 3367
f 3370 3368 3375
f 3384 3385 3387
f 3386 3388 3390
f 3391 3395 3393
f 3371 3373 3380
f 3376 3374 3378
f 3401 3397 3399
f 3366 3364 3362
f 3403 3449 3446
f 3403 3446 3445
f 3403 3445 3447
f 3403 3447 3448
f 3403 3448 3449
f 3404 3451 3454
f 3408 3474 3472
f 3414 3504 3501
f 3413 3498 3497
f 3410 3481 3483
f 3406 3464 3461
f 3406 3461 3460
f 3406 3460 3462
f 3406 3462 3463
f 3406 3463 3464
f 3407 3468 3467
f 3405 3456 3459
f 3409 3475 3479
f 3411 3487 3488
f 3412 3494 3490
f 3414 3503 3500
f 3408 3471 3470
f 3404 3452 3450
f 3410 3484 3480
f 3413 3499 3495
f 3408 3473 3471
f 3414 3502 3503
f 3413 3496 3499
f 3410 3482 3484
f 3404 3453 3452
f 3412 3492 3491
f 3407 3465 3466
f 3405 3457 3455
f 3409 3478 3476
f 3411 3489 3486
f 3412 3493 3492
f 3407 3469 3465
f 3405 3458 3457
f 3409 3477 3478
f 3411 3485 3489
f 3408 3470 3474
f 3404 3450 3451
f 3410 3480 3481
f 3413 3495 3498
f 3414 3500 3504
f 3412 3490 3493
f 3407 3467 3469
f 3405 3459 3458
f 3409 3479 3477
f 3411 3488 3485
f 3407 3466 3468
f 3405 3455 3456
f 3409 3476 3475
f 3411 3486 3487
f 3412 3491 3494
f 3408 3472 3473
f 3414 3501 3502
f 3413 3497 3496
f 3410 3483 3482
f 3404 3454 3453
f 3437 3511 3518
f 3420 3507 3510
f 3421 3513 3508
f 3442 3516 3514
f 3444 3519 3517
f 3436 3527 3521
f 3435 3554 3558
f 3427 3539 3541
f 3438 3560 3562
f 3422 3525 3522
f 3434 3545 3551
f 3425 3529 3534
f 3426 3537 3530
f 3439 3549 3547
f 3443 3552 3550
f 3436 3555 3557
f 3435 3542 3535
f 3427 3540 3536
f 3438 3561 3559
f 3422 3524 3526
f 3419 3509 3449
f 3416 3505 3446
f 3415 3506 3445
f 3417 3512 3447
f 3418 3515 3448
f 3420 3520 3451
f 3437 3556 3474
f 3444 3543 3504
f 3442 3564 3498
f 3421 3523 3481
f 3432 3544 3464
f 3429 3531 3461
f 3424 3532 3460
f 3430 3546 3462
f 3431 3548 3463
f 3434 3553 3468
f 3425 3533 3456
f 3426 3538 3475
f 3439 3563 3487
f 3443 3528 3494
f 3437 3518 3503
f 3420 3510 3471
f 3421 3508 3452
f 3442 3514 3484
f 3444 3517 3499
f 3436 3521 3473
f 3435 3558 3502
f 3427 3541 3496
f 3438 3562 3482
f 3422 3522 3453
f 3434 3551 3492
f 3425 3534 3465
f 3426 3530 3457
f 3439 3547 3478
f 3443 3550 3489
f 3436 3557 3493
f 3435 3535 3469
f 3427 3536 3458
f 3438 3559 3477
f 3422 3526 3485
f 3416 3511 3470
f 3415 3507 3450
f 3417 3513 3480
f 3418 3516 3495
f 3419 3519 3500
f 3423 3527 3490
f 3433 3554 3467
f 3428 3539 3459
f 3440 3560 3479
f 3441 3525 3488
f 3429 3545 3466
f 3424 3529 3455
f 3430 3537 3476
f 3431 3549 3486
f 3432 3552 3491
f 3433 3555 3472
f 3428 3542 3501
f 3440 3540 3497
f 3441 3561 3483
f 3423 3524 3454
f 3416 3509 3511
f 3415 3505 3507
f 3417 3506 3513
f 3418 3512 3516
f 3419 3515 3519
f 3423 3520 3527
f 3433 3556 3554
f 3428 3543 3539
f 3440 3564 3560
f 3441 3523 3525
f 3429 3544 3545
f 3424 3531 3529
f 3430 3532 3537
f 3431 3546 3549
f 3432 3548 3552
f 3433 3553 3555
f 3428 3533 3542
f 3440 3538 3540
f 3441 3563 3561
f 3423 3528 3524
f 3416 3446 3509
f 3415 3445 3505
f 3417 3447 3506
f 3418 3448 3512
f 3419 3449 3515
f 3423 3454 3520
f 3433 3472 3556
f 3428 3501 3543
f 3440 3497 3564
f 3441 3483 3523
f 3429 3461 3544
f 3424 3460 3531
f 3430 3462 3532
f 3431 3463 3546
f 3432 3464 3548
f 3433 3467 3553
f 3428 3459 3533
f 3440 3479 3538
f 3441 3488 3563
f 3423 3490 3528
f 3419 3500 3518
f 3416 3470 3510
f 3415 3450 3508
f 3417 3480 3514
f 3418 3495 3517
f 3420 3471 3521
f 3437 3503 3558
f 3444 3499 3541
f 3442 3484 3562
f 3421 3452 3522
f 3432 3491 3551
f 3429 3466 3534
f 3424 3455 3530
f 3430 3476 3547
f 3431 3486 3550
f 3434 3492 3557
f 3425 3465 3535
f 3426 3457 3536
f 3439 3478 3559
f 3443 3489 3526
f 3437 3474 3511
f 3420 3451 3507
f 3421 3481 3513
f 3442 3498 3516
f 3444 3504 3519
f 3436 3493 3527
f 3435 3469 3554
f 3427 3458 3539
f 3438 3477 3560
f 3422 3485 3525
f 3434 3468 3545
f 3425 3456 3529
f 3426 3475 3537
f 3439 3487 3549
f 3443 3494 3552
f 3436 3473 3555
f 3435 3502 3542
f 3427 3496 3540
f 3438 3482 3561
f 3422 3453 3524
f 3419 3518 3509
f 3416 3510 3505
f 3415 3508 3506
f 3417 3514 3512
f 3418 3517 3515
f 3420 3521 3520
f 3437 3558 3556
f 3444 3541 3543
f 3442 3562 3564
f 3421 3522 3523
f 3432 3551 3544
f 3429 3534 3531
f 3424 3530 3532
f 3430 3547 3546
f 3431 3550 3548
f 3434 3557 3553
f 3425 3535 3533
f 3426 3536 3538
f 3439 3559 3563
f 3443 3526 3528
f 3509 3446 3449
f 3505 3445 3446
f 3506 3447 3445
f 3512 3448 3447
f 3515 3449 3448
f 3520 3454 3451
f 3556 3472 3474
f 3543 3501 3504
f 3564 3497 3498
f 3523 3483 3481
f 3544 3461 3464
f 3531 3460 3461
f 3532 3462 3460
f 3546 3463 3462
f 3548 3464 3463
f 3553 3467 3468
f 3533 3459 3456
f 3538 3479 3475
f 3563 3488 3487
f 3528 3490 3494
f 3518 3500 3503
f 3510 3470 3471
f 3508 3450 3452
f 3514 3480 3484
f 3517 3495 3499
f 3521 3471 3473
f 3558 3503 3502
f 3541 3499 3496
f 3562 3484 3482
f 3522 3452 3453
f 3551 3491 3492
f 3534 3466 3465
f 3530 3455 3457
f 3547 3476 3478
f 3550 3486 3489
f 3557 3492 3493
f 3535 3465 3469
f 3536 3457 3458
f 3559 3478 3477
f 3526 3489 3485
f 3511 3474 3470
f 3507 3451 3450
f 3513 3481 3480
f 3516 3498 3495
f 3519 3504 3500
f 3527 3493 3490
f 3554 3469 3467
f 3539 3458 3459
f 3560 3477 3479
f 3525 3485 3488
f 3545 3468 3466
f 3529 3456 3455
f 3537 3475 3476
f 3549 3487 3486
f 3552 3494 3491
f 3555 3473 3472
f 3542 3502 3501
f 3540 3496 3497
f 3561 3482 3483
f 3524 3453 3454
f 3509 3518 3511
f 3505 3510 3507
f 3506 3508 3513
f 3512 3514 3516
f 3515 3517 3519
f 3520 3521 3527
f 3556 3558 3554
f 3543 3541 3539
f 3564 3562 3560
f 3523 3522 3525
f 3544 3551 3545
f 3531 3534 3529
f 3532 3530 3537
f 3546 3547 3549
f 3548 3550 3552
f 3553 3557 3555
f 3533 3535 3542
f 3538 3536 3540
f 3563 3559 3561
f 3528 3526 3524
f 3565 3611 3608
f 3565 3608 3607
f 3565 3607 3609
f 3565 3609 3610
f 3565 3610 3611
f 3566 3613 3616
f 3570 3636 3634
f 3576 3666 3663
f 3575 3660 3659
f 3572 3643 3645
f 3568 3626 3623
f 3568 3623 3622
f 3568 3622 3624
f 3568 3624 3625
f 3568 3625 3626
f 3569 3630 3629
f 3567 3618 3621
f 3571 3637 3641
f 3573 3649 3650
f 3574 3656 3652
f 3576 3665 3662
f 3570 3633 3632
f 3566 3614 3612
f 3572 3646 3642
f 3575 3661 3657
f 3570 3635 3633
f 3576 3664 3665
f 3575 3658 3661
f 3572 3644 3646
f 3566 3615 3614
f 3574 3654 3653
f 3569 3627 3628
f 3567 3619 3617
f 3571 3640 3638
f 3573 3651 3648
f 3574 3655 3654
f 3569 3631 3627
f 3567 3620 3619
f 3571 3639 3640
f 3573 3647 3651
f 3570 3632 3636
f 3566 3612 3613
f 3572 3642 3643
f 3575 3657 3660
f 3576 3662 3666
f 3574 3652 3655
f 3569 3629 3631
f 3567 3621 3620
f 3571 3641 3639
f 3573 3650 3647
f 3569 3628 3630
f 3567 3617 3618
f 3571 3638 3637
f 3573 3648 3649
f 3574 3653 3656
f 3570 3634 3635
f 3576 3663 3664
f 3575 3659 3658
f 3572 3645 3644
f 3566 3616 3615
f 3599 3673 3680
f 3582 3669 3672
f 3583 3675 3670
f 3604 3678 3676
f 3606 3681 3679
f 3598 3689 3683
f 3597 3716 3720
f 3589 3701 3703
f 3600 3722 3724
f 3584 3687 3684
f 3596 3707 3713
f 3587 3691 3696
f 3588 3699 3692
f 3601 3711 3709
f 3605 3714 3712
f 3598 3717 3719
f 3597 3704 3697
f 3589 3702 3698
f 3600 3723 3721
f 3584 3686 3688
f 3581 3671 3611
f 3578 3667 3608
f 3577 3668 3607
f 3579 3674 3609
f 3580 3677 3610
f 3582 3682 3613
f 3599 3718 3636
f 3606 3705 3666
f 3604 3726 3660
f 3583 3685 3643
f 3594 3706 3626
f 3591 3693 3623
f 3586 3694 3622
f 3592 3708 3624
f 3593 3710 3625
f 3596 3715 3630
f 3587 3695 3618
f 3588 3700 3637
f 3601 3725 3649
f 3605 3690 3656
f 3599 3680 3665
f 3582 3672 3633
f 3583 3670 3614
f 3604 3676 3646
f 3606 3679 3661
f 3598 3683 3635
f 3597 3720 3664
f 3589 3703 3658
f 3600 3724 3644
f 3584 3684 3615
f 3596 3713 3654
f 3587 3696 3627
f 3588 3692 3619
f 3601 3709 3640
f 3605 3712 3651
f 3598 3719 3655
f 3597 3697 3631
f 3589 3698 3620
f 3600 3721 3639
f 3584 3688 3647
f 3578 3673 3632
f 3577 3669 3612
f 3579 3675 3642
f 3580 3678 3657
f 3581 3681 3662
f 3585 3689 3652
f 3595 3716 3629
f 3590 3701 3621
f 3602 3722 3641
f 3603 3687 3650
f 3591 3707 3628
f 3586 3691 3617
f 3592 3699 3638
f 3593 3711 3648
f 3594 3714 3653
f 3595 3717 3634
f 3590 3704 3663
f 3602 3702 3659
f 3603 3723 3645
f 3585 3686 3616
f 3578 3671 3673
f 3577 3667 3669
f 3579 3668 3675
f 3580 3674 3678
f 3581 3677 3681
f 3585 3682 3689
f 3595 3718 3716
f 3590 3705 3701
f 3602 3726 3722
f 3603 3685 3687
f 3591 3706 3707
f 3586 3693 3691
f 3592 3694 3699
f 3593 3708 3711
f 3594 3710 3714
f 3595 3715 3717
f 3590 3695 3704
f 3602 3700 3702
f 3603 3725 3723
f 3585 3690 3686
f 3578 3608 3671
f 3577 3607 3667
f 3579 3609 3668
f 3580 3610 3674
f 3581 3611 3677
f 3585 3616 3682
f 3595 3634 3718
f 3590 3663 3705
f 3602 3659 3726
f 3603 3645 3685
f 3591 3623 3706
f 3586 3622 3693
f 3592 3624 3694
f 3593 3625 3708
f 3594 3626 3710
f 3595 3629 3715
f 3590 3621 3695
f 3602 3641 3700
f 3603 3650 3725
f 3585 3652 3690
f 3581 3662 3680
f 3578 3632 3672
f 3577 3612 3670
f 3579 3642 3676
f 3580 3657 3679
f 3582 3633 3683
f 3599 3665 3720
f 3606 3661 3703
f 3604 3646 3724
f 3583 3614 3684
f 3594 3653 3713
f 3591 3628 3696
f 3586 3617 3692
f 3592 3638 3709
f 3593 3648 3712
f 3596 3654 3719
f 3587 3627 3697
f 3588 3619 3698
f 3601 3640 3721
f 3605 3651 3688
f 3599 3636 3673
f 3582 3613 3669
f 3583 3643 3675
f 3604 3660 3678
f 3606 3666 3681
f 3598 3655 3689
f 3597 3631 3716
f 3589 3620 3701
f 3600 3639 3722
f 3584 3647 3687
f 3596 3630 3707
f 3587 3618 3691
f 3588 3637 3699
f 3601 3649 3711
f 3605 3656 3714
f 3598 3635 3717
f 3597 3664 3704
f 3589 3658 3702
f 3600 3644 3723
f 3584 3615 3686
f 3581 3680 3671
f 3578 3672 3667
f 3577 3670 3668
f 3579 3676 3674
f 3580 3679 3677
f 3582 3683 3682
f 3599 3720 3718
f 3606 3703 3705
f 3604 3724 3726
f 3583 3684 3685
f 3594 3713 3706
f 3591 3696 3693
f 3586 3692 3694
f 3592 3709 3708
f 3593 3712 3710
f 3596 3719 3715
f 3587 3697 3695
f 3588 3698 3700
f 3601 3721 3725
f 3605 3688 3690
f 3671 3608 3611
f 3667 3607 3608
f 3668 3609 3607
f 3674 3610 3609
f 3677 3611 3610
f 3682 3616 3613
f 3718 3634 3636
f 3705 3663 3666
f 3726 3659 3660
f 3685 3645 3643
f 3706 3623 3626
f 3693 3622 3623
f 3694 3624 3622
f 3708 3625 3624
f 3710 3626 3625
f 3715 3629 3630
f 3695 3621 3618
f 3700 3641 3637
f 3725 3650 3649
f 3690 3652 3656
f 3680 3662 3665
f 3672 3632 3633
f 3670 3612 3614
f 3676 3642 3646
f 3679 3657 3661
f 3683 3633 3635
f 3720 3665 3664
f 3703 3661 3658
f 3724 3646 3644
f 3684 3614 3615
f 3713 3653 3654
f 3696 3628 3627
f 3692 3617 3619
f 3709 3638 3640
f 3712 3648 3651
f 3719 3654 3655
f 3697 3627 3631
f 3698 3619 3620
f 3721 3640 3639
f 3688 3651 3647
f 3673 3636 3632
f 3669 3613 3612
f 3675 3643 3642
f 3678 3660 3657
f 3681 3666 3662
f 3689 3655 3652
f 3716 3631 3629
f 3701 3620 3621
f 3722 3639 3641
f 3687 3647 3650
f 3707 3630 3628
f 3691 3618 3617
f 3699 3637 3638
f 3711 3649 3648
f 3714 3656 3653
f 3717 3635 3634
f 3704 3664 3663
f 3702 3658 3659
f 3723 3644 3645
f 3686 3615 3616
f 3671 3680 3673
f 3667 3672 3669
f 3668 3670 3675
f 3674 3676 3678
f 3677 3679 3681
f 3682 3683 3689
f 3718 3720 3716
f 3705 3703 3701
f 3726 3724 3722
f 3685 3684 3687
f 3706 3713 3707
f 3693 3696 3691
f 3694 3692 3699
f 3708 3709 3711
f 3710 3712 3714
f 3715 3719 3717
f 3695 3697 3704
f 3700 3698 3702
f 3725 3721 3723
f 3690 3688 3686
f 3727 3773 3770
f 3727 3770 3769
f 3727 3769 3771
f 3727 3771 3772
f 3727 3772 3773
f 3728 3775 3778
f 3732 3798 3796
f 3738 3828 3825
f 3737 3822 3821
f 3734 3805 3807
f 3730 3788 3785
f 3730 3785 3784
f 3730 3784 3786
f 3730 3786 3787
f 3730 3787 3788
f 3731 3792 3791
f 3729 3780 3783
f 3733 3799 3803
f 3735 3811 3812
f 3736 3818 3814
f 3738 3827 3824
f 3732 3795 3794
f 3728 3776 3774
f 3734 3808 3804
f 3737 3823 3819
f 3732 3797 3795
f 3738 3826 3827
f 3737 3820 3823
f 3734 3806 3808
f 3728 3777 3776
f 3736 3816 3815
f 3731 3789 3790
f 3729 3781 3779
f 3733 3802 3800
f 3735 3813 3810
f 3736 3817 3816
f 3731 3793 3789
f 3729 3782 3781
f 3733 3801 3802
f 3735 3809 3813
f 3732 3794 3798
f 3728 3774 3775
f 3734 3804 3805
f 3737 3819 3822
f 3738 3824 3828
f 3736 3814 3817
f 3731 3791 3793
f 3729 3783 3782
f 3733 3803 3801
f 3735 3812 3809
f 3731 3790 3792
f 3729 3779 3780
f 3733 3800 3799
f 3735 3810 3811
f 3736 3815 3818
f 3732 3796 3797
f 3738 3825 3826
f 3737 3821 3820
f 3734 3807 3806
f 3728 3778 3777
f 3761 3835 3842
f 3744 3831 3834
f 3745 3837 3832
f 3766 3840 3838
f 3768 3843 3841
f 3760 3851 3845
f 3759 3878 3882
f 3751 3863 3865
f 3762 3884 3886
f 3746 3849 3846
f 3758 3869 3875
f 3749 3853 3858
f 3750 3861 3854
f 3763 3873 3871
f 3767 3876 3874
f 3760 3879 3881
f 3759 3866 3859
f 3751 3864 3860
f 3762 3885 3883
f 3746 3848 3850
f 3743 3833 3773
f 3740 3829 3770
f 3739 3830 3769
f 3741 3836 3771
f 3742 3839 3772
f 3744 3844 3775
f 3761 3880 3798
f 3768 3867 3828
f 3766 3888 3822
f 3745 3847 3805
f 3756 3868 3788
f 3753 3855 3785
f 3748 3856 3784
f 3754 3870 3786
f 3755 3872 3787
f 3758 3877 3792
f 3749 3857 3780
f 3750 3862 3799
f 3763 3887 3811
f 3767 3852 3818
f 3761 3842 3827
f 3744 3834 3795
f 3745 3832 3776
f 3766 3838 3808
f 3768 3841 3823
f 3760 3845 3797
f 3759 3882 3826
f 3751 3865 3820
f 3762 3886 3806
f 3746 3846 3777
f 3758 3875 3816
f 3749 3858 3789
f 3750 3854 3781
f 3763 3871 3802
f 3767 3874 3813
f 3760 3881 3817
f 3759 3859 3793
f 3751 3860 3782
f 3762 3883 3801
f 3746 3850 3809
f 3740 3835 3794
f 3739 3831 3774
f 3741 3837 3804
f 3742 3840 3819
f 3743 3843 3824
f 3747 3851 3814
f 3757 3878 3791
f 3752 3863 3783
f 3764 3884 3803
f 3765 3849 3812
f 3753 3869 3790
f 3748 3853 3779
f 3754 3861 3800
f 3755 3873 3810
f 3756 3876 3815
f 3757 3879 3796
f 3752 3866 3825
f 3764 3864 3821
f 3765 3885 3807
f 3747 3848 3778
f 3740 3833 3835
f 3739 3829 3831
f 3741 3830 3837
f 3742 3836 3840
f 3743 3839 3843
f 3747 3844 3851
f 3757 3880 3878
f 3752 3867 3863
f 3764 3888 3884
f 3765 3847 3849
f 3753 3868 3869
f 3748 3855 3853
f 3754 3856 3861
f 3755 3870 3873
f 3756 3872 3876
f 3757 3877 3879
f 3752 3857 3866
f 3764 3862 3864
f 3765 3887 3885
f 3747 3852 3848
f 3740 3770 3833
f 3739 3769 3829
f 3741 3771 3830
f 3742 3772 3836
f 3743 3773 3839
f 3747 3778 3844
f 3757 3796 3880
f 3752 3825 3867
f 3764 3821 3888
f 3765 3807 3847
f 3753 3785 3868
f 3748 3784 3855
f 3754 3786 3856
f 3755 3787 3870
f 3756 3788 3872
f 3757 3791 3877
f 3752 3783 3857
f 3764 3803 3862
f 3765 3812 3887
f 3747 3814 3852
f 3743 3824 3842
f 3740 3794 3834
f 3739 3774 3832
f 3741 3804 3838
f 3742 3819 3841
f 3744 3795 3845
f 3761 3827 3882
f 3768 3823 3865
f 3766 3808 3886
f 3745 3776 3846
f 3756 3815 3875
f 3753 3790 3858
f 3748 3779 3854
f 3754 3800 3871
f 3755 3810 3874
f 3758 3816 3881
f 3749 3789 3859
f 3750 3781 3860
f 3763 3802 3883
f 3767 3813 3850
f 3761 3798 3835
f 3744 3775 3831
f 3745 3805 3837
f 3766 3822 3840
f 3768 3828 3843
f 3760 3817 3851
f 3759 3793 3878
f 3751 3782 3863
f 3762 3801 3884
f 3746 3809 3849
f 3758 3792 3869
f 3749 3780 3853
f 3750 3799 3861
f 3763 3811 3873
f 3767 3818 3876
f 3760 3797 3879
f 3759 3826 3866
f 3751 3820 3864
f 3762 3806 3885
f 3746 3777 3848
f 3743 3842 3833
f 3740 3834 3829
f 3739 3832 3830
f 3741 3838 3836
f 3742 3841 3839
f 3744 3845 3844
f 3761 3882 3880
f 3768 3865 3867
f 3766 3886 3888
f 3745 3846 3847
f 3756 3875 3868
f 3753 3858 3855
f 3748 3854 3856
f 3754 3871 3870
f 3755 3874 3872
f 3758 3881 3877
f 3749 3859 3857
f 3750 3860 3862
f 3763 3883 3887
f 3767 3850 3852
f 3833 3770 3773
f 3829 3769 3770
f 3830 3771 3769
f 3836 3772 3771
f 3839 3773 3772
f 3844 3778 3775
f 3880 3796 3798
f 3867 3825 3828
f 3888 3821 3822
f 3847 3807 3805
f 3868 3785 3788
f 3855 3784 3785
f 3856 3786 3784
f 3870 3787 3786
f 3872 3788 3787
f 3877 3791 3792
f 3857 3783 3780
f 3862 3803 3799
f 3887 3812 3811
f 3852 3814 3818
f 3842 3824 3827
f 3834 3794 3795
f 3832 3774 3776
f 3838 3804 3808
f 3841 3819 3823
f 3845 3795 3797
f 3882 3827 3826
f 3865 3823 3820
f 3886 3808 3806
f 3846 3776 3777
f 3875 3815 3816
f 3858 3790 3789
f 3854 3779 3781
f 3871 3800 3802
f 3874 3810 3813
f 3881 3816 3817
f 3859 3789 3793
f 3860 3781 3782
f 3883 3802 3801
f 3850 3813 3809
f 3835 3798 3794
f 3831 3775 3774
f 3837 3805 3804
f 3840 3822 3819
f 3843 3828 3824
f 3851 3817 3814
f 3878 3793 3791
f 3863 3782 3783
f 3884 3801 3803
f 3849 3809 3812
f 3869 3792 3790
f 3853 3780 3779
f 3861 3799 3800
f 3873 3811 3810
f 3876 3818 3815
f 3879 3797 3796
f 3866 3826 3825
f 3864 3820 3821
f 3885 3806 3807
f 3848 3777 3778
f 3833 3842 3835
f 3829 3834 3831
f 3830 3832 3837
f 3836 3838 3840
f 3839 3841 3843
f 3844 3845 3851
f 3880 3882 3878
f 3867 3865 3863
f 3888 3886 3884
f 3847 3846 3849
f 3868 3875 3869
f 3855 3858 3853
f 3856 3854 3861
f 3870 3871 3873
f 3872 3874 3876
f 3877 3881 3879
f 3857 3859 3866
f 3862 3860 3864
f 3887 3883 3885
f 3852 3850 3848
f 3889 3935 3932
f 3889 3932 3931
f 3889 3931 3933
f 3889 3933 3934
f 3889 3934 3935
f 3890 3937 3940
f 3894 3960 3958
f 3900 3990 3987
f 3899 3984 3983
f 3896 3967 3969
f 3892 3950 3947
f 3892 3947 3946
f 3892 3946 3948
f 3892 3948 3949
f 3892 3949 3950
f 3893 3954 3953
f 3891 3942 3945
f 3895 3961 3965
f 3897 3973 3974
f 3898 3980 3976
f 3900 3989 3986
f 3894 3957 3956
f 3890 3938 3936
f 3896 3970 3966
f 3899 3985 3981
f 3894 3959 3957
f 3900 3988 3989
f 3899 3982 3985
f 3896 3968 3970
f 3890 3939 3938
f 3898 3978 3977
f 3893 3951 3952
f 3891 3943 3941
f 3895 3964 3962
f 3897 3975 3972
f 3898 3979 3978
f 3893 3955 3951
f 3891 3944 3943
f 3895 3963 3964
f 3897 3971 3975
f 3894 3956 3960
f 3890 3936 3937
f 3896 3966 3967
f 3899 3981 3984
f 3900 3986 3990
f 3898 3976 3979
f 3893 3953 3955
f 3891 3945 3944
f 3895 3965 3963
f 3897 3974 3971
f 3893 3952 3954
f 3891 3941 3942
f 3895 3962 3961
f 3897 3972 3973
f 3898 3977 3980
f 3894 3958 3959
f 3900 3987 3988
f 3899 3983 3982
f 3896 3969 3968
f 3890 3940 3939
f 3923 3997 4004
f 3906 3993 3996
f 3907 3999 3994
f 3928 4002 4000
f 3930 4005 4003
f 3922 4013 4007
f 3921 4040 4044
f 3913 4025 4027
f 3924 4046 4048
f 3908 4011 4008
f 3920 4031 4037
f 3911 4015 4020
f 3912 4023 4016
f 3925 4035 4033
f 3929 4038 4036
f 3922 4041 4043
f 3921 4028 4021
f 3913 4026 4022
f 3924 4047 4045
f 3908 4010 4012
f 3905 3995 3935
f 3902 3991 3932
f 3901 3992 3931
f 3903 3998 3933
f 3904 4001 3934
f 3906 4006 3937
f 3923 4042 3960
f 3930 4029 3990
f 3928 4050 3984
f 3907 4009 3967
f 3918 4030 3950
f 3915 4017 3947
f 3910 4018 3946
f 3916 4032 3948
f 3917 4034 3949
f 3920 4039 3954
f 3911 4019 3942
f 3912 4024 3961
f 3925 4049 3973
f 3929 4014 3980
f 3923 4004 3989
f 3906 3996 3957
f 3907 3994 3938
f 3928 4000 3970
f 3930 4003 3985
f 3922 4007 3959
f 3921 4044 3988
f 3913 4027 3982
f 3924 4048 3968
f 3908 4008 3939
f 3920 4037 3978
f 3911 4020 3951
f 3912 4016 3943
f 3925 4033 3964
f 3929 4036 3975
f 3922 4043 3979
f 3921 4021 3955
f 3913 4022 3944
f 3924 4045 3963
f 3908 4012 3971
f 3902 3997 3956
f 3901 3993 3936
f 3903 3999 3966
f 3904 4002 3981
f 3905 4005 3986
f 3909 4013 3976
f 3919 4040 3953
f 3914 4025 3945
f 3926 4046 3965
f 3927 4011 3974
f 3915 4031 3952
f 3910 4015 3941
f 3916 4023 3962
f 3917 4035 3972
f 3918 4038 3977
f 3919 4041 3958
f 3914 4028 3987
f 3926 4026 3983
f 3927 4047 3969
f 3909 4010 3940
f 3902 3995 3997
f 3901 3991 3993
f 3903 3992 3999
f 3904 3998 4002
f 3905 4001 4005
f 3909 4006 4013
f 3919 4042 4040
f 3914 4029 4025
f 3926 4050 4046
f 3927 4009 4011
f 3915 4030 4031
f 3910 4017 4015
f 3916 4018 4023
f 3917 4032 4035
f 3918 4034 4038
f 3919 4039 4041
f 3914 4019 4028
f 3926 4024 4026
f 3927 4049 4047
f 3909 4014 4010
f 3902 3932 3995
f 3901 3931 3991
f 3903 3933 3992
f 3904 3934 3998
f 3905 3935 4001
f 3909 3940 4006
f 3919 3958 4042
f 3914 3987 4029
f 3926 3983 4050
f 3927 3969 4009
f 3915 3947 4030
f 3910 3946 4017
f 3916 3948 4018
f 3917 3949 4032
f 3918 3950 4034
f 3919 3953 4039
f 3914 3945 4019
f 3926 3965 4024
f 3927 3974 4049
f 3909 3976 4014
f 3905 3986 4004
f 3902 3956 3996
f 3901 3936 3994
f 3903 3966 4000
f 3904 3981 4003
f 3906 3957 4007
f 3923 3989 4044
f 3930 3985 4027
f 3928 3970 4048
f 3907 3938 4008
f 3918 3977 4037
f 3915 3952 4020
f 3910 3941 4016
f 3916 3962 4033
f 3917 3972 4036
f 3920 3978 4043
f 3911 3951 4021
f 3912 3943 4022
f 3925 3964 4045
f 3929 3975 4012
f 3923 3960 3997
f 3906 3937 3993
f 3907 3967 3999
f 3928 3984 4002
f 3930 3990 4005
f 3922 3979 4013
f 3921 3955 4040
f 3913 3944 4025
f 3924 3963 4046
f 3908 3971 4011
f 3920 3954 4031
f 3911 3942 4015
f 3912 3961 4023
f 3925 3973 4035
f 3929 3980 4038
f 3922 3959 4041
f 3921 3988 4028
f 3913 3982 4026
f 3924 3968 4047
f 3908 3939 4010
f 3905 4004 3995
f 3902 3996 3991
f 3901 3994 3992
f 3903 4000 3998
f 3904 4003 4001
f 3906 4007 4006
f 3923 4044 4042
f 3930 4027 4029
f 3928 4048 4050
f 3907 4008 4009
f 3918 4037 4030
f 3915 4020 4017
f 3910 4016 4018
f 3916 4033 4032
f 3917 4036 4034
f 3920 4043 4039
f 3911 4021 4019
f 3912 4022 4024
f 3925 4045 4049
f 3929 4012 4014
f 3995 3932 3935
f 3991 3931 3932
f 3992 3933 3931
f 3998 3934 3933
f 4001 3935 3934
f 4006 3940 3937
f 4042 3958 3960
f 4029 3987 3990
f 4050 3983 3984
f 4009 3969 3967
f 4030 3947 3950
f 4017 3946 3947
f 4018 3948 3946
f 4032 3949 3948
f 4034 3950 3949
f 4039 3953 3954
f 4019 3945 3942
f 4024 3965 3961
f 4049 3974 3973
f 4014 3976 3980
f 4004 3986 3989
f 3996 3956 3957
f 3994 3936 3938
f 4000 3966 3970
f 4003 3981 3985
f 4007 3957 3959
f 4044 3989 3988
f 4027 3985 3982
f 4048 3970 3968
f 4008 3938 3939
f 4037 3977 3978
f 4020 3952 3951
f 4016 3941 3943
f 4033 3962 3964
f 4036 3972 3975
f 4043 3978 3979
f 4021 3951 3955
f 4022 3943 3944
f 4045 3964 3963
f 4012 3975 3971
f 3997 3960 3956
f 3993 3937 3936
f 3999 3967 3966
f 4002 3984 3981
f 4005 3990 3986
f 4013 3979 3976
f 4040 3955 3953
f 4025 3944 3945
f 4046 3963 3965
f 4011 3971 3974
f 4031 3954 3952
f 4015 3942 3941
f 4023 3961 3962
f 4035 3973 3972
f 4038 3980 3977
f 4041 3959 3958
f 4028 3988 3987
f 4026 3982 3983
f 4047 3968 3969
f 4010 3939 3940
f 3995 4004 3997
f 3991 3996 3993
f 3992 3994 3999
f 3998 4000 4002
f 4001 4003 4005
f 4006 4007 4013
f 4042 4044 4040
f 4029 4027 4025
f 4050 4048 4046
f 4009 4008 4011
f 4030 4037 4031
f 4017 4020 4015
f 4018 4016 4023
f 4032 4033 4035
f 4034 4036 4038
f 4039 4043 4041
f 4019 4021 4028
f 4024 4022 4026
f 4049 4045 4047
f 4014 4012 4010
f 4051 4097 4094
f 4051 4094 4093
f 4051 4093 4095
f 4051 4095 4096
f 4051 4096 4097
f 4052 4099 4102
f 4056 4122 4120
f 4062 4152 4149
f 4061 4146 4145
f 4058 4129 4131
f 4054 4112 4109
f 4054 4109 4108
f 4054 4108 4110
f 4054 4110 4111
f 4054 4111 4112
f 4055 4116 4115
f 4053 4104 4107
f 4057 4123 4127
f 4059 4135 4136
f 4060 4142 4138
f 4062 4151 4148
f 4056 4119 4118
f 4052 4100 4098
f 4058 4132 4128
f 4061 4147 4143
f 4056 4121 4119
f 4062 4150 4151
f 4061 4144 4147
f 4058 4130 4132
f 4052 4101 4100
f 4060 4140 4139
f 4055 4113 4114
f 4053 4105 4103
f 4057 4126 4124
f 4059 4137 4134
f 4060 4141 4140
f 4055 4117 4113
f 4053 4106 4105
f 4057 4125 4126
f 4059 4133 4137
f 4056 4118 4122
f 4052 4098 4099
f 4058 4128 4129
f 4061 4143 4146
f 4062 4148 4152
f 4060 4138 4141
f 4055 4115 4117
f 4053 4107 4106
f 4057 4127 4125
f 4059 4136 4133
f 4055 4114 4116
f 4053 4103 4104
f 4057 4124 4123
f 4059 4134 4135
f 4060 4139 4142
f 4056 4120 4121
f 4062 4149 4150
f 4061 4145 4144
f 4058 4131 4130
f 4052 4102 4101
f 4085 4159 4166
f 4068 4155 4158
f 4069 4161 4156
f 4090 4164 4162
f 4092 4167 4165
f 4084 4175 4169
f 4083 4202 4206
f 4075 4187 4189
f 4086 4208 4210
f 4070 4173 4170
f 4082 4193 4199
f 4073 4177 4182
f 4074 4185 4178
f 4087 4197 4195
f 4091 4200 4198
f 4084 4203 4205
f 4083 4190 4183
f 4075 4188 4184
f 4086 4209 4207
f 4070 4172 4174
f 4067 4157 4097
f 4064 4153 4094
f 4063 4154 4093
f 4065 4160 4095
f 4066 4163 4096
f 4068 4168 4099
f 4085 4204 4122
f 4092 4191 4152
f 4090 4212 4146
f 4069 4171 4129
f 4080 4192 4112
f 4077 4179 4109
f 4072 4180 4108
f 4078 4194 4110
f 4079 4196 4111
f 4082 4201 4116
f 4073 4181 4104
f 4074 4186 4123
f 4087 4211 4135
f 4091 4176 4142
f 4085 4166 4151
f 4068 4158 4119
f 4069 4156 4100
f 4090 4162 4132
f 4092 4165 4147
f 4084 4169 4121
f 4083 4206 4150
f 4075 4189 4144
f 4086 4210 4130
f 4070 4170 4101
f 4082 4199 4140
f 4073 4182 4113
f 4074 4178 4105
f 4087 4195 4126
f 4091 4198 4137
f 4084 4205 4141
f 4083 4183 4117
f 4075 4184 4106
f 4086 4207 4125
f 4070 4174 4133
f 4064 4159 4118
f 4063 4155 4098
f 4065 4161 4128
f 4066 4164 4143
f 4067 4167 4148
f 4071 4175 4138
f 4081 4202 4115
f 4076 4187 4107
f 4088 4208 4127
f 4089 4173 4136
f 4077 4193 4114
f 4072 4177 4103
f 4078 4185 4124
f 4079 4197 4134
f 4080 4200 4139
f 4081 4203 4120
f 4076 4190 4149
f 4088 4188 4145
f 4089 4209 4131
f 4071 4172 4102
f 4064 4157 4159
f 4063 4153 4155
f 4065 4154 4161
f 4066 4160 4164
f 4067 4163 4167
f 4071 4168 4175
f 4081 4204 4202
f 4076 4191 4187
f 4088 4212 4208
f 4089 4171 4173
f 4077 4192 4193
f 4072 4179 4177
f 4078 4180 4185
f 4079 4194 4197
f 4080 4196 4200
f 4081 4201 4203
f 4076 4181 4190
f 4088 4186 4188
f 4089 4211 4209
f 4071 4176 4172
f 4064 4094 4157
f 4063 4093 4153
f 4065 4095 4154
f 4066 4096 4160
f 4067 4097 4163
f 4071 4102 4168
f 4081 4120 4204
f 4076 4149 4191
f 4088 4145 4212
f 4089 4131 4171
f 4077 4109 4192
f 4072 4108 4179
f 4078 4110 4180
f 4079 4111 4194
f 4080 4112 4196
f 4081 4115 4201
f 4076 4107 4181
f 4088 4127 4186
f 4089 4136 4211
f 4071 4138 4176
f 4067 4148 4166
f 4064 4118 4158
f 4063 4098 4156
f 4065 4128 4162
f 4066 4143 4165
f 4068 4119 4169
f 4085 4151 4206
f 4092 4147 4189
f 4090 4132 4210
f 4069 4100 4170
f 4080 4139 4199
f 4077 4114 4182
f 4072 4103 4178
f 4078 4124 4195
f 4079 4134 4198
f 4082 4140 4205
f 4073 4113 4183
f 4074 4105 4184
f 4087 4126 4207
f 4091 4137 4174
f 4085 4122 4159
f 4068 4099 4155
f 4069 4129 4161
f 4090 4146 4164
f 4092 4152 4167
f 4084 4141 4175
f 4083 4117 4202
f 4075 4106 4187
f 4086 4125 4208
f 4070 4133 4173
f 4082 4116 4193
f 4073 4104 4177
f 4074 4123 4185
f 4087 4135 4197
f 4091 4142 4200
f 4084 4121 4203
f 4083 4150 4190
f 4075 4144 4188
f 4086 4130 4209
f 4070 4101 4172
f 4067 4166 4157
f 4064 4158 4153
f 4063 4156 4154
f 4065 4162 4160
f 4066 4165 4163
f 4068 4169 4168
f 4085 4206 4204
f 4092 4189 4191
f 4090 4210 4212
f 4069 4170 4171
f 4080 4199 4192
f 4077 4182 4179
f 4072 4178 4180
f 4078 4195 4194
f 4079 4198 4196
f 4082 4205 4201
f 4073 4183 4181
f 4074 4184 4186
f 4087 4207 4211
f 4091 4174 4176
f 4157 4094 4097
f 4153 4093 4094
f 4154 4095 4093
f 4160 4096 4095
f 4163 4097 4096
f 4168 4102 4099
f 4204 4120 4122
f 4191 4149 4152
f 4212 4145 4146
f 4171 4131 4129
f 4192 4109 4112
f 4179 4108 4109
f 4180 4110 4108
f 4194 4111 4110
f 4196 4112 4111
f 4201 4115 4116
f 4181 4107 4104
f 4186 4127 4123
f 4211 4136 4135
f 4176 4138 4142
f 4166 4148 4151
f 4158 4118 4119
f 4156 4098 4100
f 4162 4128 4132
f 4165 4143 4147
f 4169 4119 4121
f 4206 4151 4150
f 4189 4147 4144
f 4210 4132 4130
f 4170 4100 4101
f 4199 4139 4140
f 4182 4114 4113
f 4178 4103 4105
f 4195 4124 4126
f 4198 4134 4137
f 4205 4140 4141
f 4183 4113 4117
f 4184 4105 4106
f 4207 4126 4125
f 4174 4137 4133
f 4159 4122 4118
f 4155 4099 4098
f 4161 4129 4128
f 4164 4146 4143
f 4167 4152 4148
f 4175 4141 4138
f 4202 4117 4115
f 4187 4106 4107
f 4208 4125 4127
f 4173 4133 4136
f 4193 4116 4114
f 4177 4104 4103
f 4185 4123 4124
f 4197 4135 4134
f 4200 4142 4139
f 4203 4121 4120
f 4190 4150 4149
f 4188 4144 4145
f 4209 4130 4131
f 4172 4101 4102
f 4157 4166 4159
f 4153 4158 4155
f 4154 4156 4161
f 4160 4162 4164
f 4163 4165 4167
f 4168 4169 4175
f 4204 4206 4202
f 4191 4189 4187
f 4212 4210 4208
f 4171 4170 4173
f 4192 4199 4193
f 4179 4182 4177
f 4180 4178 4185
f 4194 4195 4197
f 4196 4198 4200
f 4201 4205 4203
f 4181 4183 4190
f 4186 4184 4188
f 4211 4207 4209
f 4176 4174 4172
f 4213 4259 4256
f 4213 4256 4255
f 4213 4255 4257
f 4213 4257 4258
f 4213 4258 4259
f 4214 4261 4264
f 4218 4284 4282
f 4224 4314 4311
f 4223 4308 4307
f 4220 4291 4293
f 4216 4274 4271
f 4216 4271 4270
f 4216 4270 4272
f 4216 4272 4273
f 4216 4273 4274
f 4217 4278 4277
f 4215 4266 4269
f 4219 4285 4289
f 4221 4297 4298
f 4222 4304 4300
f 4224 4313 4310
f 4218 4281 4280
f 4214 4262 4260
f 4220 4294 4290
f 4223 4309 4305
f 4218 4283 4281
f 4224 4312 4313
f 4223 4306 4309
f 4220 4292 4294
f 4214 4263 4262
f 4222 4302 4301
f 4217 4275 4276
f 4215 4267 4265
f 4219 4288 4286
f 4221 4299 4296
f 4222 4303 4302
f 4217 4279 4275
f 4215 4268 4267
f 4219 4287 4288
f 4221 4295 4299
f 4218 4280 4284
f 4214 4260 4261
f 4220 4290 4291
f 4223 4305 4308
f 4224 4310 4314
f 4222 4300 4303
f 4217 4277 4279
f 4215 4269 4268
f 4219 4289 4287
f 4221 4298 4295
f 4217 4276 4278
f 4215 4265 4266
f 4219 4286 4285
f 4221 4296 4297
f 4222 4301 4304
f 4218 4282 4283
f 4224 4311 4312
f 4223 4307 4306
f 4220 4293 4292
f 4214 4264 4263
f 4247 4321 4328
f 4230 4317 4320
f 4231 4323 4318
f 4252 4326 4324
f 4254 4329 4327
f 4246 4337 4331
f 4245 4364 4368
f 4237 4349 4351
f 4248 4370 4372
f 4232 4335 4332
f 4244 4355 4361
f 4235 4339 4344
f 4236 4347 4340
f 4249 4359 4357
f 4253 4362 4360
f 4246 4365 4367
f 4245 4352 4345
f 4237 4350 4346
f 4248 4371 4369
f 4232 4334 4336
f 4229 4319 4259
f 4226 4315 4256
f 4225 4316 4255
f 4227 4322 4257
f 4228 4325 4258
f 4230 4330 4261
f 4247 4366 4284
f 4254 4353 4314
f 4252 4374 4308
f 4231 4333 4291
f 4242 4354 4274
f 4239 4341 4271
f 4234 4342 4270
f 4240 4356 4272
f 4241 4358 4273
f 4244 4363 4278
f 4235 4343 4266
f 4236 4348 4285
f 4249 4373 4297
f 4253 4338 4304
f 4247 4328 4313
f 4230 4320 4281
f 4231 4318 4262
f 4252 4324 4294
f 4254 4327 4309
f 4246 4331 4283
f 4245 4368 4312
f 4237 4351 4306
f 4248 4372 4292
f 4232 4332 4263
f 4244 4361 4302
f 4235 4344 4275
f 4236 4340 4267
f 4249 4357 4288
f 4253 4360 4299
f 4246 4367 4303
f 4245 4345 4279
f 4237 4346 4268
f 4248 4369 4287
f 4232 4336 4295
f 4226 4321 4280
f 4225 4317 4260
f 4227 4323 4290
f 4228 4326 4305
f 4229 4329 4310
f 4233 4337 4300
f 4243 4364 4277
f 4238 4349 4269
f 4250 4370 4289
f 4251 4335 4298
f 4239 4355 4276
f 4234 4339 4265
f 4240 4347 4286
f 4241 4359 4296
f 4242 4362 4301
f 4243 4365 4282
f 4238 4352 4311
f 4250 4350 4307
f 4251 4371 4293
f 4233 4334 4264
f 4226 4319 4321
f 4225 4315 4317
f 4227 4316 4323
f 4228 4322 4326
f 4229 4325 4329
f 4233 4330 4337
f 4243 4366 4364
f 4238 4353 4349
f 4250 4374 4370
f 4251 4333 4335
f 4239 4354 4355
f 4234 4341 4339
f 4240 4342 4347
f 4241 4356 4359
f 4242 4358 4362
f 4243 4363 4365
f 4238 4343 4352
f 4250 4348 4350
f 4251 4373 4371
f 4233 4338 4334
f 4226 4256 4319
f 4225 4255 4315
f 4227 4257 4316
f 4228 4258 4322
f 4229 4259 4325
f 4233 4264 4330
f 4243 4282 4366
f 4238 4311 4353
f 4250 4307 4374
f 4251 4293 4333
f 4239 4271 4354
f 4234 4270 4341
f 4240 4272 4342
f 4241 4273 4356
f 4242 4274 4358
f 4243 4277 4363
f 4238 4269 4343
f 4250 4289 4348
f 4251 4298 4373
f 4233 4300 4338
f 4229 4310 4328
f 4226 4280 4320
f 4225 4260 4318
f 4227 4290 4324
f 4228 4305 4327
f 4230 4281 4331
f 4247 4313 4368
f 4254 4309 4351
f 4252 4294 4372
f 4231 4262 4332
f 4242 4301 4361
f 4239 4276 4344
f 4234 4265 4340
f 4240 4286 4357
f 4241 4296 4360
f 4244 4302 4367
f 4235 4275 4345
f 4236 4267 4346
f 4249 4288 4369
f 4253 4299 4336
f 4247 4284 4321
f 4230 4261 4317
f 4231 4291 4323
f 4252 4308 4326
f 4254 4314 4329
f 4246 4303 4337
f 4245 4279 4364
f 4237 4268 4349
f 4248 4287 4370
f 4232 4295 4335
f 4244 4278 4355
f 4235 4266 4339
f 4236 4285 4347
f 4249 4297 4359
f 4253 4304 4362
f 4246 4283 4365
f 4245 4312 4352
f 4237 4306 4350
f 4248 4292 4371
f 4232 4263 4334
f 4229 4328 4319
f 4226 4320 4315
f 4225 4318 4316
f 4227 4324 4322
f 4228 4327 4325
f 4230 4331 4330
f 4247 4368 4366
f 4254 4351 4353
f 4252 4372 4374
f 4231 4332 4333
f 4242 4361 4354
f 4239 4344 4341
f 4234 4340 4342
f 4240 4357 4356
f 4241 4360 4358
f 4244 4367 4363
f 4235 4345 4343
f 4236 4346 4348
f 4249 4369 4373
f 4253 4336 4338
f 4319 4256 4259
f 4315 4255 4256
f 4316 4257 4255
f 4322 4258 4257
f 4325 4259 4258
f 4330 4264 4261
f 4366 4282 4284
f 4353 4311 4314
f 4374 4307 4308
f 4333 4293 4291
f 4354 4271 4274
f 4341 4270 4271
f 4342 4272 4270
f 4356 4273 4272
f 4358 4274 4273
f 4363 4277 4278
f 4343 4269 4266
f 4348 4289 4285
f 4373 4298 4297
f 4338 4300 4304
f 4328 4310 4313
f 4320 4280 4281
f 4318 4260 4262
f 4324 4290 4294
f 4327 4305 4309
f 4331 4281 4283
f 4368 4313 4312
f 4351 4309 4306
f 4372 4294 4292
f 4332 4262 4263
f 4361 4301 4302
f 4344 4276 4275
f 4340 4265 4267
f 4357 4286 4288
f 4360 4296 4299
f 4367 4302 4303
f 4345 4275 4279
f 4346 4267 4268
f 4369 4288 4287
f 4336 4299 4295
f 4321 4284 4280
f 4317 4261 4260
f 4323 4291 4290
f 4326 4308 4305
f 4329 4314 4310
f 4337 4303 4300
f 4364 4279 4277
f 4349 4268 4269
f 4370 4287 4289
f 4335 4295 4298
f 4355 4278 4276
f 4339 4266 4265
f 4347 4285 4286
f 4359 4297 4296
f 4362 4304 4301
f 4365 4283 4282
f 4352 4312 4311
f 4350 4306 4307
f 4371 4292 4293
f 4334 4263 4264
f 4319 4328 4321
f 4315 4320 4317
f 4316 4318 4323
f 4322 4324 4326
f 4325 4327 4329
f 4330 4331 4337
f 4366 4368 4364
f 4353 4351 4349
f 4374 4372 4370
f 4333 4332 4335
f 4354 4361 4355
f 4341 4344 4339
f 4342 4340 4347
f 4356 4357 4359
f 4358 4360 4362
f 4363 4367 4365
f 4343 4345 4352
f 4348 4346 4350
f 4373 4369 4371
f 4338 4336 4334
f 4375 4421 4418
f 4375 4418 4417
f 4375 4417 4419
f 4375 4419 4420
f 4375 4420 4421
f 4376 4423 4426
f 4380 4446 4444
f 4386 4476 4473
f 4385 4470 4469
f 4382 4453 4455
f 4378 4436 4433
f 4378 4433 4432
f 4378 4432 4434
f 4378 4434 4435
f 4378 4435 4436
f 4379 4440 4439
f 4377 4428 4431
f 4381 4447 4451
f 4383 4459 4460
f 4384 4466 4462
f 4386 4475 4472
f 4380 4443 4442
f 4376 4424 4422
f 4382 4456 4452
f 4385 4471 4467
f 4380 4445 4443
f 4386 4474 4475
f 4385 4468 4471
f 4382 4454 4456
f 4376 4425 4424
f 4384 4464 4463
f 4379 4437 4438
f 4377 4429 4427
f 4381 4450 4448
f 4383 4461 4458
f 4384 4465 4464
f 4379 4441 4437
f 4377 4430 4429
f 4381 4449 4450
f 4383 4457 4461
f 4380 4442 4446
f 4376 4422 4423
f 4382 4452 4453
f 4385 4467 4470
f 4386 4472 4476
f 4384 4462 4465
f 4379 4439 4441
f 4377 4431 4430
f 4381 4451 4449
f 4383 4460 4457
f 4379 4438 4440
f 4377 4427 4428
f 4381 4448 4447
f 4383 4458 4459
f 4384 4463 4466
f 4380 4444 4445
f 4386 4473 4474
f 4385 4469 4468
f 4382 4455 4454
f 4376 4426 4425
f 4409 4483 4490
f 4392 4479 4482
f 4393 4485 4480
f 4414 4488 4486
f 4416 4491 4489
f 4408 4499 4493
f 4407 4526 4530
f 4399 4511 4513
f 4410 4532 4534
f 4394 4497 4494
f 4406 4517 4523
f 4397 4501 4506
f 4398 4509 4502
f 4411 4521 4519
f 4415 4524 4522
f 4408 4527 4529
f 4407 4514 4507
f 4399 4512 4508
f 4410 4533 4531
f 4394 4496 4498
f 4391 4481 4421
f 4388 4477 4418
f 4387 4478 4417
f 4389 4484 4419
f 4390 4487 4420
f 4392 4492 4423
f 4409 4528 4446
f 4416 4515 4476
f 4414 4536 4470
f 4393 4495 4453
f 4404 4516 4436
f 4401 4503 4433
f 4396 4504 4432
f 4402 4518 4434
f 4403 4520 4435
f 4406 4525 4440
f 4397 4505 4428
f 4398 4510 4447
f 4411 4535 4459
f 4415 4500 4466
f 4409 4490 4475
f 4392 4482 4443
f 4393 4480 4424
f 4414 4486 4456
f 4416 4489 4471
f 4408 4493 4445
f 4407 4530 4474
f 4399 4513 4468
f 4410 4534 4454
f 4394 4494 4425
f 4406 4523 4464
f 4397 4506 4437
f 4398 4502 4429
f 4411 4519 4450
f 4415 4522 4461
f 4408 4529 4465
f 4407 4507 4441
f 4399 4508 4430
f 4410 4531 4449
f 4394 4498 4457
f 4388 4483 4442
f 4387 4479 4422
f 4389 4485 4452
f 4390 4488 4467
f 4391 4491 4472
f 4395 4499 4462
f 4405 4526 4439
f 4400 4511 4431
f 4412 4532 4451
f 4413 4497 4460
f 4401 4517 4438
f 4396 4501 4427
f 4402 4509 4448
f 4403 4521 4458
f 4404 4524 4463
f 4405 4527 4444
f 4400 4514 4473
f 4412 4512 4469
f 4413 4533 4455
f 4395 4496 4426
f 4388 4481 4483
f 4387 4477 4479
f 4389 4478 4485
f 4390 4484 4488
f 4391 4487 4491
f 4395 4492 4499
f 4405 4528 4526
f 4400 4515 4511
f 4412 4536 4532
f 4413 4495 4497
f 4401 4516 4517
f 4396 4503 4501
f 4402 4504 4509
f 4403 4518 4521
f 4404 4520 4524
f 4405 4525 4527
f 4400 4505 4514
f 4412 4510 4512
f 4413 4535 4533
f 4395 4500 4496
f 4388 4418 4481
f 4387 4417 4477
f 4389 4419 4478
f 4390 4420 4484
f 4391 4421 4487
f 4395 4426 4492
f 4405 4444 4528
f 4400 4473 4515
f 4412 4469 4536
f 4413 4455 4495
f 4401 4433 4516
f 4396 4432 4503
f 4402 4434 4504
f 4403 4435 4518
f 4404 4436 4520
f 4405 4439 4525
f 4400 4431 4505
f 4412 4451 4510
f 4413 4460 4535
f 4395 4462 4500
f 4391 4472 4490
f 4388 4442 4482
f 4387 4422 4480
f 4389 4452 4486
f 4390 4467 4489
f 4392 4443 4493
f 4409 4475 4530
f 4416 4471 4513
f 4414 4456 4534
f 4393 4424 4494
f 4404 4463 4523
f 4401 4438 4506
f 4396 4427 4502
f 4402 4448 4519
f 4403 4458 4522
f 4406 4464 4529
f 4397 4437 4507
f 4398 4429 4508
f 4411 4450 4531
f 4415 4461 4498
f 4409 4446 4483
f 4392 4423 4479
f 4393 4453 4485
f 4414 4470 4488
f 4416 4476 4491
f 4408 4465 4499
f 4407 4441 4526
f 4399 4430 4511
f 4410 4449 4532
f 4394 4457 4497
f 4406 4440 4517
f 4397 4428 4501
f 4398 4447 4509
f 4411 4459 4521
f 4415 4466 4524
f 4408 4445 4527
f 4407 4474 4514
f 4399 4468 4512
f 4410 4454 4533
f 4394 4425 4496
f 4391 4490 4481
f 4388 4482 4477
f 4387 4480 4478
f 4389 4486 4484
f 4390 4489 4487
f 4392 4493 4492
f 4409 4530 4528
f 4416 4513 4515
f 4414 4534 4536
f 4393 4494 4495
f 4404 4523 4516
f 4401 4506 4503
f 4396 4502 4504
f 4402 4519 4518
f 4403 4522 4520
f 4406 4529 4525
f 4397 4507 4505
f 4398 4508 4510
f 4411 4531 4535
f 4415 4498 4500
f 4481 4418 4421
f 4477 4417 4418
f 4478 4419 4417
f 4484 4420 4419
f 4487 4421 4420
f 4492 4426 4423
f 4528 4444 4446
f 4515 4473 4476
f 4536 4469 4470
f 4495 4455 4453
f 4516 4433 4436
f 4503 4432 4433
f 4504 4434 4432
f 4518 4435 4434
f 4520 4436 4435
f 4525 4439 4440
f 4505 4431 4428
f 4510 4451 4447
f 4535 4460 4459
f 4500 4462 4466
f 4490 4472 4475
f 4482 4442 4443
f 4480 4422 4424
f 4486 4452 4456
f 4489 4467 4471
f 4493 4443 4445
f 4530 4475 4474
f 4513 4471 4468
f 4534 4456 4454
f 4494 4424 4425
f 4523 4463 4464
f 4506 4438 4437
f 4502 4427 4429
f 4519 4448 4450
f 4522 4458 4461
f 4529 4464 4465
f 4507 4437 4441
f 4508 4429 4430
f 4531 4450 4449
f 4498 4461 4457
f 4483 4446 4442
f 4479 4423 4422
f 4485 4453 4452
f 4488 4470 4467
f 4491 4476 4472
f 4499 4465 4462
f 4526 4441 4439
f 4511 4430 4431
f 4532 4449 4451
f 4497 4457 4460
f 4517 4440 4438
f 4501 4428 4427
f 4509 4447 4448
f 4521 4459 4458
f 4524 4466 4463
f 4527 4445 4444
f 4514 4474 4473
f 4512 4468 4469
f 4533 4454 4455
f 4496 4425 4426
f 4481 4490 4483
f 4477 4482 4479
f 4478 4480 4485
f 4484 4486 4488
f 4487 4489 4491
f 4492 4493 4499
f 4528 4530 4526
f 4515 4513 4511
f 4536 4534 4532
f 4495 4494 4497
f 4516 4523 4517
f 4503 4506 4501
f 4504 4502 4509
f 4518 4519 4521
f 4520 4522 4524
f 4525 4529 4527
f 4505 4507 4514
f 4510 4508 4512
f 4535 4531 4533
f 4500 4498 4496
f 4537 4583 4580
f 4537 4580 4579
f 4537 4579 4581
f 4537 4581 4582
f 4537 4582 4583
f 4538 4585 4588
f 4542 4608 4606
f 4548 4638 4635
f 4547 4632 4631
f 4544 4615 4617
f 4540 4598 4595
f 4540 4595 4594
f 4540 4594 4596
f 4540 4596 4597
f 4540 4597 4598
f 4541 4602 4601
f 4539 4590 4593
f 4543 4609 4613
f 4545 4621 4622
f 4546 4628 4624
f 4548 4637 4634
f 4542 4605 4604
f 4538 4586 4584
f 4544 4618 4614
f 4547 4633 4629
f 4542 4607 4605
f 4548 4636 4637
f 4547 4630 4633
f 4544 4616 4618
f 4538 4587 4586
f 4546 4626 4625
f 4541 4599 4600
f 4539 4591 4589
f 4543 4612 4610
f 4545 4623 4620
f 4546 4627 4626
f 4541 4603 4599
f 4539 4592 4591
f 4543 4611 4612
f 4545 4619 4623
f 4542 4604 4608
f 4538 4584 4585
f 4544 4614 4615
f 4547 4629 4632
f 4548 4634 4638
f 4546 4624 4627
f 4541 4601 4603
f 4539 4593 4592
f 4543 4613 4611
f 4545 4622 4619
f 4541 4600 4602
f 4539 4589 4590
f 4543 4610 4609
f 4545 4620 4621
f 4546 4625 4628
f 4542 4606 4607
f 4548 4635 4636
f 4547 4631 4630
f 4544 4617 4616
f 4538 4588 4587
f 4571 4645 4652
f 4554 4641 4644
f 4555 4647 4642
f 4576 4650 4648
f 4578 4653 4651
f 4570 4661 4655
f 4569 4688 4692
f 4561 4673 4675
f 4572 4694 4696
f 4556 4659 4656
f 4568 4679 4685
f 4559 4663 4668
f 4560 4671 4664
f 4573 4683 4681
f 4577 4686 4684
f 4570 4689 4691
f 4569 4676 4669
f 4561 4674 4670
f 4572 4695 4693
f 4556 4658 4660
f 4553 4643 4583
f 4550 4639 4580
f 4549 4640 4579
f 4551 4646 4581
f 4552 4649 4582
f 4554 4654 4585
f 4571 4690 4608
f 4578 4677 4638
f 4576 4698 4632
f 4555 4657 4615
f 4566 4678 4598
f 4563 4665 4595
f 4558 4666 4594
f 4564 4680 4596
f 4565 4682 4597
f 4568 4687 4602
f 4559 4667 4590
f 4560 4672 4609
f 4573 4697 4621
f 4577 4662 4628
f 4571 4652 4637
f 4554 4644 4605
f 4555 4642 4586
f 4576 4648 4618
f 4578 4651 4633
f 4570 4655 4607
f 4569 4692 4636
f 4561 4675 4630
f 4572 4696 4616
f 4556 4656 4587
f 4568 4685 4626
f 4559 4668 4599
f 4560 4664 4591
f 4573 4681 4612
f 4577 4684 4623
f 4570 4691 4627
f 4569 4669 4603
f 4561 4670 4592
f 4572 4693 4611
f 4556 4660 4619
f 4550 4645 4604
f 4549 4641 4584
f 4551 4647 4614
f 4552 4650 4629
f 4553 4653 4634
f 4557 4661 4624
f 4567 4688 4601
f 4562 4673 4593
f 4574 4694 4613
f 4575 4659 4622
f 4563 4679 4600
f 4558 4663 4589
f 4564 4671 4610
f 4565 4683 4620
f 4566 4686 4625
f 4567 4689 4606
f 4562 4676 4635
f 4574 4674 4631
f 4575 4695 4617
f 4557 4658 4588
f 4550 4643 4645
f 4549 4639 4641
f 4551 4640 4647
f 4552 4646 4650
f 4553 4649 4653
f 4557 4654 4661
f 4567 4690 4688
f 4562 4677 4673
f 4574 4698 4694
f 4575 4657 4659
f 4563 4678 4679
f 4558 4665 4663
f 4564 4666 4671
f 4565 4680 4683
f 4566 4682 4686
f 4567 4687 4689
f 4562 4667 4676
f 4574 4672 4674
f 4575 4697 4695
f 4557 4662 4658
f 4550 4580 4643
f 4549 4579 4639
f 4551 4581 4640
f 4552 4582 4646
f 4553 4583 4649
f 4557 4588 4654
f 4567 4606 4690
f 4562 4635 4677
f 4574 4631 4698
f 4575 4617 4657
f 4563 4595 4678
f 4558 4594 4665
f 4564 4596 4666
f 4565 4597 4680
f 4566 4598 4682
f 4567 4601 4687
f 4562 4593 4667
f 4574 4613 4672
f 4575 4622 4697
f 4557 4624 4662
f 4553 4634 4652
f 4550 4604 4644
f 4549 4584 4642
f 4551 4614 4648
f 4552 4629 4651
f 4554 4605 4655
f 4571 4637 4692
f 4578 4633 4675
f 4576 4618 4696
f 4555 4586 4656
f 4566 4625 4685
f 4563 4600 4668
f 4558 4589 4664
f 4564 4610 4681
f 4565 4620 4684
f 4568 4626 4691
f 4559 4599 4669
f 4560 4591 4670
f 4573 4612 4693
f 4577 4623 4660
f 4571 4608 4645
f 4554 4585 4641
f 4555 4615 4647
f 4576 4632 4650
f 4578 4638 4653
f 4570 4627 4661
f 4569 4603 4688
f 4561 4592 4673
f 4572 4611 4694
f 4556 4619 4659
f 4568 4602 4679
f 4559 4590 4663
f 4560 4609 4671
f 4573 4621 4683
f 4577 4628 4686
f 4570 4607 4689
f 4569 4636 4676
f 4561 4630 4674
f 4572 4616 4695
f 4556 4587 4658
f 4553 4652 4643
f 4550 4644 4639
f 4549 4642 4640
f 4551 4648 4646
f 4552 4651 4649
f 4554 4655 4654
f 4571 4692 4690
f 4578 4675 4677
f 4576 4696 4698
f 4555 4656 4657
f 4566 4685 4678
f 4563 4668 4665
f 4558 4664 4666
f 4564 4681 4680
f 4565 4684 4682
f 4568 4691 4687
f 4559 4669 4667
f 4560 4670 4672
f 4573 4693 4697
f 4577 4660 4662
f 4643 4580 4583
f 4639 4579 4580
f 4640 4581 4579
f 4646 4582 4581
f 4649 4583 4582
f 4654 4588 4585
f 4690 4606 4608
f 4677 4635 4638
f 4698 4631 4632
f 4657 4617 4615
f 4678 4595 4598
f 4665 4594 4595
f 4666 4596 4594
f 4680 4597 4596
f 4682 4598 4597
f 4687 4601 4602
f 4667 4593 4590
f 4672 4613 4609
f 4697 4622 4621
f 4662 4624 4628
f 4652 4634 4637
f 4644 4604 4605
f 4642 4584 4586
f 4648 4614 4618
f 4651 4629 4633
f 4655 4605 4607
f 4692 4637 4636
f 4675 4633 4630
f 4696 4618 4616
f 4656 4586 4587
f 4685 4625 4626
f 4668 4600 4599
f 4664 4589 4591
f 4681 4610 4612
f 4684 4620 4623
f 4691 4626 4627
f 4669 4599 4603
f 4670 4591 4592
f 4693 4612 4611
f 4660 4623 4619
f 4645 4608 4604
f 4641 4585 4584
f 4647 4615 4614
f 4650 4632 4629
f 4653 4638 4634
f 4661 4627 4624
f 4688 4603 4601
f 4673 4592 4593
f 4694 4611 4613
f 4659 4619 4622
f 4679 4602 4600
f 4663 4590 4589
f 4671 4609 4610
f 4683 4621 4620
f 4686 4628 4625
f 4689 4607 4606
f 4676 4636 4635
f 4674 4630 4631
f 4695 4616 4617
f 4658 4587 4588
f 4643 4652 4645
f 4639 4644 4641
f 4640 4642 4647
f 4646 4648 4650
f 4649 4651 4653
f 4654 4655 4661
f 4690 4692 4688
f 4677 4675 4673
f 4698 4696 4694
f 4657 4656 4659
f 4678 4685 4679
f 4665 4668 4663
f 4666 4664 4671
f 4680 4681 4683
f 4682 4684 4686
f 4687 4691 4689
f 4667 4669 4676
f 4672 4670 4674
f 4697 4693 4695
f 4662 4660 4658
f 4699 4745 4742
f 4699 4742 4741
f 4699 4741 4743
f 4699 4743 4744
f 4699 4744 4745
f 4700 4747 4750
f 4704 4770 4768
f 4710 4800 4797
f 4709 4794 4793
f 4706 4777 4779
f 4702 4760 4757
f 4702 4757 4756
f 4702 4756 4758
f 4702 4758 4759
f 4702 4759 4760
f 4703 4764 4763
f 4701 4752 4755
f 4705 4771 4775
f 4707 4783 4784
f 4708 4790 4786
f 4710 4799 4796
f 4704 4767 4766
f 4700 4748 4746
f 4706 4780 4776
f 4709 4795 4791
f 4704 4769 4767
f 4710 4798 4799
f 4709 4792 4795
f 4706 4778 4780
f 4700 4749 4748
f 4708 4788 4787
f 4703 4761 4762
f 4701 4753 4751
f 4705 4774 4772
f 4707 4785 4782
f 4708 4789 4788
f 4703 4765 4761
f 4701 4754 4753
f 4705 4773 4774
f 4707 4781 4785
f 4704 4766 4770
f 4700 4746 4747
f 4706 4776 4777
f 4709 4791 4794
f 4710 4796 4800
f 4708 4786 4789
f 4703 4763 4765
f 4701 4755 4754
f 4705 4775 4773
f 4707 4784 4781
f 4703 4762 4764
f 4701 4751 4752
f 4705 4772 4771
f 4707 4782 4783
f 4708 4787 4790
f 4704 4768 4769
f 4710 4797 4798
f 4709 4793 4792
f 4706 4779 4778
f 4700 4750 4749
f 4733 4807 4814
f 4716 4803 4806
f 4717 4809 4804
f 4738 4812 4810
f 4740 4815 4813
f 4732 4823 4817
f 4731 4850 4854
f 4723 4835 4837
f 4734 4856 4858
f 4718 4821 4818
f 4730 4841 4847
f 4721 4825 4830
f 4722 4833 4826
f 4735 4845 4843
f 4739 4848 4846
f 4732 4851 4853
f 4731 4838 4831
f 4723 4836 4832
f 4734 4857 4855
f 4718 4820 4822
f 4715 4805 4745
f 4712 4801 4742
f 4711 4802 4741
f 4713 4808 4743
f 4714 4811 4744
f 4716 4816 4747
f 4733 4852 4770
f 4740 4839 4800
f 4738 4860 4794
f 4717 4819 4777
f 4728 4840 4760
f 4725 4827 4757
f 4720 4828 4756
f 4726 4842 4758
f 4727 4844 4759
f 4730 4849 4764
f 4721 4829 4752
f 4722 4834 4771
f 4735 4859 4783
f 4739 4824 4790
f 4733 4814 4799
f 4716 4806 4767
f 4717 4804 4748
f 4738 4810 4780
f 4740 4813 4795
f 4732 4817 4769
f 4731 4854 4798
f 4723 4837 4792
f 4734 4858 4778
f 4718 4818 4749
f 4730 4847 4788
f 4721 4830 4761
f 4722 4826 4753
f 4735 4843 4774
f 4739 4846 4785
f 4732 4853 4789
f 4731 4831 4765
f 4723 4832 4754
f 4734 4855 4773
f 4718 4822 4781
f 4712 4807 4766
f 4711 4803 4746
f 4713 4809 4776
f 4714 4812 4791
f 4715 4815 4796
f 4719 4823 4786
f 4729 4850 4763
f 4724 4835 4755
f 4736 4856 4775
f 4737 4821 4784
f 4725 4841 4762
f 4720 4825 4751
f 4726 4833 4772
f 4727 4845 4782
f 4728 4848 4787
f 4729 4851 4768
f 4724 4838 4797
f 4736 4836 4793
f 4737 4857 4779
f 4719 4820 4750
f 4712 4805 4807
f 4711 4801 4803
f 4713 4802 4809
f 4714 4808 4812
f 4715 4811 4815
f 4719 4816 4823
f 4729 4852 4850
f 4724 4839 4835
f 4736 4860 4856
f 4737 4819 4821
f 4725 4840 4841
f 4720 4827 4825
f 4726 4828 4833
f 4727 4842 4845
f 4728 4844 4848
f 4729 4849 4851
f 4724 4829 4838
f 4736 4834 4836
f 4737 4859 4857
f 4719 4824 4820
f 4712 4742 4805
f 4711 4741 4801
f 4713 4743 4802
f 4714 4744 4808
f 4715 4745 4811
f 4719 4750 4816
f 4729 4768 4852
f 4724 4797 4839
f 4736 4793 4860
f 4737 4779 4819
f 4725 4757 4840
f 4720 4756 4827
f 4726 4758 4828
f 4727 4759 4842
f 4728 4760 4844
f 4729 4763 4849
f 4724 4755 4829
f 4736 4775 4834
f 4737 4784 4859
f 4719 4786 4824
f 4715 4796 4814
f 4712 4766 4806
f 4711 4746 4804
f 4713 4776 4810
f 4714 4791 4813
f 4716 4767 4817
f 4733 4799 4854
f 4740 4795 4837
f 4738 4780 4858
f 4717 4748 4818
f 4728 4787 4847
f 4725 4762 4830
f 4720 4751 4826
f 4726 4772 4843
f 4727 4782 4846
f 4730 4788 4853
f 4721 4761 4831
f 4722 4753 4832
f 4735 4774 4855
f 4739 4785 4822
f 4733 4770 4807
f 4716 4747 4803
f 4717 4777 4809
f 4738 4794 4812
f 4740 4800 4815
f 4732 4789 4823
f 4731 4765 4850
f 4723 4754 4835
f 4734 4773 4856
f 4718 4781 4821
f 4730 4764 4841
f 4721 4752 4825
f 4722 4771 4833
f 4735 4783 4845
f 4739 4790 4848
f 4732 4769 4851
f 4731 4798 4838
f 4723 4792 4836
f 4734 4778 4857
f 4718 4749 4820
f 4715 4814 4805
f 4712 4806 4801
f 4711 4804 4802
f 4713 4810 4808
f 4714 4813 4811
f 4716 4817 4816
f 4733 4854 4852
f 4740 4837 4839
f 4738 4858 4860
f 4717 4818 4819
f 4728 4847 4840
f 4725 4830 4827
f 4720 4826 4828
f 4726 4843 4842
f 4727 4846 4844
f 4730 4853 4849
f 4721 4831 4829
f 4722 4832 4834
f 4735 4855 4859
f 4739 4822 4824
f 4805 4742 4745
f 4801 4741 4742
f 4802 4743 4741
f 4808 4744 4743
f 4811 4745 4744
f 4816 4750 4747
f 4852 4768 4770
f 4839 4797 4800
f 4860 4793 4794
f 4819 4779 4777
f 4840 4757 4760
f 4827 4756 4757
f 4828 4758 4756
f 4842 4759 4758
f 4844 4760 4759
f 4849 4763 4764
f 4829 4755 4752
f 4834 4775 4771
f 4859 4784 4783
f 4824 4786 4790
f 4814 4796 4799
f 4806 4766 4767
f 4804 4746 4748
f 4810 4776 4780
f 4813 4791 4795
f 4817 4767 4769
f 4854 4799 4798
f 4837 4795 4792
f 4858 4780 4778
f 4818 4748 4749
f 4847 4787 4788
f 4830 4762 4761
f 4826 4751 4753
f 4843 4772 4774
f 4846 4782 4785
f 4853 4788 4789
f 4831 4761 4765
f 4832 4753 4754
f 4855 4774 4773
f 4822 4785 4781
f 4807 4770 4766
f 4803 4747 4746
f 4809 4777 4776
f 4812 4794 4791
f 4815 4800 4796
f 4823 4789 4786
f 4850 4765 4763
f 4835 4754 4755
f 4856 4773 4775
f 4821 4781 4784
f 4841 4764 4762
f 4825 4752 4751
f 4833 4771 4772
f 4845 4783 4782
f 4848 4790 4787
f 4851 4769 4768
f 4838 4798 4797
f 4836 4792 4793
f 4857 4778 4779
f 4820 4749 4750
f 4805 4814 4807
f 4801 4806 4803
f 4802 4804 4809
f 4808 4810 4812
f 4811 4813 4815
f 4816 4817 4823
f 4852 4854 4850
f 4839 4837 4835
f 4860 4858 4856
f 4819 4818 4821
f 4840 4847 4841
f 4827 4830 4825
f 4828 4826 4833
f 4842 4843 4845
f 4844 4846 4848
f 4849 4853 4851
f 4829 4831 4838
f 4834 4832 4836
f 4859 4855 4857
f 4824 4822 4820
f 4861 4907 4904
f 4861 4904 4903
f 4861 4903 4905
f 4861 4905 4906
f 4861 4906 4907
f 4862 4909 4912
f 4866 4932 4930
f 4872 4962 4959
f 4871 4956 4955
f 4868 4939 4941
f 4864 4922 4919
f 4864 4919 4918
f 4864 4918 4920
f 4864 4920 4921
f 4864 4921 4922
f 4865 4926 4925
f 4863 4914 4917
f 4867 4933 4937
f 4869 4945 4946
f 4870 4952 4948
f 4872 4961 4958
f 4866 4929 4928
f 4862 4910 4908
f 4868 4942 4938
f 4871 4957 4953
f 4866 4931 4929
f 4872 4960 4961
f 4871 4954 4957
f 4868 4940 4942
f 4862 4911 4910
f 4870 4950 4949
f 4865 4923 4924
f 4863 4915 4913
f 4867 4936 4934
f 4869 4947 4944
f 4870 4951 4950
f 4865 4927 4923
f 4863 4916 4915
f 4867 4935 4936
f 4869 4943 4947
f 4866 4928 4932
f 4862 4908 4909
f 4868 4938 4939
f 4871 4953 4956
f 4872 4958 4962
f 4870 4948 4951
f 4865 4925 4927
f 4863 4917 4916
f 4867 4937 4935
f 4869 4946 4943
f 4865 4924 4926
f 4863 4913 4914
f 4867 4934 4933
f 4869 4944 4945
f 4870 4949 4952
f 4866 4930 4931
f 4872 4959 4960
f 4871 4955 4954
f 4868 4941 4940
f 4862 4912 4911
f 4895 4969 4976
f 4878 4965 4968
f 4879 4971 4966
f 4900 4974 4972
f 4902 4977 4975
f 4894 4985 4979
f 4893 5012 5016
f 4885 4997 4999
f 4896 5018 5020
f 4880 4983 4980
f 4892 5003 5009
f 4883 4987 4992
f 4884 4995 4988
f 4897 5007 5005
f 4901 5010 5008
f 4894 5013 5015
f 4893 5000 4993
f 4885 4998 4994
f 4896 5019 5017
f 4880 4982 4984
f 4877 4967 4907
f 4874 4963 4904
f 4873 4964 4903
f 4875 4970 4905
f 4876 4973 4906
f 4878 4978 4909
f 4895 5014 4932
f 4902 5001 4962
f 4900 5022 4956
f 4879 4981 4939
f 4890 5002 4922
f 4887 4989 4919
f 4882 4990 4918
f 4888 5004 4920
f 4889 5006 4921
f 4892 5011 4926
f 4883 4991 4914
f 4884 4996 4933
f 4897 5021 4945
f 4901 4986 4952
f 4895 4976 4961
f 4878 4968 4929
f 4879 4966 4910
f 4900 4972 4942
f 4902 4975 4957
f 4894 4979 4931
f 4893 5016 4960
f 4885 4999 4954
f 4896 5020 4940
f 4880 4980 4911
f 4892 5009 4950
f 4883 4992 4923
f 4884 4988 4915
f 4897 5005 4936
f 4901 5008 4947
f 4894 5015 4951
f 4893 4993 4927
f 4885 4994 4916
f 4896 5017 4935
f 4880 4984 4943
f 4874 4969 4928
f 4873 4965 4908
f 4875 4971 4938
f 4876 4974 4953
f 4877 4977 4958
f 4881 4985 4948
f 4891 5012 4925
f 4886 4997 4917
f 4898 5018 4937
f 4899 4983 4946
f 4887 5003 4924
f 4882 4987 4913
f 4888 4995 4934
f 4889 5007 4944
f 4890 5010 4949
f 4891 5013 4930
f 4886 5000 4959
f 4898 4998 4955
f 4899 5019 4941
f 4881 4982 4912
f 4874 4967 4969
f 4873 4963 4965
f 4875 4964 4971
f 4876 4970 4974
f 4877 4973 4977
f 4881 4978 4985
f 4891 5014 5012
f 4886 5001 4997
f 4898 5022 5018
f 4899 4981 4983
f 4887 5002 5003
f 4882 4989 4987
f 4888 4990 4995
f 4889 5004 5007
f 4890 5006 5010
f 4891 5011 5013
f 4886 4991 5000
f 4898 4996 4998
f 4899 5021 5019
f 4881 4986 4982
f 4874 4904 4967
f 4873 4903 4963
f 4875 4905 4964
f 4876 4906 4970
f 4877 4907 4973
f 4881 4912 4978
f 4891 4930 5014
f 4886 4959 5001
f 4898 4955 5022
f 4899 4941 4981
f 4887 4919 5002
f 4882 4918 4989
f 4888 4920 4990
f 4889 4921 5004
f 4890 4922 5006
f 4891 4925 5011
f 4886 4917 4991
f 4898 4937 4996
f 4899 4946 5021
f 4881 4948 4986
f 4877 4958 4976
f 4874 4928 4968
f 4873 4908 4966
f 4875 4938 4972
f 4876 4953 4975
f 4878 4929 4979
f 4895 4961 5016
f 4902 4957 4999
f 4900 4942 5020
f 4879 4910 4980
f 4890 4949 5009
f 4887 4924 4992
f 4882 4913 4988
f 4888 4934 5005
f 4889 4944 5008
f 4892 4950 5015
f 4883 4923 4993
f 4884 4915 4994
f 4897 4936 5017
f 4901 4947 4984
f 4895 4932 4969
f 4878 4909 4965
f 4879 4939 4971
f 4900 4956 4974
f 4902 4962 4977
f 4894 4951 4985
f 4893 4927 5012
f 4885 4916 4997
f 4896 4935 5018
f 4880 4943 4983
f 4892 4926 5003
f 4883 4914 4987
f 4884 4933 4995
f 4897 4945 5007
f 4901 4952 5010
f 4894 4931 5013
f 4893 4960 5000
f 4885 4954 4998
f 4896 4940 5019
f 4880 4911 4982
f 4877 4976 4967
f 4874 4968 4963
f 4873 4966 4964
f 4875 4972 4970
f 4876 4975 4973
f 4878 4979 4978
f 4895 5016 5014
f 4902 4999 5001
f 4900 5020 5022
f 4879 4980 4981
f 4890 5009 5002
f 4887 4992 4989
f 4882 4988 4990
f 4888 5005 5004
f 4889 5008 5006
f 4892 5015 5011
f 4883 4993 4991
f 4884 4994 4996
f 4897 5017 5021
f 4901 4984 4986
f 4967 4904 4907
f 4963 4903 4904
f 4964 4905 4903
f 4970 4906 4905
f 4973 4907 4906
f 4978 4912 4909
f 5014 4930 4932
f 5001 4959 4962
f 5022 4955 4956
f 4981 4941 4939
f 5002 4919 4922
f 4989 4918 4919
f 4990 4920 4918
f 5004 4921 4920
f 5006 4922 4921
f 5011 4925 4926
f 4991 4917 4914
f 4996 4937 4933
f 5021 4946 4945
f 4986 4948 4952
f 4976 4958 4961
f 4968 4928 4929
f 4966 4908 4910
f 4972 4938 4942
f 4975 4953 4957
f 4979 4929 4931
f 5016 4961 4960
f 4999 4957 4954
f 5020 4942 4940
f 4980 4910 4911
f 5009 4949 4950
f 4992 4924 4923
f 4988 4913 4915
f 5005 4934 4936
f 5008 4944 4947
f 5015 4950 4951
f 4993 4923 4927
f 4994 4915 4916
f 5017 4936 4935
f 4984 4947 4943
f 4969 4932 4928
f 4965 4909 4908
f 4971 4939 4938
f 4974 4956 4953
f 4977 4962 4958
f 4985 4951 4948
f 5012 4927 4925
f 4997 4916 4917
f 5018 4935 4937
f 4983 4943 4946
f 5003 4926 4924
f 4987 4914 4913
f 4995 4933 4934
f 5007 4945 4944
f 5010 4952 4949
f 5013 4931 4930
f 5000 4960 4959
f 4998 4954 4955
f 5019 4940 4941
f 4982 4911 4912
f 4967 4976 4969
f 4963 4968 4965
f 4964 4966 4971
f 4970 4972 4974
f 4973 4975 4977
f 4978 4979 4985
f 5014 5016 5012
f 5001 4999 4997
f 5022 5020 5018
f 4981 4980 4983
f 5002 5009 5003
f 4989 4992 4987
f 4990 4988 4995
f 5004 5005 5007
f 5006 5008 5010
f 5011 5015 5013
f 4991 4993 5000
f 4996 4994 4998
f 5021 5017 5019
f 4986 4984 4982
f 5023 5069 5066
f 5023 5066 5065
f 5023 5065 5067
f 5023 5067 5068
f 5023 5068 5069
f 5024 5071 5074
f 5028 5094 5092
f 5034 5124 5121
f 5033 5118 5117
f 5030 5101 5103
f 5026 5084 5081
f 5026 5081 5080
f 5026 5080 5082
f 5026 5082 5083
f 5026 5083 5084
f 5027 5088 5087
f 5025 5076 5079
f 5029 5095 5099
f 5031 5107 5108
f 5032 5114 5110
f 5034 5123 5120
f 5028 5091 5090
f 5024 5072 5070
f 5030 5104 5100
f 5033 5119 5115
f 5028 5093 5091
f 5034 5122 5123
f 5033 5116 5119
f 5030 5102 5104
f 5024 5073 5072
f 5032 5112 5111
f 5027 5085 5086
f 5025 5077 5075
f 5029 5098 5096
f 5031 5109 5106
f 5032 5113 5112
f 5027 5089 5085
f 5025 5078 5077
f 5029 5097 5098
f 5031 5105 5109
f 5028 5090 5094
f 5024 5070 5071
f 5030 5100 5101
f 5033 5115 5118
f 5034 5120 5124
f 5032 5110 5113
f 5027 5087 5089
f 5025 5079 5078
f 5029 5099 5097
f 5031 5108 5105
f 5027 5086 5088
f 5025 5075 5076
f 5029 5096 5095
f 5031 5106 5107
f 5032 5111 5114
f 5028 5092 5093
f 5034 5121 5122
f 5033 5117 5116
f 5030 5103 5102
f 5024 5074 5073
f 5057 5131 5138
f 5040 5127 5130
f 5041 5133 5128
f 5062 5136 5134
f 5064 5139 5137
f 5056 5147 5141
f 5055 5174 5178
f 5047 5159 5161
f 5058 5180 5182
f 5042 5145 5142
f 5054 5165 5171
f 5045 5149 5154
f 5046 5157 5150
f 5059 5169 5167
f 5063 5172 5170
f 5056 5175 5177
f 5055 5162 5155
f 5047 5160 5156
f 5058 5181 5179
f 5042 5144 5146
f 5039 5129 5069
f 5036 5125 5066
f 5035 5126 5065
f 5037 5132 5067
f 5038 5135 5068
f 5040 5140 5071
f 5057 5176 5094
f 5064 5163 5124
f 5062 5184 5118
f 5041 5143 5101
f 5052 5164 5084
f 5049 5151 5081
f 5044 5152 5080
f 5050 5166 5082
f 5051 5168 5083
f 5054 5173 5088
f 5045 5153 5076
f 5046 5158 5095
f 5059 5183 5107
f 5063 5148 5114
f 5057 5138 5123
f 5040 5130 5091
f 5041 5128 5072
f 5062 5134 5104
f 5064 5137 5119
f 5056 5141 5093
f 5055 5178 5122
f 5047 5161 5116
f 5058 5182 5102
f 5042 5142 5073
f 5054 5171 5112
f 5045 5154 5085
f 5046 5150 5077
f 5059 5167 5098
f 5063 5170 5109
f 5056 5177 5113
f 5055 5155 5089
f 5047 5156 5078
f 5058 5179 5097
f 5042 5146 5105
f 5036 5131 5090
f 5035 5127 5070
f 5037 5133 5100
f 5038 5136 5115
f 5039 5139 5120
f 5043 5147 5110
f 5053 5174 5087
f 5048 5159 5079
f 5060 5180 5099
f 5061 5145 5108
f 5049 5165 5086
f 5044 5149 5075
f 5050 5157 5096
f 5051 5169 5106
f 5052 5172 5111
f 5053 5175 5092
f 5048 5162 5121
f 5060 5160 5117
f 5061 5181 5103
f 5043 5144 5074
f 5036 5129 5131
f 5035 5125 5127
f 5037 5126 5133
f 5038 5132 5136
f 5039 5135 5139
f 5043 5140 5147
f 5053 5176 5174
f 5048 5163 5159
f 5060 5184 5180
f 5061 5143 5145
f 5049 5164 5165
f 5044 5151 5149
f 5050 5152 5157
f 5051 5166 5169
f 5052 5168 5172
f 5053 5173 5175
f 5048 5153 5162
f 5060 5158 5160
f 5061 5183 5181
f 5043 5148 5144
f 5036 5066 5129
f 5035 5065 5125
f 5037 5067 5126
f 5038 5068 5132
f 5039 5069 5135
f 5043 5074 5140
f 5053 5092 5176
f 5048 5121 5163
f 5060 5117 5184
f 5061 5103 5143
f 5049 5081 5164
f 5044 5080 5151
f 5050 5082 5152
f 5051 5083 5166
f 5052 5084 5168
f 5053 5087 5173
f 5048 5079 5153
f 5060 5099 5158
f 5061 5108 5183
f 5043 5110 5148
f 5039 5120 5138
f 5036 5090 5130
f 5035 5070 5128
f 5037 5100 5134
f 5038 5115 5137
f 5040 5091 5141
f 5057 5123 5178
f 5064 5119 5161
f 5062 5104 5182
f 5041 5072 5142
f 5052 5111 5171
f 5049 5086 5154
f 5044 5075 5150
f 5050 5096 5167
f 5051 5106 5170
f 5054 5112 5177
f 5045 5085 5155
f 5046 5077 5156
f 5059 5098 5179
f 5063 5109 5146
f 5057 5094 5131
f 5040 5071 5127
f 5041 5101 5133
f 5062 5118 5136
f 5064 5124 5139
f 5056 5113 5147
f 5055 5089 5174
f 5047 5078 5159
f 5058 5097 5180
f 5042 5105 5145
f 5054 5088 5165
f 5045 5076 5149
f 5046 5095 5157
f 5059 5107 5169
f 5063 5114 5172
f 5056 5093 5175
f 5055 5122 5162
f 5047 5116 5160
f 5058 5102 5181
f 5042 5073 5144
f 5039 5138 5129
f 5036 5130 5125
f 5035 5128 5126
f 5037 5134 5132
f 5038 5137 5135
f 5040 5141 5140
f 5057 5178 5176
f 5064 5161 5163
f 5062 5182 5184
f 5041 5142 5143
f 5052 5171 5164
f 5049 5154 5151
f 5044 5150 5152
f 5050 5167 5166
f 5051 5170 5168
f 5054 5177 5173
f 5045 5155 5153
f 5046 5156 5158
f 5059 5179 5183
f 5063 5146 5148
f 5129 5066 5069
f 5125 5065 5066
f 5126 5067 5065
f 5132 5068 5067
f 5135 5069 5068
f 5140 5074 5071
f 5176 5092 5094
f 5163 5121 5124
f 5184 5117 5118
f 5143 5103 5101
f 5164 5081 5084
f 5151 5080 5081
f 5152 5082 5080
f 5166 5083 5082
f 5168 5084 5083
f 5173 5087 5088
f 5153 5079 5076
f 5158 5099 5095
f 5183 5108 5107
f 5148 5110 5114
f 5138 5120 5123
f 5130 5090 5091
f 5128 5070 5072
f 5134 5100 5104
f 5137 5115 5119
f 5141 5091 5093
f 5178 5123 5122
f 5161 5119 5116
f 5182 5104 5102
f 5142 5072 5073
f 5171 5111 5112
f 5154 5086 5085
f 5150 5075 5077
f 5167 5096 5098
f 5170 5106 5109
f 5177 5112 5113
f 5155 5085 5089
f 5156 5077 5078
f 5179 5098 5097
f 5146 5109 5105
f 5131 5094 5090
f 5127 5071 5070
f 5133 5101 5100
f 5136 5118 5115
f 5139 5124 5120
f 5147 5113 5110
f 5174 5089 5087
f 5159 5078 5079
f 5180 5097 5099
f 5145 5105 5108
f 5165 5088 5086
f 5149 5076 5075
f 5157 5095 5096
f 5169 5107 5106
f 5172 5114 5111
f 5175 5093 5092
f 5162 5122 5121
f 5160 5116 5117
f 5181 5102 5103
f 5144 5073 5074
f 5129 5138 5131
f 5125 5130 5127
f 5126 5128 5133
f 5132 5134 5136
f 5135 5137 5139
f 5140 5141 5147
f 5176 5178 5174
f 5163 5161 5159
f 5184 5182 5180
f 5143 5142 5145
f 5164 5171 5165
f 5151 5154 5149
f 5152 5150 5157
f 5166 5167 5169
f 5168 5170 5172
f 5173 5177 5175
f 5153 5155 5162
f 5158 5156 5160
f 5183 5179 5181
f 5148 5146 5144
f 5185 5231 5228
f 5185 5228 5227
f 5185 5227 5229
f 5185 5229 5230
f 5185 5230 5231
f 5186 5233 5236
f 5190 5256 5254
f 5196 5286 5283
f 5195 5280 5279
f 5192 5263 5265
f 5188 5246 5243
f 5188 5243 5242
f 5188 5242 5244
f 5188 5244 5245
f 5188 5245 5246
f 5189 5250 5249
f 5187 5238 5241
f 5191 5257 5261
f 5193 5269 5270
f 5194 5276 5272
f 5196 5285 5282
f 5190 5253 5252
f 5186 5234 5232
f 5192 5266 5262
f 5195 5281 5277
f 5190 5255 5253
f 5196 5284 5285
f 5195 5278 5281
f 5192 5264 5266
f 5186 5235 5234
f 5194 5274 5273
f 5189 5247 5248
f 5187 5239 5237
f 5191 5260 5258
f 5193 5271 5268
f 5194 5275 5274
f 5189 5251 5247
f 5187 5240 5239
f 5191 5259 5260
f 5193 5267 5271
f 5190 5252 5256
f 5186 5232 5233
f 5192 5262 5263
f 5195 5277 5280
f 5196 5282 5286
f 5194 5272 5275
f 5189 5249 5251
f 5187 5241 5240
f 5191 5261 5259
f 5193 5270 5267
f 5189 5248 5250
f 5187 5237 5238
f 5191 5258 5257
f 5193 5268 5269
f 5194 5273 5276
f 5190 5254 5255
f 5196 5283 5284
f 5195 5279 5278
f 5192 5265 5264
f 5186 5236 5235
f 5219 5293 5300
f 5202 5289 5292
f 5203 5295 5290
f 5224 5298 5296
f 5226 5301 5299
f 5218 5309 5303
f 5217 5336 5340
f 5209 5321 5323
f 5220 5342 5344
f 5204 5307 5304
f 5216 5327 5333
f 5207 5311 5316
f 5208 5319 5312
f 5221 5331 5329
f 5225 5334 5332
f 5218 5337 5339
f 5217 5324 5317
f 5209 5322 5318
f 5220 5343 5341
f 5204 5306 5308
f 5201 5291 5231
f 5198 5287 5228
f 5197 5288 5227
f 5199 5294 5229
f 5200 5297 5230
f 5202 5302 5233
f 5219 5338 5256
f 5226 5325 5286
f 5224 5346 5280
f 5203 5305 5263
f 5214 5326 5246
f 5211 5313 5243
f 5206 5314 5242
f 5212 5328 5244
f 5213 5330 5245
f 5216 5335 5250
f 5207 5315 5238
f 5208 5320 5257
f 5221 5345 5269
f 5225 5310 5276
f 5219 5300 5285
f 5202 5292 5253
f 5203 5290 5234
f 5224 5296 5266
f 5226 5299 5281
f 5218 5303 5255
f 5217 5340 5284
f 5209 5323 5278
f 5220 5344 5264
f 5204 5304 5235
f 5216 5333 5274
f 5207 5316 5247
f 5208 5312 5239
f 5221 5329 5260
f 5225 5332 5271
f 5218 5339 5275
f 5217 5317 5251
f 5209 5318 5240
f 5220 5341 5259
f 5204 5308 5267
f 5198 5293 5252
f 5197 5289 5232
f 5199 5295 5262
f 5200 5298 5277
f 5201 5301 5282
f 5205 5309 5272
f 5215 5336 5249
f 5210 5321 5241
f 5222 5342 5261
f 5223 5307 5270
f 5211 5327 5248
f 5206 5311 5237
f 5212 5319 5258
f 5213 5331 5268
f 5214 5334 5273
f 5215 5337 5254
f 5210 5324 5283
f 5222 5322 5279
f 5223 5343 5265
f 5205 5306 5236
f 5198 5291 5293
f 5197 5287 5289
f 5199 5288 5295
f 5200 5294 5298
f 5201 5297 5301
f 5205 5302 5309
f 5215 5338 5336
f 5210 5325 5321
f 5222 5346 5342
f 5223 5305 5307
f 5211 5326 5327
f 5206 5313 5311
f 5212 5314 5319
f 5213 5328 5331
f 5214 5330 5334
f 5215 5335 5337
f 5210 5315 5324
f 5222 5320 5322
f 5223 5345 5343
f 5205 5310 5306
f 5198 5228 5291
f 5197 5227 5287
f 5199 5229 5288
f 5200 5230 5294
f 5201 5231 5297
f 5205 5236 5302
f 5215 5254 5338
f 5210 5283 5325
f 5222 5279 5346
f 5223 5265 5305
f 5211 5243 5326
f 5206 5242 5313
f 5212 5244 5314
f 5213 5245 5328
f 5214 5246 5330
f 5215 5249 5335
f 5210 5241 5315
f 5222 5261 5320
f 5223 5270 5345
f 5205 5272 5310
f 5201 5282 5300
f 5198 5252 5292
f 5197 5232 5290
f 5199 5262 5296
f 5200 5277 5299
f 5202 5253 5303
f 5219 5285 5340
f 5226 5281 5323
f 5224 5266 5344
f 5203 5234 5304
f 5214 5273 5333
f 5211 5248 5316
f 5206 5237 5312
f 5212 5258 5329
f 5213 5268 5332
f 5216 5274 5339
f 5207 5247 5317
f 5208 5239 5318
f 5221 5260 5341
f 5225 5271 5308
f 5219 5256 5293
f 5202 5233 5289
f 5203 5263 5295
f 5224 5280 5298
f 5226 5286 5301
f 5218 5275 5309
f 5217 5251 5336
f 5209 5240 5321
f 5220 5259 5342
f 5204 5267 5307
f 5216 5250 5327
f 5207 5238 5311
f 5208 5257 5319
f 5221 5269 5331
f 5225 5276 5334
f 5218 5255 5337
f 5217 5284 5324
f 5209 5278 5322
f 5220 5264 5343
f 5204 5235 5306
f 5201 5300 5291
f 5198 5292 5287
f 5197 5290 5288
f 5199 5296 5294
f 5200 5299 5297
f 5202 5303 5302
f 5219 5340 5338
f 5226 5323 5325
f 5224 5344 5346
f 5203 5304 5305
f 5214 5333 5326
f 5211 5316 5313
f 5206 5312 5314
f 5212 5329 5328
f 5213 5332 5330
f 5216 5339 5335
f 5207 5317 5315
f 5208 5318 5320
f 5221 5341 5345
f 5225 5308 5310
f 5291 5228 5231
f 5287 5227 5228
f 5288 5229 5227
f 5294 5230 5229
f 5297 5231 5230
f 5302 5236 5233
f 5338 5254 5256
f 5325 5283 5286
f 5346 5279 5280
f 5305 5265 5263
f 5326 5243 5246
f 5313 5242 5243
f 5314 5244 5242
f 5328 5245 5244
f 5330 5246 5245
f 5335 5249 5250
f 5315 5241 5238
f 5320 5261 5257
f 5345 5270 5269
f 5310 5272 5276
f 5300 5282 5285
f 5292 5252 5253
f 5290 5232 5234
f 5296 5262 5266
f 5299 5277 5281
f 5303 5253 5255
f 5340 5285 5284
f 5323 5281 5278
f 5344 5266 5264
f 5304 5234 5235
f 5333 5273 5274
f 5316 5248 5247
f 5312 5237 5239
f 5329 5258 5260
f 5332 5268 5271
f 5339 5274 5275
f 5317 5247 5251
f 5318 5239 5240
f 5341 5260 5259
f 5308 5271 5267
f 5293 5256 5252
f 5289 5233 5232
f 5295 5263 5262
f 5298 5280 5277
f 5301 5286 5282
f 5309 5275 5272
f 5336 5251 5249
f 5321 5240 5241
f 5342 5259 5261
f 5307 5267 5270
f 5327 5250 5248
f 5311 5238 5237
f 5319 5257 5258
f 5331 5269 5268
f 5334 5276 5273
f 5337 5255 5254
f 5324 5284 5283
f 5322 5278 5279
f 5343 5264 5265
f 5306 5235 5236
f 5291 5300 5293
f 5287 5292 5289
f 5288 5290 5295
f 5294 5296 5298
f 5297 5299 5301
f 5302 5303 5309
f 5338 5340 5336
f 5325 5323 5321
f 5346 5344 5342
f 5305 5304 5307
f 5326 5333 5327
f 5313 5316 5311
f 5314 5312 5319
f 5328 5329 5331
f 5330 5332 5334
f 5335 5339 5337
f 5315 5317 5324
f 5320 5318 5322
f 5345 5341 5343
f 5310 5308 5306
f 5347 5393 5390
f 5347 5390 5389
f 5347 5389 5391
f 5347 5391 5392
f 5347 5392 5393
f 5348 5395 5398
f 5352 5418 5416
f 5358 5448 5445
f 5357 5442 5441
f 5354 5425 5427
f 5350 5408 5405
f 5350 5405 5404
f 5350 5404 5406
f 5350 5406 5407
f 5350 5407 5408
f 5351 5412 5411
f 5349 5400 5403
f 5353 5419 5423
f 5355 5431 5432
f 5356 5438 5434
f 5358 5447 5444
f 5352 5415 5414
f 5348 5396 5394
f 5354 5428 5424
f 5357 5443 5439
f 5352 5417 5415
f 5358 5446 5447
f 5357 5440 5443
f 5354 5426 5428
f 5348 5397 5396
f 5356 5436 5435
f 5351 5409 5410
f 5349 5401 5399
f 5353 5422 5420
f 5355 5433 5430
f 5356 5437 5436
f 5351 5413 5409
f 5349 5402 5401
f 5353 5421 5422
f 5355 5429 5433
f 5352 5414 5418
f 5348 5394 5395
f 5354 5424 5425
f 5357 5439 5442
f 5358 5444 5448
f 5356 5434 5437
f 5351 5411 5413
f 5349 5403 5402
f 5353 5423 5421
f 5355 5432 5429
f 5351 5410 5412
f 5349 5399 5400
f 5353 5420 5419
f 5355 5430 5431
f 5356 5435 5438
f 5352 5416 5417
f 5358 5445 5446
f 5357 5441 5440
f 5354 5427 5426
f 5348 5398 5397
f 5381 5455 5462
f 5364 5451 5454
f 5365 5457 5452
f 5386 5460 5458
f 5388 5463 5461
f 5380 5471 5465
f 5379 5498 5502
f 5371 5483 5485
f 5382 5504 5506
f 5366 5469 5466
f 5378 5489 5495
f 5369 5473 5478
f 5370 5481 5474
f 5383 5493 5491
f 5387 5496 5494
f 5380 5499 5501
f 5379 5486 5479
f 5371 5484 5480
f 5382 5505 5503
f 5366 5468 5470
f 5363 5453 5393
f 5360 5449 5390
f 5359 5450 5389
f 5361 5456 5391
f 5362 5459 5392
f 5364 5464 5395
f 5381 5500 5418
f 5388 5487 5448
f 5386 5508 5442
f 5365 5467 5425
f 5376 5488 5408
f 5373 5475 5405
f 5368 5476 5404
f 5374 5490 5406
f 5375 5492 5407
f 5378 5497 5412
f 5369 5477 5400
f 5370 5482 5419
f 5383 5507 5431
f 5387 5472 5438
f 5381 5462 5447
f 5364 5454 5415
f 5365 5452 5396
f 5386 5458 5428
f 5388 5461 5443
f 5380 5465 5417
f 5379 5502 5446
f 5371 5485 5440
f 5382 5506 5426
f 5366 5466 5397
f 5378 5495 5436
f 5369 5478 5409
f 5370 5474 5401
f 5383 5491 5422
f 5387 5494 5433
f 5380 5501 5437
f 5379 5479 5413
f 5371 5480 5402
f 5382 5503 5421
f 5366 5470 5429
f 5360 5455 5414
f 5359 5451 5394
f 5361 5457 5424
f 5362 5460 5439
f 5363 5463 5444
f 5367 5471 5434
f 5377 5498 5411
f 5372 5483 5403
f 5384 5504 5423
f 5385 5469 5432
f 5373 5489 5410
f 5368 5473 5399
f 5374 5481 5420
f 5375 5493 5430
f 5376 5496 5435
f 5377 5499 5416
f 5372 5486 5445
f 5384 5484 5441
f 5385 5505 5427
f 5367 5468 5398
f 5360 5453 5455
f 5359 5449 5451
f 5361 5450 5457
f 5362 5456 5460
f 5363 5459 5463
f 5367 5464 5471
f 5377 5500 5498
f 5372 5487 5483
f 5384 5508 5504
f 5385 5467 5469
f 5373 5488 5489
f 5368 5475 5473
f 5374 5476 5481
f 5375 5490 5493
f 5376 5492 5496
f 5377 5497 5499
f 5372 5477 5486
f 5384 5482 5484
f 5385 5507 5505
f 5367 5472 5468
f 5360 5390 5453
f 5359 5389 5449
f 5361 5391 5450
f 5362 5392 5456
f 5363 5393 5459
f 5367 5398 5464
f 5377 5416 5500
f 5372 5445 5487
f 5384 5441 5508
f 5385 5427 5467
f 5373 5405 5488
f 5368 5404 5475
f 5374 5406 5476
f 5375 5407 5490
f 5376 5408 5492
f 5377 5411 5497
f 5372 5403 5477
f 5384 5423 5482
f 5385 5432 5507
f 5367 5434 5472
f 5363 5444 5462
f 5360 5414 5454
f 5359 5394 5452
f 5361 5424 5458
f 5362 5439 5461
f 5364 5415 5465
f 5381 5447 5502
f 5388 5443 5485
f 5386 5428 5506
f 5365 5396 5466
f 5376 5435 5495
f 5373 5410 5478
f 5368 5399 5474
f 5374 5420 5491
f 5375 5430 5494
f 5378 5436 5501
f 5369 5409 5479
f 5370 5401 5480
f 5383 5422 5503
f 5387 5433 5470
f 5381 5418 5455
f 5364 5395 5451
f 5365 5425 5457
f 5386 5442 5460
f 5388 5448 5463
f 5380 5437 5471
f 5379 5413 5498
f 5371 5402 5483
f 5382 5421 5504
f 5366 5429 5469
f 5378 5412 5489
f 5369 5400 5473
f 5370 5419 5481
f 5383 5431 5493
f 5387 5438 5496
f 5380 5417 5499
f 5379 5446 5486
f 5371 5440 5484
f 5382 5426 5505
f 5366 5397 5468
f 5363 5462 5453
f 5360 5454 5449
f 5359 5452 5450
f 5361 5458 5456
f 5362 5461 5459
f 5364 5465 5464
f 5381 5502 5500
f 5388 5485 5487
f 5386 5506 5508
f 5365 5466 5467
f 5376 5495 5488
f 5373 5478 5475
f 5368 5474 5476
f 5374 5491 5490
f 5375 5494 5492
f 5378 5501 5497
f 5369 5479 5477
f 5370 5480 5482
f 5383 5503 5507
f 5387 5470 5472
f 5453 5390 5393
f 5449 5389 5390
f 5450 5391 5389
f 5456 5392 5391
f 5459 5393 5392
f 5464 5398 5395
f 5500 5416 5418
f 5487 5445 5448
f 5508 5441 5442
f 5467 5427 5425
f 5488 5405 5408
f 5475 5404 5405
f 5476 5406 5404
f 5490 5407 5406
f 5492 5408 5407
f 5497 5411 5412
f 5477 5403 5400
f 5482 5423 5419
f 5507 5432 5431
f 5472 5434 5438
f 5462 5444 5447
f 5454 5414 5415
f 5452 5394 5396
f 5458 5424 5428
f 5461 5439 5443
f 5465 5415 5417
f 5502 5447 5446
f 5485 5443 5440
f 5506 5428 5426
f 5466 5396 5397
f 5495 5435 5436
f 5478 5410 5409
f 5474 5399 5401
f 5491 5420 5422
f 5494 5430 5433
f 5501 5436 5437
f 5479 5409 5413
f 5480 5401 5402
f 5503 5422 5421
f 5470 5433 5429
f 5455 5418 5414
f 5451 5395 5394
f 5457 5425 5424
f 5460 5442 5439
f 5463 5448 5444
f 5471 5437 5434
f 5498 5413 5411
f 5483 5402 5403
f 5504 5421 5423
f 5469 5429 5432
f 5489 5412 5410
f 5473 5400 5399
f 5481 5419 5420
f 5493 5431 5430
f 5496 5438 5435
f 5499 5417 5416
f 5486 5446 5445
f 5484 5440 5441
f 5505 5426 5427
f 5468 5397 5398
f 5453 5462 5455
f 5449 5454 5451
f 5450 5452 5457
f 5456 5458 5460
f 5459 5461 5463
f 5464 5465 5471
f 5500 5502 5498
f 5487 5485 5483
f 5508 5506 5504
f 5467 5466 5469
f 5488 5495 5489
f 5475 5478 5473
f 5476 5474 5481
f 5490 5491 5493
f 5492 5494 5496
f 5497 5501 5499
f 5477 5479 5486
f 5482 5480 5484
f 5507 5503 5505
f 5472 5470 5468
f 5509 5555 5552
f 5509 5552 5551
f 5509 5551 5553
f 5509 5553 5554
f 5509 5554 5555
f 5510 5557 5560
f 5514 5580 5578
f 5520 5610 5607
f 5519 5604 5603
f 5516 5587 5589
f 5512 5570 5567
f 5512 5567 5566
f 5512 5566 5568
f 5512 5568 5569
f 5512 5569 5570
f 5513 5574 5573
f 5511 5562 5565
f 5515 5581 5585
f 5517 5593 5594
f 5518 5600 5596
f 5520 5609 5606
f 5514 5577 5576
f 5510 5558 5556
f 5516 5590 5586
f 5519 5605 5601
f 5514 5579 5577
f 5520 5608 5609
f 5519 5602 5605
f 5516 5588 5590
f 5510 5559 5558
f 5518 5598 5597
f 5513 5571 5572
f 5511 5563 5561
f 5515 5584 5582
f 5517 5595 5592
f 5518 5599 5598
f 5513 5575 5571
f 5511 5564 5563
f 5515 5583 5584
f 5517 5591 5595
f 5514 5576 5580
f 5510 5556 5557
f 5516 5586 5587
f 5519 5601 5604
f 5520 5606 5610
f 5518 5596 5599
f 5513 5573 5575
f 5511 5565 5564
f 5515 5585 5583
f 5517 5594 5591
f 5513 5572 5574
f 5511 5561 5562
f 5515 5582 5581
f 5517 5592 5593
f 5518 5597 5600
f 5514 5578 5579
f 5520 5607 5608
f 5519 5603 5602
f 5516 5589 5588
f 5510 5560 5559
f 5543 5617 5624
f 5526 5613 5616
f 5527 5619 5614
f 5548 5622 5620
f 5550 5625 5623
f 5542 5633 5627
f 5541 5660 5664
f 5533 5645 5647
f 5544 5666 5668
f 5528 5631 5628
f 5540 5651 5657
f 5531 5635 5640
f 5532 5643 5636
f 5545 5655 5653
f 5549 5658 5656
f 5542 5661 5663
f 5541 5648 5641
f 5533 5646 5642
f 5544 5667 5665
f 5528 5630 5632
f 5525 5615 5555
f 5522 5611 5552
f 5521 5612 5551
f 5523 5618 5553
f 5524 5621 5554
f 5526 5626 5557
f 5543 5662 5580
f 5550 5649 5610
f 5548 5670 5604
f 5527 5629 5587
f 5538 5650 5570
f 5535 5637 5567
f 5530 5638 5566
f 5536 5652 5568
f 5537 5654 5569
f 5540 5659 5574
f 5531 5639 5562
f 5532 5644 5581
f 5545 5669 5593
f 5549 5634 5600
f 5543 5624 5609
f 5526 5616 5577
f 5527 5614 5558
f 5548 5620 5590
f 5550 5623 5605
f 5542 5627 5579
f 5541 5664 5608
f 5533 5647 5602
f 5544 5668 5588
f 5528 5628 5559
f 5540 5657 5598
f 5531 5640 5571
f 5532 5636 5563
f 5545 5653 5584
f 5549 5656 5595
f 5542 5663 5599
f 5541 5641 5575
f 5533 5642 5564
f 5544 5665 5583
f 5528 5632 5591
f 5522 5617 5576
f 5521 5613 5556
f 5523 5619 5586
f 5524 5622 5601
f 5525 5625 5606
f 5529 5633 5596
f 5539 5660 5573
f 5534 5645 5565
f 5546 5666 5585
f 5547 5631 5594
f 5535 5651 5572
f 5530 5635 5561
f 5536 5643 5582
f 5537 5655 5592
f 5538 5658 5597
f 5539 5661 5578
f 5534 5648 5607
f 5546 5646 5603
f 5547 5667 5589
f 5529 5630 5560
f 5522 5615 5617
f 5521 5611 5613
f 5523 5612 5619
f 5524 5618 5622
f 5525 5621 5625
f 5529 5626 5633
f 5539 5662 5660
f 5534 5649 5645
f 5546 5670 5666
f 5547 5629 5631
f 5535 5650 5651
f 5530 5637 5635
f 5536 5638 5643
f 5537 5652 5655
f 5538 5654 5658
f 5539 5659 5661
f 5534 5639 5648
f 5546 5644 5646
f 5547 5669 5667
f 5529 5634 5630
f 5522 5552 5615
f 5521 5551 5611
f 5523 5553 5612
f 5524 5554 5618
f 5525 5555 5621
f 5529 5560 5626
f 5539 5578 5662
f 5534 5607 5649
f 5546 5603 5670
f 5547 5589 5629
f 5535 5567 5650
f 5530 5566 5637
f 5536 5568 5638
f 5537 5569 5652
f 5538 5570 5654
f 5539 5573 5659
f 5534 5565 5639
f 5546 5585 5644
f 5547 5594 5669
f 5529 5596 5634
f 5525 5606 5624
f 5522 5576 5616
f 5521 5556 5614
f 5523 5586 5620
f 5524 5601 5623
f 5526 5577 5627
f 5543 5609 5664
f 5550 5605 5647
f 5548 5590 5668
f 5527 5558 5628
f 5538 5597 5657
f 5535 5572 5640
f 5530 5561 5636
f 5536 5582 5653
f 5537 5592 5656
f 5540 5598 5663
f 5531 5571 5641
f 5532 5563 5642
f 5545 5584 5665
f 5549 5595 5632
f 5543 5580 5617
f 5526 5557 5613
f 5527 5587 5619
f 5548 5604 5622
f 5550 5610 5625
f 5542 5599 5633
f 5541 5575 5660
f 5533 5564 5645
f 5544 5583 5666
f 5528 5591 5631
f 5540 5574 5651
f 5531 5562 5635
f 5532 5581 5643
f 5545 5593 5655
f 5549 5600 5658
f 5542 5579 5661
f 5541 5608 5648
f 5533 5602 5646
f 5544 5588 5667
f 5528 5559 5630
f 5525 5624 5615
f 5522 5616 5611
f 5521 5614 5612
f 5523 5620 5618
f 5524 5623 5621
f 5526 5627 5626
f 5543 5664 5662
f 5550 5647 5649
f 5548 5668 5670
f 5527 5628 5629
f 5538 5657 5650
f 5535 5640 5637
f 5530 5636 5638
f 5536 5653 5652
f 5537 5656 5654
f 5540 5663 5659
f 5531 5641 5639
f 5532 5642 5644
f 5545 5665 5669
f 5549 5632 5634
f 5615 5552 5555
f 5611 5551 5552
f 5612 5553 5551
f 5618 5554 5553
f 5621 5555 5554
f 5626 5560 5557
f 5662 5578 5580
f 5649 5607 5610
f 5670 5603 5604
f 5629 5589 5587
f 5650 5567 5570
f 5637 5566 5567
f 5638 5568 5566
f 5652 5569 5568
f 5654 5570 5569
f 5659 5573 5574
f 5639 5565 5562
f 5644 5585 5581
f 5669 5594 5593
f 5634 5596 5600
f 5624 5606 5609
f 5616 5576 5577
f 5614 5556 5558
f 5620 5586 5590
f 5623 5601 5605
f 5627 5577 5579
f 5664 5609 5608
f 5647 5605 5602
f 5668 5590 5588
f 5628 5558 5559
f 5657 5597 5598
f 5640 5572 5571
f 5636 5561 5563
f 5653 5582 5584
f 5656 5592 5595
f 5663 5598 5599
f 5641 5571 5575
f 5642 5563 5564
f 5665 5584 5583
f 5632 5595 5591
f 5617 5580 5576
f 5613 5557 5556
f 5619 5587 5586
f 5622 5604 5601
f 5625 5610 5606
f 5633 5599 5596
f 5660 5575 5573
f 5645 5564 5565
f 5666 5583 5585
f 5631 5591 5594
f 5651 5574 5572
f 5635 5562 5561
f 5643 5581 5582
f 5655 5593 5592
f 5658 5600 5597
f 5661 5579 5578
f 5648 5608 5607
f 5646 5602 5603
f 5667 5588 5589
f 5630 5559 5560
f 5615 5624 5617
f 5611 5616 5613
f 5612 5614 5619
f 5618 5620 5622
f 5621 5623 5625
f 5626 5627 5633
f 5662 5664 5660
f 5649 5647 5645
f 5670 5668 5666
f 5629 5628 5631
f 5650 5657 5651
f 5637 5640 5635
f 5638 5636 5643
f 5652 5653 5655
f 5654 5656 5658
f 5659 5663 5661
f 5639 5641 5648
f 5644 5642 5646
f 5669 5665 5667
f 5634 5632 5630
f 5671 5717 5714
f 5671 5714 5713
f 5671 5713 5715
f 5671 5715 5716
f 5671 5716 5717
f 5672 5719 5722
f 5676 5742 5740
f 5682 5772 5769
f 5681 5766 5765
f 5678 5749 5751
f 5674 5732 5729
f 5674 5729 5728
f 5674 5728 5730
f 5674 5730 5731
f 5674 5731 5732
f 5675 5736 5735
f 5673 5724 5727
f 5677 5743 5747
f 5679 5755 5756
f 5680 5762 5758
f 5682 5771 5768
f 5676 5739 5738
f 5672 5720 5718
f 5678 5752 5748
f 5681 5767 5763
f 5676 5741 5739
f 5682 5770 5771
f 5681 5764 5767
f 5678 5750 5752
f 5672 5721 5720
f 5680 5760 5759
f 5675 5733 5734
f 5673 5725 5723
f 5677 5746 5744
f 5679 5757 5754
f 5680 5761 5760
f 5675 5737 5733
f 5673 5726 5725
f 5677 5745 5746
f 5679 5753 5757
f 5676 5738 5742
f 5672 5718 5719
f 5678 5748 5749
f 5681 5763 5766
f 5682 5768 5772
f 5680 5758 5761
f 5675 5735 5737
f 5673 5727 5726
f 5677 5747 5745
f 5679 5756 5753
f 5675 5734 5736
f 5673 5723 5724
f 5677 5744 5743
f 5679 5754 5755
f 5680 5759 5762
f 5676 5740 5741
f 5682 5769 5770
f 5681 5765 5764
f 5678 5751 5750
f 5672 5722 5721
f 5705 5779 5786
f 5688 5775 5778
f 5689 5781 5776
f 5710 5784 5782
f 5712 5787 5785
f 5704 5795 5789
f 5703 5822 5826
f 5695 5807 5809
f 5706 5828 5830
f 5690 5793 5790
f 5702 5813 5819
f 5693 5797 5802
f 5694 5805 5798
f 5707 5817 5815
f 5711 5820 5818
f 5704 5823 5825
f 5703 5810 5803
f 5695 5808 5804
f 5706 5829 5827
f 5690 5792 5794
f 5687 5777 5717
f 5684 5773 5714
f 5683 5774 5713
f 5685 5780 5715
f 5686 5783 5716
f 5688 5788 5719
f 5705 5824 5742
f 5712 5811 5772
f 5710 5832 5766
f 5689 5791 5749
f 5700 5812 5732
f 5697 5799 5729
f 5692 5800 5728
f 5698 5814 5730
f 5699 5816 5731
f 5702 5821 5736
f 5693 5801 5724
f 5694 5806 5743
f 5707 5831 5755
f 5711 5796 5762
f 5705 5786 5771
f 5688 5778 5739
f 5689 5776 5720
f 5710 5782 5752
f 5712 5785 5767
f 5704 5789 5741
f 5703 5826 5770
f 5695 5809 5764
f 5706 5830 5750
f 5690 5790 5721
f 5702 5819 5760
f 5693 5802 5733
f 5694 5798 5725
f 5707 5815 5746
f 5711 5818 5757
f 5704 5825 5761
f 5703 5803 5737
f 5695 5804 5726
f 5706 5827 5745
f 5690 5794 5753
f 5684 5779 5738
f 5683 5775 5718
f 5685 5781 5748
f 5686 5784 5763
f 5687 5787 5768
f 5691 5795 5758
f 5701 5822 5735
f 5696 5807 5727
f 5708 5828 5747
f 5709 5793 5756
f 5697 5813 5734
f 5692 5797 5723
f 5698 5805 5744
f 5699 5817 5754
f 5700 5820 5759
f 5701 5823 5740
f 5696 5810 5769
f 5708 5808 5765
f 5709 5829 5751
f 5691 5792 5722
f 5684 5777 5779
f 5683 5773 5775
f 5685 5774 5781
f 5686 5780 5784
f 5687 5783 5787
f 5691 5788 5795
f 5701 5824 5822
f 5696 5811 5807
f 5708 5832 5828
f 5709 5791 5793
f 5697 5812 5813
f 5692 5799 5797
f 5698 5800 5805
f 5699 5814 5817
f 5700 5816 5820
f 5701 5821 5823
f 5696 5801 5810
f 5708 5806 5808
f 5709 5831 5829
f 5691 5796 5792
f 5684 5714 5777
f 5683 5713 5773
f 5685 5715 5774
f 5686 5716 5780
f 5687 5717 5783
f 5691 5722 5788
f 5701 5740 5824
f 5696 5769 5811
f 5708 5765 5832
f 5709 5751 5791
f 5697 5729 5812
f 5692 5728 5799
f 5698 5730 5800
f 5699 5731 5814
f 5700 5732 5816
f 5701 5735 5821
f 5696 5727 5801
f 5708 5747 5806
f 5709 5756 5831
f 5691 5758 5796
f 5687 5768 5786
f 5684 5738 5778
f 5683 5718 5776
f 5685 5748 5782
f 5686 5763 5785
f 5688 5739 5789
f 5705 5771 5826
f 5712 5767 5809
f 5710 5752 5830
f 5689 5720 5790
f 5700 5759 5819
f 5697 5734 5802
f 5692 5723 5798
f 5698 5744 5815
f 5699 5754 5818
f 5702 5760 5825
f 5693 5733 5803
f 5694 5725 5804
f 5707 5746 5827
f 5711 5757 5794
f 5705 5742 5779
f 5688 5719 5775
f 5689 5749 5781
f 5710 5766 5784
f 5712 5772 5787
f 5704 5761 5795
f 5703 5737 5822
f 5695 5726 5807
f 5706 5745 5828
f 5690 5753 5793
f 5702 5736 5813
f 5693 5724 5797
f 5694 5743 5805
f 5707 5755 5817
f 5711 5762 5820
f 5704 5741 5823
f 5703 5770 5810
f 5695 5764 5808
f 5706 5750 5829
f 5690 5721 5792
f 5687 5786 5777
f 5684 5778 5773
f 5683 5776 5774
f 5685 5782 5780
f 5686 5785 5783
f 5688 5789 5788
f 5705 5826 5824
f 5712 5809 5811
f 5710 5830 5832
f 5689 5790 5791
f 5700 5819 5812
f 5697 5802 5799
f 5692 5798 5800
f 5698 5815 5814
f 5699 5818 5816
f 5702 5825 5821
f 5693 5803 5801
f 5694 5804 5806
f 5707 5827 5831
f 5711 5794 5796
f 5777 5714 5717
f 5773 5713 5714
f 5774 5715 5713
f 5780 5716 5715
f 5783 5717 5716
f 5788 5722 5719
f 5824 5740 5742
f 5811 5769 5772
f 5832 5765 5766
f 5791 5751 5749
f 5812 5729 5732
f 5799 5728 5729
f 5800 5730 5728
f 5814 5731 5730
f 5816 5732 5731
f 5821 5735 5736
f 5801 5727 5724
f 5806 5747 5743
f 5831 5756 5755
f 5796 5758 5762
f 5786 5768 5771
f 5778 5738 5739
f 5776 5718 5720
f 5782 5748 5752
f 5785 5763 5767
f 5789 5739 5741
f 5826 5771 5770
f 5809 5767 5764
f 5830 5752 5750
f 5790 5720 5721
f 5819 5759 5760
f 5802 5734 5733
f 5798 5723 5725
f 5815 5744 5746
f 5818 5754 5757
f 5825 5760 5761
f 5803 5733 5737
f 5804 5725 5726
f 5827 5746 5745
f 5794 5757 5753
f 5779 5742 5738
f 5775 5719 5718
f 5781 5749 5748
f 5784 5766 5763
f 5787 5772 5768
f 5795 5761 5758
f 5822 5737 5735
f 5807 5726 5727
f 5828 5745 5747
f 5793 5753 5756
f 5813 5736 5734
f 5797 5724 5723
f 5805 5743 5744
f 5817 5755 5754
f 5820 5762 5759
f 5823 5741 5740
f 5810 5770 5769
f 5808 5764 5765
f 5829 5750 5751
f 5792 5721 5722
f 5777 5786 5779
f 5773 5778 5775
f 5774 5776 5781
f 5780 5782 5784
f 5783 5785 5787
f 5788 5789 5795
f 5824 5826 5822
f 5811 5809 5807
f 5832 5830 5828
f 5791 5790 5793
f 5812 5819 5813
f 5799 5802 5797
f 5800 5798 5805
f 5814 5815 5817
f 5816 5818 5820
f 5821 5825 5823
f 5801 5803 5810
f 5806 5804 5808
f 5831 5827 5829
f 5796 5794 5792
f 5833 5879 5876
f 5833 5876 5875
f 5833 5875 5877
f 5833 5877 5878
f 5833 5878 5879
f 5834 5881 5884
f 5838 5904 5902
f 5844 5934 5931
f 5843 5928 5927
f 5840 5911 5913
f 5836 5894 5891
f 5836 5891 5890
f 5836 5890 5892
f 5836 5892 5893
f 5836 5893 5894
f 5837 5898 5897
f 5835 5886 5889
f 5839 5905 5909
f 5841 5917 5918
f 5842 5924 5920
f 5844 5933 5930
f 5838 5901 5900
f 5834 5882 5880
f 5840 5914 5910
f 5843 5929 5925
f 5838 5903 5901
f 5844 5932 5933
f 5843 5926 5929
f 5840 5912 5914
f 5834 5883 5882
f 5842 5922 5921
f 5837 5895 5896
f 5835 5887 5885
f 5839 5908 5906
f 5841 5919 5916
f 5842 5923 5922
f 5837 5899 5895
f 5835 5888 5887
f 5839 5907 5908
f 5841 5915 5919
f 5838 5900 5904
f 5834 5880 5881
f 5840 5910 5911
f 5843 5925 5928
f 5844 5930 5934
f 5842 5920 5923
f 5837 5897 5899
f 5835 5889 5888
f 5839 5909 5907
f 5841 5918 5915
f 5837 5896 5898
f 5835 5885 5886
f 5839 5906 5905
f 5841 5916 5917
f 5842 5921 5924
f 5838 5902 5903
f 5844 5931 5932
f 5843 5927 5926
f 5840 5913 5912
f 5834 5884 5883
f 5867 5941 5948
f 5850 5937 5940
f 5851 5943 5938
f 5872 5946 5944
f 5874 5949 5947
f 5866 5957 5951
f 5865 5984 5988
f 5857 5969 5971
f 5868 5990 5992
f 5852 5955 5952
f 5864 5975 5981
f 5855 5959 5964
f 5856 5967 5960
f 5869 5979 5977
f 5873 5982 5980
f 5866 5985 5987
f 5865 5972 5965
f 5857 5970 5966
f 5868 5991 5989
f 5852 5954 5956
f 5849 5939 5879
f 5846 5935 5876
f 5845 5936 5875
f 5847 5942 5877
f 5848 5945 5878
f 5850 5950 5881
f 5867 5986 5904
f 5874 5973 5934
f 5872 5994 5928
f 5851 5953 5911
f 5862 5974 5894
f 5859 5961 5891
f 5854 5962 5890
f 5860 5976 5892
f 5861 5978 5893
f 5864 5983 5898
f 5855 5963 5886
f 5856 5968 5905
f 5869 5993 5917
f 5873 5958 5924
f 5867 5948 5933
f 5850 5940 5901
f 5851 5938 5882
f 5872 5944 5914
f 5874 5947 5929
f 5866 5951 5903
f 5865 5988 5932
f 5857 5971 5926
f 5868 5992 5912
f 5852 5952 5883
f 5864 5981 5922
f 5855 5964 5895
f 5856 5960 5887
f 5869 5977 5908
f 5873 5980 5919
f 5866 5987 5923
f 5865 5965 5899
f 5857 5966 5888
f 5868 5989 5907
f 5852 5956 5915
f 5846 5941 5900
f 5845 5937 5880
f 5847 5943 5910
f 5848 5946 5925
f 5849 5949 5930
f 5853 5957 5920
f 5863 5984 5897
f 5858 5969 5889
f 5870 5990 5909
f 5871 5955 5918
f 5859 5975 5896
f 5854 5959 5885
f 5860 5967 5906
f 5861 5979 5916
f 5862 5982 5921
f 5863 5985 5902
f 5858 5972 5931
f 5870 5970 5927
f 5871 5991 5913
f 5853 5954 5884
f 5846 5939 5941
f 5845 5935 5937
f 5847 5936 5943
f 5848 5942 5946
f 5849 5945 5949
f 5853 5950 5957
f 5863 5986 5984
f 5858 5973 5969
f 5870 5994 5990
f 5871 5953 5955
f 5859 5974 5975
f 5854 5961 5959
f 5860 5962 5967
f 5861 5976 5979
f 5862 5978 5982
f 5863 5983 5985
f 5858 5963 5972
f 5870 5968 5970
f 5871 5993 5991
f 5853 5958 5954
f 5846 5876 5939
f 5845 5875 5935
f 5847 5877 5936
f 5848 5878 5942
f 5849 5879 5945
f 5853 5884 5950
f 5863 5902 5986
f 5858 5931 5973
f 5870 5927 5994
f 5871 5913 5953
f 5859 5891 5974
f 5854 5890 5961
f 5860 5892 5962
f 5861 5893 5976
f 5862 5894 5978
f 5863 5897 5983
f 5858 5889 5963
f 5870 5909 5968
f 5871 5918 5993
f 5853 5920 5958
f 5849 5930 5948
f 5846 5900 5940
f 5845 5880 5938
f 5847 5910 5944
f 5848 5925 5947
f 5850 5901 5951
f 5867 5933 5988
f 5874 5929 5971
f 5872 5914 5992
f 5851 5882 5952
f 5862 5921 5981
f 5859 5896 5964
f 5854 5885 5960
f 5860 5906 5977
f 5861 5916 5980
f 5864 5922 5987
f 5855 5895 5965
f 5856 5887 5966
f 5869 5908 5989
f 5873 5919 5956
f 5867 5904 5941
f 5850 5881 5937
f 5851 5911 5943
f 5872 5928 5946
f 5874 5934 5949
f 5866 5923 5957
f 5865 5899 5984
f 5857 5888 5969
f 5868 5907 5990
f 5852 5915 5955
f 5864 5898 5975
f 5855 5886 5959
f 5856 5905 5967
f 5869 5917 5979
f 5873 5924 5982
f 5866 5903 5985
f 5865 5932 5972
f 5857 5926 5970
f 5868 5912 5991
f 5852 5883 5954
f 5849 5948 5939
f 5846 5940 5935
f 5845 5938 5936
f 5847 5944 5942
f 5848 5947 5945
f 5850 5951 5950
f 5867 5988 5986
f 5874 5971 5973
f 5872 5992 5994
f 5851 5952 5953
f 5862 5981 5974
f 5859 5964 5961
f 5854 5960 5962
f 5860 5977 5976
f 5861 5980 5978
f 5864 5987 5983
f 5855 5965 5963
f 5856 5966 5968
f 5869 5989 5993
f 5873 5956 5958
f 5939 5876 5879
f 5935 5875 5876
f 5936 5877 5875
f 5942 5878 5877
f 5945 5879 5878
f 5950 5884 5881
f 5986 5902 5904
f 5973 5931 5934
f 5994 5927 5928
f 5953 5913 5911
f 5974 5891 5894
f 5961 5890 5891
f 5962 5892 5890
f 5976 5893 5892
f 5978 5894 5893
f 5983 5897 5898
f 5963 5889 5886
f 5968 5909 5905
f 5993 5918 5917
f 5958 5920 5924
f 5948 5930 5933
f 5940 5900 5901
f 5938 5880 5882
f 5944 5910 5914
f 5947 5925 5929
f 5951 5901 5903
f 5988 5933 5932
f 5971 5929 5926
f 5992 5914 5912
f 5952 5882 5883
f 5981 5921 5922
f 5964 5896 5895
f 5960 5885 5887
f 5977 5906 5908
f 5980 5916 5919
f 5987 5922 5923
f 5965 5895 5899
f 5966 5887 5888
f 5989 5908 5907
f 5956 5919 5915
f 5941 5904 5900
f 5937 5881 5880
f 5943 5911 5910
f 5946 5928 5925
f 5949 5934 5930
f 5957 5923 5920
f 5984 5899 5897
f 5969 5888 5889
f 5990 5907 5909
f 5955 5915 5918
f 5975 5898 5896
f 5959 5886 5885
f 5967 5905 5906
f 5979 5917 5916
f 5982 5924 5921
f 5985 5903 5902
f 5972 5932 5931
f 5970 5926 5927
f 5991 5912 5913
f 5954 5883 5884
f 5939 5948 5941
f 5935 5940 5937
f 5936 5938 5943
f 5942 5944 5946
f 5945 5947 5949
f 5950 5951 5957
f 5986 5988 5984
f 5973 5971 5969
f 5994 5992 5990
f 5953 5952 5955
f 5974 5981 5975
f 5961 5964 5959
f 5962 5960 5967
f 5976 5977 5979
f 5978 5980 5982
f 5983 5987 5985
f 5963 5965 5972
f 5968 5966 5970
f 5993 5989 5991
f 5958 5956 5954
f 5995 6041 6038
f 5995 6038 6037
f 5995 6037 6039
f 5995 6039 6040
f 5995 6040 6041
f 5996 6043 6046
f 6000 6066 6064
f 6006 6096 6093
f 6005 6090 6089
f 6002 6073 6075
f 5998 6056 6053
f 5998 6053 6052
f 5998 6052 6054
f 5998 6054 6055
f 5998 6055 6056
f 5999 6060 6059
f 5997 6048 6051
f 6001 6067 6071
f 6003 6079 6080
f 6004 6086 6082
f 6006 6095 6092
f 6000 6063 6062
f 5996 6044 6042
f 6002 6076 6072
f 6005 6091 6087
f 6000 6065 6063
f 6006 6094 6095
f 6005 6088 6091
f 6002 6074 6076
f 5996 6045 6044
f 6004 6084 6083
f 5999 6057 6058
f 5997 6049 6047
f 6001 6070 6068
f 6003 6081 6078
f 6004 6085 6084
f 5999 6061 6057
f 5997 6050 6049
f 6001 6069 6070
f 6003 6077 6081
f 6000 6062 6066
f 5996 6042 6043
f 6002 6072 6073
f 6005 6087 6090
f 6006 6092 6096
f 6004 6082 6085
f 5999 6059 6061
f 5997 6051 6050
f 6001 6071 6069
f 6003 6080 6077
f 5999 6058 6060
f 5997 6047 6048
f 6001 6068 6067
f 6003 6078 6079
f 6004 6083 6086
f 6000 6064 6065
f 6006 6093 6094
f 6005 6089 6088
f 6002 6075 6074
f 5996 6046 6045
f 6029 6103 6110
f 6012 6099 6102
f 6013 6105 6100
f 6034 6108 6106
f 6036 6111 6109
f 6028 6119 6113
f 6027 6146 6150
f 6019 6131 6133
f 6030 6152 6154
f 6014 6117 6114
f 6026 6137 6143
f 6017 6121 6126
f 6018 6129 6122
f 6031 6141 6139
f 6035 6144 6142
f 6028 6147 6149
f 6027 6134 6127
f 6019 6132 6128
f 6030 6153 6151
f 6014 6116 6118
f 6011 6101 6041
f 6008 6097 6038
f 6007 6098 6037
f 6009 6104 6039
f 6010 6107 6040
f 6012 6112 6043
f 6029 6148 6066
f 6036 6135 6096
f 6034 6156 6090
f 6013 6115 6073
f 6024 6136 6056
f 6021 6123 6053
f 6016 6124 6052
f 6022 6138 6054
f 6023 6140 6055
f 6026 6145 6060
f 6017 6125 6048
f 6018 6130 6067
f 6031 6155 6079
f 6035 6120 6086
f 6029 6110 6095
f 6012 6102 6063
f 6013 6100 6044
f 6034 6106 6076
f 6036 6109 6091
f 6028 6113 6065
f 6027 6150 6094
f 6019 6133 6088
f 6030 6154 6074
f 6014 6114 6045
f 6026 6143 6084
f 6017 6126 6057
f 6018 6122 6049
f 6031 6139 6070
f 6035 6142 6081
f 6028 6149 6085
f 6027 6127 6061
f 6019 6128 6050
f 6030 6151 6069
f 6014 6118 6077
f 6008 6103 6062
f 6007 6099 6042
f 6009 6105 6072
f 6010 6108 6087
f 6011 6111 6092
f 6015 6119 6082
f 6025 6146 6059
f 6020 6131 6051
f 6032 6152 6071
f 6033 6117 6080
f 6021 6137 6058
f 6016 6121 6047
f 6022 6129 6068
f 6023 6141 6078
f 6024 6144 6083
f 6025 6147 6064
f 6020 6134 6093
f 6032 6132 6089
f 6033 6153 6075
f 6015 6116 6046
f 6008 6101 6103
f 6007 6097 6099
f 6009 6098 6105
f 6010 6104 6108
f 6011 6107 6111
f 6015 6112 6119
f 6025 6148 6146
f 6020 6135 6131
f 6032 6156 6152
f 6033 6115 6117
f 6021 6136 6137
f 6016 6123 6121
f 6022 6124 6129
f 6023 6138 6141
f 6024 6140 6144
f 6025 6145 6147
f 6020 6125 6134
f 6032 6130 6132
f 6033 6155 6153
f 6015 6120 6116
f 6008 6038 6101
f 6007 6037 6097
f 6009 6039 6098
f 6010 6040 6104
f 6011 6041 6107
f 6015 6046 6112
f 6025 6064 6148
f 6020 6093 6135
f 6032 6089 6156
f 6033 6075 6115
f 6021 6053 6136
f 6016 6052 6123
f 6022 6054 6124
f 6023 6055 6138
f 6024 6056 6140
f 6025 6059 6145
f 6020 6051 6125
f 6032 6071 6130
f 6033 6080 6155
f 6015 6082 6120
f 6011 6092 6110
f 6008 6062 6102
f 6007 6042 6100
f 6009 6072 6106
f 6010 6087 6109
f 6012 6063 6113
f 6029 6095 6150
f 6036 6091 6133
f 6034 6076 6154
f 6013 6044 6114
f 6024 6083 6143
f 6021 6058 6126
f 6016 6047 6122
f 6022 6068 6139
f 6023 6078 6142
f 6026 6084 6149
f 6017 6057 6127
f 6018 6049 6128
f 6031 6070 6151
f 6035 6081 6118
f 6029 6066 6103
f 6012 6043 6099
f 6013 6073 6105
f 6034 6090 6108
f 6036 6096 6111
f 6028 6085 6119
f 6027 6061 6146
f 6019 6050 6131
f 6030 6069 6152
f 6014 6077 6117
f 6026 6060 6137
f 6017 6048 6121
f 6018 6067 6129
f 6031 6079 6141
f 6035 6086 6144
f 6028 6065 6147
f 6027 6094 6134
f 6019 6088 6132
f 6030 6074 6153
f 6014 6045 6116
f 6011 6110 6101
f 6008 6102 6097
f 6007 6100 6098
f 6009 6106 6104
f 6010 6109 6107
f 6012 6113 6112
f 6029 6150 6148
f 6036 6133 6135
f 6034 6154 6156
f 6013 6114 6115
f 6024 6143 6136
f 6021 6126 6123
f 6016 6122 6124
f 6022 6139 6138
f 6023 6142 6140
f 6026 6149 6145
f 6017 6127 6125
f 6018 6128 6130
f 6031 6151 6155
f 6035 6118 6120
f 6101 6038 6041
f 6097 6037 6038
f 6098 6039 6037
f 6104 6040 6039
f 6107 6041 6040
f 6112 6046 6043
f 6148 6064 6066
f 6135 6093 6096
f 6156 6089 6090
f 6115 6075 6073
f 6136 6053 6056
f 6123 6052 6053
f 6124 6054 6052
f 6138 6055 6054
f 6140 6056 6055
f 6145 6059 6060
f 6125 6051 6048
f 6130 6071 6067
f 6155 6080 6079
f 6120 6082 6086
f 6110 6092 6095
f 6102 6062 6063
f 6100 6042 6044
f 6106 6072 6076
f 6109 6087 6091
f 6113 6063 6065
f 6150 6095 6094
f 6133 6091 6088
f 6154 6076 6074
f 6114 6044 6045
f 6143 6083 6084
f 6126 6058 6057
f 6122 6047 6049
f 6139 6068 6070
f 6142 6078 6081
f 6149 6084 6085
f 6127 6057 6061
f 6128 6049 6050
f 6151 6070 6069
f 6118 6081 6077
f 6103 6066 6062
f 6099 6043 6042
f 6105 6073 6072
f 6108 6090 6087
f 6111 6096 6092
f 6119 6085 6082
f 6146 6061 6059
f 6131 6050 6051
f 6152 6069 6071
f 6117 6077 6080
f 6137 6060 6058
f 6121 6048 6047
f 6129 6067 6068
f 6141 6079 6078
f 6144 6086 6083
f 6147 6065 6064
f 6134 6094 6093
f 6132 6088 6089
f 6153 6074 6075
f 6116 6045 6046
f 6101 6110 6103
f 6097 6102 6099
f 6098 6100 6105
f 6104 6106 6108
f 6107 6109 6111
f 6112 6113 6119
f 6148 6150 6146
f 6135 6133 6131
f 6156 6154 6152
f 6115 6114 6117
f 6136 6143 6137
f 6123 6126 6121
f 6124 6122 6129
f 6138 6139 6141
f 6140 6142 6144
f 6145 6149 6147
f 6125 6127 6134
f 6130 6128 6132
f 6155 6151 6153
f 6120 6118 6116
f 6157 6203 6200
f 6157 6200 6199
f 6157 6199 6201
f 6157 6201 6202
f 6157 6202 6203
f 6158 6205 6208
f 6162 6228 6226
f 6168 6258 6255
f 6167 6252 6251
f 6164 6235 6237
f 6160 6218 6215
f 6160 6215 6214
f 6160 6214 6216
f 6160 6216 6217
f 6160 6217 6218
f 6161 6222 6221
f 6159 6210 6213
f 6163 6229 6233
f 6165 6241 6242
f 6166 6248 6244
f 6168 6257 6254
f 6162 6225 6224
f 6158 6206 6204
f 6164 6238 6234
f 6167 6253 6249
f 6162 6227 6225
f 6168 6256 6257
f 6167 6250 6253
f 6164 6236 6238
f 6158 6207 6206
f 6166 6246 6245
f 6161 6219 6220
f 6159 6211 6209
f 6163 6232 6230
f 6165 6243 6240
f 6166 6247 6246
f 6161 6223 6219
f 6159 6212 6211
f 6163 6231 6232
f 6165 6239 6243
f 6162 6224 6228
f 6158 6204 6205
f 6164 6234 6235
f 6167 6249 6252
f 6168 6254 6258
f 6166 6244 6247
f 6161 6221 6223
f 6159 6213 6212
f 6163 6233 6231
f 6165 6242 6239
f 6161 6220 6222
f 6159 6209 6210
f 6163 6230 6229
f 6165 6240 6241
f 6166 6245 6248
f 6162 6226 6227
f 6168 6255 6256
f 6167 6251 6250
f 6164 6237 6236
f 6158 6208 6207
f 6191 6265 6272
f 6174 6261 6264
f 6175 6267 6262
f 6196 6270 6268
f 6198 6273 6271
f 6190 6281 6275
f 6189 6308 6312
f 6181 6293 6295
f 6192 6314 6316
f 6176 6279 6276
f 6188 6299 6305
f 6179 6283 6288
f 6180 6291 6284
f 6193 6303 6301
f 6197 6306 6304
f 6190 6309 6311
f 6189 6296 6289
f 6181 6294 6290
f 6192 6315 6313
f 6176 6278 6280
f 6173 6263 6203
f 6170 6259 6200
f 6169 6260 6199
f 6171 6266 6201
f 6172 6269 6202
f 6174 6274 6205
f 6191 6310 6228
f 6198 6297 6258
f 6196 6318 6252
f 6175 6277 6235
f 6186 6298 6218
f 6183 6285 6215
f 6178 6286 6214
f 6184 6300 6216
f 6185 6302 6217
f 6188 6307 6222
f 6179 6287 6210
f 6180 6292 6229
f 6193 6317 6241
f 6197 6282 6248
f 6191 6272 6257
f 6174 6264 6225
f 6175 6262 6206
f 6196 6268 6238
f 6198 6271 6253
f 6190 6275 6227
f 6189 6312 6256
f 6181 6295 6250
f 6192 6316 6236
f 6176 6276 6207
f 6188 6305 6246
f 6179 6288 6219
f 6180 6284 6211
f 6193 6301 6232
f 6197 6304 6243
f 6190 6311 6247
f 6189 6289 6223
f 6181 6290 6212
f 6192 6313 6231
f 6176 6280 6239
f 6170 6265 6224
f 6169 6261 6204
f 6171 6267 6234
f 6172 6270 6249
f 6173 6273 6254
f 6177 6281 6244
f 6187 6308 6221
f 6182 6293 6213
f 6194 6314 6233
f 6195 6279 6242
f 6183 6299 6220
f 6178 6283 6209
f 6184 6291 6230
f 6185 6303 6240
f 6186 6306 6245
f 6187 6309 6226
f 6182 6296 6255
f 6194 6294 6251
f 6195 6315 6237
f 6177 6278 6208
f 6170 6263 6265
f 6169 6259 6261
f 6171 6260 6267
f 6172 6266 6270
f 6173 6269 6273
f 6177 6274 6281
f 6187 6310 6308
f 6182 6297 6293
f 6194 6318 6314
f 6195 6277 6279
f 6183 6298 6299
f 6178 6285 6283
f 6184 6286 6291
f 6185 6300 6303
f 6186 6302 6306
f 6187 6307 6309
f 6182 6287 6296
f 6194 6292 6294
f 6195 6317 6315
f 6177 6282 6278
f 6170 6200 6263
f 6169 6199 6259
f 6171 6201 6260
f 6172 6202 6266
f 6173 6203 6269
f 6177 6208 6274
f 6187 6226 6310
f 6182 6255 6297
f 6194 6251 6318
f 6195 6237 6277
f 6183 6215 6298
f 6178 6214 6285
f 6184 6216 6286
f 6185 6217 6300
f 6186 6218 6302
f 6187 6221 6307
f 6182 6213 6287
f 6194 6233 6292
f 6195 6242 6317
f 6177 6244 6282
f 6173 6254 6272
f 6170 6224 6264
f 6169 6204 6262
f 6171 6234 6268
f 6172 6249 6271
f 6174 6225 6275
f 6191 6257 6312
f 6198 6253 6295
f 6196 6238 6316
f 6175 6206 6276
f 6186 6245 6305
f 6183 6220 6288
f 6178 6209 6284
f 6184 6230 6301
f 6185 6240 6304
f 6188 6246 6311
f 6179 6219 6289
f 6180 6211 6290
f 6193 6232 6313
f 6197 6243 6280
f 6191 6228 6265
f 6174 6205 6261
f 6175 6235 6267
f 6196 6252 6270
f 6198 6258 6273
f 6190 6247 6281
f 6189 6223 6308
f 6181 6212 6293
f 6192 6231 6314
f 6176 6239 6279
f 6188 6222 6299
f 6179 6210 6283
f 6180 6229 6291
f 6193 6241 6303
f 6197 6248 6306
f 6190 6227 6309
f 6189 6256 6296
f 6181 6250 6294
f 6192 6236 6315
f 6176 6207 6278
f 6173 6272 6263
f 6170 6264 6259
f 6169 6262 6260
f 6171 6268 6266
f 6172 6271 6269
f 6174 6275 6274
f 6191 6312 6310
f 6198 6295 6297
f 6196 6316 6318
f 6175 6276 6277
f 6186 6305 6298
f 6183 6288 6285
f 6178 6284 6286
f 6184 6301 6300
f 6185 6304 6302
f 6188 6311 6307
f 6179 6289 6287
f 6180 6290 6292
f 6193 6313 6317
f 6197 6280 6282
f 6263 6200 6203
f 6259 6199 6200
f 6260 6201 6199
f 6266 6202 6201
f 6269 6203 6202
f 6274 6208 6205
f 6310 6226 6228
f 6297 6255 6258
f 6318 6251 6252
f 6277 6237 6235
f 6298 6215 6218
f 6285 6214 6215
f 6286 6216 6214
f 6300 6217 6216
f 6302 6218 6217
f 6307 6221 6222
f 6287 6213 6210
f 6292 6233 6229
f 6317 6242 6241
f 6282 6244 6248
f 6272 6254 6257
f 6264 6224 6225
f 6262 6204 6206
f 6268 6234 6238
f 6271 6249 6253
f 6275 6225 6227
f 6312 6257 6256
f 6295 6253 6250
f 6316 6238 6236
f 6276 6206 6207
f 6305 6245 6246
f 6288 6220 6219
f 6284 6209 6211
f 6301 6230 6232
f 6304 6240 6243
f 6311 6246 6247
f 6289 6219 6223
f 6290 6211 6212
f 6313 6232 6231
f 6280 6243 6239
f 6265 6228 6224
f 6261 6205 6204
f 6267 6235 6234
f 6270 6252 6249
f 6273 6258 6254
f 6281 6247 6244
f 6308 6223 6221
f 6293 6212 6213
f 6314 6231 6233
f 6279 6239 6242
f 6299 6222 6220
f 6283 6210 6209
f 6291 6229 6230
f 6303 6241 6240
f 6306 6248 6245
f 6309 6227 6226
f 6296 6256 6255
f 6294 6250 6251
f 6315 6236 6237
f 6278 6207 6208
f 6263 6272 6265
f 6259 6264 6261
f 6260 6262 6267
f 6266 6268 6270
f 6269 6271 6273
f 6274 6275 6281
f 6310 6312 6308
f 6297 6295 6293
f 6318 6316 6314
f 6277 6276 6279
f 6298 6305 6299
f 6285 6288 6283
f 6286 6284 6291
f 6300 6301 6303
f 6302 6304 6306
f 6307 6311 6309
f 6287 6289 6296
f 6292 6290 6294
f 6317 6313 6315
f 6282 6280 6278
f 6319 6365 6362
f 6319 6362 6361
f 6319 6361 6363
f 6319 6363 6364
f 6319 6364 6365
f 6320 6367 6370
f 6324 6390 6388
f 6330 6420 6417
f 6329 6414 6413
f 6326 6397 6399
f 6322 6380 6377
f 6322 6377 6376
f 6322 6376 6378
f 6322 6378 6379
f 6322 6379 6380
f 6323 6384 6383
f 6321 6372 6375
f 6325 6391 6395
f 6327 6403 6404
f 6328 6410 6406
f 6330 6419 6416
f 6324 6387 6386
f 6320 6368 6366
f 6326 6400 6396
f 6329 6415 6411
f 6324 6389 6387
f 6330 6418 6419
f 6329 6412 6415
f 6326 6398 6400
f 6320 6369 6368
f 6328 6408 6407
f 6323 6381 6382
f 6321 6373 6371
f 6325 6394 6392
f 6327 6405 6402
f 6328 6409 6408
f 6323 6385 6381
f 6321 6374 6373
f 6325 6393 6394
f 6327 6401 6405
f 6324 6386 6390
f 6320 6366 6367
f 6326 6396 6397
f 6329 6411 6414
f 6330 6416 6420
f 6328 6406 6409
f 6323 6383 6385
f 6321 6375 6374
f 6325 6395 6393
f 6327 6404 6401
f 6323 6382 6384
f 6321 6371 6372
f 6325 6392 6391
f 6327 6402 6403
f 6328 6407 6410
f 6324 6388 6389
f 6330 6417 6418
f 6329 6413 6412
f 6326 6399 6398
f 6320 6370 6369
f 6353 6427 6434
f 6336 6423 6426
f 6337 6429 6424
f 6358 6432 6430
f 6360 6435 6433
f 6352 6443 6437
f 6351 6470 6474
f 6343 6455 6457
f 6354 6476 6478
f 6338 6441 6438
f 6350 6461 6467
f 6341 6445 6450
f 6342 6453 6446
f 6355 6465 6463
f 6359 6468 6466
f 6352 6471 6473
f 6351 6458 6451
f 6343 6456 6452
f 6354 6477 6475
f 6338 6440 6442
f 6335 6425 6365
f 6332 6421 6362
f 6331 6422 6361
f 6333 6428 6363
f 6334 6431 6364
f 6336 6436 6367
f 6353 6472 6390
f 6360 6459 6420
f 6358 6480 6414
f 6337 6439 6397
f 6348 6460 6380
f 6345 6447 6377
f 6340 6448 6376
f 6346 6462 6378
f 6347 6464 6379
f 6350 6469 6384
f 6341 6449 6372
f 6342 6454 6391
f 6355 6479 6403
f 6359 6444 6410
f 6353 6434 6419
f 6336 6426 6387
f 6337 6424 6368
f 6358 6430 6400
f 6360 6433 6415
f 6352 6437 6389
f 6351 6474 6418
f 6343 6457 6412
f 6354 6478 6398
f 6338 6438 6369
f 6350 6467 6408
f 6341 6450 6381
f 6342 6446 6373
f 6355 6463 6394
f 6359 6466 6405
f 6352 6473 6409
f 6351 6451 6385
f 6343 6452 6374
f 6354 6475 6393
f 6338 6442 6401
f 6332 6427 6386
f 6331 6423 6366
f 6333 6429 6396
f 6334 6432 6411
f 6335 6435 6416
f 6339 6443 6406
f 6349 6470 6383
f 6344 6455 6375
f 6356 6476 6395
f 6357 6441 6404
f 6345 6461 6382
f 6340 6445 6371
f 6346 6453 6392
f 6347 6465 6402
f 6348 6468 6407
f 6349 6471 6388
f 6344 6458 6417
f 6356 6456 6413
f 6357 6477 6399
f 6339 6440 6370
f 6332 6425 6427
f 6331 6421 6423
f 6333 6422 6429
f 6334 6428 6432
f 6335 6431 6435
f 6339 6436 6443
f 6349 6472 6470
f 6344 6459 6455
f 6356 6480 6476
f 6357 6439 6441
f 6345 6460 6461
f 6340 6447 6445
f 6346 6448 6453
f 6347 6462 6465
f 6348 6464 6468
f 6349 6469 6471
f 6344 6449 6458
f 6356 6454 6456
f 6357 6479 6477
f 6339 6444 6440
f 6332 6362 6425
f 6331 6361 6421
f 6333 6363 6422
f 6334 6364 6428
f 6335 6365 6431
f 6339 6370 6436
f 6349 6388 6472
f 6344 6417 6459
f 6356 6413 6480
f 6357 6399 6439
f 6345 6377 6460
f 6340 6376 6447
f 6346 6378 6448
f 6347 6379 6462
f 6348 6380 6464
f 6349 6383 6469
f 6344 6375 6449
f 6356 6395 6454
f 6357 6404 6479
f 6339 6406 6444
f 6335 6416 6434
f 6332 6386 6426
f 6331 6366 6424
f 6333 6396 6430
f 6334 6411 6433
f 6336 6387 6437
f 6353 6419 6474
f 6360 6415 6457
f 6358 6400 6478
f 6337 6368 6438
f 6348 6407 6467
f 6345 6382 6450
f 6340 6371 6446
f 6346 6392 6463
f 6347 6402 6466
f 6350 6408 6473
f 6341 6381 6451
f 6342 6373 6452
f 6355 6394 6475
f 6359 6405 6442
f 6353 6390 6427
f 6336 6367 6423
f 6337 6397 6429
f 6358 6414 6432
f 6360 6420 6435
f 6352 6409 6443
f 6351 6385 6470
f 6343 6374 6455
f 6354 6393 6476
f 6338 6401 6441
f 6350 6384 6461
f 6341 6372 6445
f 6342 6391 6453
f 6355 6403 6465
f 6359 6410 6468
f 6352 6389 6471
f 6351 6418 6458
f 6343 6412 6456
f 6354 6398 6477
f 6338 6369 6440
f 6335 6434 6425
f 6332 6426 6421
f 6331 6424 6422
f 6333 6430 6428
f 6334 6433 6431
f 6336 6437 6436
f 6353 6474 6472
f 6360 6457 6459
f 6358 6478 6480
f 6337 6438 6439
f 6348 6467 6460
f 6345 6450 6447
f 6340 6446 6448
f 6346 6463 6462
f 6347 6466 6464
f 6350 6473 6469
f 6341 6451 6449
f 6342 6452 6454
f 6355 6475 6479
f 6359 6442 6444
f 6425 6362 6365
f 6421 6361 6362
f 6422 6363 6361
f 6428 6364 6363
f 6431 6365 6364
f 6436 6370 6367
f 6472 6388 6390
f 6459 6417 6420
f 6480 6413 6414
f 6439 6399 6397
f 6460 6377 6380
f 6447 6376 6377
f 6448 6378 6376
f 6462 6379 6378
f 6464 6380 6379
f 6469 6383 6384
f 6449 6375 6372
f 6454 6395 6391
f 6479 6404 6403
f 6444 6406 6410
f 6434 6416 6419
f 6426 6386 6387
f 6424 6366 6368
f 6430 6396 6400
f 6433 6411 6415
f 6437 6387 6389
f 6474 6419 6418
f 6457 6415 6412
f 6478 6400 6398
f 6438 6368 6369
f 6467 6407 6408
f 6450 6382 6381
f 6446 6371 6373
f 6463 6392 6394
f 6466 6402 6405
f 6473 6408 6409
f 6451 6381 6385
f 6452 6373 6374
f 6475 6394 6393
f 6442 6405 6401
f 6427 6390 6386
f 6423 6367 6366
f 6429 6397 6396
f 6432 6414 6411
f 6435 6420 6416
f 6443 6409 6406
f 6470 6385 6383
f 6455 6374 6375
f 6476 6393 6395
f 6441 6401 6404
f 6461 6384 6382
f 6445 6372 6371
f 6453 6391 6392
f 6465 6403 6402
f 6468 6410 6407
f 6471 6389 6388
f 6458 6418 6417
f 6456 6412 6413
f 6477 6398 6399
f 6440 6369 6370
f 6425 6434 6427
f 6421 6426 6423
f 6422 6424 6429
f 6428 6430 6432
f 6431 6433 6435
f 6436 6437 6443
f 6472 6474 6470
f 6459 6457 6455
f 6480 6478 6476
f 6439 6438 6441
f 6460 6467 6461
f 6447 6450 6445
f 6448 6446 6453
f 6462 6463 6465
f 6464 6466 6468
f 6469 6473 6471
f 6449 6451 6458
f 6454 6452 6456
f 6479 6475 6477
f 6444 6442 6440
f 6481 6527 6524
f 6481 6524 6523
f 6481 6523 6525
f 6481 6525 6526
f 6481 6526 6527
f 6482 6529 6532
f 6486 6552 6550
f 6492 6582 6579
f 6491 6576 6575
f 6488 6559 6561
f 6484 6542 6539
f 6484 6539 6538
f 6484 6538 6540
f 6484 6540 6541
f 6484 6541 6542
f 6485 6546 6545
f 6483 6534 6537
f 6487 6553 6557
f 6489 6565 6566
f 6490 6572 6568
f 6492 6581 6578
f 6486 6549 6548
f 6482 6530 6528
f 6488 6562 6558
f 6491 6577 6573
f 6486 6551 6549
f 6492 6580 6581
f 6491 6574 6577
f 6488 6560 6562
f 6482 6531 6530
f 6490 6570 6569
f 6485 6543 6544
f 6483 6535 6533
f 6487 6556 6554
f 6489 6567 6564
f 6490 6571 6570
f 6485 6547 6543
f 6483 6536 6535
f 6487 6555 6556
f 6489 6563 6567
f 6486 6548 6552
f 6482 6528 6529
f 6488 6558 6559
f 6491 6573 6576
f 6492 6578 6582
f 6490 6568 6571
f 6485 6545 6547
f 6483 6537 6536
f 6487 6557 6555
f 6489 6566 6563
f 6485 6544 6546
f 6483 6533 6534
f 6487 6554 6553
f 6489 6564 6565
f 6490 6569 6572
f 6486 6550 6551
f 6492 6579 6580
f 6491 6575 6574
f 6488 6561 6560
f 6482 6532 6531
f 6515 6589 6596
f 6498 6585 6588
f 6499 6591 6586
f 6520 6594 6592
f 6522 6597 6595
f 6514 6605 6599
f 6513 6632 6636
f 6505 6617 6619
f 6516 6638 6640
f 6500 6603 6600
f 6512 6623 6629
f 6503 6607 6612
f 6504 6615 6608
f 6517 6627 6625
f 6521 6630 6628
f 6514 6633 6635
f 6513 6620 6613
f 6505 6618 6614
f 6516 6639 6637
f 6500 6602 6604
f 6497 6587 6527
f 6494 6583 6524
f 6493 6584 6523
f 6495 6590 6525
f 6496 6593 6526
f 6498 6598 6529
f 6515 6634 6552
f 6522 6621 6582
f 6520 6642 6576
f 6499 6601 6559
f 6510 6622 6542
f 6507 6609 6539
f 6502 6610 6538
f 6508 6624 6540
f 6509 6626 6541
f 6512 6631 6546
f 6503 6611 6534
f 6504 6616 6553
f 6517 6641 6565
f 6521 6606 6572
f 6515 6596 6581
f 6498 6588 6549
f 6499 6586 6530
f 6520 6592 6562
f 6522 6595 6577
f 6514 6599 6551
f 6513 6636 6580
f 6505 6619 6574
f 6516 6640 6560
f 6500 6600 6531
f 6512 6629 6570
f 6503 6612 6543
f 6504 6608 6535
f 6517 6625 6556
f 6521 6628 6567
f 6514 6635 6571
f 6513 6613 6547
f 6505 6614 6536
f 6516 6637 6555
f 6500 6604 6563
f 6494 6589 6548
f 6493 6585 6528
f 6495 6591 6558
f 6496 6594 6573
f 6497 6597 6578
f 6501 6605 6568
f 6511 6632 6545
f 6506 6617 6537
f 6518 6638 6557
f 6519 6603 6566
f 6507 6623 6544
f 6502 6607 6533
f 6508 6615 6554
f 6509 6627 6564
f 6510 6630 6569
f 6511 6633 6550
f 6506 6620 6579
f 6518 6618 6575
f 6519 6639 6561
f 6501 6602 6532
f 6494 6587 6589
f 6493 6583 6585
f 6495 6584 6591
f 6496 6590 6594
f 6497 6593 6597
f 6501 6598 6605
f 6511 6634 6632
f 6506 6621 6617
f 6518 6642 6638
f 6519 6601 6603
f 6507 6622 6623
f 6502 6609 6607
f 6508 6610 6615
f 6509 6624 6627
f 6510 6626 6630
f 6511 6631 6633
f 6506 6611 6620
f 6518 6616 6618
f 6519 6641 6639
f 6501 6606 6602
f 6494 6524 6587
f 6493 6523 6583
f 6495 6525 6584
f 6496 6526 6590
f 6497 6527 6593
f 6501 6532 6598
f 6511 6550 6634
f 6506 6579 6621
f 6518 6575 6642
f 6519 6561 6601
f 6507 6539 6622
f 6502 6538 6609
f 6508 6540 6610
f 6509 6541 6624
f 6510 6542 6626
f 6511 6545 6631
f 6506 6537 6611
f 6518 6557 6616
f 6519 6566 6641
f 6501 6568 6606
f 6497 6578 6596
f 6494 6548 6588
f 6493 6528 6586
f 6495 6558 6592
f 6496 6573 6595
f 6498 6549 6599
f 6515 6581 6636
f 6522 6577 6619
f 6520 6562 6640
f 6499 6530 6600
f 6510 6569 6629
f 6507 6544 6612
f 6502 6533 6608
f 6508 6554 6625
f 6509 6564 6628
f 6512 6570 6635
f 6503 6543 6613
f 6504 6535 6614
f 6517 6556 6637
f 6521 6567 6604
f 6515 6552 6589
f 6498 6529 6585
f 6499 6559 6591
f 6520 6576 6594
f 6522 6582 6597
f 6514 6571 6605
f 6513 6547 6632
f 6505 6536 6617
f 6516 6555 6638
f 6500 6563 6603
f 6512 6546 6623
f 6503 6534 6607
f 6504 6553 6615
f 6517 6565 6627
f 6521 6572 6630
f 6514 6551 6633
f 6513 6580 6620
f 6505 6574 6618
f 6516 6560 6639
f 6500 6531 6602
f 6497 6596 6587
f 6494 6588 6583
f 6493 6586 6584
f 6495 6592 6590
f 6496 6595 6593
f 6498 6599 6598
f 6515 6636 6634
f 6522 6619 6621
f 6520 6640 6642
f 6499 6600 6601
f 6510 6629 6622
f 6507 6612 6609
f 6502 6608 6610
f 6508 6625 6624
f 6509 6628 6626
f 6512 6635 6631
f 6503 6613 6611
f 6504 6614 6616
f 6517 6637 6641
f 6521 6604 6606
f 6587 6524 6527
f 6583 6523 6524
f 6584 6525 6523
f 6590 6526 6525
f 6593 6527 6526
f 6598 6532 6529
f 6634 6550 6552
f 6621 6579 6582
f 6642 6575 6576
f 6601 6561 6559
f 6622 6539 6542
f 6609 6538 6539
f 6610 6540 6538
f 6624 6541 6540
f 6626 6542 6541
f 6631 6545 6546
f 6611 6537 6534
f 6616 6557 6553
f 6641 6566 6565
f 6606 6568 6572
f 6596 6578 6581
f 6588 6548 6549
f 6586 6528 6530
f 6592 6558 6562
f 6595 6573 6577
f 6599 6549 6551
f 6636 6581 6580
f 6619 6577 6574
f 6640 6562 6560
f 6600 6530 6531
f 6629 6569 6570
f 6612 6544 6543
f 6608 6533 6535
f 6625 6554 6556
f 6628 6564 6567
f 6635 6570 6571
f 6613 6543 6547
f 6614 6535 6536
f 6637 6556 6555
f 6604 6567 6563
f 6589 6552 6548
f 6585 6529 6528
f 6591 6559 6558
f 6594 6576 6573
f 6597 6582 6578
f 6605 6571 6568
f 6632 6547 6545
f 6617 6536 6537
f 6638 6555 6557
f 6603 6563 6566
f 6623 6546 6544
f 6607 6534 6533
f 6615 6553 6554
f 6627 6565 6564
f 6630 6572 6569
f 6633 6551 6550
f 6620 6580 6579
f 6618 6574 6575
f 6639 6560 6561
f 6602 6531 6532
f 6587 6596 6589
f 6583 6588 6585
f 6584 6586 6591
f 6590 6592 6594
f 6593 6595 6597
f 6598 6599 6605
f 6634 6636 6632
f 6621 6619 6617
f 6642 6640 6638
f 6601 6600 6603
f 6622 6629 6623
f 6609 6612 6607
f 6610 6608 6615
f 6624 6625 6627
f 6626 6628 6630
f 6631 6635 6633
f 6611 6613 6620
f 6616 6614 6618
f 6641 6637 6639
f 6606 6604 6602

