# https://github.com/mikedh/trimesh
v 0.77076650 2.23849106 0.46810567
v -0.49190336 2.37655568 0.43882161
v 0.79910576 2.49811244 0.47020197
v -0.46356413 2.63617682 0.44091797
v 0.16655491 2.56091762 0.47862786
v 0.13954747 2.31349707 0.47662997
v 0.29790559 2.54687333 0.44230580
v 0.27089810 2.29945254 0.44030797
v -0.50850093 2.50985408 0.42384279
v -0.50939304 2.50964880 0.46134037
v 0.81643152 2.36498165 0.45457077
v 0.81553936 2.36477613 0.49206841
v 0.13920599 2.30540848 0.45321780
v 0.73763925 2.24259281 0.48945212
v 0.73852694 2.24279737 0.45214176
v 0.79965365 2.24224663 0.45447016
v 0.79880774 2.24205184 0.49002719
v -0.45968565 2.37351227 0.46168357
v -0.45879799 2.37371683 0.42437321
v -0.51864177 2.38639307 0.42389613
v -0.51948768 2.38619828 0.45945317
v 0.16800722 2.56926227 0.45534831
v 0.76583648 2.50091362 0.49153793
v 0.76672417 2.50111794 0.45422757
v 0.82652617 2.48843193 0.45645803
v 0.82568032 2.48823714 0.49201500
v -0.43148848 2.63183308 0.46376944
v -0.43060079 2.63203740 0.42645907
v -0.49176919 2.63257861 0.42588395
v -0.49261516 2.63238382 0.46144104
v 0.15304355 2.43720579 0.47794962
v -0.46232420 2.62320352 0.46390867
v 0.79404104 2.48582864 0.49304646
v -0.48793396 2.38858724 0.46201420
v 0.76843125 2.25121212 0.49115199
v 0.28653568 2.42293215 0.44103545
v -0.46139273 2.62341809 0.42475921
v 0.79497248 2.48604298 0.45389694
v -0.48700252 2.38880181 0.42286468
v 0.76936269 2.25142670 0.45200247
v -0.51966006 2.51095247 0.43866861
v 0.82687342 2.36371803 0.46989763
v 0.73059738 2.24125695 0.46738338
v 0.75824320 2.23950744 0.48874301
v 0.75907475 2.23969889 0.45379591
v 0.78910971 2.23909044 0.45532876
v 0.78831738 2.23890781 0.48863363
v -0.45209509 2.37057638 0.43995422
v -0.48041508 2.37494636 0.46001595
v -0.47958359 2.37513757 0.42506886
v -0.50907910 2.38103843 0.42522103
v -0.50987142 2.38085604 0.45852590
v 0.75928712 2.50408912 0.46950567
v 0.78662217 2.49949265 0.49084234
v 0.78745359 2.49968410 0.45589519
v 0.81690991 2.49377418 0.45738530
v 0.81611758 2.49359202 0.49069011
v -0.42340541 2.63340855 0.44207656
v -0.45203620 2.63493133 0.46211529
v -0.45120475 2.63512278 0.42716813
v -0.48127890 2.63572240 0.42727751
v -0.48207125 2.63554001 0.46058244
v 0.72768736 2.50308609 0.49128664
v -0.39379999 2.62571335 0.46527696
v 0.16569379 2.55308080 0.47880781
v -0.42209655 2.62290215 0.46499026
v 0.75469160 2.49422836 0.49228245
v 0.69992018 2.24870539 0.48923260
v -0.42156717 2.37133265 0.46322292
v 0.14039701 2.32133150 0.47693658
v -0.44859046 2.38018632 0.46303040
v 0.72819763 2.25151253 0.49032259
v 0.72860569 2.50329757 0.45268828
v -0.39288169 2.62592483 0.42667860
v 0.29866907 2.53886247 0.44203663
v -0.42115915 2.62311769 0.42558855
v 0.75562894 2.49444389 0.45288074
v 0.70083845 2.24891686 0.45063424
v -0.42064890 2.37154412 0.42462450
v 0.27337223 2.30711341 0.44016528
v -0.44765308 2.38040209 0.42362869
v 0.72913504 2.25172830 0.45092094
v -0.52202350 2.39465761 0.42324680
v -0.49685305 2.62524986 0.42510873
v -0.48389655 2.61835742 0.42449480
v -0.50788426 2.39860153 0.42272031
v -0.51672262 2.51074338 0.42484033
v -0.52289867 2.39445615 0.46003127
v -0.49772823 2.62504840 0.46189326
v -0.48481381 2.61814618 0.46304721
v -0.50880152 2.39839029 0.46127272
v -0.51755822 2.51055098 0.45996279
v 0.80476677 2.24958205 0.45401794
v 0.82993716 2.48017406 0.45587987
v 0.81584007 2.47623992 0.45463848
v 0.79185230 2.25648403 0.45286393
v 0.82459664 2.36407924 0.45594835
v 0.80389160 2.24938059 0.49080241
v 0.82906199 2.47997260 0.49266440
v 0.81492275 2.47602868 0.49319082
v 0.79093504 2.25627303 0.49141634
v 0.82376117 2.36388683 0.49107081
v 0.70015651 2.24456954 0.48740870
v 0.70098889 2.24476123 0.45242178
v -0.42260757 2.36733627 0.46136945
v -0.42177513 2.36752772 0.42638254
v 0.77763247 2.24031925 0.49009150
v 0.13890365 2.30740237 0.47565645
v 0.75750637 2.24452543 0.49054116
v 0.77850592 2.24052048 0.45337999
v 0.26408324 2.29401779 0.44104087
v 0.75842279 2.24473643 0.45201981
v 0.80256450 2.24118710 0.46870703
v 0.78932244 2.24538469 0.45306015
v 0.81121290 2.24873042 0.45588845
v 0.78842032 2.24517703 0.49097866
v 0.81041962 2.24854779 0.48923129
v -0.49921227 2.37993360 0.46047878
v -0.47869498 2.37969565 0.46187103
v -0.49833882 2.38013482 0.42376727
v -0.47777852 2.37990665 0.42334968
v -0.52236181 2.38605905 0.43797916
v -0.50782323 2.38721895 0.42297655
v -0.52858031 2.39522767 0.42481583
v -0.50872535 2.38701105 0.46089512
v -0.52937359 2.39504504 0.45815861
v 0.72881365 2.50710249 0.48952866
v 0.72964603 2.50729418 0.45454174
v -0.39395043 2.62986922 0.46348935
v -0.39311802 2.63006091 0.42850244
v 0.80537730 2.49449563 0.49214393
v 0.16724269 2.56702256 0.47775275
v 0.78481698 2.49472380 0.49256146
v 0.80625075 2.49469662 0.45543236
v 0.29242229 2.55363774 0.44313723
v 0.78573346 2.49493456 0.45404011
v 0.82957232 2.48861098 0.47070491
v 0.81576383 2.48761916 0.45501602
v 0.83641207 2.47958517 0.45775253
v 0.81486166 2.48741126 0.49293464
v 0.83561873 2.47940254 0.49109530
v -0.47146744 2.63410997 0.46253121
v -0.45138431 2.62989402 0.46389139
v -0.47059399 2.63431096 0.42581964
v -0.45046788 2.63010502 0.42536998
v -0.49535406 2.63348269 0.43997705
v -0.48138186 2.62945318 0.42493254
v -0.50338113 2.62608242 0.42667991
v -0.48228395 2.62924552 0.46285105
v -0.50417441 2.62589979 0.46002269
v -0.42401040 2.61161923 0.46507615
v 0.75411725 2.48279929 0.49239939
v -0.44802544 2.39161325 0.46329969
v 0.73010224 2.26279283 0.49062294
v -0.47829109 2.50624037 0.46298665
v 0.78439355 2.36817431 0.49227095
v -0.42306378 2.61183739 0.42528820
v 0.75506395 2.48301721 0.45261151
v -0.44707876 2.39183116 0.42351174
v 0.73104888 2.26301098 0.45083499
v -0.47735506 2.50645590 0.42364019
v 0.78532964 2.36838984 0.45292455
v -0.51092738 2.33473134 0.29945052
v 0.75453162 2.21562886 0.29917252
v -0.53473717 2.08180642 0.27681482
v 0.73072183 1.96270382 0.27653682
v 0.09836449 2.02615428 0.30024028
v 0.12105539 2.26719356 0.32181239
v -0.03201938 2.04193425 0.26106596
v -0.00932848 2.28297353 0.28263807
v 0.77395070 2.08758307 0.27259862
v 0.77364683 2.08426809 0.30995929
v -0.55390817 2.21255851 0.27289033
v -0.55421203 2.20924354 0.31025112
v 0.12199808 2.27726221 0.29926813
v -0.47842139 2.32906246 0.32140499
v -0.47811913 2.33236098 0.28423071
v -0.53930157 2.33207774 0.28458846
v -0.53958952 2.32893395 0.32001579
v 0.72154826 2.21612334 0.32114136
v 0.72185063 2.21942210 0.28396714
v 0.78190577 2.20772791 0.28429830
v 0.78161776 2.20458460 0.31972551
v 0.09780008 2.02021360 0.27626336
v -0.50211191 2.07740450 0.29888248
v -0.50180966 2.08070302 0.26170838
v -0.56187910 2.09224200 0.26312411
v -0.56216717 2.08909845 0.29855144
v 0.69785780 1.96446550 0.29861891
v 0.69815999 1.96776414 0.26144469
v 0.75932825 1.96789253 0.26283383
v 0.75904018 1.96474886 0.29826117
v 0.10970734 2.14664555 0.31134593
v 0.72852260 1.97314608 0.30056202
v -0.53061771 2.09165406 0.30083859
v 0.75003916 2.20171118 0.32101768
v -0.50910109 2.32021928 0.32129431
v -0.02280226 2.16268301 0.27153289
v 0.72883981 1.97660732 0.26155531
v -0.53030044 2.09511518 0.26183200
v 0.75035638 2.20517230 0.28201103
v -0.50878394 2.32368040 0.28228760
v 0.78465295 2.08523130 0.28761744
v -0.56485474 2.21224451 0.28791392
v -0.47070488 2.33250427 0.29979908
v -0.49904776 2.33192706 0.32030481
v -0.49876463 2.33501673 0.28548515
v -0.52884543 2.33516955 0.28607869
v -0.52911520 2.33222508 0.31926209
v 0.71460003 2.22094560 0.29953861
v 0.74234647 2.21508956 0.32003200
v 0.74262953 2.21817899 0.28521252
v 0.77221090 2.21271658 0.28579295
v 0.77194107 2.20977211 0.31897622
v -0.49480912 2.07645106 0.27688336
v -0.52289093 2.07864761 0.29763722
v -0.52260780 2.08173704 0.26281762
v -0.55220240 2.08705425 0.26387346
v -0.55247223 2.08411002 0.29705667
v 0.69049579 1.96489251 0.27662289
v 0.71850330 1.96180975 0.29736447
v 0.71878642 1.96489942 0.26254487
v 0.74885386 1.96460140 0.26358759
v 0.74858403 1.96165693 0.29677093
v -0.46393397 2.07568979 0.29968762
v 0.66003066 1.96990442 0.29944062
v 0.09908115 2.03376651 0.30116594
v 0.68827373 1.97294283 0.30034339
v -0.49111372 2.08394456 0.30060244
v -0.44060472 2.32350969 0.32186645
v 0.68335986 2.21772432 0.32161951
v 0.12033480 2.25953841 0.32137161
v 0.71053314 2.20939851 0.32150519
v -0.46885431 2.32040000 0.32176435
v -0.46362123 2.07910228 0.26123011
v 0.66034341 1.97331679 0.26098323
v -0.03291534 2.04974151 0.26150715
v 0.68859297 1.97642636 0.26108527
v -0.49079442 2.08742785 0.26134455
v -0.44029200 2.32692194 0.28340900
v 0.68367261 2.22113657 0.28316212
v -0.01166169 2.27551365 0.28171277
v 0.71085238 2.21288180 0.28224719
v -0.46853507 2.32388353 0.28250635
v 0.78545249 2.19978619 0.28300607
v 0.76430506 1.97514141 0.26290119
v 0.75125241 1.98177385 0.26249588
v 0.77140617 2.19586205 0.28165591
v 0.78215265 2.08670521 0.27377999
v 0.78515452 2.19653416 0.31965631
v 0.76400703 1.97188938 0.29955149
v 0.75094002 1.97836566 0.30090749
v 0.77109379 2.19245362 0.32006764
v 0.78186816 2.08360004 0.30877435
v -0.54426837 2.32493711 0.28329813
v -0.56541586 2.10029221 0.26319337
v -0.55135518 2.10437298 0.26278198
v -0.53120142 2.31846094 0.28194213
v -0.56212950 2.21322632 0.27407527
v -0.54456639 2.32168508 0.31994843
v -0.56571382 2.09704018 0.29984367
v -0.55166751 2.10096455 0.30119371
v -0.53151375 2.31505275 0.32035375
v -0.56241405 2.21012139 0.30906963
v -0.44085598 2.32770038 0.32042295
v -0.44057259 2.33079362 0.28556359
v 0.68438810 2.22179461 0.32017571
v 0.68467146 2.22488785 0.28531635
v -0.51845664 2.33082056 0.32093471
v 0.12162228 2.27321768 0.32142323
v -0.49827993 2.32688618 0.32165843
v -0.51815921 2.33406615 0.28435719
v -0.00263592 2.28825617 0.28408945
v -0.49796781 2.33029175 0.28327763
v -0.54268223 2.33174109 0.29875648
v -0.52887487 2.32925987 0.28323746
v -0.55078602 2.32552600 0.28502560
v -0.52918208 2.32590771 0.32101762
v -0.55105615 2.32257819 0.31824672
v 0.76120830 2.21038103 0.32065356
v 0.74065202 2.21028018 0.32138628
v 0.76150578 2.21362662 0.28407598
v 0.74096417 2.21368575 0.28300548
v 0.78517067 2.20676613 0.29846478
v 0.77113593 2.20690536 0.28295183
v 0.79196638 2.19914865 0.28473067
v 0.77082878 2.20355320 0.32073206
v 0.79169631 2.19620085 0.31795168
v -0.46493280 2.07193875 0.29753327
v -0.46464938 2.07503176 0.26267397
v 0.66031122 1.96603286 0.29728603
v 0.66059464 1.96912599 0.26242673
v -0.54176712 2.08319998 0.29877365
v 0.09781259 2.02029395 0.29878759
v -0.52122551 2.08314085 0.29984426
v -0.54146969 2.08644557 0.26219606
v -0.02644561 2.03533244 0.26145375
v -0.52091336 2.08654642 0.26146340
v -0.56537342 2.09069896 0.27718413
v -0.55109012 2.09327340 0.26211762
v -0.57195765 2.10062551 0.26489794
v -0.55139732 2.08992100 0.29989779
v -0.57222778 2.09767795 0.29811907
v 0.73789793 1.96276033 0.29849255
v 0.71770650 1.96653485 0.29957199
v 0.73819530 1.96600592 0.26191497
v 0.71801859 1.96994042 0.26119113
v 0.76247942 1.96572411 0.27689242
v 0.74892074 1.97091877 0.26183200
v 0.77079481 1.97424817 0.26460290
v 0.74861354 1.96756661 0.29961216
v 0.77052468 1.97130060 0.29782403
v 0.68998474 1.98392463 0.30152547
v -0.49074519 2.09505272 0.30178499
v 0.71016139 2.19825625 0.32070738
v -0.47056848 2.30938435 0.32096684
v 0.74244678 2.08712220 0.31088722
v -0.52302700 2.20622611 0.31116521
v 0.69030714 1.98744226 0.26188278
v -0.49042276 2.09857011 0.26214230
v 0.71048379 2.20177388 0.28106475
v -0.47024608 2.31290174 0.28132415
v 0.74276561 2.09060049 0.27168441
v -0.52270812 2.20970440 0.27196240
v 0.57735789 0.58592808 0.01473951
v -1.08143651 0.90553105 0.01996505
v 0.83774227 1.93548739 0.12974668
v -0.82105225 2.25509048 0.13497221
v 0.00193211 2.06167221 0.15270054
v -0.24621598 0.77553260 0.04309785
v 0.17376211 2.03190756 0.11293972
v -0.07438601 0.74576807 0.00333703
v -0.99194682 1.58945298 0.06234121
v -0.99242502 1.58635986 0.09971917
v 0.74864292 1.25409043 0.05685818
v 0.74816471 1.25099730 0.09423614
v -0.25415897 0.73474699 0.01618671
v 0.53480577 0.59575540 0.03719127
v 0.53528160 0.59883291 0.00000000
v 0.62081653 0.61499143 0.00331128
v 0.62036306 0.61205846 0.03875494
v -1.03814375 0.89881837 0.04214633
v -1.03766799 0.90189600 0.00495493
v -1.11105430 0.94867414 0.00876701
v -1.11150765 0.94574112 0.04421055
v 0.01047053 2.10630894 0.13306904
v 0.79388583 1.93855441 0.15162230
v 0.79436165 1.94163179 0.11443102
v 0.86772561 1.89470911 0.11236680
v 0.86727220 1.89177632 0.14781034
v -0.77906370 2.24161744 0.15657735
v -0.77858794 2.24469495 0.11938608
v -0.86414522 2.22839189 0.11782241
v -0.86459869 2.22545886 0.15326595
v -0.12214603 1.41857600 0.09821892
v -0.82974356 2.18740416 0.15236592
v 0.82076830 1.86939704 0.14716661
v -1.06504965 0.96782404 0.04843533
v 0.58546221 0.64981693 0.04323602
v 0.05248539 1.38832605 0.05780995
v -0.82924438 2.19063330 0.11334145
v 0.82126749 1.87262630 0.10814202
v -1.06455040 0.97105330 0.00941074
v 0.58596140 0.65304619 0.00421143
v -1.00632799 1.59094322 0.07741416
v 0.76263958 1.25011301 0.07184160
v 0.52321088 0.58768618 0.01441133
v 0.56113625 0.58629543 0.03555918
v 0.56158197 0.58917809 0.00072360
v 0.60333312 0.59535444 0.00259304
v 0.60290843 0.59260732 0.03579164
v -1.03051567 0.88704538 0.01930571
v -1.06611347 0.89982057 0.04068530
v -1.06566787 0.90270323 0.00584960
v -1.10212314 0.92394775 0.00796556
v -1.10254788 0.92120057 0.04116416
v 0.78681576 1.95393717 0.13084090
v 0.82188570 1.93774712 0.15072775
v 0.82233137 1.94062972 0.11589205
v 0.85876584 1.91924977 0.11541319
v 0.85834110 1.91650259 0.14861178
v -0.76691079 2.25329638 0.13573539
v -0.80536413 2.25127220 0.15585375
v -0.80491841 2.25415492 0.12101817
v -0.84669060 2.24784279 0.12078571
v -0.84711528 2.24509573 0.15398431
v 0.74208719 1.93785882 0.15154862
v -0.73123306 2.22172618 0.15618980
v -0.00592985 2.02092004 0.14947200
v -0.77341259 2.19837332 0.15412092
v 0.77255714 1.90050852 0.14925086
v 0.48695865 0.61554033 0.03886282
v -0.98636150 0.89940751 0.04350400
v -0.23836023 0.81624454 0.04681158
v -1.01684165 0.93669170 0.04660249
v 0.52912802 0.63882697 0.04173243
v 0.74257940 1.94104278 0.11307335
v -0.73074079 2.22491002 0.11771452
v 0.16802537 1.99078727 0.10921943
v -0.77291018 2.20162344 0.11484492
v 0.77305967 1.90375853 0.10997486
v 0.48745093 0.61872411 0.00038755
v -0.98586929 0.90259141 0.00502872
v -0.06440502 0.78611183 0.00655901
v -1.01633942 0.93994182 0.00732648
v 0.52963042 0.64207703 0.00245643
v -1.10880673 0.99032795 0.01162648
v -0.87753671 2.18898940 0.11377454
v -0.86518914 2.15747404 0.11043739
v -1.08559108 1.01514125 0.01308954
v -1.00272596 1.59142888 0.06355894
v -1.10927582 0.98729378 0.04829359
v -0.87800592 2.18595529 0.15044153
v -0.86568075 2.15429425 0.14886665
v -1.08608282 1.01196110 0.05151892
v -1.00317383 1.58853173 0.09856939
v 0.63422376 0.65449512 0.00613570
v 0.86549371 1.85315657 0.10828376
v 0.84230059 1.82848918 0.10505843
v 0.62189859 0.68615615 0.00771058
v 0.75939173 1.25191855 0.05800796
v 0.63375467 0.65146089 0.04280293
v 0.86502463 1.85012233 0.14495087
v 0.84180897 1.82530916 0.14348781
v 0.62140703 0.68297607 0.04613996
v 0.75894392 1.24902141 0.09301841
v 0.48373204 0.59433883 0.03525460
v 0.48417819 0.59722483 0.00037920
v -0.99126524 0.87852925 0.03990102
v -0.99081910 0.88141519 0.00502563
v 0.58912128 0.59648764 0.03764617
v -0.25232172 0.74390197 0.03947449
v 0.56440747 0.61189580 0.03951347
v 0.58958942 0.59951574 0.00105178
v -0.08856460 0.71553588 0.00158179
v 0.56489867 0.61507326 0.00111485
v 0.62437052 0.60976535 0.01714301
v 0.60892045 0.62803489 0.00305319
v 0.64261127 0.65202534 0.00776601
v 0.60843688 0.62490714 0.04085088
v 0.64218611 0.64927506 0.04100251
v -1.08829486 0.91967845 0.04293036
v -1.05961454 0.92479908 0.04462934
v -1.08782685 0.92270660 0.00633585
v -1.05912340 0.92797661 0.00623083
v -1.11621130 0.94512647 0.02262616
v -1.09516525 0.95636410 0.00842142
v -1.11750150 0.99114937 0.01331067
v -1.09564888 0.95323634 0.04621899
v -1.11792648 0.98839909 0.04654706
v 0.74703693 1.95903504 0.15155172
v 0.74748307 1.96192098 0.11667633
v -0.72796035 2.24322557 0.15619814
v -0.72751421 2.24611139 0.12132287
v 0.84404469 1.91774368 0.15024149
v 0.00806142 2.09345508 0.15448129
v 0.81534129 1.91247368 0.15034652
v 0.84451282 1.92077172 0.11364710
v 0.17181854 2.06508899 0.11658847
v 0.81583256 1.91565120 0.11194801
v 0.87252146 1.89592004 0.12674713
v 0.85186678 1.88721383 0.11035848
v 0.87414449 1.85205126 0.11003017
v 0.85138321 1.88408625 0.14815593
v 0.87371945 1.84930098 0.14326668
v -0.83337158 2.24093437 0.15552557
v -0.80868083 2.22537684 0.15546250
v -0.83290339 2.24396276 0.11893117
v -0.80818963 2.22855449 0.11706388
v -0.86806053 2.23128104 0.13223016
v -0.85221905 2.21554327 0.11572659
v -0.88596827 2.19117522 0.11557484
v -0.85270262 2.21241546 0.15352404
v -0.88639343 2.18842506 0.14881134
v -0.78568316 2.13950253 0.14928627
v 0.76204646 1.84129882 0.14441061
v -1.00633585 0.99586958 0.05182767
v 0.54139358 0.69766569 0.04695213
v -0.95154887 1.57840574 0.10051191
v 0.70726496 1.25879908 0.09528637
v -0.78517568 2.14278460 0.10962522
v 0.76255387 1.84458089 0.10474968
v -1.00582850 0.99915147 0.01216674
v 0.54190099 0.70094770 0.00729108
v -0.95104712 1.58165121 0.06129098
v 0.70776677 1.26204455 0.05606544
v 0.78718382 0.95300591 0.72503883
v 0.82591146 1.75972366 0.09738290
v 0.89520133 1.81328225 1.83740520
v 0.93392903 2.61999989 1.20974934
v 0.88898784 2.19820499 1.49830341
v 0.78604627 1.37835538 0.43821025
v 0.92420220 2.11185813 1.56166232
v 0.82126069 1.29200876 0.50156909
v 0.89612871 2.20857477 0.63752002
v 0.85875708 2.21145749 0.63891953
v 0.85549140 1.36207771 1.29612577
v 0.81811976 1.36496055 1.29752529
v 0.80589503 1.34933436 0.40213460
v 0.76643175 0.97773397 0.71240866
v 0.80361676 0.97486544 0.71101624
v 0.80341232 0.95639449 0.76711249
v 0.76797473 0.95912820 0.76843953
v 0.80315518 1.74270296 0.11723483
v 0.84034026 1.73983431 0.11584246
v 0.84384614 1.79865122 0.11180592
v 0.80840856 1.80138505 0.11313283
v 0.91567373 2.22363639 1.53263652
v 0.87390816 1.83370090 1.81920290
v 0.91109329 1.83083248 1.81781042
v 0.90583986 1.77215040 1.82191241
v 0.87040228 1.77488410 1.82323933
v 0.91063166 2.59867001 1.22402906
v 0.94781667 2.59580159 1.22263658
v 0.94627368 2.61440706 1.16660571
v 0.91083610 2.61714077 1.16793287
v 0.83719736 1.78830481 0.96826887
v 0.90568948 2.57832813 1.15860820
v 0.86715519 1.77563834 1.78313017
v 0.80807537 1.80090690 0.15337622
v 0.76954103 0.99821728 0.77789825
v 0.87298590 1.70055032 1.03266072
v 0.94470745 2.57531810 1.15714705
v 0.90617317 1.77262843 1.78166890
v 0.84709322 1.79789698 0.15191519
v 0.80855894 0.99520731 0.77643716
v 0.88143432 2.21663427 0.63271391
v 0.84013444 1.35633624 1.30205727
v 0.78752494 0.97325134 0.69829023
v 0.76662922 0.96168137 0.71907169
v 0.80145901 0.95899445 0.71776742
v 0.80083048 0.94882369 0.74395055
v 0.76763755 0.95138413 0.74519354
v 0.82379955 1.72887158 0.11038995
v 0.80462044 1.75305808 0.10335159
v 0.83945018 1.75037122 0.10204720
v 0.84064758 1.77823424 0.09863865
v 0.80745453 1.78079486 0.09988165
v 0.89687842 1.84416783 1.82441449
v 0.87479824 1.82316399 1.83299804
v 0.90962809 1.82047725 1.83169365
v 0.90679389 1.79274046 1.83516359
v 0.87360090 1.79530108 1.83640647
v 0.93315315 2.59978795 1.23651433
v 0.91278952 2.61454082 1.21727777
v 0.94761920 2.61185408 1.21597362
v 0.94661099 2.62215114 1.18985176
v 0.91341799 2.62471151 1.19109476
v 0.87360984 1.85144913 1.79193771
v 0.90800726 2.56796551 1.23446167
v 0.88548511 2.17225885 1.46473944
v 0.90602827 2.56633568 1.19574213
v 0.86993480 1.81448770 1.78070736
v 0.76777256 1.00853729 0.70202416
v 0.80216992 1.72505367 0.14454806
v 0.78906393 1.40433872 0.47179258
v 0.80504441 1.76207685 0.15580845
v 0.76895082 1.01022899 0.74077368
v 0.91207850 1.84848154 1.79049730
v 0.94647592 2.56499791 1.23302114
v 0.92113507 2.08484435 1.52888179
v 0.94529772 2.56330657 1.19427156
v 0.90920407 1.81145847 1.77923679
v 0.80624121 1.00556970 0.70058364
v 0.84063864 1.72208619 0.14310753
v 0.82471389 1.31692410 0.53593498
v 0.84431374 1.75904763 0.15433788
v 0.80822015 1.00719965 0.73930317
v 0.84783196 1.82715237 0.14307666
v 0.94377172 2.59123898 1.13106644
v 0.94198364 2.56457543 1.11454332
v 0.85055226 1.83639538 0.17298186
v 0.89519644 2.21390080 0.63349152
v 0.81117100 1.82998037 0.14444947
v 0.90711081 2.59406710 1.13243926
v 0.90356070 2.56753945 1.11598206
v 0.81212938 1.83935940 0.17442071
v 0.86019194 2.21660137 0.63480228
v 0.80713767 0.97946835 0.80260593
v 0.90307742 1.74355495 1.79059577
v 0.90211910 1.73417592 1.76062453
v 0.81068772 1.00599587 0.81906319
v 0.85405654 1.35693407 1.30024302
v 0.77047670 0.98229641 0.80397880
v 0.86641651 1.74638295 1.79196858
v 0.86369622 1.73713994 1.76206338
v 0.77226484 1.00895989 0.82050204
v 0.81905204 1.35963452 1.30155385
v 0.76785678 0.99448383 0.68480939
v 0.80272609 0.99179399 0.68350357
v 0.80229330 1.71181595 0.12669873
v 0.83716261 1.70912600 0.12539303
v 0.76637280 0.95917469 0.74103981
v 0.78442967 1.35807288 0.41204166
v 0.76692176 0.97881830 0.73949391
v 0.80296099 0.95635223 0.73966974
v 0.81798965 1.27578294 0.47242385
v 0.80531371 0.97585678 0.73805624
v 0.78893566 0.95331365 0.76663643
v 0.80573553 0.96960616 0.77027625
v 0.80516857 0.97501200 0.80533975
v 0.76794428 0.97252148 0.77169132
v 0.77193779 0.97757554 0.80658406
v 0.80553520 1.77494860 0.10633790
v 0.80483758 1.76862550 0.12499511
v 0.84212345 1.77212608 0.10496771
v 0.84322953 1.76566374 0.12355757
v 0.82957286 1.79980683 0.10803366
v 0.84552056 1.79835033 0.12548280
v 0.84626168 1.83100355 0.13934696
v 0.80772936 1.80126560 0.12689805
v 0.81303090 1.83356714 0.14059126
v 0.87708580 1.86440933 1.80965233
v 0.91195518 1.86171937 1.80834651
v 0.91152239 2.58174133 1.25154173
v 0.94639182 2.57905149 1.25023592
v 0.87212503 1.80140924 1.83007765
v 0.89244670 2.21834540 1.52440298
v 0.87101895 1.80787158 1.81148779
v 0.90871322 1.79858673 1.82870746
v 0.92600673 2.13605547 1.58478522
v 0.90941083 1.80490994 1.81005013
v 0.89187843 1.77317274 1.82674193
v 0.90651906 1.77226973 1.80814719
v 0.90121752 1.73996830 1.79445398
v 0.86872798 1.77518499 1.80956244
v 0.86798674 1.74253178 1.79569840
v 0.91128749 2.61718321 1.19537556
v 0.90893471 2.59767866 1.19698894
v 0.94787562 2.61436057 1.19400537
v 0.94732666 2.59471703 1.19555140
v 0.93251556 2.61966610 1.16813910
v 0.94630420 2.60101390 1.16335392
v 0.94231075 2.59595990 1.12846124
v 0.90851295 2.60392928 1.16476893
v 0.90907991 2.59852338 1.12970555
v 0.90113211 2.52915335 1.14676607
v 0.86499751 1.77644956 1.73239720
v 0.80959678 1.80014455 0.20413303
v 0.77346206 1.04744089 0.78976417
v 0.85688120 2.19164371 0.65442520
v 0.81815302 1.38491654 1.28208852
v 0.94078636 2.52609444 1.14528108
v 0.90465170 1.77339065 1.73091221
v 0.84925091 1.79708576 0.20264816
v 0.81311631 1.04438198 0.78827924
v 0.89609540 2.18861866 0.65295678
v 0.85736734 1.38189149 1.28062010
v 0.89201677 1.67002273 2.04744411
v 0.93338180 2.69244838 1.04586768
v 0.94440746 2.12343073 2.51245427
v 0.98577243 3.14585638 1.51087785
v 0.94081968 2.62576747 2.00160265
v 0.89089090 2.19366646 1.55844474
v 0.97576165 2.51714110 2.10358191
v 0.92583293 2.08504009 1.66042387
v 0.97585064 2.94318366 1.25310767
v 0.93847901 2.94606638 1.25450718
v 0.93244594 1.87034214 2.30407190
v 0.89507431 1.87322485 2.30547142
v 0.91250014 2.17752194 1.54285669
v 0.87119371 1.69931340 2.02351713
v 0.90837866 1.69644475 2.02212453
v 0.90674788 1.65813208 2.08100319
v 0.87131035 1.66086555 2.08233023
v 0.91041791 2.66882706 1.07377374
v 0.94760299 2.66595864 1.07238114
v 0.94993514 2.72559953 1.03530359
v 0.91449755 2.72833300 1.03663075
v 0.96574509 2.63832211 2.01544809
v 0.92332196 2.15044999 2.48619771
v 0.96050698 2.14758158 2.48480511
v 0.95642745 2.08807540 2.52194834
v 0.92098981 2.09080911 2.52327538
v 0.96254623 3.11996388 1.53645444
v 0.99973118 3.11709523 1.53506196
v 0.99961448 3.15554309 1.47624874
v 0.96417701 3.15827656 1.47757578
v 0.91553563 2.40974140 1.78003573
v 0.96020514 3.12323928 1.49184442
v 0.91904670 2.10591865 2.48841953
v 0.91286021 2.71349978 1.07162058
v 0.87170184 1.69617939 2.06819582
v 0.95104730 2.29934454 1.88367748
v 0.99922311 3.12022924 1.49038327
v 0.95806473 2.10290885 2.48695850
v 0.95187819 2.71048999 1.07015944
v 0.91071987 1.69316947 2.06673479
v 0.96117872 2.95308852 1.24510312
v 0.91706651 1.86275566 2.31320167
v 0.89278543 1.69961584 2.01285648
v 0.87152630 1.68103456 2.03837538
v 0.90635610 1.67834759 2.03707123
v 0.90509748 1.65893781 2.06545973
v 0.87190455 1.66149855 2.06670284
v 0.93153030 2.65728092 1.07472014
v 0.91210461 2.68401718 1.05584574
v 0.94693434 2.68133044 1.05454135
v 0.94762599 2.71012449 1.03570902
v 0.91443300 2.71268511 1.03695202
v 0.94582427 2.15863156 2.48361826
v 0.92399055 2.13507819 2.50403762
v 0.95882028 2.13239145 2.50273323
v 0.95649189 2.10372353 2.52162695
v 0.92329895 2.10628414 2.52287006
v 0.98456913 3.11629677 1.54548156
v 0.96456879 3.13806105 1.52150786
v 0.99939859 3.13537407 1.52020359
v 0.99902046 3.15491009 1.49187636
v 0.96582741 3.15747070 1.49311912
v 0.92352486 2.17776346 2.45261550
v 0.96026462 3.08586884 1.56302810
v 0.93899584 2.61210155 1.98757696
v 0.95959306 3.09810305 1.53066361
v 0.92104161 2.14521885 2.46411657
v 0.87219167 1.73350728 1.99699152
v 0.90893137 2.64161277 1.10740423
v 0.89222968 2.20736980 1.57248867
v 0.91061383 2.67421913 1.09593296
v 0.87206244 1.72133493 2.02938604
v 0.96199352 2.17479587 2.45117474
v 0.99873322 3.08290124 1.56158757
v 0.97437006 2.50213170 2.09081745
v 0.99886239 3.09507370 1.52919304
v 0.96031117 2.14218950 2.46264601
v 0.91066027 1.73053968 1.99555087
v 0.94740009 2.63864517 1.10596359
v 0.92760390 2.09739995 1.67572916
v 0.94988328 2.67119002 1.09446239
v 0.91133183 1.71830559 2.02791548
v 0.95225930 2.74260759 1.04587603
v 0.99879205 3.14531898 1.45889211
v 0.99813646 3.12483549 1.45988464
v 0.95379043 2.74104881 1.06627738
v 0.97493541 2.94990945 1.24665272
v 0.91559839 2.74543571 1.04724896
v 0.96213114 3.14814711 1.46026504
v 0.95971364 3.12779951 1.46132350
v 0.91536754 2.74401283 1.06771612
v 0.93993098 2.95261002 1.24796355
v 0.90879375 1.66826165 2.09831381
v 0.95532662 2.07097292 2.51133013
v 0.95555729 2.07239580 2.49086285
v 0.91121119 1.68860900 2.09725547
v 0.93099397 1.86379874 2.31061530
v 0.87213284 1.67108977 2.09968686
v 0.91866565 2.07380080 2.51270294
v 0.91713446 2.07535982 2.49230170
v 0.87278837 1.69157314 2.09869432
v 0.89598948 1.86649907 2.31192636
v 0.87314779 1.72573292 1.99012947
v 0.90801716 1.72304296 1.98882365
v 0.90992939 2.63487196 1.09952950
v 0.94479877 2.63218236 1.09822369
v 0.87060767 1.67071426 2.05875564
v 0.89058119 2.18294287 1.54748523
v 0.87077296 1.69071269 2.04623246
v 0.90719593 1.66789186 2.05738568
v 0.92388159 2.07942009 1.64467311
v 0.90916485 1.68775094 2.04479480
v 0.89239705 1.65545499 2.08305287
v 0.90866977 1.67005408 2.07610941
v 0.90683919 1.66290045 2.10330009
v 0.87087864 1.67296946 2.07752442
v 0.87360847 1.66546381 2.10454464
v 0.91243702 2.70461774 1.04593563
v 0.91127074 2.69170570 1.06565154
v 0.94902521 2.70179534 1.04456544
v 0.94966269 2.68874431 1.06421375
v 0.93580145 2.72829175 1.03209341
v 0.95116413 2.72039604 1.04718614
v 0.95073068 2.74777508 1.04054821
v 0.91337299 2.72331119 1.04860139
v 0.91749996 2.75033879 1.04179263
v 0.92612618 2.18422651 2.46035528
v 0.96099555 2.18153644 2.45904946
v 0.96290779 3.09336543 1.56975532
v 0.99777710 3.09067559 1.56844962
v 0.92189968 2.11461329 2.51401353
v 0.94297165 2.63634872 2.01249313
v 0.92126215 2.12766433 2.49436522
v 0.95848799 2.11179090 2.51264334
v 0.97627217 2.53282595 2.10968113
v 0.95965409 2.12470269 2.49292755
v 0.94232631 2.08756113 2.52621603
v 0.95755184 2.09309721 2.50997782
v 0.95342499 2.06606984 2.51678634
v 0.91976070 2.09601259 2.51139283
v 0.92019421 2.06863332 2.51803064
v 0.96372896 3.14851689 1.50119340
v 0.96175998 3.12865758 1.51378429
v 1.00031722 3.14569426 1.49982333
v 1.00015199 3.12569594 1.51234663
v 0.98573077 3.16039777 1.47525632
v 1.00004637 3.14343905 1.48105454
v 0.99731648 3.15094471 1.45403445
v 0.96225518 3.14635444 1.48246968
v 0.96408570 3.15350819 1.45527887
v 0.95713127 3.07883000 1.50980186
v 0.91853589 2.12486100 2.44431734
v 0.91273475 2.69460654 1.11574662
v 0.87413937 1.74063754 2.05026221
v 0.93653804 2.92093563 1.27922976
v 0.89517260 1.89849806 2.28081775
v 0.99678558 3.07577109 1.50831676
v 0.95819020 2.12180209 2.44283247
v 0.95238894 2.69154739 1.11426163
v 0.91379368 1.73757851 2.04877710
v 0.97575223 2.91791058 1.27776122
v 0.93438685 1.89547300 2.27934933
v 0.95722705 2.83286405 1.39339173
v 1.10870326 4.36719513 2.27764487
v 0.94909632 2.16003585 2.56225681
v 1.10057271 3.69436669 3.44650984
v 1.00198615 2.94478774 2.97778201
v 1.00973475 3.58599782 1.86384535
v 1.02555525 2.78328967 2.88498354
v 1.03330398 3.42449975 1.77104688
v 1.12362623 4.06743288 2.88330746
v 1.08625460 4.07031584 2.88470721
v 0.96468067 2.45744443 1.95545173
v 0.92730904 2.46032715 1.95685124
v 1.03325951 3.60549664 1.82598138
v 0.93910158 2.87257981 1.42002475
v 0.97628665 2.86971116 1.41863227
v 0.96796674 2.78055549 1.40362465
v 0.93252915 2.78328919 1.40495169
v 1.08273876 4.32750702 2.25851655
v 1.11992383 4.32463837 2.25712395
v 1.12611628 4.38247919 2.32683253
v 1.09067869 4.38521290 2.32815933
v 1.02499616 2.92169881 3.01390314
v 0.93101156 2.20312190 2.58303475
v 0.96819663 2.20025349 2.58164215
v 0.96025676 2.14254713 2.51199913
v 0.92481917 2.14528084 2.51332617
v 1.07464874 3.65804887 3.42152643
v 1.11183381 3.65518022 3.42013407
v 1.11840606 3.74447083 3.43520689
v 1.08296847 3.74720478 3.43653393
v 1.00554073 3.26541734 2.42082548
v 1.07764482 3.72470641 3.38887358
v 0.92692482 2.19803691 2.50903559
v 1.08499241 4.33273315 2.33258438
v 0.93427247 2.80606341 1.45274663
v 1.02949417 3.10128617 2.32651424
v 1.11666274 3.72169662 3.38741207
v 0.96594286 2.19502711 2.50757456
v 1.12401044 4.32972288 2.33112335
v 0.97329050 2.80305386 1.45128536
v 1.10989630 4.08171654 2.89143372
v 0.94835931 2.44547915 1.94845080
v 0.96185726 2.88563395 1.41417575
v 0.93782604 2.84953284 1.40176070
v 0.97265559 2.84684610 1.40045631
v 0.96818358 2.80387068 1.39157569
v 0.93499058 2.80643129 1.39281869
v 1.10373902 4.32278013 2.24242043
v 1.08642173 4.35468578 2.26919842
v 1.12125146 4.35199881 2.26789379
v 1.12392092 4.38136196 2.30070305
v 1.09072793 4.38392258 2.30194592
v 0.95362586 2.20448399 2.59749770
v 0.92968380 2.17576122 2.57226467
v 0.96451354 2.17307448 2.57096052
v 0.96020734 2.14383721 2.53821301
v 0.92701441 2.14639807 2.53945613
v 1.09550774 3.64163017 3.42574215
v 1.07827961 3.68091416 3.43970251
v 1.11310935 3.67822742 3.43839836
v 1.11594462 3.72132874 3.44734001
v 1.08275175 3.72388935 3.44858313
v 0.93498027 2.25435352 2.60074425
v 1.06951964 3.61712670 3.38612700
v 1.00198901 2.96511340 2.94251299
v 1.07261908 3.66587234 3.37924671
v 0.93144554 2.23590088 2.55513668
v 0.94294697 2.91360116 1.45547259
v 1.07748640 4.27637386 2.24085498
v 1.00924683 3.56570935 1.89913297
v 1.08022034 4.29488850 2.28649259
v 0.93904686 2.86491728 1.46238315
v 0.97344899 2.25138617 2.59930372
v 1.10798824 3.61415911 3.38468599
v 1.02584970 2.80161786 2.84856653
v 1.11188841 3.66284299 3.37777567
v 0.97071493 2.23287153 2.55366611
v 0.98141563 2.91063356 1.45403183
v 1.11595500 4.27340651 2.23941422
v 1.03310764 3.40221357 1.80518663
v 1.11948991 4.29185963 2.28502202
v 0.97831619 2.86188793 1.46091247
v 1.12699318 4.36738825 2.36488557
v 1.11977148 3.76979041 3.40305710
v 1.11919951 3.76732683 3.36915779
v 1.12608171 4.33684158 2.37977314
v 1.12342548 4.07748032 2.88908982
v 1.09033239 4.37021589 2.36625862
v 1.08311057 3.77261853 3.40442991
v 1.08077657 3.77029085 3.37059641
v 1.08765876 4.33980560 2.38121200
v 1.08842123 4.08018112 2.89040041
v 0.96782476 2.75514174 1.43572891
v 0.96060294 2.15754414 2.47390032
v 0.96327645 2.18795466 2.45894670
v 0.97015870 2.75746942 1.46956205
v 0.96251410 2.44757915 1.94975817
v 0.93116379 2.75796986 1.43710184
v 0.92394209 2.16037202 2.47527313
v 0.92485350 2.19091868 2.46038556
v 0.93173587 2.76043344 1.47100091
v 0.92750961 2.45027971 1.95106912
v 0.94479769 2.92325044 1.43660629
v 0.97966707 2.92056036 1.43530059
v 1.07949018 4.28757477 2.22288275
v 1.11435950 4.28488493 2.22157717
v 0.93456531 2.81887269 1.40149879
v 1.01084709 3.60173416 1.83634925
v 0.93603897 2.83848143 1.42471874
v 0.97115338 2.81605005 1.40012860
v 1.03330898 3.44782376 1.74791074
v 0.97443104 2.83551955 1.42328119
v 0.95347106 2.77922058 1.39904392
v 0.97035027 2.78819513 1.41988039
v 0.96533382 2.74771380 1.43064928
v 0.93255907 2.79111028 1.42129564
v 0.93210304 2.75027728 1.43189383
v 1.08774209 4.37042761 2.29567862
v 1.08433998 4.34064913 2.29043579
v 1.12433040 4.36760521 2.29430819
v 1.12273204 4.33768702 2.28899813
v 1.11241579 4.38920164 2.32689548
v 1.12596250 4.36441851 2.32827711
v 1.12606215 4.37576056 2.36891222
v 1.08817136 4.36733389 2.32969236
v 1.09283149 4.37832403 2.37015629
v 0.93657571 2.24287534 2.61858177
v 0.97144520 2.24018550 2.61727619
v 1.07126820 3.60719967 3.40485811
v 1.10613751 3.60450983 3.40355253
v 0.92660499 2.16015482 2.54585028
v 1.00271630 2.92890882 3.00520897
v 0.92820334 2.19007301 2.55116081
v 0.96319312 2.15733242 2.54448032
v 1.02517807 2.77499819 2.91677046
v 0.96659535 2.18711114 2.54972315
v 0.94572222 2.13800263 2.51299357
v 0.96276397 2.16042614 2.51046658
v 0.95810390 2.14943600 2.47000217
v 0.92497283 2.16334128 2.51188183
v 0.92487311 2.15199971 2.47124672
v 1.07978177 3.71170998 3.44003010
v 1.07650435 3.69224048 3.41687775
v 1.11637008 3.70888758 3.43866014
v 1.11489630 3.68927884 3.41543961
v 1.10466707 3.74798417 3.44084501
v 1.11837614 3.73664975 3.41886282
v 1.11883235 3.77748275 3.40826511
v 1.08058500 3.73956513 3.42027855
v 1.08560145 3.78004646 3.40950966
v 1.07286263 3.69612765 3.32860136
v 0.93152839 2.26452851 2.50355339
v 1.07975268 4.26629066 2.33809042
v 0.93841851 2.83469152 1.51304269
v 1.08159959 4.03256702 2.86294532
v 0.93012148 2.49821830 1.97868192
v 1.11251664 3.69306850 3.32711601
v 0.97118253 2.26146960 2.50206852
v 1.11940694 4.26323175 2.33660555
v 0.97807270 2.83163238 1.51155770
v 1.12081385 4.02954197 2.86147666
v 0.96933573 2.49519348 1.97721338
v -0.91724998 3.12107968 3.65674591
v -0.80219269 4.27015305 3.07290745
v -1.00391173 2.66961408 2.75112247
v -0.88885450 3.81868768 2.16728354
v -0.92139924 3.25203514 2.47964382
v -0.83880985 3.68228483 3.34270954
v -0.97234112 3.13798904 2.54137206
v -0.88975179 3.56823874 3.40443802
v -0.85787970 4.07455397 2.60625577
v -0.82065690 4.07013607 2.60489607
v -0.97861046 2.86881948 3.21888375
v -0.94138765 2.86440158 3.21752405
v -0.85924190 3.69932365 3.37221718
v -0.89255279 3.14707828 3.63856936
v -0.92958981 3.15147400 3.63992167
v -0.93625647 3.08577585 3.64669228
v -0.90095997 3.08158660 3.64540291
v -0.78344995 4.23668575 3.08494496
v -0.82048690 4.24108124 3.08629751
v -0.81613046 4.28547049 3.03713322
v -0.78083396 4.28128147 3.03584385
v -0.94731659 3.24049759 2.45182896
v -0.97878045 2.69787431 2.73748231
v -1.01581752 2.70227003 2.73883510
v -1.01843333 2.65767431 2.78793597
v -0.98313689 2.65348506 2.78664684
v -0.86967754 3.78748178 2.18385792
v -0.90671456 3.79187751 2.18521070
v -0.89830738 3.85736918 2.17837691
v -0.86301088 3.85317993 2.17708778
v -0.87978607 3.46712232 2.91116476
v -0.86211854 3.83484769 2.21151781
v -0.97660130 2.69151163 2.79244161
v -0.78380340 4.24283171 3.02991915
v -0.89828616 3.09949541 3.61084270
v -0.93155867 3.35121679 2.97389984
v -0.90098119 3.83946037 2.21293736
v -1.01546395 2.69612408 2.79386091
v -0.82266605 4.24744415 3.03133821
v -0.93714881 3.10410786 3.61226177
v -0.84192973 4.08260679 2.60071516
v -0.96462882 2.85721421 3.22333097
v -0.91285366 3.16023684 3.64384842
v -0.89533114 3.12985730 3.65107107
v -0.93002218 3.13397479 3.65233850
v -0.93280417 3.10218143 3.65682602
v -0.89974332 3.09825754 3.65561819
v -0.80508405 4.23652840 3.09699011
v -0.78246188 4.25707960 3.07833481
v -0.81715298 4.26119661 3.07960224
v -0.81451029 4.28357840 3.05656338
v -0.78144950 4.27965450 3.05535603
v -1.00058722 2.70318770 2.72702384
v -0.98211443 2.67775893 2.74417782
v -1.01680553 2.68187642 2.74544501
v -1.01781797 2.65930104 2.76842403
v -0.98475707 2.65537715 2.76721644
v -0.89281768 3.77947879 2.18016553
v -0.86924517 3.80498099 2.17144156
v -0.90393627 3.80909824 2.17270875
v -0.89952409 3.84069824 2.16816187
v -0.86646318 3.83677435 2.16695404
v -0.97402841 2.73573136 2.72679734
v -0.87183595 3.75632381 2.20823932
v -0.91854197 3.26563263 2.50696826
v -0.86697072 3.79158187 2.21578503
v -0.97420222 2.72066355 2.75991344
v -0.88911587 3.17808414 3.61414146
v -0.78692347 4.19867706 3.09558320
v -0.84118390 3.66863012 3.31536770
v -0.78595203 4.21364975 3.06243801
v -0.89318353 3.14273167 3.60656643
v -1.01234388 2.74027872 2.72819686
v -0.91015148 3.76087165 2.20963860
v -0.97011411 3.15017581 2.56945992
v -0.90608382 3.79622412 2.21721363
v -1.01331532 2.72530603 2.76134181
v -0.92743140 3.18263173 3.61554098
v -0.82523900 4.20322418 3.09698248
v -0.89275593 3.55317354 3.37785912
v -0.82506514 4.21829224 3.06386662
v -0.93229669 3.14737368 3.60799503
v -0.81895512 4.27585030 3.00799465
v -0.89592713 3.87486434 2.20363164
v -0.89622861 3.87208056 2.22881794
v -0.82287383 4.25422287 2.99538207
v -0.85595423 4.08187056 2.60242414
v -0.78244019 4.27151632 3.00666142
v -0.85941213 3.87053061 2.20229793
v -0.85795861 3.86753845 2.22741985
v -0.78460395 4.24968100 2.99398422
v -0.82108909 4.07773256 2.60115099
v -0.93985522 3.06842518 3.62148190
v -1.01682711 2.66743922 2.81711864
v -1.01466346 2.68927479 2.82979560
v -0.94130874 3.07141733 3.59635973
v -0.97817826 2.86122322 3.22262931
v -0.90334022 3.06409121 3.62014818
v -0.98031223 2.66310525 2.81578517
v -0.97639352 2.68473268 2.82839775
v -0.90303874 3.06687522 3.59496212
v -0.94331312 2.85708499 3.22135568
v -0.88960582 3.18480420 3.62872028
v -0.92433643 3.18892646 3.62998915
v -0.78729713 4.20655870 3.10957217
v -0.82202768 4.21068096 3.11084056
v -0.89716470 3.10732746 3.64973593
v -0.83769131 3.69300056 3.36401987
v -0.89507860 3.12225533 3.63336897
v -0.93360728 3.11165261 3.65106726
v -0.88623995 3.58431268 3.42284822
v -0.93331772 3.12679410 3.63476562
v -0.92229074 3.08216643 3.64987135
v -0.93712437 3.09210300 3.63495398
v -0.93869561 3.06253386 3.62488365
v -0.89948368 3.08763552 3.63357925
v -0.90559721 3.05860567 3.62367487
v -0.78081578 4.26930046 3.05934334
v -0.78243315 4.24724150 3.06176877
v -0.81725842 4.27362585 3.06067419
v -0.82067233 4.25178051 3.06316566
v -0.80156046 4.28789568 3.03724623
v -0.81892568 4.27255106 3.03517437
v -0.81661075 4.28179264 3.00538397
v -0.78128493 4.26808310 3.03379965
v -0.78351223 4.27786398 3.00417542
v -0.97723961 2.72827506 2.71293926
v -1.01197028 2.73239708 2.71420765
v -0.87493092 3.75002933 2.19379091
v -0.90966153 3.75415134 2.19505930
v -0.98200893 2.66532993 2.76310587
v -0.92435277 3.24153709 2.45840025
v -0.97859502 2.68717551 2.76061440
v -1.01845157 2.66965508 2.76443672
v -0.97290128 3.13284922 2.51722860
v -1.01683426 2.69171405 2.76201105
v -1.00488091 2.65191174 2.78679562
v -1.01798248 2.67087245 2.78998041
v -1.01575506 2.66109157 2.81960440
v -0.98034167 2.66640496 2.78860545
v -0.98265660 2.65716314 2.81839585
v -0.86566013 3.82730293 2.17271256
v -0.86594963 3.81216168 2.18901443
v -0.90210265 3.83162832 2.17404366
v -0.90418881 3.81670022 2.19041109
v -0.88415080 3.85764074 2.17417026
v -0.89978367 3.85132027 2.19020057
v -0.89367020 3.88035011 2.20010519
v -0.86214292 3.84685254 2.18882561
v -0.86057180 3.87642169 2.19889641
v -0.86292785 3.81191373 2.25507641
v -0.97028136 2.73977661 2.79982424
v -0.78948957 4.19449139 3.02251291
v -0.89684319 3.12235403 3.56726074
v -0.82257533 4.04170322 2.61925411
v -0.93763393 2.89261651 3.20309973
v -0.90242416 3.81660151 2.25651908
v -1.00977778 2.74446440 2.80126691
v -0.82898599 4.19917917 3.02395582
v -0.93633950 3.12704182 3.56870365
v -0.86163342 4.04633904 2.62068057
v -0.97669202 2.89725232 3.20452595
v -0.31755421 4.57750082 1.90906358
v -0.59524691 2.21821642 0.22698593
v -0.41616476 4.06479263 2.64446878
v -0.69385755 1.70550764 0.96239138
v -0.52981496 2.89393687 1.78694594
v -0.43583837 3.38255215 1.08609915
v -0.54007524 3.14316368 1.95932543
v -0.44609866 3.63177896 1.25847876
v -0.66654634 1.90585208 0.55269045
v -0.62943459 1.90056419 0.55398029
v -0.37516052 4.38147354 2.31771159
v -0.33804876 4.37618542 2.31900120
v -0.45582309 3.40207052 1.06202197
v -0.30311513 4.51205301 1.86814046
v -0.34004158 4.51731396 1.86685717
v -0.32817638 4.61822367 1.96465063
v -0.29298520 4.61320972 1.96587372
v -0.56643683 2.27486420 0.27311277
v -0.60336328 2.28012538 0.27182937
v -0.61810261 2.15500331 0.20847094
v -0.58291137 2.14998937 0.20969391
v -0.55604136 2.88100266 1.80941725
v -0.40123174 4.00191212 2.59986258
v -0.43815818 4.00717354 2.59857893
v -0.42168370 4.13204813 2.66199780
v -0.38649252 4.12703419 2.66322064
v -0.66455352 1.76472366 1.00483453
v -0.70148003 1.76998496 1.00355113
v -0.71160990 1.66882801 0.90581810
v -0.67641872 1.66381383 0.90704119
v -0.48250923 3.13819933 1.43653357
v -0.66563386 1.73284185 0.93196821
v -0.38932768 4.08034658 2.60564709
v -0.57652068 2.19617057 0.26739132
v -0.30021450 4.54367495 1.94107020
v -0.49293682 3.39148927 1.61172366
v -0.70438057 1.73836255 0.93062162
v -0.42807442 4.08586693 2.60430050
v -0.61526740 2.20169115 0.26604474
v -0.33896118 4.54919577 1.93972325
v -0.65400046 1.88354528 0.53882092
v -0.35786402 4.39952803 2.33261824
v -0.32552299 4.50592232 1.85125184
v -0.29942334 4.55247831 1.89327371
v -0.33401093 4.55740643 1.89207149
v -0.32765883 4.60767269 1.93926001
v -0.29469663 4.60297585 1.94040549
v -0.58562672 2.29607487 0.27571690
v -0.57183528 2.23805904 0.24318337
v -0.60642290 2.24298716 0.24198127
v -0.61316311 2.18202066 0.20986533
v -0.58020085 2.17732430 0.21101093
v -0.42535329 3.98687243 2.59575295
v -0.39817223 4.03905058 2.62971044
v -0.43275973 4.04397869 2.62850809
v -0.42439419 4.10471344 2.66068077
v -0.39143199 4.10001659 2.66182661
v -0.68545699 1.77702475 1.02021813
v -0.67058420 1.72463119 0.97962022
v -0.70517176 1.72955930 0.97841811
v -0.70989841 1.67906177 0.93128610
v -0.67693627 1.67436528 0.93243164
v -0.40818539 3.93486071 2.54379034
v -0.65482855 1.83937395 1.04979038
v -0.52659792 2.90937710 1.76475847
v -0.65829670 1.79917121 0.99644834
v -0.39949152 3.99798679 2.56411791
v -0.31156525 4.43722105 1.82322884
v -0.55820841 2.34173393 0.32922900
v -0.43857378 3.36704350 1.10830343
v -0.56610721 2.27849460 0.30892932
v -0.30730203 4.47730970 1.87659883
v -0.44638661 3.94030356 2.54246283
v -0.69302976 1.84481680 1.04846275
v -0.53698510 3.16168618 1.93927014
v -0.69729298 1.80472755 0.99509299
v -0.43848789 4.00354290 2.56276226
v -0.34976649 4.44266367 1.82190132
v -0.59640962 2.34717679 0.32790124
v -0.44896099 3.61935258 1.28281498
v -0.60510361 2.28405094 0.30757403
v -0.34629840 4.48286629 1.87524343
v -0.62260544 2.13175678 0.22487617
v -0.71019006 1.67637515 0.87805408
v -0.70603210 1.71247435 0.88069624
v -0.62256330 2.14645624 0.25821304
v -0.66717297 1.89037502 0.54181617
v -0.58619940 2.12656951 0.22614145
v -0.67378408 1.67118788 0.87931937
v -0.66787636 1.70703804 0.88202238
v -0.58440751 2.14101982 0.25953901
v -0.63241184 1.88542223 0.54302436
v -0.33081099 4.61084986 1.99237227
v -0.41839570 4.15546799 2.64555025
v -0.42018753 4.14101791 2.61215258
v -0.33671868 4.57499981 1.98966944
v -0.37218320 4.39661551 2.32866716
v -0.29440495 4.60566235 1.99363780
v -0.38198966 4.15028095 2.64681578
v -0.38203174 4.13558149 2.61347866
v -0.29856294 4.56956339 1.99099541
v -0.33742210 4.39166260 2.32987547
v -0.31166381 4.44671774 1.81247091
v -0.34629074 4.45165157 1.81126750
v -0.55858773 2.34884548 0.31677026
v -0.59321469 2.35377932 0.31556678
v -0.29545432 4.58229351 1.92696667
v -0.43443638 3.39472818 1.06878960
v -0.29978341 4.54026699 1.90555990
v -0.33178812 4.58747005 1.92570376
v -0.44421461 3.63224554 1.23307061
v -0.33790845 4.54569960 1.90423489
v -0.31319278 4.62364388 1.96780062
v -0.33242103 4.59472942 1.95611846
v -0.32762820 4.62301397 2.00072074
v -0.29489261 4.58938265 1.95742273
v -0.29462847 4.61831188 2.00186777
v -0.57626444 2.19652343 0.22600555
v -0.57165509 2.23043847 0.25874245
v -0.61259824 2.20170021 0.22474277
v -0.60978013 2.23587084 0.25741732
v -0.60457730 2.14803362 0.20278752
v -0.61769581 2.17102742 0.22811377
v -0.62228221 2.11962533 0.21590269
v -0.58016741 2.16568041 0.22941804
v -0.58928257 2.11492348 0.21704972
v -0.41138041 3.92825842 2.55612493
v -0.44600734 3.93319201 2.55492163
v -0.65830439 1.83038616 1.06042433
v -0.69293123 1.83531976 1.05922091
v -0.39199683 4.08033752 2.64694881
v -0.53304654 2.88202167 1.80419195
v -0.39481500 4.04616690 2.61427426
v -0.42833060 4.08551407 2.64568615
v -0.54282475 3.11953926 1.96847284
v -0.43294004 4.05159903 2.61294937
v -0.40717047 4.13502312 2.66865540
v -0.42442766 4.11635733 2.64227366
v -0.41531256 4.16711426 2.65464211
v -0.38689923 4.11101007 2.64357805
v -0.38231286 4.16241217 2.65578890
v -0.67280698 1.69456720 0.94598794
v -0.66668665 1.73633838 0.96745688
v -0.70914078 1.69974399 0.94472528
v -0.70481163 1.74177039 0.96613193
v -0.69855505 1.65941286 0.90364242
v -0.70970249 1.69265497 0.91426903
v -0.70996666 1.66372561 0.86982399
v -0.67217410 1.68730783 0.91557336
v -0.67696691 1.65902376 0.87097096
v -0.65394008 1.82031643 0.96339917
v -0.39484027 4.02163458 2.53285289
v -0.57037628 2.25479221 0.34020740
v -0.31127647 4.45611048 1.90966129
v -0.62167472 1.95858848 0.59547389
v -0.34397876 4.31790066 2.27757120
v -0.69331861 1.82592702 0.96203053
v -0.43421879 4.02724552 2.53148460
v -0.60975480 2.26040268 0.33883876
v -0.35065502 4.46172094 1.90829277
v -0.66061634 1.96413684 0.59412056
v -0.38292032 4.32344913 2.27621794
v -0.53082377 2.09322476 0.25890231
v 0.72926170 1.95781255 0.27463603
v -0.52740830 2.11017227 0.13122094
v 0.73267734 1.97476041 0.14695466
v 0.10014383 2.01927876 0.13899839
v 0.09688882 2.00312734 0.26067972
v -0.02590108 2.07205367 0.14263177
v -0.02915611 2.05590248 0.26431298
v 0.76363289 1.97803593 0.21322870
v 0.75972289 1.94106972 0.20821738
v -0.55858761 2.12012529 0.19671917
v -0.56249756 2.08315921 0.19170785
v 0.09921503 2.02560592 0.26784062
v -0.50051385 2.06797743 0.25603628
v -0.49662349 2.10475922 0.26102257
v -0.55699646 2.11077762 0.25716770
v -0.56070411 2.07572436 0.25241566
v 0.69436049 1.93957305 0.27095580
v 0.69825077 1.97635472 0.27594209
v 0.75860065 1.96940005 0.27359450
v 0.75489300 1.93434680 0.26884258
v 0.10268622 2.04282999 0.13807750
v -0.49711549 2.08484030 0.12899446
v -0.49322513 2.12162209 0.13398063
v -0.55375767 2.12684822 0.13609397
v -0.55746526 2.09179497 0.13134193
v 0.69775891 1.95643592 0.14391398
v 0.70164919 1.99321759 0.14890027
v 0.76183945 1.98547077 0.15252078
v 0.75813186 1.95041752 0.14776886
v 0.09848288 2.01088691 0.19979608
v 0.72696674 1.95158994 0.14998770
v -0.52682692 2.08632588 0.13433254
v 0.72388017 1.93627453 0.26537180
v -0.52991349 2.07101035 0.24971676
v -0.02961703 2.06452227 0.20348883
v 0.73104888 1.99018478 0.15521979
v -0.52274483 2.12492061 0.13956463
v 0.72796232 1.97486925 0.27060390
v -0.52583134 2.10960507 0.25494874
v 0.77283937 1.96201515 0.21134841
v -0.57093811 2.10642099 0.19456971
v -0.49096081 2.08861637 0.26016104
v -0.52102602 2.07130432 0.25634599
v -0.51738197 2.10575604 0.26101649
v -0.54713708 2.10831189 0.25923228
v -0.55060989 2.07547903 0.25478125
v 0.68931097 1.96178126 0.27489829
v 0.71509707 1.93846726 0.27178049
v 0.71874112 1.97291923 0.27645099
v 0.74839461 1.96909058 0.27540863
v 0.74492186 1.93625760 0.27095759
v -0.48750302 2.10577369 0.13090038
v -0.51760572 2.08827591 0.12848556
v -0.51396173 2.12272787 0.13315594
v -0.54378653 2.12493753 0.13397884
v -0.54725933 2.09210443 0.12952793
v 0.69276887 1.97893870 0.14563763
v 0.71851730 1.95543897 0.14391994
v 0.72216135 1.98989093 0.14859056
v 0.75174522 1.98571622 0.15015519
v 0.74827242 1.95288312 0.14570427
v -0.45936733 2.08001041 0.13034964
v 0.65982461 1.95973897 0.14432418
v 0.10001537 2.01852727 0.14281952
v 0.68729973 1.95599687 0.14748347
v -0.48707971 2.08219886 0.13281989
v -0.46271396 2.06340456 0.25545394
v 0.65647805 1.94313335 0.26942837
v 0.09696655 2.00339890 0.25679350
v 0.68410653 1.94015276 0.26685083
v -0.49027282 2.06635475 0.25218725
v -0.45534268 2.11806178 0.13550806
v 0.66384923 1.99779058 0.14948261
v -0.02758851 2.07195497 0.14649785
v 0.69140816 1.99484038 0.15274930
v -0.48297122 2.12104225 0.13808560
v -0.45868927 2.10145617 0.26061225
v 0.66050267 1.98118472 0.27458680
v -0.03063736 2.05682683 0.26047182
v 0.68821502 1.97899628 0.27211666
v -0.48616433 2.10519814 0.25745296
v 0.76300591 1.97005856 0.26989508
v 0.76603955 1.98511136 0.15649009
v 0.75256133 1.98707974 0.15910435
v 0.74967033 1.97273421 0.26718009
v 0.77168584 1.97598660 0.21317208
v 0.75917029 1.93379521 0.26497912
v 0.76220393 1.94884813 0.15157402
v 0.74854136 1.94907343 0.15395212
v 0.74565041 1.93472815 0.26202786
v 0.76802361 1.94136178 0.20847821
v -0.56106853 2.11234689 0.25336242
v -0.55803496 2.12739992 0.13995743
v -0.54451501 2.12646699 0.14290869
v -0.54740602 2.11212158 0.25098443
v -0.56688827 2.11983323 0.19645834
v -0.56490415 2.07608390 0.24844635
v -0.56187057 2.09113646 0.13504136
v -0.54853499 2.08846092 0.13775635
v -0.55142599 2.07411528 0.24583220
v -0.57055044 2.08520865 0.19176435
v -0.46321627 2.06498718 0.25769198
v -0.45956814 2.09947848 0.26236773
v 0.65724963 1.94457889 0.27168238
v 0.66089773 1.97907019 0.27635813
v -0.54013389 2.07267165 0.25456178
v 0.09690493 2.00364041 0.26380301
v -0.51992202 2.06973004 0.25371587
v -0.53630596 2.10886312 0.25946808
v -0.02321817 2.05393577 0.26726568
v -0.51590532 2.10770583 0.25886405
v -0.56179035 2.09712863 0.25553775
v -0.54629409 2.11093664 0.25648558
v -0.56773788 2.11133933 0.25311589
v -0.55024791 2.07355499 0.25141811
v -0.57121456 2.07846904 0.24865985
v 0.73409748 1.93573952 0.27047217
v 0.71374917 1.93715668 0.26911974
v 0.73792535 1.97193098 0.27537835
v 0.71776581 1.97513223 0.27426791
v 0.76042420 1.95503986 0.27204728
v 0.74819648 1.97182703 0.27264905
v 0.76931286 1.96765625 0.26981068
v 0.74424273 1.93444586 0.26758146
v 0.76583624 1.93478584 0.26535463
v -0.45976245 2.08212495 0.12857842
v -0.45611432 2.11661625 0.13325417
v 0.66070348 1.96171665 0.14256883
v 0.66435164 1.99620795 0.14724457
v -0.53679007 2.08926415 0.12955809
v 0.10032047 2.02058792 0.13612211
v -0.51663053 2.08606291 0.13066852
v -0.53296208 2.12545562 0.13446438
v -0.01980266 2.07088375 0.13958478
v -0.51261383 2.12403846 0.13581669
v -0.55853528 2.11328006 0.13385499
v -0.54310733 2.12674928 0.13735509
v -0.56470084 2.12640929 0.13958180
v -0.54706115 2.08936810 0.13228750
v -0.56817746 2.09353876 0.13512576
v 0.73744130 1.95233202 0.14546847
v 0.71704072 1.95348918 0.14607251
v 0.74126929 1.98852336 0.15037465
v 0.72105736 1.99146497 0.15122056
v 0.76367927 1.97119141 0.15036452
v 0.75138324 1.98764002 0.15351832
v 0.77234989 1.98272622 0.15627658
v 0.74742943 1.95025849 0.14845085
v 0.76887327 1.94985580 0.15182054
v 0.68779856 1.95499349 0.15305030
v -0.48791769 2.08133912 0.13836992
v 0.68490422 1.94063187 0.26124907
v -0.49081203 2.06697726 0.24656880
v 0.72856641 1.94349635 0.20770597
v -0.53153384 2.07891011 0.19197202
v 0.69194734 1.99421775 0.15836763
v -0.48376888 2.12056327 0.14368737
v 0.68905300 1.97985590 0.26656651
v -0.48666319 2.10620165 0.25188625
v 0.73266912 1.98228514 0.21296442
v -0.52743113 2.11769867 0.19723058
v -0.90978038 3.48115206 2.38435602
v -1.13918889 4.18616247 2.02343321
v -1.77238131 3.25070190 2.48248863
v -2.00178981 3.95571232 2.12156606
v -1.86638069 3.59819889 2.27908421
v -1.04431581 3.81781960 2.18556333
v -1.84342980 3.54312229 2.35148787
v -1.02136493 3.76274300 2.25796676
v -1.57643461 4.09522009 2.07726431
v -1.57572615 4.07831335 2.04378939
v -1.33571386 3.35544538 2.45598412
v -1.33500552 3.33853889 2.42250896
v -1.01745725 3.83563900 2.20329905
v -0.91745949 3.48885369 2.35553455
v -0.91816437 3.50567579 2.38884211
v -0.92731851 3.46612287 2.40764236
v -0.92664665 3.45009112 2.37589955
v -1.13499570 4.15737915 2.01329017
v -1.13570070 4.17420101 2.04659796
v -1.16683340 4.20219183 2.03081965
v -1.16616154 4.18616009 1.99907708
v -1.89412153 3.60143161 2.30303144
v -1.77573931 3.25955796 2.45317554
v -1.77644420 3.27638006 2.48648334
v -1.74527860 3.24759889 2.50069642
v -1.74460673 3.23156714 2.46895361
v -1.99327576 3.92808318 2.11093116
v -1.99398065 3.94490528 2.14423895
v -1.98479354 3.98366785 2.12387371
v -1.98412156 3.96763587 2.09213114
v -1.45534217 3.70786452 2.23203754
v -1.95924270 3.95467138 2.09719229
v -1.73097956 3.25318122 2.45631266
v -1.17972088 4.16292620 2.00851107
v -0.95145768 3.46143603 2.36763167
v -1.43201709 3.65189028 2.30562139
v -1.95998240 3.97232270 2.13214183
v -1.73171914 3.27083278 2.49126244
v -1.18046057 4.18057775 2.04346085
v -0.95219749 3.47908759 2.40258098
v -1.57811213 4.09445333 2.06071806
v -1.33346677 3.34261751 2.44561243
v -0.91170710 3.50480652 2.37212396
v -0.91096163 3.47858596 2.36218214
v -0.91162187 3.49434280 2.39338017
v -0.91500515 3.47500014 2.40215731
v -0.91437590 3.45998406 2.37242508
v -1.12658513 4.16516161 2.03406215
v -1.13600755 4.17018986 2.00812292
v -1.13666785 4.18594646 2.03932095
v -1.15086699 4.19984293 2.03108168
v -1.15023768 4.18482637 2.00134969
v -1.78497696 3.27150607 2.47147036
v -1.77477217 3.24781275 2.46045208
v -1.77543247 3.26356936 2.49165058
v -1.76120234 3.24893236 2.49842358
v -1.76057303 3.23391628 2.46869159
v -1.99985480 3.93186116 2.13340855
v -1.99981809 3.93941617 2.10639334
v -2.00047827 3.95517302 2.13759136
v -1.99706423 3.97377491 2.12734842
v -1.99643493 3.95875883 2.09761620
v -1.77607107 3.28218794 2.44101715
v -1.97982895 3.90836954 2.12045026
v -1.84034145 3.60504484 2.27590537
v -1.96546626 3.92880416 2.10998344
v -1.75166118 3.27174568 2.44635773
v -0.93088174 3.50798655 2.34486532
v -1.13463950 4.13416815 2.02429843
v -1.07034612 3.81075478 2.18830776
v -1.15903437 4.14424801 2.01824093
v -0.94522923 3.48718977 2.35461473
v -1.77680051 3.29959083 2.47547483
v -1.98055840 3.92577243 2.15490818
v -1.81710660 3.54928684 2.34920430
v -1.96621084 3.94656920 2.14515853
v -1.75240576 3.28951073 2.48153257
v -0.93161112 3.52538943 2.37932301
v -1.13536882 4.15157080 2.05875611
v -1.04711127 3.75499678 2.26160693
v -1.15977895 4.16201305 2.05341578
v -0.94597369 3.50495481 2.38979006
v -1.19352114 4.19791937 2.03310037
v -1.95967221 3.99323654 2.12026048
v -1.93922949 3.99089170 2.12286830
v -1.20908201 4.18595600 2.03980398
v -1.57790089 4.09925938 2.07386208
v -1.19282615 4.18133450 2.00026202
v -1.95897722 3.97665143 2.08742213
v -1.93850112 3.97350955 2.08845162
v -1.20835364 4.16857386 2.00538731
v -1.57723725 4.08342361 2.04250765
v -0.95246279 3.45710754 2.41235113
v -1.71861398 3.25242448 2.49951124
v -1.70308650 3.26518488 2.49438596
v -0.97293890 3.46024942 2.41132164
v -1.33420289 3.35033512 2.45726585
v -0.95176774 3.44052243 2.37951279
v -1.71791899 3.23583961 2.46667290
v -1.70235813 3.24780297 2.45996952
v -0.97221047 3.44286728 2.37690496
v -1.33353925 3.33449936 2.42591143
v -0.91725665 3.51206255 2.34511924
v -0.91791767 3.52783728 2.37635279
v -1.12124622 4.13895655 2.02418733
v -1.12190723 4.15473127 2.05542111
v -0.91712618 3.46494937 2.36794996
v -1.02406728 3.82365060 2.18408298
v -0.92740965 3.47412252 2.36208487
v -0.91781974 3.48150158 2.40072298
v -1.00219452 3.77116179 2.25308466
v -0.92813754 3.49149060 2.39647388
v -0.92439127 3.45843458 2.39571047
v -0.93582588 3.47080612 2.40642023
v -0.95081306 3.45281816 2.41262388
v -0.93510950 3.45370984 2.37256956
v -0.95018309 3.43778467 2.38285780
v -1.14910996 4.17787409 2.00297570
v -1.15200913 4.16435432 2.00872827
v -1.14980364 4.19442654 2.03574872
v -1.15273714 4.18172264 2.04311728
v -1.16511095 4.19820595 2.01699257
v -1.17149830 4.19506598 2.03564310
v -1.19423366 4.20089006 2.02965617
v -1.17078173 4.17796946 2.00179243
v -1.19360387 4.18585682 1.99989021
v -1.78953278 3.27902770 2.44435263
v -1.79019380 3.29480219 2.47558594
v -1.99352241 3.90592170 2.12342072
v -1.99418330 3.92169642 2.15465403
v -1.76163650 3.23933220 2.46402454
v -1.88666439 3.59320140 2.28221512
v -1.75870299 3.25203657 2.45665598
v -1.76233017 3.25588465 2.49679756
v -1.86479163 3.54071259 2.35121703
v -1.75943089 3.26940441 2.49104500
v -1.74646568 3.23881149 2.48923278
v -1.74065840 3.25578928 2.49798059
v -1.71783614 3.24790192 2.49988317
v -1.73994184 3.23869276 2.46413040
v -1.71720636 3.23286891 2.47011709
v -1.99362028 3.95225716 2.09905005
v -1.98330259 3.94226813 2.10329914
v -1.99431396 3.96880937 2.13182354
v -1.98403037 3.95963645 2.13768816
v -1.98718536 3.97858262 2.11051464
v -1.97633064 3.98004913 2.12720394
v -1.96125686 3.99597430 2.11691523
v -1.97561419 3.96295285 2.09335303
v -1.96062708 3.98094082 2.08714962
v -1.92785764 3.93916988 2.10532761
v -1.71380913 3.28136349 2.44208479
v -1.19687903 4.13445616 2.02216911
v -0.98283070 3.47664976 2.35892582
v -1.57005405 4.06051874 2.05186057
v -1.34064269 3.35550022 2.41278744
v -1.92860937 3.95710921 2.14084744
v -1.71456099 3.29930282 2.47760439
v -1.19763088 4.15239525 2.05768871
v -0.98358244 3.49458909 2.39444542
v -1.57079732 4.07825899 2.08698606
v -1.34138608 3.37324023 2.44791293
v -1.37162983 2.66331792 2.78763032
v -0.80608237 2.84952998 2.70555305
v -1.61229014 3.25931096 2.48152900
v -1.04674268 3.44552279 2.39945197
v -1.32342494 3.32799029 2.42704582
v -1.09407401 2.76000476 2.71876240
v -1.38258100 3.32649779 2.47064877
v -1.15322983 2.75851226 2.76236510
v -0.91275811 3.15901804 2.56414223
v -0.91204965 3.14211130 2.53066707
v -1.50619256 2.96362400 2.65026641
v -1.50548422 2.94671726 2.61679149
v -1.08689857 2.75166869 2.74929118
v -1.35718107 2.65966535 2.76501155
v -1.35788608 2.67648745 2.79831934
v -1.39058530 2.68110132 2.79431438
v -1.38991344 2.66506958 2.76257181
v -0.82090151 2.83624053 2.68718195
v -0.82160646 2.85306287 2.72048974
v -0.80012321 2.87551641 2.70862150
v -0.79945135 2.85948467 2.67687893
v -1.33148253 3.35737848 2.43819952
v -1.59663594 3.25267267 2.46044374
v -1.59734082 3.26949501 2.49375153
v -1.61879098 3.24625087 2.50405455
v -1.61811924 3.23021913 2.47231197
v -1.06035626 3.42924809 2.38261437
v -1.06106126 3.44607019 2.41592216
v -1.02832901 3.44066596 2.41836166
v -1.02765727 3.42463422 2.38661909
v -1.20874333 3.04385281 2.57261777
v -1.03613055 3.40597868 2.39384842
v -1.59885395 3.22069669 2.47551584
v -0.81864870 2.86738729 2.67046833
v -1.38137221 2.68210530 2.75213575
v -1.26886368 3.04233599 2.61693120
v -1.03687012 3.42363000 2.42879796
v -1.59959364 3.23834825 2.51046515
v -0.81938833 2.88503861 2.70541763
v -1.38211203 2.69975662 2.78708506
v -0.90763569 3.15381336 2.54998112
v -1.51074529 2.95523357 2.63750935
v -1.35222661 2.66543150 2.78672934
v -1.36568856 2.65523982 2.76839113
v -1.36634886 2.67099619 2.79958916
v -1.38212204 2.67232132 2.79766560
v -1.38149273 2.65730500 2.76793385
v -0.82250088 2.83984852 2.70985079
v -0.81089580 2.83791065 2.68787479
v -0.81155616 2.85366702 2.71907282
v -0.80066574 2.86377144 2.71328020
v -0.80003655 2.84875512 2.68354797
v -1.59586346 3.26879549 2.47684193
v -1.60668635 3.25206828 2.46186066
v -1.60734653 3.26782489 2.49305868
v -1.61820590 3.25698042 2.49738574
v -1.61757660 3.24196410 2.46765351
v -1.06613779 3.44321275 2.39996386
v -1.05189359 3.43473911 2.38134432
v -1.05255401 3.45049572 2.41254234
v -1.03674960 3.44843054 2.41299963
v -1.03612041 3.43341422 2.38326788
v -1.57781398 3.25345206 2.45972681
v -1.07550180 3.41884327 2.38682699
v -1.31615686 3.30989242 2.43606710
v -1.05770314 3.40935063 2.39154768
v -1.58478439 3.23580408 2.46804190
v -1.34201133 2.66948938 2.75964928
v -0.83969921 2.83488035 2.68674946
v -1.10133290 2.77788305 2.70930624
v -0.83271366 2.85216641 2.67771673
v -1.35979474 2.67861986 2.75421095
v -1.57854319 3.27085495 2.49418402
v -1.07623112 3.43624616 2.42128420
v -1.37604439 3.30838132 2.48020935
v -1.05844760 3.42711568 2.42672253
v -1.58552885 3.25356913 2.50321674
v -1.34274054 2.68689227 2.79410672
v -0.84042847 2.85228324 2.72120690
v -1.16122043 2.77637219 2.75344872
v -0.83345813 2.86993146 2.71289158
v -1.36053920 2.69638491 2.78938580
v -0.80545956 2.89431763 2.69970131
v -1.01921105 3.42367101 2.42782569
v -1.02026391 3.40963674 2.43588209
v -0.81655735 2.90515924 2.69498134
v -0.90906578 3.15969086 2.56254935
v -0.80476451 2.87773252 2.66686296
v -1.01851606 3.40708566 2.39498734
v -1.01953554 3.39225435 2.40146589
v -0.81582886 2.88777709 2.66056490
v -0.90840214 3.14385509 2.53119493
v -1.39972639 2.69864964 2.78594613
v -1.61347795 3.22800303 2.51407075
v -1.60241354 3.21795845 2.52036858
v -1.39870691 2.71348095 2.77946758
v -1.50984025 2.96188021 2.64973855
v -1.39903128 2.68206429 2.75310779
v -1.61278296 3.21141791 2.48123240
v -1.60168505 3.20057607 2.48595214
v -1.39797843 2.69609880 2.74505115
v -1.50917661 2.94604445 2.61838412
v -1.33855271 2.66085196 2.76610851
v -1.33921385 2.67662668 2.79734230
v -0.83566886 2.82643127 2.69312572
v -0.83632994 2.84220576 2.72435951
v -1.37691593 2.65869379 2.76541996
v -1.08843732 2.74641919 2.72677898
v -1.36964047 2.66584849 2.76094627
v -1.37760961 2.67524576 2.79819322
v -1.14481390 2.74499679 2.76833344
v -1.37036848 2.68321681 2.79533529
v -1.39122856 2.67280436 2.78261471
v -1.38770235 2.68772817 2.79235172
v -1.40248418 2.69661355 2.78498697
v -1.38698578 2.67063189 2.75850129
v -1.40185416 2.68158031 2.75522137
v -0.80501962 2.84699607 2.68242168
v -0.81594825 2.84815693 2.68058968
v -0.80571330 2.86354828 2.71519518
v -0.81667614 2.86552501 2.71497869
v -0.79779667 2.86819768 2.69649053
v -0.80671328 2.87902451 2.70803404
v -0.80239350 2.89419913 2.69789696
v -0.80599684 2.86192799 2.67418289
v -0.80176342 2.87916589 2.66813111
v -1.58191240 3.26352954 2.45657396
v -1.58257341 3.27930427 2.48780775
v -1.07902849 3.42910886 2.38359118
v -1.07968974 3.44488358 2.41482496
v -1.61252904 3.24218726 2.46573830
v -1.32909667 3.34240937 2.42067909
v -1.60156620 3.24021029 2.46595478
v -1.61322272 3.25873947 2.49851179
v -1.38547313 3.34098673 2.46223354
v -1.60229397 3.25757837 2.50034380
v -1.62058234 3.24079657 2.49089479
v -1.61224544 3.24380732 2.50675058
v -1.61647904 3.22656965 2.51280260
v -1.61152899 3.22671103 2.47289991
v -1.61584890 3.21153617 2.48303652
v -1.04063284 3.43048954 2.38274026
v -1.04787397 3.42251873 2.38559818
v -1.04132652 3.44704175 2.41551328
v -1.04860187 3.43988705 2.41998720
v -1.02715027 3.43618965 2.40477085
v -1.03125656 3.43510342 2.42243218
v -1.01638818 3.42415524 2.42571211
v -1.03054011 3.41800714 2.38858175
v -1.01575828 3.40912175 2.39594650
v -1.04687405 3.38329577 2.40471935
v -1.57455504 3.20955205 2.48130083
v -0.84293556 2.87824416 2.66411304
v -1.37061667 2.70450020 2.74069476
v -0.92597252 3.13710451 2.53186512
v -1.49152637 2.95089054 2.61394286
v -1.04762590 3.40123510 2.44023871
v -1.57530689 3.22749138 2.51682043
v -0.84368730 2.89618349 2.69963264
v -1.37136829 2.72243953 2.77621412
v -0.92671591 3.15484500 2.56699061
v -1.49226987 2.96863079 2.64906836
v -0.72623068 1.88895607 0.14923275
v -0.76762706 1.92709303 1.09512222
v -0.60441476 1.89806724 0.15419662
v -0.64581132 1.93620408 1.10008609
v -0.62629282 1.89388061 0.62802732
v -0.74238420 1.88519788 0.62329668
v -0.62488085 1.92915857 0.52862483
v -0.74097216 1.92047584 0.52389419
v -0.70885372 1.94784331 1.12026131
v -0.70612472 1.91046929 1.12188768
v -0.66541600 1.90782595 0.12772989
v -0.66268688 1.87045193 0.12935615
v -0.74793851 1.90817833 0.62212712
v -0.72538835 1.86793959 0.17467916
v -0.72810382 1.90512705 0.17306101
v -0.72321004 1.90263939 0.12790430
v -0.72062218 1.86719966 0.12944651
v -0.76464248 1.90410292 1.07161760
v -0.76735789 1.94129026 1.06999946
v -0.76643014 1.94245625 1.11546409
v -0.76384228 1.90701652 1.11700618
v -0.62413669 1.91743779 0.62717193
v -0.60418278 1.87700510 0.17961812
v -0.60689813 1.91419232 0.17799997
v -0.60769832 1.91127896 0.13261127
v -0.60511047 1.87583899 0.13415349
v -0.64343685 1.91316831 1.07655656
v -0.64615226 1.95035565 1.07493842
v -0.65091848 1.95109582 1.12017095
v -0.64833063 1.91565597 1.12171316
v -0.68431515 1.88921964 0.62567592
v -0.64989883 1.91272736 1.09848392
v -0.60870910 1.87478101 0.15731740
v -0.75998235 1.90449393 1.09399819
v -0.71879262 1.86654735 0.15283155
v -0.68288010 1.92507267 0.52465284
v -0.65274805 1.95174778 1.09678602
v -0.61155832 1.91380143 0.15561938
v -0.76283157 1.94351435 1.09230018
v -0.72164178 1.90556800 0.15113366
v -0.70811057 1.93314290 1.12900615
v -0.66396463 1.89247310 0.12029278
v -0.72827911 1.88989019 0.17916775
v -0.72518730 1.86846399 0.15913022
v -0.72773075 1.90329587 0.15761459
v -0.72545153 1.90167141 0.13540316
v -0.72302759 1.86847651 0.13684750
v -0.76705354 1.92561138 1.06514466
v -0.76579654 1.90587556 1.08703220
v -0.76833999 1.94070756 1.08551645
v -0.76801234 1.94088113 1.10790050
v -0.76558846 1.90768611 1.10934496
v -0.60495657 1.89911389 0.18419302
v -0.60320067 1.87758791 0.16410100
v -0.60574406 1.91241980 0.16258538
v -0.60595214 1.91060936 0.14027250
v -0.60352826 1.87741423 0.14171696
v -0.64373100 1.93483520 1.07016993
v -0.64380991 1.91499949 1.09200299
v -0.64635330 1.94983137 1.09048736
v -0.64851308 1.94981885 1.11276996
v -0.64608914 1.91662383 1.11421442
v -0.60630333 1.87743926 0.20801413
v -0.64307106 1.91131198 1.04814124
v -0.62995172 1.89336312 0.62788808
v -0.64668506 1.91154194 1.06876051
v -0.60810423 1.87599897 0.18720663
v -0.72566032 1.86851215 0.20315039
v -0.76242816 1.90238488 1.04327750
v -0.73868984 1.88523030 0.62345707
v -0.76056880 1.90302432 1.06411982
v -0.72198790 1.86748147 0.18256593
v -0.60911250 1.91591048 0.20634007
v -0.64588028 1.94978321 1.04646719
v -0.62852234 1.92907751 0.52725613
v -0.64955276 1.95081401 1.06705165
v -0.61097193 1.91527104 0.18549776
v -0.72846955 1.90698338 0.20147634
v -0.76523727 1.94085598 1.04160357
v -0.73726034 1.92094445 0.52282524
v -0.76343632 1.94229615 1.06241095
v -0.72485554 1.90675330 0.18085706
v -0.76295584 1.94346988 1.11876833
v -0.65476054 1.95156229 1.12317717
v -0.65692365 1.95184445 1.11290205
v -0.76003450 1.94413245 1.10870039
v -0.70903593 1.94690716 1.12645078
v -0.76027864 1.90680659 1.12036371
v -0.65208340 1.91489887 1.12477255
v -0.65411776 1.91341925 1.11457407
v -0.75722867 1.90570724 1.11037242
v -0.70647967 1.91190052 1.12797415
v -0.71945721 1.90339649 0.12484503
v -0.61126196 1.91148853 0.12925386
v -0.61431205 1.91258824 0.13924515
v -0.71742284 1.90487623 0.13504350
v -0.66506094 1.90639496 0.12164342
v -0.71678013 1.86673307 0.12644041
v -0.60858476 1.87482548 0.13084924
v -0.61150610 1.87416279 0.14091718
v -0.71461701 1.86645079 0.13671553
v -0.66250473 1.87138808 0.12316680
v -0.72768337 1.87014973 0.20251596
v -0.73022979 1.90502131 0.20099854
v -0.76449305 1.90406084 1.04359937
v -0.76703936 1.93893242 1.04208207
v -0.72313440 1.86710989 0.14492095
v -0.74531347 1.88590503 0.62313998
v -0.72280157 1.86689150 0.16022158
v -0.72580624 1.90370035 0.14332879
v -0.74396777 1.91952550 0.52840763
v -0.72560513 1.90528607 0.15855086
v -0.72236097 1.88839912 0.12602317
v -0.72271568 1.90420485 0.13581288
v -0.71918041 1.90148020 0.12004685
v -0.71995610 1.86641145 0.13745737
v -0.71675378 1.86824727 0.12149286
v -0.76499552 1.90567493 1.10142910
v -0.76333016 1.90422904 1.08628297
v -0.76766735 1.94226551 1.09983683
v -0.76613373 1.94262338 1.08461237
v -0.76579845 1.92841637 1.11855030
v -0.76524246 1.94338310 1.10752881
v -0.76310527 1.94194651 1.12371075
v -0.76248270 1.90558958 1.10917330
v -0.76067865 1.90871358 1.12515688
v -0.60450125 1.87936294 0.20753551
v -0.60704756 1.91423452 0.20601809
v -0.64131093 1.91327405 1.04861903
v -0.64385730 1.94814575 1.04710150
v -0.60387325 1.87602997 0.14978063
v -0.62349808 1.89501595 0.62810385
v -0.60540688 1.87567198 0.16500521
v -0.60654515 1.91262043 0.14818847
v -0.62215251 1.92863643 0.53337145
v -0.60821050 1.91406631 0.16333461
v -0.60626817 1.89708221 0.13075387
v -0.60905790 1.91270590 0.14044428
v -0.61086196 1.90958166 0.12446070
v -0.60629821 1.87491226 0.14208889
v -0.60843533 1.87634885 0.12590683
v -0.64573443 1.91459477 1.10628879
v -0.64593554 1.91300929 1.09106672
v -0.64840621 1.95118535 1.10469663
v -0.64873910 1.95140374 1.08939600
v -0.64970571 1.93709946 1.12328088
v -0.65158463 1.95188391 1.11216021
v -0.65478688 1.95004797 1.12812459
v -0.64882493 1.91409039 1.11380470
v -0.65236020 1.91681516 1.12957072
v -0.65202069 1.91097128 1.06905353
v -0.61339593 1.87538791 0.18649614
v -0.75524890 1.90325058 1.06484699
v -0.71662420 1.86766720 0.18228972
v -0.70503700 1.90860796 1.09861231
v -0.66364008 1.87047064 0.15271175
v -0.65491641 1.95062816 1.06732786
v -0.61629170 1.91504478 0.18477046
v -0.75814468 1.94290733 1.06312132
v -0.71951997 1.90732396 0.18056405
v -0.70790052 1.94782460 1.09690595
v -0.66650367 1.90968728 0.15100527
v -0.53152609 2.07248807 0.27982795
v 0.73331916 1.97229993 0.26946938
v -0.53314519 2.06598592 0.14502001
v 0.73170012 1.96579778 0.13466144
v 0.09750102 1.99301982 0.14414060
v 0.09904400 1.99921656 0.27261353
v -0.03004982 2.04255724 0.14328313
v -0.02850685 2.04875398 0.27175605
v 0.76489580 1.98182273 0.20106041
v 0.76195252 1.94447494 0.20289707
v -0.56231910 2.08695102 0.21192968
v -0.56526238 2.04960322 0.21376634
v 0.10092770 2.02267504 0.27573633
v -0.50053596 2.04786873 0.28030467
v -0.49760735 2.08503008 0.27847719
v -0.55830342 2.08880424 0.27586567
v -0.56109440 2.05338883 0.27760744
v 0.69885164 1.95286536 0.27048230
v 0.70178032 1.99002695 0.26865470
v 0.76226312 1.98420250 0.26505089
v 0.75947219 1.94878733 0.26679254
v 0.09928226 2.01606655 0.13873065
v -0.50214690 2.04139900 0.14617205
v -0.49921829 2.07856059 0.14434445
v -0.55983877 2.08263850 0.14803421
v -0.56262964 2.04722333 0.14977586
v 0.69724077 1.94639587 0.13634956
v 0.70016938 1.98355722 0.13452208
v 0.76072776 1.97803700 0.13721943
v 0.75793689 1.94262159 0.13896108
v 0.09824734 1.99579859 0.20839274
v 0.72681355 1.94343460 0.14230657
v -0.53171605 2.04312229 0.15261340
v 0.72827661 1.94931042 0.26413095
v -0.53025299 2.04899812 0.27443779
v -0.03138304 2.04614377 0.20752132
v 0.72988641 1.98242784 0.14038897
v -0.52864313 2.08211541 0.15069580
v 0.73134947 1.98830354 0.26221335
v -0.52718014 2.08799124 0.27252007
v 0.77453166 1.96594954 0.20171022
v -0.57432163 2.07279205 0.21275675
v -0.49147555 2.06913805 0.28034425
v -0.52114022 2.05070615 0.28084850
v -0.51839715 2.08551383 0.27913666
v -0.54829466 2.08699131 0.27804482
v -0.55090892 2.05381942 0.27967620
v 0.69325447 1.97529602 0.27064180
v 0.71965188 1.95242333 0.27068698
v 0.72239500 1.98723102 0.26897514
v 0.75213057 1.98398519 0.26739490
v 0.74951637 1.95081317 0.26902628
v -0.49311468 2.06255555 0.14386892
v -0.52276164 2.04419494 0.14585161
v -0.52001846 2.07900262 0.14413977
v -0.54988295 2.08061266 0.14580047
v -0.55249715 2.04744077 0.14743185
v 0.69161528 1.96871340 0.13416648
v 0.71803057 1.94591212 0.13568997
v 0.72077364 1.98071980 0.13397825
v 0.75054234 1.97760653 0.13515055
v 0.74792808 1.94443452 0.13678193
v -0.46420109 2.03779817 0.14691544
v 0.65921837 1.94881248 0.13771510
v 0.09753079 1.99297369 0.14822125
v 0.68692118 1.94636452 0.14053655
v -0.49189419 2.03973818 0.15019047
v -0.46261466 2.04416895 0.27900231
v 0.66080481 1.95518339 0.26980197
v 0.09897604 1.99877787 0.26855671
v 0.68843490 1.95244336 0.26656628
v -0.49038047 2.04581690 0.27622032
v -0.46117136 2.07624245 0.14502478
v 0.66224808 1.98725688 0.13582444
v -0.03159763 2.04312396 0.14735317
v 0.69001395 1.98560894 0.13860655
v -0.48880145 2.07898259 0.14826047
v -0.45958492 2.08261347 0.27711165
v 0.66383451 1.99362779 0.26791131
v -0.03015238 2.04892802 0.26768863
v 0.69152761 1.99168777 0.26463628
v -0.48728782 2.08506131 0.27429032
v 0.76651734 1.98428166 0.26093757
v 0.76507932 1.97850633 0.14120281
v 0.75163239 1.98059571 0.14408386
v 0.75300282 1.98609948 0.25819194
v 0.77301019 1.97998989 0.20105135
v 0.76363003 1.94764376 0.26273942
v 0.76219201 1.94186866 0.14300466
v 0.74860638 1.94219732 0.14597225
v 0.74997675 1.94770110 0.26008034
v 0.77025330 1.94500744 0.20277166
v -0.56255859 2.08955717 0.27182209
v -0.56399661 2.08378220 0.15208733
v -0.55034333 2.08372474 0.15474641
v -0.54897290 2.08922863 0.26885450
v -0.57061988 2.08641839 0.21205497
v -0.56544596 2.05291963 0.27362394
v -0.56688392 2.04714417 0.15388918
v -0.55336940 2.04532647 0.15663481
v -0.55199897 2.05083013 0.27074289
v -0.57337677 2.05143595 0.21377552
v -0.46308699 2.04612017 0.28103566
v -0.46034077 2.08096766 0.27932191
v 0.66161132 1.95703340 0.27182484
v 0.66435760 1.99188054 0.27011108
v -0.54035378 2.05126977 0.27954030
v 0.09915458 2.00028992 0.27573538
v -0.52008051 2.04870605 0.27838516
v -0.53747219 2.08783484 0.27774203
v -0.02240369 2.04749990 0.27491832
v -0.51705694 2.08707380 0.27649820
v -0.56273264 2.07497430 0.27690828
v -0.54762995 2.08909178 0.27469528
v -0.56920558 2.08836222 0.27202797
v -0.55060625 2.05132437 0.27655268
v -0.57182270 2.05515265 0.27366114
v 0.73869067 1.94995689 0.26906550
v 0.71825057 1.95061827 0.26824379
v 0.74157232 1.98652196 0.26726723
v 0.72127414 1.98898613 0.26635683
v 0.76447636 1.96984649 0.26603901
v 0.75175035 1.98616815 0.26405394
v 0.77289575 1.98205507 0.26103663
v 0.74877405 1.94840086 0.26591134
v 0.77027863 1.94884515 0.26266992
v -0.46472421 2.03954530 0.14471567
v -0.46197799 2.07439256 0.14300191
v 0.65997422 1.95045829 0.13550484
v 0.66272044 1.98530567 0.13379109
v -0.54193884 2.04490399 0.14755952
v 0.09753554 1.99378765 0.14092815
v -0.52164072 2.04243970 0.14846992
v -0.53905725 2.08146906 0.14576125
v -0.02402274 2.04099774 0.14011097
v -0.51861715 2.08080769 0.14658296
v -0.56427556 2.06877780 0.14843380
v -0.54914063 2.08302498 0.14891541
v -0.57064521 2.08258080 0.15215683
v -0.55211693 2.04525781 0.15077281
v -0.57326233 2.04937077 0.15379012
v 0.73710561 1.94359112 0.13708472
v 0.71669036 1.94435203 0.13832855
v 0.73998713 1.98015606 0.13528645
v 0.71971393 1.98271990 0.13644171
v 0.76293325 1.96364999 0.13756454
v 0.75023967 1.98010147 0.13827407
v 0.77145606 1.97627330 0.14116561
v 0.74726337 1.94233429 0.14013147
v 0.76883900 1.94306362 0.14279890
v 0.68764782 1.94640350 0.14643633
v -0.49250948 2.03988338 0.15610135
v 0.68901980 1.95191348 0.26067424
v -0.49113742 2.04539323 0.27033925
v 0.73070246 1.94602370 0.20319772
v -0.53415745 2.04621291 0.21355629
v 0.69077080 1.98603261 0.14448750
v -0.48938635 2.07951236 0.15415251
v 0.69214290 1.99154258 0.25872540
v -0.48801434 2.08502245 0.26839042
v 0.73379087 1.98521304 0.20127046
v -0.53106904 2.08540225 0.21162903
v -0.35373718 4.72298717 1.89138091
v -0.58846951 2.17634416 0.17661989
v -0.44458708 4.18740177 2.69923115
v -0.67931950 1.64075875 0.98446989
v -0.53686315 2.92399979 1.82368386
v -0.45028257 3.43441653 1.05379689
v -0.55169040 3.19156456 1.99940550
v -0.46510983 3.70198154 1.22951841
v -0.65487993 1.84752798 0.53772789
v -0.61764443 1.84320569 0.53904974
v -0.40857282 4.51974583 2.33704376
v -0.37133738 4.51542377 2.33836579
v -0.47058994 3.45405793 1.02740693
v -0.33809415 4.65320206 1.84981263
v -0.37514371 4.65750265 1.84849739
v -0.36515209 4.76687574 1.94955015
v -0.32984370 4.76277685 1.95080352
v -0.56067878 2.23835158 0.22379291
v -0.59772831 2.24265218 0.22247744
v -0.61022538 2.10804319 0.15924740
v -0.57491690 2.10394454 0.16050088
v -0.56292099 2.90974045 1.84842801
v -0.42848897 4.12029934 2.65361619
v -0.46553847 4.12460041 2.65230083
v -0.45130035 4.25900745 2.71559286
v -0.41599193 4.25490856 2.71684647
v -0.65107358 1.70544899 1.02759635
v -0.68812317 1.70974958 1.02628100
v -0.69637364 1.60017490 0.92529011
v -0.66106516 1.59607637 0.92654371
v -0.49325439 3.17917132 1.43875170
v -0.65150094 1.67025506 0.95065957
v -0.41794050 4.20418215 2.65685868
v -0.56940091 2.15425706 0.22061527
v -0.33584061 4.68818426 1.92681432
v -0.50832337 3.45109820 1.61733818
v -0.69037670 1.67476761 0.94927949
v -0.45681629 4.20869446 2.65547848
v -0.60827672 2.15876961 0.21923506
v -0.37471640 4.69269657 1.92543411
v -0.64191681 1.82400680 0.52359170
v -0.39159408 4.53979158 2.35224295
v -0.36039272 4.64562225 1.83208632
v -0.33513430 4.69673729 1.87524748
v -0.36983714 4.70076561 1.87401533
v -0.36441585 4.75523567 1.92271459
v -0.33134380 4.75139666 1.92388856
v -0.58025724 2.26028323 0.22593796
v -0.56540287 2.19852281 0.19309521
v -0.60010564 2.20255113 0.19186330
v -0.60575122 2.13695574 0.15971744
v -0.57267928 2.13311672 0.16089165
v -0.45236626 4.10341215 2.64992809
v -0.42611158 4.16040087 2.68423033
v -0.46081439 4.16442871 2.68299818
v -0.45353806 4.22983503 2.71520233
v -0.42046601 4.22599602 2.71637630
v -0.67223072 1.71807349 1.04377997
v -0.65638012 1.66218638 1.00207829
v -0.69108295 1.66621459 1.00084627
v -0.69487339 1.61155534 0.95220500
v -0.66180146 1.60771632 0.95337915
v -0.43420926 4.04781199 2.59601402
v -0.64269561 1.78591597 1.07298458
v -0.53387958 2.94013667 1.79931009
v -0.64539587 1.74213481 1.01729965
v -0.42662916 4.11556482 2.61542916
v -0.34519312 4.57258654 1.80446982
v -0.55367953 2.31069064 0.28144085
v -0.45278299 3.41822362 1.07818782
v -0.56046182 2.24284506 0.26205325
v -0.34169504 4.61627531 1.86018324
v -0.47253776 4.05226088 2.59465289
v -0.68102407 1.79036522 1.07162392
v -0.54889017 3.21101093 1.97720528
v -0.68452227 1.74667645 1.01591063
v -0.46575546 4.12010670 2.61404037
v -0.38352168 4.57703590 1.80310905
v -0.59200805 2.31513977 0.28007996
v -0.46779361 3.68909764 1.25608277
v -0.59958816 2.24738693 0.26066434
v -0.38082132 4.62081718 1.85879397
v -0.61435264 2.08346343 0.17771769
v -0.69504440 1.60776317 0.89524001
v -0.69151157 1.64632404 0.89671957
v -0.61461180 2.09966969 0.21291554
v -0.65522385 1.83086562 0.52664262
v -0.57782531 2.07922339 0.17901444
v -0.65851712 1.60352314 0.89653683
v -0.65322870 1.64188027 0.89807868
v -0.57632887 2.09522605 0.21427464
v -0.62034690 1.82681727 0.52788067
v -0.36770025 4.75942850 1.97955680
v -0.44839194 4.28372812 2.69707918
v -0.44988838 4.26772594 2.66181898
v -0.37298858 4.72107124 1.97801518
v -0.40587041 4.53613424 2.34821320
v -0.33117288 4.75518847 1.98085380
v -0.41186458 4.27948809 2.69837618
v -0.41160554 4.26328182 2.66317821
v -0.33470574 4.71662760 1.97937417
v -0.37099347 4.53208590 2.34945107
v -0.34544122 4.58249140 1.79258931
v -0.38018355 4.58652401 1.79135585
v -0.55416489 2.31802058 0.26782668
v -0.58890718 2.32205343 0.26659322
v -0.33172515 4.72915220 1.91024566
v -0.44906595 3.44710636 1.03478444
v -0.33530039 4.68395853 1.88886881
v -0.36818004 4.73338366 1.90895128
v -0.46319661 3.70210052 1.20225036
v -0.37355253 4.68839884 1.88751078
v -0.35025313 4.77320671 1.95262551
v -0.36898181 4.74160814 1.94129443
v -0.36473688 4.77261353 1.98803854
v -0.33132836 4.73723698 1.94263136
v -0.33162719 4.76877022 1.98921394
v -0.56909269 2.15392089 0.17623460
v -0.56511223 2.19069958 0.21005309
v -0.60554761 2.15815234 0.17494047
v -0.60336435 2.19513965 0.20869505
v -0.59655917 2.10100055 0.15331745
v -0.61012322 2.12543178 0.17971396
v -0.61380661 2.07042313 0.16854072
v -0.57246989 2.12106133 0.18105066
v -0.58069688 2.06657958 0.16971612
v -0.43731007 4.04089832 2.60950041
v -0.47205237 4.04493141 2.60826683
v -0.64603370 1.77642775 1.08473790
v -0.68077606 1.78046072 1.08350444
v -0.42066973 4.20479918 2.70115328
v -0.53991544 2.91152310 1.84263110
v -0.42285293 4.16781187 2.66739845
v -0.45712459 4.20903111 2.69985914
v -0.55404603 3.16651726 2.01009703
v -0.46110505 4.17225218 2.66604090
v -0.43683478 4.26278400 2.72252154
v -0.45374745 4.24189043 2.69504285
v -0.44552040 4.29637194 2.70637751
v -0.41609403 4.23751974 2.69637990
v -0.41241071 4.29252863 2.70755291
v -0.65803725 1.62956786 0.96714240
v -0.65266472 1.67455268 0.98858297
v -0.69449210 1.63379943 0.96584815
v -0.69091690 1.67899311 0.98722494
v -0.68314070 1.59057808 0.92321348
v -0.69488895 1.62571478 0.93346238
v -0.69459009 1.59418142 0.88687974
v -0.65723550 1.62134397 0.93479919
v -0.66148043 1.59033823 0.88805521
v -0.64135534 1.76418602 0.98106480
v -0.42233947 4.14031792 2.58101368
v -0.56436807 2.21804762 0.29648268
v -0.34535217 4.59417963 1.89643157
v -0.61094052 1.90587175 0.58134985
v -0.37620541 4.45254469 2.29613113
v -0.68086511 1.76877224 0.97966212
v -0.46184924 4.14490414 2.57961082
v -0.60387778 2.22263384 0.29507995
v -0.38486195 4.59876585 1.89502883
v -0.65001196 1.91040730 0.57996267
v -0.41527677 4.45707989 2.29474401
v -0.75502527 1.97242606 1.19497073
v -0.55828762 3.56678319 2.31180906
v -0.64843518 1.97392035 1.17406094
v -0.45169747 3.56827760 2.29089928
v -0.54876214 2.75766492 1.75142860
v -0.65034336 2.75624061 1.77135587
v -0.57556468 2.61579800 1.60466087
v -0.67714584 2.61437416 1.62458801
v -0.50266343 3.61571074 2.31666994
v -0.49648568 3.59397626 2.34660912
v -0.70910233 1.94273555 1.14476013
v -0.70292449 1.92100096 1.17469919
v -0.65756303 2.76972508 1.75337768
v -0.74602675 2.00087571 1.24146163
v -0.75217372 2.02250195 1.21167195
v -0.75896239 1.94565463 1.15838373
v -0.75310415 1.92504501 1.18677342
v -0.55947047 3.51272297 2.30050206
v -0.56561744 3.53434896 2.27071238
v -0.55355769 3.61024952 2.32442331
v -0.54769951 3.58963990 2.35281324
v -0.54923505 2.77124381 1.73212707
v -0.63997054 2.00236273 1.22065663
v -0.64611751 2.02398872 1.19086707
v -0.65788847 1.94707167 1.13855612
v -0.65203035 1.92646194 1.16694582
v -0.45341426 3.51420999 2.27969718
v -0.45956129 3.53583574 2.24990749
v -0.45248374 3.61166668 2.30459547
v -0.44662559 3.59105706 2.33298540
v -0.59949994 2.75676680 1.76164842
v -0.45352927 3.55088329 2.30749655
v -0.64928454 1.96448684 1.19623470
v -0.54985338 3.54953265 2.32639265
v -0.74560869 1.96313643 1.21513057
v -0.62673938 2.61258721 1.61248767
v -0.45997927 3.57357502 2.27623868
v -0.65573454 1.98717880 1.16497660
v -0.55630344 3.57222486 2.29513454
v -0.75205874 1.98582840 1.18387246
v -0.49849680 3.62060976 2.33826065
v -0.70830131 1.92035913 1.14724422
v -0.74941778 2.02278352 1.23064435
v -0.74978316 1.97546053 1.22230554
v -0.75554079 1.99571669 1.19440269
v -0.75895506 1.95767188 1.16851735
v -0.75346798 1.93836749 1.19510889
v -0.56514144 3.51615453 2.27674222
v -0.55678678 3.53949833 2.31790543
v -0.56254441 3.55975461 2.29000282
v -0.55668318 3.59687829 2.31677246
v -0.55119604 3.57757401 2.34336424
v -0.64150935 2.02429628 1.20947599
v -0.64304358 1.97695696 1.20136642
v -0.64880127 1.99721324 1.17346370
v -0.65439194 1.95913768 1.14800513
v -0.64890486 1.93983328 1.17459679
v -0.45723307 3.51766729 2.25557399
v -0.45004722 3.54099488 2.29696655
v -0.45580482 3.56125116 2.26906371
v -0.45212001 3.59834409 2.29626036
v -0.44663295 3.57903981 2.32285166
v -0.63476497 2.04985762 1.25486887
v -0.46002516 3.46594572 2.24683070
v -0.55193919 2.75747871 1.75225401
v -0.45804530 3.50059271 2.27207804
v -0.64140171 2.01467752 1.23120248
v -0.73920363 2.04839349 1.27535653
v -0.56446379 3.46448135 2.26731825
v -0.64708614 2.75614476 1.77091897
v -0.55769473 3.49919605 2.29162598
v -0.74105108 2.01328063 1.25075066
v -0.64112419 2.07223034 1.22405088
v -0.46638435 3.48831797 2.21601248
v -0.57907319 2.61385751 1.60367107
v -0.46453688 3.52343106 2.24061847
v -0.64789319 2.03751564 1.19974303
v -0.74556279 2.07076597 1.24453855
v -0.57082295 3.48685408 2.23650026
v -0.67422020 2.61252356 1.62233591
v -0.56418628 3.52203417 2.26016665
v -0.74754268 2.03611875 1.21929121
v -0.54979599 3.61601329 2.32706213
v -0.45512402 3.61734056 2.30849028
v -0.45960170 3.60074162 2.29625654
v -0.54982483 3.59947681 2.31395555
v -0.50119120 3.62536836 2.32486534
v -0.54373562 3.59469199 2.35643196
v -0.44906369 3.59601927 2.33786035
v -0.45325008 3.57839584 2.32703781
v -0.54347318 3.57713079 2.34473658
v -0.49540466 3.60501051 2.35290813
v -0.75652432 1.94069219 1.15350890
v -0.66185236 1.94201946 1.13493717
v -0.66211480 1.95958078 1.14663231
v -0.75233787 1.95831585 1.16433144
v -0.71018326 1.93170118 1.13846099
v -0.75046396 1.91937101 1.18287873
v -0.65579200 1.92069817 1.16430700
v -0.65576321 1.93723476 1.17741370
v -0.74598628 1.93596983 1.19511271
v -0.70439678 1.91134334 1.16650379
v -0.74127406 2.04861069 1.27367854
v -0.74703836 2.06888986 1.24574399
v -0.56633532 3.46631074 2.26676941
v -0.57209957 3.48658991 2.23883486
v -0.75142026 1.95085704 1.20588779
v -0.65299982 2.75674129 1.77110910
v -0.74728823 1.97600389 1.22442484
v -0.75746870 1.97213602 1.17657638
v -0.67854315 2.62153983 1.63123667
v -0.75363475 1.99833190 1.19366825
v -0.75739944 1.93325436 1.16681075
v -0.75669813 1.95970333 1.16663551
v -0.75730771 1.93148482 1.14914298
v -0.75045097 1.93772483 1.19691074
v -0.75181431 1.91215849 1.17576480
v -0.55247402 3.56311274 2.33526421
v -0.55467469 3.53693962 2.31785178
v -0.55852240 3.58439159 2.30595255
v -0.56102121 3.55926752 2.28709507
v -0.55096155 3.60622215 2.33871531
v -0.55458879 3.59759259 2.31396794
v -0.54855341 3.62322450 2.33419728
v -0.54834157 3.57561398 2.34424305
v -0.54306000 3.60389805 2.36081910
v -0.63348848 2.05012178 1.25253427
v -0.63925266 2.07040095 1.22459972
v -0.45854965 3.46782160 2.24562526
v -0.46431389 3.48810077 2.21769071
v -0.64706558 1.95231998 1.18541670
v -0.54641026 2.75823545 1.75019956
v -0.64456671 1.97744393 1.20427406
v -0.65311402 1.97359896 1.15610516
v -0.57195348 2.62303400 1.61032724
v -0.65091324 1.99977195 1.17351747
v -0.65581715 1.93467855 1.14688337
v -0.65724647 1.96109760 1.14712608
v -0.66252798 1.93281353 1.13055015
v -0.65099919 1.93911910 1.17740130
v -0.65703464 1.91348720 1.15717196
v -0.44811934 3.56457567 2.31479263
v -0.45195320 3.53837967 2.29770088
v -0.45416769 3.58585453 2.28548145
v -0.45829976 3.56070781 2.26694441
v -0.44937924 3.60764623 2.31878805
v -0.45513704 3.59898686 2.29445839
v -0.45377365 3.62455297 2.31560445
v -0.44888985 3.57700825 2.32473350
v -0.44828033 3.60522699 2.34222603
v -0.46257102 3.50126147 2.27373886
v -0.64613605 2.01365447 1.23167872
v -0.55289674 3.49999499 2.29145813
v -0.73646182 2.01238823 1.24939799
v -0.50118279 3.55414057 2.31981802
v -0.69792271 1.95976484 1.20296645
v -0.46912616 3.52432323 2.24197125
v -0.65269125 2.03671646 1.19991100
v -0.55945194 3.52305722 2.25969028
v -0.74301702 2.03545022 1.21763015
v -0.50766522 3.57694697 2.28840280
v -0.70440519 1.98257101 1.17155123
v -0.50846344 2.34609699 0.43795699
v 0.76150107 2.24467826 0.43788135
v -0.50894326 2.34018397 0.30971158
v 0.76102126 2.23876524 0.30963588
v 0.12421148 2.26658773 0.31375551
v 0.12466875 2.27222276 0.43597442
v -0.00382682 2.31625414 0.31194472
v -0.00336954 2.32188916 0.43416357
v 0.79378957 2.25446582 0.37304938
v 0.79080701 2.21711612 0.37478250
v -0.53879702 2.36088562 0.37312877
v -0.54177958 2.32353592 0.37486190
v 0.12654091 2.29566360 0.43895406
v -0.47736123 2.32144594 0.43865532
v -0.47439355 2.35860920 0.43693084
v -0.53530908 2.36245608 0.43397766
v -0.53813732 2.32703924 0.43562120
v 0.72688097 2.22527575 0.43858355
v 0.72984862 2.26243901 0.43685907
v 0.79060227 2.25656939 0.43389875
v 0.78777403 2.22115231 0.43554223
v 0.12605324 2.28965425 0.30861771
v -0.47783870 2.31556296 0.31105220
v -0.47487095 2.35272598 0.30932772
v -0.53576410 2.35684943 0.31236911
v -0.53859234 2.32143259 0.31401259
v 0.72640347 2.21939254 0.31098044
v 0.72937119 2.25655580 0.30925596
v 0.79014730 2.25096250 0.31229007
v 0.78731900 2.21554565 0.31393361
v 0.12441459 2.26908565 0.37487978
v 0.75604290 2.21637535 0.31687582
v -0.50758052 2.31728792 0.31695110
v 0.75647652 2.22171879 0.43276972
v -0.50714701 2.32263112 0.43284500
v -0.00571118 2.31956196 0.37303942
v 0.75915682 2.25537062 0.31506634
v -0.50446653 2.35628295 0.31514162
v 0.75959051 2.26071382 0.43096018
v -0.50403297 2.36162639 0.43103546
v 0.80345333 2.23858142 0.37374556
v -0.55085921 2.34673643 0.37382621
v -0.46825811 2.34270430 0.43875784
v -0.49805167 2.32430196 0.43901306
v -0.49527192 2.35911131 0.43739778
v -0.52527946 2.36062384 0.43612820
v -0.52792853 2.32745004 0.43766761
v 0.72126693 2.24770927 0.43868697
v 0.74776238 2.22481179 0.43893886
v 0.75054216 2.25962090 0.43732357
v 0.78040928 2.25635219 0.43605036
v 0.77776009 2.22317839 0.43758976
v -0.46874392 2.33671832 0.30892611
v -0.49853221 2.31838083 0.31058776
v -0.49575242 2.35319018 0.30897248
v -0.52575016 2.35482335 0.31032145
v -0.52839929 2.32164979 0.31186092
v 0.72078115 2.24172330 0.30885530
v 0.74728185 2.21889043 0.31051362
v 0.75006163 2.25369978 0.30889833
v 0.77993852 2.25055170 0.31024373
v 0.77728945 2.21737790 0.31178308
v -0.43974841 2.31192064 0.31205285
v 0.68821800 2.22184157 0.31198561
v 0.12420660 2.26652384 0.31763744
v 0.71600699 2.21935344 0.31488365
v -0.46757969 2.31387424 0.31495416
v -0.43927822 2.31771398 0.43770969
v 0.68868822 2.22763515 0.43764251
v 0.12463492 2.27180195 0.43211496
v 0.71645546 2.22488117 0.43477833
v -0.46713114 2.31940198 0.43484885
v -0.43667829 2.35036683 0.31026876
v 0.69128817 2.26028776 0.31020153
v -0.00541531 2.31680465 0.31580418
v 0.71914113 2.25859976 0.31306249
v -0.46444559 2.35312057 0.31313294
v -0.43620807 2.35616016 0.43592566
v 0.69175839 2.26608109 0.43585843
v -0.00498699 2.32208276 0.43028170
v 0.71958965 2.26412749 0.43295717
v -0.46399704 2.35864854 0.43302763
v 0.79490876 2.25666189 0.43001878
v 0.79448253 2.25141025 0.31611282
v 0.78095788 2.25350046 0.31874913
v 0.78136402 2.25850534 0.42730236
v 0.80193597 2.25262499 0.37310374
v 0.79198277 2.22002244 0.43171901
v 0.79155660 2.21477079 0.31781298
v 0.77789140 2.21510029 0.32053101
v 0.77829754 2.22010517 0.42908430
v 0.79914230 2.21764088 0.37472713
v -0.53954667 2.36323118 0.43009830
v -0.53997290 2.35797930 0.31619227
v -0.52628756 2.35789657 0.31882697
v -0.52588141 2.36290169 0.42738026
v -0.54713237 2.36036086 0.37318414
v -0.54247260 2.32659149 0.43179852
v -0.54289877 2.32133985 0.31789249
v -0.52935410 2.31949639 0.32060891
v -0.52894789 2.32450128 0.42916214
v -0.54992598 2.32537699 0.37480754
v -0.43976909 2.31965685 0.43963981
v -0.43698621 2.35450578 0.43802267
v 0.68948138 2.22947526 0.43957257
v 0.69226426 2.26432419 0.43795538
v -0.51733088 2.32489061 0.43762028
v 0.12475354 2.27328205 0.43894470
v -0.49696741 2.32231164 0.43667841
v -0.51441073 2.36145759 0.43592340
v 0.00273072 2.32061529 0.43721890
v -0.49390328 2.36068130 0.43489784
v -0.53976929 2.34862733 0.43493843
v -0.52458286 2.36273789 0.43294662
v -0.54622233 2.36204219 0.43024302
v -0.52759892 2.32496881 0.43469930
v -0.54887444 2.32883072 0.43178421
v 0.76689041 2.22233319 0.43754375
v 0.74637568 2.22301865 0.43660432
v 0.76981056 2.25890017 0.43584687
v 0.74943984 2.26138830 0.43482381
v 0.79281133 2.24220800 0.43485904
v 0.78005660 2.25854969 0.43286890
v 0.80131102 2.25442886 0.43016273
v 0.77704054 2.22078085 0.43462151
v 0.79865891 2.22121716 0.43170393
v -0.44025430 2.31367755 0.30995584
v -0.43747142 2.34852648 0.30833876
v 0.68899614 2.22349596 0.30988860
v 0.69177908 2.25834489 0.30827153
v -0.51780057 2.31910157 0.31206441
v 0.12427372 2.26736927 0.31069982
v -0.49742991 2.31661344 0.31308746
v -0.51488048 2.35566854 0.31036758
v 0.00225088 2.31470251 0.30897403
v -0.49436578 2.35498309 0.31130695
v -0.54022658 2.34299254 0.31271815
v -0.52503055 2.35722113 0.31328976
v -0.54664898 2.35678458 0.31620735
v -0.52804667 2.31945205 0.31504238
v -0.54930109 2.32357311 0.31774855
v 0.76642066 2.21654415 0.31198788
v 0.74591321 2.21732044 0.31301349
v 0.76934075 2.25311112 0.31029105
v 0.74897742 2.25569010 0.31123292
v 0.79235411 2.23657298 0.31263888
v 0.77960891 2.25303316 0.31321204
v 0.80088443 2.24917102 0.31612706
v 0.77659279 2.21526408 0.31496459
v 0.79823232 2.21595955 0.31766826
v 0.71668613 2.21936584 0.32050151
v -0.46824768 2.31399417 0.32057208
v 0.71709281 2.22437644 0.42917830
v -0.46784103 2.31900477 0.42924881
v 0.75942987 2.21869516 0.37482715
v -0.51054966 2.32011533 0.37490278
v 0.71985096 2.25899696 0.31866246
v -0.46508282 2.35362530 0.31873304
v 0.72025764 2.26400757 0.42733920
v -0.46467620 2.35863590 0.42740977
v 0.76255953 2.25788665 0.37300849
v -0.50741988 2.35930657 0.37308413
v 0.79680097 2.27864313 0.40502799
v -0.49889040 2.39087105 0.40837872
v 0.81997210 2.54615760 0.40504682
v -0.47571927 2.65838552 0.40839756
v 0.17164117 2.59597921 0.42984557
v 0.14955895 2.34103584 0.42982763
v 0.30536556 2.58439922 0.39014131
v 0.28328335 2.32945585 0.39012337
v -0.51928943 2.52739954 0.39316124
v -0.51919341 2.52738857 0.43066990
v 0.84029281 2.40963793 0.38964516
v 0.84038872 2.40962696 0.42715389
v 0.14876582 2.33257627 0.40647441
v 0.76338869 2.28221059 0.42722017
v 0.76329315 2.28222156 0.38989884
v 0.82590401 2.28309751 0.39061564
v 0.82599503 2.28308725 0.42618316
v -0.46524888 2.38863039 0.43039757
v -0.46534449 2.38864136 0.39307618
v -0.52686769 2.40026927 0.39411402
v -0.52677661 2.40025878 0.42968160
v 0.17231469 2.60445237 0.40649354
v 0.78644383 2.54838514 0.42723888
v 0.78634828 2.54839611 0.38991755
v 0.84787601 2.53676772 0.39063346
v 0.84796703 2.53675723 0.42620105
v -0.44219381 2.65480494 0.43041623
v -0.44228938 2.65481591 0.39309490
v -0.50489569 2.65393949 0.39413196
v -0.50480467 2.65392900 0.42969942
v 0.16060089 2.46850753 0.43015748
v -0.47354144 2.64521599 0.43141365
v 0.81568044 2.53354883 0.42807949
v -0.49448085 2.40346646 0.43139654
v 0.79474103 2.29179907 0.42806250
v 0.29650545 2.45673871 0.38980585
v -0.47364169 2.64522743 0.39225256
v 0.81558019 2.53356004 0.38891852
v -0.49458107 2.40347791 0.39223558
v 0.79464084 2.29181051 0.38890147
v -0.53033382 2.52835512 0.40827066
v 0.85141438 2.40867352 0.40469730
v 0.75562382 2.28054285 0.40535218
v 0.78451854 2.27951670 0.42598325
v 0.78442901 2.27952671 0.39102584
v 0.81521142 2.27961206 0.39176846
v 0.81529665 2.27960229 0.42508316
v -0.45799863 2.38566232 0.40849072
v -0.48653325 2.38961005 0.42927039
v -0.48662284 2.38962030 0.39431292
v -0.51692784 2.39499664 0.39521348
v -0.51684254 2.39498711 0.42852819
v 0.77908146 2.55136633 0.40537119
v 0.80772221 2.54740620 0.42600214
v 0.80763263 2.54741645 0.39104468
v 0.83794194 2.54203939 0.39178693
v 0.83802712 2.54202986 0.42510158
v -0.43454099 2.65648532 0.40850979
v -0.46332964 2.65749979 0.42928922
v -0.46341917 2.65750980 0.39433181
v -0.49419731 2.65742421 0.39523190
v -0.49411207 2.65741444 0.42854667
v 0.74735928 2.54972553 0.42798358
v -0.40345752 2.64940453 0.43095976
v 0.17094244 2.58790493 0.43008846
v -0.43235058 2.64585233 0.43143445
v 0.77521318 2.54125786 0.42831159
v 0.72465581 2.28761053 0.42796516
v -0.42616099 2.38728976 0.43094122
v 0.15025891 2.34910989 0.43007159
v -0.45401281 2.39575720 0.43141687
v 0.75355089 2.29116273 0.42829400
v 0.74726033 2.54973674 0.38937384
v -0.40355644 2.64941597 0.39234996
v 0.30632082 2.57618165 0.38989311
v -0.43245152 2.64586377 0.39202106
v 0.77511221 2.54126954 0.38889819
v 0.72455692 2.28762197 0.38935536
v -0.42625988 2.38730121 0.39233154
v 0.28563726 2.33738685 0.38987625
v -0.45411381 2.39576864 0.39200348
v 0.75344992 2.29117417 0.38888061
v -0.53053200 2.40868044 0.39351201
v -0.50995171 2.64628363 0.39352870
v -0.49655694 2.63949871 0.39260823
v -0.51617008 2.41306138 0.39259231
v -0.52769423 2.52812743 0.39437091
v -0.53043765 2.40866971 0.43030733
v -0.50985736 2.64627266 0.43032408
v -0.49645820 2.63948750 0.43117195
v -0.51607126 2.41305017 0.43115604
v -0.52760428 2.52811718 0.42950374
v 0.83095682 2.29075384 0.38999099
v 0.85153705 2.52835679 0.39000773
v 0.83717066 2.52397656 0.38915908
v 0.81755763 2.29753900 0.38914311
v 0.84870362 2.40890932 0.39081138
v 0.83105099 2.29074287 0.42678642
v 0.85163128 2.52834606 0.42680311
v 0.83726943 2.52396512 0.42772281
v 0.81765628 2.29752779 0.42770690
v 0.84879357 2.40889907 0.42594421
v 0.72494245 2.28335428 0.42615688
v 0.72485274 2.28336453 0.39115959
v -0.42718437 2.38314700 0.42913640
v -0.42727405 2.38315725 0.39413917
v 0.80437261 2.28081203 0.42681527
v 0.14901221 2.33475113 0.42890269
v 0.78369933 2.28466725 0.42777461
v 0.80427867 2.28082275 0.39009297
v 0.27645403 2.32371521 0.39106375
v 0.78360063 2.28467870 0.38924181
v 0.82928723 2.28216076 0.40477592
v 0.81522584 2.28607321 0.38946277
v 0.83762097 2.29004002 0.39169514
v 0.81532294 2.28606224 0.42739242
v 0.83770633 2.29003048 0.42504776
v -0.50586444 2.39429951 0.43020374
v -0.48483148 2.39454246 0.43105519
v -0.50595838 2.39431047 0.39348131
v -0.48493016 2.39455390 0.39252234
v -0.53028888 2.39992189 0.40829194
v -0.51584297 2.40136528 0.39290506
v -0.53721076 2.40912271 0.39525056
v -0.51574594 2.40135407 0.43083477
v -0.53712535 2.40911293 0.42860323
v 0.74837339 2.55386925 0.42617595
v 0.74828368 2.55387950 0.39117867
v -0.40375337 2.65366197 0.42915547
v -0.40384302 2.65367222 0.39415824
v 0.82705778 2.54271603 0.42683375
v 0.17218319 2.60226464 0.42892146
v 0.80602950 2.54247260 0.42779273
v 0.82696378 2.54272699 0.39011139
v 0.29962501 2.59122849 0.39108258
v 0.80593079 2.54248405 0.38925993
v 0.85136968 2.53710675 0.40479392
v 0.83684522 2.53567243 0.38948029
v 0.85822463 2.52791381 0.39171183
v 0.83694237 2.53566122 0.42741007
v 0.85831004 2.52790380 0.42506450
v -0.48317930 2.65620375 0.43022215
v -0.46250129 2.65234780 0.43107331
v -0.48327327 2.65621448 0.39349979
v -0.46260002 2.65235925 0.39254045
v -0.50820643 2.65486789 0.40830994
v -0.49422362 2.65096426 0.39292264
v -0.51660705 2.64699602 0.39526737
v -0.49412650 2.65095329 0.43085229
v -0.51652169 2.64698648 0.42861992
v -0.43405074 2.63421178 0.43162858
v 0.77488756 2.52949834 0.42850214
v -0.45368621 2.40751672 0.43161255
v 0.75525200 2.30280328 0.42848617
v -0.48725328 2.52462196 0.43151194
v 0.80845338 2.41239309 0.42816108
v -0.43415269 2.63422346 0.39182895
v 0.77478558 2.52950978 0.38870251
v -0.45378816 2.40752840 0.39181298
v 0.75515008 2.30281472 0.38868654
v -0.48735404 2.52463341 0.39215398
v 0.80835265 2.41240454 0.38880312
v 0.92965430 2.63561082 1.50081313
v 0.81909382 1.50092769 0.84506154
v 0.90981245 3.05779266 0.77363431
v 0.79925203 1.92310941 0.11788273
v 0.83196282 2.48193979 0.46429104
v 0.85087222 2.07959771 1.15729761
v 0.88259000 2.59673786 0.52955836
v 0.90149945 2.19439554 1.22256494
v 0.82169819 1.68311024 0.46434700
v 0.78433269 1.68539524 0.46669310
v 0.93771034 2.87374473 1.15243375
v 0.90034485 2.87602949 1.15477991
v 0.87476373 2.06481385 1.17885089
v 0.90472269 2.60865402 1.48340642
v 0.94190162 2.60638046 1.48107219
v 0.94586045 2.67065501 1.49554420
v 0.91042864 2.67282200 1.49776888
v 0.79988384 1.53269243 0.86159098
v 0.83706290 1.53041911 0.85925651
v 0.83042938 1.48598492 0.81090426
v 0.79499751 1.48815155 0.81312895
v 0.85459840 2.49387860 0.43981642
v 0.88498026 3.02872086 0.75987035
v 0.92215914 3.02644753 0.75753587
v 0.92704552 3.07098842 0.80599785
v 0.89161360 3.07315493 0.80822259
v 0.78014141 1.95275950 0.13805473
v 0.81732035 1.95048583 0.13572037
v 0.81161439 1.88631797 0.12135792
v 0.77618265 1.88848484 0.12358272
v 0.84109789 2.28078818 0.81081444
v 0.77754617 1.90701425 0.15597820
v 0.88755453 3.03603172 0.80845559
v 0.79547697 1.52549374 0.81312078
v 0.90548533 2.65451145 1.46559811
v 0.89255053 2.39745784 0.87714583
v 0.81655771 1.90462852 0.15352881
v 0.92656612 3.03364611 0.80600607
v 0.83448851 1.52310836 0.81067127
v 0.94449699 2.65212560 1.46314859
v 0.80572927 1.67432308 0.45968115
v 0.92363286 2.88436913 1.15898621
v 0.92605817 2.59707785 1.48455608
v 0.90777332 2.62580061 1.49639666
v 0.94259739 2.62367105 1.49421000
v 0.94418275 2.65477943 1.50229573
v 0.91099530 2.65680909 1.50437939
v 0.82250065 1.53426552 0.87033987
v 0.79931539 1.51269519 0.85311532
v 0.83413947 1.51056576 0.85092866
v 0.83051229 1.48817766 0.82809782
v 0.79732478 1.49020731 0.83018160
v 0.90597093 3.02448130 0.74838340
v 0.88790363 3.04857421 0.76819813
v 0.92272776 3.04644465 0.76601154
v 0.92471832 3.06893277 0.78894532
v 0.89153075 3.07096219 0.79102904
v 0.80241340 1.96166897 0.13416696
v 0.77944565 1.93546879 0.12491679
v 0.81426972 1.93333936 0.12273026
v 0.81104779 1.90233088 0.11474741
v 0.77786022 1.90436041 0.11683118
v 0.88116890 2.99148154 0.74573565
v 0.78297043 1.98367047 0.16330540
v 0.83231914 2.46921253 0.48625374
v 0.78059489 1.94936264 0.16530704
v 0.88363546 3.00686908 0.77645701
v 0.90061027 2.57782149 1.45823646
v 0.80241179 1.57001042 0.87580621
v 0.85003090 2.09235477 1.13536537
v 0.79914469 1.55467188 0.84513509
v 0.90218526 2.61217809 1.45628500
v 0.91963124 2.98912954 0.74332064
v 0.82143283 1.98131847 0.16089034
v 0.88357258 2.58543015 0.55232835
v 0.81985778 1.94696188 0.16284180
v 0.92289841 3.00446820 0.77399176
v 0.93907255 2.57546949 1.45582139
v 0.84087420 1.56765842 0.87339121
v 0.90128428 2.20857239 1.20143998
v 0.83840758 1.55227077 0.84266984
v 0.94144815 2.60977721 1.45381975
v 0.83007318 1.49480903 0.78682238
v 0.81244993 1.86978555 0.14095128
v 0.81492925 1.87307656 0.16309667
v 0.83172435 1.51572144 0.77861631
v 0.81979740 1.67581964 0.46016610
v 0.79341829 1.49705052 0.78912389
v 0.77579492 1.87202680 0.14325285
v 0.77651268 1.87542582 0.16550875
v 0.79330778 1.51807058 0.78102851
v 0.78479862 1.67795980 0.46236360
v 0.94624811 2.68711305 1.47587395
v 0.92862487 3.06208944 0.83000290
v 0.92873532 3.04106951 0.83809829
v 0.94553041 2.68371415 1.45361805
v 0.93724453 2.88118005 1.15676320
v 0.90959311 2.68935442 1.47817552
v 0.89196986 3.06433082 0.83230454
v 0.89031875 3.04341841 0.84051049
v 0.90711379 2.68606353 1.45603013
v 0.90224558 2.88332033 1.15896070
v 0.90277696 2.57165670 1.46987212
v 0.93764067 2.56952477 1.46768296
v 0.80446678 1.56269836 0.88677883
v 0.83933049 1.56056643 0.88458979
v 0.90834409 2.64773512 1.49823272
v 0.85225940 2.06962252 1.17432427
v 0.90551090 2.63276291 1.48216438
v 0.94492632 2.64549828 1.49593568
v 0.90050811 2.17902708 1.23652530
v 0.94389665 2.63041568 1.47975421
v 0.93208301 2.67349076 1.49988651
v 0.94596004 2.66429281 1.48444498
v 0.94511253 2.69284701 1.47972572
v 0.90817517 2.66660333 1.48681748
v 0.91188729 2.69487882 1.48181176
v 0.79654241 1.50031412 0.83511949
v 0.79726803 1.52186549 0.84015888
v 0.83312470 1.49807703 0.83282256
v 0.83565372 1.51951802 0.83774877
v 0.81607133 1.48286188 0.81180286
v 0.83238101 1.49862862 0.81078893
v 0.82779914 1.48885798 0.78392112
v 0.79459596 1.50093901 0.81316143
v 0.79457372 1.49088979 0.78600734
v 0.88271260 2.99857354 0.73453707
v 0.91757625 2.99644160 0.73234802
v 0.78440243 1.98961520 0.15144384
v 0.81926608 1.98748326 0.14925468
v 0.88891834 3.06106281 0.78630430
v 0.83241773 2.49180222 0.44714874
v 0.88638926 3.03962183 0.78137809
v 0.92550057 3.05882573 0.78400743
v 0.88066632 2.60120678 0.50934970
v 0.92477500 3.03727436 0.77896798
v 0.91317344 3.07583785 0.80687183
v 0.92744708 3.05820084 0.80596542
v 0.92746925 3.06825018 0.83311951
v 0.88966203 3.06051135 0.80833793
v 0.89424390 3.07028198 0.83520567
v 0.77711672 1.91364169 0.12319124
v 0.77814639 1.92872417 0.13937259
v 0.81369895 1.91140473 0.12089419
v 0.81653208 1.92637706 0.13696241
v 0.79716164 1.88520849 0.11878812
v 0.81386793 1.89253676 0.13230944
v 0.81015581 1.86426115 0.13731503
v 0.77608299 1.89484715 0.13468182
v 0.77693051 1.86629295 0.13940120
v 0.78121156 1.93030810 0.19677520
v 0.88436949 2.98901820 0.80862081
v 0.79802579 1.57254612 0.81299543
v 0.90118372 2.63125634 1.42484105
v 0.78613675 1.71342051 0.48291469
v 0.89669847 2.84811687 1.13867390
v 0.82085937 1.92788374 0.19428575
v 0.92401731 2.98659372 0.80613136
v 0.83767354 1.57012177 0.81050599
v 0.94083154 2.62883186 1.42235172
v 0.82534456 1.71102297 0.48045290
v 0.93590629 2.84571934 1.13621211
v 0.96790326 3.56442904 1.20539820
v 0.95504415 2.72791696 1.81528938
v 0.91688091 3.21843147 0.72976035
v 0.90402186 2.38191915 1.33965158
v 0.88861459 2.80971360 1.04732811
v 0.93723929 3.13945174 1.50061440
v 0.92915076 2.89371514 0.98187387
v 0.97777539 3.22345328 1.43516016
v 0.94446707 2.53336143 1.59154963
v 0.90710157 2.53564644 1.59389567
v 0.95796031 3.41112161 0.95158482
v 0.92059481 3.41340661 0.95393097
v 0.96211761 3.14897966 1.51420665
v 0.94542170 3.54326367 1.22137094
v 0.98260051 3.54099011 1.21903646
v 0.98115051 3.57302833 1.17875981
v 0.94571877 3.57519507 1.18098450
v 0.93322802 2.75004244 1.79969931
v 0.97040689 2.74776888 1.79736495
v 0.96772486 2.69966483 1.81551909
v 0.93229318 2.70183158 1.81774354
v 0.91026342 2.79734087 1.03081441
v 0.89465487 3.19899917 0.74811572
v 0.93183386 3.19672561 0.74578136
v 0.93276870 3.24493647 0.72773701
v 0.89733690 3.24710321 0.72996163
v 0.88246125 2.40577769 1.32644415
v 0.91964012 2.40350437 1.32410967
v 0.91934305 2.37157297 1.36449611
v 0.88391125 2.37373972 1.36672080
v 0.91260731 2.97460222 1.27399123
v 0.88357353 2.40207243 1.36247396
v 0.89636844 3.23440742 0.75562817
v 0.92968184 2.71474624 1.79230189
v 0.94247675 3.54708123 1.18545604
v 0.95380437 3.05997324 1.20746982
v 0.92258507 2.39968681 1.36002445
v 0.93538004 3.23202181 0.75317878
v 0.96869344 2.71236038 1.78985238
v 0.98148829 3.54469562 1.18300664
v 0.92933387 2.52712464 1.59770989
v 0.94304705 3.41919589 0.94731122
v 0.96759427 3.54008961 1.22766852
v 0.94697320 3.55799246 1.21283948
v 0.98179716 3.55586267 1.21065295
v 0.98076123 3.57209992 1.19147110
v 0.94757366 3.57412910 1.19355488
v 0.95554966 2.75656247 1.79892910
v 0.93435866 2.73738790 1.81113243
v 0.96918267 2.73525858 1.80894589
v 0.96754026 2.71205664 1.81851840
v 0.93435282 2.71408629 1.82060218
v 0.91594082 3.18981266 0.74614793
v 0.89587927 3.21150947 0.73653471
v 0.93070322 3.20938015 0.73434818
v 0.93070906 3.23268175 0.72487843
v 0.89752156 3.23471141 0.72696221
v 0.90389615 2.40628529 1.31740856
v 0.88326466 2.39090538 1.33482766
v 0.91808873 2.38877559 1.33264112
v 0.91748822 2.37263894 1.35192573
v 0.88430065 2.37466812 1.35400951
v 0.89401412 3.17654300 0.77008045
v 0.88259286 2.43356347 1.31177807
v 0.88991201 2.82017136 1.06169891
v 0.88305718 2.42304277 1.33584416
v 0.89504170 3.20265865 0.76743543
v 0.94400662 3.51555657 1.23611748
v 0.93258530 2.77257729 1.77781510
v 0.93545681 3.12902379 1.48627400
v 0.93075722 2.74651051 1.78051043
v 0.94274169 3.52612615 1.21210182
v 0.93247658 3.17419076 0.76766551
v 0.92105520 2.43121147 1.30936301
v 0.93094957 2.90521145 0.99543512
v 0.92232019 2.42064190 1.33337891
v 0.93430465 3.20025754 0.76497018
v 0.98246902 3.51320457 1.23370254
v 0.97104776 2.77022505 1.77540016
v 0.97649431 3.21406436 1.42001009
v 0.97002023 2.74410939 1.77804518
v 0.98200476 3.52372527 1.20963645
v 0.96676111 2.68642282 1.80324841
v 0.92144370 2.37911248 1.38079298
v 0.92352700 2.39524055 1.38413012
v 0.96671486 2.68810987 1.78673327
v 0.94320029 2.52800536 1.59558165
v 0.93010610 2.68866444 1.80554986
v 0.88478863 2.38135362 1.38309455
v 0.88511038 2.39758968 1.38654232
v 0.92829823 2.69045901 1.78914535
v 0.90820152 2.53014565 1.59777904
v 0.98027313 3.56541443 1.16238606
v 0.93495578 3.25810361 0.73993075
v 0.93676364 3.25630903 0.75633520
v 0.97995156 3.54917836 1.15893829
v 0.95686042 3.41662240 0.94770151
v 0.94361818 3.56765556 1.16468763
v 0.89830083 3.26034522 0.74223220
v 0.89834696 3.25865817 0.75874734
v 0.94153488 3.55152750 1.16135049
v 0.92186153 3.41876268 0.94989902
v 0.94661355 3.52130175 1.24316406
v 0.98147726 3.51916981 1.24097502
v 0.93517929 2.77747655 1.78547823
v 0.97004294 2.77534461 1.78328919
v 0.94571769 3.56682444 1.19835114
v 0.93935901 3.14752460 1.51173127
v 0.94421816 3.55076575 1.20457959
v 0.98229992 3.56458759 1.19605422
v 0.97799081 3.22757936 1.44935203
v 0.98260391 3.54841852 1.20216942
v 0.96719098 3.57691312 1.17917895
v 0.98183113 3.56331778 1.18017447
v 0.97865027 3.57000113 1.15959394
v 0.94404626 3.56562829 1.18254697
v 0.94542503 3.57203293 1.16168010
v 0.93271422 2.72092199 1.81508899
v 0.93162858 2.73178911 1.80168605
v 0.96929651 2.71868491 1.81279206
v 0.97001433 2.72944188 1.79927576
v 0.95369786 2.69915676 1.81914091
v 0.96862108 2.70396590 1.80671799
v 0.96500587 2.68239570 1.80673671
v 0.93083608 2.70627642 1.80909038
v 0.93178052 2.68442750 1.80882287
v 0.89501888 3.17142344 0.76219141
v 0.92988259 3.16929150 0.76000237
v 0.88358462 2.42759824 1.30450559
v 0.91844827 2.42546630 1.30231655
v 0.89576536 3.22808313 0.73268855
v 0.88833696 2.80152845 1.03609562
v 0.89504761 3.21732616 0.74620479
v 0.93234760 3.22584605 0.73039168
v 0.92696857 2.88158321 0.97371644
v 0.93343329 3.21497893 0.74379462
v 0.91856569 3.24717093 0.72588748
v 0.93422580 3.24049163 0.73639023
v 0.93328130 3.26234055 0.73665774
v 0.89644086 3.24280214 0.73876274
v 0.90005600 3.26437235 0.73874384
v 0.88276190 2.38218045 1.34942639
v 0.88245797 2.39834952 1.34331119
v 0.91934413 2.37994361 1.34712934
v 0.92084372 2.39600229 1.34090090
v 0.90507251 2.36941457 1.36584949
v 0.92101562 2.38113952 1.36293364
v 0.91963685 2.37473512 1.38380051
v 0.88323057 2.38345027 1.36530614
v 0.88641143 2.37676692 1.38588667
v 0.88508946 2.43774343 1.35698223
v 0.89708757 3.21824646 0.78792655
v 0.92832649 2.73094606 1.76004362
v 0.94032460 3.51144910 1.19098783
v 0.90649742 2.55632186 1.57892036
v 0.91935664 3.39284372 0.96902215
v 0.92473727 2.43531895 1.35449278
v 0.93673539 3.21582198 0.78543711
v 0.96797436 2.72852159 1.75755405
v 0.97997248 3.50902462 1.18849838
v 0.94570524 2.55392432 1.57645845
v 0.95856446 3.39044619 0.96656024
v 0.97714174 3.52366710 1.39223111
v 1.09253287 4.05368090 2.71381760
v 0.94508517 2.62756491 1.75440586
v 1.06047630 3.15757847 3.07599258
v 0.98049825 2.91503572 2.40813589
v 1.01104844 3.76902747 2.06298065
v 1.00778818 2.85789561 2.26917434
v 1.03833830 3.71188736 1.92401898
v 1.09460068 3.61776447 2.92653155
v 1.05723512 3.62004948 2.92887783
v 0.97351962 3.06161594 1.53977716
v 0.93615413 3.06390095 1.54212320
v 1.03532648 3.79596472 2.05005789
v 0.95802617 3.53648376 1.42871785
v 0.99520516 3.53421021 1.42638350
v 0.98805481 3.48793197 1.37159503
v 0.95262307 3.49009848 1.37381995
v 1.06744576 4.03906870 2.68191051
v 1.10462475 4.03679514 2.67957640
v 1.10852945 4.04129457 2.75140285
v 1.07309759 4.04346132 2.75362778
v 1.00274730 2.88525295 2.41813731
v 0.92613012 2.64487052 1.78907835
v 0.96330899 2.64259672 1.78674400
v 0.95765716 2.63820410 1.71502686
v 0.92222536 2.64037085 1.71725166
v 1.03554964 3.14745498 3.04227114
v 1.07272851 3.14518142 3.03993702
v 1.07813179 3.19156694 3.09483480
v 1.04269993 3.19373345 3.09705949
v 0.99545377 3.34205103 2.23557854
v 1.03879428 3.20081067 3.05669260
v 0.92397946 2.67344356 1.74170470
v 1.06776369 4.01060772 2.72939968
v 0.95294875 3.48324013 1.41441154
v 1.02318859 3.28397942 2.09435105
v 1.07780600 3.19842529 3.05424309
v 0.96299100 2.67105794 1.73925507
v 1.10677528 4.00822163 2.72695017
v 0.99196023 3.48085475 1.41196215
v 1.08056438 3.62321687 2.93877935
v 0.95750934 3.05800080 1.52941585
v 0.98077697 3.54600739 1.43185961
v 0.95741773 3.53060961 1.40585184
v 0.99224174 3.52848005 1.40366530
v 0.98837614 3.50688744 1.37626004
v 0.95518851 3.50891662 1.37834394
v 1.08885932 4.04245043 2.66973734
v 1.07061446 4.05054426 2.70230651
v 1.10543859 4.04841471 2.70011997
v 1.10701323 4.05181026 2.73502350
v 1.07382560 4.05383968 2.73710704
v 0.94832391 2.63882208 1.79851389
v 0.92531615 2.63325095 1.76853454
v 0.96014023 2.63112116 1.76634812
v 0.95692915 2.62782574 1.73154759
v 0.92374158 2.62985516 1.73363137
v 1.05640614 3.13526464 3.03639126
v 1.03851295 3.15318537 3.06498933
v 1.07333696 3.15105557 3.06280279
v 1.07556617 3.17274880 3.09031081
v 1.04237854 3.17477798 3.09239483
v 0.92919689 2.66762567 1.82605875
v 1.03168583 3.13837695 2.99987531
v 0.98122340 2.94209647 2.39721990
v 1.03453255 3.17013931 3.02070475
v 0.92698991 2.67617512 1.78900695
v 0.96060646 3.54564023 1.47119439
v 1.06309533 4.01639175 2.64501095
v 1.00983846 3.74199629 2.07392693
v 1.06450176 4.00789118 2.68211293
v 0.95695913 3.51392674 1.45041525
v 0.96765929 2.66527367 1.82364368
v 1.07014835 3.13602519 2.99746060
v 1.00885081 2.88424969 2.25653958
v 1.07379556 3.16773844 3.01823950
v 0.96625298 2.67377424 1.78654158
v 0.99906886 3.54328823 1.46877933
v 1.10155785 4.01403952 2.64259601
v 1.03746581 3.68414950 1.93324661
v 1.10376489 4.00549030 2.67964768
v 0.99622208 3.51152611 1.44795012
v 1.10856640 4.01612949 2.76668644
v 1.08009410 3.22022271 3.08836555
v 1.08040762 3.23319197 3.06659412
v 1.10754204 3.99169660 2.76003146
v 1.09416604 3.62127614 2.93518186
v 1.07191145 4.01837111 2.76898837
v 1.04343903 3.22246432 3.09066725
v 1.04199123 3.23554134 3.06900644
v 1.06912553 3.99404597 2.76244354
v 1.05916727 3.62341642 2.93737912
v 0.98731560 3.45920110 1.37798750
v 0.95884323 2.66329432 1.69966662
v 0.96162933 2.68761945 1.70621097
v 0.98876351 3.44612408 1.39964831
v 0.97158742 3.05824900 1.53127551
v 0.95066065 3.46144271 1.38028896
v 0.92218834 2.66553569 1.70196819
v 0.92321259 2.68996859 1.70862305
v 0.95034689 3.44847345 1.40206051
v 0.93658870 3.06038928 1.53347301
v 0.96285087 3.55933166 1.46472681
v 0.99771440 3.55719972 1.46253788
v 1.06545639 4.03061867 2.63987970
v 1.10032010 4.02848721 2.63769078
v 0.95443517 3.51262379 1.38997471
v 1.01272261 3.79002428 2.05441380
v 0.95514494 3.51434398 1.41407573
v 0.99101740 3.51038694 1.38767779
v 1.03873038 3.73556900 1.92198086
v 0.99353063 3.51199698 1.41166556
v 0.97371316 3.48954034 1.36814749
v 0.98995382 3.48548007 1.38534558
v 0.98502290 3.45703006 1.37110734
v 0.95216894 3.48779058 1.38771796
v 0.95179743 3.45906138 1.37319350
v 1.07112181 4.04858780 2.72639799
v 1.06811714 4.03324747 2.70795918
v 1.10770380 4.04635048 2.72410107
v 1.10650289 4.03090000 2.70554924
v 1.09479380 4.04568672 2.75489569
v 1.10849571 4.02996492 2.74301672
v 1.10746205 4.01941633 2.77341604
v 1.07071078 4.03227568 2.74538898
v 1.07423663 4.02144814 2.77550197
v 0.93043458 2.65317845 1.83096397
v 0.96529830 2.65104651 1.82877493
v 1.03304017 3.12446570 3.00611687
v 1.06790400 3.12233377 3.00392771
v 0.92305076 2.63531494 1.74455380
v 0.98066610 2.89392591 2.41658688
v 0.92425179 2.65076542 1.76310563
v 0.95963305 2.63307786 1.74225688
v 1.00667393 2.83947062 2.28415394
v 0.96263754 2.64841795 1.76069558
v 0.94316268 2.63553858 1.71330667
v 0.96004415 2.64938974 1.72326553
v 0.95651811 2.66021729 1.69315267
v 0.92225903 2.65170026 1.72563791
v 0.92329270 2.66224885 1.69523871
v 1.03973734 3.17127848 3.08097696
v 1.03722405 3.16966844 3.05698919
v 1.07631958 3.16904140 3.07867980
v 1.07560968 3.16732144 3.05457878
v 1.06424320 3.19168472 3.10005498
v 1.07858586 3.19387484 3.08093691
v 1.07895732 3.22260404 3.09546137
v 1.04080093 3.19618535 3.08330917
v 1.04573190 3.22463536 3.09754729
v 1.03580332 3.20962429 3.00557756
v 0.92813832 2.71509767 1.77247787
v 1.06296861 3.96899223 2.69866633
v 0.95530349 3.47446561 1.46556640
v 1.05346966 3.60704160 2.89635944
v 0.93807721 3.07702160 1.57475710
v 1.07545125 3.20719981 3.00308847
v 0.96778601 2.71267319 1.76998854
v 1.10261643 3.96656775 2.69617653
v 0.99495137 3.47204113 1.46307707
v 1.09267759 3.60464382 2.89389753
v 0.97728497 3.07462382 1.57229543
v 0.83888251 2.55657101 0.57856852
v -0.48053071 2.66202521 0.56523955
v 0.85895276 2.81242347 0.61606812
v -0.46046039 2.91787791 0.60273916
v 0.19824590 2.85560656 0.63290560
v 0.17911884 2.61177731 0.59716821
v 0.33542100 2.85072708 0.59278089
v 0.31629395 2.60689783 0.55704349
v -0.50267583 2.79489017 0.56751758
v -0.50353336 2.78916049 0.60706866
v 0.88179791 2.68423581 0.58150375
v 0.88094038 2.67850614 0.62105489
v 0.17901753 2.60724735 0.57135707
v 0.80428672 2.55656385 0.60162669
v 0.80513984 2.56226468 0.56227309
v 0.86879230 2.56305885 0.56471264
v 0.86797917 2.55762577 0.60221696
v -0.44684505 2.65656066 0.58898753
v -0.44599184 2.66226172 0.54963392
v -0.50874621 2.67315888 0.55079651
v -0.50955927 2.66772580 0.58830082
v 0.19941495 2.86727118 0.60946810
v 0.82425636 2.81113434 0.63893855
v 0.82510954 2.81683564 0.59958488
v 0.88782382 2.80567050 0.60027164
v 0.88701069 2.80023742 0.63777590
v -0.42687532 2.91113162 0.62629932
v -0.42602214 2.91683245 0.58694571
v -0.48971462 2.91577053 0.58635545
v -0.49052772 2.91033745 0.62385976
v 0.18867503 2.73364305 0.61537522
v -0.45865938 2.90177631 0.62524569
v 0.85416585 2.79684854 0.63850808
v -0.47679660 2.67056561 0.59135777
v 0.83602870 2.56563783 0.60462022
v 0.32808656 2.72868395 0.57459635
v -0.45776412 2.90775847 0.58395219
v 0.85506117 2.80283070 0.59721464
v -0.47590137 2.67654753 0.55006433
v 0.83692396 2.57161975 0.56332672
v -0.51430655 2.79348850 0.58330548
v 0.89273906 2.68103027 0.59751970
v 0.79696763 2.55829501 0.57814461
v 0.82584476 2.55419803 0.60047841
v 0.82664388 2.55953813 0.56361735
v 0.85793298 2.55953884 0.56518048
v 0.85717130 2.55444980 0.60030931
v -0.43887407 2.65706992 0.56565988
v -0.46847776 2.65764689 0.58740294
v -0.46767858 2.66298699 0.55054188
v -0.49859536 2.66795969 0.55147660
v -0.49935699 2.66287041 0.58660543
v 0.81728607 2.81731200 0.61610794
v 0.84594315 2.81040931 0.63803059
v 0.84674221 2.81574941 0.60116953
v 0.87762159 2.81052566 0.60196698
v 0.87685990 2.80543661 0.63709581
v -0.41855559 2.91608691 0.60362327
v -0.44837937 2.91385818 0.62495506
v -0.44758019 2.91919827 0.58809400
v -0.47890678 2.91894650 0.58826309
v -0.47966844 2.91385746 0.62339193
v 0.78446656 2.81226158 0.63893294
v -0.38741964 2.90592504 0.62709427
v 0.19763459 2.84784746 0.63203043
v -0.41677254 2.90242505 0.62638366
v 0.81289947 2.80414319 0.63880605
v 0.76480144 2.56157351 0.60219026
v -0.40708470 2.65523696 0.59035158
v 0.17971903 2.61946225 0.59855670
v -0.43553585 2.66323256 0.59132588
v 0.79413617 2.56495070 0.60374826
v 0.78534925 2.81815934 0.59822083
v -0.38653693 2.91182256 0.58638215
v 0.33650628 2.84290743 0.59140944
v -0.41587156 2.90844536 0.58482414
v 0.81380039 2.81016374 0.59724653
v 0.76568419 2.56747127 0.56147814
v -0.40620202 2.66113448 0.54963946
v 0.31859070 2.61452246 0.55793566
v -0.43463486 2.66925311 0.54976636
v 0.79503709 2.57097125 0.56218874
v -0.51256776 2.68129086 0.55123043
v -0.49474159 2.90853572 0.58453709
v -0.48100549 2.90220141 0.58296502
v -0.49799395 2.68563557 0.55122352
v -0.51126480 2.79539299 0.56868362
v -0.51340890 2.67567015 0.59002948
v -0.49558276 2.90291500 0.62333614
v -0.48188719 2.89631081 0.62362868
v -0.49887562 2.67974472 0.59188712
v -0.51206791 2.79002619 0.60572958
v 0.87384731 2.57048130 0.56523633
v 0.89167345 2.79772615 0.59854299
v 0.87714022 2.79365134 0.59668529
v 0.86015171 2.57708549 0.56494373
v 0.89033246 2.68337011 0.58284283
v 0.87300611 2.56486058 0.60403532
v 0.89083230 2.79210544 0.63734198
v 0.87625849 2.78776073 0.63734889
v 0.85927010 2.57119489 0.60560739
v 0.88952935 2.67800331 0.61988878
v 0.76519465 2.55777907 0.59970367
v 0.76599473 2.56312513 0.56280065
v -0.40802550 2.65154886 0.58785158
v -0.40722534 2.65689516 0.55094856
v 0.84600025 2.55533099 0.60202992
v 0.17866842 2.60590768 0.59531230
v 0.82489860 2.55885005 0.60305721
v 0.84683985 2.56094027 0.56330794
v 0.30939880 2.60125709 0.55707276
v 0.82577938 2.56473613 0.56242615
v 0.87188494 2.56000733 0.57959896
v 0.85792190 2.56606936 0.56364095
v 0.88059145 2.56954598 0.56710112
v 0.85705477 2.56027532 0.60363609
v 0.87982893 2.56445122 0.60226983
v -0.48822469 2.66196895 0.58855134
v -0.46685669 2.66209364 0.59000766
v -0.48738515 2.66757870 0.54982930
v -0.46597582 2.66797996 0.54937661
v -0.51258242 2.67066121 0.56561273
v -0.49751636 2.67440295 0.54994810
v -0.51941079 2.68144155 0.55295795
v -0.49838346 2.66860914 0.58994317
v -0.52017331 2.67634678 0.58812678
v 0.78548992 2.81650114 0.63762391
v 0.78628999 2.82184744 0.60072088
v -0.38773021 2.91027093 0.62577176
v -0.38693008 2.91561723 0.58886874
v 0.86564970 2.80581760 0.63874310
v 0.19873856 2.86175895 0.63281173
v 0.84424043 2.80541635 0.63919580
v 0.86648929 2.81142735 0.60002106
v 0.32946897 2.85710859 0.59457213
v 0.84512120 2.81130242 0.59856474
v 0.89101225 2.80383945 0.61533672
v 0.87664795 2.80478716 0.59862930
v 0.89843786 2.79704952 0.60044569
v 0.87578088 2.79899335 0.63862431
v 0.89767534 2.79195476 0.63561445
v -0.46857533 2.91245580 0.62526447
v -0.44751486 2.90866017 0.62614626
v -0.46773580 2.91806531 0.58654249
v -0.44663402 2.91454625 0.58551520
v -0.49345511 2.91449308 0.60135061
v -0.47879025 2.91312099 0.58493632
v -0.50156438 2.90894485 0.58630258
v -0.47965735 2.90732694 0.62493145
v -0.50232691 2.90385032 0.62147129
v -0.41835457 2.89126134 0.62494022
v 0.81271708 2.79286766 0.63737673
v -0.43536240 2.67444897 0.59316260
v 0.79570925 2.57605529 0.60559911
v -0.47103196 2.78641987 0.60837227
v 0.84839666 2.68096423 0.62170136
v -0.41744474 2.89734101 0.58297336
v 0.81362695 2.79894733 0.59540987
v -0.43445253 2.68052840 0.55119568
v 0.79661918 2.58213496 0.56363219
v -0.47013217 2.79243207 0.56687105
v 0.84929651 2.68697643 0.58020014
v -0.48274377 2.93574190 0.74093544
v 0.82319319 2.80586362 0.77035058
v -0.47773507 2.94866514 0.57562762
v 0.82820183 2.81878734 0.60504270
v 0.17287622 2.86048269 0.59235811
v 0.16810292 2.84816647 0.74989766
v 0.04180457 2.91294217 0.59248787
v 0.03703127 2.90062594 0.75002754
v 0.85937822 2.82431102 0.68965417
v 0.85574555 2.78710103 0.68663502
v -0.51095468 2.96059322 0.65878862
v -0.51458728 2.92338324 0.65576947
v 0.17020606 2.87092447 0.75700897
v -0.45108002 2.91048384 0.73950332
v -0.44746557 2.94750810 0.74250734
v -0.50999123 2.95316172 0.73716432
v -0.51343584 2.91787744 0.73430139
v 0.78727281 2.78732729 0.76739609
v 0.79088730 2.82435155 0.77040011
v 0.85347718 2.81756210 0.76787525
v 0.85003263 2.78227782 0.76501238
v 0.17529640 2.88405871 0.58900601
v -0.44609642 2.92334270 0.57502353
v -0.44248199 2.96036696 0.57802755
v -0.50524175 2.96541643 0.58041131
v -0.50868636 2.93013215 0.57754844
v 0.79225647 2.80018616 0.60291630
v 0.79587090 2.83721042 0.60592031
v 0.85822672 2.82981682 0.61112231
v 0.85478204 2.79453254 0.60825938
v 0.17045850 2.85400629 0.67110205
v 0.82247037 2.79564714 0.61107653
v -0.47694582 2.92487669 0.58180827
v 0.81794411 2.78396821 0.76046324
v -0.48147210 2.91319776 0.73119509
v 0.03724989 2.90732098 0.67123395
v 0.82626301 2.83449650 0.61422861
v -0.47315320 2.96372604 0.58496040
v 0.82173669 2.82281756 0.76361537
v -0.47767952 2.95204711 0.73434711
v 0.86908829 2.80823946 0.68869185
v -0.52358592 2.94674349 0.65732312
v -0.44143686 2.93133235 0.74287176
v -0.47235650 2.91374087 0.73964691
v -0.46897089 2.94842005 0.74246067
v -0.49978453 2.95079875 0.74001348
v -0.50301099 2.91774917 0.73733199
v 0.78178203 2.80968070 0.77042371
v 0.80874604 2.78633261 0.76850259
v 0.81213164 2.82101178 0.77131641
v 0.84288841 2.81726742 0.77025604
v 0.83966196 2.78421760 0.76757449
v -0.43636620 2.94441533 0.57551938
v -0.46734077 2.92668247 0.57410723
v -0.46395516 2.96136165 0.57692105
v -0.49487108 2.96347666 0.57784915
v -0.49809751 2.93042684 0.57516766
v 0.78685272 2.82276392 0.60307133
v 0.81376177 2.79927421 0.60296297
v 0.81714731 2.83395338 0.60577673
v 0.84780180 2.82994509 0.60809171
v 0.84457541 2.79689550 0.60541022
v -0.40697879 2.91870522 0.57710934
v 0.75293791 2.80334926 0.60323542
v 0.17270148 2.85985136 0.59732771
v 0.78138441 2.79981613 0.60756099
v -0.43572798 2.92086029 0.58014655
v -0.41188630 2.90604258 0.73908049
v 0.74803036 2.79068661 0.76520658
v 0.16823050 2.84831500 0.74488878
v 0.77670181 2.78773403 0.76210469
v -0.44041052 2.90877843 0.73469025
v -0.40323949 2.95700765 0.58021706
v 0.75667715 2.84165168 0.60634315
v 0.04000870 2.91295958 0.59745914
v 0.78520143 2.83891582 0.61073339
v -0.43191090 2.95996022 0.58331895
v -0.40814701 2.94434500 0.74218827
v 0.75176960 2.82898903 0.76831436
v 0.03553772 2.90142322 0.74502021
v 0.78051889 2.82683396 0.76527709
v -0.43659347 2.94787836 0.73786271
v 0.85808009 2.81812239 0.76305926
v 0.86252880 2.82960081 0.61623490
v 0.84851956 2.83159971 0.61944079
v 0.84428000 2.82066059 0.75936550
v 0.86773741 2.82228971 0.68974942
v 0.85451657 2.78161979 0.76009762
v 0.85896522 2.79309845 0.61327326
v 0.84478480 2.79334283 0.61633676
v 0.84054524 2.78240371 0.75626147
v 0.86433494 2.78743649 0.68692154
v -0.51417434 2.95459580 0.73215044
v -0.50972563 2.96607447 0.58532608
v -0.49575430 2.96529055 0.58916217
v -0.49999386 2.95435143 0.72908688
v -0.51954401 2.96025777 0.65850210
v -0.51773787 2.91809344 0.72918874
v -0.51328921 2.92957187 0.58236438
v -0.49948916 2.92703366 0.58605820
v -0.50372869 2.91609454 0.72598284
v -0.52294660 2.92540455 0.65567422
v -0.41245025 2.90769720 0.74180645
v -0.40906084 2.94241595 0.74462342
v 0.74878681 2.79220986 0.76796228
v 0.75217623 2.82692862 0.77077919
v -0.49213332 2.91497374 0.73728180
v 0.16807479 2.84878016 0.75385582
v -0.47116464 2.91208458 0.73641592
v -0.48857686 2.95140386 0.74023759
v 0.04316108 2.89877486 0.75397956
v -0.46743292 2.95031071 0.73951745
v -0.51480454 2.93941569 0.73634076
v -0.49890155 2.95334411 0.73624784
v -0.52106780 2.95355034 0.73194396
v -0.50257492 2.91571617 0.73319483
v -0.52429795 2.92046332 0.72925937
v 0.82846421 2.78363776 0.76702708
v 0.80739683 2.78492904 0.76521438
v 0.83202064 2.82006812 0.76998287
v 0.81112862 2.82315540 0.76831585
v 0.85552216 2.80313396 0.76720619
v 0.84269249 2.81992006 0.76646602
v 0.86463517 2.81573939 0.76315576
v 0.83901912 2.78229213 0.76341307
v 0.86140501 2.78265238 0.76047117
v -0.40738532 2.92076564 0.57464445
v -0.40399590 2.95548439 0.57746142
v 0.75385171 2.80527830 0.60080022
v 0.75724107 2.83999705 0.60361725
v -0.48722973 2.92762637 0.57544076
v 0.17308344 2.86170363 0.58854872
v -0.46633777 2.92453909 0.57710779
v -0.48367327 2.96405649 0.57839656
v 0.04816975 2.91169834 0.58867240
v -0.46260598 2.96276522 0.58020931
v -0.51003116 2.95173192 0.57879937
v -0.49422821 2.96540236 0.58201063
v -0.51661408 2.96504211 0.58495253
v -0.49790159 2.92777443 0.57895762
v -0.51984423 2.93195486 0.58226788
v 0.83336771 2.79629040 0.60518605
v 0.81222373 2.79738355 0.60590619
v 0.83692414 2.83272052 0.60814184
v 0.81595558 2.83560991 0.60900778
v 0.86029547 2.81545019 0.60966480
v 0.84736580 2.83197808 0.61222881
v 0.86908883 2.82723093 0.61616427
v 0.84369242 2.79435015 0.60917586
v 0.86585867 2.79414392 0.61347967
v 0.78183919 2.79899049 0.61479086
v -0.43665847 2.92017245 0.58734530
v 0.77759486 2.78803897 0.75487483
v -0.44090283 2.90922093 0.72742927
v 0.82346565 2.78938484 0.68583554
v -0.48248658 2.91926455 0.65642017
v 0.78569376 2.83847332 0.61799443
v -0.43280399 2.95965528 0.59054881
v 0.78144938 2.82752180 0.75807840
v -0.43704838 2.94870377 0.73063278
v 0.82727742 2.82842970 0.68900353
v -0.47867480 2.95830941 0.65958810
v 0.82136422 2.56681824 0.41407120
v -0.46302882 2.67885923 0.41085422
v 0.81697327 2.52204752 0.60792112
v -0.46741977 2.63408852 0.60470408
v 0.17293537 2.55667877 0.59653085
v 0.17712003 2.59934521 0.41179055
v 0.30890334 2.58330297 0.60575974
v 0.31308794 2.62596965 0.42101943
v -0.49560362 2.67409396 0.51116043
v -0.49875778 2.63769245 0.50268185
v 0.85212290 2.55652833 0.51453608
v 0.84896868 2.52012658 0.50605756
v 0.17922275 2.62342572 0.41093421
v 0.78625977 2.54815221 0.40947676
v 0.78939813 2.58437204 0.41791296
v 0.85074759 2.57710767 0.42239934
v 0.84775668 2.54258990 0.41435957
v -0.43166402 2.65439487 0.40642619
v -0.42852563 2.69061470 0.41486239
v -0.49022788 2.69408441 0.41904056
v -0.49321878 2.65956664 0.41100079
v 0.17476018 2.57792521 0.60794455
v 0.78189075 2.50360584 0.60235560
v 0.78502911 2.53982568 0.61079180
v 0.84658390 2.53465414 0.60621715
v 0.84359300 2.50013638 0.59817737
v -0.43603304 2.60984850 0.59930503
v -0.43289465 2.64606833 0.60774124
v -0.49439156 2.65163088 0.60285842
v -0.49738252 2.61711311 0.59481865
v 0.17500071 2.57770085 0.50408816
v -0.46593794 2.61361909 0.59017235
v 0.81204188 2.50213766 0.59337330
v -0.46196991 2.65407777 0.41499257
v 0.81600994 2.54259634 0.41819352
v 0.31318545 2.60475922 0.51346749
v -0.46264482 2.65162420 0.59902447
v 0.81533504 2.54014277 0.60222542
v -0.45867679 2.69208288 0.42384470
v 0.81930304 2.58060145 0.42704564
v -0.50785816 2.66041660 0.50772405
v 0.86184114 2.54093432 0.51115471
v 0.78069633 2.57043171 0.41272128
v 0.80739546 2.54760909 0.40917510
v 0.81033504 2.58153462 0.41707700
v 0.84049857 2.57763934 0.41894627
v 0.83769697 2.54530811 0.41141570
v -0.42234319 2.67537594 0.40970802
v -0.45257279 2.65751934 0.40601927
v -0.44963321 2.69144487 0.41392118
v -0.48002446 2.69283199 0.41563874
v -0.48282596 2.66050053 0.40810823
v 0.77625096 2.52510738 0.60896868
v 0.80299830 2.50277591 0.60329682
v 0.80593789 2.53670120 0.61119872
v 0.83619112 2.53372025 0.60910976
v 0.83338952 2.50138879 0.60157925
v -0.42678854 2.63005161 0.60595542
v -0.45696992 2.61268592 0.60014099
v -0.45403033 2.64661145 0.60804290
v -0.48433191 2.64891267 0.60580230
v -0.48713341 2.61658120 0.59827173
v 0.74329871 2.50668502 0.60064244
v -0.39748275 2.60619855 0.59778512
v 0.17304744 2.55779362 0.59062511
v -0.42554390 2.60926771 0.59326893
v 0.77148968 2.50484753 0.59626716
v 0.74760115 2.55055189 0.41070545
v -0.39318043 2.65006542 0.40784806
v 0.17696702 2.59775805 0.41758621
v -0.42143890 2.65112305 0.41204172
v 0.77559471 2.54670286 0.41503996
v 0.74654549 2.54415536 0.60936993
v -0.39423603 2.64366865 0.60651255
v 0.31069705 2.58474755 0.59996808
v -0.42222956 2.64751792 0.60217804
v 0.77480400 2.54309750 0.60517627
v 0.75084788 2.58802223 0.41943288
v -0.38993368 2.68753552 0.41657549
v 0.31461665 2.62471175 0.42692930
v -0.41812453 2.68937325 0.42095083
v 0.77890903 2.58495283 0.42394906
v -0.49462852 2.69371247 0.42499000
v -0.49852863 2.65394807 0.59716493
v -0.48460299 2.65454006 0.59335381
v -0.48088628 2.69243598 0.42926979
v -0.50403810 2.67366815 0.51087105
v -0.49772266 2.65800309 0.41667265
v -0.50162274 2.61823869 0.58884758
v -0.48784587 2.61711454 0.58463675
v -0.48412916 2.65501046 0.42055273
v -0.50699240 2.63957238 0.50292951
v 0.85498786 2.57598209 0.42837036
v 0.85108775 2.53621745 0.60054535
v 0.83749425 2.53921008 0.59666526
v 0.84121096 2.57710600 0.43258125
v 0.86035752 2.55464840 0.51428849
v 0.85189372 2.54027271 0.42005306
v 0.84799367 2.50050807 0.59222800
v 0.83425140 2.50178456 0.58794820
v 0.83796805 2.53968072 0.42386419
v 0.85740316 2.52055240 0.50634694
v 0.74847120 2.55295134 0.40807176
v 0.75141418 2.58691549 0.41598266
v -0.39360890 2.65257788 0.40521121
v -0.39066592 2.68654203 0.41312206
v 0.82669383 2.54455781 0.41119295
v 0.17730093 2.60129476 0.40744513
v 0.80591285 2.54513931 0.41242164
v 0.82978189 2.58019614 0.41949379
v 0.30688089 2.62666821 0.41624045
v 0.80915308 2.58253479 0.42113167
v 0.85293913 2.56316948 0.41874260
v 0.84005660 2.57885170 0.42411447
v 0.86145860 2.57375717 0.42789984
v 0.83686709 2.54204130 0.41554070
v 0.85865390 2.54138899 0.42036068
v -0.47211784 2.65785623 0.40793985
v -0.45155630 2.65483165 0.40927207
v -0.46902981 2.69349480 0.41624063
v -0.44831601 2.69222713 0.41798210
v -0.49478132 2.68073440 0.41536701
v -0.47940508 2.69395161 0.42080957
v -0.50138432 2.69264150 0.42448628
v -0.48259461 2.65714145 0.41223580
v -0.50418901 2.66027331 0.41694725
v 0.74403101 2.50767851 0.60409594
v 0.74697399 2.54164290 0.61200678
v -0.39804909 2.60730529 0.60123527
v -0.39510611 2.64126921 0.60914624
v 0.82239491 2.50072598 0.60097736
v 0.17290996 2.55652404 0.60129416
v 0.80168110 2.50199366 0.59923589
v 0.82548296 2.53636456 0.60927814
v 0.30248988 2.58189774 0.61008948
v 0.80492139 2.53938913 0.60794592
v 0.84875441 2.52050209 0.60348511
v 0.83595967 2.53707910 0.60498220
v 0.85755414 2.53394747 0.60027075
v 0.83277023 2.50026917 0.59640843
v 0.85474944 2.50157905 0.59273171
v -0.47641674 2.61402464 0.59772420
v -0.45578796 2.61168575 0.59608632
v -0.47332871 2.64966297 0.60602504
v -0.45254767 2.64908123 0.60479635
v -0.49896601 2.63806725 0.60010952
v -0.48350197 2.65217924 0.60167730
v -0.50528878 2.65283155 0.59685731
v -0.48669153 2.61536908 0.59310353
v -0.50809348 2.62046337 0.58931816
v -0.42604947 2.61109805 0.58474529
v 0.77234679 2.50655890 0.58774698
v -0.42232853 2.64903712 0.42047459
v 0.77606773 2.54449797 0.42347622
v -0.46717626 2.63403320 0.50255221
v 0.81723171 2.52199101 0.50576925
v -0.42270258 2.64972281 0.59374177
v 0.77569366 2.54518366 0.59674340
v -0.41898167 2.68766189 0.42947102
v 0.77941459 2.58312273 0.43247265
v -0.46386659 2.67222953 0.51144874
v 0.82054138 2.56018758 0.51466578
v -0.44805700 3.62301874 2.17481494
v -0.61327285 2.34413457 1.27813792
v -0.48477089 3.54478669 2.29315829
v -0.64998680 2.26590228 1.39648104
v -0.54426229 2.90191078 1.84545779
v -0.50927371 2.97646666 1.73267579
v -0.56507546 3.04297304 1.93225193
v -0.53008682 3.11752892 1.81947017
v -0.65043682 2.27697802 1.31293833
v -0.61433935 2.26842642 1.31848383
v -0.47707409 3.61892390 2.25383091
v -0.44097668 3.61037254 2.25937629
v -0.53058583 2.98426676 1.72547793
v -0.43115026 3.58469105 2.15517759
v -0.46706745 3.59319973 2.14965963
v -0.45916730 3.65243340 2.19550824
v -0.42493793 3.64432454 2.20076680
v -0.58781600 2.37199092 1.30490458
v -0.62373316 2.38049984 1.29938674
v -0.63166153 2.31720948 1.25932908
v -0.59743220 2.30910063 1.26458752
v -0.56789833 2.90475893 1.84575033
v -0.46768028 3.50685072 2.27292776
v -0.50359744 3.51535964 2.26741004
v -0.49398121 3.57824993 2.30772710
v -0.45975187 3.57014108 2.31298566
v -0.62434602 2.29415059 1.42265499
v -0.66026318 2.30265927 1.41713715
v -0.66647547 2.24302602 1.37154782
v -0.63224614 2.23491716 1.37680626
v -0.52645922 2.93911552 1.78911412
v -0.62564731 2.26761317 1.39642489
v -0.46125636 3.54011178 2.28862476
v -0.59246939 2.33831048 1.28947961
v -0.42807844 3.61080909 2.18167949
v -0.54761171 3.08247781 1.87732327
v -0.66333503 2.27654147 1.39063513
v -0.49894404 3.54904008 2.28283501
v -0.63015705 2.34723878 1.28368986
v -0.46576613 3.61973739 2.17588949
v -0.63733667 2.26260066 1.30749798
v -0.46114749 3.62642503 2.26373029
v -0.45285234 3.58295059 2.14571762
v -0.42946589 3.60614324 2.16929960
v -0.46310812 3.61411333 2.16413116
v -0.45879778 3.64327478 2.18659854
v -0.42673647 3.63567948 2.19152403
v -0.60760343 2.38507080 1.30583596
v -0.59153986 2.35157919 1.28967428
v -0.62518215 2.35954905 1.28450584
v -0.62866122 2.32841563 1.26469791
v -0.59660000 2.32082033 1.26962340
v -0.49002036 3.50375080 2.26552463
v -0.46623132 3.52780128 2.28780866
v -0.49987355 3.53577137 2.28264046
v -0.49481356 3.56653023 2.30269122
v -0.46275225 3.55893493 2.30761671
v -0.64477146 2.30587125 1.42564285
v -0.62830532 2.27323723 1.40818334
v -0.66194755 2.28120732 1.40301502
v -0.66467696 2.25167108 1.38079071
v -0.63261569 2.24407578 1.38571596
v -0.47174329 3.46889162 2.24519730
v -0.61848587 2.33300304 1.44878006
v -0.54291999 2.90421653 1.84192181
v -0.62089241 2.30666375 1.42654514
v -0.46691382 3.49856305 2.26223373
v -0.43577042 3.54554486 2.12924290
v -0.58251309 2.40965629 1.33282554
v -0.51014757 2.97405005 1.73628366
v -0.58656907 2.37980151 1.31590796
v -0.43259054 3.57170105 2.15159655
v -0.50890040 3.47769427 2.23948908
v -0.65564299 2.34180570 1.44307172
v -0.56399053 3.04702353 1.92978954
v -0.65882289 2.31564927 1.42071795
v -0.50484437 3.50754881 2.25640655
v -0.47292751 3.55434752 2.12353468
v -0.61967015 2.41845894 1.32711720
v -0.53121811 3.11685705 1.82415128
v -0.62449962 2.38878751 1.31008077
v -0.47052106 3.58068681 2.14576960
v -0.63391072 2.31069827 1.25977588
v -0.66651952 2.24121332 1.36488676
v -0.66483432 2.25674796 1.37189233
v -0.63375789 2.32296753 1.27172089
v -0.65036565 2.26840854 1.30729532
v -0.59849966 2.30230927 1.26521599
v -0.63110858 2.23282456 1.37032688
v -0.62772149 2.24795604 1.37759387
v -0.59664506 2.31417561 1.27742243
v -0.61655462 2.26039839 1.31248963
v -0.46030486 3.65452600 2.20198774
v -0.49291378 3.58504128 2.30709863
v -0.49476844 3.57317495 2.29489231
v -0.46369195 3.63939452 2.19472075
v -0.47485882 3.62695193 2.25982523
v -0.42489389 3.64613700 2.20742774
v -0.45750272 3.57665229 2.31253862
v -0.45765555 3.56438279 2.30059385
v -0.42657909 3.63060236 2.20042229
v -0.44104776 3.61894202 2.26501918
v -0.43684876 3.54783130 2.12757111
v -0.47052929 3.55581021 2.12239695
v -0.58375841 2.41064978 1.33024716
v -0.61743897 2.41862893 1.32507300
v -0.42652908 3.62440538 2.18431282
v -0.50930095 2.97851539 1.72975874
v -0.42859817 3.60301709 2.17092204
v -0.46186981 3.63277745 2.17888355
v -0.52913624 3.11295056 1.81247520
v -0.46568125 3.61180186 2.16522503
v -0.44500986 3.65274763 2.19967532
v -0.46196699 3.64139676 2.18872452
v -0.45777908 3.66075802 2.20679927
v -0.42546433 3.63274908 2.19433212
v -0.42568126 3.65315390 2.21173048
v -0.59359968 2.33116460 1.27756965
v -0.59035075 2.35094142 1.29304147
v -0.62894046 2.33953667 1.27214050
v -0.62743384 2.35972643 1.28734446
v -0.61837173 2.31080770 1.25878727
v -0.63169384 2.32759428 1.26756465
v -0.63308620 2.30376053 1.25535369
v -0.59519124 2.31894660 1.27317250
v -0.60098845 2.29615617 1.26028478
v -0.47397447 3.46872163 2.24724174
v -0.50765502 3.47670078 2.24206734
v -0.62088412 2.33154011 1.44991767
v -0.65456468 2.33951902 1.44474351
v -0.46247303 3.54781389 2.30017424
v -0.54601461 2.90028358 1.84810126
v -0.46397960 3.52762413 2.28497005
v -0.49781373 3.55618596 2.29474497
v -0.56584996 3.03471851 1.93081784
v -0.50106263 3.53640914 2.27927303
v -0.47999892 3.57819104 2.31245852
v -0.49622220 3.56840396 2.29914188
v -0.49042499 3.59119415 2.31202984
v -0.45971954 3.55975628 2.30474997
v -0.45832723 3.58359003 2.31696105
v -0.62954360 2.25457311 1.39343095
v -0.62573218 2.27554846 1.40708935
v -0.66488433 2.26294518 1.38800168
v -0.66281527 2.28433347 1.40139246
v -0.65336084 2.23625112 1.37157035
v -0.66594911 2.25460124 1.37798226
v -0.66573220 2.23419642 1.36058414
v -0.62944639 2.24595380 1.38359010
v -0.63363433 2.22659254 1.36551523
v -0.61918843 2.30936265 1.42092216
v -0.46503457 3.50261903 2.25756192
v -0.58807653 2.37565756 1.32063675
v -0.43392274 3.56891394 2.15727663
v -0.60937703 2.29973912 1.34072292
v -0.44415915 3.57863832 2.23741055
v -0.65749061 2.31843662 1.41503787
v -0.50333685 3.51169300 2.25167775
v -0.62637883 2.38473153 1.31475258
v -0.47222501 3.57798767 2.15139246
v -0.64725423 2.30871224 1.33490407
v -0.48203644 3.58761120 2.23159170
v 0.79802382 2.28664017 0.23628402
v -0.48661119 2.38269162 0.23634851
v 0.79744881 2.27883244 0.41138989
v -0.48718616 2.37488365 0.41145450
v 0.15342237 2.30400491 0.40627497
v 0.15397033 2.31144595 0.23939776
v 0.28903738 2.33329415 0.40802622
v 0.28958535 2.34073472 0.24114907
v -0.51743108 2.39640760 0.32458687
v -0.52022511 2.35904050 0.32291156
v 0.83054948 2.29561996 0.32451916
v 0.82775557 2.25825286 0.32284385
v 0.15572806 2.33495760 0.23489904
v 0.76313496 2.26708412 0.23573685
v 0.76591504 2.30426455 0.23740387
v 0.82737356 2.29860735 0.24145401
v 0.82472420 2.26317430 0.23986542
v -0.45501852 2.35816479 0.23579812
v -0.45223841 2.39534521 0.23746502
v -0.51385450 2.39889002 0.24152148
v -0.51650387 2.36345673 0.23993278
v 0.15514369 2.32702231 0.41285986
v 0.76256287 2.25931525 0.40996569
v 0.76534295 2.29649591 0.41163266
v 0.82682830 2.29120374 0.40749794
v 0.82417899 2.25577044 0.40590930
v -0.45559061 2.35039592 0.41002685
v -0.45281056 2.38757634 0.41169381
v -0.51439983 2.39148641 0.40756536
v -0.51704913 2.35605311 0.40597671
v 0.15367244 2.30740571 0.32282209
v -0.48566651 2.35208178 0.40199339
v 0.79255414 2.25650978 0.40192926
v -0.48514682 2.35913754 0.24375236
v 0.79307377 2.26356554 0.24368823
v 0.29149848 2.33717251 0.32460189
v -0.48274937 2.39109492 0.40374255
v 0.79547125 2.29552317 0.40367836
v -0.48222974 2.39815068 0.24550152
v 0.79599094 2.30257869 0.24543738
v -0.52954286 2.38220549 0.32391381
v 0.84041458 2.27977467 0.32384503
v 0.75732672 2.28951311 0.23519349
v 0.78425092 2.26671457 0.23522735
v 0.78685498 2.30153990 0.23678875
v 0.81707090 2.29837775 0.23853827
v 0.81458938 2.26518869 0.23705018
v -0.44593945 2.37948060 0.23525381
v -0.47595468 2.36093926 0.23529065
v -0.47335067 2.39576459 0.23685193
v -0.50370085 2.39713097 0.23860455
v -0.50618249 2.36394215 0.23711658
v 0.75674462 2.28160882 0.41246510
v 0.78367513 2.25889587 0.41057879
v 0.78627908 2.29372120 0.41214013
v 0.81650692 2.29071832 0.41031420
v 0.81402534 2.25752950 0.40882623
v -0.44652161 2.37157631 0.41252553
v -0.47653049 2.35312057 0.41064203
v -0.47392648 2.38794613 0.41220337
v -0.50426489 2.38947177 0.41038054
v -0.50674647 2.35628271 0.40889251
v 0.72394079 2.26161742 0.40861017
v -0.41705576 2.34692883 0.40866750
v 0.15342160 2.30399823 0.40097910
v -0.44520402 2.34880757 0.40471709
v 0.75205511 2.25928926 0.40465695
v 0.72450423 2.26926780 0.23703873
v -0.41649237 2.35457921 0.23709607
v 0.15393485 2.31096768 0.24467194
v -0.44466650 2.35610676 0.24101341
v 0.75259262 2.26658845 0.24095321
v 0.72681683 2.30008125 0.41033471
v -0.41417977 2.38539290 0.41039205
v 0.29071388 2.33364940 0.40275204
v -0.44226816 2.38807201 0.40647745
v 0.75499099 2.29855371 0.40641737
v 0.72738028 2.30773163 0.23876321
v -0.41361639 2.39304304 0.23882055
v 0.29122716 2.34061885 0.24644494
v -0.44173065 2.39537120 0.24277377
v 0.75552845 2.30585313 0.24271369
v -0.51814729 2.39959025 0.24680758
v -0.51865804 2.39265561 0.40233439
v -0.50481808 2.39267039 0.39871889
v -0.50433141 2.39927912 0.25050068
v -0.52585560 2.39584732 0.32453424
v -0.52088821 2.36293387 0.24516416
v -0.52139884 2.35599899 0.40069097
v -0.50769067 2.35425234 0.39699644
v -0.50720400 2.36086106 0.24877822
v -0.52847266 2.36084723 0.32296503
v 0.83172333 2.29866147 0.24673975
v 0.83121264 2.29172659 0.40226662
v 0.81752843 2.29379940 0.39865249
v 0.81801510 2.30040812 0.25043428
v 0.83879709 2.29381323 0.32446569
v 0.82898253 2.26200485 0.24509633
v 0.82847178 2.25507021 0.40062314
v 0.81465584 2.25538135 0.39692998
v 0.81514251 2.26199007 0.24871182
v 0.83618003 2.25881314 0.32289648
v 0.72529715 2.27114105 0.23437011
v 0.72790402 2.30600619 0.23593330
v -0.41699821 2.35654974 0.23442757
v -0.41439134 2.39141488 0.23599064
v 0.80360419 2.26429558 0.23714590
v 0.15405270 2.31255054 0.23532510
v 0.78285718 2.26487994 0.23844802
v 0.80633962 2.30087948 0.23878610
v 0.28329632 2.34046316 0.23699415
v 0.78572750 2.30326700 0.24016905
v 0.82969272 2.28425813 0.24040341
v 0.81669837 2.30052900 0.24283981
v 0.83820999 2.29645586 0.24657404
v 0.81387299 2.26274252 0.24114561
v 0.83572567 2.26322913 0.24508440
v -0.49545226 2.36142516 0.23721111
v -0.47484890 2.35891771 0.23851109
v -0.49271685 2.39800882 0.23885131
v -0.47197863 2.39730501 0.24023223
v -0.51828182 2.38504529 0.24047112
v -0.50301218 2.39920282 0.24290609
v -0.52488989 2.39837384 0.24664247
v -0.50583744 2.36141634 0.24121189
v -0.52737433 2.36514735 0.24515283
v 0.72471577 2.26324558 0.41144007
v 0.72732264 2.29811072 0.41300321
v -0.41757959 2.34865451 0.41149741
v -0.41497272 2.38351941 0.41306061
v 0.80304122 2.25665164 0.40857941
v 0.15347773 2.30474281 0.41043019
v 0.78230309 2.25735545 0.40719849
v 0.80577672 2.29323530 0.41021961
v 0.28272131 2.33265543 0.41209924
v 0.78517336 2.29574275 0.40891963
v 0.82914478 2.27681708 0.40728253
v 0.81616193 2.29324412 0.40621883
v 0.83769870 2.28951335 0.40227789
v 0.81333655 2.25545764 0.40452468
v 0.83521438 2.25628662 0.40078819
v -0.49601513 2.35378122 0.40864468
v -0.47540304 2.35139346 0.40726167
v -0.49327970 2.39036489 0.41028488
v -0.47253275 2.38978052 0.40898275
v -0.51882976 2.37760448 0.40735024
v -0.50354856 2.39191794 0.40628511
v -0.52540118 2.39143133 0.40234631
v -0.50637394 2.35413146 0.40459096
v -0.52788556 2.35820460 0.40085667
v -0.44587475 2.34900761 0.39705008
v 0.75274724 2.25938725 0.39698988
v -0.44538754 2.35562396 0.24866319
v 0.75323457 2.26600361 0.24860299
v -0.48862866 2.35575175 0.32286865
v 0.79602140 2.25969934 0.32280415
v -0.44291013 2.38865685 0.39882773
v 0.75571191 2.29903650 0.39876759
v -0.44242287 2.39527321 0.25044084
v 0.75619924 2.30565286 0.25038064
v -0.48569697 2.39496112 0.32462662
v 0.79895312 2.29890871 0.32456207
v 0.87117970 2.82210493 0.76627147
v -0.43483213 2.91098690 0.74745506
v 0.88833421 3.07976604 0.79271251
v -0.41767761 3.16864800 0.77389616
v 0.23443544 3.11582518 0.80568433
v 0.21808711 2.87027240 0.78048575
v 0.37016025 3.11060715 0.76847821
v 0.35381195 2.86505413 0.74327970
v -0.45813027 3.04355001 0.74498326
v -0.45892483 3.03977418 0.78229302
v 0.91228104 2.95028520 0.76472753
v 0.91148645 2.94650936 0.80203730
v 0.21803887 2.86446857 0.75642008
v 0.83696043 2.82282495 0.78783906
v 0.83775097 2.82658195 0.75071555
v 0.90069473 2.82825780 0.75310713
v 0.89994138 2.82467723 0.78848612
v -0.40146333 2.90710711 0.76999635
v -0.40067279 2.91086411 0.73287296
v -0.46285197 2.92105532 0.73346180
v -0.46360531 2.91747475 0.76884073
v 0.23547299 3.12633038 0.78329229
v 0.85402900 3.07919526 0.81414759
v 0.85481954 3.08295226 0.77702421
v 0.91696149 3.07258463 0.77817982
v 0.91620815 3.06900406 0.81355876
v -0.38439476 3.16347742 0.79630506
v -0.38360423 3.16723442 0.75918156
v -0.44658521 3.16538215 0.75853443
v -0.44733855 3.16180158 0.79391342
v 0.22625448 2.99301624 0.79340422
v -0.41573086 3.15370035 0.79557294
v 0.88375986 3.06526208 0.81429553
v -0.43123320 2.92085528 0.77167851
v 0.86825758 2.83241677 0.79040104
v 0.36419210 2.98771310 0.75559151
v -0.41490135 3.15764260 0.75661957
v 0.88458943 3.06920409 0.77534211
v -0.43040365 2.92479730 0.73272508
v 0.86908710 2.83635902 0.75144762
v -0.46962109 3.04279232 0.75982308
v 0.92313290 2.94800663 0.77988929
v 0.82970768 2.82330441 0.76572907
v 0.85830653 2.82066298 0.78688657
v 0.85904706 2.82418203 0.75211447
v 0.88999182 2.82463479 0.75364500
v 0.88928616 2.82128096 0.78678310
v -0.39358142 2.90655661 0.74810451
v -0.42286935 2.90785480 0.76842797
v -0.42212883 2.91137385 0.73365587
v -0.45275813 2.91601682 0.73429930
v -0.45346382 2.91266346 0.76743734
v 0.84707433 3.08415222 0.79249716
v 0.87548500 3.07868552 0.81336474
v 0.87622559 3.08220458 0.77859259
v 0.90682000 3.07739592 0.77958328
v 0.90611428 3.07404256 0.81272125
v -0.37621477 3.16740465 0.77487254
v -0.40569085 3.16587734 0.79490614
v -0.40495032 3.16939640 0.76013398
v -0.43592992 3.16877842 0.76023746
v -0.43663564 3.16542459 0.79337555
v 0.81466478 3.07984447 0.81402278
v -0.34531826 3.15878844 0.79731023
v 0.23391254 3.10802388 0.80512840
v -0.37431157 3.15490603 0.79670382
v 0.84287035 3.07206917 0.81424046
v 0.79785663 2.82738423 0.78811538
v -0.36212641 2.90632820 0.77140284
v 0.21859972 2.87802434 0.78152597
v -0.39034900 2.91402245 0.77198452
v 0.82683295 2.83118606 0.78952110
v 0.81548262 3.08373117 0.77561778
v -0.34450039 3.16267514 0.75890517
v 0.37131602 3.10274124 0.76746213
v -0.37347674 3.15887332 0.75749946
v 0.84370524 3.07603693 0.77503604
v 0.79867440 2.83127093 0.74971032
v -0.36130857 2.91021490 0.73299783
v 0.35600322 2.87274170 0.74385971
v -0.38951418 2.91799021 0.73278010
v 0.82766777 2.83515334 0.75031680
v -0.46671692 2.92915392 0.73358184
v -0.45148048 3.15800524 0.75706643
v -0.43782875 3.15176487 0.75583673
v -0.45234904 2.93366790 0.73345572
v -0.46663031 3.04400730 0.74604273
v -0.46749637 2.92544985 0.77018213
v -0.45225996 3.15430117 0.79366678
v -0.43864560 3.14788270 0.79419607
v -0.45316592 2.92978573 0.77181506
v -0.46737447 3.04047060 0.78098929
v 0.90561616 2.83575821 0.75335383
v 0.92085260 3.06460953 0.77683848
v 0.90652210 3.06027365 0.77520555
v 0.89200181 2.84217668 0.75282449
v 0.92073071 2.94958878 0.76603127
v 0.90483665 2.83205414 0.78995413
v 0.92007315 3.06090546 0.81343871
v 0.90570527 3.05639148 0.81356490
v 0.89118499 2.83829451 0.79118389
v 0.91998649 2.94605207 0.80097783
v 0.79828578 2.82347560 0.78591311
v 0.79902703 2.82699871 0.75110143
v -0.36301777 2.90250969 0.76918155
v -0.36227643 2.90603256 0.73436987
v 0.87822843 2.82211256 0.78834468
v 0.21770367 2.86431170 0.77894491
v 0.85732156 2.82542610 0.78914481
v 0.87900633 2.82580948 0.75181705
v 0.34705192 2.85933876 0.74348688
v 0.85813767 2.82930493 0.75081640
v 0.90378302 2.82598352 0.76718754
v 0.88991255 2.83108163 0.75197595
v 0.91229558 2.83499718 0.75514954
v 0.88910902 2.82726336 0.78970456
v 0.91158921 2.83163953 0.78832543
v -0.44244471 2.91199255 0.76931703
v -0.42131329 2.91244483 0.77072287
v -0.44166693 2.91568923 0.73278934
v -0.42049712 2.91632390 0.73239434
v -0.46662217 2.91924810 0.74744326
v -0.45175844 2.92239046 0.73264569
v -0.47348672 2.92930794 0.73518384
v -0.45256189 2.91857219 0.77037436
v -0.47419316 2.92595053 0.76835960
v 0.81563264 3.08402681 0.81265074
v 0.81637400 3.08754969 0.77783906
v -0.34567088 3.16306067 0.79591912
v -0.34492958 3.16658378 0.76110744
v 0.89502311 3.07437015 0.81423128
v 0.23485805 3.12197161 0.80538589
v 0.87385333 3.07373548 0.81462622
v 0.89580089 3.07806683 0.77770352
v 0.36420628 3.11699891 0.76992780
v 0.87466949 3.07761455 0.77629775
v 0.92013156 3.07153916 0.79238635
v 0.90591806 3.07148719 0.77664620
v 0.92754936 3.06410885 0.77866095
v 0.90511465 3.06766891 0.81437480
v 0.92684293 3.06075144 0.81183672
v -0.42565006 3.16424990 0.79520357
v -0.40478149 3.16075444 0.79620421
v -0.42487225 3.16794682 0.75867587
v -0.40396532 3.16463327 0.75787580
v -0.45027369 3.16480350 0.77264220
v -0.43575284 3.16279602 0.75731599
v -0.45823297 3.15841985 0.75869519
v -0.43655628 3.15897775 0.79504466
v -0.45893937 3.15506220 0.79187101
v -0.37575880 3.14366460 0.79572958
v 0.84280878 3.06073380 0.81328613
v -0.39029565 2.92531943 0.77332306
v 0.82827193 2.84238839 0.79087961
v -0.42675233 3.03749013 0.78367662
v 0.87927485 2.94860697 0.80249333
v -0.37491572 3.14767098 0.75614095
v 0.84365189 3.06473994 0.77369756
v -0.38945261 2.92932558 0.73373443
v 0.82911497 2.84639478 0.75129104
v -0.42591861 3.04145241 0.74452728
v 0.88010848 2.95256925 0.76334393
v 0.77064764 1.99703002 0.24387181
v -0.50254071 2.13020039 0.23117888
v 0.79769540 2.25638747 0.25189757
v -0.47549301 2.38955784 0.23920453
v 0.16016369 2.31619501 0.26847422
v 0.13438700 2.06902552 0.26082575
v 0.29217854 2.30360436 0.23044753
v 0.26640183 2.05643487 0.22279894
v -0.52020752 2.26361537 0.21957707
v -0.52069736 2.26250601 0.25706625
v 0.81576186 2.12387824 0.23289597
v 0.81527209 2.12276912 0.27038527
v 0.13383591 2.06150770 0.23723125
v 0.73748201 2.00047183 0.26565742
v 0.73796934 2.00157547 0.22835553
v 0.79957914 2.00123167 0.23002756
v 0.79911470 2.00018024 0.26557660
v -0.46981698 2.12675047 0.25362134
v -0.46932971 2.12785411 0.21631932
v -0.52969813 2.14026880 0.21677542
v -0.53016257 2.13921714 0.25232434
v 0.16132461 2.32509351 0.24538779
v 0.76439428 2.25853014 0.27364302
v 0.76488155 2.25963378 0.23634088
v 0.82522702 2.24716711 0.23763788
v 0.82476264 2.24611568 0.27318692
v -0.44290477 2.38480902 0.26160681
v -0.44241753 2.38591242 0.22430480
v -0.50405020 2.38620424 0.22438562
v -0.50451458 2.38515258 0.25993466
v 0.14727117 2.19260097 0.26497066
v -0.47391760 2.37605500 0.26186299
v 0.79291368 2.24354959 0.27449274
v -0.49836034 2.14167690 0.25461030
v 0.76847082 2.00917149 0.26723993
v 0.28143835 2.17980480 0.22632396
v -0.47340626 2.37721276 0.22272229
v 0.79342496 2.24470735 0.23535204
v -0.49784899 2.14283490 0.21546960
v 0.76898223 2.01032925 0.22809923
v -0.53129500 2.26430821 0.23454142
v 0.82645547 2.12229323 0.24807751
v 0.73015565 1.99963737 0.24363828
v 0.75824970 1.99749577 0.26465821
v 0.75870609 1.99852943 0.22971880
v 0.78898466 1.99801373 0.23092103
v 0.78854960 1.99702871 0.26421833
v -0.46238899 2.12437272 0.23174918
v -0.49072704 2.12813377 0.25220644
v -0.49027056 2.12916732 0.21726727
v -0.52001846 2.13493013 0.21787083
v -0.52045339 2.13394523 0.25116825
v 0.75753784 2.26220250 0.25176322
v 0.78533518 2.25721717 0.27269506
v 0.78579170 2.25825047 0.23775578
v 0.81551808 2.25243902 0.23879409
v 0.81508309 2.25145411 0.27209139
v -0.43500680 2.38693786 0.23987412
v -0.46364143 2.38785481 0.26024342
v -0.46318504 2.38888860 0.22530413
v -0.49348500 2.38935566 0.22574389
v -0.49392003 2.38837051 0.25904131
v 0.72594601 2.26054239 0.27384472
v -0.40488371 2.37882257 0.26257098
v 0.15934417 2.30836010 0.26847529
v -0.43337727 2.37590027 0.26251435
v 0.75321370 2.25178766 0.27434397
v 0.69944417 2.00642014 0.26598108
v -0.43138552 2.12470031 0.25470722
v 0.13520017 2.07684636 0.26131117
v -0.45866379 2.13343120 0.25501120
v 0.72792715 2.00931859 0.26684093
v 0.72645003 2.26168394 0.23525500
v -0.40437964 2.37996411 0.22398126
v 0.29299185 2.29561353 0.22997832
v -0.43286264 2.37706566 0.22312140
v 0.75372833 2.25295305 0.23495102
v 0.69994831 2.00756168 0.22739136
v -0.43088144 2.12584186 0.21611750
v 0.26884782 2.06409979 0.22281420
v -0.45814916 2.13459659 0.21561825
v 0.72844183 2.01048398 0.22744799
v -0.53316051 2.14852357 0.21636009
v -0.50913709 2.37888145 0.22348833
v -0.49605063 2.37206841 0.22257316
v -0.51894510 2.15253568 0.21577978
v -0.52848494 2.26444411 0.22068202
v -0.53364104 2.14743567 0.25313628
v -0.50961757 2.37779379 0.26026464
v -0.49655420 2.37092829 0.26111686
v -0.51944864 2.15139532 0.25432348
v -0.52894366 2.26340556 0.25579655
v 0.80468220 2.00859046 0.22969770
v 0.82870561 2.23894858 0.23682606
v 0.81451327 2.23498893 0.23563874
v 0.79161882 2.01545596 0.22884548
v 0.82400811 2.12297869 0.23416567
v 0.80420172 2.00750279 0.26647389
v 0.82822520 2.23786068 0.27360225
v 0.81400979 2.23384857 0.27418244
v 0.79111522 2.01431584 0.26738918
v 0.82354945 2.12194014 0.26928031
v 0.69968683 2.00233412 0.26405609
v 0.70014375 2.00336885 0.22907710
v -0.43243024 2.12074900 0.25276947
v -0.43197331 2.12178373 0.21779048
v 0.77779299 1.99835753 0.26582181
v 0.13376361 2.06295943 0.25971305
v 0.75749737 2.00246096 0.26658380
v 0.77827239 1.99944317 0.22911859
v 0.25957620 2.05096030 0.22347295
v 0.75800049 2.00360036 0.22807097
v 0.80267280 1.99984455 0.24420357
v 0.78913736 2.00435543 0.22880185
v 0.81120169 2.00772285 0.23147941
v 0.78864217 2.00323415 0.26671183
v 0.81076622 2.00673676 0.26481473
v -0.50968832 2.13302279 0.25298631
v -0.48900184 2.13283992 0.25415683
v -0.50920880 2.13410854 0.21628296
v -0.48849878 2.13397908 0.21564412
v -0.53329068 2.13958120 0.23088467
v -0.51881397 2.14116192 0.21576226
v -0.53975236 2.14902735 0.21801114
v -0.51930916 2.14004064 0.25367224
v -0.54018778 2.14804125 0.25134647
v 0.72703791 2.26460052 0.27217185
v 0.72749484 2.26563549 0.23719275
v -0.40507913 2.38301539 0.26088524
v -0.40462220 2.38405013 0.22590613
v 0.80427349 2.25227571 0.27367926
v 0.16081123 2.32231569 0.26773882
v 0.78356338 2.25240517 0.27431822
v 0.80475295 2.25336146 0.23697591
v 0.28662381 2.31031656 0.23149860
v 0.78406650 2.25354457 0.23580551
v 0.82844979 2.24701691 0.25185215
v 0.81437361 2.24634361 0.23629010
v 0.83525240 2.23834324 0.23861587
v 0.81387848 2.24522233 0.27420008
v 0.83481705 2.23735690 0.27195120
v -0.48320782 2.38694119 0.26084363
v -0.46293586 2.38278389 0.26189125
v -0.48272830 2.38802671 0.22414041
v -0.46243280 2.38392329 0.22337842
v -0.50751370 2.38675332 0.23853326
v -0.49357763 2.38315010 0.22325039
v -0.51570159 2.37964749 0.22514749
v -0.49407285 2.38202882 0.26116037
v -0.51613700 2.37866139 0.25848281
v -0.43523815 2.36462212 0.26234961
v 0.75270367 2.24036837 0.27419269
v -0.45815876 2.14483953 0.25554848
v 0.72978300 2.02058530 0.26739168
v -0.48932627 2.25919628 0.25830328
v 0.78387696 2.12602425 0.27099657
v -0.43471843 2.36579895 0.22257054
v 0.75322336 2.24154472 0.23441374
v -0.45763907 2.14601612 0.21576965
v 0.73030281 2.02176213 0.22761273
v -0.48881239 2.26036000 0.21896577
v 0.78439093 2.12718797 0.23165894
v -0.91773427 3.94111919 2.23363924
v -0.99672669 3.44839239 2.68317151
v -0.87286544 4.76417112 3.14366078
v -0.95185781 4.27144432 3.59319258
v -0.89046806 4.49588776 3.34824753
v -0.93322825 3.71151328 2.48099089
v -0.92136800 4.55117226 3.29976988
v -0.96412820 3.76679802 2.43251324
v -0.99143279 3.84947944 3.14846897
v -0.95420963 3.84529233 3.15042019
v -0.90854537 4.36650229 2.67677045
v -0.87132210 4.36231518 2.67872190
v -0.95782328 3.68807197 2.45097542
v -0.89772862 3.92796326 2.24870086
v -0.93476599 3.93212938 2.24675894
v -0.92906320 3.97486997 2.24653912
v -0.89376634 3.97089958 2.24838972
v -0.97263312 3.46073604 2.67496896
v -1.00967038 3.46490216 2.67302704
v -1.01153541 3.46043682 2.71587467
v -0.97623867 3.45646667 2.71772528
v -0.91222298 4.52454281 3.37583303
v -0.85308462 4.74689245 3.15416360
v -0.89012188 4.75105858 3.15222168
v -0.88651639 4.75532770 3.10946512
v -0.85121948 4.75135756 3.11131597
v -0.92798901 4.27966499 3.58043194
v -0.96502638 4.28383112 3.57848978
v -0.96898878 4.24089479 3.57880116
v -0.93369186 4.23692465 3.58065176
v -0.91152978 4.10366488 2.91463590
v -0.93097126 4.23046923 3.54944515
v -0.85237330 4.72073555 3.10215807
v -0.97151864 3.48668742 2.72707033
v -0.89292073 3.97695374 2.27978277
v -0.94293350 4.15985060 2.86536789
v -0.96983433 4.23484087 3.54740763
v -0.89123636 4.72510719 3.10012054
v -1.01038170 3.49105883 2.72503281
v -0.93178374 3.98132515 2.27774525
v -0.97714257 3.84358120 3.15309858
v -0.89290369 4.36903334 2.67370987
v -0.92029691 3.92040014 2.24225974
v -0.89775252 3.93352151 2.23836422
v -0.93244398 3.93742347 2.23654556
v -0.92930865 3.95735002 2.23528218
v -0.89624739 3.95363116 2.23701525
v -0.99428594 3.45888281 2.66331840
v -0.97524279 3.45016479 2.67934752
v -1.00993419 3.45406699 2.67752886
v -1.01052308 3.45076299 2.69745922
v -0.97746193 3.44704437 2.69919300
v -0.87487310 4.75363207 3.16353607
v -0.85282075 4.75772762 3.14966178
v -0.88751227 4.76162958 3.14784288
v -0.88529307 4.76475048 3.12799764
v -0.85223192 4.76103163 3.12973118
v -0.94886220 4.29211473 3.58459520
v -0.93031096 4.27437115 3.59064531
v -0.96500248 4.27827311 3.58882666
v -0.96650755 4.25816345 3.59017515
v -0.93344635 4.25444460 3.59190845
v -0.85515797 4.72577858 3.16079187
v -0.92531794 4.28814507 3.56006050
v -0.89158064 4.47101927 3.32079458
v -0.92765701 4.25882006 3.54948139
v -0.85403740 4.71803331 3.13052464
v -0.89912105 3.91933966 2.26913905
v -0.96928114 3.48170614 2.66840792
v -0.93163252 3.73632717 2.50846934
v -0.96960419 3.48936152 2.69871664
v -0.89598453 3.94857502 2.27976012
v -0.89347392 4.73008823 3.15878296
v -0.96363389 4.29245472 3.55805159
v -0.92286283 4.52698755 3.27171707
v -0.96677047 4.26321936 3.54743052
v -0.89315081 4.72243309 3.12847424
v -0.93743706 3.92364955 2.26713037
v -1.00759709 3.48601604 2.66639900
v -0.96291471 3.79229569 2.45939207
v -1.00871754 3.49376130 2.69666576
v -0.93509799 3.95297456 2.27770948
v -1.01106298 3.48356485 2.74468327
v -0.97121108 4.21458912 3.55295277
v -0.97217870 4.20278978 3.52909994
v -1.01015794 3.50611830 2.75881314
v -0.99076658 3.84614944 3.15144777
v -0.97454756 3.47945738 2.74659777
v -0.93469578 4.21048164 3.55486727
v -0.93390834 4.19848490 3.53110600
v -0.97188759 3.50181365 2.76081967
v -0.95590109 3.84222770 3.15327549
v -0.92805928 4.00131273 2.27232313
v -0.88820738 4.73233700 3.08059287
v -0.89086741 4.70998096 3.06637096
v -0.92884660 4.01330948 2.29608464
v -0.90685391 4.36956692 2.67391491
v -0.89154392 3.99720526 2.27423763
v -0.85169202 4.72822952 3.08250737
v -0.85259712 4.70567608 3.06837749
v -0.89057624 4.00900459 2.29809093
v -0.87198842 4.36564493 2.67574310
v -0.90157819 3.90686798 2.25452995
v -0.93630898 3.91077471 2.25270891
v -0.97181803 3.46873641 2.65425324
v -1.00654888 3.47264290 2.65243244
v -0.89518028 3.95008111 2.24179316
v -0.93519992 3.69227958 2.45956254
v -0.89520967 3.94835567 2.25604701
v -0.93162322 3.95418048 2.23988271
v -0.96464819 3.74496698 2.41336226
v -0.93344915 3.95265698 2.25404215
v -0.91490144 3.97261930 2.24392557
v -0.93055546 3.97713828 2.25716686
v -0.92596692 4.00324154 2.26963806
v -0.89291430 3.97290421 2.25914049
v -0.89286816 3.99951863 2.27137375
v -0.97505951 3.45182323 2.69637156
v -0.97254616 3.46595788 2.69615579
v -1.01150250 3.45592260 2.69446135
v -1.01078570 3.47025919 2.69415092
v -0.99778855 3.45559883 2.71562195
v -1.01170456 3.47095823 2.71897316
v -1.00978422 3.48041940 2.74662733
v -0.97406358 3.46672416 2.72094655
v -0.97668535 3.47669673 2.74836302
v -0.85620606 4.73915148 3.17475843
v -0.89093697 4.74305820 3.17293763
v -0.92644596 4.30101967 3.57448196
v -0.96117687 4.30492640 3.57266045
v -0.85125256 4.75587225 3.13272929
v -0.89033133 4.51532793 3.36957979
v -0.85196930 4.74153519 3.13303971
v -0.88769549 4.75997114 3.13081884
v -0.91977966 4.56801510 3.32337952
v -0.89020884 4.74583673 3.13103485
v -0.87214065 4.75700283 3.11119270
v -0.88869148 4.74507046 3.10624409
v -0.88606966 4.73509789 3.07882762
v -0.85105038 4.74083614 3.10821772
v -0.85297090 4.73137522 3.08056307
v -0.93113172 4.25761414 3.58730793
v -0.92930585 4.25913763 3.57314873
v -0.96757466 4.26171350 3.58539772
v -0.96754539 4.26343870 3.57114363
v -0.95502782 4.23998213 3.58288908
v -0.96984071 4.23889017 3.56805038
v -0.96988690 4.21227598 3.55581665
v -0.93219960 4.23465633 3.57002354
v -0.93678808 4.20855284 3.55755234
v -0.92946959 4.22253990 3.50992918
v -0.85576624 4.68227577 3.09049559
v -0.96749204 3.52507567 2.73876572
v -0.89378858 3.98481178 2.31933212
v -0.95134485 3.85733414 3.13938785
v -0.87235159 4.35006666 2.68985033
v -0.96896642 4.22698259 3.50785875
v -0.89526302 4.68671894 3.08842468
v -1.00698888 3.52951860 2.73669505
v -0.93328536 3.98925447 2.31726146
v -0.99040341 3.86172771 3.13734007
v -0.91141003 4.35446024 2.68780279
v 0.89339060 3.10609603 0.76848942
v -0.36572999 3.22518873 0.74303687
v 0.88717300 3.08068323 0.95716625
v -0.37194762 3.19977570 0.93171382
v 0.25566447 3.11801314 0.93686509
v 0.26158991 3.14223170 0.75705463
v 0.38927707 3.14454269 0.94484133
v 0.39520252 3.16876125 0.76503092
v -0.39849591 3.23052263 0.83882779
v -0.40189302 3.19351721 0.83373165
v 0.92271197 3.10555744 0.86553538
v 0.91931492 3.06855202 0.86043930
v 0.26390171 3.16607523 0.75425613
v 0.85879242 3.08730507 0.76529998
v 0.86217254 3.12412572 0.77037066
v 0.92226291 3.11696172 0.77588034
v 0.91904163 3.08187151 0.77104789
v -0.33516705 3.20023465 0.74116462
v -0.33178690 3.23705506 0.74623537
v -0.39232677 3.24130082 0.74930662
v -0.39554808 3.20621061 0.74447411
v 0.25758266 3.14024806 0.94600916
v 0.85260588 3.06201982 0.95303166
v 0.85598606 3.09884024 0.95810246
v 0.91636705 3.09286404 0.95479298
v 0.91314578 3.05777383 0.94996047
v -0.34135354 3.17494893 0.92889643
v -0.33797342 3.21176958 0.93396711
v -0.39822266 3.21720314 0.92821920
v -0.40144396 3.18211293 0.92338669
v 0.25859815 3.12980580 0.84691620
v -0.37059006 3.17798591 0.91956294
v 0.88224351 3.05948806 0.94488835
v -0.36497128 3.20095110 0.74905801
v 0.88786232 3.08245325 0.77438343
v 0.39438909 3.15676808 0.85502255
v -0.36704329 3.21662164 0.92488360
v 0.88579023 3.09812379 0.95020902
v -0.36142454 3.23958659 0.75437874
v 0.89140904 3.12108874 0.77970409
v -0.41063201 3.21666288 0.83656108
v 0.93211633 3.08966041 0.86370414
v 0.85353309 3.10980964 0.76648688
v 0.87952793 3.08660340 0.76527232
v 0.88269389 3.12109184 0.77002180
v 0.91223764 3.11721444 0.77243656
v 0.90922040 3.08434677 0.76791018
v -0.32583496 3.22135878 0.74264652
v -0.35564861 3.20343137 0.74030381
v -0.35248262 3.23791981 0.74505335
v -0.38230202 3.23965740 0.74626797
v -0.38531929 3.20678973 0.74174166
v 0.84723842 3.08408260 0.95749730
v 0.87330157 3.06115508 0.95421374
v 0.87646759 3.09564352 0.95896322
v 0.90613830 3.09228516 0.95752537
v 0.90312105 3.05941749 0.95299906
v -0.33212957 3.19563174 0.93365699
v -0.36187491 3.17798281 0.92924523
v -0.35870895 3.21247125 0.93399477
v -0.38840139 3.21472788 0.93135685
v -0.39141867 3.18186021 0.92683047
v 0.81478250 3.06515360 0.95074809
v -0.30355254 3.17092991 0.92814159
v 0.25583005 3.11854005 0.93113732
v -0.33102179 3.17371225 0.92329097
v 0.84245849 3.06271982 0.94701219
v 0.82087463 3.09005308 0.76587975
v -0.29746032 3.19582963 0.74327314
v 0.26138023 3.14122462 0.76271605
v -0.32520905 3.19747019 0.74689990
v 0.84827119 3.08647799 0.77062118
v 0.81827933 3.10324502 0.95599395
v -0.30005565 3.20902157 0.93338728
v 0.39109522 3.14539766 0.93921226
v -0.32745218 3.21259665 0.92864591
v 0.84602803 3.10160446 0.95236713
v 0.82437152 3.12814498 0.77112544
v -0.29396349 3.23392129 0.74851894
v 0.39664537 3.16808224 0.77079111
v -0.32163948 3.23635483 0.75225484
v 0.85184079 3.12536240 0.77597618
v -0.39669338 3.24154401 0.75497049
v -0.40221581 3.21897268 0.92255086
v -0.38851714 3.21909976 0.91900611
v -0.38325426 3.24061012 0.75930077
v -0.40677407 3.23012352 0.83850127
v -0.40002590 3.20524240 0.74997121
v -0.40554833 3.18267107 0.91755158
v -0.39200982 3.18105340 0.91376656
v -0.38674697 3.20256376 0.75406128
v -0.40995598 3.19546223 0.83372784
v 0.92636728 3.11640358 0.78171551
v 0.92084491 3.09383249 0.94929588
v 0.90756595 3.09651089 0.94520581
v 0.91282886 3.11802149 0.78550047
v 0.93077493 3.10361266 0.86553919
v 0.92303479 3.08010221 0.77671617
v 0.91751236 3.05753088 0.94429660
v 0.90407324 3.05846453 0.93996632
v 0.90933615 3.07997513 0.78026098
v 0.92759305 3.06895137 0.86076581
v 0.82177234 3.09217381 0.76317573
v 0.82494193 3.12670159 0.76793063
v -0.29783556 3.19807100 0.74054337
v -0.29466599 3.23259854 0.74529827
v 0.89841795 3.08364773 0.76764798
v 0.26181975 3.14374089 0.75274736
v 0.87802380 3.08447671 0.76856089
v 0.90174389 3.11987758 0.77263737
v 0.38915497 3.16902399 0.76034904
v 0.88151366 3.12249231 0.77379620
v 0.92430073 3.10273051 0.77357215
v 0.91177732 3.11893106 0.77726340
v 0.93269771 3.11410499 0.78151727
v 0.90834212 3.08151031 0.77210999
v 0.92967707 3.08120012 0.77698576
v -0.37483755 3.20407724 0.74190980
v -0.35470268 3.20107293 0.74364191
v -0.37151170 3.24030685 0.74689919
v -0.35121286 3.23908854 0.74887729
v -0.39690140 3.22769523 0.74686468
v -0.38172194 3.24127531 0.75111592
v -0.40332940 3.24047160 0.75451016
v -0.38515720 3.20385456 0.74596256
v -0.40635005 3.20756674 0.74997866
v 0.81548494 3.06647611 0.95396876
v 0.81865454 3.10100389 0.95872372
v -0.30412295 3.17237329 0.93133640
v -0.30095336 3.20690084 0.93609130
v 0.89233071 3.05876803 0.95236790
v 0.25560212 3.11832833 0.94142342
v 0.87203187 3.05998635 0.95038980
v 0.89565653 3.09499741 0.95735729
v 0.38293734 3.14361143 0.94902498
v 0.87552166 3.09800196 0.95562518
v 0.91837513 3.07851195 0.95338464
v 0.90597618 3.09522033 0.95330453
v 0.92716902 3.09150815 0.94928837
v 0.90254092 3.05779934 0.94815111
v 0.92414838 3.05860305 0.94475687
v -0.38092488 3.17919731 0.92662972
v -0.36069465 3.17658234 0.92547089
v -0.37759897 3.21542692 0.93161905
v -0.35720482 3.21459818 0.93070620
v -0.40282694 3.20347643 0.92667711
v -0.38752314 3.21756458 0.92715710
v -0.40885803 3.21787477 0.92228138
v -0.39095834 3.18014359 0.92200369
v -0.41187873 3.18496966 0.91774976
v -0.33143526 3.17469621 0.91499925
v 0.84338069 3.06357765 0.93874753
v -0.32616633 3.19623137 0.75511211
v 0.84864962 3.08511281 0.77886045
v -0.37094051 3.18966961 0.83423340
v 0.88819486 3.07057548 0.85968626
v -0.32783061 3.21396208 0.92040658
v 0.84698528 3.10284328 0.94415498
v -0.32256165 3.23549724 0.76051950
v 0.85225427 3.12437844 0.78426784
v -0.36737585 3.22849941 0.83958077
v 0.89175946 3.10940528 0.86503369
v 0.91243774 3.10781002 0.93741024
v -0.42385313 3.19702053 0.92090058
v 0.93034112 3.38020730 0.96021783
v -0.40594977 3.46941757 0.94370806
v 0.26136333 3.41650987 0.97446895
v 0.24430129 3.15691328 0.95273328
v 0.40008253 3.41053343 0.93695551
v 0.38302049 3.15093708 0.91521978
v -0.44757512 3.33667779 0.91664195
v -0.44824296 3.33359241 0.95401764
v 0.95460832 3.24306846 0.93396586
v 0.95394051 3.23998308 0.97134149
v 0.24415046 3.15021348 0.92874146
v 0.87751156 3.10898209 0.95906729
v 0.87817609 3.11205244 0.92187828
v 0.94259059 3.11407304 0.92407608
v 0.94195747 3.11114717 0.95951736
v -0.38962439 3.19357562 0.94341195
v -0.38895991 3.19664598 0.90622294
v -0.45256895 3.20721340 0.90683889
v -0.45320210 3.20428753 0.94228041
v 0.26234573 3.42705178 0.95192099
v 0.89532524 3.38001490 0.98176062
v 0.89598978 3.38308525 0.94457155
v 0.95956749 3.37237334 0.94570315
v 0.95893425 3.36944747 0.98114467
v -0.37181076 3.46460843 0.96610522
v -0.37114623 3.46767879 0.92891622
v -0.43559209 3.46551371 0.92846614
v -0.43622527 3.46258783 0.96390748
v 0.25282663 3.28668523 0.96392077
v -0.40388572 3.45418310 0.96559465
v 0.92573285 3.36541820 0.98202199
v -0.42006469 3.20802116 0.94498378
v 0.90955383 3.11925602 0.96141112
v 0.39380747 3.28061152 0.92579567
v -0.40318844 3.45740485 0.92657238
v 0.92643011 3.36863971 0.94299972
v -0.41936746 3.21124268 0.90596151
v 0.91025108 3.12247777 0.92238891
v -0.45927402 3.33620024 0.93152809
v 0.96577007 3.24106503 0.94913435
v 0.87000281 3.10893297 0.93696380
v 0.89934683 3.10674596 0.95808667
v 0.89996916 3.10962176 0.92325318
v 0.93163812 3.11023235 0.92469358
v 0.93104500 3.10749173 0.95789027
v -0.38164738 3.19249249 0.92149979
v -0.41153231 3.19425988 0.94189084
v -0.41090995 3.19713545 0.90705740
v -0.44224262 3.20195198 0.90771949
v -0.44283572 3.19921160 0.94091606
v 0.88812762 3.38469911 0.96005356
v 0.91727537 3.37952542 0.98092616
v 0.91789770 3.38240099 0.94609272
v 0.94920111 3.37744927 0.94706750
v 0.94860798 3.37470889 0.98026401
v -0.36352259 3.46825886 0.94458938
v -0.39360383 3.46703911 0.96473038
v -0.39298144 3.46991491 0.92989683
v -0.42467967 3.46916914 0.93009329
v -0.42527276 3.46642876 0.96328986
v 0.85504830 3.38057399 0.98173368
v -0.33182836 3.45980978 0.96706986
v 0.26081869 3.40826845 0.97402310
v -0.36150014 3.45561051 0.96659642
v 0.88390142 3.37246799 0.98198324
v 0.83750629 3.11367512 0.95938647
v -0.34937036 3.19291067 0.94472265
v 0.24483734 3.16511488 0.95366412
v -0.37823769 3.20095086 0.94527388
v 0.86716390 3.11780810 0.96066082
v 0.85573572 3.38375020 0.94326085
v -0.33114097 3.46298575 0.92859703
v 0.40125358 3.40221810 0.93604565
v -0.36079851 3.45885277 0.92732275
v 0.88460308 3.37571001 0.94270957
v 0.83819371 3.11685109 0.92091370
v -0.34868294 3.19608688 0.90624976
v 0.38527220 3.15906429 0.91568673
v -0.37753609 3.20419288 0.90600026
v 0.86786556 3.12105036 0.92138720
v -0.45651540 3.21574426 0.90685654
v -0.44061387 3.45768404 0.92711395
v -0.42665628 3.45111656 0.92593372
v -0.44181061 3.22054601 0.90662825
v -0.45626757 3.33715916 0.91771859
v -0.45717049 3.21271753 0.94352138
v -0.44126895 3.45465732 0.96377885
v -0.42734283 3.44794416 0.96436083
v -0.44249713 3.21737361 0.94505543
v -0.45689303 3.33426881 0.95272696
v 0.94763434 3.12200356 0.92420471
v 0.96353579 3.36394334 0.94446212
v 0.94886243 3.35928726 0.94292819
v 0.93370819 3.12871695 0.92362279
v 0.96325833 3.24239206 0.93525660
v 0.94697922 3.11897683 0.96086955
v 0.96288085 3.36091661 0.98112696
v 0.94817597 3.35611486 0.98135525
v 0.93302166 3.12554431 0.96204984
v 0.96263295 3.23950171 0.97026491
v 0.83793294 3.10950184 0.95723689
v 0.83855593 3.11238074 0.92236370
v -0.35029474 3.18882751 0.94255650
v -0.34967169 3.19170642 0.90768325
v 0.91973788 3.10837173 0.95947075
v 0.24389715 3.15058970 0.95127606
v 0.89835244 3.11182022 0.96028185
v 0.92039168 3.11139274 0.92287862
v 0.37609905 3.14489388 0.91552508
v 0.89903843 3.11498976 0.92188561
v 0.94580454 3.11202359 0.93818390
v 0.93155640 3.11699009 0.92293435
v 0.95447505 3.12126493 0.92599344
v 0.93088114 3.11386991 0.96072960
v 0.95388132 3.11852121 0.95922786
v -0.43155417 3.19858360 0.94277573
v -0.40992668 3.19916034 0.94411808
v -0.43090045 3.20160460 0.90618354
v -0.40924072 3.20233011 0.90572190
v -0.45637268 3.20563245 0.92085999
v -0.44122016 3.20863628 0.90597379
v -0.46343562 3.21592450 0.90847522
v -0.44189543 3.20551586 0.94376898
v -0.46402934 3.21318054 0.94170964
v 0.85603702 3.38495445 0.98030025
v 0.85666013 3.38783336 0.94542712
v -0.33219060 3.46428013 0.96561980
v -0.33156753 3.46715903 0.93074661
v 0.93726575 3.37505651 0.98179996
v 0.26180044 3.42298555 0.97408354
v 0.91560608 3.37433076 0.98226160
v 0.93791956 3.37807727 0.94520783
v 0.39400238 3.41729021 0.93833256
v 0.91629207 3.37750053 0.94386542
v 0.96286678 3.37162304 0.95991993
v 0.94826078 3.37114501 0.94421446
v 0.97039473 3.36348033 0.94627392
v 0.94758546 3.36802459 0.98200977
v 0.96980095 3.36073637 0.97950828
v -0.41402632 3.46526814 0.96510494
v -0.39267308 3.46167111 0.96609789
v -0.41337255 3.46828914 0.92851275
v -0.39198709 3.46484089 0.92770171
v -0.43931046 3.46523213 0.94259602
v -0.42451578 3.46279097 0.92725390
v -0.44751596 3.45813966 0.92875570
v -0.42519102 3.45967078 0.96504915
v -0.44810972 3.45539594 0.96199012
v -0.36299545 3.44372845 0.96578258
v 0.88382387 3.36049128 0.98118687
v -0.37816700 3.21289563 0.94645512
v 0.86865234 3.12965846 0.96185952
v -0.41532093 3.33131719 0.95534605
v 0.92098552 3.24210596 0.97185600
v -0.36228696 3.44700265 0.92612398
v 0.88453233 3.36376524 0.94152838
v -0.37745845 3.21616960 0.90679663
v 0.86936080 3.13293242 0.92220098
v -0.41462022 3.33455491 0.91612756
v 0.92168629 3.24534369 0.93263745
v 0.78584111 2.75507689 0.59595734
v 0.48270199 2.74318480 0.58790183
v 0.78337401 2.83239508 0.57465696
v 0.48023477 2.82050276 0.56660146
v 0.63103032 2.83074522 0.59341544
v 0.63338161 2.75706053 0.61371487
v 0.66375607 2.82156873 0.55631578
v 0.66610742 2.74788404 0.57661521
v 0.47454533 2.77750349 0.56229836
v 0.47319573 2.78741908 0.59844762
v 0.79263234 2.78998208 0.57075107
v 0.79128265 2.79989767 0.60690027
v 0.63429993 2.74844027 0.59188271
v 0.77719563 2.76080680 0.61699975
v 0.77853847 2.75094056 0.58103108
v 0.79297042 2.75354886 0.58176434
v 0.79169077 2.76295161 0.61604273
v 0.48974437 2.74952984 0.60936117
v 0.49108720 2.73966384 0.57339251
v 0.47647685 2.74113274 0.57335395
v 0.47519708 2.75053549 0.60763234
v 0.63179249 2.82701874 0.57023507
v 0.77474087 2.83773732 0.59580618
v 0.77608371 2.82787108 0.55983746
v 0.79063100 2.82686567 0.56156629
v 0.78935117 2.83626819 0.59584469
v 0.48728958 2.82646036 0.58816755
v 0.48863238 2.81659436 0.55219889
v 0.47413734 2.81444955 0.55315590
v 0.47285759 2.82385206 0.58743429
v 0.63219440 2.79398751 0.60387439
v 0.48028192 2.82289600 0.58983809
v 0.78190750 2.83472896 0.59785336
v 0.48251152 2.75302458 0.60908699
v 0.78413707 2.76485753 0.61710227
v 0.66545379 2.78466177 0.56616986
v 0.48169100 2.81254339 0.55209643
v 0.78331655 2.82437634 0.56011164
v 0.48392057 2.74267220 0.57134527
v 0.78554612 2.75450516 0.57936054
v 0.47140971 2.78138828 0.57676369
v 0.79468268 2.79407048 0.58535415
v 0.77624816 2.75427985 0.59604424
v 0.78220767 2.76044106 0.61606079
v 0.78346550 2.75119972 0.58237034
v 0.79055685 2.75248647 0.58313441
v 0.78935802 2.76129365 0.61524165
v 0.49230984 2.74314094 0.58849895
v 0.48483315 2.74877477 0.60815853
v 0.48609099 2.73953366 0.57446802
v 0.47889027 2.74025965 0.57485229
v 0.47769159 2.74906683 0.60695952
v 0.77375042 2.83255434 0.57448041
v 0.77973706 2.83786750 0.59473062
v 0.78099489 2.82862616 0.56104010
v 0.78813648 2.82833433 0.56223911
v 0.78693777 2.83714128 0.59434634
v 0.48981211 2.82141519 0.56693518
v 0.48236257 2.82620120 0.58682829
v 0.48362041 2.81696010 0.55313784
v 0.47647005 2.81610751 0.55395699
v 0.47527131 2.82491469 0.58606422
v 0.76563287 2.83696389 0.59634674
v 0.49638849 2.82640123 0.58919191
v 0.63109607 2.82847595 0.59429288
v 0.48979127 2.82451010 0.58988130
v 0.77231216 2.83559346 0.59738892
v 0.76805031 2.76120639 0.61721712
v 0.49880594 2.75064397 0.61006236
v 0.63329834 2.75945830 0.61330658
v 0.49209780 2.75222683 0.60979468
v 0.77461863 2.76331019 0.61730224
v 0.76702219 2.82675719 0.55913627
v 0.49777782 2.81619477 0.55198151
v 0.66422659 2.81918597 0.55673438
v 0.49120942 2.81409097 0.55189639
v 0.77373034 2.82517433 0.55940396
v 0.76943952 2.75099969 0.58000672
v 0.50019515 2.74043727 0.57285190
v 0.66642892 2.75016880 0.57574797
v 0.49351594 2.74180770 0.57180971
v 0.77603680 2.75289106 0.57931733
v 0.47540516 2.74325252 0.57209551
v 0.47321382 2.81192541 0.55317682
v 0.47654462 2.81020546 0.55285549
v 0.47863293 2.74475980 0.57088512
v 0.47253552 2.77774024 0.56339097
v 0.47408119 2.75297976 0.60755724
v 0.47188985 2.82165241 0.58863854
v 0.47515702 2.82040000 0.59002155
v 0.47724539 2.75495434 0.60805124
v 0.47127137 2.78702784 0.59725046
v 0.79393816 2.75574851 0.58056009
v 0.79174685 2.82442141 0.56164140
v 0.78858268 2.82244682 0.56114739
v 0.79067099 2.75700092 0.57917708
v 0.79455668 2.79037333 0.57194817
v 0.79261428 2.76547575 0.61602187
v 0.79042298 2.83414865 0.59710312
v 0.78719509 2.83264136 0.59831351
v 0.78928351 2.76719570 0.61634314
v 0.79329264 2.79966092 0.60580772
v 0.76830727 2.75952101 0.61581486
v 0.76956654 2.75026917 0.58208603
v 0.49875647 2.74894667 0.60865188
v 0.50001562 2.73969483 0.57492304
v 0.78673226 2.76171899 0.61679482
v 0.63347280 2.75499964 0.61332428
v 0.78180194 2.76235938 0.61737436
v 0.78805351 2.75201130 0.58140343
v 0.66466105 2.74625444 0.57796758
v 0.78318846 2.75217295 0.58023816
v 0.79326254 2.75714159 0.59549183
v 0.79045540 2.75372553 0.58039647
v 0.79543835 2.75622582 0.58227128
v 0.78909057 2.76375246 0.61695147
v 0.79423827 2.76504278 0.61441511
v 0.48018998 2.74969339 0.60864884
v 0.48501724 2.75071645 0.60948777
v 0.48151129 2.73998547 0.57325751
v 0.48640370 2.74053001 0.57235152
v 0.47517693 2.74466300 0.58703917
v 0.47903937 2.74150848 0.57212102
v 0.47378358 2.74360728 0.57372373
v 0.47767460 2.75153565 0.60867608
v 0.47258353 2.75242424 0.60586762
v 0.76581240 2.83770633 0.59427559
v 0.76707160 2.82845449 0.56054676
v 0.49626157 2.82713175 0.58711261
v 0.49752074 2.81787992 0.55338377
v 0.78431684 2.83741570 0.59594113
v 0.63100570 2.83231711 0.59202403
v 0.77942431 2.83687115 0.59684712
v 0.78563809 2.82770753 0.56054980
v 0.66219389 2.82357192 0.55666733
v 0.78081083 2.82668471 0.55971092
v 0.79091120 2.83082700 0.57519221
v 0.78815347 2.82586551 0.56052262
v 0.79324460 2.82497692 0.56333101
v 0.78678870 2.83589268 0.59707761
v 0.79204446 2.83379388 0.59547490
v 0.47777453 2.82538986 0.58779526
v 0.48263961 2.82522821 0.58896047
v 0.47909585 2.81568217 0.55240381
v 0.48402610 2.81504178 0.55182427
v 0.47282565 2.81834841 0.56673956
v 0.47673738 2.81364846 0.55224717
v 0.47158977 2.81235838 0.55478352
v 0.47537264 2.82367563 0.58880216
v 0.47038969 2.82117510 0.58692735
v 0.48973140 2.82117343 0.59099472
v 0.77257383 2.83226943 0.59851086
v 0.49182215 2.75565314 0.60904491
v 0.77466458 2.76674914 0.61656111
v 0.48063457 2.78795671 0.59953731
v 0.78377730 2.79984903 0.60759288
v 0.49116346 2.81065202 0.55263758
v 0.77400595 2.82174802 0.56015372
v 0.49325421 2.74513173 0.57068777
v 0.77609664 2.75622773 0.57820392
v 0.48205078 2.77755213 0.56160575
v 0.78519344 2.78944445 0.56966138
v 0.45113191 2.76986241 0.57940555
v 0.00430485 2.76858401 0.56307423
v 0.45146102 2.81585574 0.56680185
v 0.00463395 2.81457782 0.55047047
v 0.22720771 2.82024908 0.58121812
v 0.22689408 2.77641678 0.59322953
v 0.27477431 2.80997634 0.54497319
v 0.27446064 2.76614404 0.55698460
v -0.00599630 2.78750229 0.54161501
v -0.00734589 2.79741788 0.57776421
v 0.46286383 2.78884339 0.55875170
v 0.46151423 2.79875898 0.59490091
v 0.22772391 2.76878786 0.57112211
v 0.43877539 2.77578807 0.60025567
v 0.44011825 2.76592183 0.56428695
v 0.46149859 2.76728988 0.56561989
v 0.46021882 2.77669239 0.59989828
v 0.01507225 2.77457619 0.58476949
v 0.01641510 2.76470995 0.54880077
v -0.00501292 2.76595545 0.54856908
v -0.00629267 2.77535796 0.58284748
v 0.22805840 2.81553125 0.55831289
v 0.43910283 2.82155132 0.58771509
v 0.44044572 2.81168509 0.55174637
v 0.46181062 2.81090331 0.55366844
v 0.46053088 2.82030582 0.58794683
v 0.01539971 2.82033920 0.57222891
v 0.01674257 2.81047320 0.53626025
v -0.00470086 2.80956888 0.53661764
v -0.00598061 2.81897140 0.57089603
v 0.22703935 2.79841781 0.58753306
v 0.00490516 2.81845284 0.57330900
v 0.44950116 2.81972456 0.58955884
v 0.00460774 2.77688909 0.58469886
v 0.44920370 2.77816081 0.60094863
v 0.27538145 2.78797746 0.55069721
v 0.00631423 2.80810046 0.53556728
v 0.45091018 2.80937219 0.55181706
v 0.00601681 2.76653671 0.54695708
v 0.45061278 2.76780820 0.56320691
v -0.01036097 2.79147792 0.55600953
v 0.46614331 2.79284096 0.57342559
v 0.43697101 2.76959491 0.57917660
v 0.44613025 2.77534914 0.59942430
v 0.44738802 2.76610780 0.56573379
v 0.45789504 2.76682472 0.56678176
v 0.45669636 2.77563167 0.59888893
v 0.01844595 2.76839781 0.56387967
v 0.00780035 2.77409530 0.58340353
v 0.00905813 2.76485395 0.54971302
v -0.00150124 2.76551056 0.54999095
v -0.00269994 2.77431774 0.58209819
v 0.43730420 2.81615758 0.56641698
v 0.44645980 2.82140732 0.58680290
v 0.44771764 2.81216598 0.55311239
v 0.45821789 2.81194353 0.55441767
v 0.45701918 2.82075071 0.58652496
v 0.01877913 2.81496024 0.55112004
v 0.00812989 2.82015347 0.57078212
v 0.00938769 2.81091213 0.53709161
v -0.00117840 2.81062961 0.53762692
v -0.00237711 2.81943655 0.56973416
v 0.42565867 2.82133436 0.58794111
v 0.02879252 2.82019901 0.57343578
v 0.22718902 2.81892514 0.58183306
v 0.01898592 2.81924415 0.57374859
v 0.43542153 2.82043505 0.58896917
v 0.42533618 2.77626896 0.60029048
v 0.02847007 2.77513385 0.58578515
v 0.22689524 2.77786922 0.59308368
v 0.01867824 2.77624536 0.58553165
v 0.43511391 2.77743649 0.60075217
v 0.42704788 2.81112742 0.55073076
v 0.03018173 2.80999231 0.53622544
v 0.27534395 2.80852556 0.54513985
v 0.02040407 2.80882478 0.53576374
v 0.43683970 2.81001592 0.55098426
v 0.42672545 2.76606202 0.56308007
v 0.02985929 2.76492691 0.54857481
v 0.27505016 2.76746964 0.55639052
v 0.02009638 2.76582623 0.54754668
v 0.43653202 2.76701713 0.56276733
v -0.00648401 2.76716995 0.54754400
v -0.00619171 2.80802083 0.53634953
v -0.00137996 2.80684114 0.53593534
v -0.00165853 2.76791000 0.54660368
v -0.00893852 2.78780794 0.54265392
v -0.00780796 2.77689719 0.58300573
v -0.00751566 2.81774807 0.57181132
v -0.00276753 2.81703568 0.57310140
v -0.00304610 2.77810454 0.58376980
v -0.01020264 2.79709554 0.57651341
v 0.46303359 2.76851320 0.56470460
v 0.46332592 2.80936408 0.55351019
v 0.45856407 2.80815673 0.55274612
v 0.45828545 2.76922560 0.56341451
v 0.46572056 2.78916550 0.56000251
v 0.46170965 2.77824020 0.60016638
v 0.46200195 2.81909132 0.58897191
v 0.45717651 2.81835127 0.58991218
v 0.45689791 2.77942014 0.60058063
v 0.46445647 2.79845333 0.59386200
v 0.42562190 2.77507019 0.59875578
v 0.42688113 2.76581836 0.56502694
v 0.02830401 2.77393341 0.58423400
v 0.02956325 2.76468182 0.55050516
v 0.45285878 2.77611613 0.60038072
v 0.22691962 2.77509189 0.59263462
v 0.44563743 2.77668738 0.60089374
v 0.45418009 2.76640844 0.56498927
v 0.27225143 2.76530194 0.55809247
v 0.44702390 2.76650095 0.56375748
v 0.46216121 2.77092910 0.57934844
v 0.45780140 2.76731682 0.56424892
v 0.46527219 2.76895142 0.56645411
v 0.45643663 2.77734399 0.60080391
v 0.46407214 2.77776837 0.59859788
v 0.00101564 2.77482390 0.58386600
v 0.00817692 2.77543616 0.58490467
v 0.00233695 2.76511598 0.54847455
v 0.00956335 2.76524949 0.54776853
v -0.00669680 2.76958823 0.56221187
v -0.00122573 2.76600385 0.54747170
v -0.00884682 2.76759529 0.54912519
v -0.00259049 2.77603078 0.58402663
v -0.01004688 2.77641225 0.58126909
v 0.42595470 2.82157946 0.58601069
v 0.42721394 2.81232762 0.55228192
v 0.02863680 2.82044291 0.57148898
v 0.02989604 2.81119108 0.53776014
v 0.45318100 2.82114530 0.58804137
v 0.22724871 2.82108521 0.58003092
v 0.44595459 2.82101178 0.58874738
v 0.45450228 2.81143737 0.55264992
v 0.27258053 2.81129527 0.54548883
v 0.44734102 2.81082511 0.55161124
v 0.46247482 2.81476212 0.56733680
v 0.45810845 2.81023026 0.55248922
v 0.46556485 2.80984902 0.55524683
v 0.45674369 2.82025743 0.58904421
v 0.46436477 2.81866574 0.58739072
v 0.00133785 2.81985283 0.57152659
v 0.00849406 2.81976032 0.57275844
v 0.00265916 2.81014514 0.53613520
v 0.00988050 2.80957389 0.53562218
v -0.00638318 2.81342077 0.55020028
v -0.00091868 2.80891728 0.53571200
v -0.00855418 2.80849266 0.53791803
v -0.00228344 2.81894422 0.57226700
v -0.00975424 2.81730986 0.57006180
v 0.01872758 2.81728268 0.57447737
v 0.43563724 2.81847525 0.58971524
v 0.01844870 2.77830720 0.58515787
v 0.43535835 2.77949977 0.60039580
v 0.00363477 2.79769397 0.57905793
v 0.45046702 2.79897189 0.59538949
v 0.02015960 2.80676150 0.53612012
v 0.43706924 2.80795407 0.55135804
v 0.01988071 2.76778603 0.54680067
v 0.43679035 2.76897860 0.56203854
v 0.00505092 2.78728938 0.54112643
v 0.45188317 2.78856730 0.55745798
v 0.72630721 2.95391941 0.74249357
v -0.36841261 3.04811811 0.74750328
v 0.73977041 3.11037493 0.74258244
v -0.35494947 3.20457387 0.74759215
v 0.19219810 3.15377617 0.76820892
v 0.17936759 3.00467277 0.76812422
v 0.30508912 3.14408445 0.72833365
v 0.29225859 2.99498105 0.72824883
v -0.38874012 3.12868309 0.73236185
v -0.38857162 3.12864733 0.76987016
v 0.75996041 3.02983928 0.72710508
v 0.76012892 3.02980351 0.76461339
v 0.17883655 2.99974346 0.74476892
v 0.69811362 2.95672727 0.76472878
v 0.69794589 2.95676303 0.72740763
v 0.75070441 2.95590639 0.72804666
v 0.75086433 2.95587230 0.76361394
v -0.33995286 3.04605150 0.76947922
v -0.34012061 3.04608703 0.73215806
v -0.39224195 3.05425525 0.73327702
v -0.39208207 3.05422115 0.76884437
v 0.19251922 3.15874982 0.74485928
v 0.71150941 3.11239958 0.76481718
v 0.71134168 3.11243510 0.72749609
v 0.76347083 3.10426545 0.72813094
v 0.76363075 3.10423136 0.76369822
v -0.32655713 3.20172358 0.76956761
v -0.32672489 3.20175910 0.73224652
v -0.37947550 3.20261407 0.73336130
v -0.37931564 3.20257998 0.76892859
v 0.18578428 3.07922411 0.76848739
v -0.35276118 3.19678235 0.77060056
v 0.73649240 3.10305381 0.76561582
v -0.36492768 3.05539536 0.77052021
v 0.72432595 2.96166682 0.76553547
v 0.30051580 3.06937456 0.72796196
v -0.35293716 3.19681978 0.73143977
v 0.73631644 3.10309124 0.72645509
v -0.36510369 3.05543256 0.73135942
v 0.72414994 2.96170425 0.72637469
v -0.39803639 3.12947440 0.74748534
v 0.76939213 3.02901912 0.74214286
v 0.69155526 2.95593476 0.74286991
v 0.71598285 2.95468521 0.76346445
v 0.71582580 2.95471859 0.72850728
v 0.74177313 2.95409441 0.72921151
v 0.74192286 2.95406294 0.76252592
v -0.33382517 3.04416728 0.74756223
v -0.35791907 3.04709268 0.76837897
v -0.35807616 3.04712605 0.73342174
v -0.38374123 3.05094337 0.73436207
v -0.38359144 3.05091143 0.76767653
v 0.70518488 3.11432552 0.74295986
v 0.72946495 3.11136031 0.76355350
v 0.72930783 3.11139369 0.72859627
v 0.75498027 3.10757494 0.72929871
v 0.75512999 3.10754323 0.76261318
v -0.32019550 3.20255804 0.74765223
v -0.34443700 3.20376778 0.76846796
v -0.34459406 3.20380116 0.73351079
v -0.37053412 3.20442367 0.73444939
v -0.37038434 3.20439196 0.76776373
v 0.67853504 3.11404061 0.76561111
v -0.29378125 3.19770670 0.77006072
v 0.19179285 3.14905381 0.76844960
v -0.31805447 3.19625449 0.77057016
v 0.70220679 3.10846257 0.76590121
v 0.66534364 2.96074271 0.76552409
v -0.30697265 3.04440928 0.76997358
v 0.17977503 3.00939465 0.76837027
v -0.33064091 3.04998636 0.77048713
v 0.68962038 2.96219444 0.76581812
v 0.67836148 3.11407733 0.72700167
v -0.29395476 3.19774389 0.73145121
v 0.30608013 3.13924241 0.72808111
v -0.31823152 3.19629192 0.73115712
v 0.70202965 3.10850024 0.72648817
v 0.66517007 2.96077967 0.72691453
v -0.30714619 3.04444599 0.73136413
v 0.29406229 2.99958324 0.72800177
v -0.33081803 3.05002403 0.73107404
v 0.68944323 2.96223211 0.72640508
v -0.39552289 3.05927110 0.73268259
v -0.38356507 3.19823313 0.73276162
v -0.37212244 3.19395947 0.73182189
v -0.38351834 3.06152773 0.73174667
v -0.39583850 3.12929320 0.73358226
v -0.39535749 3.05923605 0.76947773
v -0.38339967 3.19819784 0.76955670
v -0.37194911 3.19392276 0.77038538
v -0.38334510 3.06149101 0.77031016
v -0.39568064 3.12925959 0.76871479
v 0.75478840 2.96028876 0.72741854
v 0.76674628 3.09925056 0.72749752
v 0.75473380 3.09699535 0.72666514
v 0.74333787 2.96456361 0.72658986
v 0.76706940 3.02922678 0.72826046
v 0.75495380 2.96025348 0.76421362
v 0.76691163 3.09921527 0.76429266
v 0.75490713 3.09695864 0.76522857
v 0.74351120 2.96452689 0.76515335
v 0.76722729 3.02919340 0.76339298
v 0.66567743 2.95824051 0.76371384
v 0.66552013 2.95827389 0.72871691
v -0.30774561 3.04200196 0.76816851
v -0.30790287 3.04203558 0.73317146
v 0.73269111 2.95501018 0.76427215
v 0.17904712 3.00099778 0.76719761
v 0.71517968 2.95772409 0.76525873
v 0.73252606 2.95504546 0.72755003
v 0.28663433 2.99176145 0.72919559
v 0.71500653 2.95776105 0.72672623
v 0.75361055 2.95527244 0.74220228
v 0.74163324 2.95788693 0.72690821
v 0.76042610 2.95972300 0.72911406
v 0.74180377 2.95785093 0.76483756
v 0.76057601 2.95969105 0.76246643
v -0.37431809 3.05026674 0.76933813
v -0.35659224 3.04994822 0.77016342
v -0.37448317 3.05030155 0.73261607
v -0.35676539 3.04998517 0.73163086
v -0.39508489 3.05411577 0.74745905
v -0.38297656 3.05465794 0.73205465
v -0.40115860 3.05967546 0.73442972
v -0.38280606 3.05462170 0.76998413
v -0.40100873 3.05964351 0.76778215
v 0.67929167 3.11645103 0.76380378
v 0.67913437 3.11648440 0.72880673
v -0.29413137 3.20021272 0.76825839
v -0.29428869 3.20024586 0.73326141
v 0.74587196 3.10818481 0.76435918
v 0.19251023 3.15745306 0.76728648
v 0.72815418 3.10850120 0.76534438
v 0.74570692 3.10821986 0.72763711
v 0.30009744 3.14821649 0.72928458
v 0.72798097 3.10853815 0.72681183
v 0.76644117 3.10437775 0.74228698
v 0.75419480 3.10386467 0.72699112
v 0.77239746 3.09884310 0.72919309
v 0.75436532 3.10382843 0.76492059
v 0.77254742 3.09881115 0.76254553
v -0.36113727 3.20344114 0.76942521
v -0.34361777 3.20072556 0.77024901
v -0.36130232 3.20347619 0.73270309
v -0.34379089 3.20076251 0.73171651
v -0.38225418 3.20322108 0.74754375
v -0.37041500 3.20063567 0.73213768
v -0.38918725 3.19879556 0.73450881
v -0.37024450 3.20059967 0.77006704
v -0.38903731 3.19876361 0.76786119
v -0.31922299 3.18946147 0.77076209
v 0.70219958 3.10156965 0.76608783
v -0.33063188 3.05687881 0.77068681
v 0.69079065 2.96898723 0.76601249
v -0.36158350 3.12632442 0.77067137
v 0.73314917 3.03212452 0.76566160
v -0.31940189 3.18949938 0.73096275
v 0.70202065 3.10160780 0.72628844
v -0.33081079 3.05691695 0.73088741
v 0.69061178 2.96902490 0.72621316
v -0.36176038 3.12636209 0.73131371
v 0.73297226 3.03216195 0.72630388
v -0.43054470 3.48768806 1.08724940
v 0.81846535 3.37189841 1.08976185
v -0.42982745 3.49211550 0.93474263
v 0.81918263 3.37632585 0.93725502
v 0.19252844 3.41110110 0.93890405
v 0.19184494 3.40688181 1.08424401
v 0.06715398 3.46223402 0.93979883
v 0.06647050 3.45801497 1.08513880
v 0.85103011 3.38649511 1.01401925
v 0.84757149 3.34916234 1.01291931
v -0.45956880 3.50799441 1.01138306
v -0.46302754 3.47066164 1.01028299
v 0.19397561 3.42998505 1.08975542
v -0.40026224 3.46270132 1.08628416
v -0.39682084 3.49984765 1.08737862
v -0.45671573 3.50462508 1.08366835
v -0.45999542 3.46922421 1.08262515
v 0.78410989 3.35290384 1.08866644
v 0.78755128 3.39005041 1.08976102
v 0.84731793 3.38373423 1.08629143
v 0.84403825 3.34833384 1.08524823
v 0.19470452 3.43448448 0.93476236
v -0.39954865 3.46710634 0.93454134
v -0.39610726 3.50425291 0.93563586
v -0.45603564 3.50882292 0.93905413
v -0.45931530 3.47342229 0.93801093
v 0.78482342 3.35730910 0.93692374
v 0.78826493 3.39445543 0.93801826
v 0.84799808 3.38793254 0.94167709
v 0.84471834 3.35253167 0.94063407
v 0.19215709 3.40867209 1.01156461
v 0.81390661 3.35348439 0.94391763
v -0.42886689 3.46869588 0.94141781
v 0.81325853 3.34948349 1.08173609
v -0.42951503 3.46469498 1.07923627
v 0.06473858 3.46063876 1.01247394
v 0.81751764 3.39246178 0.94506615
v -0.42525589 3.50767326 0.94256628
v 0.81686956 3.38846087 1.08288455
v -0.42590401 3.50367236 1.08038473
v 0.86032319 3.37049460 1.01359856
v -0.47164312 3.49397469 1.01091933
v -0.39101312 3.48377633 1.08826566
v -0.42059860 3.46575856 1.08676648
v -0.41737518 3.50055218 1.08779180
v -0.44688687 3.50250936 1.08615148
v -0.44995883 3.46935105 1.08517444
v 0.77888471 3.37532115 1.09061885
v 0.80465966 3.35217094 1.08923125
v 0.80788308 3.38696456 1.09025633
v 0.83725780 3.38346267 1.08873451
v 0.83418590 3.35030437 1.08775747
v -0.39028704 3.48825860 0.93387270
v -0.41988042 3.47019219 0.93404597
v -0.41665700 3.50498557 0.93507123
v -0.44618323 3.50685239 0.93654490
v -0.44925517 3.47369409 0.93556786
v 0.77961075 3.37980294 0.93622601
v 0.80537778 3.35660458 0.93651056
v 0.80860126 3.39139795 0.93753588
v 0.83796144 3.38780570 0.93912792
v 0.83488947 3.35464740 0.93815088
v -0.36210492 3.46295452 0.93575501
v 0.74725002 3.36011147 0.93798661
v 0.19248433 3.41072536 0.94349980
v 0.77454799 3.35707664 0.94145584
v -0.38950923 3.46499038 0.93911445
v -0.36280760 3.45861650 1.08518350
v 0.74654734 3.35577369 1.08741498
v 0.19184414 3.40677333 1.07963395
v 0.77387756 3.35293746 1.08403206
v -0.39017969 3.46085167 1.08169055
v -0.35854471 3.50138307 0.93688738
v 0.75081033 3.39854026 0.93911886
v 0.06555922 3.46249080 0.94440567
v 0.77818233 3.39630508 0.94261181
v -0.38587496 3.50421929 0.94027030
v -0.35924742 3.49704504 1.08631587
v 0.75010759 3.39420223 1.08854723
v 0.06491904 3.45853877 1.08053982
v 0.77751195 3.39216614 1.08518803
v -0.38654539 3.50008011 1.08284640
v 0.85159767 3.38408875 1.08173800
v 0.85223466 3.38802099 0.94628352
v 0.83892083 3.39004922 0.94946516
v 0.83831376 3.38630176 1.07855427
v 0.85902548 3.38456130 1.01400089
v 0.84820467 3.34746599 1.08065891
v 0.84884173 3.35139823 0.94520432
v 0.83536476 3.35166621 0.94833422
v 0.83475769 3.34791875 1.07742333
v 0.85578585 3.34959340 1.01297045
v -0.46083909 3.50575852 1.07909799
v -0.46020204 3.50969076 0.94364345
v -0.44675505 3.50923800 0.94687897
v -0.44736212 3.50549030 1.07596815
v -0.46778321 3.50756335 1.01133192
v -0.46423203 3.46913576 1.07801890
v -0.46359500 3.47306800 0.94256437
v -0.45031115 3.47085500 0.94574803
v -0.45091817 3.46710753 1.07483721
v -0.47102287 3.47259545 1.01030159
v -0.36328375 3.46040320 1.08762968
v -0.36005658 3.49523640 1.08865607
v 0.74733394 3.35744333 1.08986366
v 0.75056106 3.39227653 1.09089005
v -0.43955866 3.46668077 1.08499658
v 0.19191335 3.40769815 1.08785427
v -0.41953480 3.46395016 1.08384216
v -0.43617246 3.50323081 1.08607352
v 0.07242920 3.45642877 1.08870697
v -0.41598159 3.50230241 1.08497214
v -0.46130359 3.49081564 1.08360994
v -0.44614086 3.50486445 1.08256352
v -0.46742925 3.50463915 1.07911170
v -0.44963843 3.46711254 1.08145118
v -0.47050473 3.47144294 1.07813358
v 0.82347292 3.34959149 1.08753717
v 0.80329311 3.35058784 1.08630180
v 0.82685912 3.38614154 1.08861423
v 0.80684632 3.38893986 1.08743191
v 0.84928942 3.36931705 1.08624613
v 0.83697194 3.38591337 1.08514464
v 0.85786963 3.38177729 1.08177757
v 0.83347434 3.34816170 1.08403218
v 0.85479414 3.34858108 1.08079934
v -0.36255848 3.46488023 0.93341231
v -0.35933131 3.49971342 0.93443871
v 0.74805921 3.36192036 0.93564636
v 0.75128639 3.39675331 0.93667269
v -0.43885648 3.47101521 0.93568826
v 0.19263054 3.41212535 0.93534815
v -0.41884369 3.46821690 0.93687052
v -0.43547025 3.50756526 0.93676519
v 0.07314639 3.46085596 0.93620086
v -0.41529047 3.50656891 0.93800056
v -0.46062008 3.49503493 0.93826818
v -0.44547170 3.50899506 0.94027025
v -0.46679154 3.50857568 0.94350302
v -0.44896927 3.47124338 0.93915784
v -0.46986702 3.47537947 0.94252491
v 0.82417512 3.35392570 0.93822885
v 0.80398428 3.35485435 0.93933022
v 0.82756132 3.39047599 0.93930578
v 0.80753744 3.39320660 0.94046021
v 0.84997290 3.37353635 0.94090450
v 0.83764106 3.39004421 0.94285119
v 0.85850734 3.38571382 0.94616884
v 0.83414358 3.35229230 0.94173884
v 0.85543185 3.35251760 0.94519067
v 0.77516145 3.35662937 0.94812155
v -0.39022094 3.46466613 0.94577748
v 0.77455366 3.35287762 1.07735765
v -0.39082870 3.46091437 1.07501352
v 0.81669897 3.35109615 1.01283026
v -0.43232563 3.46688700 1.01031792
v 0.77883136 3.39624214 0.94928885
v -0.38655099 3.50427914 0.94694471
v 0.77822357 3.39249063 1.07852495
v -0.38715872 3.50052738 1.07618082
v 0.82032824 3.39026976 1.01398444
v -0.42869636 3.50606060 1.01147211
v -0.29974070 4.72309208 3.02227664
v -0.53769124 3.53717566 1.99877596
v -0.31302842 4.57640266 3.19533253
v -0.55097890 3.39048648 2.17183208
v -0.40886977 3.98337340 2.67828631
v -0.39620650 4.12316895 2.51336288
v -0.42313698 4.11184835 2.78609133
v -0.41047370 4.25164413 2.62116790
v -0.56531131 3.43692136 2.06088352
v -0.52829278 3.43121529 2.05888915
v -0.31562737 4.68131495 3.13485312
v -0.27860889 4.67560863 3.13285851
v -0.41883346 4.13136435 2.50912762
v -0.28411454 4.68867493 2.99505091
v -0.32094815 4.69435263 2.99703550
v -0.30899483 4.74759960 3.05006170
v -0.27389210 4.74218893 3.04817009
v -0.50975078 3.56413174 2.02451777
v -0.54658443 3.56980968 2.02650237
v -0.55742794 3.50943947 1.98147190
v -0.52232528 3.50402832 1.97958052
v -0.43233776 3.98228359 2.68500519
v -0.29733568 4.54272079 3.16723990
v -0.33416933 4.54839849 3.16922426
v -0.32159489 4.60850191 3.21416163
v -0.28649217 4.60309076 3.21227026
v -0.52297199 3.41817737 2.19670677
v -0.55980563 3.42385507 2.19869137
v -0.57002801 3.37034154 2.14557219
v -0.53492528 3.36493063 2.14368057
v -0.40222150 4.05322266 2.59580755
v -0.52702063 3.39700818 2.16482925
v -0.29025817 4.57700300 3.18321919
v -0.51501268 3.52956963 2.00844049
v -0.27825025 4.70956421 3.02683067
v -0.41672128 4.18379164 2.70536995
v -0.56566989 3.40296578 2.16691160
v -0.32890746 4.58296061 3.18530154
v -0.55366194 3.53552723 2.01052284
v -0.31689951 4.71552181 3.02891302
v -0.55246294 3.42448306 2.05132699
v -0.29870832 4.68916512 3.14280558
v -0.30697909 4.68640804 2.98878050
v -0.28134382 4.70873547 3.01131058
v -0.31584448 4.71405363 3.01316977
v -0.30956021 4.74038696 3.03902006
v -0.27668086 4.73531866 3.03724861
v -0.52985781 3.57560754 2.03010845
v -0.51476932 3.54537153 2.00727391
v -0.54927003 3.55068970 2.00913262
v -0.55420429 3.52111125 1.98672867
v -0.52132487 3.51604271 1.98495698
v -0.32043114 4.53790426 3.16397691
v -0.29465014 4.56184053 3.18460941
v -0.32915080 4.56715870 3.18646860
v -0.32259521 4.59648752 3.20878530
v -0.28971589 4.59141922 3.20701361
v -0.54330987 3.42710423 2.20530486
v -0.52807570 3.39847660 2.18057251
v -0.56257635 3.40379477 2.18243146
v -0.56723928 3.37721157 2.15649366
v -0.53435993 3.37214303 2.15472198
v -0.30374491 4.50812197 3.13515615
v -0.51508957 3.45480609 2.22609591
v -0.40822855 3.98776364 2.67305040
v -0.51960516 3.43207073 2.19977379
v -0.29783911 4.53732586 3.15365982
v -0.29072541 4.65185022 2.96559334
v -0.50207001 3.59853458 2.05653286
v -0.39636734 4.11870480 2.51857328
v -0.50718272 3.56920838 2.03798652
v -0.28541663 4.67446327 2.99187255
v -0.34185010 4.51399565 3.13720918
v -0.55319476 3.46068001 2.22814894
v -0.42267218 4.11782742 2.78218842
v -0.55850351 3.43806696 2.20186973
v -0.33673745 4.54332161 3.15575576
v -0.32883057 4.65772390 2.96764636
v -0.54017526 3.60440826 2.05858612
v -0.41081098 4.24876881 2.62771130
v -0.54608101 3.57520437 2.04008245
v -0.32431495 4.68045950 2.99396849
v -0.55923337 3.50113821 1.98325861
v -0.57103533 3.37085080 2.13696480
v -0.56908160 3.38675117 2.14436483
v -0.55783415 3.51091623 1.99788165
v -0.56568301 3.42904520 2.05417895
v -0.52291888 3.49554062 1.98130202
v -0.53472084 3.36525297 2.13500810
v -0.53102177 3.38088441 2.14231420
v -0.51977438 3.50504923 1.99583125
v -0.53100926 3.42370033 2.05231071
v -0.30919933 4.74727678 3.05873442
v -0.32100132 4.61698961 3.21244001
v -0.32414579 4.60748100 3.19791079
v -0.31289840 4.73164558 3.05142784
v -0.31291091 4.68882990 3.14143157
v -0.27288482 4.74167919 3.05677748
v -0.28468680 4.61139202 3.21048355
v -0.28608599 4.60161400 3.19586039
v -0.27483860 4.72577906 3.04937744
v -0.27823719 4.68348503 3.13956332
v -0.29217917 4.65502739 2.96348953
v -0.32671905 4.66035175 2.96535063
v -0.50376433 3.60051298 2.05339456
v -0.53830421 3.60583711 2.05525541
v -0.27702343 4.72489262 3.02867651
v -0.39680681 4.12675619 2.50934649
v -0.28006148 4.70454502 3.01348209
v -0.31326589 4.73047924 3.03062963
v -0.41040370 4.24919510 2.61208606
v -0.31809068 4.71040726 3.01553059
v -0.29435438 4.74890757 3.05158305
v -0.31225443 4.73673105 3.04286957
v -0.30626854 4.75319576 3.06382513
v -0.27482039 4.73096085 3.04085255
v -0.27335176 4.74812174 3.06205130
v -0.51764524 3.52566361 1.99368608
v -0.51302397 3.54348850 2.01143622
v -0.55388767 3.53125024 1.99563885
v -0.55105323 3.54935050 2.01348519
v -0.54403716 3.50451970 1.97761822
v -0.55670196 3.51843500 1.99142325
v -0.55875295 3.49484444 1.97780967
v -0.51926792 3.51266456 1.98940659
v -0.52583617 3.48977041 1.97603607
v -0.30561587 4.50669336 3.13848662
v -0.34015578 4.51201725 3.14034772
v -0.51720113 3.45217848 2.22839165
v -0.55174094 3.45750260 2.23025250
v -0.29003248 4.58128023 3.19810343
v -0.41009444 3.98006749 2.68240166
v -0.29286692 4.56317997 3.18025708
v -0.32627496 4.58686638 3.20005608
v -0.42369133 4.10250664 2.78514147
v -0.33089611 4.56904173 3.18230581
v -0.30701777 4.60911036 3.21650839
v -0.32465225 4.59986591 3.20433569
v -0.31808397 4.62275982 3.21770620
v -0.28721821 4.59409523 3.20231891
v -0.28516719 4.61768579 3.21593261
v -0.53065431 3.38205075 2.16311264
v -0.52582943 3.40212321 2.17821145
v -0.56689674 3.38763738 2.16506553
v -0.56385863 3.40798545 2.18026018
v -0.55670053 3.36472201 2.14254379
v -0.56909972 3.38156962 2.15288973
v -0.57056838 3.36440849 2.13169074
v -0.53166568 3.37579894 2.15087295
v -0.53765154 3.35933447 2.12991714
v -0.51895958 3.43782830 2.19165206
v -0.29694113 4.54434109 3.14662385
v -0.50769943 3.56213427 2.04500198
v -0.28568098 4.66864729 2.99997377
v -0.52151489 3.46030617 2.08406830
v -0.28356159 4.64623642 3.10758066
v -0.55823916 3.44388294 2.19376850
v -0.33622068 4.55039597 3.14874005
v -0.54697901 3.56818914 2.04711843
v -0.32496050 4.67470217 3.00209045
v -0.56035858 3.46629405 2.08616114
v -0.32240528 4.65222406 3.10967398
v 0.86222386 3.38502789 1.08332181
v -0.39832410 3.48483515 1.09162259
v 0.88432181 3.66096115 1.12131405
v -0.37622616 3.76076841 1.12961483
v 0.25343034 3.70123482 1.14748049
v 0.23237084 3.43826890 1.11127353
v 0.38379297 3.69628143 1.10763121
v 0.36273348 3.43331528 1.07142437
v -0.41828898 3.62734580 1.09565628
v -0.41844839 3.62224197 1.13281584
v 0.90441674 3.52261686 1.08694625
v 0.90425736 3.51751328 1.12410581
v 0.23177068 3.43271351 1.08693588
v 0.82956761 3.38529396 1.10553145
v 0.82972622 3.39037204 1.06855750
v 0.89062256 3.39192057 1.06991649
v 0.89047146 3.38708115 1.10515308
v -0.36574507 3.47993612 1.11340272
v -0.36558649 3.48501420 1.07642865
v -0.42545739 3.49612474 1.07858300
v -0.42560852 3.49128532 1.11381948
v 0.25422892 3.71314502 1.12554741
v 0.85155481 3.65984464 1.14333344
v 0.85171342 3.66492271 1.10635936
v 0.91157693 3.65357351 1.10594261
v 0.91142571 3.64873409 1.14117920
v -0.34375784 3.75448704 1.15120459
v -0.34359923 3.75956488 1.11423063
v -0.40450308 3.75777769 1.11460900
v -0.40465418 3.75293851 1.14984560
v 0.24289919 3.56970835 1.12969482
v -0.37424108 3.74409819 1.15057552
v 0.88001269 3.64478922 1.14231622
v -0.39421073 3.49474120 1.11624253
v 0.86004305 3.39543200 1.10798311
v 0.37538722 3.56467414 1.08919585
v -0.37407467 3.74942684 1.11177897
v 0.88017911 3.65011787 1.10351956
v -0.39404428 3.50006962 1.07744586
v 0.86020952 3.40076065 1.06918657
v -0.42913544 3.62614727 1.11066771
v 0.91513503 3.51971126 1.10181558
v 0.82216471 3.38645267 1.08356595
v 0.85013378 3.38293672 1.10410297
v 0.85028231 3.38769293 1.06947088
v 0.88021964 3.38804555 1.07047677
v 0.88007802 3.38351250 1.10348141
v -0.35854021 3.47993827 1.09134090
v -0.38644284 3.48084593 1.11224580
v -0.38629428 3.48560238 1.07761371
v -0.41578740 3.49066043 1.07901096
v -0.41592902 3.48612738 1.11201572
v 0.84453595 3.66579843 1.12202799
v 0.87226266 3.65925670 1.14214838
v 0.87241119 3.66401291 1.10751629
v 0.90189737 3.65873146 1.10774636
v 0.90175575 3.65419841 1.14075112
v -0.33616892 3.75928402 1.12980306
v -0.36431399 3.75716591 1.15029120
v -0.36416540 3.76192212 1.11565924
v -0.39410967 3.76134634 1.11628067
v -0.39425126 3.75681329 1.14928532
v 0.81352943 3.66066074 1.14393258
v -0.30607319 3.74930835 1.15130520
v 0.25276232 3.69287372 1.14657485
v -0.33417523 3.74524021 1.15103161
v 0.84063518 3.65222120 1.14329541
v 0.79187751 3.39029741 1.10670733
v -0.32772508 3.47894502 1.11407995
v 0.23303674 3.44656372 1.11266136
v -0.35483423 3.48727489 1.11551332
v 0.81997615 3.39425588 1.10777712
v 0.81369340 3.66591382 1.10568213
v -0.30590913 3.75456166 1.11305487
v 0.38473734 3.68785906 1.10623276
v -0.33400777 3.75060296 1.11198497
v 0.84080267 3.65758419 1.10424876
v 0.79204154 3.39555049 1.06845689
v -0.32756102 3.48419833 1.07582951
v 0.36501175 3.44154930 1.07231927
v -0.35466674 3.49263763 1.07646668
v 0.82014364 3.39961886 1.06873047
v -0.42903137 3.50483060 1.07914352
v -0.40940431 3.74991059 1.11288786
v -0.39635763 3.74320316 1.11113000
v -0.41506237 3.50963998 1.07897162
v -0.42647377 3.62783170 1.09688699
v -0.42918772 3.49982405 1.11559653
v -0.40956068 3.74490404 1.14934075
v -0.39652157 3.73795605 1.14933491
v -0.41522628 3.50439310 1.11717641
v -0.42662305 3.62305140 1.13169289
v 0.89552903 3.39995480 1.07042134
v 0.91515613 3.64503503 1.10416555
v 0.90119469 3.64046597 1.10258567
v 0.88248992 3.40690279 1.07042718
v 0.91259146 3.52180767 1.08806920
v 0.89537269 3.39494824 1.10687423
v 0.91499978 3.64002848 1.14061856
v 0.90103078 3.63521886 1.14079058
v 0.88232601 3.40165567 1.10863209
v 0.91244215 3.51702738 1.12287509
v 0.79217547 3.38616014 1.10431719
v 0.79232424 3.39092207 1.06964564
v -0.32870167 3.47490883 1.11169815
v -0.32855290 3.47967076 1.07702661
v 0.86943841 3.38439417 1.10527670
v 0.23185559 3.43191171 1.10946500
v 0.84931630 3.38799119 1.10659814
v 0.86959440 3.38939095 1.06889606
v 0.35609359 3.42719102 1.07148802
v 0.84948009 3.39323425 1.06842399
v 0.89381957 3.38907266 1.08384144
v 0.88023865 3.39501691 1.06910503
v 0.90200102 3.39906740 1.07206476
v 0.88007736 3.38985586 1.10668182
v 0.90185928 3.39452910 1.10510695
v -0.40526053 3.48532200 1.11367071
v -0.38480753 3.48570657 1.11472487
v -0.40510443 3.49031854 1.07729006
v -0.38464373 3.49094939 1.07655072
v -0.42888024 3.49380088 1.09255147
v -0.41472706 3.49754930 1.07763243
v -0.43554041 3.50497079 1.08087242
v -0.41488826 3.49238825 1.11520922
v -0.43568215 3.50043249 1.11391473
v 0.81452131 3.66518807 1.14273548
v 0.81467009 3.66995025 1.10806394
v -0.30635583 3.75393677 1.15011656
v -0.30620709 3.75869870 1.11544490
v 0.89107281 3.65454030 1.14247203
v 0.25395340 3.70784354 1.14745700
v 0.87061208 3.65390968 1.14321136
v 0.89122891 3.65953708 1.10609138
v 0.37819141 3.70312285 1.10947990
v 0.87077594 3.65915227 1.10503733
v 0.91487926 3.65204167 1.12004876
v 0.90085667 3.65247059 1.10455287
v 0.92165053 3.64442635 1.10584736
v 0.90069544 3.64730954 1.14212966
v 0.92150879 3.63988805 1.13888967
v -0.38362607 3.75546789 1.15086603
v -0.36351171 3.75162458 1.15133810
v -0.38347000 3.76046467 1.11448538
v -0.36334792 3.75686765 1.11316395
v -0.40782046 3.75677013 1.12875867
v -0.39410901 3.75500321 1.11308026
v -0.41589090 3.75032973 1.11465514
v -0.39427024 3.74984217 1.15065706
v -0.41603264 3.74579167 1.14769733
v -0.33581123 3.73319864 1.14956570
v 0.84033644 3.64007401 1.14182079
v -0.35453725 3.49936962 1.11737061
v 0.82161039 3.40624475 1.10962570
v -0.38738084 3.61965609 1.13352740
v 0.87318188 3.51984763 1.12522650
v -0.33564204 3.73861408 1.11013639
v 0.84050566 3.64548922 1.10239148
v -0.35436803 3.50478482 1.07794142
v 0.82177967 3.41166019 1.07019639
v -0.38721350 3.62501121 1.09453559
v 0.87334919 3.52520299 1.08623469
v 0.89393687 3.62982202 1.13810444
v -0.37109238 3.75347805 1.14160204
v 0.89692748 3.65659523 1.27318931
v -0.36810178 3.78025103 1.27668703
v 0.26214874 3.69522285 1.27628624
v 0.25929871 3.66970778 1.14754939
v 0.39654097 3.72086859 1.26822805
v 0.39369094 3.69535351 1.13949132
v -0.39933401 3.78485703 1.20623684
v -0.40289259 3.74824476 1.21357203
v 0.92807400 3.65510345 1.20256674
v 0.92451543 3.61849117 1.20990193
v 0.26141953 3.69165492 1.13870740
v 0.85911369 3.61151171 1.14285624
v 0.86265445 3.64794087 1.13555777
v 0.92323929 3.64178729 1.13871872
v 0.91986489 3.60706973 1.14567423
v -0.34044853 3.72876811 1.14617288
v -0.33690774 3.76519752 1.13887429
v -0.39751935 3.77089071 1.14237046
v -0.40089366 3.73617339 1.14932597
v 0.26445889 3.71886468 1.27599454
v 0.86208922 3.63815069 1.27726436
v 0.86562997 3.67458010 1.26996589
v 0.92607510 3.66717482 1.26681280
v 0.92270070 3.63245749 1.27376831
v -0.33747301 3.75540733 1.28058100
v -0.33393219 3.79183650 1.27328253
v -0.39468354 3.79627848 1.27046454
v -0.39805785 3.76156092 1.27742004
v 0.26069325 3.68215227 1.21198046
v -0.36727214 3.75617814 1.27467585
v 0.89144069 3.63313961 1.27119565
v -0.36997458 3.73198366 1.15260136
v 0.88873821 3.60894489 1.14912117
v 0.39727655 3.70821595 1.20379114
v -0.36355683 3.79440331 1.26701760
v 0.89515597 3.67136455 1.26353729
v -0.36625931 3.77020860 1.14494312
v 0.89245349 3.64717007 1.14146292
v -0.41158557 3.77119446 1.20921600
v 0.93746394 3.63932538 1.20548606
v 0.85383427 3.63335967 1.13742256
v 0.87992150 3.61055565 1.14213479
v 0.88323790 3.64467740 1.13529849
v 0.91301143 3.64123392 1.13675594
v 0.90985084 3.60871553 1.14327085
v -0.33106813 3.74918318 1.14069867
v -0.36105126 3.73186016 1.14556587
v -0.35773483 3.76598191 1.13872969
v -0.38760313 3.76836848 1.14035201
v -0.39076382 3.73585010 1.14686680
v 0.85686177 3.66046405 1.27417815
v 0.88291627 3.63736629 1.27740908
v 0.88623273 3.67148805 1.27057278
v 0.91594517 3.66749811 1.26927185
v 0.91278452 3.63497972 1.27578676
v -0.32804066 3.77628756 1.27745438
v -0.35805652 3.75867081 1.28084016
v -0.35474008 3.79279256 1.27400398
v -0.38466942 3.79463267 1.27286792
v -0.38783005 3.76211405 1.27938271
v 0.82401580 3.64103222 1.27647042
v -0.29956716 3.75086212 1.27957678
v 0.26203534 3.69417739 1.27225661
v -0.32737449 3.75257611 1.27669740
v 0.85161251 3.63733077 1.27343774
v 0.82108563 3.61479950 1.14411223
v -0.30249739 3.72462916 1.14721870
v 0.25936586 3.67027831 1.15167403
v -0.33017033 3.72754645 1.15040863
v 0.84881669 3.61230087 1.14714897
v 0.82767880 3.67871904 1.26892006
v -0.29590419 3.78854871 1.27202666
v 0.39808983 3.72013998 1.26409900
v -0.32363525 3.79104733 1.26898968
v 0.85535175 3.67580175 1.26573002
v 0.82474864 3.65248609 1.13656187
v -0.29883441 3.76231599 1.13966835
v 0.39542031 3.69624114 1.14351630
v -0.32643110 3.76601744 1.14270115
v 0.85255587 3.65077209 1.13944125
v -0.40162671 3.77270985 1.14631891
v -0.39897051 3.79648948 1.26629961
v -0.38539693 3.79546905 1.26327002
v -0.38792825 3.77280712 1.14892757
v -0.40765557 3.78449965 1.20649195
v -0.40511748 3.73679399 1.15351450
v -0.40246129 3.76057386 1.27349520
v -0.38905558 3.75782704 1.27081144
v -0.39158690 3.73516512 1.15646911
v -0.41098872 3.75020671 1.21336246
v 0.92764276 3.64277434 1.14264369
v 0.93029892 3.66655421 1.26262426
v 0.91676825 3.66818309 1.25966978
v 0.91423696 3.64552116 1.14532733
v 0.93617022 3.65314150 1.20277631
v 0.92415196 3.60685873 1.14983916
v 0.92680812 3.63063836 1.26981986
v 0.91310960 3.63054109 1.26721120
v 0.91057825 3.60787916 1.15286863
v 0.93283701 3.61884856 1.20964694
v 0.82184952 3.61607981 1.14163637
v 0.82516974 3.65024042 1.13479233
v -0.30301246 3.72603440 1.14474642
v -0.29969224 3.76019502 1.13790250
v 0.89900023 3.60812378 1.14376569
v 0.25931615 3.66998148 1.14419484
v 0.87857753 3.60943556 1.14503384
v 0.90248412 3.64396858 1.13658428
v 0.38739443 3.69442225 1.13651538
v 0.88223314 3.64704728 1.13749850
v 0.92520964 3.62756824 1.14115834
v 0.91277951 3.64417934 1.13954496
v 0.93399149 3.64044404 1.14289391
v 0.90918112 3.60715652 1.14696240
v 0.93082732 3.60788870 1.14941633
v -0.38023049 3.73316813 1.14730263
v -0.35993379 3.73049951 1.14845812
v -0.37674654 3.76901269 1.14012122
v -0.35627812 3.76811123 1.14092278
v -0.40219238 3.75732112 1.14482844
v -0.38678992 3.77121186 1.14313817
v -0.40830508 3.77165294 1.14660525
v -0.39038840 3.73418856 1.15055561
v -0.41146925 3.73909760 1.15312755
v 0.82487363 3.64315319 1.27823627
v 0.82819390 3.67731380 1.27139235
v -0.29998830 3.75310779 1.28134644
v -0.29666808 3.78726840 1.27450252
v 0.90192801 3.63433552 1.27601755
v 0.26230669 3.69675446 1.27927923
v 0.88145959 3.63523698 1.27521586
v 0.90541190 3.67018008 1.26883614
v 0.39038494 3.72119522 1.27159953
v 0.88511527 3.67284870 1.26768064
v 0.92805964 3.65308356 1.26989663
v 0.91556984 3.66915965 1.26558316
v 0.93665069 3.66425061 1.26301110
v 0.91197139 3.63213634 1.27300060
v 0.93348652 3.63169527 1.26953351
v -0.37730271 3.75937963 1.27955449
v -0.35705173 3.75630093 1.27864027
v -0.37381876 3.79522443 1.27237308
v -0.35339609 3.79391265 1.27110481
v -0.39934236 3.78283644 1.27356660
v -0.38399959 3.79619169 1.26917624
v -0.40564591 3.79545975 1.26672232
v -0.38759807 3.75916886 1.27659380
v -0.40881008 3.76290417 1.27324474
v -0.32819468 3.75128222 1.27082896
v 0.85213435 3.63590574 1.26756549
v -0.33072886 3.72859430 1.15635645
v 0.84960014 3.61321759 1.15309286
v -0.37179831 3.74429440 1.21366656
v 0.89324570 3.62063670 1.21016896
v -0.32441875 3.79013062 1.26304579
v 0.85591024 3.67475390 1.25978231
v -0.32695296 3.76744246 1.14857328
v 0.85337609 3.65206599 1.14530981
v -0.36806434 3.78271151 1.20596981
v 0.89697969 3.65905380 1.20247221
v 0.68187660 3.22786069 0.91726714
v -0.39036021 3.32427144 0.92320693
v 0.69607800 3.38473964 0.93451416
v -0.37615880 3.48115039 0.94045383
v 0.15952685 3.42674088 0.96006501
v 0.14599283 3.27723408 0.94362843
v 0.27044123 3.42106891 0.92032766
v 0.25690719 3.27156210 0.90389109
v -0.40962997 3.40675497 0.91675842
v -0.40979072 3.40267038 0.95404375
v 0.71547902 3.30559039 0.91052580
v 0.71531826 3.30150557 0.94781125
v 0.14564344 3.27481198 0.91986895
v 0.65407270 3.22834110 0.93943787
v 0.65423268 3.23240519 0.90233868
v 0.70592368 3.23135781 0.90332901
v 0.70577133 3.22748446 0.93868476
v -0.36267453 3.31976247 0.94507027
v -0.36251467 3.32382655 0.90797102
v -0.41354945 3.33201575 0.90953034
v -0.41370186 3.32814264 0.94488621
v 0.16007636 3.43424869 0.93739724
v 0.66820306 3.38443398 0.95659852
v 0.66836280 3.38849831 0.91949940
v 0.71939021 3.38011813 0.91968346
v 0.71923780 3.37624502 0.95503914
v -0.34854430 3.47585559 0.96223080
v -0.34838435 3.47991967 0.92513168
v -0.40008295 3.48077607 0.92588472
v -0.40023538 3.47690296 0.96124059
v 0.15275848 3.35195231 0.95216560
v -0.37426439 3.47084761 0.96249676
v 0.69261861 3.37491822 0.95658672
v -0.38709807 3.32907820 0.94691074
v 0.67978495 3.23314881 0.94100070
v 0.26548117 3.34618831 0.91178042
v -0.37409663 3.47511196 0.92356884
v 0.69278640 3.37918258 0.91765881
v -0.38693026 3.33334255 0.90798289
v 0.67995274 3.23741317 0.90207285
v -0.41886634 3.40593743 0.93180019
v 0.72458613 3.30312324 0.92546600
v 0.64783013 3.22992015 0.91756546
v 0.67158198 3.22638893 0.93811041
v 0.67173177 3.23019552 0.90336120
v 0.69714940 3.22943521 0.90421367
v 0.69700658 3.22580719 0.93733001
v -0.35649127 3.32022429 0.92312890
v -0.38026470 3.32096624 0.94393724
v -0.38011491 3.32477307 0.90918785
v -0.40524960 3.32855797 0.91032046
v -0.40539238 3.32492995 0.94343686
v 0.66220731 3.38873911 0.93502587
v 0.68580329 3.38348770 0.95538163
v 0.68595302 3.38729453 0.92063230
v 0.71108073 3.38333058 0.92113274
v 0.71093792 3.37970281 0.95424914
v -0.34211418 3.47904325 0.94058937
v -0.36604342 3.47806525 0.96120846
v -0.36589366 3.48187184 0.92645919
v -0.39131826 3.48245335 0.92723960
v -0.39146104 3.47882557 0.96035594
v 0.63589245 3.38606882 0.95728648
v -0.31645480 3.47169971 0.96256196
v 0.15909719 3.42197943 0.95978642
v -0.34025571 3.47024274 0.96270406
v 0.65905178 3.38038969 0.95716822
v 0.62197763 3.23235655 0.94038749
v -0.33036953 3.31798744 0.94566309
v 0.14642040 3.28194237 0.94439089
v -0.35353237 3.32357931 0.94658005
v 0.64577514 3.23372579 0.94104433
v 0.63605785 3.39027333 0.91890645
v -0.31628937 3.47590423 0.92418206
v 0.27138340 3.41623759 0.91955757
v -0.34008682 3.47453499 0.92352521
v 0.65922070 3.38468146 0.91798949
v 0.62214309 3.23656106 0.90200758
v -0.33020413 3.32219172 0.90728319
v 0.25870663 3.27620029 0.90416205
v -0.35336348 3.32787108 0.90740126
v 0.64594406 3.23801804 0.90186554
v -0.41672716 3.33711815 0.90945804
v -0.40411365 3.47645593 0.92477655
v -0.39291954 3.47224545 0.92347407
v -0.40494025 3.33945560 0.90887535
v -0.41659284 3.40725136 0.91797775
v -0.41688478 3.33311129 0.94603431
v -0.40427127 3.47244930 0.96135283
v -0.39308479 3.46804619 0.96180826
v -0.40510556 3.33525634 0.94720948
v -0.41674343 3.40342546 0.95290148
v 0.70995957 3.23581147 0.90321666
v 0.72257304 3.37514949 0.91853529
v 0.71079391 3.37300444 0.91736001
v 0.69877315 3.24021459 0.90276134
v 0.72243172 3.30483532 0.91166812
v 0.70980191 3.23180461 0.93979293
v 0.72241545 3.37114263 0.95511156
v 0.71062863 3.36880517 0.95569420
v 0.69860786 3.23601508 0.94109541
v 0.72228116 3.30100942 0.94659179
v 0.62230450 3.23004127 0.93831819
v 0.62245452 3.23385239 0.90352929
v -0.33112687 3.31576991 0.94359970
v -0.33097687 3.31958079 0.90881085
v 0.68795067 3.22658992 0.93909073
v 0.14566313 3.27364898 0.94230413
v 0.67079878 3.22924495 0.94021833
v 0.68810797 3.23058891 0.90258706
v 0.25136656 3.26824355 0.90443373
v 0.67096394 3.23344088 0.90191495
v 0.70864457 3.22918749 0.91735697
v 0.69705683 3.23348784 0.90233582
v 0.71546596 3.23504829 0.90488839
v 0.69689429 3.22935724 0.94003975
v 0.71532297 3.23141623 0.93804252
v -0.39632326 3.32408309 0.94509721
v -0.37896159 3.32363462 0.94603348
v -0.39616591 3.32808185 0.90859348
v -0.37879652 3.32783079 0.90773010
v -0.41645935 3.33035183 0.92358959
v -0.40445623 3.33253098 0.90843773
v -0.42226255 3.33734798 0.91119099
v -0.40461883 3.32840037 0.94614172
v -0.42240551 3.33371592 0.94434500
v 0.63666523 3.38867998 0.95575869
v 0.63681519 3.39249086 0.92096984
v -0.31676620 3.47440815 0.96104026
v -0.31661618 3.47821927 0.92625129
v 0.70185423 3.38017869 0.95597613
v 0.15986447 3.43052697 0.95955122
v 0.68448484 3.38042998 0.95683944
v 0.70201159 3.38417768 0.91947234
v 0.26556790 3.42512202 0.92168069
v 0.68464994 3.38462615 0.91853607
v 0.72217870 3.37869596 0.93379378
v 0.71030718 3.37986040 0.91842782
v 0.72809380 3.37454486 0.92022455
v 0.71014458 3.37572980 0.95613182
v 0.72795087 3.37091279 0.95337856
v -0.38241971 3.47767186 0.96198249
v -0.36527562 3.47481990 0.96265459
v -0.38226238 3.48167062 0.92547876
v -0.36511049 3.47901583 0.92435122
v -0.40292519 3.47986031 0.94002628
v -0.39120591 3.47890353 0.92452979
v -0.40963471 3.47684431 0.92652696
v -0.39136845 3.47477293 0.96223366
v -0.40977767 3.47321248 0.95968109
v -0.34144640 3.46341157 0.96214485
v 0.65899879 3.37345600 0.95660281
v -0.35348088 3.33047056 0.94752944
v 0.64696425 3.24051499 0.94198745
v -0.38336489 3.40019345 0.95481652
v 0.68888468 3.30378127 0.94887674
v -0.34127590 3.46774578 0.92258215
v 0.65916920 3.37779021 0.91704011
v -0.35331035 3.33480453 0.90796673
v 0.64713478 3.24484921 0.90242475
v -0.38319632 3.40447927 0.91569281
v 0.68905324 3.30806732 0.90975308
v 0.88655359 3.64389372 1.27304614
v -0.38099724 3.77547884 1.28265762
v 0.91578555 3.92303443 1.30656886
v -0.35176533 4.05461931 1.31618035
v 0.28121230 3.97952247 1.33354700
v 0.25335410 3.71349955 1.30159974
v 0.41231987 3.97060490 1.29347491
v 0.38446164 3.70458198 1.26152754
v -0.39755940 3.92011118 1.28445470
v -0.39773926 3.91565752 1.32169771
v 0.93249452 3.78203797 1.27436948
v 0.93231463 3.77758408 1.31161237
v 0.25254101 3.70743823 1.27735150
v 0.85372198 3.64537311 1.29532778
v 0.85390103 3.64980459 1.25827062
v 0.91529906 3.64992118 1.25946450
v 0.91512841 3.64569783 1.29478014
v -0.34823126 3.77014852 1.30444181
v -0.34805223 3.77458000 1.26738465
v -0.40809232 3.78730273 1.26949942
v -0.40826291 3.78307962 1.30481482
v 0.28224945 3.99112964 1.31142056
v 0.88280749 3.92311525 1.32868254
v 0.88298649 3.92754674 1.29162550
v 0.94301814 3.91461563 1.29125237
v 0.94284761 3.91039252 1.32656789
v -0.31914577 4.04789066 1.33779657
v -0.31896675 4.05232239 1.30073941
v -0.38037318 4.05199766 1.30128717
v -0.38054380 4.04777431 1.33660269
v 0.26728168 3.84647298 1.31789184
v -0.35011894 4.03811455 1.33740413
v 0.91110289 3.90718675 1.32784069
v -0.37653551 3.78585887 1.30711019
v 0.88468635 3.65493083 1.29754674
v 0.40052673 3.83741021 1.27716637
v -0.34993109 4.04276466 1.29852045
v 0.91129076 3.91183639 1.28895712
v -0.37634763 3.79050875 1.26822650
v 0.88487422 3.65958071 1.25866306
v -0.40847406 3.91944623 1.29951096
v 0.94326454 3.77912140 1.28926134
v 0.84622842 3.64630914 1.27336001
v 0.87438047 3.64246488 1.29388940
v 0.87454820 3.64661574 1.25917947
v 0.90472311 3.64626622 1.26011074
v 0.90456325 3.64231038 1.29318953
v -0.34103569 3.76955962 1.28236258
v -0.36906582 3.77154779 1.30331790
v -0.36889809 3.77569842 1.26860821
v -0.39848402 3.78155255 1.26999259
v -0.39864388 3.77759695 1.30307126
v 0.87582189 3.92890215 1.30729711
v 0.90365338 3.92199683 1.32745898
v 0.90382105 3.92614770 1.29274929
v 0.93339914 3.92009854 1.29299593
v 0.93323928 3.91614270 1.32607460
v -0.31144232 4.05215263 1.31629980
v -0.33979297 4.05107975 1.33688772
v -0.33962527 4.05523062 1.30217779
v -0.36980799 4.05538464 1.30287766
v -0.36996788 4.05142927 1.33595645
v 0.84451723 3.92487240 1.32935631
v -0.28130540 4.04174471 1.33789313
v 0.28032884 3.97106862 1.33277690
v -0.30972120 4.03830719 1.33774936
v 0.87161583 3.91567230 1.32879186
v 0.81587541 3.65136623 1.29651034
v -0.30994722 3.76823854 1.30504715
v 0.25423521 3.72189546 1.30285311
v -0.33704969 3.77734303 1.30640972
v 0.84428740 3.65470815 1.29745197
v 0.84470248 3.92945695 1.29102015
v -0.28112018 4.04632902 1.29955697
v 0.41305801 3.96204090 1.29220915
v -0.30953214 4.04298735 1.29861534
v 0.87180489 3.92035222 1.28965747
v 0.81606066 3.65595078 1.25817406
v -0.30976197 3.77282286 1.26671076
v 0.38696426 3.71286798 1.26228535
v -0.33686063 3.78202295 1.26727533
v 0.84447646 3.65938783 1.25831783
v -0.41147527 3.79620123 1.26992881
v -0.38551190 4.04413033 1.29970300
v -0.37253863 4.03700018 1.29802263
v -0.39728191 3.80072188 1.26964748
v -0.40579024 3.92082405 1.28569663
v -0.41165179 3.79183197 1.30646360
v -0.38568842 4.03976107 1.33623791
v -0.37272361 4.03242111 1.33631337
v -0.39746693 3.79614305 1.30793810
v -0.40595886 3.91665244 1.32058060
v 0.92044365 3.65793419 1.25982928
v 0.94640696 3.90586329 1.28960371
v 0.93222219 3.90155244 1.28812909
v 0.90747887 3.66527414 1.25975394
v 0.94071412 3.78104281 1.27548647
v 0.92026711 3.65356493 1.29636407
v 0.94623053 3.90149403 1.32613838
v 0.93203717 3.89697337 1.32641971
v 0.90729386 3.66069508 1.29804456
v 0.94054550 3.77687120 1.31037056
v 0.81606585 3.64713144 1.29418576
v 0.81623375 3.65128708 1.25943637
v -0.31103823 3.76413679 1.30273223
v -0.31087035 3.76829243 1.26798284
v 0.89387029 3.64349318 1.29499519
v 0.25267178 3.70705104 1.29989421
v 0.87368971 3.64764190 1.29630554
v 0.89404655 3.64785361 1.25853300
v 0.37761962 3.69855285 1.26170456
v 0.87387455 3.65221739 1.25804579
v 0.91848969 3.64722753 1.27342796
v 0.90491140 3.65328741 1.25862730
v 0.92694718 3.65691090 1.26147211
v 0.90472949 3.64878368 1.29628837
v 0.92678720 3.65295076 1.29458845
v -0.38791013 3.77655530 1.30471468
v -0.36729020 3.77646875 1.30571556
v -0.38773391 3.78091574 1.26825237
v -0.36710536 3.78104401 1.26745570
v -0.41155833 3.78530025 1.28351331
v -0.39724839 3.78846526 1.26850116
v -0.41802490 3.79653311 1.27167058
v -0.39743036 3.78396130 1.30616224
v -0.41818488 3.79257298 1.30478692
v 0.84562558 3.92940307 1.32808435
v 0.84579349 3.93355870 1.29333496
v -0.28147846 4.04640818 1.33663082
v -0.28131056 4.05056381 1.30188143
v 0.92248917 3.91677952 1.32781482
v 0.28190354 3.98619032 1.33341658
v 0.90186059 3.91665125 1.32861149
v 0.92266536 3.92113996 1.29135263
v 0.40685141 3.97769213 1.29522705
v 0.90204543 3.92122650 1.29035163
v 0.94634825 3.91325355 1.30537581
v 0.93218565 3.91373396 1.28990495
v 0.95294017 3.90512252 1.29128027
v 0.93200362 3.90923023 1.32756603
v 0.95278013 3.90116215 1.32439673
v -0.35929132 4.04984188 1.33753431
v -0.33911926 4.04547787 1.33802140
v -0.35911509 4.05420208 1.30107188
v -0.33893448 4.05005312 1.29976153
v -0.38369974 4.05132627 1.31546104
v -0.36997417 4.04891157 1.29977882
v -0.39203197 4.04474449 1.30147862
v -0.37015620 4.04440784 1.33743989
v -0.39219195 4.04078436 1.33459520
v -0.31167296 4.02614594 1.33648014
v 0.87100881 3.90337086 1.32751226
v -0.33644447 3.78959870 1.30807269
v 0.84623730 3.66682386 1.29910481
v -0.36649960 3.91230440 1.32237899
v 0.90106606 3.78071785 1.31276739
v -0.31148207 4.03087139 1.29696238
v 0.87119973 3.90809655 1.28799462
v -0.33625358 3.79432440 1.26855493
v 0.84642816 3.67154956 1.25958705
v -0.36631083 3.91697764 1.28329980
v 0.90125483 3.78539085 1.27368820
v -0.34568384 4.30751181 1.49518073
v 0.96863532 4.21746540 1.47134900
v -0.36556029 4.02057981 1.48314583
v 0.94875896 3.93053365 1.45931411
v 0.29241714 3.98130536 1.49461269
v 0.31135952 4.25475311 1.50608206
v 0.15607087 3.99229646 1.45775664
v 0.17501323 4.26574421 1.46922600
v 0.99086946 4.07243681 1.44945025
v 0.99143845 4.07082605 1.48692012
v -0.38825896 4.16692352 1.47445714
v -0.38768995 4.16531229 1.51192689
v 0.31163427 4.26483727 1.48313439
v -0.31138945 4.30351353 1.51661658
v -0.31195563 4.30511618 1.47933388
v -0.37536621 4.30268621 1.48107028
v -0.37482652 4.30115891 1.51660085
v 0.93491197 4.21812725 1.49401808
v 0.93434578 4.21973038 1.45673537
v 0.99685383 4.20867300 1.45618856
v 0.99739349 4.20714569 1.49171925
v 0.29143381 3.97322750 1.47090328
v -0.33116624 4.01801920 1.50464189
v -0.33173239 4.01962233 1.46735919
v -0.39421400 4.03060389 1.46965802
v -0.39367434 4.02907610 1.50518870
v 0.91513520 3.93263268 1.48204339
v 0.91456896 3.93423581 1.44476068
v 0.97800606 3.93659067 1.44477642
v 0.97854567 3.93506289 1.48030710
v 0.30189320 4.11801577 1.50066781
v 0.94678414 3.94358706 1.48295450
v -0.36097249 4.03318405 1.50666738
v 0.96474624 4.20288372 1.49383044
v -0.34301046 4.29248047 1.51754308
v 0.16332398 4.12918568 1.46321094
v 0.94619000 3.94526911 1.44383407
v -0.36156660 4.03486586 1.46754682
v 0.96415204 4.20456553 1.45470989
v -0.34360459 4.29416227 1.47842264
v 1.00234067 4.07101870 1.46431160
v -0.39927256 4.16704607 1.48972607
v -0.30393323 4.30642509 1.49471831
v -0.33285564 4.30595779 1.51586449
v -0.33338597 4.30745935 1.48094320
v -0.36455923 4.30661726 1.48220265
v -0.36405382 4.30518627 1.51548290
v 0.92713702 4.22208214 1.47239614
v 0.95646977 4.21762419 1.49248588
v 0.95593941 4.21912527 1.45756459
v 0.98673183 4.21403790 1.45770037
v 0.98723716 4.21260691 1.49098063
v -0.32405543 4.01594448 1.48253465
v -0.35275987 4.01862383 1.50381255
v -0.35329023 4.02012539 1.46889138
v -0.38405764 4.02514219 1.47039652
v -0.38355222 4.02371120 1.50367689
v 0.90701485 3.93160176 1.46021235
v 0.93656558 3.93028998 1.48043406
v 0.93603516 3.93179154 1.44551277
v 0.96723342 3.93256283 1.44589436
v 0.96773875 3.93113184 1.47917461
v -0.29153579 4.01746464 1.50466108
v 0.87582588 3.93748665 1.48349392
v 0.29302076 3.98995519 1.49521899
v 0.90505987 3.94194365 1.48364377
v -0.31986451 4.02586508 1.50585473
v -0.27206057 4.29860449 1.51645303
v 0.89530110 4.21862650 1.49528599
v 0.31076327 4.24608278 1.50596201
v 0.92364198 4.21019125 1.49489510
v -0.30128238 4.29411316 1.51710594
v -0.29212153 4.01912308 1.46609128
v 0.87524015 3.93914485 1.44492412
v 0.15498812 4.00108194 1.45790720
v 0.90446192 3.94363642 1.44427133
v -0.32046247 4.02755833 1.46648216
v -0.27264631 4.30026293 1.47788334
v 0.89471537 4.22028494 1.45671618
v 0.17273065 4.25720978 1.46865010
v 0.92304409 4.21188402 1.45552254
v -0.30188033 4.29580593 1.47773349
v 1.00066888 4.19977999 1.45513368
v 0.98301488 3.94493079 1.44444430
v 0.96933615 3.95192146 1.44406748
v 0.98616046 4.19479465 1.45425439
v 0.99941617 4.07180166 1.45048225
v 1.00122714 4.19819975 1.49189091
v 0.98357314 3.94335055 1.48120153
v 0.96992123 3.95026517 1.48259139
v 0.98674554 4.19313812 1.49277830
v 0.99994916 4.07029247 1.48557866
v -0.38039356 4.29439926 1.48017550
v -0.39804754 4.03954983 1.46948636
v -0.38356605 4.04461098 1.46859884
v -0.36674172 4.28748417 1.47878587
v -0.39676967 4.16745663 1.47579861
v -0.37983534 4.29281855 1.51693296
v -0.39748931 4.03796959 1.50624359
v -0.38298094 4.04295492 1.50712276
v -0.36615661 4.28582764 1.51730978
v -0.39623669 4.16594791 1.51089489
v -0.27244034 4.30323267 1.51484966
v -0.27297130 4.30473566 1.47988868
v 0.89625019 4.22316360 1.49365854
v 0.89571923 4.22466660 1.45869756
v -0.35293889 4.30407143 1.51697171
v 0.31181246 4.26153421 1.50544119
v -0.33192444 4.30038548 1.51740015
v -0.35349599 4.30564880 1.48028743
v 0.18187200 4.27200890 1.47031665
v -0.33250904 4.30204010 1.47890735
v -0.37855491 4.30299854 1.49531603
v -0.36452785 4.29979944 1.47959912
v -0.38712469 4.29493332 1.48202395
v -0.36395243 4.29817057 1.51748943
v -0.38661873 4.29350138 1.51534212
v 0.97613502 4.21301460 1.49287236
v 0.95484364 4.21222639 1.49406803
v 0.97557801 4.21459150 1.45618808
v 0.95425910 4.21388149 1.45557523
v 1.00056744 4.20851231 1.47030902
v 0.98567736 4.20729446 1.45511675
v 1.00747240 4.19938755 1.45673668
v 0.98625284 4.20566559 1.49300718
v 1.00797832 4.19795465 1.49005461
v -0.29253966 4.01308250 1.50267971
v -0.29307061 4.01458597 1.46771872
v 0.87615085 3.93301368 1.48148859
v 0.87561995 3.93451691 1.44652760
v -0.37239841 4.02315760 1.50518918
v 0.29193616 3.97460389 1.49340630
v -0.35107952 4.02386761 1.50580204
v -0.37295550 4.02473497 1.46850491
v 0.16199565 3.98507833 1.45828199
v -0.35166410 4.02552271 1.46730924
v -0.39749745 4.02954721 1.48384631
v -0.38307318 4.03208351 1.46837008
v -0.40479878 4.03979445 1.47132266
v -0.38249776 4.03045464 1.50626051
v -0.40429285 4.03836203 1.50464058
v 0.95667559 3.93210030 1.48108983
v 0.93568861 3.93570900 1.48246992
v 0.95611846 3.93367767 1.44440556
v 0.93510407 3.93736410 1.44397712
v 0.98162484 3.93506122 1.45883954
v 0.96713203 3.93957901 1.44388771
v 0.98979837 3.94424820 1.44603515
v 0.96770751 3.93794966 1.48177814
v 0.99030429 3.94281578 1.47935331
v 0.90662920 3.95443654 1.48435056
v -0.31968945 4.03845406 1.50658667
v 0.92347276 4.19758606 1.49454892
v -0.30284593 4.28160334 1.51678526
v 0.95905572 4.07300568 1.48843133
v -0.35527903 4.16305304 1.51226330
v 0.90602553 3.95614624 1.44459200
v -0.32029325 4.04016304 1.46682835
v 0.92286903 4.19929552 1.45479059
v -0.30344969 4.28331232 1.47702670
v 0.95845866 4.07469606 1.44911397
v -0.35587615 4.16474342 1.47294593
v -0.36085165 4.03743839 1.46367323
v 0.87870669 3.92720675 1.44835508
v -0.36196476 4.04372311 1.32837677
v 0.87759358 3.93349099 1.31305885
v 0.25578153 3.96545124 1.32284498
v 0.25684232 3.95946217 1.45178342
v 0.13125870 4.01599789 1.32621729
v 0.13231944 4.01000881 1.45515561
v 0.91007477 3.94286394 1.38102567
v 0.90673470 3.90554309 1.37931979
v -0.39060625 4.05853176 1.39709890
v -0.39394623 4.02121067 1.39539301
v 0.25895700 3.98249912 1.45712757
v -0.33074835 4.01260757 1.46193254
v -0.32742512 4.04974174 1.46362996
v -0.38690728 4.05429649 1.46116185
v -0.39007443 4.01890707 1.45954406
v 0.84466106 3.90808010 1.44740725
v 0.84798431 3.94521451 1.44910479
v 0.90725839 3.93920851 1.44516909
v 0.90409130 3.90381908 1.44355130
v 0.25782576 3.98888588 1.31962538
v -0.33185586 4.01886034 1.32731378
v -0.32853261 4.05599451 1.32901144
v -0.38796273 4.06025553 1.33286715
v -0.39112988 4.02486610 1.33124948
v 0.84355354 3.91433287 1.31278872
v 0.84687686 3.95146728 1.31448615
v 0.90620297 3.94516754 1.31687462
v 0.90303582 3.90977812 1.31525683
v 0.25628334 3.96213746 1.38729978
v 0.87250227 3.91055369 1.31856513
v -0.36086676 4.02023506 1.33380663
v 0.87350810 3.90487456 1.44083083
v -0.35986087 4.01455641 1.45607233
v 0.12973034 4.01350832 1.39072692
v 0.87598938 3.94951844 1.32034636
v -0.35737965 4.05919981 1.33558774
v 0.87699521 3.94383931 1.44261193
v -0.35637379 4.05352116 1.45785344
v 0.91933477 3.92691588 1.38020873
v -0.40255210 4.04446888 1.39654398
v -0.32160738 4.03369141 1.46401477
v -0.35092786 4.01556730 1.46267068
v -0.34781513 4.05034971 1.46426082
v -0.37712008 4.05219507 1.46320319
v -0.38008657 4.01904726 1.46168780
v 0.83943731 3.93044186 1.44966710
v 0.86505818 3.90743160 1.44764411
v 0.86817092 3.94221401 1.44923401
v 0.89730692 3.93886256 1.44745421
v 0.89434052 3.90571475 1.44593906
v -0.32273430 4.04005384 1.32704508
v -0.35204250 4.02186060 1.32718456
v -0.34892973 4.05664301 1.32877457
v -0.37821200 4.05836010 1.33047962
v -0.38117850 4.02521181 1.32896423
v 0.83831048 3.93680406 1.31269729
v 0.86394364 3.91372490 1.31215787
v 0.86705637 3.94850707 1.31374788
v 0.89621502 3.94502735 1.31473076
v 0.89324856 3.91187954 1.31321549
v -0.29468006 4.01486111 1.32785118
v 0.80627990 3.91695452 1.31424606
v 0.25579345 3.96501946 1.32691753
v 0.83341330 3.91399980 1.31693161
v -0.32183507 4.01673412 1.33120787
v -0.29358938 4.00870371 1.46041656
v 0.80737054 3.91079712 1.44681144
v 0.25678706 3.95940971 1.44768882
v 0.83445400 3.90812469 1.44341815
v -0.32079443 4.01085901 1.45769429
v -0.29124209 4.05327749 1.32960725
v 0.80971789 3.95537090 1.31600201
v 0.12973048 4.01619101 1.33033133
v 0.83692288 3.95321584 1.31872439
v -0.31832555 4.05595016 1.33300054
v -0.29015142 4.04712009 1.46217263
v 0.81080854 3.94921350 1.44856739
v 0.13072407 4.01058102 1.45110285
v 0.83796352 3.94734073 1.44521070
v -0.31728488 4.05007505 1.45948684
v 0.91144931 3.93963742 1.44108248
v 0.91046077 3.94521880 1.32091391
v 0.89728349 3.94714832 1.32394171
v 0.89822561 3.94182897 1.43846321
v 0.91801256 3.94096684 1.38087213
v 0.90817279 3.90302610 1.43940878
v 0.90718430 3.90860772 1.31924033
v 0.89384949 3.90877771 1.32218778
v 0.89479166 3.90345860 1.43670917
v 0.91488409 3.90600991 1.37927437
v -0.39105573 4.05546713 1.45717835
v -0.39204431 4.06104851 1.33700979
v -0.37866312 4.06061602 1.33970940
v -0.37772095 4.05529690 1.45423090
v -0.39875564 4.05806446 1.39714432
v -0.39433220 4.01885557 1.45550466
v -0.39532077 4.02443743 1.33533621
v -0.38209713 4.02224541 1.33795536
v -0.38115495 4.01692629 1.45247686
v -0.40188405 4.02310801 1.39554644
v -0.29403779 4.01045799 1.46263063
v -0.29092145 4.04527998 1.46422255
v 0.80817550 3.91244006 1.44901001
v 0.81129187 3.94726181 1.45060194
v -0.36976263 4.01642656 1.46134853
v 0.25695080 3.96023464 1.45500410
v -0.34990212 4.01380014 1.46002436
v -0.36649272 4.05296516 1.46301889
v 0.13827826 4.00840616 1.45821798
v -0.34647101 4.05213976 1.46177697
v -0.39142111 4.04047298 1.46088028
v -0.37642929 4.05459642 1.46005774
v -0.39759088 4.05431843 1.45724714
v -0.37980670 4.01685667 1.45833266
v -0.40056071 4.02113295 1.45573032
v 0.88371104 3.90495729 1.44585872
v 0.86367226 3.90587878 1.44502747
v 0.88698089 3.94149542 1.44752896
v 0.86710334 3.94421840 1.44678020
v 0.90925419 3.92480588 1.44480705
v 0.89697385 3.94135475 1.44432151
v 0.91767889 3.93735361 1.44099355
v 0.89359635 3.90361500 1.44259632
v 0.91470909 3.90416813 1.43947673
v -0.29516333 4.01681280 1.32581675
v -0.29204702 4.05163479 1.32740855
v 0.80704993 3.91879487 1.31219602
v 0.81016624 3.95361662 1.31378806
v -0.37085241 4.02257919 1.32888961
v 0.25583771 3.96651888 1.31970847
v -0.35097483 4.01985645 1.32963848
v -0.36758247 4.05911732 1.33055985
v 0.13716517 4.01469040 1.32292223
v -0.34754369 4.05819607 1.33139110
v -0.39248195 4.04646206 1.33194041
v -0.37746784 4.06045961 1.33382213
v -0.39858061 4.05990648 1.33694196
v -0.38084528 4.02271986 1.33209705
v -0.40155047 4.02672100 1.33542502
v 0.88262123 3.91110969 1.31339979
v 0.86259955 3.91193485 1.31464171
v 0.88589114 3.94764829 1.31507003
v 0.86603063 3.95027471 1.31639421
v 0.90819329 3.93079495 1.31586719
v 0.89593524 3.94721794 1.31808591
v 0.91668916 3.94294167 1.32068837
v 0.89255780 3.90947819 1.31636083
v 0.91371930 3.90975618 1.31917143
v 0.83410239 3.91347408 1.32283223
v -0.32246101 4.01632547 1.33712447
v 0.83504558 3.90814877 1.43748391
v -0.32151780 4.01100016 1.45177615
v 0.87609828 3.90734029 1.37965512
v -0.36347446 4.01757336 1.39497328
v 0.83764631 3.95307446 1.32464230
v -0.31891710 4.05592585 1.33893466
v 0.83858949 3.94774914 1.43929410
v -0.31797388 4.05060053 1.45358634
v 0.87960297 3.94650126 1.38144529
v -0.35996982 4.05673409 1.39676344
f 1 47 44
f 1 44 43
f 1 43 45
f 1 45 46
f 1 46 47
f 2 49 52
f 6 72 70
f 12 102 99
f 11 96 95
f 8 79 81
f 4 62 59
f 4 59 58
f 4 58 60
f 4 60 61
f 4 61 62
f 5 66 65
f 3 54 57
f 7 73 77
f 9 85 86
f 10 92 88
f 12 101 98
f 6 69 68
f 2 50 48
f 8 82 78
f 11 97 93
f 6 71 69
f 12 100 101
f 11 94 97
f 8 80 82
f 2 51 50
f 10 90 89
f 5 63 64
f 3 55 53
f 7 76 74
f 9 87 84
f 10 91 90
f 5 67 63
f 3 56 55
f 7 75 76
f 9 83 87
f 6 68 72
f 2 48 49
f 8 78 79
f 11 93 96
f 12 98 102
f 10 88 91
f 5 65 67
f 3 57 56
f 7 77 75
f 9 86 83
f 5 64 66
f 3 53 54
f 7 74 73
f 9 84 85
f 10 89 92
f 6 70 71
f 12 99 100
f 11 95 94
f 8 81 80
f 2 52 51
f 35 109 116
f 18 105 108
f 19 111 106
f 40 114 112
f 42 117 115
f 34 125 119
f 33 152 156
f 25 137 139
f 36 158 160
f 20 123 120
f 32 143 149
f 23 127 132
f 24 135 128
f 37 147 145
f 41 150 148
f 34 153 155
f 33 140 133
f 25 138 134
f 36 159 157
f 20 122 124
f 17 107 47
f 14 103 44
f 13 104 43
f 15 110 45
f 16 113 46
f 18 118 49
f 35 154 72
f 42 141 102
f 40 162 96
f 19 121 79
f 30 142 62
f 27 129 59
f 22 130 58
f 28 144 60
f 29 146 61
f 32 151 66
f 23 131 54
f 24 136 73
f 37 161 85
f 41 126 92
f 35 116 101
f 18 108 69
f 19 106 50
f 40 112 82
f 42 115 97
f 34 119 71
f 33 156 100
f 25 139 94
f 36 160 80
f 20 120 51
f 32 149 90
f 23 132 63
f 24 128 55
f 37 145 76
f 41 148 87
f 34 155 91
f 33 133 67
f 25 134 56
f 36 157 75
f 20 124 83
f 14 109 68
f 13 105 48
f 15 111 78
f 16 114 93
f 17 117 98
f 21 125 88
f 31 152 65
f 26 137 57
f 38 158 77
f 39 123 86
f 27 143 64
f 22 127 53
f 28 135 74
f 29 147 84
f 30 150 89
f 31 153 70
f 26 140 99
f 38 138 95
f 39 159 81
f 21 122 52
f 14 107 109
f 13 103 105
f 15 104 111
f 16 110 114
f 17 113 117
f 21 118 125
f 31 154 152
f 26 141 137
f 38 162 158
f 39 121 123
f 27 142 143
f 22 129 127
f 28 130 135
f 29 144 147
f 30 146 150
f 31 151 153
f 26 131 140
f 38 136 138
f 39 161 159
f 21 126 122
f 14 44 107
f 13 43 103
f 15 45 104
f 16 46 110
f 17 47 113
f 21 52 118
f 31 70 154
f 26 99 141
f 38 95 162
f 39 81 121
f 27 59 142
f 22 58 129
f 28 60 130
f 29 61 144
f 30 62 146
f 31 65 151
f 26 57 131
f 38 77 136
f 39 86 161
f 21 88 126
f 17 98 116
f 14 68 108
f 13 48 106
f 15 78 112
f 16 93 115
f 18 69 119
f 35 101 156
f 42 97 139
f 40 82 160
f 19 50 120
f 30 89 149
f 27 64 132
f 22 53 128
f 28 74 145
f 29 84 148
f 32 90 155
f 23 63 133
f 24 55 134
f 37 76 157
f 41 87 124
f 35 72 109
f 18 49 105
f 19 79 111
f 40 96 114
f 42 102 117
f 34 91 125
f 33 67 152
f 25 56 137
f 36 75 158
f 20 83 123
f 32 66 143
f 23 54 127
f 24 73 135
f 37 85 147
f 41 92 150
f 34 71 153
f 33 100 140
f 25 94 138
f 36 80 159
f 20 51 122
f 17 116 107
f 14 108 103
f 13 106 104
f 15 112 110
f 16 115 113
f 18 119 118
f 35 156 154
f 42 139 141
f 40 160 162
f 19 120 121
f 30 149 142
f 27 132 129
f 22 128 130
f 28 145 144
f 29 148 146
f 32 155 151
f 23 133 131
f 24 134 136
f 37 157 161
f 41 124 126
f 107 44 47
f 103 43 44
f 104 45 43
f 110 46 45
f 113 47 46
f 118 52 49
f 154 70 72
f 141 99 102
f 162 95 96
f 121 81 79
f 142 59 62
f 129 58 59
f 130 60 58
f 144 61 60
f 146 62 61
f 151 65 66
f 131 57 54
f 136 77 73
f 161 86 85
f 126 88 92
f 116 98 101
f 108 68 69
f 106 48 50
f 112 78 82
f 115 93 97
f 119 69 71
f 156 101 100
f 139 97 94
f 160 82 80
f 120 50 51
f 149 89 90
f 132 64 63
f 128 53 55
f 145 74 76
f 148 84 87
f 155 90 91
f 133 63 67
f 134 55 56
f 157 76 75
f 124 87 83
f 109 72 68
f 105 49 48
f 111 79 78
f 114 96 93
f 117 102 98
f 125 91 88
f 152 67 65
f 137 56 57
f 158 75 77
f 123 83 86
f 143 66 64
f 127 54 53
f 135 73 74
f 147 85 84
f 150 92 89
f 153 71 70
f 140 100 99
f 138 94 95
f 159 80 81
f 122 51 52
f 107 116 109
f 103 108 105
f 104 106 111
f 110 112 114
f 113 115 117
f 118 119 125
f 154 156 152
f 141 139 137
f 162 160 158
f 121 120 123
f 142 149 143
f 129 132 127
f 130 128 135
f 144 145 147
f 146 148 150
f 151 155 153
f 131 133 140
f 136 134 138
f 161 157 159
f 126 124 122
f 163 209 206
f 163 206 205
f 163 205 207
f 163 207 208
f 163 208 209
f 164 211 214
f 168 234 232
f 174 264 261
f 173 258 257
f 170 241 243
f 166 224 221
f 166 221 220
f 166 220 222
f 166 222 223
f 166 223 224
f 167 228 227
f 165 216 219
f 169 235 239
f 171 247 248
f 172 254 250
f 174 263 260
f 168 231 230
f 164 212 210
f 170 244 240
f 173 259 255
f 168 233 231
f 174 262 263
f 173 256 259
f 170 242 244
f 164 213 212
f 172 252 251
f 167 225 226
f 165 217 215
f 169 238 236
f 171 249 246
f 172 253 252
f 167 229 225
f 165 218 217
f 169 237 238
f 171 245 249
f 168 230 234
f 164 210 211
f 170 240 241
f 173 255 258
f 174 260 264
f 172 250 253
f 167 227 229
f 165 219 218
f 169 239 237
f 171 248 245
f 167 226 228
f 165 215 216
f 169 236 235
f 171 246 247
f 172 251 254
f 168 232 233
f 174 261 262
f 173 257 256
f 170 243 242
f 164 214 213
f 197 271 278
f 180 267 270
f 181 273 268
f 202 276 274
f 204 279 277
f 196 287 281
f 195 314 318
f 187 299 301
f 198 320 322
f 182 285 282
f 194 305 311
f 185 289 294
f 186 297 290
f 199 309 307
f 203 312 310
f 196 315 317
f 195 302 295
f 187 300 296
f 198 321 319
f 182 284 286
f 179 269 209
f 176 265 206
f 175 266 205
f 177 272 207
f 178 275 208
f 180 280 211
f 197 316 234
f 204 303 264
f 202 324 258
f 181 283 241
f 192 304 224
f 189 291 221
f 184 292 220
f 190 306 222
f 191 308 223
f 194 313 228
f 185 293 216
f 186 298 235
f 199 323 247
f 203 288 254
f 197 278 263
f 180 270 231
f 181 268 212
f 202 274 244
f 204 277 259
f 196 281 233
f 195 318 262
f 187 301 256
f 198 322 242
f 182 282 213
f 194 311 252
f 185 294 225
f 186 290 217
f 199 307 238
f 203 310 249
f 196 317 253
f 195 295 229
f 187 296 218
f 198 319 237
f 182 286 245
f 176 271 230
f 175 267 210
f 177 273 240
f 178 276 255
f 179 279 260
f 183 287 250
f 193 314 227
f 188 299 219
f 200 320 239
f 201 285 248
f 189 305 226
f 184 289 215
f 190 297 236
f 191 309 246
f 192 312 251
f 193 315 232
f 188 302 261
f 200 300 257
f 201 321 243
f 183 284 214
f 176 269 271
f 175 265 267
f 177 266 273
f 178 272 276
f 179 275 279
f 183 280 287
f 193 316 314
f 188 303 299
f 200 324 320
f 201 283 285
f 189 304 305
f 184 291 289
f 190 292 297
f 191 306 309
f 192 308 312
f 193 313 315
f 188 293 302
f 200 298 300
f 201 323 321
f 183 288 284
f 176 206 269
f 175 205 265
f 177 207 266
f 178 208 272
f 179 209 275
f 183 214 280
f 193 232 316
f 188 261 303
f 200 257 324
f 201 243 283
f 189 221 304
f 184 220 291
f 190 222 292
f 191 223 306
f 192 224 308
f 193 227 313
f 188 219 293
f 200 239 298
f 201 248 323
f 183 250 288
f 179 260 278
f 176 230 270
f 175 210 268
f 177 240 274
f 178 255 277
f 180 231 281
f 197 263 318
f 204 259 301
f 202 244 322
f 181 212 282
f 192 251 311
f 189 226 294
f 184 215 290
f 190 236 307
f 191 246 310
f 194 252 317
f 185 225 295
f 186 217 296
f 199 238 319
f 203 249 286
f 197 234 271
f 180 211 267
f 181 241 273
f 202 258 276
f 204 264 279
f 196 253 287
f 195 229 314
f 187 218 299
f 198 237 320
f 182 245 285
f 194 228 305
f 185 216 289
f 186 235 297
f 199 247 309
f 203 254 312
f 196 233 315
f 195 262 302
f 187 256 300
f 198 242 321
f 182 213 284
f 179 278 269
f 176 270 265
f 175 268 266
f 177 274 272
f 178 277 275
f 180 281 280
f 197 318 316
f 204 301 303
f 202 322 324
f 181 282 283
f 192 311 304
f 189 294 291
f 184 290 292
f 190 307 306
f 191 310 308
f 194 317 313
f 185 295 293
f 186 296 298
f 199 319 323
f 203 286 288
f 269 206 209
f 265 205 206
f 266 207 205
f 272 208 207
f 275 209 208
f 280 214 211
f 316 232 234
f 303 261 264
f 324 257 258
f 283 243 241
f 304 221 224
f 291 220 221
f 292 222 220
f 306 223 222
f 308 224 223
f 313 227 228
f 293 219 216
f 298 239 235
f 323 248 247
f 288 250 254
f 278 260 263
f 270 230 231
f 268 210 212
f 274 240 244
f 277 255 259
f 281 231 233
f 318 263 262
f 301 259 256
f 322 244 242
f 282 212 213
f 311 251 252
f 294 226 225
f 290 215 217
f 307 236 238
f 310 246 249
f 317 252 253
f 295 225 229
f 296 217 218
f 319 238 237
f 286 249 245
f 271 234 230
f 267 211 210
f 273 241 240
f 276 258 255
f 279 264 260
f 287 253 250
f 314 229 227
f 299 218 219
f 320 237 239
f 285 245 248
f 305 228 226
f 289 216 215
f 297 235 236
f 309 247 246
f 312 254 251
f 315 233 232
f 302 262 261
f 300 256 257
f 321 242 243
f 284 213 214
f 269 278 271
f 265 270 267
f 266 268 273
f 272 274 276
f 275 277 279
f 280 281 287
f 316 318 314
f 303 301 299
f 324 322 320
f 283 282 285
f 304 311 305
f 291 294 289
f 292 290 297
f 306 307 309
f 308 310 312
f 313 317 315
f 293 295 302
f 298 296 300
f 323 319 321
f 288 286 284
f 325 371 368
f 325 368 367
f 325 367 369
f 325 369 370
f 325 370 371
f 326 373 376
f 330 396 394
f 336 426 423
f 335 420 419
f 332 403 405
f 328 386 383
f 328 383 382
f 328 382 384
f 328 384 385
f 328 385 386
f 329 390 389
f 327 378 381
f 331 397 401
f 333 409 410
f 334 416 412
f 336 425 422
f 330 393 392
f 326 374 372
f 332 406 402
f 335 421 417
f 330 395 393
f 336 424 425
f 335 418 421
f 332 404 406
f 326 375 374
f 334 414 413
f 329 387 388
f 327 379 377
f 331 400 398
f 333 411 408
f 334 415 414
f 329 391 387
f 327 380 379
f 331 399 400
f 333 407 411
f 330 392 396
f 326 372 373
f 332 402 403
f 335 417 420
f 336 422 426
f 334 412 415
f 329 389 391
f 327 381 380
f 331 401 399
f 333 410 407
f 329 388 390
f 327 377 378
f 331 398 397
f 333 408 409
f 334 413 416
f 330 394 395
f 336 423 424
f 335 419 418
f 332 405 404
f 326 376 375
f 359 433 440
f 342 429 432
f 343 435 430
f 364 438 436
f 366 441 439
f 358 449 443
f 357 476 480
f 349 461 463
f 360 482 484
f 344 447 444
f 356 467 473
f 347 451 456
f 348 459 452
f 361 471 469
f 365 474 472
f 358 477 479
f 357 464 457
f 349 462 458
f 360 483 481
f 344 446 448
f 341 431 371
f 338 427 368
f 337 428 367
f 339 434 369
f 340 437 370
f 342 442 373
f 359 478 396
f 366 465 426
f 364 486 420
f 343 445 403
f 354 466 386
f 351 453 383
f 346 454 382
f 352 468 384
f 353 470 385
f 356 475 390
f 347 455 378
f 348 460 397
f 361 485 409
f 365 450 416
f 359 440 425
f 342 432 393
f 343 430 374
f 364 436 406
f 366 439 421
f 358 443 395
f 357 480 424
f 349 463 418
f 360 484 404
f 344 444 375
f 356 473 414
f 347 456 387
f 348 452 379
f 361 469 400
f 365 472 411
f 358 479 415
f 357 457 391
f 349 458 380
f 360 481 399
f 344 448 407
f 338 433 392
f 337 429 372
f 339 435 402
f 340 438 417
f 341 441 422
f 345 449 412
f 355 476 389
f 350 461 381
f 362 482 401
f 363 447 410
f 351 467 388
f 346 451 377
f 352 459 398
f 353 471 408
f 354 474 413
f 355 477 394
f 350 464 423
f 362 462 419
f 363 483 405
f 345 446 376
f 338 431 433
f 337 427 429
f 339 428 435
f 340 434 438
f 341 437 441
f 345 442 449
f 355 478 476
f 350 465 461
f 362 486 482
f 363 445 447
f 351 466 467
f 346 453 451
f 352 454 459
f 353 468 471
f 354 470 474
f 355 475 477
f 350 455 464
f 362 460 462
f 363 485 483
f 345 450 446
f 338 368 431
f 337 367 427
f 339 369 428
f 340 370 434
f 341 371 437
f 345 376 442
f 355 394 478
f 350 423 465
f 362 419 486
f 363 405 445
f 351 383 466
f 346 382 453
f 352 384 454
f 353 385 468
f 354 386 470
f 355 389 475
f 350 381 455
f 362 401 460
f 363 410 485
f 345 412 450
f 341 422 440
f 338 392 432
f 337 372 430
f 339 402 436
f 340 417 439
f 342 393 443
f 359 425 480
f 366 421 463
f 364 406 484
f 343 374 444
f 354 413 473
f 351 388 456
f 346 377 452
f 352 398 469
f 353 408 472
f 356 414 479
f 347 387 457
f 348 379 458
f 361 400 481
f 365 411 448
f 359 396 433
f 342 373 429
f 343 403 435
f 364 420 438
f 366 426 441
f 358 415 449
f 357 391 476
f 349 380 461
f 360 399 482
f 344 407 447
f 356 390 467
f 347 378 451
f 348 397 459
f 361 409 471
f 365 416 474
f 358 395 477
f 357 424 464
f 349 418 462
f 360 404 483
f 344 375 446
f 341 440 431
f 338 432 427
f 337 430 428
f 339 436 434
f 340 439 437
f 342 443 442
f 359 480 478
f 366 463 465
f 364 484 486
f 343 444 445
f 354 473 466
f 351 456 453
f 346 452 454
f 352 469 468
f 353 472 470
f 356 479 475
f 347 457 455
f 348 458 460
f 361 481 485
f 365 448 450
f 431 368 371
f 427 367 368
f 428 369 367
f 434 370 369
f 437 371 370
f 442 376 373
f 478 394 396
f 465 423 426
f 486 419 420
f 445 405 403
f 466 383 386
f 453 382 383
f 454 384 382
f 468 385 384
f 470 386 385
f 475 389 390
f 455 381 378
f 460 401 397
f 485 410 409
f 450 412 416
f 440 422 425
f 432 392 393
f 430 372 374
f 436 402 406
f 439 417 421
f 443 393 395
f 480 425 424
f 463 421 418
f 484 406 404
f 444 374 375
f 473 413 414
f 456 388 387
f 452 377 379
f 469 398 400
f 472 408 411
f 479 414 415
f 457 387 391
f 458 379 380
f 481 400 399
f 448 411 407
f 433 396 392
f 429 373 372
f 435 403 402
f 438 420 417
f 441 426 422
f 449 415 412
f 476 391 389
f 461 380 381
f 482 399 401
f 447 407 410
f 467 390 388
f 451 378 377
f 459 397 398
f 471 409 408
f 474 416 413
f 477 395 394
f 464 424 423
f 462 418 419
f 483 404 405
f 446 375 376
f 431 440 433
f 427 432 429
f 428 430 435
f 434 436 438
f 437 439 441
f 442 443 449
f 478 480 476
f 465 463 461
f 486 484 482
f 445 444 447
f 466 473 467
f 453 456 451
f 454 452 459
f 468 469 471
f 470 472 474
f 475 479 477
f 455 457 464
f 460 458 462
f 485 481 483
f 450 448 446
f 487 533 530
f 487 530 529
f 487 529 531
f 487 531 532
f 487 532 533
f 488 535 538
f 492 558 556
f 498 588 585
f 497 582 581
f 494 565 567
f 490 548 545
f 490 545 544
f 490 544 546
f 490 546 547
f 490 547 548
f 491 552 551
f 489 540 543
f 493 559 563
f 495 571 572
f 496 578 574
f 498 587 584
f 492 555 554
f 488 536 534
f 494 568 564
f 497 583 579
f 492 557 555
f 498 586 587
f 497 580 583
f 494 566 568
f 488 537 536
f 496 576 575
f 491 549 550
f 489 541 539
f 493 562 560
f 495 573 570
f 496 577 576
f 491 553 549
f 489 542 541
f 493 561 562
f 495 569 573
f 492 554 558
f 488 534 535
f 494 564 565
f 497 579 582
f 498 584 588
f 496 574 577
f 491 551 553
f 489 543 542
f 493 563 561
f 495 572 569
f 491 550 552
f 489 539 540
f 493 560 559
f 495 570 571
f 496 575 578
f 492 556 557
f 498 585 586
f 497 581 580
f 494 567 566
f 488 538 537
f 521 595 602
f 504 591 594
f 505 597 592
f 526 600 598
f 528 603 601
f 520 611 605
f 519 638 642
f 511 623 625
f 522 644 646
f 506 609 606
f 518 629 635
f 509 613 618
f 510 621 614
f 523 633 631
f 527 636 634
f 520 639 641
f 519 626 619
f 511 624 620
f 522 645 643
f 506 608 610
f 503 593 533
f 500 589 530
f 499 590 529
f 501 596 531
f 502 599 532
f 504 604 535
f 521 640 558
f 528 627 588
f 526 648 582
f 505 607 565
f 516 628 548
f 513 615 545
f 508 616 544
f 514 630 546
f 515 632 547
f 518 637 552
f 509 617 540
f 510 622 559
f 523 647 571
f 527 612 578
f 521 602 587
f 504 594 555
f 505 592 536
f 526 598 568
f 528 601 583
f 520 605 557
f 519 642 586
f 511 625 580
f 522 646 566
f 506 606 537
f 518 635 576
f 509 618 549
f 510 614 541
f 523 631 562
f 527 634 573
f 520 641 577
f 519 619 553
f 511 620 542
f 522 643 561
f 506 610 569
f 500 595 554
f 499 591 534
f 501 597 564
f 502 600 579
f 503 603 584
f 507 611 574
f 517 638 551
f 512 623 543
f 524 644 563
f 525 609 572
f 513 629 550
f 508 613 539
f 514 621 560
f 515 633 570
f 516 636 575
f 517 639 556
f 512 626 585
f 524 624 581
f 525 645 567
f 507 608 538
f 500 593 595
f 499 589 591
f 501 590 597
f 502 596 600
f 503 599 603
f 507 604 611
f 517 640 638
f 512 627 623
f 524 648 644
f 525 607 609
f 513 628 629
f 508 615 613
f 514 616 621
f 515 630 633
f 516 632 636
f 517 637 639
f 512 617 626
f 524 622 624
f 525 647 645
f 507 612 608
f 500 530 593
f 499 529 589
f 501 531 590
f 502 532 596
f 503 533 599
f 507 538 604
f 517 556 640
f 512 585 627
f 524 581 648
f 525 567 607
f 513 545 628
f 508 544 615
f 514 546 616
f 515 547 630
f 516 548 632
f 517 551 637
f 512 543 617
f 524 563 622
f 525 572 647
f 507 574 612
f 503 584 602
f 500 554 594
f 499 534 592
f 501 564 598
f 502 579 601
f 504 555 605
f 521 587 642
f 528 583 625
f 526 568 646
f 505 536 606
f 516 575 635
f 513 550 618
f 508 539 614
f 514 560 631
f 515 570 634
f 518 576 641
f 509 549 619
f 510 541 620
f 523 562 643
f 527 573 610
f 521 558 595
f 504 535 591
f 505 565 597
f 526 582 600
f 528 588 603
f 520 577 611
f 519 553 638
f 511 542 623
f 522 561 644
f 506 569 609
f 518 552 629
f 509 540 613
f 510 559 621
f 523 571 633
f 527 578 636
f 520 557 639
f 519 586 626
f 511 580 624
f 522 566 645
f 506 537 608
f 503 602 593
f 500 594 589
f 499 592 590
f 501 598 596
f 502 601 599
f 504 605 604
f 521 642 640
f 528 625 627
f 526 646 648
f 505 606 607
f 516 635 628
f 513 618 615
f 508 614 616
f 514 631 630
f 515 634 632
f 518 641 637
f 509 619 617
f 510 620 622
f 523 643 647
f 527 610 612
f 593 530 533
f 589 529 530
f 590 531 529
f 596 532 531
f 599 533 532
f 604 538 535
f 640 556 558
f 627 585 588
f 648 581 582
f 607 567 565
f 628 545 548
f 615 544 545
f 616 546 544
f 630 547 546
f 632 548 547
f 637 551 552
f 617 543 540
f 622 563 559
f 647 572 571
f 612 574 578
f 602 584 587
f 594 554 555
f 592 534 536
f 598 564 568
f 601 579 583
f 605 555 557
f 642 587 586
f 625 583 580
f 646 568 566
f 606 536 537
f 635 575 576
f 618 550 549
f 614 539 541
f 631 560 562
f 634 570 573
f 641 576 577
f 619 549 553
f 620 541 542
f 643 562 561
f 610 573 569
f 595 558 554
f 591 535 534
f 597 565 564
f 600 582 579
f 603 588 584
f 611 577 574
f 638 553 551
f 623 542 543
f 644 561 563
f 609 569 572
f 629 552 550
f 613 540 539
f 621 559 560
f 633 571 570
f 636 578 575
f 639 557 556
f 626 586 585
f 624 580 581
f 645 566 567
f 608 537 538
f 593 602 595
f 589 594 591
f 590 592 597
f 596 598 600
f 599 601 603
f 604 605 611
f 640 642 638
f 627 625 623
f 648 646 644
f 607 606 609
f 628 635 629
f 615 618 613
f 616 614 621
f 630 631 633
f 632 634 636
f 637 641 639
f 617 619 626
f 622 620 624
f 647 643 645
f 612 610 608
f 649 695 692
f 649 692 691
f 649 691 693
f 649 693 694
f 649 694 695
f 650 697 700
f 654 720 718
f 660 750 747
f 659 744 743
f 656 727 729
f 652 710 707
f 652 707 706
f 652 706 708
f 652 708 709
f 652 709 710
f 653 714 713
f 651 702 705
f 655 721 725
f 657 733 734
f 658 740 736
f 660 749 746
f 654 717 716
f 650 698 696
f 656 730 726
f 659 745 741
f 654 719 717
f 660 748 749
f 659 742 745
f 656 728 730
f 650 699 698
f 658 738 737
f 653 711 712
f 651 703 701
f 655 724 722
f 657 735 732
f 658 739 738
f 653 715 711
f 651 704 703
f 655 723 724
f 657 731 735
f 654 716 720
f 650 696 697
f 656 726 727
f 659 741 744
f 660 746 750
f 658 736 739
f 653 713 715
f 651 705 704
f 655 725 723
f 657 734 731
f 653 712 714
f 651 701 702
f 655 722 721
f 657 732 733
f 658 737 740
f 654 718 719
f 660 747 748
f 659 743 742
f 656 729 728
f 650 700 699
f 683 757 764
f 666 753 756
f 667 759 754
f 688 762 760
f 690 765 763
f 682 773 767
f 681 800 804
f 673 785 787
f 684 806 808
f 668 771 768
f 680 791 797
f 671 775 780
f 672 783 776
f 685 795 793
f 689 798 796
f 682 801 803
f 681 788 781
f 673 786 782
f 684 807 805
f 668 770 772
f 665 755 695
f 662 751 692
f 661 752 691
f 663 758 693
f 664 761 694
f 666 766 697
f 683 802 720
f 690 789 750
f 688 810 744
f 667 769 727
f 678 790 710
f 675 777 707
f 670 778 706
f 676 792 708
f 677 794 709
f 680 799 714
f 671 779 702
f 672 784 721
f 685 809 733
f 689 774 740
f 683 764 749
f 666 756 717
f 667 754 698
f 688 760 730
f 690 763 745
f 682 767 719
f 681 804 748
f 673 787 742
f 684 808 728
f 668 768 699
f 680 797 738
f 671 780 711
f 672 776 703
f 685 793 724
f 689 796 735
f 682 803 739
f 681 781 715
f 673 782 704
f 684 805 723
f 668 772 731
f 662 757 716
f 661 753 696
f 663 759 726
f 664 762 741
f 665 765 746
f 669 773 736
f 679 800 713
f 674 785 705
f 686 806 725
f 687 771 734
f 675 791 712
f 670 775 701
f 676 783 722
f 677 795 732
f 678 798 737
f 679 801 718
f 674 788 747
f 686 786 743
f 687 807 729
f 669 770 700
f 662 755 757
f 661 751 753
f 663 752 759
f 664 758 762
f 665 761 765
f 669 766 773
f 679 802 800
f 674 789 785
f 686 810 806
f 687 769 771
f 675 790 791
f 670 777 775
f 676 778 783
f 677 792 795
f 678 794 798
f 679 799 801
f 674 779 788
f 686 784 786
f 687 809 807
f 669 774 770
f 662 692 755
f 661 691 751
f 663 693 752
f 664 694 758
f 665 695 761
f 669 700 766
f 679 718 802
f 674 747 789
f 686 743 810
f 687 729 769
f 675 707 790
f 670 706 777
f 676 708 778
f 677 709 792
f 678 710 794
f 679 713 799
f 674 705 779
f 686 725 784
f 687 734 809
f 669 736 774
f 665 746 764
f 662 716 756
f 661 696 754
f 663 726 760
f 664 741 763
f 666 717 767
f 683 749 804
f 690 745 787
f 688 730 808
f 667 698 768
f 678 737 797
f 675 712 780
f 670 701 776
f 676 722 793
f 677 732 796
f 680 738 803
f 671 711 781
f 672 703 782
f 685 724 805
f 689 735 772
f 683 720 757
f 666 697 753
f 667 727 759
f 688 744 762
f 690 750 765
f 682 739 773
f 681 715 800
f 673 704 785
f 684 723 806
f 668 731 771
f 680 714 791
f 671 702 775
f 672 721 783
f 685 733 795
f 689 740 798
f 682 719 801
f 681 748 788
f 673 742 786
f 684 728 807
f 668 699 770
f 665 764 755
f 662 756 751
f 661 754 752
f 663 760 758
f 664 763 761
f 666 767 766
f 683 804 802
f 690 787 789
f 688 808 810
f 667 768 769
f 678 797 790
f 675 780 777
f 670 776 778
f 676 793 792
f 677 796 794
f 680 803 799
f 671 781 779
f 672 782 784
f 685 805 809
f 689 772 774
f 755 692 695
f 751 691 692
f 752 693 691
f 758 694 693
f 761 695 694
f 766 700 697
f 802 718 720
f 789 747 750
f 810 743 744
f 769 729 727
f 790 707 710
f 777 706 707
f 778 708 706
f 792 709 708
f 794 710 709
f 799 713 714
f 779 705 702
f 784 725 721
f 809 734 733
f 774 736 740
f 764 746 749
f 756 716 717
f 754 696 698
f 760 726 730
f 763 741 745
f 767 717 719
f 804 749 748
f 787 745 742
f 808 730 728
f 768 698 699
f 797 737 738
f 780 712 711
f 776 701 703
f 793 722 724
f 796 732 735
f 803 738 739
f 781 711 715
f 782 703 704
f 805 724 723
f 772 735 731
f 757 720 716
f 753 697 696
f 759 727 726
f 762 744 741
f 765 750 746
f 773 739 736
f 800 715 713
f 785 704 705
f 806 723 725
f 771 731 734
f 791 714 712
f 775 702 701
f 783 721 722
f 795 733 732
f 798 740 737
f 801 719 718
f 788 748 747
f 786 742 743
f 807 728 729
f 770 699 700
f 755 764 757
f 751 756 753
f 752 754 759
f 758 760 762
f 761 763 765
f 766 767 773
f 802 804 800
f 789 787 785
f 810 808 806
f 769 768 771
f 790 797 791
f 777 780 775
f 778 776 783
f 792 793 795
f 794 796 798
f 799 803 801
f 779 781 788
f 784 782 786
f 809 805 807
f 774 772 770
f 811 857 854
f 811 854 853
f 811 853 855
f 811 855 856
f 811 856 857
f 812 859 862
f 816 882 880
f 822 912 909
f 821 906 905
f 818 889 891
f 814 872 869
f 814 869 868
f 814 868 870
f 814 870 871
f 814 871 872
f 815 876 875
f 813 864 867
f 817 883 887
f 819 895 896
f 820 902 898
f 822 911 908
f 816 879 878
f 812 860 858
f 818 892 888
f 821 907 903
f 816 881 879
f 822 910 911
f 821 904 907
f 818 890 892
f 812 861 860
f 820 900 899
f 815 873 874
f 813 865 863
f 817 886 884
f 819 897 894
f 820 901 900
f 815 877 873
f 813 866 865
f 817 885 886
f 819 893 897
f 816 878 882
f 812 858 859
f 818 888 889
f 821 903 906
f 822 908 912
f 820 898 901
f 815 875 877
f 813 867 866
f 817 887 885
f 819 896 893
f 815 874 876
f 813 863 864
f 817 884 883
f 819 894 895
f 820 899 902
f 816 880 881
f 822 909 910
f 821 905 904
f 818 891 890
f 812 862 861
f 845 919 926
f 828 915 918
f 829 921 916
f 850 924 922
f 852 927 925
f 844 935 929
f 843 962 966
f 835 947 949
f 846 968 970
f 830 933 930
f 842 953 959
f 833 937 942
f 834 945 938
f 847 957 955
f 851 960 958
f 844 963 965
f 843 950 943
f 835 948 944
f 846 969 967
f 830 932 934
f 827 917 857
f 824 913 854
f 823 914 853
f 825 920 855
f 826 923 856
f 828 928 859
f 845 964 882
f 852 951 912
f 850 972 906
f 829 931 889
f 840 952 872
f 837 939 869
f 832 940 868
f 838 954 870
f 839 956 871
f 842 961 876
f 833 941 864
f 834 946 883
f 847 971 895
f 851 936 902
f 845 926 911
f 828 918 879
f 829 916 860
f 850 922 892
f 852 925 907
f 844 929 881
f 843 966 910
f 835 949 904
f 846 970 890
f 830 930 861
f 842 959 900
f 833 942 873
f 834 938 865
f 847 955 886
f 851 958 897
f 844 965 901
f 843 943 877
f 835 944 866
f 846 967 885
f 830 934 893
f 824 919 878
f 823 915 858
f 825 921 888
f 826 924 903
f 827 927 908
f 831 935 898
f 841 962 875
f 836 947 867
f 848 968 887
f 849 933 896
f 837 953 874
f 832 937 863
f 838 945 884
f 839 957 894
f 840 960 899
f 841 963 880
f 836 950 909
f 848 948 905
f 849 969 891
f 831 932 862
f 824 917 919
f 823 913 915
f 825 914 921
f 826 920 924
f 827 923 927
f 831 928 935
f 841 964 962
f 836 951 947
f 848 972 968
f 849 931 933
f 837 952 953
f 832 939 937
f 838 940 945
f 839 954 957
f 840 956 960
f 841 961 963
f 836 941 950
f 848 946 948
f 849 971 969
f 831 936 932
f 824 854 917
f 823 853 913
f 825 855 914
f 826 856 920
f 827 857 923
f 831 862 928
f 841 880 964
f 836 909 951
f 848 905 972
f 849 891 931
f 837 869 952
f 832 868 939
f 838 870 940
f 839 871 954
f 840 872 956
f 841 875 961
f 836 867 941
f 848 887 946
f 849 896 971
f 831 898 936
f 827 908 926
f 824 878 918
f 823 858 916
f 825 888 922
f 826 903 925
f 828 879 929
f 845 911 966
f 852 907 949
f 850 892 970
f 829 860 930
f 840 899 959
f 837 874 942
f 832 863 938
f 838 884 955
f 839 894 958
f 842 900 965
f 833 873 943
f 834 865 944
f 847 886 967
f 851 897 934
f 845 882 919
f 828 859 915
f 829 889 921
f 850 906 924
f 852 912 927
f 844 901 935
f 843 877 962
f 835 866 947
f 846 885 968
f 830 893 933
f 842 876 953
f 833 864 937
f 834 883 945
f 847 895 957
f 851 902 960
f 844 881 963
f 843 910 950
f 835 904 948
f 846 890 969
f 830 861 932
f 827 926 917
f 824 918 913
f 823 916 914
f 825 922 920
f 826 925 923
f 828 929 928
f 845 966 964
f 852 949 951
f 850 970 972
f 829 930 931
f 840 959 952
f 837 942 939
f 832 938 940
f 838 955 954
f 839 958 956
f 842 965 961
f 833 943 941
f 834 944 946
f 847 967 971
f 851 934 936
f 917 854 857
f 913 853 854
f 914 855 853
f 920 856 855
f 923 857 856
f 928 862 859
f 964 880 882
f 951 909 912
f 972 905 906
f 931 891 889
f 952 869 872
f 939 868 869
f 940 870 868
f 954 871 870
f 956 872 871
f 961 875 876
f 941 867 864
f 946 887 883
f 971 896 895
f 936 898 902
f 926 908 911
f 918 878 879
f 916 858 860
f 922 888 892
f 925 903 907
f 929 879 881
f 966 911 910
f 949 907 904
f 970 892 890
f 930 860 861
f 959 899 900
f 942 874 873
f 938 863 865
f 955 884 886
f 958 894 897
f 965 900 901
f 943 873 877
f 944 865 866
f 967 886 885
f 934 897 893
f 919 882 878
f 915 859 858
f 921 889 888
f 924 906 903
f 927 912 908
f 935 901 898
f 962 877 875
f 947 866 867
f 968 885 887
f 933 893 896
f 953 876 874
f 937 864 863
f 945 883 884
f 957 895 894
f 960 902 899
f 963 881 880
f 950 910 909
f 948 904 905
f 969 890 891
f 932 861 862
f 917 926 919
f 913 918 915
f 914 916 921
f 920 922 924
f 923 925 927
f 928 929 935
f 964 966 962
f 951 949 947
f 972 970 968
f 931 930 933
f 952 959 953
f 939 942 937
f 940 938 945
f 954 955 957
f 956 958 960
f 961 965 963
f 941 943 950
f 946 944 948
f 971 967 969
f 936 934 932
f 973 1019 1016
f 973 1016 1015
f 973 1015 1017
f 973 1017 1018
f 973 1018 1019
f 974 1021 1024
f 978 1044 1042
f 984 1074 1071
f 983 1068 1067
f 980 1051 1053
f 976 1034 1031
f 976 1031 1030
f 976 1030 1032
f 976 1032 1033
f 976 1033 1034
f 977 1038 1037
f 975 1026 1029
f 979 1045 1049
f 981 1057 1058
f 982 1064 1060
f 984 1073 1070
f 978 1041 1040
f 974 1022 1020
f 980 1054 1050
f 983 1069 1065
f 978 1043 1041
f 984 1072 1073
f 983 1066 1069
f 980 1052 1054
f 974 1023 1022
f 982 1062 1061
f 977 1035 1036
f 975 1027 1025
f 979 1048 1046
f 981 1059 1056
f 982 1063 1062
f 977 1039 1035
f 975 1028 1027
f 979 1047 1048
f 981 1055 1059
f 978 1040 1044
f 974 1020 1021
f 980 1050 1051
f 983 1065 1068
f 984 1070 1074
f 982 1060 1063
f 977 1037 1039
f 975 1029 1028
f 979 1049 1047
f 981 1058 1055
f 977 1036 1038
f 975 1025 1026
f 979 1046 1045
f 981 1056 1057
f 982 1061 1064
f 978 1042 1043
f 984 1071 1072
f 983 1067 1066
f 980 1053 1052
f 974 1024 1023
f 1007 1081 1088
f 990 1077 1080
f 991 1083 1078
f 1012 1086 1084
f 1014 1089 1087
f 1006 1097 1091
f 1005 1124 1128
f 997 1109 1111
f 1008 1130 1132
f 992 1095 1092
f 1004 1115 1121
f 995 1099 1104
f 996 1107 1100
f 1009 1119 1117
f 1013 1122 1120
f 1006 1125 1127
f 1005 1112 1105
f 997 1110 1106
f 1008 1131 1129
f 992 1094 1096
f 989 1079 1019
f 986 1075 1016
f 985 1076 1015
f 987 1082 1017
f 988 1085 1018
f 990 1090 1021
f 1007 1126 1044
f 1014 1113 1074
f 1012 1134 1068
f 991 1093 1051
f 1002 1114 1034
f 999 1101 1031
f 994 1102 1030
f 1000 1116 1032
f 1001 1118 1033
f 1004 1123 1038
f 995 1103 1026
f 996 1108 1045
f 1009 1133 1057
f 1013 1098 1064
f 1007 1088 1073
f 990 1080 1041
f 991 1078 1022
f 1012 1084 1054
f 1014 1087 1069
f 1006 1091 1043
f 1005 1128 1072
f 997 1111 1066
f 1008 1132 1052
f 992 1092 1023
f 1004 1121 1062
f 995 1104 1035
f 996 1100 1027
f 1009 1117 1048
f 1013 1120 1059
f 1006 1127 1063
f 1005 1105 1039
f 997 1106 1028
f 1008 1129 1047
f 992 1096 1055
f 986 1081 1040
f 985 1077 1020
f 987 1083 1050
f 988 1086 1065
f 989 1089 1070
f 993 1097 1060
f 1003 1124 1037
f 998 1109 1029
f 1010 1130 1049
f 1011 1095 1058
f 999 1115 1036
f 994 1099 1025
f 1000 1107 1046
f 1001 1119 1056
f 1002 1122 1061
f 1003 1125 1042
f 998 1112 1071
f 1010 1110 1067
f 1011 1131 1053
f 993 1094 1024
f 986 1079 1081
f 985 1075 1077
f 987 1076 1083
f 988 1082 1086
f 989 1085 1089
f 993 1090 1097
f 1003 1126 1124
f 998 1113 1109
f 1010 1134 1130
f 1011 1093 1095
f 999 1114 1115
f 994 1101 1099
f 1000 1102 1107
f 1001 1116 1119
f 1002 1118 1122
f 1003 1123 1125
f 998 1103 1112
f 1010 1108 1110
f 1011 1133 1131
f 993 1098 1094
f 986 1016 1079
f 985 1015 1075
f 987 1017 1076
f 988 1018 1082
f 989 1019 1085
f 993 1024 1090
f 1003 1042 1126
f 998 1071 1113
f 1010 1067 1134
f 1011 1053 1093
f 999 1031 1114
f 994 1030 1101
f 1000 1032 1102
f 1001 1033 1116
f 1002 1034 1118
f 1003 1037 1123
f 998 1029 1103
f 1010 1049 1108
f 1011 1058 1133
f 993 1060 1098
f 989 1070 1088
f 986 1040 1080
f 985 1020 1078
f 987 1050 1084
f 988 1065 1087
f 990 1041 1091
f 1007 1073 1128
f 1014 1069 1111
f 1012 1054 1132
f 991 1022 1092
f 1002 1061 1121
f 999 1036 1104
f 994 1025 1100
f 1000 1046 1117
f 1001 1056 1120
f 1004 1062 1127
f 995 1035 1105
f 996 1027 1106
f 1009 1048 1129
f 1013 1059 1096
f 1007 1044 1081
f 990 1021 1077
f 991 1051 1083
f 1012 1068 1086
f 1014 1074 1089
f 1006 1063 1097
f 1005 1039 1124
f 997 1028 1109
f 1008 1047 1130
f 992 1055 1095
f 1004 1038 1115
f 995 1026 1099
f 996 1045 1107
f 1009 1057 1119
f 1013 1064 1122
f 1006 1043 1125
f 1005 1072 1112
f 997 1066 1110
f 1008 1052 1131
f 992 1023 1094
f 989 1088 1079
f 986 1080 1075
f 985 1078 1076
f 987 1084 1082
f 988 1087 1085
f 990 1091 1090
f 1007 1128 1126
f 1014 1111 1113
f 1012 1132 1134
f 991 1092 1093
f 1002 1121 1114
f 999 1104 1101
f 994 1100 1102
f 1000 1117 1116
f 1001 1120 1118
f 1004 1127 1123
f 995 1105 1103
f 996 1106 1108
f 1009 1129 1133
f 1013 1096 1098
f 1079 1016 1019
f 1075 1015 1016
f 1076 1017 1015
f 1082 1018 1017
f 1085 1019 1018
f 1090 1024 1021
f 1126 1042 1044
f 1113 1071 1074
f 1134 1067 1068
f 1093 1053 1051
f 1114 1031 1034
f 1101 1030 1031
f 1102 1032 1030
f 1116 1033 1032
f 1118 1034 1033
f 1123 1037 1038
f 1103 1029 1026
f 1108 1049 1045
f 1133 1058 1057
f 1098 1060 1064
f 1088 1070 1073
f 1080 1040 1041
f 1078 1020 1022
f 1084 1050 1054
f 1087 1065 1069
f 1091 1041 1043
f 1128 1073 1072
f 1111 1069 1066
f 1132 1054 1052
f 1092 1022 1023
f 1121 1061 1062
f 1104 1036 1035
f 1100 1025 1027
f 1117 1046 1048
f 1120 1056 1059
f 1127 1062 1063
f 1105 1035 1039
f 1106 1027 1028
f 1129 1048 1047
f 1096 1059 1055
f 1081 1044 1040
f 1077 1021 1020
f 1083 1051 1050
f 1086 1068 1065
f 1089 1074 1070
f 1097 1063 1060
f 1124 1039 1037
f 1109 1028 1029
f 1130 1047 1049
f 1095 1055 1058
f 1115 1038 1036
f 1099 1026 1025
f 1107 1045 1046
f 1119 1057 1056
f 1122 1064 1061
f 1125 1043 1042
f 1112 1072 1071
f 1110 1066 1067
f 1131 1052 1053
f 1094 1023 1024
f 1079 1088 1081
f 1075 1080 1077
f 1076 1078 1083
f 1082 1084 1086
f 1085 1087 1089
f 1090 1091 1097
f 1126 1128 1124
f 1113 1111 1109
f 1134 1132 1130
f 1093 1092 1095
f 1114 1121 1115
f 1101 1104 1099
f 1102 1100 1107
f 1116 1117 1119
f 1118 1120 1122
f 1123 1127 1125
f 1103 1105 1112
f 1108 1106 1110
f 1133 1129 1131
f 1098 1096 1094
f 1135 1181 1178
f 1135 1178 1177
f 1135 1177 1179
f 1135 1179 1180
f 1135 1180 1181
f 1136 1183 1186
f 1140 1206 1204
f 1146 1236 1233
f 1145 1230 1229
f 1142 1213 1215
f 1138 1196 1193
f 1138 1193 1192
f 1138 1192 1194
f 1138 1194 1195
f 1138 1195 1196
f 1139 1200 1199
f 1137 1188 1191
f 1141 1207 1211
f 1143 1219 1220
f 1144 1226 1222
f 1146 1235 1232
f 1140 1203 1202
f 1136 1184 1182
f 1142 1216 1212
f 1145 1231 1227
f 1140 1205 1203
f 1146 1234 1235
f 1145 1228 1231
f 1142 1214 1216
f 1136 1185 1184
f 1144 1224 1223
f 1139 1197 1198
f 1137 1189 1187
f 1141 1210 1208
f 1143 1221 1218
f 1144 1225 1224
f 1139 1201 1197
f 1137 1190 1189
f 1141 1209 1210
f 1143 1217 1221
f 1140 1202 1206
f 1136 1182 1183
f 1142 1212 1213
f 1145 1227 1230
f 1146 1232 1236
f 1144 1222 1225
f 1139 1199 1201
f 1137 1191 1190
f 1141 1211 1209
f 1143 1220 1217
f 1139 1198 1200
f 1137 1187 1188
f 1141 1208 1207
f 1143 1218 1219
f 1144 1223 1226
f 1140 1204 1205
f 1146 1233 1234
f 1145 1229 1228
f 1142 1215 1214
f 1136 1186 1185
f 1169 1243 1250
f 1152 1239 1242
f 1153 1245 1240
f 1174 1248 1246
f 1176 1251 1249
f 1168 1259 1253
f 1167 1286 1290
f 1159 1271 1273
f 1170 1292 1294
f 1154 1257 1254
f 1166 1277 1283
f 1157 1261 1266
f 1158 1269 1262
f 1171 1281 1279
f 1175 1284 1282
f 1168 1287 1289
f 1167 1274 1267
f 1159 1272 1268
f 1170 1293 1291
f 1154 1256 1258
f 1151 1241 1181
f 1148 1237 1178
f 1147 1238 1177
f 1149 1244 1179
f 1150 1247 1180
f 1152 1252 1183
f 1169 1288 1206
f 1176 1275 1236
f 1174 1296 1230
f 1153 1255 1213
f 1164 1276 1196
f 1161 1263 1193
f 1156 1264 1192
f 1162 1278 1194
f 1163 1280 1195
f 1166 1285 1200
f 1157 1265 1188
f 1158 1270 1207
f 1171 1295 1219
f 1175 1260 1226
f 1169 1250 1235
f 1152 1242 1203
f 1153 1240 1184
f 1174 1246 1216
f 1176 1249 1231
f 1168 1253 1205
f 1167 1290 1234
f 1159 1273 1228
f 1170 1294 1214
f 1154 1254 1185
f 1166 1283 1224
f 1157 1266 1197
f 1158 1262 1189
f 1171 1279 1210
f 1175 1282 1221
f 1168 1289 1225
f 1167 1267 1201
f 1159 1268 1190
f 1170 1291 1209
f 1154 1258 1217
f 1148 1243 1202
f 1147 1239 1182
f 1149 1245 1212
f 1150 1248 1227
f 1151 1251 1232
f 1155 1259 1222
f 1165 1286 1199
f 1160 1271 1191
f 1172 1292 1211
f 1173 1257 1220
f 1161 1277 1198
f 1156 1261 1187
f 1162 1269 1208
f 1163 1281 1218
f 1164 1284 1223
f 1165 1287 1204
f 1160 1274 1233
f 1172 1272 1229
f 1173 1293 1215
f 1155 1256 1186
f 1148 1241 1243
f 1147 1237 1239
f 1149 1238 1245
f 1150 1244 1248
f 1151 1247 1251
f 1155 1252 1259
f 1165 1288 1286
f 1160 1275 1271
f 1172 1296 1292
f 1173 1255 1257
f 1161 1276 1277
f 1156 1263 1261
f 1162 1264 1269
f 1163 1278 1281
f 1164 1280 1284
f 1165 1285 1287
f 1160 1265 1274
f 1172 1270 1272
f 1173 1295 1293
f 1155 1260 1256
f 1148 1178 1241
f 1147 1177 1237
f 1149 1179 1238
f 1150 1180 1244
f 1151 1181 1247
f 1155 1186 1252
f 1165 1204 1288
f 1160 1233 1275
f 1172 1229 1296
f 1173 1215 1255
f 1161 1193 1276
f 1156 1192 1263
f 1162 1194 1264
f 1163 1195 1278
f 1164 1196 1280
f 1165 1199 1285
f 1160 1191 1265
f 1172 1211 1270
f 1173 1220 1295
f 1155 1222 1260
f 1151 1232 1250
f 1148 1202 1242
f 1147 1182 1240
f 1149 1212 1246
f 1150 1227 1249
f 1152 1203 1253
f 1169 1235 1290
f 1176 1231 1273
f 1174 1216 1294
f 1153 1184 1254
f 1164 1223 1283
f 1161 1198 1266
f 1156 1187 1262
f 1162 1208 1279
f 1163 1218 1282
f 1166 1224 1289
f 1157 1197 1267
f 1158 1189 1268
f 1171 1210 1291
f 1175 1221 1258
f 1169 1206 1243
f 1152 1183 1239
f 1153 1213 1245
f 1174 1230 1248
f 1176 1236 1251
f 1168 1225 1259
f 1167 1201 1286
f 1159 1190 1271
f 1170 1209 1292
f 1154 1217 1257
f 1166 1200 1277
f 1157 1188 1261
f 1158 1207 1269
f 1171 1219 1281
f 1175 1226 1284
f 1168 1205 1287
f 1167 1234 1274
f 1159 1228 1272
f 1170 1214 1293
f 1154 1185 1256
f 1151 1250 1241
f 1148 1242 1237
f 1147 1240 1238
f 1149 1246 1244
f 1150 1249 1247
f 1152 1253 1252
f 1169 1290 1288
f 1176 1273 1275
f 1174 1294 1296
f 1153 1254 1255
f 1164 1283 1276
f 1161 1266 1263
f 1156 1262 1264
f 1162 1279 1278
f 1163 1282 1280
f 1166 1289 1285
f 1157 1267 1265
f 1158 1268 1270
f 1171 1291 1295
f 1175 1258 1260
f 1241 1178 1181
f 1237 1177 1178
f 1238 1179 1177
f 1244 1180 1179
f 1247 1181 1180
f 1252 1186 1183
f 1288 1204 1206
f 1275 1233 1236
f 1296 1229 1230
f 1255 1215 1213
f 1276 1193 1196
f 1263 1192 1193
f 1264 1194 1192
f 1278 1195 1194
f 1280 1196 1195
f 1285 1199 1200
f 1265 1191 1188
f 1270 1211 1207
f 1295 1220 1219
f 1260 1222 1226
f 1250 1232 1235
f 1242 1202 1203
f 1240 1182 1184
f 1246 1212 1216
f 1249 1227 1231
f 1253 1203 1205
f 1290 1235 1234
f 1273 1231 1228
f 1294 1216 1214
f 1254 1184 1185
f 1283 1223 1224
f 1266 1198 1197
f 1262 1187 1189
f 1279 1208 1210
f 1282 1218 1221
f 1289 1224 1225
f 1267 1197 1201
f 1268 1189 1190
f 1291 1210 1209
f 1258 1221 1217
f 1243 1206 1202
f 1239 1183 1182
f 1245 1213 1212
f 1248 1230 1227
f 1251 1236 1232
f 1259 1225 1222
f 1286 1201 1199
f 1271 1190 1191
f 1292 1209 1211
f 1257 1217 1220
f 1277 1200 1198
f 1261 1188 1187
f 1269 1207 1208
f 1281 1219 1218
f 1284 1226 1223
f 1287 1205 1204
f 1274 1234 1233
f 1272 1228 1229
f 1293 1214 1215
f 1256 1185 1186
f 1241 1250 1243
f 1237 1242 1239
f 1238 1240 1245
f 1244 1246 1248
f 1247 1249 1251
f 1252 1253 1259
f 1288 1290 1286
f 1275 1273 1271
f 1296 1294 1292
f 1255 1254 1257
f 1276 1283 1277
f 1263 1266 1261
f 1264 1262 1269
f 1278 1279 1281
f 1280 1282 1284
f 1285 1289 1287
f 1265 1267 1274
f 1270 1268 1272
f 1295 1291 1293
f 1260 1258 1256
f 1297 1343 1340
f 1297 1340 1339
f 1297 1339 1341
f 1297 1341 1342
f 1297 1342 1343
f 1298 1345 1348
f 1302 1368 1366
f 1308 1398 1395
f 1307 1392 1391
f 1304 1375 1377
f 1300 1358 1355
f 1300 1355 1354
f 1300 1354 1356
f 1300 1356 1357
f 1300 1357 1358
f 1301 1362 1361
f 1299 1350 1353
f 1303 1369 1373
f 1305 1381 1382
f 1306 1388 1384
f 1308 1397 1394
f 1302 1365 1364
f 1298 1346 1344
f 1304 1378 1374
f 1307 1393 1389
f 1302 1367 1365
f 1308 1396 1397
f 1307 1390 1393
f 1304 1376 1378
f 1298 1347 1346
f 1306 1386 1385
f 1301 1359 1360
f 1299 1351 1349
f 1303 1372 1370
f 1305 1383 1380
f 1306 1387 1386
f 1301 1363 1359
f 1299 1352 1351
f 1303 1371 1372
f 1305 1379 1383
f 1302 1364 1368
f 1298 1344 1345
f 1304 1374 1375
f 1307 1389 1392
f 1308 1394 1398
f 1306 1384 1387
f 1301 1361 1363
f 1299 1353 1352
f 1303 1373 1371
f 1305 1382 1379
f 1301 1360 1362
f 1299 1349 1350
f 1303 1370 1369
f 1305 1380 1381
f 1306 1385 1388
f 1302 1366 1367
f 1308 1395 1396
f 1307 1391 1390
f 1304 1377 1376
f 1298 1348 1347
f 1331 1405 1412
f 1314 1401 1404
f 1315 1407 1402
f 1336 1410 1408
f 1338 1413 1411
f 1330 1421 1415
f 1329 1448 1452
f 1321 1433 1435
f 1332 1454 1456
f 1316 1419 1416
f 1328 1439 1445
f 1319 1423 1428
f 1320 1431 1424
f 1333 1443 1441
f 1337 1446 1444
f 1330 1449 1451
f 1329 1436 1429
f 1321 1434 1430
f 1332 1455 1453
f 1316 1418 1420
f 1313 1403 1343
f 1310 1399 1340
f 1309 1400 1339
f 1311 1406 1341
f 1312 1409 1342
f 1314 1414 1345
f 1331 1450 1368
f 1338 1437 1398
f 1336 1458 1392
f 1315 1417 1375
f 1326 1438 1358
f 1323 1425 1355
f 1318 1426 1354
f 1324 1440 1356
f 1325 1442 1357
f 1328 1447 1362
f 1319 1427 1350
f 1320 1432 1369
f 1333 1457 1381
f 1337 1422 1388
f 1331 1412 1397
f 1314 1404 1365
f 1315 1402 1346
f 1336 1408 1378
f 1338 1411 1393
f 1330 1415 1367
f 1329 1452 1396
f 1321 1435 1390
f 1332 1456 1376
f 1316 1416 1347
f 1328 1445 1386
f 1319 1428 1359
f 1320 1424 1351
f 1333 1441 1372
f 1337 1444 1383
f 1330 1451 1387
f 1329 1429 1363
f 1321 1430 1352
f 1332 1453 1371
f 1316 1420 1379
f 1310 1405 1364
f 1309 1401 1344
f 1311 1407 1374
f 1312 1410 1389
f 1313 1413 1394
f 1317 1421 1384
f 1327 1448 1361
f 1322 1433 1353
f 1334 1454 1373
f 1335 1419 1382
f 1323 1439 1360
f 1318 1423 1349
f 1324 1431 1370
f 1325 1443 1380
f 1326 1446 1385
f 1327 1449 1366
f 1322 1436 1395
f 1334 1434 1391
f 1335 1455 1377
f 1317 1418 1348
f 1310 1403 1405
f 1309 1399 1401
f 1311 1400 1407
f 1312 1406 1410
f 1313 1409 1413
f 1317 1414 1421
f 1327 1450 1448
f 1322 1437 1433
f 1334 1458 1454
f 1335 1417 1419
f 1323 1438 1439
f 1318 1425 1423
f 1324 1426 1431
f 1325 1440 1443
f 1326 1442 1446
f 1327 1447 1449
f 1322 1427 1436
f 1334 1432 1434
f 1335 1457 1455
f 1317 1422 1418
f 1310 1340 1403
f 1309 1339 1399
f 1311 1341 1400
f 1312 1342 1406
f 1313 1343 1409
f 1317 1348 1414
f 1327 1366 1450
f 1322 1395 1437
f 1334 1391 1458
f 1335 1377 1417
f 1323 1355 1438
f 1318 1354 1425
f 1324 1356 1426
f 1325 1357 1440
f 1326 1358 1442
f 1327 1361 1447
f 1322 1353 1427
f 1334 1373 1432
f 1335 1382 1457
f 1317 1384 1422
f 1313 1394 1412
f 1310 1364 1404
f 1309 1344 1402
f 1311 1374 1408
f 1312 1389 1411
f 1314 1365 1415
f 1331 1397 1452
f 1338 1393 1435
f 1336 1378 1456
f 1315 1346 1416
f 1326 1385 1445
f 1323 1360 1428
f 1318 1349 1424
f 1324 1370 1441
f 1325 1380 1444
f 1328 1386 1451
f 1319 1359 1429
f 1320 1351 1430
f 1333 1372 1453
f 1337 1383 1420
f 1331 1368 1405
f 1314 1345 1401
f 1315 1375 1407
f 1336 1392 1410
f 1338 1398 1413
f 1330 1387 1421
f 1329 1363 1448
f 1321 1352 1433
f 1332 1371 1454
f 1316 1379 1419
f 1328 1362 1439
f 1319 1350 1423
f 1320 1369 1431
f 1333 1381 1443
f 1337 1388 1446
f 1330 1367 1449
f 1329 1396 1436
f 1321 1390 1434
f 1332 1376 1455
f 1316 1347 1418
f 1313 1412 1403
f 1310 1404 1399
f 1309 1402 1400
f 1311 1408 1406
f 1312 1411 1409
f 1314 1415 1414
f 1331 1452 1450
f 1338 1435 1437
f 1336 1456 1458
f 1315 1416 1417
f 1326 1445 1438
f 1323 1428 1425
f 1318 1424 1426
f 1324 1441 1440
f 1325 1444 1442
f 1328 1451 1447
f 1319 1429 1427
f 1320 1430 1432
f 1333 1453 1457
f 1337 1420 1422
f 1403 1340 1343
f 1399 1339 1340
f 1400 1341 1339
f 1406 1342 1341
f 1409 1343 1342
f 1414 1348 1345
f 1450 1366 1368
f 1437 1395 1398
f 1458 1391 1392
f 1417 1377 1375
f 1438 1355 1358
f 1425 1354 1355
f 1426 1356 1354
f 1440 1357 1356
f 1442 1358 1357
f 1447 1361 1362
f 1427 1353 1350
f 1432 1373 1369
f 1457 1382 1381
f 1422 1384 1388
f 1412 1394 1397
f 1404 1364 1365
f 1402 1344 1346
f 1408 1374 1378
f 1411 1389 1393
f 1415 1365 1367
f 1452 1397 1396
f 1435 1393 1390
f 1456 1378 1376
f 1416 1346 1347
f 1445 1385 1386
f 1428 1360 1359
f 1424 1349 1351
f 1441 1370 1372
f 1444 1380 1383
f 1451 1386 1387
f 1429 1359 1363
f 1430 1351 1352
f 1453 1372 1371
f 1420 1383 1379
f 1405 1368 1364
f 1401 1345 1344
f 1407 1375 1374
f 1410 1392 1389
f 1413 1398 1394
f 1421 1387 1384
f 1448 1363 1361
f 1433 1352 1353
f 1454 1371 1373
f 1419 1379 1382
f 1439 1362 1360
f 1423 1350 1349
f 1431 1369 1370
f 1443 1381 1380
f 1446 1388 1385
f 1449 1367 1366
f 1436 1396 1395
f 1434 1390 1391
f 1455 1376 1377
f 1418 1347 1348
f 1403 1412 1405
f 1399 1404 1401
f 1400 1402 1407
f 1406 1408 1410
f 1409 1411 1413
f 1414 1415 1421
f 1450 1452 1448
f 1437 1435 1433
f 1458 1456 1454
f 1417 1416 1419
f 1438 1445 1439
f 1425 1428 1423
f 1426 1424 1431
f 1440 1441 1443
f 1442 1444 1446
f 1447 1451 1449
f 1427 1429 1436
f 1432 1430 1434
f 1457 1453 1455
f 1422 1420 1418
f 1459 1505 1502
f 1459 1502 1501
f 1459 1501 1503
f 1459 1503 1504
f 1459 1504 1505
f 1460 1507 1510
f 1464 1530 1528
f 1470 1560 1557
f 1469 1554 1553
f 1466 1537 1539
f 1462 1520 1517
f 1462 1517 1516
f 1462 1516 1518
f 1462 1518 1519
f 1462 1519 1520
f 1463 1524 1523
f 1461 1512 1515
f 1465 1531 1535
f 1467 1543 1544
f 1468 1550 1546
f 1470 1559 1556
f 1464 1527 1526
f 1460 1508 1506
f 1466 1540 1536
f 1469 1555 1551
f 1464 1529 1527
f 1470 1558 1559
f 1469 1552 1555
f 1466 1538 1540
f 1460 1509 1508
f 1468 1548 1547
f 1463 1521 1522
f 1461 1513 1511
f 1465 1534 1532
f 1467 1545 1542
f 1468 1549 1548
f 1463 1525 1521
f 1461 1514 1513
f 1465 1533 1534
f 1467 1541 1545
f 1464 1526 1530
f 1460 1506 1507
f 1466 1536 1537
f 1469 1551 1554
f 1470 1556 1560
f 1468 1546 1549
f 1463 1523 1525
f 1461 1515 1514
f 1465 1535 1533
f 1467 1544 1541
f 1463 1522 1524
f 1461 1511 1512
f 1465 1532 1531
f 1467 1542 1543
f 1468 1547 1550
f 1464 1528 1529
f 1470 1557 1558
f 1469 1553 1552
f 1466 1539 1538
f 1460 1510 1509
f 1493 1567 1574
f 1476 1563 1566
f 1477 1569 1564
f 1498 1572 1570
f 1500 1575 1573
f 1492 1583 1577
f 1491 1610 1614
f 1483 1595 1597
f 1494 1616 1618
f 1478 1581 1578
f 1490 1601 1607
f 1481 1585 1590
f 1482 1593 1586
f 1495 1605 1603
f 1499 1608 1606
f 1492 1611 1613
f 1491 1598 1591
f 1483 1596 1592
f 1494 1617 1615
f 1478 1580 1582
f 1475 1565 1505
f 1472 1561 1502
f 1471 1562 1501
f 1473 1568 1503
f 1474 1571 1504
f 1476 1576 1507
f 1493 1612 1530
f 1500 1599 1560
f 1498 1620 1554
f 1477 1579 1537
f 1488 1600 1520
f 1485 1587 1517
f 1480 1588 1516
f 1486 1602 1518
f 1487 1604 1519
f 1490 1609 1524
f 1481 1589 1512
f 1482 1594 1531
f 1495 1619 1543
f 1499 1584 1550
f 1493 1574 1559
f 1476 1566 1527
f 1477 1564 1508
f 1498 1570 1540
f 1500 1573 1555
f 1492 1577 1529
f 1491 1614 1558
f 1483 1597 1552
f 1494 1618 1538
f 1478 1578 1509
f 1490 1607 1548
f 1481 1590 1521
f 1482 1586 1513
f 1495 1603 1534
f 1499 1606 1545
f 1492 1613 1549
f 1491 1591 1525
f 1483 1592 1514
f 1494 1615 1533
f 1478 1582 1541
f 1472 1567 1526
f 1471 1563 1506
f 1473 1569 1536
f 1474 1572 1551
f 1475 1575 1556
f 1479 1583 1546
f 1489 1610 1523
f 1484 1595 1515
f 1496 1616 1535
f 1497 1581 1544
f 1485 1601 1522
f 1480 1585 1511
f 1486 1593 1532
f 1487 1605 1542
f 1488 1608 1547
f 1489 1611 1528
f 1484 1598 1557
f 1496 1596 1553
f 1497 1617 1539
f 1479 1580 1510
f 1472 1565 1567
f 1471 1561 1563
f 1473 1562 1569
f 1474 1568 1572
f 1475 1571 1575
f 1479 1576 1583
f 1489 1612 1610
f 1484 1599 1595
f 1496 1620 1616
f 1497 1579 1581
f 1485 1600 1601
f 1480 1587 1585
f 1486 1588 1593
f 1487 1602 1605
f 1488 1604 1608
f 1489 1609 1611
f 1484 1589 1598
f 1496 1594 1596
f 1497 1619 1617
f 1479 1584 1580
f 1472 1502 1565
f 1471 1501 1561
f 1473 1503 1562
f 1474 1504 1568
f 1475 1505 1571
f 1479 1510 1576
f 1489 1528 1612
f 1484 1557 1599
f 1496 1553 1620
f 1497 1539 1579
f 1485 1517 1600
f 1480 1516 1587
f 1486 1518 1588
f 1487 1519 1602
f 1488 1520 1604
f 1489 1523 1609
f 1484 1515 1589
f 1496 1535 1594
f 1497 1544 1619
f 1479 1546 1584
f 1475 1556 1574
f 1472 1526 1566
f 1471 1506 1564
f 1473 1536 1570
f 1474 1551 1573
f 1476 1527 1577
f 1493 1559 1614
f 1500 1555 1597
f 1498 1540 1618
f 1477 1508 1578
f 1488 1547 1607
f 1485 1522 1590
f 1480 1511 1586
f 1486 1532 1603
f 1487 1542 1606
f 1490 1548 1613
f 1481 1521 1591
f 1482 1513 1592
f 1495 1534 1615
f 1499 1545 1582
f 1493 1530 1567
f 1476 1507 1563
f 1477 1537 1569
f 1498 1554 1572
f 1500 1560 1575
f 1492 1549 1583
f 1491 1525 1610
f 1483 1514 1595
f 1494 1533 1616
f 1478 1541 1581
f 1490 1524 1601
f 1481 1512 1585
f 1482 1531 1593
f 1495 1543 1605
f 1499 1550 1608
f 1492 1529 1611
f 1491 1558 1598
f 1483 1552 1596
f 1494 1538 1617
f 1478 1509 1580
f 1475 1574 1565
f 1472 1566 1561
f 1471 1564 1562
f 1473 1570 1568
f 1474 1573 1571
f 1476 1577 1576
f 1493 1614 1612
f 1500 1597 1599
f 1498 1618 1620
f 1477 1578 1579
f 1488 1607 1600
f 1485 1590 1587
f 1480 1586 1588
f 1486 1603 1602
f 1487 1606 1604
f 1490 1613 1609
f 1481 1591 1589
f 1482 1592 1594
f 1495 1615 1619
f 1499 1582 1584
f 1565 1502 1505
f 1561 1501 1502
f 1562 1503 1501
f 1568 1504 1503
f 1571 1505 1504
f 1576 1510 1507
f 1612 1528 1530
f 1599 1557 1560
f 1620 1553 1554
f 1579 1539 1537
f 1600 1517 1520
f 1587 1516 1517
f 1588 1518 1516
f 1602 1519 1518
f 1604 1520 1519
f 1609 1523 1524
f 1589 1515 1512
f 1594 1535 1531
f 1619 1544 1543
f 1584 1546 1550
f 1574 1556 1559
f 1566 1526 1527
f 1564 1506 1508
f 1570 1536 1540
f 1573 1551 1555
f 1577 1527 1529
f 1614 1559 1558
f 1597 1555 1552
f 1618 1540 1538
f 1578 1508 1509
f 1607 1547 1548
f 1590 1522 1521
f 1586 1511 1513
f 1603 1532 1534
f 1606 1542 1545
f 1613 1548 1549
f 1591 1521 1525
f 1592 1513 1514
f 1615 1534 1533
f 1582 1545 1541
f 1567 1530 1526
f 1563 1507 1506
f 1569 1537 1536
f 1572 1554 1551
f 1575 1560 1556
f 1583 1549 1546
f 1610 1525 1523
f 1595 1514 1515
f 1616 1533 1535
f 1581 1541 1544
f 1601 1524 1522
f 1585 1512 1511
f 1593 1531 1532
f 1605 1543 1542
f 1608 1550 1547
f 1611 1529 1528
f 1598 1558 1557
f 1596 1552 1553
f 1617 1538 1539
f 1580 1509 1510
f 1565 1574 1567
f 1561 1566 1563
f 1562 1564 1569
f 1568 1570 1572
f 1571 1573 1575
f 1576 1577 1583
f 1612 1614 1610
f 1599 1597 1595
f 1620 1618 1616
f 1579 1578 1581
f 1600 1607 1601
f 1587 1590 1585
f 1588 1586 1593
f 1602 1603 1605
f 1604 1606 1608
f 1609 1613 1611
f 1589 1591 1598
f 1594 1592 1596
f 1619 1615 1617
f 1584 1582 1580
f 1621 1667 1664
f 1621 1664 1663
f 1621 1663 1665
f 1621 1665 1666
f 1621 1666 1667
f 1622 1669 1672
f 1626 1692 1690
f 1632 1722 1719
f 1631 1716 1715
f 1628 1699 1701
f 1624 1682 1679
f 1624 1679 1678
f 1624 1678 1680
f 1624 1680 1681
f 1624 1681 1682
f 1625 1686 1685
f 1623 1674 1677
f 1627 1693 1697
f 1629 1705 1706
f 1630 1712 1708
f 1632 1721 1718
f 1626 1689 1688
f 1622 1670 1668
f 1628 1702 1698
f 1631 1717 1713
f 1626 1691 1689
f 1632 1720 1721
f 1631 1714 1717
f 1628 1700 1702
f 1622 1671 1670
f 1630 1710 1709
f 1625 1683 1684
f 1623 1675 1673
f 1627 1696 1694
f 1629 1707 1704
f 1630 1711 1710
f 1625 1687 1683
f 1623 1676 1675
f 1627 1695 1696
f 1629 1703 1707
f 1626 1688 1692
f 1622 1668 1669
f 1628 1698 1699
f 1631 1713 1716
f 1632 1718 1722
f 1630 1708 1711
f 1625 1685 1687
f 1623 1677 1676
f 1627 1697 1695
f 1629 1706 1703
f 1625 1684 1686
f 1623 1673 1674
f 1627 1694 1693
f 1629 1704 1705
f 1630 1709 1712
f 1626 1690 1691
f 1632 1719 1720
f 1631 1715 1714
f 1628 1701 1700
f 1622 1672 1671
f 1655 1729 1736
f 1638 1725 1728
f 1639 1731 1726
f 1660 1734 1732
f 1662 1737 1735
f 1654 1745 1739
f 1653 1772 1776
f 1645 1757 1759
f 1656 1778 1780
f 1640 1743 1740
f 1652 1763 1769
f 1643 1747 1752
f 1644 1755 1748
f 1657 1767 1765
f 1661 1770 1768
f 1654 1773 1775
f 1653 1760 1753
f 1645 1758 1754
f 1656 1779 1777
f 1640 1742 1744
f 1637 1727 1667
f 1634 1723 1664
f 1633 1724 1663
f 1635 1730 1665
f 1636 1733 1666
f 1638 1738 1669
f 1655 1774 1692
f 1662 1761 1722
f 1660 1782 1716
f 1639 1741 1699
f 1650 1762 1682
f 1647 1749 1679
f 1642 1750 1678
f 1648 1764 1680
f 1649 1766 1681
f 1652 1771 1686
f 1643 1751 1674
f 1644 1756 1693
f 1657 1781 1705
f 1661 1746 1712
f 1655 1736 1721
f 1638 1728 1689
f 1639 1726 1670
f 1660 1732 1702
f 1662 1735 1717
f 1654 1739 1691
f 1653 1776 1720
f 1645 1759 1714
f 1656 1780 1700
f 1640 1740 1671
f 1652 1769 1710
f 1643 1752 1683
f 1644 1748 1675
f 1657 1765 1696
f 1661 1768 1707
f 1654 1775 1711
f 1653 1753 1687
f 1645 1754 1676
f 1656 1777 1695
f 1640 1744 1703
f 1634 1729 1688
f 1633 1725 1668
f 1635 1731 1698
f 1636 1734 1713
f 1637 1737 1718
f 1641 1745 1708
f 1651 1772 1685
f 1646 1757 1677
f 1658 1778 1697
f 1659 1743 1706
f 1647 1763 1684
f 1642 1747 1673
f 1648 1755 1694
f 1649 1767 1704
f 1650 1770 1709
f 1651 1773 1690
f 1646 1760 1719
f 1658 1758 1715
f 1659 1779 1701
f 1641 1742 1672
f 1634 1727 1729
f 1633 1723 1725
f 1635 1724 1731
f 1636 1730 1734
f 1637 1733 1737
f 1641 1738 1745
f 1651 1774 1772
f 1646 1761 1757
f 1658 1782 1778
f 1659 1741 1743
f 1647 1762 1763
f 1642 1749 1747
f 1648 1750 1755
f 1649 1764 1767
f 1650 1766 1770
f 1651 1771 1773
f 1646 1751 1760
f 1658 1756 1758
f 1659 1781 1779
f 1641 1746 1742
f 1634 1664 1727
f 1633 1663 1723
f 1635 1665 1724
f 1636 1666 1730
f 1637 1667 1733
f 1641 1672 1738
f 1651 1690 1774
f 1646 1719 1761
f 1658 1715 1782
f 1659 1701 1741
f 1647 1679 1762
f 1642 1678 1749
f 1648 1680 1750
f 1649 1681 1764
f 1650 1682 1766
f 1651 1685 1771
f 1646 1677 1751
f 1658 1697 1756
f 1659 1706 1781
f 1641 1708 1746
f 1637 1718 1736
f 1634 1688 1728
f 1633 1668 1726
f 1635 1698 1732
f 1636 1713 1735
f 1638 1689 1739
f 1655 1721 1776
f 1662 1717 1759
f 1660 1702 1780
f 1639 1670 1740
f 1650 1709 1769
f 1647 1684 1752
f 1642 1673 1748
f 1648 1694 1765
f 1649 1704 1768
f 1652 1710 1775
f 1643 1683 1753
f 1644 1675 1754
f 1657 1696 1777
f 1661 1707 1744
f 1655 1692 1729
f 1638 1669 1725
f 1639 1699 1731
f 1660 1716 1734
f 1662 1722 1737
f 1654 1711 1745
f 1653 1687 1772
f 1645 1676 1757
f 1656 1695 1778
f 1640 1703 1743
f 1652 1686 1763
f 1643 1674 1747
f 1644 1693 1755
f 1657 1705 1767
f 1661 1712 1770
f 1654 1691 1773
f 1653 1720 1760
f 1645 1714 1758
f 1656 1700 1779
f 1640 1671 1742
f 1637 1736 1727
f 1634 1728 1723
f 1633 1726 1724
f 1635 1732 1730
f 1636 1735 1733
f 1638 1739 1738
f 1655 1776 1774
f 1662 1759 1761
f 1660 1780 1782
f 1639 1740 1741
f 1650 1769 1762
f 1647 1752 1749
f 1642 1748 1750
f 1648 1765 1764
f 1649 1768 1766
f 1652 1775 1771
f 1643 1753 1751
f 1644 1754 1756
f 1657 1777 1781
f 1661 1744 1746
f 1727 1664 1667
f 1723 1663 1664
f 1724 1665 1663
f 1730 1666 1665
f 1733 1667 1666
f 1738 1672 1669
f 1774 1690 1692
f 1761 1719 1722
f 1782 1715 1716
f 1741 1701 1699
f 1762 1679 1682
f 1749 1678 1679
f 1750 1680 1678
f 1764 1681 1680
f 1766 1682 1681
f 1771 1685 1686
f 1751 1677 1674
f 1756 1697 1693
f 1781 1706 1705
f 1746 1708 1712
f 1736 1718 1721
f 1728 1688 1689
f 1726 1668 1670
f 1732 1698 1702
f 1735 1713 1717
f 1739 1689 1691
f 1776 1721 1720
f 1759 1717 1714
f 1780 1702 1700
f 1740 1670 1671
f 1769 1709 1710
f 1752 1684 1683
f 1748 1673 1675
f 1765 1694 1696
f 1768 1704 1707
f 1775 1710 1711
f 1753 1683 1687
f 1754 1675 1676
f 1777 1696 1695
f 1744 1707 1703
f 1729 1692 1688
f 1725 1669 1668
f 1731 1699 1698
f 1734 1716 1713
f 1737 1722 1718
f 1745 1711 1708
f 1772 1687 1685
f 1757 1676 1677
f 1778 1695 1697
f 1743 1703 1706
f 1763 1686 1684
f 1747 1674 1673
f 1755 1693 1694
f 1767 1705 1704
f 1770 1712 1709
f 1773 1691 1690
f 1760 1720 1719
f 1758 1714 1715
f 1779 1700 1701
f 1742 1671 1672
f 1727 1736 1729
f 1723 1728 1725
f 1724 1726 1731
f 1730 1732 1734
f 1733 1735 1737
f 1738 1739 1745
f 1774 1776 1772
f 1761 1759 1757
f 1782 1780 1778
f 1741 1740 1743
f 1762 1769 1763
f 1749 1752 1747
f 1750 1748 1755
f 1764 1765 1767
f 1766 1768 1770
f 1771 1775 1773
f 1751 1753 1760
f 1756 1754 1758
f 1781 1777 1779
f 1746 1744 1742
f 1783 1829 1826
f 1783 1826 1825
f 1783 1825 1827
f 1783 1827 1828
f 1783 1828 1829
f 1784 1831 1834
f 1788 1854 1852
f 1794 1884 1881
f 1793 1878 1877
f 1790 1861 1863
f 1786 1844 1841
f 1786 1841 1840
f 1786 1840 1842
f 1786 1842 1843
f 1786 1843 1844
f 1787 1848 1847
f 1785 1836 1839
f 1789 1855 1859
f 1791 1867 1868
f 1792 1874 1870
f 1794 1883 1880
f 1788 1851 1850
f 1784 1832 1830
f 1790 1864 1860
f 1793 1879 1875
f 1788 1853 1851
f 1794 1882 1883
f 1793 1876 1879
f 1790 1862 1864
f 1784 1833 1832
f 1792 1872 1871
f 1787 1845 1846
f 1785 1837 1835
f 1789 1858 1856
f 1791 1869 1866
f 1792 1873 1872
f 1787 1849 1845
f 1785 1838 1837
f 1789 1857 1858
f 1791 1865 1869
f 1788 1850 1854
f 1784 1830 1831
f 1790 1860 1861
f 1793 1875 1878
f 1794 1880 1884
f 1792 1870 1873
f 1787 1847 1849
f 1785 1839 1838
f 1789 1859 1857
f 1791 1868 1865
f 1787 1846 1848
f 1785 1835 1836
f 1789 1856 1855
f 1791 1866 1867
f 1792 1871 1874
f 1788 1852 1853
f 1794 1881 1882
f 1793 1877 1876
f 1790 1863 1862
f 1784 1834 1833
f 1817 1891 1898
f 1800 1887 1890
f 1801 1893 1888
f 1822 1896 1894
f 1824 1899 1897
f 1816 1907 1901
f 1815 1934 1938
f 1807 1919 1921
f 1818 1940 1942
f 1802 1905 1902
f 1814 1925 1931
f 1805 1909 1914
f 1806 1917 1910
f 1819 1929 1927
f 1823 1932 1930
f 1816 1935 1937
f 1815 1922 1915
f 1807 1920 1916
f 1818 1941 1939
f 1802 1904 1906
f 1799 1889 1829
f 1796 1885 1826
f 1795 1886 1825
f 1797 1892 1827
f 1798 1895 1828
f 1800 1900 1831
f 1817 1936 1854
f 1824 1923 1884
f 1822 1944 1878
f 1801 1903 1861
f 1812 1924 1844
f 1809 1911 1841
f 1804 1912 1840
f 1810 1926 1842
f 1811 1928 1843
f 1814 1933 1848
f 1805 1913 1836
f 1806 1918 1855
f 1819 1943 1867
f 1823 1908 1874
f 1817 1898 1883
f 1800 1890 1851
f 1801 1888 1832
f 1822 1894 1864
f 1824 1897 1879
f 1816 1901 1853
f 1815 1938 1882
f 1807 1921 1876
f 1818 1942 1862
f 1802 1902 1833
f 1814 1931 1872
f 1805 1914 1845
f 1806 1910 1837
f 1819 1927 1858
f 1823 1930 1869
f 1816 1937 1873
f 1815 1915 1849
f 1807 1916 1838
f 1818 1939 1857
f 1802 1906 1865
f 1796 1891 1850
f 1795 1887 1830
f 1797 1893 1860
f 1798 1896 1875
f 1799 1899 1880
f 1803 1907 1870
f 1813 1934 1847
f 1808 1919 1839
f 1820 1940 1859
f 1821 1905 1868
f 1809 1925 1846
f 1804 1909 1835
f 1810 1917 1856
f 1811 1929 1866
f 1812 1932 1871
f 1813 1935 1852
f 1808 1922 1881
f 1820 1920 1877
f 1821 1941 1863
f 1803 1904 1834
f 1796 1889 1891
f 1795 1885 1887
f 1797 1886 1893
f 1798 1892 1896
f 1799 1895 1899
f 1803 1900 1907
f 1813 1936 1934
f 1808 1923 1919
f 1820 1944 1940
f 1821 1903 1905
f 1809 1924 1925
f 1804 1911 1909
f 1810 1912 1917
f 1811 1926 1929
f 1812 1928 1932
f 1813 1933 1935
f 1808 1913 1922
f 1820 1918 1920
f 1821 1943 1941
f 1803 1908 1904
f 1796 1826 1889
f 1795 1825 1885
f 1797 1827 1886
f 1798 1828 1892
f 1799 1829 1895
f 1803 1834 1900
f 1813 1852 1936
f 1808 1881 1923
f 1820 1877 1944
f 1821 1863 1903
f 1809 1841 1924
f 1804 1840 1911
f 1810 1842 1912
f 1811 1843 1926
f 1812 1844 1928
f 1813 1847 1933
f 1808 1839 1913
f 1820 1859 1918
f 1821 1868 1943
f 1803 1870 1908
f 1799 1880 1898
f 1796 1850 1890
f 1795 1830 1888
f 1797 1860 1894
f 1798 1875 1897
f 1800 1851 1901
f 1817 1883 1938
f 1824 1879 1921
f 1822 1864 1942
f 1801 1832 1902
f 1812 1871 1931
f 1809 1846 1914
f 1804 1835 1910
f 1810 1856 1927
f 1811 1866 1930
f 1814 1872 1937
f 1805 1845 1915
f 1806 1837 1916
f 1819 1858 1939
f 1823 1869 1906
f 1817 1854 1891
f 1800 1831 1887
f 1801 1861 1893
f 1822 1878 1896
f 1824 1884 1899
f 1816 1873 1907
f 1815 1849 1934
f 1807 1838 1919
f 1818 1857 1940
f 1802 1865 1905
f 1814 1848 1925
f 1805 1836 1909
f 1806 1855 1917
f 1819 1867 1929
f 1823 1874 1932
f 1816 1853 1935
f 1815 1882 1922
f 1807 1876 1920
f 1818 1862 1941
f 1802 1833 1904
f 1799 1898 1889
f 1796 1890 1885
f 1795 1888 1886
f 1797 1894 1892
f 1798 1897 1895
f 1800 1901 1900
f 1817 1938 1936
f 1824 1921 1923
f 1822 1942 1944
f 1801 1902 1903
f 1812 1931 1924
f 1809 1914 1911
f 1804 1910 1912
f 1810 1927 1926
f 1811 1930 1928
f 1814 1937 1933
f 1805 1915 1913
f 1806 1916 1918
f 1819 1939 1943
f 1823 1906 1908
f 1889 1826 1829
f 1885 1825 1826
f 1886 1827 1825
f 1892 1828 1827
f 1895 1829 1828
f 1900 1834 1831
f 1936 1852 1854
f 1923 1881 1884
f 1944 1877 1878
f 1903 1863 1861
f 1924 1841 1844
f 1911 1840 1841
f 1912 1842 1840
f 1926 1843 1842
f 1928 1844 1843
f 1933 1847 1848
f 1913 1839 1836
f 1918 1859 1855
f 1943 1868 1867
f 1908 1870 1874
f 1898 1880 1883
f 1890 1850 1851
f 1888 1830 1832
f 1894 1860 1864
f 1897 1875 1879
f 1901 1851 1853
f 1938 1883 1882
f 1921 1879 1876
f 1942 1864 1862
f 1902 1832 1833
f 1931 1871 1872
f 1914 1846 1845
f 1910 1835 1837
f 1927 1856 1858
f 1930 1866 1869
f 1937 1872 1873
f 1915 1845 1849
f 1916 1837 1838
f 1939 1858 1857
f 1906 1869 1865
f 1891 1854 1850
f 1887 1831 1830
f 1893 1861 1860
f 1896 1878 1875
f 1899 1884 1880
f 1907 1873 1870
f 1934 1849 1847
f 1919 1838 1839
f 1940 1857 1859
f 1905 1865 1868
f 1925 1848 1846
f 1909 1836 1835
f 1917 1855 1856
f 1929 1867 1866
f 1932 1874 1871
f 1935 1853 1852
f 1922 1882 1881
f 1920 1876 1877
f 1941 1862 1863
f 1904 1833 1834
f 1889 1898 1891
f 1885 1890 1887
f 1886 1888 1893
f 1892 1894 1896
f 1895 1897 1899
f 1900 1901 1907
f 1936 1938 1934
f 1923 1921 1919
f 1944 1942 1940
f 1903 1902 1905
f 1924 1931 1925
f 1911 1914 1909
f 1912 1910 1917
f 1926 1927 1929
f 1928 1930 1932
f 1933 1937 1935
f 1913 1915 1922
f 1918 1916 1920
f 1943 1939 1941
f 1908 1906 1904
f 1945 1991 1988
f 1945 1988 1987
f 1945 1987 1989
f 1945 1989 1990
f 1945 1990 1991
f 1946 1993 1996
f 1950 2016 2014
f 1956 2046 2043
f 1955 2040 2039
f 1952 2023 2025
f 1948 2006 2003
f 1948 2003 2002
f 1948 2002 2004
f 1948 2004 2005
f 1948 2005 2006
f 1949 2010 2009
f 1947 1998 2001
f 1951 2017 2021
f 1953 2029 2030
f 1954 2036 2032
f 1956 2045 2042
f 1950 2013 2012
f 1946 1994 1992
f 1952 2026 2022
f 1955 2041 2037
f 1950 2015 2013
f 1956 2044 2045
f 1955 2038 2041
f 1952 2024 2026
f 1946 1995 1994
f 1954 2034 2033
f 1949 2007 2008
f 1947 1999 1997
f 1951 2020 2018
f 1953 2031 2028
f 1954 2035 2034
f 1949 2011 2007
f 1947 2000 1999
f 1951 2019 2020
f 1953 2027 2031
f 1950 2012 2016
f 1946 1992 1993
f 1952 2022 2023
f 1955 2037 2040
f 1956 2042 2046
f 1954 2032 2035
f 1949 2009 2011
f 1947 2001 2000
f 1951 2021 2019
f 1953 2030 2027
f 1949 2008 2010
f 1947 1997 1998
f 1951 2018 2017
f 1953 2028 2029
f 1954 2033 2036
f 1950 2014 2015
f 1956 2043 2044
f 1955 2039 2038
f 1952 2025 2024
f 1946 1996 1995
f 1979 2053 2060
f 1962 2049 2052
f 1963 2055 2050
f 1984 2058 2056
f 1986 2061 2059
f 1978 2069 2063
f 1977 2096 2100
f 1969 2081 2083
f 1980 2102 2104
f 1964 2067 2064
f 1976 2087 2093
f 1967 2071 2076
f 1968 2079 2072
f 1981 2091 2089
f 1985 2094 2092
f 1978 2097 2099
f 1977 2084 2077
f 1969 2082 2078
f 1980 2103 2101
f 1964 2066 2068
f 1961 2051 1991
f 1958 2047 1988
f 1957 2048 1987
f 1959 2054 1989
f 1960 2057 1990
f 1962 2062 1993
f 1979 2098 2016
f 1986 2085 2046
f 1984 2106 2040
f 1963 2065 2023
f 1974 2086 2006
f 1971 2073 2003
f 1966 2074 2002
f 1972 2088 2004
f 1973 2090 2005
f 1976 2095 2010
f 1967 2075 1998
f 1968 2080 2017
f 1981 2105 2029
f 1985 2070 2036
f 1979 2060 2045
f 1962 2052 2013
f 1963 2050 1994
f 1984 2056 2026
f 1986 2059 2041
f 1978 2063 2015
f 1977 2100 2044
f 1969 2083 2038
f 1980 2104 2024
f 1964 2064 1995
f 1976 2093 2034
f 1967 2076 2007
f 1968 2072 1999
f 1981 2089 2020
f 1985 2092 2031
f 1978 2099 2035
f 1977 2077 2011
f 1969 2078 2000
f 1980 2101 2019
f 1964 2068 2027
f 1958 2053 2012
f 1957 2049 1992
f 1959 2055 2022
f 1960 2058 2037
f 1961 2061 2042
f 1965 2069 2032
f 1975 2096 2009
f 1970 2081 2001
f 1982 2102 2021
f 1983 2067 2030
f 1971 2087 2008
f 1966 2071 1997
f 1972 2079 2018
f 1973 2091 2028
f 1974 2094 2033
f 1975 2097 2014
f 1970 2084 2043
f 1982 2082 2039
f 1983 2103 2025
f 1965 2066 1996
f 1958 2051 2053
f 1957 2047 2049
f 1959 2048 2055
f 1960 2054 2058
f 1961 2057 2061
f 1965 2062 2069
f 1975 2098 2096
f 1970 2085 2081
f 1982 2106 2102
f 1983 2065 2067
f 1971 2086 2087
f 1966 2073 2071
f 1972 2074 2079
f 1973 2088 2091
f 1974 2090 2094
f 1975 2095 2097
f 1970 2075 2084
f 1982 2080 2082
f 1983 2105 2103
f 1965 2070 2066
f 1958 1988 2051
f 1957 1987 2047
f 1959 1989 2048
f 1960 1990 2054
f 1961 1991 2057
f 1965 1996 2062
f 1975 2014 2098
f 1970 2043 2085
f 1982 2039 2106
f 1983 2025 2065
f 1971 2003 2086
f 1966 2002 2073
f 1972 2004 2074
f 1973 2005 2088
f 1974 2006 2090
f 1975 2009 2095
f 1970 2001 2075
f 1982 2021 2080
f 1983 2030 2105
f 1965 2032 2070
f 1961 2042 2060
f 1958 2012 2052
f 1957 1992 2050
f 1959 2022 2056
f 1960 2037 2059
f 1962 2013 2063
f 1979 2045 2100
f 1986 2041 2083
f 1984 2026 2104
f 1963 1994 2064
f 1974 2033 2093
f 1971 2008 2076
f 1966 1997 2072
f 1972 2018 2089
f 1973 2028 2092
f 1976 2034 2099
f 1967 2007 2077
f 1968 1999 2078
f 1981 2020 2101
f 1985 2031 2068
f 1979 2016 2053
f 1962 1993 2049
f 1963 2023 2055
f 1984 2040 2058
f 1986 2046 2061
f 1978 2035 2069
f 1977 2011 2096
f 1969 2000 2081
f 1980 2019 2102
f 1964 2027 2067
f 1976 2010 2087
f 1967 1998 2071
f 1968 2017 2079
f 1981 2029 2091
f 1985 2036 2094
f 1978 2015 2097
f 1977 2044 2084
f 1969 2038 2082
f 1980 2024 2103
f 1964 1995 2066
f 1961 2060 2051
f 1958 2052 2047
f 1957 2050 2048
f 1959 2056 2054
f 1960 2059 2057
f 1962 2063 2062
f 1979 2100 2098
f 1986 2083 2085
f 1984 2104 2106
f 1963 2064 2065
f 1974 2093 2086
f 1971 2076 2073
f 1966 2072 2074
f 1972 2089 2088
f 1973 2092 2090
f 1976 2099 2095
f 1967 2077 2075
f 1968 2078 2080
f 1981 2101 2105
f 1985 2068 2070
f 2051 1988 1991
f 2047 1987 1988
f 2048 1989 1987
f 2054 1990 1989
f 2057 1991 1990
f 2062 1996 1993
f 2098 2014 2016
f 2085 2043 2046
f 2106 2039 2040
f 2065 2025 2023
f 2086 2003 2006
f 2073 2002 2003
f 2074 2004 2002
f 2088 2005 2004
f 2090 2006 2005
f 2095 2009 2010
f 2075 2001 1998
f 2080 2021 2017
f 2105 2030 2029
f 2070 2032 2036
f 2060 2042 2045
f 2052 2012 2013
f 2050 1992 1994
f 2056 2022 2026
f 2059 2037 2041
f 2063 2013 2015
f 2100 2045 2044
f 2083 2041 2038
f 2104 2026 2024
f 2064 1994 1995
f 2093 2033 2034
f 2076 2008 2007
f 2072 1997 1999
f 2089 2018 2020
f 2092 2028 2031
f 2099 2034 2035
f 2077 2007 2011
f 2078 1999 2000
f 2101 2020 2019
f 2068 2031 2027
f 2053 2016 2012
f 2049 1993 1992
f 2055 2023 2022
f 2058 2040 2037
f 2061 2046 2042
f 2069 2035 2032
f 2096 2011 2009
f 2081 2000 2001
f 2102 2019 2021
f 2067 2027 2030
f 2087 2010 2008
f 2071 1998 1997
f 2079 2017 2018
f 2091 2029 2028
f 2094 2036 2033
f 2097 2015 2014
f 2084 2044 2043
f 2082 2038 2039
f 2103 2024 2025
f 2066 1995 1996
f 2051 2060 2053
f 2047 2052 2049
f 2048 2050 2055
f 2054 2056 2058
f 2057 2059 2061
f 2062 2063 2069
f 2098 2100 2096
f 2085 2083 2081
f 2106 2104 2102
f 2065 2064 2067
f 2086 2093 2087
f 2073 2076 2071
f 2074 2072 2079
f 2088 2089 2091
f 2090 2092 2094
f 2095 2099 2097
f 2075 2077 2084
f 2080 2078 2082
f 2105 2101 2103
f 2070 2068 2066
f 2107 2153 2150
f 2107 2150 2149
f 2107 2149 2151
f 2107 2151 2152
f 2107 2152 2153
f 2108 2155 2158
f 2112 2178 2176
f 2118 2208 2205
f 2117 2202 2201
f 2114 2185 2187
f 2110 2168 2165
f 2110 2165 2164
f 2110 2164 2166
f 2110 2166 2167
f 2110 2167 2168
f 2111 2172 2171
f 2109 2160 2163
f 2113 2179 2183
f 2115 2191 2192
f 2116 2198 2194
f 2118 2207 2204
f 2112 2175 2174
f 2108 2156 2154
f 2114 2188 2184
f 2117 2203 2199
f 2112 2177 2175
f 2118 2206 2207
f 2117 2200 2203
f 2114 2186 2188
f 2108 2157 2156
f 2116 2196 2195
f 2111 2169 2170
f 2109 2161 2159
f 2113 2182 2180
f 2115 2193 2190
f 2116 2197 2196
f 2111 2173 2169
f 2109 2162 2161
f 2113 2181 2182
f 2115 2189 2193
f 2112 2174 2178
f 2108 2154 2155
f 2114 2184 2185
f 2117 2199 2202
f 2118 2204 2208
f 2116 2194 2197
f 2111 2171 2173
f 2109 2163 2162
f 2113 2183 2181
f 2115 2192 2189
f 2111 2170 2172
f 2109 2159 2160
f 2113 2180 2179
f 2115 2190 2191
f 2116 2195 2198
f 2112 2176 2177
f 2118 2205 2206
f 2117 2201 2200
f 2114 2187 2186
f 2108 2158 2157
f 2141 2215 2222
f 2124 2211 2214
f 2125 2217 2212
f 2146 2220 2218
f 2148 2223 2221
f 2140 2231 2225
f 2139 2258 2262
f 2131 2243 2245
f 2142 2264 2266
f 2126 2229 2226
f 2138 2249 2255
f 2129 2233 2238
f 2130 2241 2234
f 2143 2253 2251
f 2147 2256 2254
f 2140 2259 2261
f 2139 2246 2239
f 2131 2244 2240
f 2142 2265 2263
f 2126 2228 2230
f 2123 2213 2153
f 2120 2209 2150
f 2119 2210 2149
f 2121 2216 2151
f 2122 2219 2152
f 2124 2224 2155
f 2141 2260 2178
f 2148 2247 2208
f 2146 2268 2202
f 2125 2227 2185
f 2136 2248 2168
f 2133 2235 2165
f 2128 2236 2164
f 2134 2250 2166
f 2135 2252 2167
f 2138 2257 2172
f 2129 2237 2160
f 2130 2242 2179
f 2143 2267 2191
f 2147 2232 2198
f 2141 2222 2207
f 2124 2214 2175
f 2125 2212 2156
f 2146 2218 2188
f 2148 2221 2203
f 2140 2225 2177
f 2139 2262 2206
f 2131 2245 2200
f 2142 2266 2186
f 2126 2226 2157
f 2138 2255 2196
f 2129 2238 2169
f 2130 2234 2161
f 2143 2251 2182
f 2147 2254 2193
f 2140 2261 2197
f 2139 2239 2173
f 2131 2240 2162
f 2142 2263 2181
f 2126 2230 2189
f 2120 2215 2174
f 2119 2211 2154
f 2121 2217 2184
f 2122 2220 2199
f 2123 2223 2204
f 2127 2231 2194
f 2137 2258 2171
f 2132 2243 2163
f 2144 2264 2183
f 2145 2229 2192
f 2133 2249 2170
f 2128 2233 2159
f 2134 2241 2180
f 2135 2253 2190
f 2136 2256 2195
f 2137 2259 2176
f 2132 2246 2205
f 2144 2244 2201
f 2145 2265 2187
f 2127 2228 2158
f 2120 2213 2215
f 2119 2209 2211
f 2121 2210 2217
f 2122 2216 2220
f 2123 2219 2223
f 2127 2224 2231
f 2137 2260 2258
f 2132 2247 2243
f 2144 2268 2264
f 2145 2227 2229
f 2133 2248 2249
f 2128 2235 2233
f 2134 2236 2241
f 2135 2250 2253
f 2136 2252 2256
f 2137 2257 2259
f 2132 2237 2246
f 2144 2242 2244
f 2145 2267 2265
f 2127 2232 2228
f 2120 2150 2213
f 2119 2149 2209
f 2121 2151 2210
f 2122 2152 2216
f 2123 2153 2219
f 2127 2158 2224
f 2137 2176 2260
f 2132 2205 2247
f 2144 2201 2268
f 2145 2187 2227
f 2133 2165 2248
f 2128 2164 2235
f 2134 2166 2236
f 2135 2167 2250
f 2136 2168 2252
f 2137 2171 2257
f 2132 2163 2237
f 2144 2183 2242
f 2145 2192 2267
f 2127 2194 2232
f 2123 2204 2222
f 2120 2174 2214
f 2119 2154 2212
f 2121 2184 2218
f 2122 2199 2221
f 2124 2175 2225
f 2141 2207 2262
f 2148 2203 2245
f 2146 2188 2266
f 2125 2156 2226
f 2136 2195 2255
f 2133 2170 2238
f 2128 2159 2234
f 2134 2180 2251
f 2135 2190 2254
f 2138 2196 2261
f 2129 2169 2239
f 2130 2161 2240
f 2143 2182 2263
f 2147 2193 2230
f 2141 2178 2215
f 2124 2155 2211
f 2125 2185 2217
f 2146 2202 2220
f 2148 2208 2223
f 2140 2197 2231
f 2139 2173 2258
f 2131 2162 2243
f 2142 2181 2264
f 2126 2189 2229
f 2138 2172 2249
f 2129 2160 2233
f 2130 2179 2241
f 2143 2191 2253
f 2147 2198 2256
f 2140 2177 2259
f 2139 2206 2246
f 2131 2200 2244
f 2142 2186 2265
f 2126 2157 2228
f 2123 2222 2213
f 2120 2214 2209
f 2119 2212 2210
f 2121 2218 2216
f 2122 2221 2219
f 2124 2225 2224
f 2141 2262 2260
f 2148 2245 2247
f 2146 2266 2268
f 2125 2226 2227
f 2136 2255 2248
f 2133 2238 2235
f 2128 2234 2236
f 2134 2251 2250
f 2135 2254 2252
f 2138 2261 2257
f 2129 2239 2237
f 2130 2240 2242
f 2143 2263 2267
f 2147 2230 2232
f 2213 2150 2153
f 2209 2149 2150
f 2210 2151 2149
f 2216 2152 2151
f 2219 2153 2152
f 2224 2158 2155
f 2260 2176 2178
f 2247 2205 2208
f 2268 2201 2202
f 2227 2187 2185
f 2248 2165 2168
f 2235 2164 2165
f 2236 2166 2164
f 2250 2167 2166
f 2252 2168 2167
f 2257 2171 2172
f 2237 2163 2160
f 2242 2183 2179
f 2267 2192 2191
f 2232 2194 2198
f 2222 2204 2207
f 2214 2174 2175
f 2212 2154 2156
f 2218 2184 2188
f 2221 2199 2203
f 2225 2175 2177
f 2262 2207 2206
f 2245 2203 2200
f 2266 2188 2186
f 2226 2156 2157
f 2255 2195 2196
f 2238 2170 2169
f 2234 2159 2161
f 2251 2180 2182
f 2254 2190 2193
f 2261 2196 2197
f 2239 2169 2173
f 2240 2161 2162
f 2263 2182 2181
f 2230 2193 2189
f 2215 2178 2174
f 2211 2155 2154
f 2217 2185 2184
f 2220 2202 2199
f 2223 2208 2204
f 2231 2197 2194
f 2258 2173 2171
f 2243 2162 2163
f 2264 2181 2183
f 2229 2189 2192
f 2249 2172 2170
f 2233 2160 2159
f 2241 2179 2180
f 2253 2191 2190
f 2256 2198 2195
f 2259 2177 2176
f 2246 2206 2205
f 2244 2200 2201
f 2265 2186 2187
f 2228 2157 2158
f 2213 2222 2215
f 2209 2214 2211
f 2210 2212 2217
f 2216 2218 2220
f 2219 2221 2223
f 2224 2225 2231
f 2260 2262 2258
f 2247 2245 2243
f 2268 2266 2264
f 2227 2226 2229
f 2248 2255 2249
f 2235 2238 2233
f 2236 2234 2241
f 2250 2251 2253
f 2252 2254 2256
f 2257 2261 2259
f 2237 2239 2246
f 2242 2240 2244
f 2267 2263 2265
f 2232 2230 2228
f 2269 2315 2312
f 2269 2312 2311
f 2269 2311 2313
f 2269 2313 2314
f 2269 2314 2315
f 2270 2317 2320
f 2274 2340 2338
f 2280 2370 2367
f 2279 2364 2363
f 2276 2347 2349
f 2272 2330 2327
f 2272 2327 2326
f 2272 2326 2328
f 2272 2328 2329
f 2272 2329 2330
f 2273 2334 2333
f 2271 2322 2325
f 2275 2341 2345
f 2277 2353 2354
f 2278 2360 2356
f 2280 2369 2366
f 2274 2337 2336
f 2270 2318 2316
f 2276 2350 2346
f 2279 2365 2361
f 2274 2339 2337
f 2280 2368 2369
f 2279 2362 2365
f 2276 2348 2350
f 2270 2319 2318
f 2278 2358 2357
f 2273 2331 2332
f 2271 2323 2321
f 2275 2344 2342
f 2277 2355 2352
f 2278 2359 2358
f 2273 2335 2331
f 2271 2324 2323
f 2275 2343 2344
f 2277 2351 2355
f 2274 2336 2340
f 2270 2316 2317
f 2276 2346 2347
f 2279 2361 2364
f 2280 2366 2370
f 2278 2356 2359
f 2273 2333 2335
f 2271 2325 2324
f 2275 2345 2343
f 2277 2354 2351
f 2273 2332 2334
f 2271 2321 2322
f 2275 2342 2341
f 2277 2352 2353
f 2278 2357 2360
f 2274 2338 2339
f 2280 2367 2368
f 2279 2363 2362
f 2276 2349 2348
f 2270 2320 2319
f 2303 2377 2384
f 2286 2373 2376
f 2287 2379 2374
f 2308 2382 2380
f 2310 2385 2383
f 2302 2393 2387
f 2301 2420 2424
f 2293 2405 2407
f 2304 2426 2428
f 2288 2391 2388
f 2300 2411 2417
f 2291 2395 2400
f 2292 2403 2396
f 2305 2415 2413
f 2309 2418 2416
f 2302 2421 2423
f 2301 2408 2401
f 2293 2406 2402
f 2304 2427 2425
f 2288 2390 2392
f 2285 2375 2315
f 2282 2371 2312
f 2281 2372 2311
f 2283 2378 2313
f 2284 2381 2314
f 2286 2386 2317
f 2303 2422 2340
f 2310 2409 2370
f 2308 2430 2364
f 2287 2389 2347
f 2298 2410 2330
f 2295 2397 2327
f 2290 2398 2326
f 2296 2412 2328
f 2297 2414 2329
f 2300 2419 2334
f 2291 2399 2322
f 2292 2404 2341
f 2305 2429 2353
f 2309 2394 2360
f 2303 2384 2369
f 2286 2376 2337
f 2287 2374 2318
f 2308 2380 2350
f 2310 2383 2365
f 2302 2387 2339
f 2301 2424 2368
f 2293 2407 2362
f 2304 2428 2348
f 2288 2388 2319
f 2300 2417 2358
f 2291 2400 2331
f 2292 2396 2323
f 2305 2413 2344
f 2309 2416 2355
f 2302 2423 2359
f 2301 2401 2335
f 2293 2402 2324
f 2304 2425 2343
f 2288 2392 2351
f 2282 2377 2336
f 2281 2373 2316
f 2283 2379 2346
f 2284 2382 2361
f 2285 2385 2366
f 2289 2393 2356
f 2299 2420 2333
f 2294 2405 2325
f 2306 2426 2345
f 2307 2391 2354
f 2295 2411 2332
f 2290 2395 2321
f 2296 2403 2342
f 2297 2415 2352
f 2298 2418 2357
f 2299 2421 2338
f 2294 2408 2367
f 2306 2406 2363
f 2307 2427 2349
f 2289 2390 2320
f 2282 2375 2377
f 2281 2371 2373
f 2283 2372 2379
f 2284 2378 2382
f 2285 2381 2385
f 2289 2386 2393
f 2299 2422 2420
f 2294 2409 2405
f 2306 2430 2426
f 2307 2389 2391
f 2295 2410 2411
f 2290 2397 2395
f 2296 2398 2403
f 2297 2412 2415
f 2298 2414 2418
f 2299 2419 2421
f 2294 2399 2408
f 2306 2404 2406
f 2307 2429 2427
f 2289 2394 2390
f 2282 2312 2375
f 2281 2311 2371
f 2283 2313 2372
f 2284 2314 2378
f 2285 2315 2381
f 2289 2320 2386
f 2299 2338 2422
f 2294 2367 2409
f 2306 2363 2430
f 2307 2349 2389
f 2295 2327 2410
f 2290 2326 2397
f 2296 2328 2398
f 2297 2329 2412
f 2298 2330 2414
f 2299 2333 2419
f 2294 2325 2399
f 2306 2345 2404
f 2307 2354 2429
f 2289 2356 2394
f 2285 2366 2384
f 2282 2336 2376
f 2281 2316 2374
f 2283 2346 2380
f 2284 2361 2383
f 2286 2337 2387
f 2303 2369 2424
f 2310 2365 2407
f 2308 2350 2428
f 2287 2318 2388
f 2298 2357 2417
f 2295 2332 2400
f 2290 2321 2396
f 2296 2342 2413
f 2297 2352 2416
f 2300 2358 2423
f 2291 2331 2401
f 2292 2323 2402
f 2305 2344 2425
f 2309 2355 2392
f 2303 2340 2377
f 2286 2317 2373
f 2287 2347 2379
f 2308 2364 2382
f 2310 2370 2385
f 2302 2359 2393
f 2301 2335 2420
f 2293 2324 2405
f 2304 2343 2426
f 2288 2351 2391
f 2300 2334 2411
f 2291 2322 2395
f 2292 2341 2403
f 2305 2353 2415
f 2309 2360 2418
f 2302 2339 2421
f 2301 2368 2408
f 2293 2362 2406
f 2304 2348 2427
f 2288 2319 2390
f 2285 2384 2375
f 2282 2376 2371
f 2281 2374 2372
f 2283 2380 2378
f 2284 2383 2381
f 2286 2387 2386
f 2303 2424 2422
f 2310 2407 2409
f 2308 2428 2430
f 2287 2388 2389
f 2298 2417 2410
f 2295 2400 2397
f 2290 2396 2398
f 2296 2413 2412
f 2297 2416 2414
f 2300 2423 2419
f 2291 2401 2399
f 2292 2402 2404
f 2305 2425 2429
f 2309 2392 2394
f 2375 2312 2315
f 2371 2311 2312
f 2372 2313 2311
f 2378 2314 2313
f 2381 2315 2314
f 2386 2320 2317
f 2422 2338 2340
f 2409 2367 2370
f 2430 2363 2364
f 2389 2349 2347
f 2410 2327 2330
f 2397 2326 2327
f 2398 2328 2326
f 2412 2329 2328
f 2414 2330 2329
f 2419 2333 2334
f 2399 2325 2322
f 2404 2345 2341
f 2429 2354 2353
f 2394 2356 2360
f 2384 2366 2369
f 2376 2336 2337
f 2374 2316 2318
f 2380 2346 2350
f 2383 2361 2365
f 2387 2337 2339
f 2424 2369 2368
f 2407 2365 2362
f 2428 2350 2348
f 2388 2318 2319
f 2417 2357 2358
f 2400 2332 2331
f 2396 2321 2323
f 2413 2342 2344
f 2416 2352 2355
f 2423 2358 2359
f 2401 2331 2335
f 2402 2323 2324
f 2425 2344 2343
f 2392 2355 2351
f 2377 2340 2336
f 2373 2317 2316
f 2379 2347 2346
f 2382 2364 2361
f 2385 2370 2366
f 2393 2359 2356
f 2420 2335 2333
f 2405 2324 2325
f 2426 2343 2345
f 2391 2351 2354
f 2411 2334 2332
f 2395 2322 2321
f 2403 2341 2342
f 2415 2353 2352
f 2418 2360 2357
f 2421 2339 2338
f 2408 2368 2367
f 2406 2362 2363
f 2427 2348 2349
f 2390 2319 2320
f 2375 2384 2377
f 2371 2376 2373
f 2372 2374 2379
f 2378 2380 2382
f 2381 2383 2385
f 2386 2387 2393
f 2422 2424 2420
f 2409 2407 2405
f 2430 2428 2426
f 2389 2388 2391
f 2410 2417 2411
f 2397 2400 2395
f 2398 2396 2403
f 2412 2413 2415
f 2414 2416 2418
f 2419 2423 2421
f 2399 2401 2408
f 2404 2402 2406
f 2429 2425 2427
f 2394 2392 2390
f 2431 2477 2474
f 2431 2474 2473
f 2431 2473 2475
f 2431 2475 2476
f 2431 2476 2477
f 2432 2479 2482
f 2436 2502 2500
f 2442 2532 2529
f 2441 2526 2525
f 2438 2509 2511
f 2434 2492 2489
f 2434 2489 2488
f 2434 2488 2490
f 2434 2490 2491
f 2434 2491 2492
f 2435 2496 2495
f 2433 2484 2487
f 2437 2503 2507
f 2439 2515 2516
f 2440 2522 2518
f 2442 2531 2528
f 2436 2499 2498
f 2432 2480 2478
f 2438 2512 2508
f 2441 2527 2523
f 2436 2501 2499
f 2442 2530 2531
f 2441 2524 2527
f 2438 2510 2512
f 2432 2481 2480
f 2440 2520 2519
f 2435 2493 2494
f 2433 2485 2483
f 2437 2506 2504
f 2439 2517 2514
f 2440 2521 2520
f 2435 2497 2493
f 2433 2486 2485
f 2437 2505 2506
f 2439 2513 2517
f 2436 2498 2502
f 2432 2478 2479
f 2438 2508 2509
f 2441 2523 2526
f 2442 2528 2532
f 2440 2518 2521
f 2435 2495 2497
f 2433 2487 2486
f 2437 2507 2505
f 2439 2516 2513
f 2435 2494 2496
f 2433 2483 2484
f 2437 2504 2503
f 2439 2514 2515
f 2440 2519 2522
f 2436 2500 2501
f 2442 2529 2530
f 2441 2525 2524
f 2438 2511 2510
f 2432 2482 2481
f 2465 2539 2546
f 2448 2535 2538
f 2449 2541 2536
f 2470 2544 2542
f 2472 2547 2545
f 2464 2555 2549
f 2463 2582 2586
f 2455 2567 2569
f 2466 2588 2590
f 2450 2553 2550
f 2462 2573 2579
f 2453 2557 2562
f 2454 2565 2558
f 2467 2577 2575
f 2471 2580 2578
f 2464 2583 2585
f 2463 2570 2563
f 2455 2568 2564
f 2466 2589 2587
f 2450 2552 2554
f 2447 2537 2477
f 2444 2533 2474
f 2443 2534 2473
f 2445 2540 2475
f 2446 2543 2476
f 2448 2548 2479
f 2465 2584 2502
f 2472 2571 2532
f 2470 2592 2526
f 2449 2551 2509
f 2460 2572 2492
f 2457 2559 2489
f 2452 2560 2488
f 2458 2574 2490
f 2459 2576 2491
f 2462 2581 2496
f 2453 2561 2484
f 2454 2566 2503
f 2467 2591 2515
f 2471 2556 2522
f 2465 2546 2531
f 2448 2538 2499
f 2449 2536 2480
f 2470 2542 2512
f 2472 2545 2527
f 2464 2549 2501
f 2463 2586 2530
f 2455 2569 2524
f 2466 2590 2510
f 2450 2550 2481
f 2462 2579 2520
f 2453 2562 2493
f 2454 2558 2485
f 2467 2575 2506
f 2471 2578 2517
f 2464 2585 2521
f 2463 2563 2497
f 2455 2564 2486
f 2466 2587 2505
f 2450 2554 2513
f 2444 2539 2498
f 2443 2535 2478
f 2445 2541 2508
f 2446 2544 2523
f 2447 2547 2528
f 2451 2555 2518
f 2461 2582 2495
f 2456 2567 2487
f 2468 2588 2507
f 2469 2553 2516
f 2457 2573 2494
f 2452 2557 2483
f 2458 2565 2504
f 2459 2577 2514
f 2460 2580 2519
f 2461 2583 2500
f 2456 2570 2529
f 2468 2568 2525
f 2469 2589 2511
f 2451 2552 2482
f 2444 2537 2539
f 2443 2533 2535
f 2445 2534 2541
f 2446 2540 2544
f 2447 2543 2547
f 2451 2548 2555
f 2461 2584 2582
f 2456 2571 2567
f 2468 2592 2588
f 2469 2551 2553
f 2457 2572 2573
f 2452 2559 2557
f 2458 2560 2565
f 2459 2574 2577
f 2460 2576 2580
f 2461 2581 2583
f 2456 2561 2570
f 2468 2566 2568
f 2469 2591 2589
f 2451 2556 2552
f 2444 2474 2537
f 2443 2473 2533
f 2445 2475 2534
f 2446 2476 2540
f 2447 2477 2543
f 2451 2482 2548
f 2461 2500 2584
f 2456 2529 2571
f 2468 2525 2592
f 2469 2511 2551
f 2457 2489 2572
f 2452 2488 2559
f 2458 2490 2560
f 2459 2491 2574
f 2460 2492 2576
f 2461 2495 2581
f 2456 2487 2561
f 2468 2507 2566
f 2469 2516 2591
f 2451 2518 2556
f 2447 2528 2546
f 2444 2498 2538
f 2443 2478 2536
f 2445 2508 2542
f 2446 2523 2545
f 2448 2499 2549
f 2465 2531 2586
f 2472 2527 2569
f 2470 2512 2590
f 2449 2480 2550
f 2460 2519 2579
f 2457 2494 2562
f 2452 2483 2558
f 2458 2504 2575
f 2459 2514 2578
f 2462 2520 2585
f 2453 2493 2563
f 2454 2485 2564
f 2467 2506 2587
f 2471 2517 2554
f 2465 2502 2539
f 2448 2479 2535
f 2449 2509 2541
f 2470 2526 2544
f 2472 2532 2547
f 2464 2521 2555
f 2463 2497 2582
f 2455 2486 2567
f 2466 2505 2588
f 2450 2513 2553
f 2462 2496 2573
f 2453 2484 2557
f 2454 2503 2565
f 2467 2515 2577
f 2471 2522 2580
f 2464 2501 2583
f 2463 2530 2570
f 2455 2524 2568
f 2466 2510 2589
f 2450 2481 2552
f 2447 2546 2537
f 2444 2538 2533
f 2443 2536 2534
f 2445 2542 2540
f 2446 2545 2543
f 2448 2549 2548
f 2465 2586 2584
f 2472 2569 2571
f 2470 2590 2592
f 2449 2550 2551
f 2460 2579 2572
f 2457 2562 2559
f 2452 2558 2560
f 2458 2575 2574
f 2459 2578 2576
f 2462 2585 2581
f 2453 2563 2561
f 2454 2564 2566
f 2467 2587 2591
f 2471 2554 2556
f 2537 2474 2477
f 2533 2473 2474
f 2534 2475 2473
f 2540 2476 2475
f 2543 2477 2476
f 2548 2482 2479
f 2584 2500 2502
f 2571 2529 2532
f 2592 2525 2526
f 2551 2511 2509
f 2572 2489 2492
f 2559 2488 2489
f 2560 2490 2488
f 2574 2491 2490
f 2576 2492 2491
f 2581 2495 2496
f 2561 2487 2484
f 2566 2507 2503
f 2591 2516 2515
f 2556 2518 2522
f 2546 2528 2531
f 2538 2498 2499
f 2536 2478 2480
f 2542 2508 2512
f 2545 2523 2527
f 2549 2499 2501
f 2586 2531 2530
f 2569 2527 2524
f 2590 2512 2510
f 2550 2480 2481
f 2579 2519 2520
f 2562 2494 2493
f 2558 2483 2485
f 2575 2504 2506
f 2578 2514 2517
f 2585 2520 2521
f 2563 2493 2497
f 2564 2485 2486
f 2587 2506 2505
f 2554 2517 2513
f 2539 2502 2498
f 2535 2479 2478
f 2541 2509 2508
f 2544 2526 2523
f 2547 2532 2528
f 2555 2521 2518
f 2582 2497 2495
f 2567 2486 2487
f 2588 2505 2507
f 2553 2513 2516
f 2573 2496 2494
f 2557 2484 2483
f 2565 2503 2504
f 2577 2515 2514
f 2580 2522 2519
f 2583 2501 2500
f 2570 2530 2529
f 2568 2524 2525
f 2589 2510 2511
f 2552 2481 2482
f 2537 2546 2539
f 2533 2538 2535
f 2534 2536 2541
f 2540 2542 2544
f 2543 2545 2547
f 2548 2549 2555
f 2584 2586 2582
f 2571 2569 2567
f 2592 2590 2588
f 2551 2550 2553
f 2572 2579 2573
f 2559 2562 2557
f 2560 2558 2565
f 2574 2575 2577
f 2576 2578 2580
f 2581 2585 2583
f 2561 2563 2570
f 2566 2564 2568
f 2591 2587 2589
f 2556 2554 2552
f 2593 2639 2636
f 2593 2636 2635
f 2593 2635 2637
f 2593 2637 2638
f 2593 2638 2639
f 2594 2641 2644
f 2598 2664 2662
f 2604 2694 2691
f 2603 2688 2687
f 2600 2671 2673
f 2596 2654 2651
f 2596 2651 2650
f 2596 2650 2652
f 2596 2652 2653
f 2596 2653 2654
f 2597 2658 2657
f 2595 2646 2649
f 2599 2665 2669
f 2601 2677 2678
f 2602 2684 2680
f 2604 2693 2690
f 2598 2661 2660
f 2594 2642 2640
f 2600 2674 2670
f 2603 2689 2685
f 2598 2663 2661
f 2604 2692 2693
f 2603 2686 2689
f 2600 2672 2674
f 2594 2643 2642
f 2602 2682 2681
f 2597 2655 2656
f 2595 2647 2645
f 2599 2668 2666
f 2601 2679 2676
f 2602 2683 2682
f 2597 2659 2655
f 2595 2648 2647
f 2599 2667 2668
f 2601 2675 2679
f 2598 2660 2664
f 2594 2640 2641
f 2600 2670 2671
f 2603 2685 2688
f 2604 2690 2694
f 2602 2680 2683
f 2597 2657 2659
f 2595 2649 2648
f 2599 2669 2667
f 2601 2678 2675
f 2597 2656 2658
f 2595 2645 2646
f 2599 2666 2665
f 2601 2676 2677
f 2602 2681 2684
f 2598 2662 2663
f 2604 2691 2692
f 2603 2687 2686
f 2600 2673 2672
f 2594 2644 2643
f 2627 2701 2708
f 2610 2697 2700
f 2611 2703 2698
f 2632 2706 2704
f 2634 2709 2707
f 2626 2717 2711
f 2625 2744 2748
f 2617 2729 2731
f 2628 2750 2752
f 2612 2715 2712
f 2624 2735 2741
f 2615 2719 2724
f 2616 2727 2720
f 2629 2739 2737
f 2633 2742 2740
f 2626 2745 2747
f 2625 2732 2725
f 2617 2730 2726
f 2628 2751 2749
f 2612 2714 2716
f 2609 2699 2639
f 2606 2695 2636
f 2605 2696 2635
f 2607 2702 2637
f 2608 2705 2638
f 2610 2710 2641
f 2627 2746 2664
f 2634 2733 2694
f 2632 2754 2688
f 2611 2713 2671
f 2622 2734 2654
f 2619 2721 2651
f 2614 2722 2650
f 2620 2736 2652
f 2621 2738 2653
f 2624 2743 2658
f 2615 2723 2646
f 2616 2728 2665
f 2629 2753 2677
f 2633 2718 2684
f 2627 2708 2693
f 2610 2700 2661
f 2611 2698 2642
f 2632 2704 2674
f 2634 2707 2689
f 2626 2711 2663
f 2625 2748 2692
f 2617 2731 2686
f 2628 2752 2672
f 2612 2712 2643
f 2624 2741 2682
f 2615 2724 2655
f 2616 2720 2647
f 2629 2737 2668
f 2633 2740 2679
f 2626 2747 2683
f 2625 2725 2659
f 2617 2726 2648
f 2628 2749 2667
f 2612 2716 2675
f 2606 2701 2660
f 2605 2697 2640
f 2607 2703 2670
f 2608 2706 2685
f 2609 2709 2690
f 2613 2717 2680
f 2623 2744 2657
f 2618 2729 2649
f 2630 2750 2669
f 2631 2715 2678
f 2619 2735 2656
f 2614 2719 2645
f 2620 2727 2666
f 2621 2739 2676
f 2622 2742 2681
f 2623 2745 2662
f 2618 2732 2691
f 2630 2730 2687
f 2631 2751 2673
f 2613 2714 2644
f 2606 2699 2701
f 2605 2695 2697
f 2607 2696 2703
f 2608 2702 2706
f 2609 2705 2709
f 2613 2710 2717
f 2623 2746 2744
f 2618 2733 2729
f 2630 2754 2750
f 2631 2713 2715
f 2619 2734 2735
f 2614 2721 2719
f 2620 2722 2727
f 2621 2736 2739
f 2622 2738 2742
f 2623 2743 2745
f 2618 2723 2732
f 2630 2728 2730
f 2631 2753 2751
f 2613 2718 2714
f 2606 2636 2699
f 2605 2635 2695
f 2607 2637 2696
f 2608 2638 2702
f 2609 2639 2705
f 2613 2644 2710
f 2623 2662 2746
f 2618 2691 2733
f 2630 2687 2754
f 2631 2673 2713
f 2619 2651 2734
f 2614 2650 2721
f 2620 2652 2722
f 2621 2653 2736
f 2622 2654 2738
f 2623 2657 2743
f 2618 2649 2723
f 2630 2669 2728
f 2631 2678 2753
f 2613 2680 2718
f 2609 2690 2708
f 2606 2660 2700
f 2605 2640 2698
f 2607 2670 2704
f 2608 2685 2707
f 2610 2661 2711
f 2627 2693 2748
f 2634 2689 2731
f 2632 2674 2752
f 2611 2642 2712
f 2622 2681 2741
f 2619 2656 2724
f 2614 2645 2720
f 2620 2666 2737
f 2621 2676 2740
f 2624 2682 2747
f 2615 2655 2725
f 2616 2647 2726
f 2629 2668 2749
f 2633 2679 2716
f 2627 2664 2701
f 2610 2641 2697
f 2611 2671 2703
f 2632 2688 2706
f 2634 2694 2709
f 2626 2683 2717
f 2625 2659 2744
f 2617 2648 2729
f 2628 2667 2750
f 2612 2675 2715
f 2624 2658 2735
f 2615 2646 2719
f 2616 2665 2727
f 2629 2677 2739
f 2633 2684 2742
f 2626 2663 2745
f 2625 2692 2732
f 2617 2686 2730
f 2628 2672 2751
f 2612 2643 2714
f 2609 2708 2699
f 2606 2700 2695
f 2605 2698 2696
f 2607 2704 2702
f 2608 2707 2705
f 2610 2711 2710
f 2627 2748 2746
f 2634 2731 2733
f 2632 2752 2754
f 2611 2712 2713
f 2622 2741 2734
f 2619 2724 2721
f 2614 2720 2722
f 2620 2737 2736
f 2621 2740 2738
f 2624 2747 2743
f 2615 2725 2723
f 2616 2726 2728
f 2629 2749 2753
f 2633 2716 2718
f 2699 2636 2639
f 2695 2635 2636
f 2696 2637 2635
f 2702 2638 2637
f 2705 2639 2638
f 2710 2644 2641
f 2746 2662 2664
f 2733 2691 2694
f 2754 2687 2688
f 2713 2673 2671
f 2734 2651 2654
f 2721 2650 2651
f 2722 2652 2650
f 2736 2653 2652
f 2738 2654 2653
f 2743 2657 2658
f 2723 2649 2646
f 2728 2669 2665
f 2753 2678 2677
f 2718 2680 2684
f 2708 2690 2693
f 2700 2660 2661
f 2698 2640 2642
f 2704 2670 2674
f 2707 2685 2689
f 2711 2661 2663
f 2748 2693 2692
f 2731 2689 2686
f 2752 2674 2672
f 2712 2642 2643
f 2741 2681 2682
f 2724 2656 2655
f 2720 2645 2647
f 2737 2666 2668
f 2740 2676 2679
f 2747 2682 2683
f 2725 2655 2659
f 2726 2647 2648
f 2749 2668 2667
f 2716 2679 2675
f 2701 2664 2660
f 2697 2641 2640
f 2703 2671 2670
f 2706 2688 2685
f 2709 2694 2690
f 2717 2683 2680
f 2744 2659 2657
f 2729 2648 2649
f 2750 2667 2669
f 2715 2675 2678
f 2735 2658 2656
f 2719 2646 2645
f 2727 2665 2666
f 2739 2677 2676
f 2742 2684 2681
f 2745 2663 2662
f 2732 2692 2691
f 2730 2686 2687
f 2751 2672 2673
f 2714 2643 2644
f 2699 2708 2701
f 2695 2700 2697
f 2696 2698 2703
f 2702 2704 2706
f 2705 2707 2709
f 2710 2711 2717
f 2746 2748 2744
f 2733 2731 2729
f 2754 2752 2750
f 2713 2712 2715
f 2734 2741 2735
f 2721 2724 2719
f 2722 2720 2727
f 2736 2737 2739
f 2738 2740 2742
f 2743 2747 2745
f 2723 2725 2732
f 2728 2726 2730
f 2753 2749 2751
f 2718 2716 2714
f 2755 2801 2798
f 2755 2798 2797
f 2755 2797 2799
f 2755 2799 2800
f 2755 2800 2801
f 2756 2803 2806
f 2760 2826 2824
f 2766 2856 2853
f 2765 2850 2849
f 2762 2833 2835
f 2758 2816 2813
f 2758 2813 2812
f 2758 2812 2814
f 2758 2814 2815
f 2758 2815 2816
f 2759 2820 2819
f 2757 2808 2811
f 2761 2827 2831
f 2763 2839 2840
f 2764 2846 2842
f 2766 2855 2852
f 2760 2823 2822
f 2756 2804 2802
f 2762 2836 2832
f 2765 2851 2847
f 2760 2825 2823
f 2766 2854 2855
f 2765 2848 2851
f 2762 2834 2836
f 2756 2805 2804
f 2764 2844 2843
f 2759 2817 2818
f 2757 2809 2807
f 2761 2830 2828
f 2763 2841 2838
f 2764 2845 2844
f 2759 2821 2817
f 2757 2810 2809
f 2761 2829 2830
f 2763 2837 2841
f 2760 2822 2826
f 2756 2802 2803
f 2762 2832 2833
f 2765 2847 2850
f 2766 2852 2856
f 2764 2842 2845
f 2759 2819 2821
f 2757 2811 2810
f 2761 2831 2829
f 2763 2840 2837
f 2759 2818 2820
f 2757 2807 2808
f 2761 2828 2827
f 2763 2838 2839
f 2764 2843 2846
f 2760 2824 2825
f 2766 2853 2854
f 2765 2849 2848
f 2762 2835 2834
f 2756 2806 2805
f 2789 2863 2870
f 2772 2859 2862
f 2773 2865 2860
f 2794 2868 2866
f 2796 2871 2869
f 2788 2879 2873
f 2787 2906 2910
f 2779 2891 2893
f 2790 2912 2914
f 2774 2877 2874
f 2786 2897 2903
f 2777 2881 2886
f 2778 2889 2882
f 2791 2901 2899
f 2795 2904 2902
f 2788 2907 2909
f 2787 2894 2887
f 2779 2892 2888
f 2790 2913 2911
f 2774 2876 2878
f 2771 2861 2801
f 2768 2857 2798
f 2767 2858 2797
f 2769 2864 2799
f 2770 2867 2800
f 2772 2872 2803
f 2789 2908 2826
f 2796 2895 2856
f 2794 2916 2850
f 2773 2875 2833
f 2784 2896 2816
f 2781 2883 2813
f 2776 2884 2812
f 2782 2898 2814
f 2783 2900 2815
f 2786 2905 2820
f 2777 2885 2808
f 2778 2890 2827
f 2791 2915 2839
f 2795 2880 2846
f 2789 2870 2855
f 2772 2862 2823
f 2773 2860 2804
f 2794 2866 2836
f 2796 2869 2851
f 2788 2873 2825
f 2787 2910 2854
f 2779 2893 2848
f 2790 2914 2834
f 2774 2874 2805
f 2786 2903 2844
f 2777 2886 2817
f 2778 2882 2809
f 2791 2899 2830
f 2795 2902 2841
f 2788 2909 2845
f 2787 2887 2821
f 2779 2888 2810
f 2790 2911 2829
f 2774 2878 2837
f 2768 2863 2822
f 2767 2859 2802
f 2769 2865 2832
f 2770 2868 2847
f 2771 2871 2852
f 2775 2879 2842
f 2785 2906 2819
f 2780 2891 2811
f 2792 2912 2831
f 2793 2877 2840
f 2781 2897 2818
f 2776 2881 2807
f 2782 2889 2828
f 2783 2901 2838
f 2784 2904 2843
f 2785 2907 2824
f 2780 2894 2853
f 2792 2892 2849
f 2793 2913 2835
f 2775 2876 2806
f 2768 2861 2863
f 2767 2857 2859
f 2769 2858 2865
f 2770 2864 2868
f 2771 2867 2871
f 2775 2872 2879
f 2785 2908 2906
f 2780 2895 2891
f 2792 2916 2912
f 2793 2875 2877
f 2781 2896 2897
f 2776 2883 2881
f 2782 2884 2889
f 2783 2898 2901
f 2784 2900 2904
f 2785 2905 2907
f 2780 2885 2894
f 2792 2890 2892
f 2793 2915 2913
f 2775 2880 2876
f 2768 2798 2861
f 2767 2797 2857
f 2769 2799 2858
f 2770 2800 2864
f 2771 2801 2867
f 2775 2806 2872
f 2785 2824 2908
f 2780 2853 2895
f 2792 2849 2916
f 2793 2835 2875
f 2781 2813 2896
f 2776 2812 2883
f 2782 2814 2884
f 2783 2815 2898
f 2784 2816 2900
f 2785 2819 2905
f 2780 2811 2885
f 2792 2831 2890
f 2793 2840 2915
f 2775 2842 2880
f 2771 2852 2870
f 2768 2822 2862
f 2767 2802 2860
f 2769 2832 2866
f 2770 2847 2869
f 2772 2823 2873
f 2789 2855 2910
f 2796 2851 2893
f 2794 2836 2914
f 2773 2804 2874
f 2784 2843 2903
f 2781 2818 2886
f 2776 2807 2882
f 2782 2828 2899
f 2783 2838 2902
f 2786 2844 2909
f 2777 2817 2887
f 2778 2809 2888
f 2791 2830 2911
f 2795 2841 2878
f 2789 2826 2863
f 2772 2803 2859
f 2773 2833 2865
f 2794 2850 2868
f 2796 2856 2871
f 2788 2845 2879
f 2787 2821 2906
f 2779 2810 2891
f 2790 2829 2912
f 2774 2837 2877
f 2786 2820 2897
f 2777 2808 2881
f 2778 2827 2889
f 2791 2839 2901
f 2795 2846 2904
f 2788 2825 2907
f 2787 2854 2894
f 2779 2848 2892
f 2790 2834 2913
f 2774 2805 2876
f 2771 2870 2861
f 2768 2862 2857
f 2767 2860 2858
f 2769 2866 2864
f 2770 2869 2867
f 2772 2873 2872
f 2789 2910 2908
f 2796 2893 2895
f 2794 2914 2916
f 2773 2874 2875
f 2784 2903 2896
f 2781 2886 2883
f 2776 2882 2884
f 2782 2899 2898
f 2783 2902 2900
f 2786 2909 2905
f 2777 2887 2885
f 2778 2888 2890
f 2791 2911 2915
f 2795 2878 2880
f 2861 2798 2801
f 2857 2797 2798
f 2858 2799 2797
f 2864 2800 2799
f 2867 2801 2800
f 2872 2806 2803
f 2908 2824 2826
f 2895 2853 2856
f 2916 2849 2850
f 2875 2835 2833
f 2896 2813 2816
f 2883 2812 2813
f 2884 2814 2812
f 2898 2815 2814
f 2900 2816 2815
f 2905 2819 2820
f 2885 2811 2808
f 2890 2831 2827
f 2915 2840 2839
f 2880 2842 2846
f 2870 2852 2855
f 2862 2822 2823
f 2860 2802 2804
f 2866 2832 2836
f 2869 2847 2851
f 2873 2823 2825
f 2910 2855 2854
f 2893 2851 2848
f 2914 2836 2834
f 2874 2804 2805
f 2903 2843 2844
f 2886 2818 2817
f 2882 2807 2809
f 2899 2828 2830
f 2902 2838 2841
f 2909 2844 2845
f 2887 2817 2821
f 2888 2809 2810
f 2911 2830 2829
f 2878 2841 2837
f 2863 2826 2822
f 2859 2803 2802
f 2865 2833 2832
f 2868 2850 2847
f 2871 2856 2852
f 2879 2845 2842
f 2906 2821 2819
f 2891 2810 2811
f 2912 2829 2831
f 2877 2837 2840
f 2897 2820 2818
f 2881 2808 2807
f 2889 2827 2828
f 2901 2839 2838
f 2904 2846 2843
f 2907 2825 2824
f 2894 2854 2853
f 2892 2848 2849
f 2913 2834 2835
f 2876 2805 2806
f 2861 2870 2863
f 2857 2862 2859
f 2858 2860 2865
f 2864 2866 2868
f 2867 2869 2871
f 2872 2873 2879
f 2908 2910 2906
f 2895 2893 2891
f 2916 2914 2912
f 2875 2874 2877
f 2896 2903 2897
f 2883 2886 2881
f 2884 2882 2889
f 2898 2899 2901
f 2900 2902 2904
f 2905 2909 2907
f 2885 2887 2894
f 2890 2888 2892
f 2915 2911 2913
f 2880 2878 2876
f 2917 2963 2960
f 2917 2960 2959
f 2917 2959 2961
f 2917 2961 2962
f 2917 2962 2963
f 2918 2965 2968
f 2922 2988 2986
f 2928 3018 3015
f 2927 3012 3011
f 2924 2995 2997
f 2920 2978 2975
f 2920 2975 2974
f 2920 2974 2976
f 2920 2976 2977
f 2920 2977 2978
f 2921 2982 2981
f 2919 2970 2973
f 2923 2989 2993
f 2925 3001 3002
f 2926 3008 3004
f 2928 3017 3014
f 2922 2985 2984
f 2918 2966 2964
f 2924 2998 2994
f 2927 3013 3009
f 2922 2987 2985
f 2928 3016 3017
f 2927 3010 3013
f 2924 2996 2998
f 2918 2967 2966
f 2926 3006 3005
f 2921 2979 2980
f 2919 2971 2969
f 2923 2992 2990
f 2925 3003 3000
f 2926 3007 3006
f 2921 2983 2979
f 2919 2972 2971
f 2923 2991 2992
f 2925 2999 3003
f 2922 2984 2988
f 2918 2964 2965
f 2924 2994 2995
f 2927 3009 3012
f 2928 3014 3018
f 2926 3004 3007
f 2921 2981 2983
f 2919 2973 2972
f 2923 2993 2991
f 2925 3002 2999
f 2921 2980 2982
f 2919 2969 2970
f 2923 2990 2989
f 2925 3000 3001
f 2926 3005 3008
f 2922 2986 2987
f 2928 3015 3016
f 2927 3011 3010
f 2924 2997 2996
f 2918 2968 2967
f 2951 3025 3032
f 2934 3021 3024
f 2935 3027 3022
f 2956 3030 3028
f 2958 3033 3031
f 2950 3041 3035
f 2949 3068 3072
f 2941 3053 3055
f 2952 3074 3076
f 2936 3039 3036
f 2948 3059 3065
f 2939 3043 3048
f 2940 3051 3044
f 2953 3063 3061
f 2957 3066 3064
f 2950 3069 3071
f 2949 3056 3049
f 2941 3054 3050
f 2952 3075 3073
f 2936 3038 3040
f 2933 3023 2963
f 2930 3019 2960
f 2929 3020 2959
f 2931 3026 2961
f 2932 3029 2962
f 2934 3034 2965
f 2951 3070 2988
f 2958 3057 3018
f 2956 3078 3012
f 2935 3037 2995
f 2946 3058 2978
f 2943 3045 2975
f 2938 3046 2974
f 2944 3060 2976
f 2945 3062 2977
f 2948 3067 2982
f 2939 3047 2970
f 2940 3052 2989
f 2953 3077 3001
f 2957 3042 3008
f 2951 3032 3017
f 2934 3024 2985
f 2935 3022 2966
f 2956 3028 2998
f 2958 3031 3013
f 2950 3035 2987
f 2949 3072 3016
f 2941 3055 3010
f 2952 3076 2996
f 2936 3036 2967
f 2948 3065 3006
f 2939 3048 2979
f 2940 3044 2971
f 2953 3061 2992
f 2957 3064 3003
f 2950 3071 3007
f 2949 3049 2983
f 2941 3050 2972
f 2952 3073 2991
f 2936 3040 2999
f 2930 3025 2984
f 2929 3021 2964
f 2931 3027 2994
f 2932 3030 3009
f 2933 3033 3014
f 2937 3041 3004
f 2947 3068 2981
f 2942 3053 2973
f 2954 3074 2993
f 2955 3039 3002
f 2943 3059 2980
f 2938 3043 2969
f 2944 3051 2990
f 2945 3063 3000
f 2946 3066 3005
f 2947 3069 2986
f 2942 3056 3015
f 2954 3054 3011
f 2955 3075 2997
f 2937 3038 2968
f 2930 3023 3025
f 2929 3019 3021
f 2931 3020 3027
f 2932 3026 3030
f 2933 3029 3033
f 2937 3034 3041
f 2947 3070 3068
f 2942 3057 3053
f 2954 3078 3074
f 2955 3037 3039
f 2943 3058 3059
f 2938 3045 3043
f 2944 3046 3051
f 2945 3060 3063
f 2946 3062 3066
f 2947 3067 3069
f 2942 3047 3056
f 2954 3052 3054
f 2955 3077 3075
f 2937 3042 3038
f 2930 2960 3023
f 2929 2959 3019
f 2931 2961 3020
f 2932 2962 3026
f 2933 2963 3029
f 2937 2968 3034
f 2947 2986 3070
f 2942 3015 3057
f 2954 3011 3078
f 2955 2997 3037
f 2943 2975 3058
f 2938 2974 3045
f 2944 2976 3046
f 2945 2977 3060
f 2946 2978 3062
f 2947 2981 3067
f 2942 2973 3047
f 2954 2993 3052
f 2955 3002 3077
f 2937 3004 3042
f 2933 3014 3032
f 2930 2984 3024
f 2929 2964 3022
f 2931 2994 3028
f 2932 3009 3031
f 2934 2985 3035
f 2951 3017 3072
f 2958 3013 3055
f 2956 2998 3076
f 2935 2966 3036
f 2946 3005 3065
f 2943 2980 3048
f 2938 2969 3044
f 2944 2990 3061
f 2945 3000 3064
f 2948 3006 3071
f 2939 2979 3049
f 2940 2971 3050
f 2953 2992 3073
f 2957 3003 3040
f 2951 2988 3025
f 2934 2965 3021
f 2935 2995 3027
f 2956 3012 3030
f 2958 3018 3033
f 2950 3007 3041
f 2949 2983 3068
f 2941 2972 3053
f 2952 2991 3074
f 2936 2999 3039
f 2948 2982 3059
f 2939 2970 3043
f 2940 2989 3051
f 2953 3001 3063
f 2957 3008 3066
f 2950 2987 3069
f 2949 3016 3056
f 2941 3010 3054
f 2952 2996 3075
f 2936 2967 3038
f 2933 3032 3023
f 2930 3024 3019
f 2929 3022 3020
f 2931 3028 3026
f 2932 3031 3029
f 2934 3035 3034
f 2951 3072 3070
f 2958 3055 3057
f 2956 3076 3078
f 2935 3036 3037
f 2946 3065 3058
f 2943 3048 3045
f 2938 3044 3046
f 2944 3061 3060
f 2945 3064 3062
f 2948 3071 3067
f 2939 3049 3047
f 2940 3050 3052
f 2953 3073 3077
f 2957 3040 3042
f 3023 2960 2963
f 3019 2959 2960
f 3020 2961 2959
f 3026 2962 2961
f 3029 2963 2962
f 3034 2968 2965
f 3070 2986 2988
f 3057 3015 3018
f 3078 3011 3012
f 3037 2997 2995
f 3058 2975 2978
f 3045 2974 2975
f 3046 2976 2974
f 3060 2977 2976
f 3062 2978 2977
f 3067 2981 2982
f 3047 2973 2970
f 3052 2993 2989
f 3077 3002 3001
f 3042 3004 3008
f 3032 3014 3017
f 3024 2984 2985
f 3022 2964 2966
f 3028 2994 2998
f 3031 3009 3013
f 3035 2985 2987
f 3072 3017 3016
f 3055 3013 3010
f 3076 2998 2996
f 3036 2966 2967
f 3065 3005 3006
f 3048 2980 2979
f 3044 2969 2971
f 3061 2990 2992
f 3064 3000 3003
f 3071 3006 3007
f 3049 2979 2983
f 3050 2971 2972
f 3073 2992 2991
f 3040 3003 2999
f 3025 2988 2984
f 3021 2965 2964
f 3027 2995 2994
f 3030 3012 3009
f 3033 3018 3014
f 3041 3007 3004
f 3068 2983 2981
f 3053 2972 2973
f 3074 2991 2993
f 3039 2999 3002
f 3059 2982 2980
f 3043 2970 2969
f 3051 2989 2990
f 3063 3001 3000
f 3066 3008 3005
f 3069 2987 2986
f 3056 3016 3015
f 3054 3010 3011
f 3075 2996 2997
f 3038 2967 2968
f 3023 3032 3025
f 3019 3024 3021
f 3020 3022 3027
f 3026 3028 3030
f 3029 3031 3033
f 3034 3035 3041
f 3070 3072 3068
f 3057 3055 3053
f 3078 3076 3074
f 3037 3036 3039
f 3058 3065 3059
f 3045 3048 3043
f 3046 3044 3051
f 3060 3061 3063
f 3062 3064 3066
f 3067 3071 3069
f 3047 3049 3056
f 3052 3050 3054
f 3077 3073 3075
f 3042 3040 3038
f 3079 3125 3122
f 3079 3122 3121
f 3079 3121 3123
f 3079 3123 3124
f 3079 3124 3125
f 3080 3127 3130
f 3084 3150 3148
f 3090 3180 3177
f 3089 3174 3173
f 3086 3157 3159
f 3082 3140 3137
f 3082 3137 3136
f 3082 3136 3138
f 3082 3138 3139
f 3082 3139 3140
f 3083 3144 3143
f 3081 3132 3135
f 3085 3151 3155
f 3087 3163 3164
f 3088 3170 3166
f 3090 3179 3176
f 3084 3147 3146
f 3080 3128 3126
f 3086 3160 3156
f 3089 3175 3171
f 3084 3149 3147
f 3090 3178 3179
f 3089 3172 3175
f 3086 3158 3160
f 3080 3129 3128
f 3088 3168 3167
f 3083 3141 3142
f 3081 3133 3131
f 3085 3154 3152
f 3087 3165 3162
f 3088 3169 3168
f 3083 3145 3141
f 3081 3134 3133
f 3085 3153 3154
f 3087 3161 3165
f 3084 3146 3150
f 3080 3126 3127
f 3086 3156 3157
f 3089 3171 3174
f 3090 3176 3180
f 3088 3166 3169
f 3083 3143 3145
f 3081 3135 3134
f 3085 3155 3153
f 3087 3164 3161
f 3083 3142 3144
f 3081 3131 3132
f 3085 3152 3151
f 3087 3162 3163
f 3088 3167 3170
f 3084 3148 3149
f 3090 3177 3178
f 3089 3173 3172
f 3086 3159 3158
f 3080 3130 3129
f 3113 3187 3194
f 3096 3183 3186
f 3097 3189 3184
f 3118 3192 3190
f 3120 3195 3193
f 3112 3203 3197
f 3111 3230 3234
f 3103 3215 3217
f 3114 3236 3238
f 3098 3201 3198
f 3110 3221 3227
f 3101 3205 3210
f 3102 3213 3206
f 3115 3225 3223
f 3119 3228 3226
f 3112 3231 3233
f 3111 3218 3211
f 3103 3216 3212
f 3114 3237 3235
f 3098 3200 3202
f 3095 3185 3125
f 3092 3181 3122
f 3091 3182 3121
f 3093 3188 3123
f 3094 3191 3124
f 3096 3196 3127
f 3113 3232 3150
f 3120 3219 3180
f 3118 3240 3174
f 3097 3199 3157
f 3108 3220 3140
f 3105 3207 3137
f 3100 3208 3136
f 3106 3222 3138
f 3107 3224 3139
f 3110 3229 3144
f 3101 3209 3132
f 3102 3214 3151
f 3115 3239 3163
f 3119 3204 3170
f 3113 3194 3179
f 3096 3186 3147
f 3097 3184 3128
f 3118 3190 3160
f 3120 3193 3175
f 3112 3197 3149
f 3111 3234 3178
f 3103 3217 3172
f 3114 3238 3158
f 3098 3198 3129
f 3110 3227 3168
f 3101 3210 3141
f 3102 3206 3133
f 3115 3223 3154
f 3119 3226 3165
f 3112 3233 3169
f 3111 3211 3145
f 3103 3212 3134
f 3114 3235 3153
f 3098 3202 3161
f 3092 3187 3146
f 3091 3183 3126
f 3093 3189 3156
f 3094 3192 3171
f 3095 3195 3176
f 3099 3203 3166
f 3109 3230 3143
f 3104 3215 3135
f 3116 3236 3155
f 3117 3201 3164
f 3105 3221 3142
f 3100 3205 3131
f 3106 3213 3152
f 3107 3225 3162
f 3108 3228 3167
f 3109 3231 3148
f 3104 3218 3177
f 3116 3216 3173
f 3117 3237 3159
f 3099 3200 3130
f 3092 3185 3187
f 3091 3181 3183
f 3093 3182 3189
f 3094 3188 3192
f 3095 3191 3195
f 3099 3196 3203
f 3109 3232 3230
f 3104 3219 3215
f 3116 3240 3236
f 3117 3199 3201
f 3105 3220 3221
f 3100 3207 3205
f 3106 3208 3213
f 3107 3222 3225
f 3108 3224 3228
f 3109 3229 3231
f 3104 3209 3218
f 3116 3214 3216
f 3117 3239 3237
f 3099 3204 3200
f 3092 3122 3185
f 3091 3121 3181
f 3093 3123 3182
f 3094 3124 3188
f 3095 3125 3191
f 3099 3130 3196
f 3109 3148 3232
f 3104 3177 3219
f 3116 3173 3240
f 3117 3159 3199
f 3105 3137 3220
f 3100 3136 3207
f 3106 3138 3208
f 3107 3139 3222
f 3108 3140 3224
f 3109 3143 3229
f 3104 3135 3209
f 3116 3155 3214
f 3117 3164 3239
f 3099 3166 3204
f 3095 3176 3194
f 3092 3146 3186
f 3091 3126 3184
f 3093 3156 3190
f 3094 3171 3193
f 3096 3147 3197
f 3113 3179 3234
f 3120 3175 3217
f 3118 3160 3238
f 3097 3128 3198
f 3108 3167 3227
f 3105 3142 3210
f 3100 3131 3206
f 3106 3152 3223
f 3107 3162 3226
f 3110 3168 3233
f 3101 3141 3211
f 3102 3133 3212
f 3115 3154 3235
f 3119 3165 3202
f 3113 3150 3187
f 3096 3127 3183
f 3097 3157 3189
f 3118 3174 3192
f 3120 3180 3195
f 3112 3169 3203
f 3111 3145 3230
f 3103 3134 3215
f 3114 3153 3236
f 3098 3161 3201
f 3110 3144 3221
f 3101 3132 3205
f 3102 3151 3213
f 3115 3163 3225
f 3119 3170 3228
f 3112 3149 3231
f 3111 3178 3218
f 3103 3172 3216
f 3114 3158 3237
f 3098 3129 3200
f 3095 3194 3185
f 3092 3186 3181
f 3091 3184 3182
f 3093 3190 3188
f 3094 3193 3191
f 3096 3197 3196
f 3113 3234 3232
f 3120 3217 3219
f 3118 3238 3240
f 3097 3198 3199
f 3108 3227 3220
f 3105 3210 3207
f 3100 3206 3208
f 3106 3223 3222
f 3107 3226 3224
f 3110 3233 3229
f 3101 3211 3209
f 3102 3212 3214
f 3115 3235 3239
f 3119 3202 3204
f 3185 3122 3125
f 3181 3121 3122
f 3182 3123 3121
f 3188 3124 3123
f 3191 3125 3124
f 3196 3130 3127
f 3232 3148 3150
f 3219 3177 3180
f 3240 3173 3174
f 3199 3159 3157
f 3220 3137 3140
f 3207 3136 3137
f 3208 3138 3136
f 3222 3139 3138
f 3224 3140 3139
f 3229 3143 3144
f 3209 3135 3132
f 3214 3155 3151
f 3239 3164 3163
f 3204 3166 3170
f 3194 3176 3179
f 3186 3146 3147
f 3184 3126 3128
f 3190 3156 3160
f 3193 3171 3175
f 3197 3147 3149
f 3234 3179 3178
f 3217 3175 3172
f 3238 3160 3158
f 3198 3128 3129
f 3227 3167 3168
f 3210 3142 3141
f 3206 3131 3133
f 3223 3152 3154
f 3226 3162 3165
f 3233 3168 3169
f 3211 3141 3145
f 3212 3133 3134
f 3235 3154 3153
f 3202 3165 3161
f 3187 3150 3146
f 3183 3127 3126
f 3189 3157 3156
f 3192 3174 3171
f 3195 3180 3176
f 3203 3169 3166
f 3230 3145 3143
f 3215 3134 3135
f 3236 3153 3155
f 3201 3161 3164
f 3221 3144 3142
f 3205 3132 3131
f 3213 3151 3152
f 3225 3163 3162
f 3228 3170 3167
f 3231 3149 3148
f 3218 3178 3177
f 3216 3172 3173
f 3237 3158 3159
f 3200 3129 3130
f 3185 3194 3187
f 3181 3186 3183
f 3182 3184 3189
f 3188 3190 3192
f 3191 3193 3195
f 3196 3197 3203
f 3232 3234 3230
f 3219 3217 3215
f 3240 3238 3236
f 3199 3198 3201
f 3220 3227 3221
f 3207 3210 3205
f 3208 3206 3213
f 3222 3223 3225
f 3224 3226 3228
f 3229 3233 3231
f 3209 3211 3218
f 3214 3212 3216
f 3239 3235 3237
f 3204 3202 3200
f 3241 3287 3284
f 3241 3284 3283
f 3241 3283 3285
f 3241 3285 3286
f 3241 3286 3287
f 3242 3289 3292
f 3246 3312 3310
f 3252 3342 3339
f 3251 3336 3335
f 3248 3319 3321
f 3244 3302 3299
f 3244 3299 3298
f 3244 3298 3300
f 3244 3300 3301
f 3244 3301 3302
f 3245 3306 3305
f 3243 3294 3297
f 3247 3313 3317
f 3249 3325 3326
f 3250 3332 3328
f 3252 3341 3338
f 3246 3309 3308
f 3242 3290 3288
f 3248 3322 3318
f 3251 3337 3333
f 3246 3311 3309
f 3252 3340 3341
f 3251 3334 3337
f 3248 3320 3322
f 3242 3291 3290
f 3250 3330 3329
f 3245 3303 3304
f 3243 3295 3293
f 3247 3316 3314
f 3249 3327 3324
f 3250 3331 3330
f 3245 3307 3303
f 3243 3296 3295
f 3247 3315 3316
f 3249 3323 3327
f 3246 3308 3312
f 3242 3288 3289
f 3248 3318 3319
f 3251 3333 3336
f 3252 3338 3342
f 3250 3328 3331
f 3245 3305 3307
f 3243 3297 3296
f 3247 3317 3315
f 3249 3326 3323
f 3245 3304 3306
f 3243 3293 3294
f 3247 3314 3313
f 3249 3324 3325
f 3250 3329 3332
f 3246 3310 3311
f 3252 3339 3340
f 3251 3335 3334
f 3248 3321 3320
f 3242 3292 3291
f 3275 3349 3356
f 3258 3345 3348
f 3259 3351 3346
f 3280 3354 3352
f 3282 3357 3355
f 3274 3365 3359
f 3273 3392 3396
f 3265 3377 3379
f 3276 3398 3400
f 3260 3363 3360
f 3272 3383 3389
f 3263 3367 3372
f 3264 3375 3368
f 3277 3387 3385
f 3281 3390 3388
f 3274 3393 3395
f 3273 3380 3373
f 3265 3378 3374
f 3276 3399 3397
f 3260 3362 3364
f 3257 3347 3287
f 3254 3343 3284
f 3253 3344 3283
f 3255 3350 3285
f 3256 3353 3286
f 3258 3358 3289
f 3275 3394 3312
f 3282 3381 3342
f 3280 3402 3336
f 3259 3361 3319
f 3270 3382 3302
f 3267 3369 3299
f 3262 3370 3298
f 3268 3384 3300
f 3269 3386 3301
f 3272 3391 3306
f 3263 3371 3294
f 3264 3376 3313
f 3277 3401 3325
f 3281 3366 3332
f 3275 3356 3341
f 3258 3348 3309
f 3259 3346 3290
f 3280 3352 3322
f 3282 3355 3337
f 3274 3359 3311
f 3273 3396 3340
f 3265 3379 3334
f 3276 3400 3320
f 3260 3360 3291
f 3272 3389 3330
f 3263 3372 3303
f 3264 3368 3295
f 3277 3385 3316
f 3281 3388 3327
f 3274 3395 3331
f 3273 3373 3307
f 3265 3374 3296
f 3276 3397 3315
f 3260 3364 3323
f 3254 3349 3308
f 3253 3345 3288
f 3255 3351 3318
f 3256 3354 3333
f 3257 3357 3338
f 3261 3365 3328
f 3271 3392 3305
f 3266 3377 3297
f 3278 3398 3317
f 3279 3363 3326
f 3267 3383 3304
f 3262 3367 3293
f 3268 3375 3314
f 3269 3387 3324
f 3270 3390 3329
f 3271 3393 3310
f 3266 3380 3339
f 3278 3378 3335
f 3279 3399 3321
f 3261 3362 3292
f 3254 3347 3349
f 3253 3343 3345
f 3255 3344 3351
f 3256 3350 3354
f 3257 3353 3357
f 3261 3358 3365
f 3271 3394 3392
f 3266 3381 3377
f 3278 3402 3398
f 3279 3361 3363
f 3267 3382 3383
f 3262 3369 3367
f 3268 3370 3375
f 3269 3384 3387
f 3270 3386 3390
f 3271 3391 3393
f 3266 3371 3380
f 3278 3376 3378
f 3279 3401 3399
f 3261 3366 3362
f 3254 3284 3347
f 3253 3283 3343
f 3255 3285 3344
f 3256 3286 3350
f 3257 3287 3353
f 3261 3292 3358
f 3271 3310 3394
f 3266 3339 3381
f 3278 3335 3402
f 3279 3321 3361
f 3267 3299 3382
f 3262 3298 3369
f 3268 3300 3370
f 3269 3301 3384
f 3270 3302 3386
f 3271 3305 3391
f 3266 3297 3371
f 3278 3317 3376
f 3279 3326 3401
f 3261 3328 3366
f 3257 3338 3356
f 3254 3308 3348
f 3253 3288 3346
f 3255 3318 3352
f 3256 3333 3355
f 3258 3309 3359
f 3275 3341 3396
f 3282 3337 3379
f 3280 3322 3400
f 3259 3290 3360
f 3270 3329 3389
f 3267 3304 3372
f 3262 3293 3368
f 3268 3314 3385
f 3269 3324 3388
f 3272 3330 3395
f 3263 3303 3373
f 3264 3295 3374
f 3277 3316 3397
f 3281 3327 3364
f 3275 3312 3349
f 3258 3289 3345
f 3259 3319 3351
f 3280 3336 3354
f 3282 3342 3357
f 3274 3331 3365
f 3273 3307 3392
f 3265 3296 3377
f 3276 3315 3398
f 3260 3323 3363
f 3272 3306 3383
f 3263 3294 3367
f 3264 3313 3375
f 3277 3325 3387
f 3281 3332 3390
f 3274 3311 3393
f 3273 3340 3380
f 3265 3334 3378
f 3276 3320 3399
f 3260 3291 3362
f 3257 3356 3347
f 3254 3348 3343
f 3253 3346 3344
f 3255 3352 3350
f 3256 3355 3353
f 3258 3359 3358
f 3275 3396 3394
f 3282 3379 3381
f 3280 3400 3402
f 3259 3360 3361
f 3270 3389 3382
f 3267 3372 3369
f 3262 3368 3370
f 3268 3385 3384
f 3269 3388 3386
f 3272 3395 3391
f 3263 3373 3371
f 3264 3374 3376
f 3277 3397 3401
f 3281 3364 3366
f 3347 3284 3287
f 3343 3283 3284
f 3344 3285 3283
f 3350 3286 3285
f 3353 3287 3286
f 3358 3292 3289
f 3394 3310 3312
f 3381 3339 3342
f 3402 3335 3336
f 3361 3321 3319
f 3382 3299 3302
f 3369 3298 3299
f 3370 3300 3298
f 3384 3301 3300
f 3386 3302 3301
f 3391 3305 3306
f 3371 3297 3294
f 3376 3317 3313
f 3401 3326 3325
f 3366 3328 3332
f 3356 3338 3341
f 3348 3308 3309
f 3346 3288 3290
f 3352 3318 3322
f 3355 3333 3337
f 3359 3309 3311
f 3396 3341 3340
f 3379 3337 3334
f 3400 3322 3320
f 3360 3290 3291
f 3389 3329 3330
f 3372 3304 3303
f 3368 3293 3295
f 3385 3314 3316
f 3388 3324 3327
f 3395 3330 3331
f 3373 3303 3307
f 3374 3295 3296
f 3397 3316 3315
f 3364 3327 3323
f 3349 3312 3308
f 3345 3289 3288
f 3351 3319 3318
f 3354 3336 3333
f 3357 3342 3338
f 3365 3331 3328
f 3392 3307 3305
f 3377 3296 3297
f 3398 3315 3317
f 3363 3323 3326
f 3383 3306 3304
f 3367 3294 3293
f 3375 3313 3314
f 3387 3325 3324
f 3390 3332 3329
f 3393 3311 3310
f 3380 3340 3339
f 3378 3334 3335
f 3399 3320 3321
f 3362 3291 3292
f 3347 3356 3349
f 3343 3348 3345
f 3344 3346 3351
f 3350 3352 3354
f 3353 3355 3357
f 3358 3359 3365
f 3394 3396 3392
f 3381 3379 3377
f 3402 3400 3398
f 3361 3360 3363
f 3382 3389 3383
f 3369 3372 3367
f 3370 3368 3375
f 3384 3385 3387
f 3386 3388 3390
f 3391 3395 3393
f 3371 3373 3380
f 3376 3374 3378
f 3401 3397 3399
f 3366 3364 3362
f 3403 3449 3446
f 3403 3446 3445
f 3403 3445 3447
f 3403 3447 3448
f 3403 3448 3449
f 3404 3451 3454
f 3408 3474 3472
f 3414 3504 3501
f 3413 3498 3497
f 3410 3481 3483
f 3406 3464 3461
f 3406 3461 3460
f 3406 3460 3462
f 3406 3462 3463
f 3406 3463 3464
f 3407 3468 3467
f 3405 3456 3459
f 3409 3475 3479
f 3411 3487 3488
f 3412 3494 3490
f 3414 3503 3500
f 3408 3471 3470
f 3404 3452 3450
f 3410 3484 3480
f 3413 3499 3495
f 3408 3473 3471
f 3414 3502 3503
f 3413 3496 3499
f 3410 3482 3484
f 3404 3453 3452
f 3412 3492 3491
f 3407 3465 3466
f 3405 3457 3455
f 3409 3478 3476
f 3411 3489 3486
f 3412 3493 3492
f 3407 3469 3465
f 3405 3458 3457
f 3409 3477 3478
f 3411 3485 3489
f 3408 3470 3474
f 3404 3450 3451
f 3410 3480 3481
f 3413 3495 3498
f 3414 3500 3504
f 3412 3490 3493
f 3407 3467 3469
f 3405 3459 3458
f 3409 3479 3477
f 3411 3488 3485
f 3407 3466 3468
f 3405 3455 3456
f 3409 3476 3475
f 3411 3486 3487
f 3412 3491 3494
f 3408 3472 3473
f 3414 3501 3502
f 3413 3497 3496
f 3410 3483 3482
f 3404 3454 3453
f 3437 3511 3518
f 3420 3507 3510
f 3421 3513 3508
f 3442 3516 3514
f 3444 3519 3517
f 3436 3527 3521
f 3435 3554 3558
f 3427 3539 3541
f 3438 3560 3562
f 3422 3525 3522
f 3434 3545 3551
f 3425 3529 3534
f 3426 3537 3530
f 3439 3549 3547
f 3443 3552 3550
f 3436 3555 3557
f 3435 3542 3535
f 3427 3540 3536
f 3438 3561 3559
f 3422 3524 3526
f 3419 3509 3449
f 3416 3505 3446
f 3415 3506 3445
f 3417 3512 3447
f 3418 3515 3448
f 3420 3520 3451
f 3437 3556 3474
f 3444 3543 3504
f 3442 3564 3498
f 3421 3523 3481
f 3432 3544 3464
f 3429 3531 3461
f 3424 3532 3460
f 3430 3546 3462
f 3431 3548 3463
f 3434 3553 3468
f 3425 3533 3456
f 3426 3538 3475
f 3439 3563 3487
f 3443 3528 3494
f 3437 3518 3503
f 3420 3510 3471
f 3421 3508 3452
f 3442 3514 3484
f 3444 3517 3499
f 3436 3521 3473
f 3435 3558 3502
f 3427 3541 3496
f 3438 3562 3482
f 3422 3522 3453
f 3434 3551 3492
f 3425 3534 3465
f 3426 3530 3457
f 3439 3547 3478
f 3443 3550 3489
f 3436 3557 3493
f 3435 3535 3469
f 3427 3536 3458
f 3438 3559 3477
f 3422 3526 3485
f 3416 3511 3470
f 3415 3507 3450
f 3417 3513 3480
f 3418 3516 3495
f 3419 3519 3500
f 3423 3527 3490
f 3433 3554 3467
f 3428 3539 3459
f 3440 3560 3479
f 3441 3525 3488
f 3429 3545 3466
f 3424 3529 3455
f 3430 3537 3476
f 3431 3549 3486
f 3432 3552 3491
f 3433 3555 3472
f 3428 3542 3501
f 3440 3540 3497
f 3441 3561 3483
f 3423 3524 3454
f 3416 3509 3511
f 3415 3505 3507
f 3417 3506 3513
f 3418 3512 3516
f 3419 3515 3519
f 3423 3520 3527
f 3433 3556 3554
f 3428 3543 3539
f 3440 3564 3560
f 3441 3523 3525
f 3429 3544 3545
f 3424 3531 3529
f 3430 3532 3537
f 3431 3546 3549
f 3432 3548 3552
f 3433 3553 3555
f 3428 3533 3542
f 3440 3538 3540
f 3441 3563 3561
f 3423 3528 3524
f 3416 3446 3509
f 3415 3445 3505
f 3417 3447 3506
f 3418 3448 3512
f 3419 3449 3515
f 3423 3454 3520
f 3433 3472 3556
f 3428 3501 3543
f 3440 3497 3564
f 3441 3483 3523
f 3429 3461 3544
f 3424 3460 3531
f 3430 3462 3532
f 3431 3463 3546
f 3432 3464 3548
f 3433 3467 3553
f 3428 3459 3533
f 3440 3479 3538
f 3441 3488 3563
f 3423 3490 3528
f 3419 3500 3518
f 3416 3470 3510
f 3415 3450 3508
f 3417 3480 3514
f 3418 3495 3517
f 3420 3471 3521
f 3437 3503 3558
f 3444 3499 3541
f 3442 3484 3562
f 3421 3452 3522
f 3432 3491 3551
f 3429 3466 3534
f 3424 3455 3530
f 3430 3476 3547
f 3431 3486 3550
f 3434 3492 3557
f 3425 3465 3535
f 3426 3457 3536
f 3439 3478 3559
f 3443 3489 3526
f 3437 3474 3511
f 3420 3451 3507
f 3421 3481 3513
f 3442 3498 3516
f 3444 3504 3519
f 3436 3493 3527
f 3435 3469 3554
f 3427 3458 3539
f 3438 3477 3560
f 3422 3485 3525
f 3434 3468 3545
f 3425 3456 3529
f 3426 3475 3537
f 3439 3487 3549
f 3443 3494 3552
f 3436 3473 3555
f 3435 3502 3542
f 3427 3496 3540
f 3438 3482 3561
f 3422 3453 3524
f 3419 3518 3509
f 3416 3510 3505
f 3415 3508 3506
f 3417 3514 3512
f 3418 3517 3515
f 3420 3521 3520
f 3437 3558 3556
f 3444 3541 3543
f 3442 3562 3564
f 3421 3522 3523
f 3432 3551 3544
f 3429 3534 3531
f 3424 3530 3532
f 3430 3547 3546
f 3431 3550 3548
f 3434 3557 3553
f 3425 3535 3533
f 3426 3536 3538
f 3439 3559 3563
f 3443 3526 3528
f 3509 3446 3449
f 3505 3445 3446
f 3506 3447 3445
f 3512 3448 3447
f 3515 3449 3448
f 3520 3454 3451
f 3556 3472 3474
f 3543 3501 3504
f 3564 3497 3498
f 3523 3483 3481
f 3544 3461 3464
f 3531 3460 3461
f 3532 3462 3460
f 3546 3463 3462
f 3548 3464 3463
f 3553 3467 3468
f 3533 3459 3456
f 3538 3479 3475
f 3563 3488 3487
f 3528 3490 3494
f 3518 3500 3503
f 3510 3470 3471
f 3508 3450 3452
f 3514 3480 3484
f 3517 3495 3499
f 3521 3471 3473
f 3558 3503 3502
f 3541 3499 3496
f 3562 3484 3482
f 3522 3452 3453
f 3551 3491 3492
f 3534 3466 3465
f 3530 3455 3457
f 3547 3476 3478
f 3550 3486 3489
f 3557 3492 3493
f 3535 3465 3469
f 3536 3457 3458
f 3559 3478 3477
f 3526 3489 3485
f 3511 3474 3470
f 3507 3451 3450
f 3513 3481 3480
f 3516 3498 3495
f 3519 3504 3500
f 3527 3493 3490
f 3554 3469 3467
f 3539 3458 3459
f 3560 3477 3479
f 3525 3485 3488
f 3545 3468 3466
f 3529 3456 3455
f 3537 3475 3476
f 3549 3487 3486
f 3552 3494 3491
f 3555 3473 3472
f 3542 3502 3501
f 3540 3496 3497
f 3561 3482 3483
f 3524 3453 3454
f 3509 3518 3511
f 3505 3510 3507
f 3506 3508 3513
f 3512 3514 3516
f 3515 3517 3519
f 3520 3521 3527
f 3556 3558 3554
f 3543 3541 3539
f 3564 3562 3560
f 3523 3522 3525
f 3544 3551 3545
f 3531 3534 3529
f 3532 3530 3537
f 3546 3547 3549
f 3548 3550 3552
f 3553 3557 3555
f 3533 3535 3542
f 3538 3536 3540
f 3563 3559 3561
f 3528 3526 3524
f 3565 3611 3608
f 3565 3608 3607
f 3565 3607 3609
f 3565 3609 3610
f 3565 3610 3611
f 3566 3613 3616
f 3570 3636 3634
f 3576 3666 3663
f 3575 3660 3659
f 3572 3643 3645
f 3568 3626 3623
f 3568 3623 3622
f 3568 3622 3624
f 3568 3624 3625
f 3568 3625 3626
f 3569 3630 3629
f 3567 3618 3621
f 3571 3637 3641
f 3573 3649 3650
f 3574 3656 3652
f 3576 3665 3662
f 3570 3633 3632
f 3566 3614 3612
f 3572 3646 3642
f 3575 3661 3657
f 3570 3635 3633
f 3576 3664 3665
f 3575 3658 3661
f 3572 3644 3646
f 3566 3615 3614
f 3574 3654 3653
f 3569 3627 3628
f 3567 3619 3617
f 3571 3640 3638
f 3573 3651 3648
f 3574 3655 3654
f 3569 3631 3627
f 3567 3620 3619
f 3571 3639 3640
f 3573 3647 3651
f 3570 3632 3636
f 3566 3612 3613
f 3572 3642 3643
f 3575 3657 3660
f 3576 3662 3666
f 3574 3652 3655
f 3569 3629 3631
f 3567 3621 3620
f 3571 3641 3639
f 3573 3650 3647
f 3569 3628 3630
f 3567 3617 3618
f 3571 3638 3637
f 3573 3648 3649
f 3574 3653 3656
f 3570 3634 3635
f 3576 3663 3664
f 3575 3659 3658
f 3572 3645 3644
f 3566 3616 3615
f 3599 3673 3680
f 3582 3669 3672
f 3583 3675 3670
f 3604 3678 3676
f 3606 3681 3679
f 3598 3689 3683
f 3597 3716 3720
f 3589 3701 3703
f 3600 3722 3724
f 3584 3687 3684
f 3596 3707 3713
f 3587 3691 3696
f 3588 3699 3692
f 3601 3711 3709
f 3605 3714 3712
f 3598 3717 3719
f 3597 3704 3697
f 3589 3702 3698
f 3600 3723 3721
f 3584 3686 3688
f 3581 3671 3611
f 3578 3667 3608
f 3577 3668 3607
f 3579 3674 3609
f 3580 3677 3610
f 3582 3682 3613
f 3599 3718 3636
f 3606 3705 3666
f 3604 3726 3660
f 3583 3685 3643
f 3594 3706 3626
f 3591 3693 3623
f 3586 3694 3622
f 3592 3708 3624
f 3593 3710 3625
f 3596 3715 3630
f 3587 3695 3618
f 3588 3700 3637
f 3601 3725 3649
f 3605 3690 3656
f 3599 3680 3665
f 3582 3672 3633
f 3583 3670 3614
f 3604 3676 3646
f 3606 3679 3661
f 3598 3683 3635
f 3597 3720 3664
f 3589 3703 3658
f 3600 3724 3644
f 3584 3684 3615
f 3596 3713 3654
f 3587 3696 3627
f 3588 3692 3619
f 3601 3709 3640
f 3605 3712 3651
f 3598 3719 3655
f 3597 3697 3631
f 3589 3698 3620
f 3600 3721 3639
f 3584 3688 3647
f 3578 3673 3632
f 3577 3669 3612
f 3579 3675 3642
f 3580 3678 3657
f 3581 3681 3662
f 3585 3689 3652
f 3595 3716 3629
f 3590 3701 3621
f 3602 3722 3641
f 3603 3687 3650
f 3591 3707 3628
f 3586 3691 3617
f 3592 3699 3638
f 3593 3711 3648
f 3594 3714 3653
f 3595 3717 3634
f 3590 3704 3663
f 3602 3702 3659
f 3603 3723 3645
f 3585 3686 3616
f 3578 3671 3673
f 3577 3667 3669
f 3579 3668 3675
f 3580 3674 3678
f 3581 3677 3681
f 3585 3682 3689
f 3595 3718 3716
f 3590 3705 3701
f 3602 3726 3722
f 3603 3685 3687
f 3591 3706 3707
f 3586 3693 3691
f 3592 3694 3699
f 3593 3708 3711
f 3594 3710 3714
f 3595 3715 3717
f 3590 3695 3704
f 3602 3700 3702
f 3603 3725 3723
f 3585 3690 3686
f 3578 3608 3671
f 3577 3607 3667
f 3579 3609 3668
f 3580 3610 3674
f 3581 3611 3677
f 3585 3616 3682
f 3595 3634 3718
f 3590 3663 3705
f 3602 3659 3726
f 3603 3645 3685
f 3591 3623 3706
f 3586 3622 3693
f 3592 3624 3694
f 3593 3625 3708
f 3594 3626 3710
f 3595 3629 3715
f 3590 3621 3695
f 3602 3641 3700
f 3603 3650 3725
f 3585 3652 3690
f 3581 3662 3680
f 3578 3632 3672
f 3577 3612 3670
f 3579 3642 3676
f 3580 3657 3679
f 3582 3633 3683
f 3599 3665 3720
f 3606 3661 3703
f 3604 3646 3724
f 3583 3614 3684
f 3594 3653 3713
f 3591 3628 3696
f 3586 3617 3692
f 3592 3638 3709
f 3593 3648 3712
f 3596 3654 3719
f 3587 3627 3697
f 3588 3619 3698
f 3601 3640 3721
f 3605 3651 3688
f 3599 3636 3673
f 3582 3613 3669
f 3583 3643 3675
f 3604 3660 3678
f 3606 3666 3681
f 3598 3655 3689
f 3597 3631 3716
f 3589 3620 3701
f 3600 3639 3722
f 3584 3647 3687
f 3596 3630 3707
f 3587 3618 3691
f 3588 3637 3699
f 3601 3649 3711
f 3605 3656 3714
f 3598 3635 3717
f 3597 3664 3704
f 3589 3658 3702
f 3600 3644 3723
f 3584 3615 3686
f 3581 3680 3671
f 3578 3672 3667
f 3577 3670 3668
f 3579 3676 3674
f 3580 3679 3677
f 3582 3683 3682
f 3599 3720 3718
f 3606 3703 3705
f 3604 3724 3726
f 3583 3684 3685
f 3594 3713 3706
f 3591 3696 3693
f 3586 3692 3694
f 3592 3709 3708
f 3593 3712 3710
f 3596 3719 3715
f 3587 3697 3695
f 3588 3698 3700
f 3601 3721 3725
f 3605 3688 3690
f 3671 3608 3611
f 3667 3607 3608
f 3668 3609 3607
f 3674 3610 3609
f 3677 3611 3610
f 3682 3616 3613
f 3718 3634 3636
f 3705 3663 3666
f 3726 3659 3660
f 3685 3645 3643
f 3706 3623 3626
f 3693 3622 3623
f 3694 3624 3622
f 3708 3625 3624
f 3710 3626 3625
f 3715 3629 3630
f 3695 3621 3618
f 3700 3641 3637
f 3725 3650 3649
f 3690 3652 3656
f 3680 3662 3665
f 3672 3632 3633
f 3670 3612 3614
f 3676 3642 3646
f 3679 3657 3661
f 3683 3633 3635
f 3720 3665 3664
f 3703 3661 3658
f 3724 3646 3644
f 3684 3614 3615
f 3713 3653 3654
f 3696 3628 3627
f 3692 3617 3619
f 3709 3638 3640
f 3712 3648 3651
f 3719 3654 3655
f 3697 3627 3631
f 3698 3619 3620
f 3721 3640 3639
f 3688 3651 3647
f 3673 3636 3632
f 3669 3613 3612
f 3675 3643 3642
f 3678 3660 3657
f 3681 3666 3662
f 3689 3655 3652
f 3716 3631 3629
f 3701 3620 3621
f 3722 3639 3641
f 3687 3647 3650
f 3707 3630 3628
f 3691 3618 3617
f 3699 3637 3638
f 3711 3649 3648
f 3714 3656 3653
f 3717 3635 3634
f 3704 3664 3663
f 3702 3658 3659
f 3723 3644 3645
f 3686 3615 3616
f 3671 3680 3673
f 3667 3672 3669
f 3668 3670 3675
f 3674 3676 3678
f 3677 3679 3681
f 3682 3683 3689
f 3718 3720 3716
f 3705 3703 3701
f 3726 3724 3722
f 3685 3684 3687
f 3706 3713 3707
f 3693 3696 3691
f 3694 3692 3699
f 3708 3709 3711
f 3710 3712 3714
f 3715 3719 3717
f 3695 3697 3704
f 3700 3698 3702
f 3725 3721 3723
f 3690 3688 3686
f 3727 3773 3770
f 3727 3770 3769
f 3727 3769 3771
f 3727 3771 3772
f 3727 3772 3773
f 3728 3775 3778
f 3732 3798 3796
f 3738 3828 3825
f 3737 3822 3821
f 3734 3805 3807
f 3730 3788 3785
f 3730 3785 3784
f 3730 3784 3786
f 3730 3786 3787
f 3730 3787 3788
f 3731 3792 3791
f 3729 3780 3783
f 3733 3799 3803
f 3735 3811 3812
f 3736 3818 3814
f 3738 3827 3824
f 3732 3795 3794
f 3728 3776 3774
f 3734 3808 3804
f 3737 3823 3819
f 3732 3797 3795
f 3738 3826 3827
f 3737 3820 3823
f 3734 3806 3808
f 3728 3777 3776
f 3736 3816 3815
f 3731 3789 3790
f 3729 3781 3779
f 3733 3802 3800
f 3735 3813 3810
f 3736 3817 3816
f 3731 3793 3789
f 3729 3782 3781
f 3733 3801 3802
f 3735 3809 3813
f 3732 3794 3798
f 3728 3774 3775
f 3734 3804 3805
f 3737 3819 3822
f 3738 3824 3828
f 3736 3814 3817
f 3731 3791 3793
f 3729 3783 3782
f 3733 3803 3801
f 3735 3812 3809
f 3731 3790 3792
f 3729 3779 3780
f 3733 3800 3799
f 3735 3810 3811
f 3736 3815 3818
f 3732 3796 3797
f 3738 3825 3826
f 3737 3821 3820
f 3734 3807 3806
f 3728 3778 3777
f 3761 3835 3842
f 3744 3831 3834
f 3745 3837 3832
f 3766 3840 3838
f 3768 3843 3841
f 3760 3851 3845
f 3759 3878 3882
f 3751 3863 3865
f 3762 3884 3886
f 3746 3849 3846
f 3758 3869 3875
f 3749 3853 3858
f 3750 3861 3854
f 3763 3873 3871
f 3767 3876 3874
f 3760 3879 3881
f 3759 3866 3859
f 3751 3864 3860
f 3762 3885 3883
f 3746 3848 3850
f 3743 3833 3773
f 3740 3829 3770
f 3739 3830 3769
f 3741 3836 3771
f 3742 3839 3772
f 3744 3844 3775
f 3761 3880 3798
f 3768 3867 3828
f 3766 3888 3822
f 3745 3847 3805
f 3756 3868 3788
f 3753 3855 3785
f 3748 3856 3784
f 3754 3870 3786
f 3755 3872 3787
f 3758 3877 3792
f 3749 3857 3780
f 3750 3862 3799
f 3763 3887 3811
f 3767 3852 3818
f 3761 3842 3827
f 3744 3834 3795
f 3745 3832 3776
f 3766 3838 3808
f 3768 3841 3823
f 3760 3845 3797
f 3759 3882 3826
f 3751 3865 3820
f 3762 3886 3806
f 3746 3846 3777
f 3758 3875 3816
f 3749 3858 3789
f 3750 3854 3781
f 3763 3871 3802
f 3767 3874 3813
f 3760 3881 3817
f 3759 3859 3793
f 3751 3860 3782
f 3762 3883 3801
f 3746 3850 3809
f 3740 3835 3794
f 3739 3831 3774
f 3741 3837 3804
f 3742 3840 3819
f 3743 3843 3824
f 3747 3851 3814
f 3757 3878 3791
f 3752 3863 3783
f 3764 3884 3803
f 3765 3849 3812
f 3753 3869 3790
f 3748 3853 3779
f 3754 3861 3800
f 3755 3873 3810
f 3756 3876 3815
f 3757 3879 3796
f 3752 3866 3825
f 3764 3864 3821
f 3765 3885 3807
f 3747 3848 3778
f 3740 3833 3835
f 3739 3829 3831
f 3741 3830 3837
f 3742 3836 3840
f 3743 3839 3843
f 3747 3844 3851
f 3757 3880 3878
f 3752 3867 3863
f 3764 3888 3884
f 3765 3847 3849
f 3753 3868 3869
f 3748 3855 3853
f 3754 3856 3861
f 3755 3870 3873
f 3756 3872 3876
f 3757 3877 3879
f 3752 3857 3866
f 3764 3862 3864
f 3765 3887 3885
f 3747 3852 3848
f 3740 3770 3833
f 3739 3769 3829
f 3741 3771 3830
f 3742 3772 3836
f 3743 3773 3839
f 3747 3778 3844
f 3757 3796 3880
f 3752 3825 3867
f 3764 3821 3888
f 3765 3807 3847
f 3753 3785 3868
f 3748 3784 3855
f 3754 3786 3856
f 3755 3787 3870
f 3756 3788 3872
f 3757 3791 3877
f 3752 3783 3857
f 3764 3803 3862
f 3765 3812 3887
f 3747 3814 3852
f 3743 3824 3842
f 3740 3794 3834
f 3739 3774 3832
f 3741 3804 3838
f 3742 3819 3841
f 3744 3795 3845
f 3761 3827 3882
f 3768 3823 3865
f 3766 3808 3886
f 3745 3776 3846
f 3756 3815 3875
f 3753 3790 3858
f 3748 3779 3854
f 3754 3800 3871
f 3755 3810 3874
f 3758 3816 3881
f 3749 3789 3859
f 3750 3781 3860
f 3763 3802 3883
f 3767 3813 3850
f 3761 3798 3835
f 3744 3775 3831
f 3745 3805 3837
f 3766 3822 3840
f 3768 3828 3843
f 3760 3817 3851
f 3759 3793 3878
f 3751 3782 3863
f 3762 3801 3884
f 3746 3809 3849
f 3758 3792 3869
f 3749 3780 3853
f 3750 3799 3861
f 3763 3811 3873
f 3767 3818 3876
f 3760 3797 3879
f 3759 3826 3866
f 3751 3820 3864
f 3762 3806 3885
f 3746 3777 3848
f 3743 3842 3833
f 3740 3834 3829
f 3739 3832 3830
f 3741 3838 3836
f 3742 3841 3839
f 3744 3845 3844
f 3761 3882 3880
f 3768 3865 3867
f 3766 3886 3888
f 3745 3846 3847
f 3756 3875 3868
f 3753 3858 3855
f 3748 3854 3856
f 3754 3871 3870
f 3755 3874 3872
f 3758 3881 3877
f 3749 3859 3857
f 3750 3860 3862
f 3763 3883 3887
f 3767 3850 3852
f 3833 3770 3773
f 3829 3769 3770
f 3830 3771 3769
f 3836 3772 3771
f 3839 3773 3772
f 3844 3778 3775
f 3880 3796 3798
f 3867 3825 3828
f 3888 3821 3822
f 3847 3807 3805
f 3868 3785 3788
f 3855 3784 3785
f 3856 3786 3784
f 3870 3787 3786
f 3872 3788 3787
f 3877 3791 3792
f 3857 3783 3780
f 3862 3803 3799
f 3887 3812 3811
f 3852 3814 3818
f 3842 3824 3827
f 3834 3794 3795
f 3832 3774 3776
f 3838 3804 3808
f 3841 3819 3823
f 3845 3795 3797
f 3882 3827 3826
f 3865 3823 3820
f 3886 3808 3806
f 3846 3776 3777
f 3875 3815 3816
f 3858 3790 3789
f 3854 3779 3781
f 3871 3800 3802
f 3874 3810 3813
f 3881 3816 3817
f 3859 3789 3793
f 3860 3781 3782
f 3883 3802 3801
f 3850 3813 3809
f 3835 3798 3794
f 3831 3775 3774
f 3837 3805 3804
f 3840 3822 3819
f 3843 3828 3824
f 3851 3817 3814
f 3878 3793 3791
f 3863 3782 3783
f 3884 3801 3803
f 3849 3809 3812
f 3869 3792 3790
f 3853 3780 3779
f 3861 3799 3800
f 3873 3811 3810
f 3876 3818 3815
f 3879 3797 3796
f 3866 3826 3825
f 3864 3820 3821
f 3885 3806 3807
f 3848 3777 3778
f 3833 3842 3835
f 3829 3834 3831
f 3830 3832 3837
f 3836 3838 3840
f 3839 3841 3843
f 3844 3845 3851
f 3880 3882 3878
f 3867 3865 3863
f 3888 3886 3884
f 3847 3846 3849
f 3868 3875 3869
f 3855 3858 3853
f 3856 3854 3861
f 3870 3871 3873
f 3872 3874 3876
f 3877 3881 3879
f 3857 3859 3866
f 3862 3860 3864
f 3887 3883 3885
f 3852 3850 3848
f 3889 3935 3932
f 3889 3932 3931
f 3889 3931 3933
f 3889 3933 3934
f 3889 3934 3935
f 3890 3937 3940
f 3894 3960 3958
f 3900 3990 3987
f 3899 3984 3983
f 3896 3967 3969
f 3892 3950 3947
f 3892 3947 3946
f 3892 3946 3948
f 3892 3948 3949
f 3892 3949 3950
f 3893 3954 3953
f 3891 3942 3945
f 3895 3961 3965
f 3897 3973 3974
f 3898 3980 3976
f 3900 3989 3986
f 3894 3957 3956
f 3890 3938 3936
f 3896 3970 3966
f 3899 3985 3981
f 3894 3959 3957
f 3900 3988 3989
f 3899 3982 3985
f 3896 3968 3970
f 3890 3939 3938
f 3898 3978 3977
f 3893 3951 3952
f 3891 3943 3941
f 3895 3964 3962
f 3897 3975 3972
f 3898 3979 3978
f 3893 3955 3951
f 3891 3944 3943
f 3895 3963 3964
f 3897 3971 3975
f 3894 3956 3960
f 3890 3936 3937
f 3896 3966 3967
f 3899 3981 3984
f 3900 3986 3990
f 3898 3976 3979
f 3893 3953 3955
f 3891 3945 3944
f 3895 3965 3963
f 3897 3974 3971
f 3893 3952 3954
f 3891 3941 3942
f 3895 3962 3961
f 3897 3972 3973
f 3898 3977 3980
f 3894 3958 3959
f 3900 3987 3988
f 3899 3983 3982
f 3896 3969 3968
f 3890 3940 3939
f 3923 3997 4004
f 3906 3993 3996
f 3907 3999 3994
f 3928 4002 4000
f 3930 4005 4003
f 3922 4013 4007
f 3921 4040 4044
f 3913 4025 4027
f 3924 4046 4048
f 3908 4011 4008
f 3920 4031 4037
f 3911 4015 4020
f 3912 4023 4016
f 3925 4035 4033
f 3929 4038 4036
f 3922 4041 4043
f 3921 4028 4021
f 3913 4026 4022
f 3924 4047 4045
f 3908 4010 4012
f 3905 3995 3935
f 3902 3991 3932
f 3901 3992 3931
f 3903 3998 3933
f 3904 4001 3934
f 3906 4006 3937
f 3923 4042 3960
f 3930 4029 3990
f 3928 4050 3984
f 3907 4009 3967
f 3918 4030 3950
f 3915 4017 3947
f 3910 4018 3946
f 3916 4032 3948
f 3917 4034 3949
f 3920 4039 3954
f 3911 4019 3942
f 3912 4024 3961
f 3925 4049 3973
f 3929 4014 3980
f 3923 4004 3989
f 3906 3996 3957
f 3907 3994 3938
f 3928 4000 3970
f 3930 4003 3985
f 3922 4007 3959
f 3921 4044 3988
f 3913 4027 3982
f 3924 4048 3968
f 3908 4008 3939
f 3920 4037 3978
f 3911 4020 3951
f 3912 4016 3943
f 3925 4033 3964
f 3929 4036 3975
f 3922 4043 3979
f 3921 4021 3955
f 3913 4022 3944
f 3924 4045 3963
f 3908 4012 3971
f 3902 3997 3956
f 3901 3993 3936
f 3903 3999 3966
f 3904 4002 3981
f 3905 4005 3986
f 3909 4013 3976
f 3919 4040 3953
f 3914 4025 3945
f 3926 4046 3965
f 3927 4011 3974
f 3915 4031 3952
f 3910 4015 3941
f 3916 4023 3962
f 3917 4035 3972
f 3918 4038 3977
f 3919 4041 3958
f 3914 4028 3987
f 3926 4026 3983
f 3927 4047 3969
f 3909 4010 3940
f 3902 3995 3997
f 3901 3991 3993
f 3903 3992 3999
f 3904 3998 4002
f 3905 4001 4005
f 3909 4006 4013
f 3919 4042 4040
f 3914 4029 4025
f 3926 4050 4046
f 3927 4009 4011
f 3915 4030 4031
f 3910 4017 4015
f 3916 4018 4023
f 3917 4032 4035
f 3918 4034 4038
f 3919 4039 4041
f 3914 4019 4028
f 3926 4024 4026
f 3927 4049 4047
f 3909 4014 4010
f 3902 3932 3995
f 3901 3931 3991
f 3903 3933 3992
f 3904 3934 3998
f 3905 3935 4001
f 3909 3940 4006
f 3919 3958 4042
f 3914 3987 4029
f 3926 3983 4050
f 3927 3969 4009
f 3915 3947 4030
f 3910 3946 4017
f 3916 3948 4018
f 3917 3949 4032
f 3918 3950 4034
f 3919 3953 4039
f 3914 3945 4019
f 3926 3965 4024
f 3927 3974 4049
f 3909 3976 4014
f 3905 3986 4004
f 3902 3956 3996
f 3901 3936 3994
f 3903 3966 4000
f 3904 3981 4003
f 3906 3957 4007
f 3923 3989 4044
f 3930 3985 4027
f 3928 3970 4048
f 3907 3938 4008
f 3918 3977 4037
f 3915 3952 4020
f 3910 3941 4016
f 3916 3962 4033
f 3917 3972 4036
f 3920 3978 4043
f 3911 3951 4021
f 3912 3943 4022
f 3925 3964 4045
f 3929 3975 4012
f 3923 3960 3997
f 3906 3937 3993
f 3907 3967 3999
f 3928 3984 4002
f 3930 3990 4005
f 3922 3979 4013
f 3921 3955 4040
f 3913 3944 4025
f 3924 3963 4046
f 3908 3971 4011
f 3920 3954 4031
f 3911 3942 4015
f 3912 3961 4023
f 3925 3973 4035
f 3929 3980 4038
f 3922 3959 4041
f 3921 3988 4028
f 3913 3982 4026
f 3924 3968 4047
f 3908 3939 4010
f 3905 4004 3995
f 3902 3996 3991
f 3901 3994 3992
f 3903 4000 3998
f 3904 4003 4001
f 3906 4007 4006
f 3923 4044 4042
f 3930 4027 4029
f 3928 4048 4050
f 3907 4008 4009
f 3918 4037 4030
f 3915 4020 4017
f 3910 4016 4018
f 3916 4033 4032
f 3917 4036 4034
f 3920 4043 4039
f 3911 4021 4019
f 3912 4022 4024
f 3925 4045 4049
f 3929 4012 4014
f 3995 3932 3935
f 3991 3931 3932
f 3992 3933 3931
f 3998 3934 3933
f 4001 3935 3934
f 4006 3940 3937
f 4042 3958 3960
f 4029 3987 3990
f 4050 3983 3984
f 4009 3969 3967
f 4030 3947 3950
f 4017 3946 3947
f 4018 3948 3946
f 4032 3949 3948
f 4034 3950 3949
f 4039 3953 3954
f 4019 3945 3942
f 4024 3965 3961
f 4049 3974 3973
f 4014 3976 3980
f 4004 3986 3989
f 3996 3956 3957
f 3994 3936 3938
f 4000 3966 3970
f 4003 3981 3985
f 4007 3957 3959
f 4044 3989 3988
f 4027 3985 3982
f 4048 3970 3968
f 4008 3938 3939
f 4037 3977 3978
f 4020 3952 3951
f 4016 3941 3943
f 4033 3962 3964
f 4036 3972 3975
f 4043 3978 3979
f 4021 3951 3955
f 4022 3943 3944
f 4045 3964 3963
f 4012 3975 3971
f 3997 3960 3956
f 3993 3937 3936
f 3999 3967 3966
f 4002 3984 3981
f 4005 3990 3986
f 4013 3979 3976
f 4040 3955 3953
f 4025 3944 3945
f 4046 3963 3965
f 4011 3971 3974
f 4031 3954 3952
f 4015 3942 3941
f 4023 3961 3962
f 4035 3973 3972
f 4038 3980 3977
f 4041 3959 3958
f 4028 3988 3987
f 4026 3982 3983
f 4047 3968 3969
f 4010 3939 3940
f 3995 4004 3997
f 3991 3996 3993
f 3992 3994 3999
f 3998 4000 4002
f 4001 4003 4005
f 4006 4007 4013
f 4042 4044 4040
f 4029 4027 4025
f 4050 4048 4046
f 4009 4008 4011
f 4030 4037 4031
f 4017 4020 4015
f 4018 4016 4023
f 4032 4033 4035
f 4034 4036 4038
f 4039 4043 4041
f 4019 4021 4028
f 4024 4022 4026
f 4049 4045 4047
f 4014 4012 4010
f 4051 4097 4094
f 4051 4094 4093
f 4051 4093 4095
f 4051 4095 4096
f 4051 4096 4097
f 4052 4099 4102
f 4056 4122 4120
f 4062 4152 4149
f 4061 4146 4145
f 4058 4129 4131
f 4054 4112 4109
f 4054 4109 4108
f 4054 4108 4110
f 4054 4110 4111
f 4054 4111 4112
f 4055 4116 4115
f 4053 4104 4107
f 4057 4123 4127
f 4059 4135 4136
f 4060 4142 4138
f 4062 4151 4148
f 4056 4119 4118
f 4052 4100 4098
f 4058 4132 4128
f 4061 4147 4143
f 4056 4121 4119
f 4062 4150 4151
f 4061 4144 4147
f 4058 4130 4132
f 4052 4101 4100
f 4060 4140 4139
f 4055 4113 4114
f 4053 4105 4103
f 4057 4126 4124
f 4059 4137 4134
f 4060 4141 4140
f 4055 4117 4113
f 4053 4106 4105
f 4057 4125 4126
f 4059 4133 4137
f 4056 4118 4122
f 4052 4098 4099
f 4058 4128 4129
f 4061 4143 4146
f 4062 4148 4152
f 4060 4138 4141
f 4055 4115 4117
f 4053 4107 4106
f 4057 4127 4125
f 4059 4136 4133
f 4055 4114 4116
f 4053 4103 4104
f 4057 4124 4123
f 4059 4134 4135
f 4060 4139 4142
f 4056 4120 4121
f 4062 4149 4150
f 4061 4145 4144
f 4058 4131 4130
f 4052 4102 4101
f 4085 4159 4166
f 4068 4155 4158
f 4069 4161 4156
f 4090 4164 4162
f 4092 4167 4165
f 4084 4175 4169
f 4083 4202 4206
f 4075 4187 4189
f 4086 4208 4210
f 4070 4173 4170
f 4082 4193 4199
f 4073 4177 4182
f 4074 4185 4178
f 4087 4197 4195
f 4091 4200 4198
f 4084 4203 4205
f 4083 4190 4183
f 4075 4188 4184
f 4086 4209 4207
f 4070 4172 4174
f 4067 4157 4097
f 4064 4153 4094
f 4063 4154 4093
f 4065 4160 4095
f 4066 4163 4096
f 4068 4168 4099
f 4085 4204 4122
f 4092 4191 4152
f 4090 4212 4146
f 4069 4171 4129
f 4080 4192 4112
f 4077 4179 4109
f 4072 4180 4108
f 4078 4194 4110
f 4079 4196 4111
f 4082 4201 4116
f 4073 4181 4104
f 4074 4186 4123
f 4087 4211 4135
f 4091 4176 4142
f 4085 4166 4151
f 4068 4158 4119
f 4069 4156 4100
f 4090 4162 4132
f 4092 4165 4147
f 4084 4169 4121
f 4083 4206 4150
f 4075 4189 4144
f 4086 4210 4130
f 4070 4170 4101
f 4082 4199 4140
f 4073 4182 4113
f 4074 4178 4105
f 4087 4195 4126
f 4091 4198 4137
f 4084 4205 4141
f 4083 4183 4117
f 4075 4184 4106
f 4086 4207 4125
f 4070 4174 4133
f 4064 4159 4118
f 4063 4155 4098
f 4065 4161 4128
f 4066 4164 4143
f 4067 4167 4148
f 4071 4175 4138
f 4081 4202 4115
f 4076 4187 4107
f 4088 4208 4127
f 4089 4173 4136
f 4077 4193 4114
f 4072 4177 4103
f 4078 4185 4124
f 4079 4197 4134
f 4080 4200 4139
f 4081 4203 4120
f 4076 4190 4149
f 4088 4188 4145
f 4089 4209 4131
f 4071 4172 4102
f 4064 4157 4159
f 4063 4153 4155
f 4065 4154 4161
f 4066 4160 4164
f 4067 4163 4167
f 4071 4168 4175
f 4081 4204 4202
f 4076 4191 4187
f 4088 4212 4208
f 4089 4171 4173
f 4077 4192 4193
f 4072 4179 4177
f 4078 4180 4185
f 4079 4194 4197
f 4080 4196 4200
f 4081 4201 4203
f 4076 4181 4190
f 4088 4186 4188
f 4089 4211 4209
f 4071 4176 4172
f 4064 4094 4157
f 4063 4093 4153
f 4065 4095 4154
f 4066 4096 4160
f 4067 4097 4163
f 4071 4102 4168
f 4081 4120 4204
f 4076 4149 4191
f 4088 4145 4212
f 4089 4131 4171
f 4077 4109 4192
f 4072 4108 4179
f 4078 4110 4180
f 4079 4111 4194
f 4080 4112 4196
f 4081 4115 4201
f 4076 4107 4181
f 4088 4127 4186
f 4089 4136 4211
f 4071 4138 4176
f 4067 4148 4166
f 4064 4118 4158
f 4063 4098 4156
f 4065 4128 4162
f 4066 4143 4165
f 4068 4119 4169
f 4085 4151 4206
f 4092 4147 4189
f 4090 4132 4210
f 4069 4100 4170
f 4080 4139 4199
f 4077 4114 4182
f 4072 4103 4178
f 4078 4124 4195
f 4079 4134 4198
f 4082 4140 4205
f 4073 4113 4183
f 4074 4105 4184
f 4087 4126 4207
f 4091 4137 4174
f 4085 4122 4159
f 4068 4099 4155
f 4069 4129 4161
f 4090 4146 4164
f 4092 4152 4167
f 4084 4141 4175
f 4083 4117 4202
f 4075 4106 4187
f 4086 4125 4208
f 4070 4133 4173
f 4082 4116 4193
f 4073 4104 4177
f 4074 4123 4185
f 4087 4135 4197
f 4091 4142 4200
f 4084 4121 4203
f 4083 4150 4190
f 4075 4144 4188
f 4086 4130 4209
f 4070 4101 4172
f 4067 4166 4157
f 4064 4158 4153
f 4063 4156 4154
f 4065 4162 4160
f 4066 4165 4163
f 4068 4169 4168
f 4085 4206 4204
f 4092 4189 4191
f 4090 4210 4212
f 4069 4170 4171
f 4080 4199 4192
f 4077 4182 4179
f 4072 4178 4180
f 4078 4195 4194
f 4079 4198 4196
f 4082 4205 4201
f 4073 4183 4181
f 4074 4184 4186
f 4087 4207 4211
f 4091 4174 4176
f 4157 4094 4097
f 4153 4093 4094
f 4154 4095 4093
f 4160 4096 4095
f 4163 4097 4096
f 4168 4102 4099
f 4204 4120 4122
f 4191 4149 4152
f 4212 4145 4146
f 4171 4131 4129
f 4192 4109 4112
f 4179 4108 4109
f 4180 4110 4108
f 4194 4111 4110
f 4196 4112 4111
f 4201 4115 4116
f 4181 4107 4104
f 4186 4127 4123
f 4211 4136 4135
f 4176 4138 4142
f 4166 4148 4151
f 4158 4118 4119
f 4156 4098 4100
f 4162 4128 4132
f 4165 4143 4147
f 4169 4119 4121
f 4206 4151 4150
f 4189 4147 4144
f 4210 4132 4130
f 4170 4100 4101
f 4199 4139 4140
f 4182 4114 4113
f 4178 4103 4105
f 4195 4124 4126
f 4198 4134 4137
f 4205 4140 4141
f 4183 4113 4117
f 4184 4105 4106
f 4207 4126 4125
f 4174 4137 4133
f 4159 4122 4118
f 4155 4099 4098
f 4161 4129 4128
f 4164 4146 4143
f 4167 4152 4148
f 4175 4141 4138
f 4202 4117 4115
f 4187 4106 4107
f 4208 4125 4127
f 4173 4133 4136
f 4193 4116 4114
f 4177 4104 4103
f 4185 4123 4124
f 4197 4135 4134
f 4200 4142 4139
f 4203 4121 4120
f 4190 4150 4149
f 4188 4144 4145
f 4209 4130 4131
f 4172 4101 4102
f 4157 4166 4159
f 4153 4158 4155
f 4154 4156 4161
f 4160 4162 4164
f 4163 4165 4167
f 4168 4169 4175
f 4204 4206 4202
f 4191 4189 4187
f 4212 4210 4208
f 4171 4170 4173
f 4192 4199 4193
f 4179 4182 4177
f 4180 4178 4185
f 4194 4195 4197
f 4196 4198 4200
f 4201 4205 4203
f 4181 4183 4190
f 4186 4184 4188
f 4211 4207 4209
f 4176 4174 4172
f 4213 4259 4256
f 4213 4256 4255
f 4213 4255 4257
f 4213 4257 4258
f 4213 4258 4259
f 4214 4261 4264
f 4218 4284 4282
f 4224 4314 4311
f 4223 4308 4307
f 4220 4291 4293
f 4216 4274 4271
f 4216 4271 4270
f 4216 4270 4272
f 4216 4272 4273
f 4216 4273 4274
f 4217 4278 4277
f 4215 4266 4269
f 4219 4285 4289
f 4221 4297 4298
f 4222 4304 4300
f 4224 4313 4310
f 4218 4281 4280
f 4214 4262 4260
f 4220 4294 4290
f 4223 4309 4305
f 4218 4283 4281
f 4224 4312 4313
f 4223 4306 4309
f 4220 4292 4294
f 4214 4263 4262
f 4222 4302 4301
f 4217 4275 4276
f 4215 4267 4265
f 4219 4288 4286
f 4221 4299 4296
f 4222 4303 4302
f 4217 4279 4275
f 4215 4268 4267
f 4219 4287 4288
f 4221 4295 4299
f 4218 4280 4284
f 4214 4260 4261
f 4220 4290 4291
f 4223 4305 4308
f 4224 4310 4314
f 4222 4300 4303
f 4217 4277 4279
f 4215 4269 4268
f 4219 4289 4287
f 4221 4298 4295
f 4217 4276 4278
f 4215 4265 4266
f 4219 4286 4285
f 4221 4296 4297
f 4222 4301 4304
f 4218 4282 4283
f 4224 4311 4312
f 4223 4307 4306
f 4220 4293 4292
f 4214 4264 4263
f 4247 4321 4328
f 4230 4317 4320
f 4231 4323 4318
f 4252 4326 4324
f 4254 4329 4327
f 4246 4337 4331
f 4245 4364 4368
f 4237 4349 4351
f 4248 4370 4372
f 4232 4335 4332
f 4244 4355 4361
f 4235 4339 4344
f 4236 4347 4340
f 4249 4359 4357
f 4253 4362 4360
f 4246 4365 4367
f 4245 4352 4345
f 4237 4350 4346
f 4248 4371 4369
f 4232 4334 4336
f 4229 4319 4259
f 4226 4315 4256
f 4225 4316 4255
f 4227 4322 4257
f 4228 4325 4258
f 4230 4330 4261
f 4247 4366 4284
f 4254 4353 4314
f 4252 4374 4308
f 4231 4333 4291
f 4242 4354 4274
f 4239 4341 4271
f 4234 4342 4270
f 4240 4356 4272
f 4241 4358 4273
f 4244 4363 4278
f 4235 4343 4266
f 4236 4348 4285
f 4249 4373 4297
f 4253 4338 4304
f 4247 4328 4313
f 4230 4320 4281
f 4231 4318 4262
f 4252 4324 4294
f 4254 4327 4309
f 4246 4331 4283
f 4245 4368 4312
f 4237 4351 4306
f 4248 4372 4292
f 4232 4332 4263
f 4244 4361 4302
f 4235 4344 4275
f 4236 4340 4267
f 4249 4357 4288
f 4253 4360 4299
f 4246 4367 4303
f 4245 4345 4279
f 4237 4346 4268
f 4248 4369 4287
f 4232 4336 4295
f 4226 4321 4280
f 4225 4317 4260
f 4227 4323 4290
f 4228 4326 4305
f 4229 4329 4310
f 4233 4337 4300
f 4243 4364 4277
f 4238 4349 4269
f 4250 4370 4289
f 4251 4335 4298
f 4239 4355 4276
f 4234 4339 4265
f 4240 4347 4286
f 4241 4359 4296
f 4242 4362 4301
f 4243 4365 4282
f 4238 4352 4311
f 4250 4350 4307
f 4251 4371 4293
f 4233 4334 4264
f 4226 4319 4321
f 4225 4315 4317
f 4227 4316 4323
f 4228 4322 4326
f 4229 4325 4329
f 4233 4330 4337
f 4243 4366 4364
f 4238 4353 4349
f 4250 4374 4370
f 4251 4333 4335
f 4239 4354 4355
f 4234 4341 4339
f 4240 4342 4347
f 4241 4356 4359
f 4242 4358 4362
f 4243 4363 4365
f 4238 4343 4352
f 4250 4348 4350
f 4251 4373 4371
f 4233 4338 4334
f 4226 4256 4319
f 4225 4255 4315
f 4227 4257 4316
f 4228 4258 4322
f 4229 4259 4325
f 4233 4264 4330
f 4243 4282 4366
f 4238 4311 4353
f 4250 4307 4374
f 4251 4293 4333
f 4239 4271 4354
f 4234 4270 4341
f 4240 4272 4342
f 4241 4273 4356
f 4242 4274 4358
f 4243 4277 4363
f 4238 4269 4343
f 4250 4289 4348
f 4251 4298 4373
f 4233 4300 4338
f 4229 4310 4328
f 4226 4280 4320
f 4225 4260 4318
f 4227 4290 4324
f 4228 4305 4327
f 4230 4281 4331
f 4247 4313 4368
f 4254 4309 4351
f 4252 4294 4372
f 4231 4262 4332
f 4242 4301 4361
f 4239 4276 4344
f 4234 4265 4340
f 4240 4286 4357
f 4241 4296 4360
f 4244 4302 4367
f 4235 4275 4345
f 4236 4267 4346
f 4249 4288 4369
f 4253 4299 4336
f 4247 4284 4321
f 4230 4261 4317
f 4231 4291 4323
f 4252 4308 4326
f 4254 4314 4329
f 4246 4303 4337
f 4245 4279 4364
f 4237 4268 4349
f 4248 4287 4370
f 4232 4295 4335
f 4244 4278 4355
f 4235 4266 4339
f 4236 4285 4347
f 4249 4297 4359
f 4253 4304 4362
f 4246 4283 4365
f 4245 4312 4352
f 4237 4306 4350
f 4248 4292 4371
f 4232 4263 4334
f 4229 4328 4319
f 4226 4320 4315
f 4225 4318 4316
f 4227 4324 4322
f 4228 4327 4325
f 4230 4331 4330
f 4247 4368 4366
f 4254 4351 4353
f 4252 4372 4374
f 4231 4332 4333
f 4242 4361 4354
f 4239 4344 4341
f 4234 4340 4342
f 4240 4357 4356
f 4241 4360 4358
f 4244 4367 4363
f 4235 4345 4343
f 4236 4346 4348
f 4249 4369 4373
f 4253 4336 4338
f 4319 4256 4259
f 4315 4255 4256
f 4316 4257 4255
f 4322 4258 4257
f 4325 4259 4258
f 4330 4264 4261
f 4366 4282 4284
f 4353 4311 4314
f 4374 4307 4308
f 4333 4293 4291
f 4354 4271 4274
f 4341 4270 4271
f 4342 4272 4270
f 4356 4273 4272
f 4358 4274 4273
f 4363 4277 4278
f 4343 4269 4266
f 4348 4289 4285
f 4373 4298 4297
f 4338 4300 4304
f 4328 4310 4313
f 4320 4280 4281
f 4318 4260 4262
f 4324 4290 4294
f 4327 4305 4309
f 4331 4281 4283
f 4368 4313 4312
f 4351 4309 4306
f 4372 4294 4292
f 4332 4262 4263
f 4361 4301 4302
f 4344 4276 4275
f 4340 4265 4267
f 4357 4286 4288
f 4360 4296 4299
f 4367 4302 4303
f 4345 4275 4279
f 4346 4267 4268
f 4369 4288 4287
f 4336 4299 4295
f 4321 4284 4280
f 4317 4261 4260
f 4323 4291 4290
f 4326 4308 4305
f 4329 4314 4310
f 4337 4303 4300
f 4364 4279 4277
f 4349 4268 4269
f 4370 4287 4289
f 4335 4295 4298
f 4355 4278 4276
f 4339 4266 4265
f 4347 4285 4286
f 4359 4297 4296
f 4362 4304 4301
f 4365 4283 4282
f 4352 4312 4311
f 4350 4306 4307
f 4371 4292 4293
f 4334 4263 4264
f 4319 4328 4321
f 4315 4320 4317
f 4316 4318 4323
f 4322 4324 4326
f 4325 4327 4329
f 4330 4331 4337
f 4366 4368 4364
f 4353 4351 4349
f 4374 4372 4370
f 4333 4332 4335
f 4354 4361 4355
f 4341 4344 4339
f 4342 4340 4347
f 4356 4357 4359
f 4358 4360 4362
f 4363 4367 4365
f 4343 4345 4352
f 4348 4346 4350
f 4373 4369 4371
f 4338 4336 4334
f 4375 4421 4418
f 4375 4418 4417
f 4375 4417 4419
f 4375 4419 4420
f 4375 4420 4421
f 4376 4423 4426
f 4380 4446 4444
f 4386 4476 4473
f 4385 4470 4469
f 4382 4453 4455
f 4378 4436 4433
f 4378 4433 4432
f 4378 4432 4434
f 4378 4434 4435
f 4378 4435 4436
f 4379 4440 4439
f 4377 4428 4431
f 4381 4447 4451
f 4383 4459 4460
f 4384 4466 4462
f 4386 4475 4472
f 4380 4443 4442
f 4376 4424 4422
f 4382 4456 4452
f 4385 4471 4467
f 4380 4445 4443
f 4386 4474 4475
f 4385 4468 4471
f 4382 4454 4456
f 4376 4425 4424
f 4384 4464 4463
f 4379 4437 4438
f 4377 4429 4427
f 4381 4450 4448
f 4383 4461 4458
f 4384 4465 4464
f 4379 4441 4437
f 4377 4430 4429
f 4381 4449 4450
f 4383 4457 4461
f 4380 4442 4446
f 4376 4422 4423
f 4382 4452 4453
f 4385 4467 4470
f 4386 4472 4476
f 4384 4462 4465
f 4379 4439 4441
f 4377 4431 4430
f 4381 4451 4449
f 4383 4460 4457
f 4379 4438 4440
f 4377 4427 4428
f 4381 4448 4447
f 4383 4458 4459
f 4384 4463 4466
f 4380 4444 4445
f 4386 4473 4474
f 4385 4469 4468
f 4382 4455 4454
f 4376 4426 4425
f 4409 4483 4490
f 4392 4479 4482
f 4393 4485 4480
f 4414 4488 4486
f 4416 4491 4489
f 4408 4499 4493
f 4407 4526 4530
f 4399 4511 4513
f 4410 4532 4534
f 4394 4497 4494
f 4406 4517 4523
f 4397 4501 4506
f 4398 4509 4502
f 4411 4521 4519
f 4415 4524 4522
f 4408 4527 4529
f 4407 4514 4507
f 4399 4512 4508
f 4410 4533 4531
f 4394 4496 4498
f 4391 4481 4421
f 4388 4477 4418
f 4387 4478 4417
f 4389 4484 4419
f 4390 4487 4420
f 4392 4492 4423
f 4409 4528 4446
f 4416 4515 4476
f 4414 4536 4470
f 4393 4495 4453
f 4404 4516 4436
f 4401 4503 4433
f 4396 4504 4432
f 4402 4518 4434
f 4403 4520 4435
f 4406 4525 4440
f 4397 4505 4428
f 4398 4510 4447
f 4411 4535 4459
f 4415 4500 4466
f 4409 4490 4475
f 4392 4482 4443
f 4393 4480 4424
f 4414 4486 4456
f 4416 4489 4471
f 4408 4493 4445
f 4407 4530 4474
f 4399 4513 4468
f 4410 4534 4454
f 4394 4494 4425
f 4406 4523 4464
f 4397 4506 4437
f 4398 4502 4429
f 4411 4519 4450
f 4415 4522 4461
f 4408 4529 4465
f 4407 4507 4441
f 4399 4508 4430
f 4410 4531 4449
f 4394 4498 4457
f 4388 4483 4442
f 4387 4479 4422
f 4389 4485 4452
f 4390 4488 4467
f 4391 4491 4472
f 4395 4499 4462
f 4405 4526 4439
f 4400 4511 4431
f 4412 4532 4451
f 4413 4497 4460
f 4401 4517 4438
f 4396 4501 4427
f 4402 4509 4448
f 4403 4521 4458
f 4404 4524 4463
f 4405 4527 4444
f 4400 4514 4473
f 4412 4512 4469
f 4413 4533 4455
f 4395 4496 4426
f 4388 4481 4483
f 4387 4477 4479
f 4389 4478 4485
f 4390 4484 4488
f 4391 4487 4491
f 4395 4492 4499
f 4405 4528 4526
f 4400 4515 4511
f 4412 4536 4532
f 4413 4495 4497
f 4401 4516 4517
f 4396 4503 4501
f 4402 4504 4509
f 4403 4518 4521
f 4404 4520 4524
f 4405 4525 4527
f 4400 4505 4514
f 4412 4510 4512
f 4413 4535 4533
f 4395 4500 4496
f 4388 4418 4481
f 4387 4417 4477
f 4389 4419 4478
f 4390 4420 4484
f 4391 4421 4487
f 4395 4426 4492
f 4405 4444 4528
f 4400 4473 4515
f 4412 4469 4536
f 4413 4455 4495
f 4401 4433 4516
f 4396 4432 4503
f 4402 4434 4504
f 4403 4435 4518
f 4404 4436 4520
f 4405 4439 4525
f 4400 4431 4505
f 4412 4451 4510
f 4413 4460 4535
f 4395 4462 4500
f 4391 4472 4490
f 4388 4442 4482
f 4387 4422 4480
f 4389 4452 4486
f 4390 4467 4489
f 4392 4443 4493
f 4409 4475 4530
f 4416 4471 4513
f 4414 4456 4534
f 4393 4424 4494
f 4404 4463 4523
f 4401 4438 4506
f 4396 4427 4502
f 4402 4448 4519
f 4403 4458 4522
f 4406 4464 4529
f 4397 4437 4507
f 4398 4429 4508
f 4411 4450 4531
f 4415 4461 4498
f 4409 4446 4483
f 4392 4423 4479
f 4393 4453 4485
f 4414 4470 4488
f 4416 4476 4491
f 4408 4465 4499
f 4407 4441 4526
f 4399 4430 4511
f 4410 4449 4532
f 4394 4457 4497
f 4406 4440 4517
f 4397 4428 4501
f 4398 4447 4509
f 4411 4459 4521
f 4415 4466 4524
f 4408 4445 4527
f 4407 4474 4514
f 4399 4468 4512
f 4410 4454 4533
f 4394 4425 4496
f 4391 4490 4481
f 4388 4482 4477
f 4387 4480 4478
f 4389 4486 4484
f 4390 4489 4487
f 4392 4493 4492
f 4409 4530 4528
f 4416 4513 4515
f 4414 4534 4536
f 4393 4494 4495
f 4404 4523 4516
f 4401 4506 4503
f 4396 4502 4504
f 4402 4519 4518
f 4403 4522 4520
f 4406 4529 4525
f 4397 4507 4505
f 4398 4508 4510
f 4411 4531 4535
f 4415 4498 4500
f 4481 4418 4421
f 4477 4417 4418
f 4478 4419 4417
f 4484 4420 4419
f 4487 4421 4420
f 4492 4426 4423
f 4528 4444 4446
f 4515 4473 4476
f 4536 4469 4470
f 4495 4455 4453
f 4516 4433 4436
f 4503 4432 4433
f 4504 4434 4432
f 4518 4435 4434
f 4520 4436 4435
f 4525 4439 4440
f 4505 4431 4428
f 4510 4451 4447
f 4535 4460 4459
f 4500 4462 4466
f 4490 4472 4475
f 4482 4442 4443
f 4480 4422 4424
f 4486 4452 4456
f 4489 4467 4471
f 4493 4443 4445
f 4530 4475 4474
f 4513 4471 4468
f 4534 4456 4454
f 4494 4424 4425
f 4523 4463 4464
f 4506 4438 4437
f 4502 4427 4429
f 4519 4448 4450
f 4522 4458 4461
f 4529 4464 4465
f 4507 4437 4441
f 4508 4429 4430
f 4531 4450 4449
f 4498 4461 4457
f 4483 4446 4442
f 4479 4423 4422
f 4485 4453 4452
f 4488 4470 4467
f 4491 4476 4472
f 4499 4465 4462
f 4526 4441 4439
f 4511 4430 4431
f 4532 4449 4451
f 4497 4457 4460
f 4517 4440 4438
f 4501 4428 4427
f 4509 4447 4448
f 4521 4459 4458
f 4524 4466 4463
f 4527 4445 4444
f 4514 4474 4473
f 4512 4468 4469
f 4533 4454 4455
f 4496 4425 4426
f 4481 4490 4483
f 4477 4482 4479
f 4478 4480 4485
f 4484 4486 4488
f 4487 4489 4491
f 4492 4493 4499
f 4528 4530 4526
f 4515 4513 4511
f 4536 4534 4532
f 4495 4494 4497
f 4516 4523 4517
f 4503 4506 4501
f 4504 4502 4509
f 4518 4519 4521
f 4520 4522 4524
f 4525 4529 4527
f 4505 4507 4514
f 4510 4508 4512
f 4535 4531 4533
f 4500 4498 4496
f 4537 4583 4580
f 4537 4580 4579
f 4537 4579 4581
f 4537 4581 4582
f 4537 4582 4583
f 4538 4585 4588
f 4542 4608 4606
f 4548 4638 4635
f 4547 4632 4631
f 4544 4615 4617
f 4540 4598 4595
f 4540 4595 4594
f 4540 4594 4596
f 4540 4596 4597
f 4540 4597 4598
f 4541 4602 4601
f 4539 4590 4593
f 4543 4609 4613
f 4545 4621 4622
f 4546 4628 4624
f 4548 4637 4634
f 4542 4605 4604
f 4538 4586 4584
f 4544 4618 4614
f 4547 4633 4629
f 4542 4607 4605
f 4548 4636 4637
f 4547 4630 4633
f 4544 4616 4618
f 4538 4587 4586
f 4546 4626 4625
f 4541 4599 4600
f 4539 4591 4589
f 4543 4612 4610
f 4545 4623 4620
f 4546 4627 4626
f 4541 4603 4599
f 4539 4592 4591
f 4543 4611 4612
f 4545 4619 4623
f 4542 4604 4608
f 4538 4584 4585
f 4544 4614 4615
f 4547 4629 4632
f 4548 4634 4638
f 4546 4624 4627
f 4541 4601 4603
f 4539 4593 4592
f 4543 4613 4611
f 4545 4622 4619
f 4541 4600 4602
f 4539 4589 4590
f 4543 4610 4609
f 4545 4620 4621
f 4546 4625 4628
f 4542 4606 4607
f 4548 4635 4636
f 4547 4631 4630
f 4544 4617 4616
f 4538 4588 4587
f 4571 4645 4652
f 4554 4641 4644
f 4555 4647 4642
f 4576 4650 4648
f 4578 4653 4651
f 4570 4661 4655
f 4569 4688 4692
f 4561 4673 4675
f 4572 4694 4696
f 4556 4659 4656
f 4568 4679 4685
f 4559 4663 4668
f 4560 4671 4664
f 4573 4683 4681
f 4577 4686 4684
f 4570 4689 4691
f 4569 4676 4669
f 4561 4674 4670
f 4572 4695 4693
f 4556 4658 4660
f 4553 4643 4583
f 4550 4639 4580
f 4549 4640 4579
f 4551 4646 4581
f 4552 4649 4582
f 4554 4654 4585
f 4571 4690 4608
f 4578 4677 4638
f 4576 4698 4632
f 4555 4657 4615
f 4566 4678 4598
f 4563 4665 4595
f 4558 4666 4594
f 4564 4680 4596
f 4565 4682 4597
f 4568 4687 4602
f 4559 4667 4590
f 4560 4672 4609
f 4573 4697 4621
f 4577 4662 4628
f 4571 4652 4637
f 4554 4644 4605
f 4555 4642 4586
f 4576 4648 4618
f 4578 4651 4633
f 4570 4655 4607
f 4569 4692 4636
f 4561 4675 4630
f 4572 4696 4616
f 4556 4656 4587
f 4568 4685 4626
f 4559 4668 4599
f 4560 4664 4591
f 4573 4681 4612
f 4577 4684 4623
f 4570 4691 4627
f 4569 4669 4603
f 4561 4670 4592
f 4572 4693 4611
f 4556 4660 4619
f 4550 4645 4604
f 4549 4641 4584
f 4551 4647 4614
f 4552 4650 4629
f 4553 4653 4634
f 4557 4661 4624
f 4567 4688 4601
f 4562 4673 4593
f 4574 4694 4613
f 4575 4659 4622
f 4563 4679 4600
f 4558 4663 4589
f 4564 4671 4610
f 4565 4683 4620
f 4566 4686 4625
f 4567 4689 4606
f 4562 4676 4635
f 4574 4674 4631
f 4575 4695 4617
f 4557 4658 4588
f 4550 4643 4645
f 4549 4639 4641
f 4551 4640 4647
f 4552 4646 4650
f 4553 4649 4653
f 4557 4654 4661
f 4567 4690 4688
f 4562 4677 4673
f 4574 4698 4694
f 4575 4657 4659
f 4563 4678 4679
f 4558 4665 4663
f 4564 4666 4671
f 4565 4680 4683
f 4566 4682 4686
f 4567 4687 4689
f 4562 4667 4676
f 4574 4672 4674
f 4575 4697 4695
f 4557 4662 4658
f 4550 4580 4643
f 4549 4579 4639
f 4551 4581 4640
f 4552 4582 4646
f 4553 4583 4649
f 4557 4588 4654
f 4567 4606 4690
f 4562 4635 4677
f 4574 4631 4698
f 4575 4617 4657
f 4563 4595 4678
f 4558 4594 4665
f 4564 4596 4666
f 4565 4597 4680
f 4566 4598 4682
f 4567 4601 4687
f 4562 4593 4667
f 4574 4613 4672
f 4575 4622 4697
f 4557 4624 4662
f 4553 4634 4652
f 4550 4604 4644
f 4549 4584 4642
f 4551 4614 4648
f 4552 4629 4651
f 4554 4605 4655
f 4571 4637 4692
f 4578 4633 4675
f 4576 4618 4696
f 4555 4586 4656
f 4566 4625 4685
f 4563 4600 4668
f 4558 4589 4664
f 4564 4610 4681
f 4565 4620 4684
f 4568 4626 4691
f 4559 4599 4669
f 4560 4591 4670
f 4573 4612 4693
f 4577 4623 4660
f 4571 4608 4645
f 4554 4585 4641
f 4555 4615 4647
f 4576 4632 4650
f 4578 4638 4653
f 4570 4627 4661
f 4569 4603 4688
f 4561 4592 4673
f 4572 4611 4694
f 4556 4619 4659
f 4568 4602 4679
f 4559 4590 4663
f 4560 4609 4671
f 4573 4621 4683
f 4577 4628 4686
f 4570 4607 4689
f 4569 4636 4676
f 4561 4630 4674
f 4572 4616 4695
f 4556 4587 4658
f 4553 4652 4643
f 4550 4644 4639
f 4549 4642 4640
f 4551 4648 4646
f 4552 4651 4649
f 4554 4655 4654
f 4571 4692 4690
f 4578 4675 4677
f 4576 4696 4698
f 4555 4656 4657
f 4566 4685 4678
f 4563 4668 4665
f 4558 4664 4666
f 4564 4681 4680
f 4565 4684 4682
f 4568 4691 4687
f 4559 4669 4667
f 4560 4670 4672
f 4573 4693 4697
f 4577 4660 4662
f 4643 4580 4583
f 4639 4579 4580
f 4640 4581 4579
f 4646 4582 4581
f 4649 4583 4582
f 4654 4588 4585
f 4690 4606 4608
f 4677 4635 4638
f 4698 4631 4632
f 4657 4617 4615
f 4678 4595 4598
f 4665 4594 4595
f 4666 4596 4594
f 4680 4597 4596
f 4682 4598 4597
f 4687 4601 4602
f 4667 4593 4590
f 4672 4613 4609
f 4697 4622 4621
f 4662 4624 4628
f 4652 4634 4637
f 4644 4604 4605
f 4642 4584 4586
f 4648 4614 4618
f 4651 4629 4633
f 4655 4605 4607
f 4692 4637 4636
f 4675 4633 4630
f 4696 4618 4616
f 4656 4586 4587
f 4685 4625 4626
f 4668 4600 4599
f 4664 4589 4591
f 4681 4610 4612
f 4684 4620 4623
f 4691 4626 4627
f 4669 4599 4603
f 4670 4591 4592
f 4693 4612 4611
f 4660 4623 4619
f 4645 4608 4604
f 4641 4585 4584
f 4647 4615 4614
f 4650 4632 4629
f 4653 4638 4634
f 4661 4627 4624
f 4688 4603 4601
f 4673 4592 4593
f 4694 4611 4613
f 4659 4619 4622
f 4679 4602 4600
f 4663 4590 4589
f 4671 4609 4610
f 4683 4621 4620
f 4686 4628 4625
f 4689 4607 4606
f 4676 4636 4635
f 4674 4630 4631
f 4695 4616 4617
f 4658 4587 4588
f 4643 4652 4645
f 4639 4644 4641
f 4640 4642 4647
f 4646 4648 4650
f 4649 4651 4653
f 4654 4655 4661
f 4690 4692 4688
f 4677 4675 4673
f 4698 4696 4694
f 4657 4656 4659
f 4678 4685 4679
f 4665 4668 4663
f 4666 4664 4671
f 4680 4681 4683
f 4682 4684 4686
f 4687 4691 4689
f 4667 4669 4676
f 4672 4670 4674
f 4697 4693 4695
f 4662 4660 4658
f 4699 4745 4742
f 4699 4742 4741
f 4699 4741 4743
f 4699 4743 4744
f 4699 4744 4745
f 4700 4747 4750
f 4704 4770 4768
f 4710 4800 4797
f 4709 4794 4793
f 4706 4777 4779
f 4702 4760 4757
f 4702 4757 4756
f 4702 4756 4758
f 4702 4758 4759
f 4702 4759 4760
f 4703 4764 4763
f 4701 4752 4755
f 4705 4771 4775
f 4707 4783 4784
f 4708 4790 4786
f 4710 4799 4796
f 4704 4767 4766
f 4700 4748 4746
f 4706 4780 4776
f 4709 4795 4791
f 4704 4769 4767
f 4710 4798 4799
f 4709 4792 4795
f 4706 4778 4780
f 4700 4749 4748
f 4708 4788 4787
f 4703 4761 4762
f 4701 4753 4751
f 4705 4774 4772
f 4707 4785 4782
f 4708 4789 4788
f 4703 4765 4761
f 4701 4754 4753
f 4705 4773 4774
f 4707 4781 4785
f 4704 4766 4770
f 4700 4746 4747
f 4706 4776 4777
f 4709 4791 4794
f 4710 4796 4800
f 4708 4786 4789
f 4703 4763 4765
f 4701 4755 4754
f 4705 4775 4773
f 4707 4784 4781
f 4703 4762 4764
f 4701 4751 4752
f 4705 4772 4771
f 4707 4782 4783
f 4708 4787 4790
f 4704 4768 4769
f 4710 4797 4798
f 4709 4793 4792
f 4706 4779 4778
f 4700 4750 4749
f 4733 4807 4814
f 4716 4803 4806
f 4717 4809 4804
f 4738 4812 4810
f 4740 4815 4813
f 4732 4823 4817
f 4731 4850 4854
f 4723 4835 4837
f 4734 4856 4858
f 4718 4821 4818
f 4730 4841 4847
f 4721 4825 4830
f 4722 4833 4826
f 4735 4845 4843
f 4739 4848 4846
f 4732 4851 4853
f 4731 4838 4831
f 4723 4836 4832
f 4734 4857 4855
f 4718 4820 4822
f 4715 4805 4745
f 4712 4801 4742
f 4711 4802 4741
f 4713 4808 4743
f 4714 4811 4744
f 4716 4816 4747
f 4733 4852 4770
f 4740 4839 4800
f 4738 4860 4794
f 4717 4819 4777
f 4728 4840 4760
f 4725 4827 4757
f 4720 4828 4756
f 4726 4842 4758
f 4727 4844 4759
f 4730 4849 4764
f 4721 4829 4752
f 4722 4834 4771
f 4735 4859 4783
f 4739 4824 4790
f 4733 4814 4799
f 4716 4806 4767
f 4717 4804 4748
f 4738 4810 4780
f 4740 4813 4795
f 4732 4817 4769
f 4731 4854 4798
f 4723 4837 4792
f 4734 4858 4778
f 4718 4818 4749
f 4730 4847 4788
f 4721 4830 4761
f 4722 4826 4753
f 4735 4843 4774
f 4739 4846 4785
f 4732 4853 4789
f 4731 4831 4765
f 4723 4832 4754
f 4734 4855 4773
f 4718 4822 4781
f 4712 4807 4766
f 4711 4803 4746
f 4713 4809 4776
f 4714 4812 4791
f 4715 4815 4796
f 4719 4823 4786
f 4729 4850 4763
f 4724 4835 4755
f 4736 4856 4775
f 4737 4821 4784
f 4725 4841 4762
f 4720 4825 4751
f 4726 4833 4772
f 4727 4845 4782
f 4728 4848 4787
f 4729 4851 4768
f 4724 4838 4797
f 4736 4836 4793
f 4737 4857 4779
f 4719 4820 4750
f 4712 4805 4807
f 4711 4801 4803
f 4713 4802 4809
f 4714 4808 4812
f 4715 4811 4815
f 4719 4816 4823
f 4729 4852 4850
f 4724 4839 4835
f 4736 4860 4856
f 4737 4819 4821
f 4725 4840 4841
f 4720 4827 4825
f 4726 4828 4833
f 4727 4842 4845
f 4728 4844 4848
f 4729 4849 4851
f 4724 4829 4838
f 4736 4834 4836
f 4737 4859 4857
f 4719 4824 4820
f 4712 4742 4805
f 4711 4741 4801
f 4713 4743 4802
f 4714 4744 4808
f 4715 4745 4811
f 4719 4750 4816
f 4729 4768 4852
f 4724 4797 4839
f 4736 4793 4860
f 4737 4779 4819
f 4725 4757 4840
f 4720 4756 4827
f 4726 4758 4828
f 4727 4759 4842
f 4728 4760 4844
f 4729 4763 4849
f 4724 4755 4829
f 4736 4775 4834
f 4737 4784 4859
f 4719 4786 4824
f 4715 4796 4814
f 4712 4766 4806
f 4711 4746 4804
f 4713 4776 4810
f 4714 4791 4813
f 4716 4767 4817
f 4733 4799 4854
f 4740 4795 4837
f 4738 4780 4858
f 4717 4748 4818
f 4728 4787 4847
f 4725 4762 4830
f 4720 4751 4826
f 4726 4772 4843
f 4727 4782 4846
f 4730 4788 4853
f 4721 4761 4831
f 4722 4753 4832
f 4735 4774 4855
f 4739 4785 4822
f 4733 4770 4807
f 4716 4747 4803
f 4717 4777 4809
f 4738 4794 4812
f 4740 4800 4815
f 4732 4789 4823
f 4731 4765 4850
f 4723 4754 4835
f 4734 4773 4856
f 4718 4781 4821
f 4730 4764 4841
f 4721 4752 4825
f 4722 4771 4833
f 4735 4783 4845
f 4739 4790 4848
f 4732 4769 4851
f 4731 4798 4838
f 4723 4792 4836
f 4734 4778 4857
f 4718 4749 4820
f 4715 4814 4805
f 4712 4806 4801
f 4711 4804 4802
f 4713 4810 4808
f 4714 4813 4811
f 4716 4817 4816
f 4733 4854 4852
f 4740 4837 4839
f 4738 4858 4860
f 4717 4818 4819
f 4728 4847 4840
f 4725 4830 4827
f 4720 4826 4828
f 4726 4843 4842
f 4727 4846 4844
f 4730 4853 4849
f 4721 4831 4829
f 4722 4832 4834
f 4735 4855 4859
f 4739 4822 4824
f 4805 4742 4745
f 4801 4741 4742
f 4802 4743 4741
f 4808 4744 4743
f 4811 4745 4744
f 4816 4750 4747
f 4852 4768 4770
f 4839 4797 4800
f 4860 4793 4794
f 4819 4779 4777
f 4840 4757 4760
f 4827 4756 4757
f 4828 4758 4756
f 4842 4759 4758
f 4844 4760 4759
f 4849 4763 4764
f 4829 4755 4752
f 4834 4775 4771
f 4859 4784 4783
f 4824 4786 4790
f 4814 4796 4799
f 4806 4766 4767
f 4804 4746 4748
f 4810 4776 4780
f 4813 4791 4795
f 4817 4767 4769
f 4854 4799 4798
f 4837 4795 4792
f 4858 4780 4778
f 4818 4748 4749
f 4847 4787 4788
f 4830 4762 4761
f 4826 4751 4753
f 4843 4772 4774
f 4846 4782 4785
f 4853 4788 4789
f 4831 4761 4765
f 4832 4753 4754
f 4855 4774 4773
f 4822 4785 4781
f 4807 4770 4766
f 4803 4747 4746
f 4809 4777 4776
f 4812 4794 4791
f 4815 4800 4796
f 4823 4789 4786
f 4850 4765 4763
f 4835 4754 4755
f 4856 4773 4775
f 4821 4781 4784
f 4841 4764 4762
f 4825 4752 4751
f 4833 4771 4772
f 4845 4783 4782
f 4848 4790 4787
f 4851 4769 4768
f 4838 4798 4797
f 4836 4792 4793
f 4857 4778 4779
f 4820 4749 4750
f 4805 4814 4807
f 4801 4806 4803
f 4802 4804 4809
f 4808 4810 4812
f 4811 4813 4815
f 4816 4817 4823
f 4852 4854 4850
f 4839 4837 4835
f 4860 4858 4856
f 4819 4818 4821
f 4840 4847 4841
f 4827 4830 4825
f 4828 4826 4833
f 4842 4843 4845
f 4844 4846 4848
f 4849 4853 4851
f 4829 4831 4838
f 4834 4832 4836
f 4859 4855 4857
f 4824 4822 4820
f 4861 4907 4904
f 4861 4904 4903
f 4861 4903 4905
f 4861 4905 4906
f 4861 4906 4907
f 4862 4909 4912
f 4866 4932 4930
f 4872 4962 4959
f 4871 4956 4955
f 4868 4939 4941
f 4864 4922 4919
f 4864 4919 4918
f 4864 4918 4920
f 4864 4920 4921
f 4864 4921 4922
f 4865 4926 4925
f 4863 4914 4917
f 4867 4933 4937
f 4869 4945 4946
f 4870 4952 4948
f 4872 4961 4958
f 4866 4929 4928
f 4862 4910 4908
f 4868 4942 4938
f 4871 4957 4953
f 4866 4931 4929
f 4872 4960 4961
f 4871 4954 4957
f 4868 4940 4942
f 4862 4911 4910
f 4870 4950 4949
f 4865 4923 4924
f 4863 4915 4913
f 4867 4936 4934
f 4869 4947 4944
f 4870 4951 4950
f 4865 4927 4923
f 4863 4916 4915
f 4867 4935 4936
f 4869 4943 4947
f 4866 4928 4932
f 4862 4908 4909
f 4868 4938 4939
f 4871 4953 4956
f 4872 4958 4962
f 4870 4948 4951
f 4865 4925 4927
f 4863 4917 4916
f 4867 4937 4935
f 4869 4946 4943
f 4865 4924 4926
f 4863 4913 4914
f 4867 4934 4933
f 4869 4944 4945
f 4870 4949 4952
f 4866 4930 4931
f 4872 4959 4960
f 4871 4955 4954
f 4868 4941 4940
f 4862 4912 4911
f 4895 4969 4976
f 4878 4965 4968
f 4879 4971 4966
f 4900 4974 4972
f 4902 4977 4975
f 4894 4985 4979
f 4893 5012 5016
f 4885 4997 4999
f 4896 5018 5020
f 4880 4983 4980
f 4892 5003 5009
f 4883 4987 4992
f 4884 4995 4988
f 4897 5007 5005
f 4901 5010 5008
f 4894 5013 5015
f 4893 5000 4993
f 4885 4998 4994
f 4896 5019 5017
f 4880 4982 4984
f 4877 4967 4907
f 4874 4963 4904
f 4873 4964 4903
f 4875 4970 4905
f 4876 4973 4906
f 4878 4978 4909
f 4895 5014 4932
f 4902 5001 4962
f 4900 5022 4956
f 4879 4981 4939
f 4890 5002 4922
f 4887 4989 4919
f 4882 4990 4918
f 4888 5004 4920
f 4889 5006 4921
f 4892 5011 4926
f 4883 4991 4914
f 4884 4996 4933
f 4897 5021 4945
f 4901 4986 4952
f 4895 4976 4961
f 4878 4968 4929
f 4879 4966 4910
f 4900 4972 4942
f 4902 4975 4957
f 4894 4979 4931
f 4893 5016 4960
f 4885 4999 4954
f 4896 5020 4940
f 4880 4980 4911
f 4892 5009 4950
f 4883 4992 4923
f 4884 4988 4915
f 4897 5005 4936
f 4901 5008 4947
f 4894 5015 4951
f 4893 4993 4927
f 4885 4994 4916
f 4896 5017 4935
f 4880 4984 4943
f 4874 4969 4928
f 4873 4965 4908
f 4875 4971 4938
f 4876 4974 4953
f 4877 4977 4958
f 4881 4985 4948
f 4891 5012 4925
f 4886 4997 4917
f 4898 5018 4937
f 4899 4983 4946
f 4887 5003 4924
f 4882 4987 4913
f 4888 4995 4934
f 4889 5007 4944
f 4890 5010 4949
f 4891 5013 4930
f 4886 5000 4959
f 4898 4998 4955
f 4899 5019 4941
f 4881 4982 4912
f 4874 4967 4969
f 4873 4963 4965
f 4875 4964 4971
f 4876 4970 4974
f 4877 4973 4977
f 4881 4978 4985
f 4891 5014 5012
f 4886 5001 4997
f 4898 5022 5018
f 4899 4981 4983
f 4887 5002 5003
f 4882 4989 4987
f 4888 4990 4995
f 4889 5004 5007
f 4890 5006 5010
f 4891 5011 5013
f 4886 4991 5000
f 4898 4996 4998
f 4899 5021 5019
f 4881 4986 4982
f 4874 4904 4967
f 4873 4903 4963
f 4875 4905 4964
f 4876 4906 4970
f 4877 4907 4973
f 4881 4912 4978
f 4891 4930 5014
f 4886 4959 5001
f 4898 4955 5022
f 4899 4941 4981
f 4887 4919 5002
f 4882 4918 4989
f 4888 4920 4990
f 4889 4921 5004
f 4890 4922 5006
f 4891 4925 5011
f 4886 4917 4991
f 4898 4937 4996
f 4899 4946 5021
f 4881 4948 4986
f 4877 4958 4976
f 4874 4928 4968
f 4873 4908 4966
f 4875 4938 4972
f 4876 4953 4975
f 4878 4929 4979
f 4895 4961 5016
f 4902 4957 4999
f 4900 4942 5020
f 4879 4910 4980
f 4890 4949 5009
f 4887 4924 4992
f 4882 4913 4988
f 4888 4934 5005
f 4889 4944 5008
f 4892 4950 5015
f 4883 4923 4993
f 4884 4915 4994
f 4897 4936 5017
f 4901 4947 4984
f 4895 4932 4969
f 4878 4909 4965
f 4879 4939 4971
f 4900 4956 4974
f 4902 4962 4977
f 4894 4951 4985
f 4893 4927 5012
f 4885 4916 4997
f 4896 4935 5018
f 4880 4943 4983
f 4892 4926 5003
f 4883 4914 4987
f 4884 4933 4995
f 4897 4945 5007
f 4901 4952 5010
f 4894 4931 5013
f 4893 4960 5000
f 4885 4954 4998
f 4896 4940 5019
f 4880 4911 4982
f 4877 4976 4967
f 4874 4968 4963
f 4873 4966 4964
f 4875 4972 4970
f 4876 4975 4973
f 4878 4979 4978
f 4895 5016 5014
f 4902 4999 5001
f 4900 5020 5022
f 4879 4980 4981
f 4890 5009 5002
f 4887 4992 4989
f 4882 4988 4990
f 4888 5005 5004
f 4889 5008 5006
f 4892 5015 5011
f 4883 4993 4991
f 4884 4994 4996
f 4897 5017 5021
f 4901 4984 4986
f 4967 4904 4907
f 4963 4903 4904
f 4964 4905 4903
f 4970 4906 4905
f 4973 4907 4906
f 4978 4912 4909
f 5014 4930 4932
f 5001 4959 4962
f 5022 4955 4956
f 4981 4941 4939
f 5002 4919 4922
f 4989 4918 4919
f 4990 4920 4918
f 5004 4921 4920
f 5006 4922 4921
f 5011 4925 4926
f 4991 4917 4914
f 4996 4937 4933
f 5021 4946 4945
f 4986 4948 4952
f 4976 4958 4961
f 4968 4928 4929
f 4966 4908 4910
f 4972 4938 4942
f 4975 4953 4957
f 4979 4929 4931
f 5016 4961 4960
f 4999 4957 4954
f 5020 4942 4940
f 4980 4910 4911
f 5009 4949 4950
f 4992 4924 4923
f 4988 4913 4915
f 5005 4934 4936
f 5008 4944 4947
f 5015 4950 4951
f 4993 4923 4927
f 4994 4915 4916
f 5017 4936 4935
f 4984 4947 4943
f 4969 4932 4928
f 4965 4909 4908
f 4971 4939 4938
f 4974 4956 4953
f 4977 4962 4958
f 4985 4951 4948
f 5012 4927 4925
f 4997 4916 4917
f 5018 4935 4937
f 4983 4943 4946
f 5003 4926 4924
f 4987 4914 4913
f 4995 4933 4934
f 5007 4945 4944
f 5010 4952 4949
f 5013 4931 4930
f 5000 4960 4959
f 4998 4954 4955
f 5019 4940 4941
f 4982 4911 4912
f 4967 4976 4969
f 4963 4968 4965
f 4964 4966 4971
f 4970 4972 4974
f 4973 4975 4977
f 4978 4979 4985
f 5014 5016 5012
f 5001 4999 4997
f 5022 5020 5018
f 4981 4980 4983
f 5002 5009 5003
f 4989 4992 4987
f 4990 4988 4995
f 5004 5005 5007
f 5006 5008 5010
f 5011 5015 5013
f 4991 4993 5000
f 4996 4994 4998
f 5021 5017 5019
f 4986 4984 4982
f 5023 5069 5066
f 5023 5066 5065
f 5023 5065 5067
f 5023 5067 5068
f 5023 5068 5069
f 5024 5071 5074
f 5028 5094 5092
f 5034 5124 5121
f 5033 5118 5117
f 5030 5101 5103
f 5026 5084 5081
f 5026 5081 5080
f 5026 5080 5082
f 5026 5082 5083
f 5026 5083 5084
f 5027 5088 5087
f 5025 5076 5079
f 5029 5095 5099
f 5031 5107 5108
f 5032 5114 5110
f 5034 5123 5120
f 5028 5091 5090
f 5024 5072 5070
f 5030 5104 5100
f 5033 5119 5115
f 5028 5093 5091
f 5034 5122 5123
f 5033 5116 5119
f 5030 5102 5104
f 5024 5073 5072
f 5032 5112 5111
f 5027 5085 5086
f 5025 5077 5075
f 5029 5098 5096
f 5031 5109 5106
f 5032 5113 5112
f 5027 5089 5085
f 5025 5078 5077
f 5029 5097 5098
f 5031 5105 5109
f 5028 5090 5094
f 5024 5070 5071
f 5030 5100 5101
f 5033 5115 5118
f 5034 5120 5124
f 5032 5110 5113
f 5027 5087 5089
f 5025 5079 5078
f 5029 5099 5097
f 5031 5108 5105
f 5027 5086 5088
f 5025 5075 5076
f 5029 5096 5095
f 5031 5106 5107
f 5032 5111 5114
f 5028 5092 5093
f 5034 5121 5122
f 5033 5117 5116
f 5030 5103 5102
f 5024 5074 5073
f 5057 5131 5138
f 5040 5127 5130
f 5041 5133 5128
f 5062 5136 5134
f 5064 5139 5137
f 5056 5147 5141
f 5055 5174 5178
f 5047 5159 5161
f 5058 5180 5182
f 5042 5145 5142
f 5054 5165 5171
f 5045 5149 5154
f 5046 5157 5150
f 5059 5169 5167
f 5063 5172 5170
f 5056 5175 5177
f 5055 5162 5155
f 5047 5160 5156
f 5058 5181 5179
f 5042 5144 5146
f 5039 5129 5069
f 5036 5125 5066
f 5035 5126 5065
f 5037 5132 5067
f 5038 5135 5068
f 5040 5140 5071
f 5057 5176 5094
f 5064 5163 5124
f 5062 5184 5118
f 5041 5143 5101
f 5052 5164 5084
f 5049 5151 5081
f 5044 5152 5080
f 5050 5166 5082
f 5051 5168 5083
f 5054 5173 5088
f 5045 5153 5076
f 5046 5158 5095
f 5059 5183 5107
f 5063 5148 5114
f 5057 5138 5123
f 5040 5130 5091
f 5041 5128 5072
f 5062 5134 5104
f 5064 5137 5119
f 5056 5141 5093
f 5055 5178 5122
f 5047 5161 5116
f 5058 5182 5102
f 5042 5142 5073
f 5054 5171 5112
f 5045 5154 5085
f 5046 5150 5077
f 5059 5167 5098
f 5063 5170 5109
f 5056 5177 5113
f 5055 5155 5089
f 5047 5156 5078
f 5058 5179 5097
f 5042 5146 5105
f 5036 5131 5090
f 5035 5127 5070
f 5037 5133 5100
f 5038 5136 5115
f 5039 5139 5120
f 5043 5147 5110
f 5053 5174 5087
f 5048 5159 5079
f 5060 5180 5099
f 5061 5145 5108
f 5049 5165 5086
f 5044 5149 5075
f 5050 5157 5096
f 5051 5169 5106
f 5052 5172 5111
f 5053 5175 5092
f 5048 5162 5121
f 5060 5160 5117
f 5061 5181 5103
f 5043 5144 5074
f 5036 5129 5131
f 5035 5125 5127
f 5037 5126 5133
f 5038 5132 5136
f 5039 5135 5139
f 5043 5140 5147
f 5053 5176 5174
f 5048 5163 5159
f 5060 5184 5180
f 5061 5143 5145
f 5049 5164 5165
f 5044 5151 5149
f 5050 5152 5157
f 5051 5166 5169
f 5052 5168 5172
f 5053 5173 5175
f 5048 5153 5162
f 5060 5158 5160
f 5061 5183 5181
f 5043 5148 5144
f 5036 5066 5129
f 5035 5065 5125
f 5037 5067 5126
f 5038 5068 5132
f 5039 5069 5135
f 5043 5074 5140
f 5053 5092 5176
f 5048 5121 5163
f 5060 5117 5184
f 5061 5103 5143
f 5049 5081 5164
f 5044 5080 5151
f 5050 5082 5152
f 5051 5083 5166
f 5052 5084 5168
f 5053 5087 5173
f 5048 5079 5153
f 5060 5099 5158
f 5061 5108 5183
f 5043 5110 5148
f 5039 5120 5138
f 5036 5090 5130
f 5035 5070 5128
f 5037 5100 5134
f 5038 5115 5137
f 5040 5091 5141
f 5057 5123 5178
f 5064 5119 5161
f 5062 5104 5182
f 5041 5072 5142
f 5052 5111 5171
f 5049 5086 5154
f 5044 5075 5150
f 5050 5096 5167
f 5051 5106 5170
f 5054 5112 5177
f 5045 5085 5155
f 5046 5077 5156
f 5059 5098 5179
f 5063 5109 5146
f 5057 5094 5131
f 5040 5071 5127
f 5041 5101 5133
f 5062 5118 5136
f 5064 5124 5139
f 5056 5113 5147
f 5055 5089 5174
f 5047 5078 5159
f 5058 5097 5180
f 5042 5105 5145
f 5054 5088 5165
f 5045 5076 5149
f 5046 5095 5157
f 5059 5107 5169
f 5063 5114 5172
f 5056 5093 5175
f 5055 5122 5162
f 5047 5116 5160
f 5058 5102 5181
f 5042 5073 5144
f 5039 5138 5129
f 5036 5130 5125
f 5035 5128 5126
f 5037 5134 5132
f 5038 5137 5135
f 5040 5141 5140
f 5057 5178 5176
f 5064 5161 5163
f 5062 5182 5184
f 5041 5142 5143
f 5052 5171 5164
f 5049 5154 5151
f 5044 5150 5152
f 5050 5167 5166
f 5051 5170 5168
f 5054 5177 5173
f 5045 5155 5153
f 5046 5156 5158
f 5059 5179 5183
f 5063 5146 5148
f 5129 5066 5069
f 5125 5065 5066
f 5126 5067 5065
f 5132 5068 5067
f 5135 5069 5068
f 5140 5074 5071
f 5176 5092 5094
f 5163 5121 5124
f 5184 5117 5118
f 5143 5103 5101
f 5164 5081 5084
f 5151 5080 5081
f 5152 5082 5080
f 5166 5083 5082
f 5168 5084 5083
f 5173 5087 5088
f 5153 5079 5076
f 5158 5099 5095
f 5183 5108 5107
f 5148 5110 5114
f 5138 5120 5123
f 5130 5090 5091
f 5128 5070 5072
f 5134 5100 5104
f 5137 5115 5119
f 5141 5091 5093
f 5178 5123 5122
f 5161 5119 5116
f 5182 5104 5102
f 5142 5072 5073
f 5171 5111 5112
f 5154 5086 5085
f 5150 5075 5077
f 5167 5096 5098
f 5170 5106 5109
f 5177 5112 5113
f 5155 5085 5089
f 5156 5077 5078
f 5179 5098 5097
f 5146 5109 5105
f 5131 5094 5090
f 5127 5071 5070
f 5133 5101 5100
f 5136 5118 5115
f 5139 5124 5120
f 5147 5113 5110
f 5174 5089 5087
f 5159 5078 5079
f 5180 5097 5099
f 5145 5105 5108
f 5165 5088 5086
f 5149 5076 5075
f 5157 5095 5096
f 5169 5107 5106
f 5172 5114 5111
f 5175 5093 5092
f 5162 5122 5121
f 5160 5116 5117
f 5181 5102 5103
f 5144 5073 5074
f 5129 5138 5131
f 5125 5130 5127
f 5126 5128 5133
f 5132 5134 5136
f 5135 5137 5139
f 5140 5141 5147
f 5176 5178 5174
f 5163 5161 5159
f 5184 5182 5180
f 5143 5142 5145
f 5164 5171 5165
f 5151 5154 5149
f 5152 5150 5157
f 5166 5167 5169
f 5168 5170 5172
f 5173 5177 5175
f 5153 5155 5162
f 5158 5156 5160
f 5183 5179 5181
f 5148 5146 5144
f 5185 5231 5228
f 5185 5228 5227
f 5185 5227 5229
f 5185 5229 5230
f 5185 5230 5231
f 5186 5233 5236
f 5190 5256 5254
f 5196 5286 5283
f 5195 5280 5279
f 5192 5263 5265
f 5188 5246 5243
f 5188 5243 5242
f 5188 5242 5244
f 5188 5244 5245
f 5188 5245 5246
f 5189 5250 5249
f 5187 5238 5241
f 5191 5257 5261
f 5193 5269 5270
f 5194 5276 5272
f 5196 5285 5282
f 5190 5253 5252
f 5186 5234 5232
f 5192 5266 5262
f 5195 5281 5277
f 5190 5255 5253
f 5196 5284 5285
f 5195 5278 5281
f 5192 5264 5266
f 5186 5235 5234
f 5194 5274 5273
f 5189 5247 5248
f 5187 5239 5237
f 5191 5260 5258
f 5193 5271 5268
f 5194 5275 5274
f 5189 5251 5247
f 5187 5240 5239
f 5191 5259 5260
f 5193 5267 5271
f 5190 5252 5256
f 5186 5232 5233
f 5192 5262 5263
f 5195 5277 5280
f 5196 5282 5286
f 5194 5272 5275
f 5189 5249 5251
f 5187 5241 5240
f 5191 5261 5259
f 5193 5270 5267
f 5189 5248 5250
f 5187 5237 5238
f 5191 5258 5257
f 5193 5268 5269
f 5194 5273 5276
f 5190 5254 5255
f 5196 5283 5284
f 5195 5279 5278
f 5192 5265 5264
f 5186 5236 5235
f 5219 5293 5300
f 5202 5289 5292
f 5203 5295 5290
f 5224 5298 5296
f 5226 5301 5299
f 5218 5309 5303
f 5217 5336 5340
f 5209 5321 5323
f 5220 5342 5344
f 5204 5307 5304
f 5216 5327 5333
f 5207 5311 5316
f 5208 5319 5312
f 5221 5331 5329
f 5225 5334 5332
f 5218 5337 5339
f 5217 5324 5317
f 5209 5322 5318
f 5220 5343 5341
f 5204 5306 5308
f 5201 5291 5231
f 5198 5287 5228
f 5197 5288 5227
f 5199 5294 5229
f 5200 5297 5230
f 5202 5302 5233
f 5219 5338 5256
f 5226 5325 5286
f 5224 5346 5280
f 5203 5305 5263
f 5214 5326 5246
f 5211 5313 5243
f 5206 5314 5242
f 5212 5328 5244
f 5213 5330 5245
f 5216 5335 5250
f 5207 5315 5238
f 5208 5320 5257
f 5221 5345 5269
f 5225 5310 5276
f 5219 5300 5285
f 5202 5292 5253
f 5203 5290 5234
f 5224 5296 5266
f 5226 5299 5281
f 5218 5303 5255
f 5217 5340 5284
f 5209 5323 5278
f 5220 5344 5264
f 5204 5304 5235
f 5216 5333 5274
f 5207 5316 5247
f 5208 5312 5239
f 5221 5329 5260
f 5225 5332 5271
f 5218 5339 5275
f 5217 5317 5251
f 5209 5318 5240
f 5220 5341 5259
f 5204 5308 5267
f 5198 5293 5252
f 5197 5289 5232
f 5199 5295 5262
f 5200 5298 5277
f 5201 5301 5282
f 5205 5309 5272
f 5215 5336 5249
f 5210 5321 5241
f 5222 5342 5261
f 5223 5307 5270
f 5211 5327 5248
f 5206 5311 5237
f 5212 5319 5258
f 5213 5331 5268
f 5214 5334 5273
f 5215 5337 5254
f 5210 5324 5283
f 5222 5322 5279
f 5223 5343 5265
f 5205 5306 5236
f 5198 5291 5293
f 5197 5287 5289
f 5199 5288 5295
f 5200 5294 5298
f 5201 5297 5301
f 5205 5302 5309
f 5215 5338 5336
f 5210 5325 5321
f 5222 5346 5342
f 5223 5305 5307
f 5211 5326 5327
f 5206 5313 5311
f 5212 5314 5319
f 5213 5328 5331
f 5214 5330 5334
f 5215 5335 5337
f 5210 5315 5324
f 5222 5320 5322
f 5223 5345 5343
f 5205 5310 5306
f 5198 5228 5291
f 5197 5227 5287
f 5199 5229 5288
f 5200 5230 5294
f 5201 5231 5297
f 5205 5236 5302
f 5215 5254 5338
f 5210 5283 5325
f 5222 5279 5346
f 5223 5265 5305
f 5211 5243 5326
f 5206 5242 5313
f 5212 5244 5314
f 5213 5245 5328
f 5214 5246 5330
f 5215 5249 5335
f 5210 5241 5315
f 5222 5261 5320
f 5223 5270 5345
f 5205 5272 5310
f 5201 5282 5300
f 5198 5252 5292
f 5197 5232 5290
f 5199 5262 5296
f 5200 5277 5299
f 5202 5253 5303
f 5219 5285 5340
f 5226 5281 5323
f 5224 5266 5344
f 5203 5234 5304
f 5214 5273 5333
f 5211 5248 5316
f 5206 5237 5312
f 5212 5258 5329
f 5213 5268 5332
f 5216 5274 5339
f 5207 5247 5317
f 5208 5239 5318
f 5221 5260 5341
f 5225 5271 5308
f 5219 5256 5293
f 5202 5233 5289
f 5203 5263 5295
f 5224 5280 5298
f 5226 5286 5301
f 5218 5275 5309
f 5217 5251 5336
f 5209 5240 5321
f 5220 5259 5342
f 5204 5267 5307
f 5216 5250 5327
f 5207 5238 5311
f 5208 5257 5319
f 5221 5269 5331
f 5225 5276 5334
f 5218 5255 5337
f 5217 5284 5324
f 5209 5278 5322
f 5220 5264 5343
f 5204 5235 5306
f 5201 5300 5291
f 5198 5292 5287
f 5197 5290 5288
f 5199 5296 5294
f 5200 5299 5297
f 5202 5303 5302
f 5219 5340 5338
f 5226 5323 5325
f 5224 5344 5346
f 5203 5304 5305
f 5214 5333 5326
f 5211 5316 5313
f 5206 5312 5314
f 5212 5329 5328
f 5213 5332 5330
f 5216 5339 5335
f 5207 5317 5315
f 5208 5318 5320
f 5221 5341 5345
f 5225 5308 5310
f 5291 5228 5231
f 5287 5227 5228
f 5288 5229 5227
f 5294 5230 5229
f 5297 5231 5230
f 5302 5236 5233
f 5338 5254 5256
f 5325 5283 5286
f 5346 5279 5280
f 5305 5265 5263
f 5326 5243 5246
f 5313 5242 5243
f 5314 5244 5242
f 5328 5245 5244
f 5330 5246 5245
f 5335 5249 5250
f 5315 5241 5238
f 5320 5261 5257
f 5345 5270 5269
f 5310 5272 5276
f 5300 5282 5285
f 5292 5252 5253
f 5290 5232 5234
f 5296 5262 5266
f 5299 5277 5281
f 5303 5253 5255
f 5340 5285 5284
f 5323 5281 5278
f 5344 5266 5264
f 5304 5234 5235
f 5333 5273 5274
f 5316 5248 5247
f 5312 5237 5239
f 5329 5258 5260
f 5332 5268 5271
f 5339 5274 5275
f 5317 5247 5251
f 5318 5239 5240
f 5341 5260 5259
f 5308 5271 5267
f 5293 5256 5252
f 5289 5233 5232
f 5295 5263 5262
f 5298 5280 5277
f 5301 5286 5282
f 5309 5275 5272
f 5336 5251 5249
f 5321 5240 5241
f 5342 5259 5261
f 5307 5267 5270
f 5327 5250 5248
f 5311 5238 5237
f 5319 5257 5258
f 5331 5269 5268
f 5334 5276 5273
f 5337 5255 5254
f 5324 5284 5283
f 5322 5278 5279
f 5343 5264 5265
f 5306 5235 5236
f 5291 5300 5293
f 5287 5292 5289
f 5288 5290 5295
f 5294 5296 5298
f 5297 5299 5301
f 5302 5303 5309
f 5338 5340 5336
f 5325 5323 5321
f 5346 5344 5342
f 5305 5304 5307
f 5326 5333 5327
f 5313 5316 5311
f 5314 5312 5319
f 5328 5329 5331
f 5330 5332 5334
f 5335 5339 5337
f 5315 5317 5324
f 5320 5318 5322
f 5345 5341 5343
f 5310 5308 5306
f 5347 5393 5390
f 5347 5390 5389
f 5347 5389 5391
f 5347 5391 5392
f 5347 5392 5393
f 5348 5395 5398
f 5352 5418 5416
f 5358 5448 5445
f 5357 5442 5441
f 5354 5425 5427
f 5350 5408 5405
f 5350 5405 5404
f 5350 5404 5406
f 5350 5406 5407
f 5350 5407 5408
f 5351 5412 5411
f 5349 5400 5403
f 5353 5419 5423
f 5355 5431 5432
f 5356 5438 5434
f 5358 5447 5444
f 5352 5415 5414
f 5348 5396 5394
f 5354 5428 5424
f 5357 5443 5439
f 5352 5417 5415
f 5358 5446 5447
f 5357 5440 5443
f 5354 5426 5428
f 5348 5397 5396
f 5356 5436 5435
f 5351 5409 5410
f 5349 5401 5399
f 5353 5422 5420
f 5355 5433 5430
f 5356 5437 5436
f 5351 5413 5409
f 5349 5402 5401
f 5353 5421 5422
f 5355 5429 5433
f 5352 5414 5418
f 5348 5394 5395
f 5354 5424 5425
f 5357 5439 5442
f 5358 5444 5448
f 5356 5434 5437
f 5351 5411 5413
f 5349 5403 5402
f 5353 5423 5421
f 5355 5432 5429
f 5351 5410 5412
f 5349 5399 5400
f 5353 5420 5419
f 5355 5430 5431
f 5356 5435 5438
f 5352 5416 5417
f 5358 5445 5446
f 5357 5441 5440
f 5354 5427 5426
f 5348 5398 5397
f 5381 5455 5462
f 5364 5451 5454
f 5365 5457 5452
f 5386 5460 5458
f 5388 5463 5461
f 5380 5471 5465
f 5379 5498 5502
f 5371 5483 5485
f 5382 5504 5506
f 5366 5469 5466
f 5378 5489 5495
f 5369 5473 5478
f 5370 5481 5474
f 5383 5493 5491
f 5387 5496 5494
f 5380 5499 5501
f 5379 5486 5479
f 5371 5484 5480
f 5382 5505 5503
f 5366 5468 5470
f 5363 5453 5393
f 5360 5449 5390
f 5359 5450 5389
f 5361 5456 5391
f 5362 5459 5392
f 5364 5464 5395
f 5381 5500 5418
f 5388 5487 5448
f 5386 5508 5442
f 5365 5467 5425
f 5376 5488 5408
f 5373 5475 5405
f 5368 5476 5404
f 5374 5490 5406
f 5375 5492 5407
f 5378 5497 5412
f 5369 5477 5400
f 5370 5482 5419
f 5383 5507 5431
f 5387 5472 5438
f 5381 5462 5447
f 5364 5454 5415
f 5365 5452 5396
f 5386 5458 5428
f 5388 5461 5443
f 5380 5465 5417
f 5379 5502 5446
f 5371 5485 5440
f 5382 5506 5426
f 5366 5466 5397
f 5378 5495 5436
f 5369 5478 5409
f 5370 5474 5401
f 5383 5491 5422
f 5387 5494 5433
f 5380 5501 5437
f 5379 5479 5413
f 5371 5480 5402
f 5382 5503 5421
f 5366 5470 5429
f 5360 5455 5414
f 5359 5451 5394
f 5361 5457 5424
f 5362 5460 5439
f 5363 5463 5444
f 5367 5471 5434
f 5377 5498 5411
f 5372 5483 5403
f 5384 5504 5423
f 5385 5469 5432
f 5373 5489 5410
f 5368 5473 5399
f 5374 5481 5420
f 5375 5493 5430
f 5376 5496 5435
f 5377 5499 5416
f 5372 5486 5445
f 5384 5484 5441
f 5385 5505 5427
f 5367 5468 5398
f 5360 5453 5455
f 5359 5449 5451
f 5361 5450 5457
f 5362 5456 5460
f 5363 5459 5463
f 5367 5464 5471
f 5377 5500 5498
f 5372 5487 5483
f 5384 5508 5504
f 5385 5467 5469
f 5373 5488 5489
f 5368 5475 5473
f 5374 5476 5481
f 5375 5490 5493
f 5376 5492 5496
f 5377 5497 5499
f 5372 5477 5486
f 5384 5482 5484
f 5385 5507 5505
f 5367 5472 5468
f 5360 5390 5453
f 5359 5389 5449
f 5361 5391 5450
f 5362 5392 5456
f 5363 5393 5459
f 5367 5398 5464
f 5377 5416 5500
f 5372 5445 5487
f 5384 5441 5508
f 5385 5427 5467
f 5373 5405 5488
f 5368 5404 5475
f 5374 5406 5476
f 5375 5407 5490
f 5376 5408 5492
f 5377 5411 5497
f 5372 5403 5477
f 5384 5423 5482
f 5385 5432 5507
f 5367 5434 5472
f 5363 5444 5462
f 5360 5414 5454
f 5359 5394 5452
f 5361 5424 5458
f 5362 5439 5461
f 5364 5415 5465
f 5381 5447 5502
f 5388 5443 5485
f 5386 5428 5506
f 5365 5396 5466
f 5376 5435 5495
f 5373 5410 5478
f 5368 5399 5474
f 5374 5420 5491
f 5375 5430 5494
f 5378 5436 5501
f 5369 5409 5479
f 5370 5401 5480
f 5383 5422 5503
f 5387 5433 5470
f 5381 5418 5455
f 5364 5395 5451
f 5365 5425 5457
f 5386 5442 5460
f 5388 5448 5463
f 5380 5437 5471
f 5379 5413 5498
f 5371 5402 5483
f 5382 5421 5504
f 5366 5429 5469
f 5378 5412 5489
f 5369 5400 5473
f 5370 5419 5481
f 5383 5431 5493
f 5387 5438 5496
f 5380 5417 5499
f 5379 5446 5486
f 5371 5440 5484
f 5382 5426 5505
f 5366 5397 5468
f 5363 5462 5453
f 5360 5454 5449
f 5359 5452 5450
f 5361 5458 5456
f 5362 5461 5459
f 5364 5465 5464
f 5381 5502 5500
f 5388 5485 5487
f 5386 5506 5508
f 5365 5466 5467
f 5376 5495 5488
f 5373 5478 5475
f 5368 5474 5476
f 5374 5491 5490
f 5375 5494 5492
f 5378 5501 5497
f 5369 5479 5477
f 5370 5480 5482
f 5383 5503 5507
f 5387 5470 5472
f 5453 5390 5393
f 5449 5389 5390
f 5450 5391 5389
f 5456 5392 5391
f 5459 5393 5392
f 5464 5398 5395
f 5500 5416 5418
f 5487 5445 5448
f 5508 5441 5442
f 5467 5427 5425
f 5488 5405 5408
f 5475 5404 5405
f 5476 5406 5404
f 5490 5407 5406
f 5492 5408 5407
f 5497 5411 5412
f 5477 5403 5400
f 5482 5423 5419
f 5507 5432 5431
f 5472 5434 5438
f 5462 5444 5447
f 5454 5414 5415
f 5452 5394 5396
f 5458 5424 5428
f 5461 5439 5443
f 5465 5415 5417
f 5502 5447 5446
f 5485 5443 5440
f 5506 5428 5426
f 5466 5396 5397
f 5495 5435 5436
f 5478 5410 5409
f 5474 5399 5401
f 5491 5420 5422
f 5494 5430 5433
f 5501 5436 5437
f 5479 5409 5413
f 5480 5401 5402
f 5503 5422 5421
f 5470 5433 5429
f 5455 5418 5414
f 5451 5395 5394
f 5457 5425 5424
f 5460 5442 5439
f 5463 5448 5444
f 5471 5437 5434
f 5498 5413 5411
f 5483 5402 5403
f 5504 5421 5423
f 5469 5429 5432
f 5489 5412 5410
f 5473 5400 5399
f 5481 5419 5420
f 5493 5431 5430
f 5496 5438 5435
f 5499 5417 5416
f 5486 5446 5445
f 5484 5440 5441
f 5505 5426 5427
f 5468 5397 5398
f 5453 5462 5455
f 5449 5454 5451
f 5450 5452 5457
f 5456 5458 5460
f 5459 5461 5463
f 5464 5465 5471
f 5500 5502 5498
f 5487 5485 5483
f 5508 5506 5504
f 5467 5466 5469
f 5488 5495 5489
f 5475 5478 5473
f 5476 5474 5481
f 5490 5491 5493
f 5492 5494 5496
f 5497 5501 5499
f 5477 5479 5486
f 5482 5480 5484
f 5507 5503 5505
f 5472 5470 5468
f 5509 5555 5552
f 5509 5552 5551
f 5509 5551 5553
f 5509 5553 5554
f 5509 5554 5555
f 5510 5557 5560
f 5514 5580 5578
f 5520 5610 5607
f 5519 5604 5603
f 5516 5587 5589
f 5512 5570 5567
f 5512 5567 5566
f 5512 5566 5568
f 5512 5568 5569
f 5512 5569 5570
f 5513 5574 5573
f 5511 5562 5565
f 5515 5581 5585
f 5517 5593 5594
f 5518 5600 5596
f 5520 5609 5606
f 5514 5577 5576
f 5510 5558 5556
f 5516 5590 5586
f 5519 5605 5601
f 5514 5579 5577
f 5520 5608 5609
f 5519 5602 5605
f 5516 5588 5590
f 5510 5559 5558
f 5518 5598 5597
f 5513 5571 5572
f 5511 5563 5561
f 5515 5584 5582
f 5517 5595 5592
f 5518 5599 5598
f 5513 5575 5571
f 5511 5564 5563
f 5515 5583 5584
f 5517 5591 5595
f 5514 5576 5580
f 5510 5556 5557
f 5516 5586 5587
f 5519 5601 5604
f 5520 5606 5610
f 5518 5596 5599
f 5513 5573 5575
f 5511 5565 5564
f 5515 5585 5583
f 5517 5594 5591
f 5513 5572 5574
f 5511 5561 5562
f 5515 5582 5581
f 5517 5592 5593
f 5518 5597 5600
f 5514 5578 5579
f 5520 5607 5608
f 5519 5603 5602
f 5516 5589 5588
f 5510 5560 5559
f 5543 5617 5624
f 5526 5613 5616
f 5527 5619 5614
f 5548 5622 5620
f 5550 5625 5623
f 5542 5633 5627
f 5541 5660 5664
f 5533 5645 5647
f 5544 5666 5668
f 5528 5631 5628
f 5540 5651 5657
f 5531 5635 5640
f 5532 5643 5636
f 5545 5655 5653
f 5549 5658 5656
f 5542 5661 5663
f 5541 5648 5641
f 5533 5646 5642
f 5544 5667 5665
f 5528 5630 5632
f 5525 5615 5555
f 5522 5611 5552
f 5521 5612 5551
f 5523 5618 5553
f 5524 5621 5554
f 5526 5626 5557
f 5543 5662 5580
f 5550 5649 5610
f 5548 5670 5604
f 5527 5629 5587
f 5538 5650 5570
f 5535 5637 5567
f 5530 5638 5566
f 5536 5652 5568
f 5537 5654 5569
f 5540 5659 5574
f 5531 5639 5562
f 5532 5644 5581
f 5545 5669 5593
f 5549 5634 5600
f 5543 5624 5609
f 5526 5616 5577
f 5527 5614 5558
f 5548 5620 5590
f 5550 5623 5605
f 5542 5627 5579
f 5541 5664 5608
f 5533 5647 5602
f 5544 5668 5588
f 5528 5628 5559
f 5540 5657 5598
f 5531 5640 5571
f 5532 5636 5563
f 5545 5653 5584
f 5549 5656 5595
f 5542 5663 5599
f 5541 5641 5575
f 5533 5642 5564
f 5544 5665 5583
f 5528 5632 5591
f 5522 5617 5576
f 5521 5613 5556
f 5523 5619 5586
f 5524 5622 5601
f 5525 5625 5606
f 5529 5633 5596
f 5539 5660 5573
f 5534 5645 5565
f 5546 5666 5585
f 5547 5631 5594
f 5535 5651 5572
f 5530 5635 5561
f 5536 5643 5582
f 5537 5655 5592
f 5538 5658 5597
f 5539 5661 5578
f 5534 5648 5607
f 5546 5646 5603
f 5547 5667 5589
f 5529 5630 5560
f 5522 5615 5617
f 5521 5611 5613
f 5523 5612 5619
f 5524 5618 5622
f 5525 5621 5625
f 5529 5626 5633
f 5539 5662 5660
f 5534 5649 5645
f 5546 5670 5666
f 5547 5629 5631
f 5535 5650 5651
f 5530 5637 5635
f 5536 5638 5643
f 5537 5652 5655
f 5538 5654 5658
f 5539 5659 5661
f 5534 5639 5648
f 5546 5644 5646
f 5547 5669 5667
f 5529 5634 5630
f 5522 5552 5615
f 5521 5551 5611
f 5523 5553 5612
f 5524 5554 5618
f 5525 5555 5621
f 5529 5560 5626
f 5539 5578 5662
f 5534 5607 5649
f 5546 5603 5670
f 5547 5589 5629
f 5535 5567 5650
f 5530 5566 5637
f 5536 5568 5638
f 5537 5569 5652
f 5538 5570 5654
f 5539 5573 5659
f 5534 5565 5639
f 5546 5585 5644
f 5547 5594 5669
f 5529 5596 5634
f 5525 5606 5624
f 5522 5576 5616
f 5521 5556 5614
f 5523 5586 5620
f 5524 5601 5623
f 5526 5577 5627
f 5543 5609 5664
f 5550 5605 5647
f 5548 5590 5668
f 5527 5558 5628
f 5538 5597 5657
f 5535 5572 5640
f 5530 5561 5636
f 5536 5582 5653
f 5537 5592 5656
f 5540 5598 5663
f 5531 5571 5641
f 5532 5563 5642
f 5545 5584 5665
f 5549 5595 5632
f 5543 5580 5617
f 5526 5557 5613
f 5527 5587 5619
f 5548 5604 5622
f 5550 5610 5625
f 5542 5599 5633
f 5541 5575 5660
f 5533 5564 5645
f 5544 5583 5666
f 5528 5591 5631
f 5540 5574 5651
f 5531 5562 5635
f 5532 5581 5643
f 5545 5593 5655
f 5549 5600 5658
f 5542 5579 5661
f 5541 5608 5648
f 5533 5602 5646
f 5544 5588 5667
f 5528 5559 5630
f 5525 5624 5615
f 5522 5616 5611
f 5521 5614 5612
f 5523 5620 5618
f 5524 5623 5621
f 5526 5627 5626
f 5543 5664 5662
f 5550 5647 5649
f 5548 5668 5670
f 5527 5628 5629
f 5538 5657 5650
f 5535 5640 5637
f 5530 5636 5638
f 5536 5653 5652
f 5537 5656 5654
f 5540 5663 5659
f 5531 5641 5639
f 5532 5642 5644
f 5545 5665 5669
f 5549 5632 5634
f 5615 5552 5555
f 5611 5551 5552
f 5612 5553 5551
f 5618 5554 5553
f 5621 5555 5554
f 5626 5560 5557
f 5662 5578 5580
f 5649 5607 5610
f 5670 5603 5604
f 5629 5589 5587
f 5650 5567 5570
f 5637 5566 5567
f 5638 5568 5566
f 5652 5569 5568
f 5654 5570 5569
f 5659 5573 5574
f 5639 5565 5562
f 5644 5585 5581
f 5669 5594 5593
f 5634 5596 5600
f 5624 5606 5609
f 5616 5576 5577
f 5614 5556 5558
f 5620 5586 5590
f 5623 5601 5605
f 5627 5577 5579
f 5664 5609 5608
f 5647 5605 5602
f 5668 5590 5588
f 5628 5558 5559
f 5657 5597 5598
f 5640 5572 5571
f 5636 5561 5563
f 5653 5582 5584
f 5656 5592 5595
f 5663 5598 5599
f 5641 5571 5575
f 5642 5563 5564
f 5665 5584 5583
f 5632 5595 5591
f 5617 5580 5576
f 5613 5557 5556
f 5619 5587 5586
f 5622 5604 5601
f 5625 5610 5606
f 5633 5599 5596
f 5660 5575 5573
f 5645 5564 5565
f 5666 5583 5585
f 5631 5591 5594
f 5651 5574 5572
f 5635 5562 5561
f 5643 5581 5582
f 5655 5593 5592
f 5658 5600 5597
f 5661 5579 5578
f 5648 5608 5607
f 5646 5602 5603
f 5667 5588 5589
f 5630 5559 5560
f 5615 5624 5617
f 5611 5616 5613
f 5612 5614 5619
f 5618 5620 5622
f 5621 5623 5625
f 5626 5627 5633
f 5662 5664 5660
f 5649 5647 5645
f 5670 5668 5666
f 5629 5628 5631
f 5650 5657 5651
f 5637 5640 5635
f 5638 5636 5643
f 5652 5653 5655
f 5654 5656 5658
f 5659 5663 5661
f 5639 5641 5648
f 5644 5642 5646
f 5669 5665 5667
f 5634 5632 5630
f 5671 5717 5714
f 5671 5714 5713
f 5671 5713 5715
f 5671 5715 5716
f 5671 5716 5717
f 5672 5719 5722
f 5676 5742 5740
f 5682 5772 5769
f 5681 5766 5765
f 5678 5749 5751
f 5674 5732 5729
f 5674 5729 5728
f 5674 5728 5730
f 5674 5730 5731
f 5674 5731 5732
f 5675 5736 5735
f 5673 5724 5727
f 5677 5743 5747
f 5679 5755 5756
f 5680 5762 5758
f 5682 5771 5768
f 5676 5739 5738
f 5672 5720 5718
f 5678 5752 5748
f 5681 5767 5763
f 5676 5741 5739
f 5682 5770 5771
f 5681 5764 5767
f 5678 5750 5752
f 5672 5721 5720
f 5680 5760 5759
f 5675 5733 5734
f 5673 5725 5723
f 5677 5746 5744
f 5679 5757 5754
f 5680 5761 5760
f 5675 5737 5733
f 5673 5726 5725
f 5677 5745 5746
f 5679 5753 5757
f 5676 5738 5742
f 5672 5718 5719
f 5678 5748 5749
f 5681 5763 5766
f 5682 5768 5772
f 5680 5758 5761
f 5675 5735 5737
f 5673 5727 5726
f 5677 5747 5745
f 5679 5756 5753
f 5675 5734 5736
f 5673 5723 5724
f 5677 5744 5743
f 5679 5754 5755
f 5680 5759 5762
f 5676 5740 5741
f 5682 5769 5770
f 5681 5765 5764
f 5678 5751 5750
f 5672 5722 5721
f 5705 5779 5786
f 5688 5775 5778
f 5689 5781 5776
f 5710 5784 5782
f 5712 5787 5785
f 5704 5795 5789
f 5703 5822 5826
f 5695 5807 5809
f 5706 5828 5830
f 5690 5793 5790
f 5702 5813 5819
f 5693 5797 5802
f 5694 5805 5798
f 5707 5817 5815
f 5711 5820 5818
f 5704 5823 5825
f 5703 5810 5803
f 5695 5808 5804
f 5706 5829 5827
f 5690 5792 5794
f 5687 5777 5717
f 5684 5773 5714
f 5683 5774 5713
f 5685 5780 5715
f 5686 5783 5716
f 5688 5788 5719
f 5705 5824 5742
f 5712 5811 5772
f 5710 5832 5766
f 5689 5791 5749
f 5700 5812 5732
f 5697 5799 5729
f 5692 5800 5728
f 5698 5814 5730
f 5699 5816 5731
f 5702 5821 5736
f 5693 5801 5724
f 5694 5806 5743
f 5707 5831 5755
f 5711 5796 5762
f 5705 5786 5771
f 5688 5778 5739
f 5689 5776 5720
f 5710 5782 5752
f 5712 5785 5767
f 5704 5789 5741
f 5703 5826 5770
f 5695 5809 5764
f 5706 5830 5750
f 5690 5790 5721
f 5702 5819 5760
f 5693 5802 5733
f 5694 5798 5725
f 5707 5815 5746
f 5711 5818 5757
f 5704 5825 5761
f 5703 5803 5737
f 5695 5804 5726
f 5706 5827 5745
f 5690 5794 5753
f 5684 5779 5738
f 5683 5775 5718
f 5685 5781 5748
f 5686 5784 5763
f 5687 5787 5768
f 5691 5795 5758
f 5701 5822 5735
f 5696 5807 5727
f 5708 5828 5747
f 5709 5793 5756
f 5697 5813 5734
f 5692 5797 5723
f 5698 5805 5744
f 5699 5817 5754
f 5700 5820 5759
f 5701 5823 5740
f 5696 5810 5769
f 5708 5808 5765
f 5709 5829 5751
f 5691 5792 5722
f 5684 5777 5779
f 5683 5773 5775
f 5685 5774 5781
f 5686 5780 5784
f 5687 5783 5787
f 5691 5788 5795
f 5701 5824 5822
f 5696 5811 5807
f 5708 5832 5828
f 5709 5791 5793
f 5697 5812 5813
f 5692 5799 5797
f 5698 5800 5805
f 5699 5814 5817
f 5700 5816 5820
f 5701 5821 5823
f 5696 5801 5810
f 5708 5806 5808
f 5709 5831 5829
f 5691 5796 5792
f 5684 5714 5777
f 5683 5713 5773
f 5685 5715 5774
f 5686 5716 5780
f 5687 5717 5783
f 5691 5722 5788
f 5701 5740 5824
f 5696 5769 5811
f 5708 5765 5832
f 5709 5751 5791
f 5697 5729 5812
f 5692 5728 5799
f 5698 5730 5800
f 5699 5731 5814
f 5700 5732 5816
f 5701 5735 5821
f 5696 5727 5801
f 5708 5747 5806
f 5709 5756 5831
f 5691 5758 5796
f 5687 5768 5786
f 5684 5738 5778
f 5683 5718 5776
f 5685 5748 5782
f 5686 5763 5785
f 5688 5739 5789
f 5705 5771 5826
f 5712 5767 5809
f 5710 5752 5830
f 5689 5720 5790
f 5700 5759 5819
f 5697 5734 5802
f 5692 5723 5798
f 5698 5744 5815
f 5699 5754 5818
f 5702 5760 5825
f 5693 5733 5803
f 5694 5725 5804
f 5707 5746 5827
f 5711 5757 5794
f 5705 5742 5779
f 5688 5719 5775
f 5689 5749 5781
f 5710 5766 5784
f 5712 5772 5787
f 5704 5761 5795
f 5703 5737 5822
f 5695 5726 5807
f 5706 5745 5828
f 5690 5753 5793
f 5702 5736 5813
f 5693 5724 5797
f 5694 5743 5805
f 5707 5755 5817
f 5711 5762 5820
f 5704 5741 5823
f 5703 5770 5810
f 5695 5764 5808
f 5706 5750 5829
f 5690 5721 5792
f 5687 5786 5777
f 5684 5778 5773
f 5683 5776 5774
f 5685 5782 5780
f 5686 5785 5783
f 5688 5789 5788
f 5705 5826 5824
f 5712 5809 5811
f 5710 5830 5832
f 5689 5790 5791
f 5700 5819 5812
f 5697 5802 5799
f 5692 5798 5800
f 5698 5815 5814
f 5699 5818 5816
f 5702 5825 5821
f 5693 5803 5801
f 5694 5804 5806
f 5707 5827 5831
f 5711 5794 5796
f 5777 5714 5717
f 5773 5713 5714
f 5774 5715 5713
f 5780 5716 5715
f 5783 5717 5716
f 5788 5722 5719
f 5824 5740 5742
f 5811 5769 5772
f 5832 5765 5766
f 5791 5751 5749
f 5812 5729 5732
f 5799 5728 5729
f 5800 5730 5728
f 5814 5731 5730
f 5816 5732 5731
f 5821 5735 5736
f 5801 5727 5724
f 5806 5747 5743
f 5831 5756 5755
f 5796 5758 5762
f 5786 5768 5771
f 5778 5738 5739
f 5776 5718 5720
f 5782 5748 5752
f 5785 5763 5767
f 5789 5739 5741
f 5826 5771 5770
f 5809 5767 5764
f 5830 5752 5750
f 5790 5720 5721
f 5819 5759 5760
f 5802 5734 5733
f 5798 5723 5725
f 5815 5744 5746
f 5818 5754 5757
f 5825 5760 5761
f 5803 5733 5737
f 5804 5725 5726
f 5827 5746 5745
f 5794 5757 5753
f 5779 5742 5738
f 5775 5719 5718
f 5781 5749 5748
f 5784 5766 5763
f 5787 5772 5768
f 5795 5761 5758
f 5822 5737 5735
f 5807 5726 5727
f 5828 5745 5747
f 5793 5753 5756
f 5813 5736 5734
f 5797 5724 5723
f 5805 5743 5744
f 5817 5755 5754
f 5820 5762 5759
f 5823 5741 5740
f 5810 5770 5769
f 5808 5764 5765
f 5829 5750 5751
f 5792 5721 5722
f 5777 5786 5779
f 5773 5778 5775
f 5774 5776 5781
f 5780 5782 5784
f 5783 5785 5787
f 5788 5789 5795
f 5824 5826 5822
f 5811 5809 5807
f 5832 5830 5828
f 5791 5790 5793
f 5812 5819 5813
f 5799 5802 5797
f 5800 5798 5805
f 5814 5815 5817
f 5816 5818 5820
f 5821 5825 5823
f 5801 5803 5810
f 5806 5804 5808
f 5831 5827 5829
f 5796 5794 5792
f 5833 5879 5876
f 5833 5876 5875
f 5833 5875 5877
f 5833 5877 5878
f 5833 5878 5879
f 5834 5881 5884
f 5838 5904 5902
f 5844 5934 5931
f 5843 5928 5927
f 5840 5911 5913
f 5836 5894 5891
f 5836 5891 5890
f 5836 5890 5892
f 5836 5892 5893
f 5836 5893 5894
f 5837 5898 5897
f 5835 5886 5889
f 5839 5905 5909
f 5841 5917 5918
f 5842 5924 5920
f 5844 5933 5930
f 5838 5901 5900
f 5834 5882 5880
f 5840 5914 5910
f 5843 5929 5925
f 5838 5903 5901
f 5844 5932 5933
f 5843 5926 5929
f 5840 5912 5914
f 5834 5883 5882
f 5842 5922 5921
f 5837 5895 5896
f 5835 5887 5885
f 5839 5908 5906
f 5841 5919 5916
f 5842 5923 5922
f 5837 5899 5895
f 5835 5888 5887
f 5839 5907 5908
f 5841 5915 5919
f 5838 5900 5904
f 5834 5880 5881
f 5840 5910 5911
f 5843 5925 5928
f 5844 5930 5934
f 5842 5920 5923
f 5837 5897 5899
f 5835 5889 5888
f 5839 5909 5907
f 5841 5918 5915
f 5837 5896 5898
f 5835 5885 5886
f 5839 5906 5905
f 5841 5916 5917
f 5842 5921 5924
f 5838 5902 5903
f 5844 5931 5932
f 5843 5927 5926
f 5840 5913 5912
f 5834 5884 5883
f 5867 5941 5948
f 5850 5937 5940
f 5851 5943 5938
f 5872 5946 5944
f 5874 5949 5947
f 5866 5957 5951
f 5865 5984 5988
f 5857 5969 5971
f 5868 5990 5992
f 5852 5955 5952
f 5864 5975 5981
f 5855 5959 5964
f 5856 5967 5960
f 5869 5979 5977
f 5873 5982 5980
f 5866 5985 5987
f 5865 5972 5965
f 5857 5970 5966
f 5868 5991 5989
f 5852 5954 5956
f 5849 5939 5879
f 5846 5935 5876
f 5845 5936 5875
f 5847 5942 5877
f 5848 5945 5878
f 5850 5950 5881
f 5867 5986 5904
f 5874 5973 5934
f 5872 5994 5928
f 5851 5953 5911
f 5862 5974 5894
f 5859 5961 5891
f 5854 5962 5890
f 5860 5976 5892
f 5861 5978 5893
f 5864 5983 5898
f 5855 5963 5886
f 5856 5968 5905
f 5869 5993 5917
f 5873 5958 5924
f 5867 5948 5933
f 5850 5940 5901
f 5851 5938 5882
f 5872 5944 5914
f 5874 5947 5929
f 5866 5951 5903
f 5865 5988 5932
f 5857 5971 5926
f 5868 5992 5912
f 5852 5952 5883
f 5864 5981 5922
f 5855 5964 5895
f 5856 5960 5887
f 5869 5977 5908
f 5873 5980 5919
f 5866 5987 5923
f 5865 5965 5899
f 5857 5966 5888
f 5868 5989 5907
f 5852 5956 5915
f 5846 5941 5900
f 5845 5937 5880
f 5847 5943 5910
f 5848 5946 5925
f 5849 5949 5930
f 5853 5957 5920
f 5863 5984 5897
f 5858 5969 5889
f 5870 5990 5909
f 5871 5955 5918
f 5859 5975 5896
f 5854 5959 5885
f 5860 5967 5906
f 5861 5979 5916
f 5862 5982 5921
f 5863 5985 5902
f 5858 5972 5931
f 5870 5970 5927
f 5871 5991 5913
f 5853 5954 5884
f 5846 5939 5941
f 5845 5935 5937
f 5847 5936 5943
f 5848 5942 5946
f 5849 5945 5949
f 5853 5950 5957
f 5863 5986 5984
f 5858 5973 5969
f 5870 5994 5990
f 5871 5953 5955
f 5859 5974 5975
f 5854 5961 5959
f 5860 5962 5967
f 5861 5976 5979
f 5862 5978 5982
f 5863 5983 5985
f 5858 5963 5972
f 5870 5968 5970
f 5871 5993 5991
f 5853 5958 5954
f 5846 5876 5939
f 5845 5875 5935
f 5847 5877 5936
f 5848 5878 5942
f 5849 5879 5945
f 5853 5884 5950
f 5863 5902 5986
f 5858 5931 5973
f 5870 5927 5994
f 5871 5913 5953
f 5859 5891 5974
f 5854 5890 5961
f 5860 5892 5962
f 5861 5893 5976
f 5862 5894 5978
f 5863 5897 5983
f 5858 5889 5963
f 5870 5909 5968
f 5871 5918 5993
f 5853 5920 5958
f 5849 5930 5948
f 5846 5900 5940
f 5845 5880 5938
f 5847 5910 5944
f 5848 5925 5947
f 5850 5901 5951
f 5867 5933 5988
f 5874 5929 5971
f 5872 5914 5992
f 5851 5882 5952
f 5862 5921 5981
f 5859 5896 5964
f 5854 5885 5960
f 5860 5906 5977
f 5861 5916 5980
f 5864 5922 5987
f 5855 5895 5965
f 5856 5887 5966
f 5869 5908 5989
f 5873 5919 5956
f 5867 5904 5941
f 5850 5881 5937
f 5851 5911 5943
f 5872 5928 5946
f 5874 5934 5949
f 5866 5923 5957
f 5865 5899 5984
f 5857 5888 5969
f 5868 5907 5990
f 5852 5915 5955
f 5864 5898 5975
f 5855 5886 5959
f 5856 5905 5967
f 5869 5917 5979
f 5873 5924 5982
f 5866 5903 5985
f 5865 5932 5972
f 5857 5926 5970
f 5868 5912 5991
f 5852 5883 5954
f 5849 5948 5939
f 5846 5940 5935
f 5845 5938 5936
f 5847 5944 5942
f 5848 5947 5945
f 5850 5951 5950
f 5867 5988 5986
f 5874 5971 5973
f 5872 5992 5994
f 5851 5952 5953
f 5862 5981 5974
f 5859 5964 5961
f 5854 5960 5962
f 5860 5977 5976
f 5861 5980 5978
f 5864 5987 5983
f 5855 5965 5963
f 5856 5966 5968
f 5869 5989 5993
f 5873 5956 5958
f 5939 5876 5879
f 5935 5875 5876
f 5936 5877 5875
f 5942 5878 5877
f 5945 5879 5878
f 5950 5884 5881
f 5986 5902 5904
f 5973 5931 5934
f 5994 5927 5928
f 5953 5913 5911
f 5974 5891 5894
f 5961 5890 5891
f 5962 5892 5890
f 5976 5893 5892
f 5978 5894 5893
f 5983 5897 5898
f 5963 5889 5886
f 5968 5909 5905
f 5993 5918 5917
f 5958 5920 5924
f 5948 5930 5933
f 5940 5900 5901
f 5938 5880 5882
f 5944 5910 5914
f 5947 5925 5929
f 5951 5901 5903
f 5988 5933 5932
f 5971 5929 5926
f 5992 5914 5912
f 5952 5882 5883
f 5981 5921 5922
f 5964 5896 5895
f 5960 5885 5887
f 5977 5906 5908
f 5980 5916 5919
f 5987 5922 5923
f 5965 5895 5899
f 5966 5887 5888
f 5989 5908 5907
f 5956 5919 5915
f 5941 5904 5900
f 5937 5881 5880
f 5943 5911 5910
f 5946 5928 5925
f 5949 5934 5930
f 5957 5923 5920
f 5984 5899 5897
f 5969 5888 5889
f 5990 5907 5909
f 5955 5915 5918
f 5975 5898 5896
f 5959 5886 5885
f 5967 5905 5906
f 5979 5917 5916
f 5982 5924 5921
f 5985 5903 5902
f 5972 5932 5931
f 5970 5926 5927
f 5991 5912 5913
f 5954 5883 5884
f 5939 5948 5941
f 5935 5940 5937
f 5936 5938 5943
f 5942 5944 5946
f 5945 5947 5949
f 5950 5951 5957
f 5986 5988 5984
f 5973 5971 5969
f 5994 5992 5990
f 5953 5952 5955
f 5974 5981 5975
f 5961 5964 5959
f 5962 5960 5967
f 5976 5977 5979
f 5978 5980 5982
f 5983 5987 5985
f 5963 5965 5972
f 5968 5966 5970
f 5993 5989 5991
f 5958 5956 5954
f 5995 6041 6038
f 5995 6038 6037
f 5995 6037 6039
f 5995 6039 6040
f 5995 6040 6041
f 5996 6043 6046
f 6000 6066 6064
f 6006 6096 6093
f 6005 6090 6089
f 6002 6073 6075
f 5998 6056 6053
f 5998 6053 6052
f 5998 6052 6054
f 5998 6054 6055
f 5998 6055 6056
f 5999 6060 6059
f 5997 6048 6051
f 6001 6067 6071
f 6003 6079 6080
f 6004 6086 6082
f 6006 6095 6092
f 6000 6063 6062
f 5996 6044 6042
f 6002 6076 6072
f 6005 6091 6087
f 6000 6065 6063
f 6006 6094 6095
f 6005 6088 6091
f 6002 6074 6076
f 5996 6045 6044
f 6004 6084 6083
f 5999 6057 6058
f 5997 6049 6047
f 6001 6070 6068
f 6003 6081 6078
f 6004 6085 6084
f 5999 6061 6057
f 5997 6050 6049
f 6001 6069 6070
f 6003 6077 6081
f 6000 6062 6066
f 5996 6042 6043
f 6002 6072 6073
f 6005 6087 6090
f 6006 6092 6096
f 6004 6082 6085
f 5999 6059 6061
f 5997 6051 6050
f 6001 6071 6069
f 6003 6080 6077
f 5999 6058 6060
f 5997 6047 6048
f 6001 6068 6067
f 6003 6078 6079
f 6004 6083 6086
f 6000 6064 6065
f 6006 6093 6094
f 6005 6089 6088
f 6002 6075 6074
f 5996 6046 6045
f 6029 6103 6110
f 6012 6099 6102
f 6013 6105 6100
f 6034 6108 6106
f 6036 6111 6109
f 6028 6119 6113
f 6027 6146 6150
f 6019 6131 6133
f 6030 6152 6154
f 6014 6117 6114
f 6026 6137 6143
f 6017 6121 6126
f 6018 6129 6122
f 6031 6141 6139
f 6035 6144 6142
f 6028 6147 6149
f 6027 6134 6127
f 6019 6132 6128
f 6030 6153 6151
f 6014 6116 6118
f 6011 6101 6041
f 6008 6097 6038
f 6007 6098 6037
f 6009 6104 6039
f 6010 6107 6040
f 6012 6112 6043
f 6029 6148 6066
f 6036 6135 6096
f 6034 6156 6090
f 6013 6115 6073
f 6024 6136 6056
f 6021 6123 6053
f 6016 6124 6052
f 6022 6138 6054
f 6023 6140 6055
f 6026 6145 6060
f 6017 6125 6048
f 6018 6130 6067
f 6031 6155 6079
f 6035 6120 6086
f 6029 6110 6095
f 6012 6102 6063
f 6013 6100 6044
f 6034 6106 6076
f 6036 6109 6091
f 6028 6113 6065
f 6027 6150 6094
f 6019 6133 6088
f 6030 6154 6074
f 6014 6114 6045
f 6026 6143 6084
f 6017 6126 6057
f 6018 6122 6049
f 6031 6139 6070
f 6035 6142 6081
f 6028 6149 6085
f 6027 6127 6061
f 6019 6128 6050
f 6030 6151 6069
f 6014 6118 6077
f 6008 6103 6062
f 6007 6099 6042
f 6009 6105 6072
f 6010 6108 6087
f 6011 6111 6092
f 6015 6119 6082
f 6025 6146 6059
f 6020 6131 6051
f 6032 6152 6071
f 6033 6117 6080
f 6021 6137 6058
f 6016 6121 6047
f 6022 6129 6068
f 6023 6141 6078
f 6024 6144 6083
f 6025 6147 6064
f 6020 6134 6093
f 6032 6132 6089
f 6033 6153 6075
f 6015 6116 6046
f 6008 6101 6103
f 6007 6097 6099
f 6009 6098 6105
f 6010 6104 6108
f 6011 6107 6111
f 6015 6112 6119
f 6025 6148 6146
f 6020 6135 6131
f 6032 6156 6152
f 6033 6115 6117
f 6021 6136 6137
f 6016 6123 6121
f 6022 6124 6129
f 6023 6138 6141
f 6024 6140 6144
f 6025 6145 6147
f 6020 6125 6134
f 6032 6130 6132
f 6033 6155 6153
f 6015 6120 6116
f 6008 6038 6101
f 6007 6037 6097
f 6009 6039 6098
f 6010 6040 6104
f 6011 6041 6107
f 6015 6046 6112
f 6025 6064 6148
f 6020 6093 6135
f 6032 6089 6156
f 6033 6075 6115
f 6021 6053 6136
f 6016 6052 6123
f 6022 6054 6124
f 6023 6055 6138
f 6024 6056 6140
f 6025 6059 6145
f 6020 6051 6125
f 6032 6071 6130
f 6033 6080 6155
f 6015 6082 6120
f 6011 6092 6110
f 6008 6062 6102
f 6007 6042 6100
f 6009 6072 6106
f 6010 6087 6109
f 6012 6063 6113
f 6029 6095 6150
f 6036 6091 6133
f 6034 6076 6154
f 6013 6044 6114
f 6024 6083 6143
f 6021 6058 6126
f 6016 6047 6122
f 6022 6068 6139
f 6023 6078 6142
f 6026 6084 6149
f 6017 6057 6127
f 6018 6049 6128
f 6031 6070 6151
f 6035 6081 6118
f 6029 6066 6103
f 6012 6043 6099
f 6013 6073 6105
f 6034 6090 6108
f 6036 6096 6111
f 6028 6085 6119
f 6027 6061 6146
f 6019 6050 6131
f 6030 6069 6152
f 6014 6077 6117
f 6026 6060 6137
f 6017 6048 6121
f 6018 6067 6129
f 6031 6079 6141
f 6035 6086 6144
f 6028 6065 6147
f 6027 6094 6134
f 6019 6088 6132
f 6030 6074 6153
f 6014 6045 6116
f 6011 6110 6101
f 6008 6102 6097
f 6007 6100 6098
f 6009 6106 6104
f 6010 6109 6107
f 6012 6113 6112
f 6029 6150 6148
f 6036 6133 6135
f 6034 6154 6156
f 6013 6114 6115
f 6024 6143 6136
f 6021 6126 6123
f 6016 6122 6124
f 6022 6139 6138
f 6023 6142 6140
f 6026 6149 6145
f 6017 6127 6125
f 6018 6128 6130
f 6031 6151 6155
f 6035 6118 6120
f 6101 6038 6041
f 6097 6037 6038
f 6098 6039 6037
f 6104 6040 6039
f 6107 6041 6040
f 6112 6046 6043
f 6148 6064 6066
f 6135 6093 6096
f 6156 6089 6090
f 6115 6075 6073
f 6136 6053 6056
f 6123 6052 6053
f 6124 6054 6052
f 6138 6055 6054
f 6140 6056 6055
f 6145 6059 6060
f 6125 6051 6048
f 6130 6071 6067
f 6155 6080 6079
f 6120 6082 6086
f 6110 6092 6095
f 6102 6062 6063
f 6100 6042 6044
f 6106 6072 6076
f 6109 6087 6091
f 6113 6063 6065
f 6150 6095 6094
f 6133 6091 6088
f 6154 6076 6074
f 6114 6044 6045
f 6143 6083 6084
f 6126 6058 6057
f 6122 6047 6049
f 6139 6068 6070
f 6142 6078 6081
f 6149 6084 6085
f 6127 6057 6061
f 6128 6049 6050
f 6151 6070 6069
f 6118 6081 6077
f 6103 6066 6062
f 6099 6043 6042
f 6105 6073 6072
f 6108 6090 6087
f 6111 6096 6092
f 6119 6085 6082
f 6146 6061 6059
f 6131 6050 6051
f 6152 6069 6071
f 6117 6077 6080
f 6137 6060 6058
f 6121 6048 6047
f 6129 6067 6068
f 6141 6079 6078
f 6144 6086 6083
f 6147 6065 6064
f 6134 6094 6093
f 6132 6088 6089
f 6153 6074 6075
f 6116 6045 6046
f 6101 6110 6103
f 6097 6102 6099
f 6098 6100 6105
f 6104 6106 6108
f 6107 6109 6111
f 6112 6113 6119
f 6148 6150 6146
f 6135 6133 6131
f 6156 6154 6152
f 6115 6114 6117
f 6136 6143 6137
f 6123 6126 6121
f 6124 6122 6129
f 6138 6139 6141
f 6140 6142 6144
f 6145 6149 6147
f 6125 6127 6134
f 6130 6128 6132
f 6155 6151 6153
f 6120 6118 6116
f 6157 6203 6200
f 6157 6200 6199
f 6157 6199 6201
f 6157 6201 6202
f 6157 6202 6203
f 6158 6205 6208
f 6162 6228 6226
f 6168 6258 6255
f 6167 6252 6251
f 6164 6235 6237
f 6160 6218 6215
f 6160 6215 6214
f 6160 6214 6216
f 6160 6216 6217
f 6160 6217 6218
f 6161 6222 6221
f 6159 6210 6213
f 6163 6229 6233
f 6165 6241 6242
f 6166 6248 6244
f 6168 6257 6254
f 6162 6225 6224
f 6158 6206 6204
f 6164 6238 6234
f 6167 6253 6249
f 6162 6227 6225
f 6168 6256 6257
f 6167 6250 6253
f 6164 6236 6238
f 6158 6207 6206
f 6166 6246 6245
f 6161 6219 6220
f 6159 6211 6209
f 6163 6232 6230
f 6165 6243 6240
f 6166 6247 6246
f 6161 6223 6219
f 6159 6212 6211
f 6163 6231 6232
f 6165 6239 6243
f 6162 6224 6228
f 6158 6204 6205
f 6164 6234 6235
f 6167 6249 6252
f 6168 6254 6258
f 6166 6244 6247
f 6161 6221 6223
f 6159 6213 6212
f 6163 6233 6231
f 6165 6242 6239
f 6161 6220 6222
f 6159 6209 6210
f 6163 6230 6229
f 6165 6240 6241
f 6166 6245 6248
f 6162 6226 6227
f 6168 6255 6256
f 6167 6251 6250
f 6164 6237 6236
f 6158 6208 6207
f 6191 6265 6272
f 6174 6261 6264
f 6175 6267 6262
f 6196 6270 6268
f 6198 6273 6271
f 6190 6281 6275
f 6189 6308 6312
f 6181 6293 6295
f 6192 6314 6316
f 6176 6279 6276
f 6188 6299 6305
f 6179 6283 6288
f 6180 6291 6284
f 6193 6303 6301
f 6197 6306 6304
f 6190 6309 6311
f 6189 6296 6289
f 6181 6294 6290
f 6192 6315 6313
f 6176 6278 6280
f 6173 6263 6203
f 6170 6259 6200
f 6169 6260 6199
f 6171 6266 6201
f 6172 6269 6202
f 6174 6274 6205
f 6191 6310 6228
f 6198 6297 6258
f 6196 6318 6252
f 6175 6277 6235
f 6186 6298 6218
f 6183 6285 6215
f 6178 6286 6214
f 6184 6300 6216
f 6185 6302 6217
f 6188 6307 6222
f 6179 6287 6210
f 6180 6292 6229
f 6193 6317 6241
f 6197 6282 6248
f 6191 6272 6257
f 6174 6264 6225
f 6175 6262 6206
f 6196 6268 6238
f 6198 6271 6253
f 6190 6275 6227
f 6189 6312 6256
f 6181 6295 6250
f 6192 6316 6236
f 6176 6276 6207
f 6188 6305 6246
f 6179 6288 6219
f 6180 6284 6211
f 6193 6301 6232
f 6197 6304 6243
f 6190 6311 6247
f 6189 6289 6223
f 6181 6290 6212
f 6192 6313 6231
f 6176 6280 6239
f 6170 6265 6224
f 6169 6261 6204
f 6171 6267 6234
f 6172 6270 6249
f 6173 6273 6254
f 6177 6281 6244
f 6187 6308 6221
f 6182 6293 6213
f 6194 6314 6233
f 6195 6279 6242
f 6183 6299 6220
f 6178 6283 6209
f 6184 6291 6230
f 6185 6303 6240
f 6186 6306 6245
f 6187 6309 6226
f 6182 6296 6255
f 6194 6294 6251
f 6195 6315 6237
f 6177 6278 6208
f 6170 6263 6265
f 6169 6259 6261
f 6171 6260 6267
f 6172 6266 6270
f 6173 6269 6273
f 6177 6274 6281
f 6187 6310 6308
f 6182 6297 6293
f 6194 6318 6314
f 6195 6277 6279
f 6183 6298 6299
f 6178 6285 6283
f 6184 6286 6291
f 6185 6300 6303
f 6186 6302 6306
f 6187 6307 6309
f 6182 6287 6296
f 6194 6292 6294
f 6195 6317 6315
f 6177 6282 6278
f 6170 6200 6263
f 6169 6199 6259
f 6171 6201 6260
f 6172 6202 6266
f 6173 6203 6269
f 6177 6208 6274
f 6187 6226 6310
f 6182 6255 6297
f 6194 6251 6318
f 6195 6237 6277
f 6183 6215 6298
f 6178 6214 6285
f 6184 6216 6286
f 6185 6217 6300
f 6186 6218 6302
f 6187 6221 6307
f 6182 6213 6287
f 6194 6233 6292
f 6195 6242 6317
f 6177 6244 6282
f 6173 6254 6272
f 6170 6224 6264
f 6169 6204 6262
f 6171 6234 6268
f 6172 6249 6271
f 6174 6225 6275
f 6191 6257 6312
f 6198 6253 6295
f 6196 6238 6316
f 6175 6206 6276
f 6186 6245 6305
f 6183 6220 6288
f 6178 6209 6284
f 6184 6230 6301
f 6185 6240 6304
f 6188 6246 6311
f 6179 6219 6289
f 6180 6211 6290
f 6193 6232 6313
f 6197 6243 6280
f 6191 6228 6265
f 6174 6205 6261
f 6175 6235 6267
f 6196 6252 6270
f 6198 6258 6273
f 6190 6247 6281
f 6189 6223 6308
f 6181 6212 6293
f 6192 6231 6314
f 6176 6239 6279
f 6188 6222 6299
f 6179 6210 6283
f 6180 6229 6291
f 6193 6241 6303
f 6197 6248 6306
f 6190 6227 6309
f 6189 6256 6296
f 6181 6250 6294
f 6192 6236 6315
f 6176 6207 6278
f 6173 6272 6263
f 6170 6264 6259
f 6169 6262 6260
f 6171 6268 6266
f 6172 6271 6269
f 6174 6275 6274
f 6191 6312 6310
f 6198 6295 6297
f 6196 6316 6318
f 6175 6276 6277
f 6186 6305 6298
f 6183 6288 6285
f 6178 6284 6286
f 6184 6301 6300
f 6185 6304 6302
f 6188 6311 6307
f 6179 6289 6287
f 6180 6290 6292
f 6193 6313 6317
f 6197 6280 6282
f 6263 6200 6203
f 6259 6199 6200
f 6260 6201 6199
f 6266 6202 6201
f 6269 6203 6202
f 6274 6208 6205
f 6310 6226 6228
f 6297 6255 6258
f 6318 6251 6252
f 6277 6237 6235
f 6298 6215 6218
f 6285 6214 6215
f 6286 6216 6214
f 6300 6217 6216
f 6302 6218 6217
f 6307 6221 6222
f 6287 6213 6210
f 6292 6233 6229
f 6317 6242 6241
f 6282 6244 6248
f 6272 6254 6257
f 6264 6224 6225
f 6262 6204 6206
f 6268 6234 6238
f 6271 6249 6253
f 6275 6225 6227
f 6312 6257 6256
f 6295 6253 6250
f 6316 6238 6236
f 6276 6206 6207
f 6305 6245 6246
f 6288 6220 6219
f 6284 6209 6211
f 6301 6230 6232
f 6304 6240 6243
f 6311 6246 6247
f 6289 6219 6223
f 6290 6211 6212
f 6313 6232 6231
f 6280 6243 6239
f 6265 6228 6224
f 6261 6205 6204
f 6267 6235 6234
f 6270 6252 6249
f 6273 6258 6254
f 6281 6247 6244
f 6308 6223 6221
f 6293 6212 6213
f 6314 6231 6233
f 6279 6239 6242
f 6299 6222 6220
f 6283 6210 6209
f 6291 6229 6230
f 6303 6241 6240
f 6306 6248 6245
f 6309 6227 6226
f 6296 6256 6255
f 6294 6250 6251
f 6315 6236 6237
f 6278 6207 6208
f 6263 6272 6265
f 6259 6264 6261
f 6260 6262 6267
f 6266 6268 6270
f 6269 6271 6273
f 6274 6275 6281
f 6310 6312 6308
f 6297 6295 6293
f 6318 6316 6314
f 6277 6276 6279
f 6298 6305 6299
f 6285 6288 6283
f 6286 6284 6291
f 6300 6301 6303
f 6302 6304 6306
f 6307 6311 6309
f 6287 6289 6296
f 6292 6290 6294
f 6317 6313 6315
f 6282 6280 6278
f 6319 6365 6362
f 6319 6362 6361
f 6319 6361 6363
f 6319 6363 6364
f 6319 6364 6365
f 6320 6367 6370
f 6324 6390 6388
f 6330 6420 6417
f 6329 6414 6413
f 6326 6397 6399
f 6322 6380 6377
f 6322 6377 6376
f 6322 6376 6378
f 6322 6378 6379
f 6322 6379 6380
f 6323 6384 6383
f 6321 6372 6375
f 6325 6391 6395
f 6327 6403 6404
f 6328 6410 6406
f 6330 6419 6416
f 6324 6387 6386
f 6320 6368 6366
f 6326 6400 6396
f 6329 6415 6411
f 6324 6389 6387
f 6330 6418 6419
f 6329 6412 6415
f 6326 6398 6400
f 6320 6369 6368
f 6328 6408 6407
f 6323 6381 6382
f 6321 6373 6371
f 6325 6394 6392
f 6327 6405 6402
f 6328 6409 6408
f 6323 6385 6381
f 6321 6374 6373
f 6325 6393 6394
f 6327 6401 6405
f 6324 6386 6390
f 6320 6366 6367
f 6326 6396 6397
f 6329 6411 6414
f 6330 6416 6420
f 6328 6406 6409
f 6323 6383 6385
f 6321 6375 6374
f 6325 6395 6393
f 6327 6404 6401
f 6323 6382 6384
f 6321 6371 6372
f 6325 6392 6391
f 6327 6402 6403
f 6328 6407 6410
f 6324 6388 6389
f 6330 6417 6418
f 6329 6413 6412
f 6326 6399 6398
f 6320 6370 6369
f 6353 6427 6434
f 6336 6423 6426
f 6337 6429 6424
f 6358 6432 6430
f 6360 6435 6433
f 6352 6443 6437
f 6351 6470 6474
f 6343 6455 6457
f 6354 6476 6478
f 6338 6441 6438
f 6350 6461 6467
f 6341 6445 6450
f 6342 6453 6446
f 6355 6465 6463
f 6359 6468 6466
f 6352 6471 6473
f 6351 6458 6451
f 6343 6456 6452
f 6354 6477 6475
f 6338 6440 6442
f 6335 6425 6365
f 6332 6421 6362
f 6331 6422 6361
f 6333 6428 6363
f 6334 6431 6364
f 6336 6436 6367
f 6353 6472 6390
f 6360 6459 6420
f 6358 6480 6414
f 6337 6439 6397
f 6348 6460 6380
f 6345 6447 6377
f 6340 6448 6376
f 6346 6462 6378
f 6347 6464 6379
f 6350 6469 6384
f 6341 6449 6372
f 6342 6454 6391
f 6355 6479 6403
f 6359 6444 6410
f 6353 6434 6419
f 6336 6426 6387
f 6337 6424 6368
f 6358 6430 6400
f 6360 6433 6415
f 6352 6437 6389
f 6351 6474 6418
f 6343 6457 6412
f 6354 6478 6398
f 6338 6438 6369
f 6350 6467 6408
f 6341 6450 6381
f 6342 6446 6373
f 6355 6463 6394
f 6359 6466 6405
f 6352 6473 6409
f 6351 6451 6385
f 6343 6452 6374
f 6354 6475 6393
f 6338 6442 6401
f 6332 6427 6386
f 6331 6423 6366
f 6333 6429 6396
f 6334 6432 6411
f 6335 6435 6416
f 6339 6443 6406
f 6349 6470 6383
f 6344 6455 6375
f 6356 6476 6395
f 6357 6441 6404
f 6345 6461 6382
f 6340 6445 6371
f 6346 6453 6392
f 6347 6465 6402
f 6348 6468 6407
f 6349 6471 6388
f 6344 6458 6417
f 6356 6456 6413
f 6357 6477 6399
f 6339 6440 6370
f 6332 6425 6427
f 6331 6421 6423
f 6333 6422 6429
f 6334 6428 6432
f 6335 6431 6435
f 6339 6436 6443
f 6349 6472 6470
f 6344 6459 6455
f 6356 6480 6476
f 6357 6439 6441
f 6345 6460 6461
f 6340 6447 6445
f 6346 6448 6453
f 6347 6462 6465
f 6348 6464 6468
f 6349 6469 6471
f 6344 6449 6458
f 6356 6454 6456
f 6357 6479 6477
f 6339 6444 6440
f 6332 6362 6425
f 6331 6361 6421
f 6333 6363 6422
f 6334 6364 6428
f 6335 6365 6431
f 6339 6370 6436
f 6349 6388 6472
f 6344 6417 6459
f 6356 6413 6480
f 6357 6399 6439
f 6345 6377 6460
f 6340 6376 6447
f 6346 6378 6448
f 6347 6379 6462
f 6348 6380 6464
f 6349 6383 6469
f 6344 6375 6449
f 6356 6395 6454
f 6357 6404 6479
f 6339 6406 6444
f 6335 6416 6434
f 6332 6386 6426
f 6331 6366 6424
f 6333 6396 6430
f 6334 6411 6433
f 6336 6387 6437
f 6353 6419 6474
f 6360 6415 6457
f 6358 6400 6478
f 6337 6368 6438
f 6348 6407 6467
f 6345 6382 6450
f 6340 6371 6446
f 6346 6392 6463
f 6347 6402 6466
f 6350 6408 6473
f 6341 6381 6451
f 6342 6373 6452
f 6355 6394 6475
f 6359 6405 6442
f 6353 6390 6427
f 6336 6367 6423
f 6337 6397 6429
f 6358 6414 6432
f 6360 6420 6435
f 6352 6409 6443
f 6351 6385 6470
f 6343 6374 6455
f 6354 6393 6476
f 6338 6401 6441
f 6350 6384 6461
f 6341 6372 6445
f 6342 6391 6453
f 6355 6403 6465
f 6359 6410 6468
f 6352 6389 6471
f 6351 6418 6458
f 6343 6412 6456
f 6354 6398 6477
f 6338 6369 6440
f 6335 6434 6425
f 6332 6426 6421
f 6331 6424 6422
f 6333 6430 6428
f 6334 6433 6431
f 6336 6437 6436
f 6353 6474 6472
f 6360 6457 6459
f 6358 6478 6480
f 6337 6438 6439
f 6348 6467 6460
f 6345 6450 6447
f 6340 6446 6448
f 6346 6463 6462
f 6347 6466 6464
f 6350 6473 6469
f 6341 6451 6449
f 6342 6452 6454
f 6355 6475 6479
f 6359 6442 6444
f 6425 6362 6365
f 6421 6361 6362
f 6422 6363 6361
f 6428 6364 6363
f 6431 6365 6364
f 6436 6370 6367
f 6472 6388 6390
f 6459 6417 6420
f 6480 6413 6414
f 6439 6399 6397
f 6460 6377 6380
f 6447 6376 6377
f 6448 6378 6376
f 6462 6379 6378
f 6464 6380 6379
f 6469 6383 6384
f 6449 6375 6372
f 6454 6395 6391
f 6479 6404 6403
f 6444 6406 6410
f 6434 6416 6419
f 6426 6386 6387
f 6424 6366 6368
f 6430 6396 6400
f 6433 6411 6415
f 6437 6387 6389
f 6474 6419 6418
f 6457 6415 6412
f 6478 6400 6398
f 6438 6368 6369
f 6467 6407 6408
f 6450 6382 6381
f 6446 6371 6373
f 6463 6392 6394
f 6466 6402 6405
f 6473 6408 6409
f 6451 6381 6385
f 6452 6373 6374
f 6475 6394 6393
f 6442 6405 6401
f 6427 6390 6386
f 6423 6367 6366
f 6429 6397 6396
f 6432 6414 6411
f 6435 6420 6416
f 6443 6409 6406
f 6470 6385 6383
f 6455 6374 6375
f 6476 6393 6395
f 6441 6401 6404
f 6461 6384 6382
f 6445 6372 6371
f 6453 6391 6392
f 6465 6403 6402
f 6468 6410 6407
f 6471 6389 6388
f 6458 6418 6417
f 6456 6412 6413
f 6477 6398 6399
f 6440 6369 6370
f 6425 6434 6427
f 6421 6426 6423
f 6422 6424 6429
f 6428 6430 6432
f 6431 6433 6435
f 6436 6437 6443
f 6472 6474 6470
f 6459 6457 6455
f 6480 6478 6476
f 6439 6438 6441
f 6460 6467 6461
f 6447 6450 6445
f 6448 6446 6453
f 6462 6463 6465
f 6464 6466 6468
f 6469 6473 6471
f 6449 6451 6458
f 6454 6452 6456
f 6479 6475 6477
f 6444 6442 6440
f 6481 6527 6524
f 6481 6524 6523
f 6481 6523 6525
f 6481 6525 6526
f 6481 6526 6527
f 6482 6529 6532
f 6486 6552 6550
f 6492 6582 6579
f 6491 6576 6575
f 6488 6559 6561
f 6484 6542 6539
f 6484 6539 6538
f 6484 6538 6540
f 6484 6540 6541
f 6484 6541 6542
f 6485 6546 6545
f 6483 6534 6537
f 6487 6553 6557
f 6489 6565 6566
f 6490 6572 6568
f 6492 6581 6578
f 6486 6549 6548
f 6482 6530 6528
f 6488 6562 6558
f 6491 6577 6573
f 6486 6551 6549
f 6492 6580 6581
f 6491 6574 6577
f 6488 6560 6562
f 6482 6531 6530
f 6490 6570 6569
f 6485 6543 6544
f 6483 6535 6533
f 6487 6556 6554
f 6489 6567 6564
f 6490 6571 6570
f 6485 6547 6543
f 6483 6536 6535
f 6487 6555 6556
f 6489 6563 6567
f 6486 6548 6552
f 6482 6528 6529
f 6488 6558 6559
f 6491 6573 6576
f 6492 6578 6582
f 6490 6568 6571
f 6485 6545 6547
f 6483 6537 6536
f 6487 6557 6555
f 6489 6566 6563
f 6485 6544 6546
f 6483 6533 6534
f 6487 6554 6553
f 6489 6564 6565
f 6490 6569 6572
f 6486 6550 6551
f 6492 6579 6580
f 6491 6575 6574
f 6488 6561 6560
f 6482 6532 6531
f 6515 6589 6596
f 6498 6585 6588
f 6499 6591 6586
f 6520 6594 6592
f 6522 6597 6595
f 6514 6605 6599
f 6513 6632 6636
f 6505 6617 6619
f 6516 6638 6640
f 6500 6603 6600
f 6512 6623 6629
f 6503 6607 6612
f 6504 6615 6608
f 6517 6627 6625
f 6521 6630 6628
f 6514 6633 6635
f 6513 6620 6613
f 6505 6618 6614
f 6516 6639 6637
f 6500 6602 6604
f 6497 6587 6527
f 6494 6583 6524
f 6493 6584 6523
f 6495 6590 6525
f 6496 6593 6526
f 6498 6598 6529
f 6515 6634 6552
f 6522 6621 6582
f 6520 6642 6576
f 6499 6601 6559
f 6510 6622 6542
f 6507 6609 6539
f 6502 6610 6538
f 6508 6624 6540
f 6509 6626 6541
f 6512 6631 6546
f 6503 6611 6534
f 6504 6616 6553
f 6517 6641 6565
f 6521 6606 6572
f 6515 6596 6581
f 6498 6588 6549
f 6499 6586 6530
f 6520 6592 6562
f 6522 6595 6577
f 6514 6599 6551
f 6513 6636 6580
f 6505 6619 6574
f 6516 6640 6560
f 6500 6600 6531
f 6512 6629 6570
f 6503 6612 6543
f 6504 6608 6535
f 6517 6625 6556
f 6521 6628 6567
f 6514 6635 6571
f 6513 6613 6547
f 6505 6614 6536
f 6516 6637 6555
f 6500 6604 6563
f 6494 6589 6548
f 6493 6585 6528
f 6495 6591 6558
f 6496 6594 6573
f 6497 6597 6578
f 6501 6605 6568
f 6511 6632 6545
f 6506 6617 6537
f 6518 6638 6557
f 6519 6603 6566
f 6507 6623 6544
f 6502 6607 6533
f 6508 6615 6554
f 6509 6627 6564
f 6510 6630 6569
f 6511 6633 6550
f 6506 6620 6579
f 6518 6618 6575
f 6519 6639 6561
f 6501 6602 6532
f 6494 6587 6589
f 6493 6583 6585
f 6495 6584 6591
f 6496 6590 6594
f 6497 6593 6597
f 6501 6598 6605
f 6511 6634 6632
f 6506 6621 6617
f 6518 6642 6638
f 6519 6601 6603
f 6507 6622 6623
f 6502 6609 6607
f 6508 6610 6615
f 6509 6624 6627
f 6510 6626 6630
f 6511 6631 6633
f 6506 6611 6620
f 6518 6616 6618
f 6519 6641 6639
f 6501 6606 6602
f 6494 6524 6587
f 6493 6523 6583
f 6495 6525 6584
f 6496 6526 6590
f 6497 6527 6593
f 6501 6532 6598
f 6511 6550 6634
f 6506 6579 6621
f 6518 6575 6642
f 6519 6561 6601
f 6507 6539 6622
f 6502 6538 6609
f 6508 6540 6610
f 6509 6541 6624
f 6510 6542 6626
f 6511 6545 6631
f 6506 6537 6611
f 6518 6557 6616
f 6519 6566 6641
f 6501 6568 6606
f 6497 6578 6596
f 6494 6548 6588
f 6493 6528 6586
f 6495 6558 6592
f 6496 6573 6595
f 6498 6549 6599
f 6515 6581 6636
f 6522 6577 6619
f 6520 6562 6640
f 6499 6530 6600
f 6510 6569 6629
f 6507 6544 6612
f 6502 6533 6608
f 6508 6554 6625
f 6509 6564 6628
f 6512 6570 6635
f 6503 6543 6613
f 6504 6535 6614
f 6517 6556 6637
f 6521 6567 6604
f 6515 6552 6589
f 6498 6529 6585
f 6499 6559 6591
f 6520 6576 6594
f 6522 6582 6597
f 6514 6571 6605
f 6513 6547 6632
f 6505 6536 6617
f 6516 6555 6638
f 6500 6563 6603
f 6512 6546 6623
f 6503 6534 6607
f 6504 6553 6615
f 6517 6565 6627
f 6521 6572 6630
f 6514 6551 6633
f 6513 6580 6620
f 6505 6574 6618
f 6516 6560 6639
f 6500 6531 6602
f 6497 6596 6587
f 6494 6588 6583
f 6493 6586 6584
f 6495 6592 6590
f 6496 6595 6593
f 6498 6599 6598
f 6515 6636 6634
f 6522 6619 6621
f 6520 6640 6642
f 6499 6600 6601
f 6510 6629 6622
f 6507 6612 6609
f 6502 6608 6610
f 6508 6625 6624
f 6509 6628 6626
f 6512 6635 6631
f 6503 6613 6611
f 6504 6614 6616
f 6517 6637 6641
f 6521 6604 6606
f 6587 6524 6527
f 6583 6523 6524
f 6584 6525 6523
f 6590 6526 6525
f 6593 6527 6526
f 6598 6532 6529
f 6634 6550 6552
f 6621 6579 6582
f 6642 6575 6576
f 6601 6561 6559
f 6622 6539 6542
f 6609 6538 6539
f 6610 6540 6538
f 6624 6541 6540
f 6626 6542 6541
f 6631 6545 6546
f 6611 6537 6534
f 6616 6557 6553
f 6641 6566 6565
f 6606 6568 6572
f 6596 6578 6581
f 6588 6548 6549
f 6586 6528 6530
f 6592 6558 6562
f 6595 6573 6577
f 6599 6549 6551
f 6636 6581 6580
f 6619 6577 6574
f 6640 6562 6560
f 6600 6530 6531
f 6629 6569 6570
f 6612 6544 6543
f 6608 6533 6535
f 6625 6554 6556
f 6628 6564 6567
f 6635 6570 6571
f 6613 6543 6547
f 6614 6535 6536
f 6637 6556 6555
f 6604 6567 6563
f 6589 6552 6548
f 6585 6529 6528
f 6591 6559 6558
f 6594 6576 6573
f 6597 6582 6578
f 6605 6571 6568
f 6632 6547 6545
f 6617 6536 6537
f 6638 6555 6557
f 6603 6563 6566
f 6623 6546 6544
f 6607 6534 6533
f 6615 6553 6554
f 6627 6565 6564
f 6630 6572 6569
f 6633 6551 6550
f 6620 6580 6579
f 6618 6574 6575
f 6639 6560 6561
f 6602 6531 6532
f 6587 6596 6589
f 6583 6588 6585
f 6584 6586 6591
f 6590 6592 6594
f 6593 6595 6597
f 6598 6599 6605
f 6634 6636 6632
f 6621 6619 6617
f 6642 6640 6638
f 6601 6600 6603
f 6622 6629 6623
f 6609 6612 6607
f 6610 6608 6615
f 6624 6625 6627
f 6626 6628 6630
f 6631 6635 6633
f 6611 6613 6620
f 6616 6614 6618
f 6641 6637 6639
f 6606 6604 6602

